Species,Scientific Name,UTC Date,Local Date,Local Time,Score,Count
American Robin,Turdus migratorius,2026-04-27T23:59:38Z,27-Apr-2026,19:59:38,0.8157,1
American Robin,Turdus migratorius,2026-04-27T23:37:57Z,27-Apr-2026,19:37:57,0.8,3
American Robin,Turdus migratorius,2026-04-27T23:36:54Z,27-Apr-2026,19:36:54,0.898,10
American Robin,Turdus migratorius,2026-04-27T23:36:51Z,27-Apr-2026,19:36:51,0.51,1
American Robin,Turdus migratorius,2026-04-27T23:35:58Z,27-Apr-2026,19:35:58,0.27,1
American Robin,Turdus migratorius,2026-04-27T23:35:49Z,27-Apr-2026,19:35:49,0.8157,1
American Robin,Turdus migratorius,2026-04-27T23:21:09Z,27-Apr-2026,19:21:09,0.8,2
American Robin,Turdus migratorius,2026-04-27T23:19:29Z,27-Apr-2026,19:19:29,0.7804,2
Song Sparrow,Melospiza melodia,2026-04-27T23:17:43Z,27-Apr-2026,19:17:43,0.8157,1
American Robin,Turdus migratorius,2026-04-27T23:17:03Z,27-Apr-2026,19:17:03,0.7804,1
American Robin,Turdus migratorius,2026-04-27T23:12:48Z,27-Apr-2026,19:12:48,0.8471,1
White-breasted Nuthatch,Sitta carolinensis,2026-04-27T23:04:15Z,27-Apr-2026,19:04:15,0.56,1
White-breasted Nuthatch,Sitta carolinensis,2026-04-27T23:04:08Z,27-Apr-2026,19:04:08,0.4,1
White-breasted Nuthatch,Sitta carolinensis,2026-04-27T23:04:01Z,27-Apr-2026,19:04:01,0.33,1
White-breasted Nuthatch,Sitta carolinensis,2026-04-27T23:03:21Z,27-Apr-2026,19:03:21,0.43,1
White-breasted Nuthatch,Sitta carolinensis,2026-04-27T23:03:15Z,27-Apr-2026,19:03:15,0.52,1
Song Sparrow,Melospiza melodia,2026-04-27T23:02:36Z,27-Apr-2026,19:02:36,0.8,1
Northern Flicker,Colaptes auratus,2026-04-27T22:58:22Z,27-Apr-2026,18:58:22,0.46,1
American Robin,Turdus migratorius,2026-04-27T22:54:28Z,27-Apr-2026,18:54:28,0.8745,1
Downy Woodpecker,Dryobates pubescens,2026-04-27T22:49:17Z,27-Apr-2026,18:49:17,0.8863,1
American Robin,Turdus migratorius,2026-04-27T22:48:58Z,27-Apr-2026,18:48:58,0.67,1
Black-capped Chickadee,Poecile atricapillus,2026-04-27T22:48:26Z,27-Apr-2026,18:48:26,0.28,1
Black-capped Chickadee,Poecile atricapillus,2026-04-27T22:48:23Z,27-Apr-2026,18:48:23,0.949,2
Black-capped Chickadee,Poecile atricapillus,2026-04-27T22:47:05Z,27-Apr-2026,18:47:05,0.8,5
Black-capped Chickadee,Poecile atricapillus,2026-04-27T22:46:04Z,27-Apr-2026,18:46:04,0.8627,5
Black-capped Chickadee,Poecile atricapillus,2026-04-27T22:45:57Z,27-Apr-2026,18:45:57,0.62,1
Black-capped Chickadee,Poecile atricapillus,2026-04-27T22:45:22Z,27-Apr-2026,18:45:22,0.33,1
Black-capped Chickadee,Poecile atricapillus,2026-04-27T22:44:05Z,27-Apr-2026,18:44:05,0.27,1
Black-capped Chickadee,Poecile atricapillus,2026-04-27T22:41:42Z,27-Apr-2026,18:41:42,0.48,1
Black-capped Chickadee,Poecile atricapillus,2026-04-27T22:41:36Z,27-Apr-2026,18:41:36,0.9843,4
Black-capped Chickadee,Poecile atricapillus,2026-04-27T22:41:33Z,27-Apr-2026,18:41:33,0.46,1
Chipping Sparrow,Spizella passerina,2026-04-27T22:40:15Z,27-Apr-2026,18:40:15,0.35,1
Black-capped Chickadee,Poecile atricapillus,2026-04-27T22:39:49Z,27-Apr-2026,18:39:49,0.8314,1
Northern Flicker,Colaptes auratus,2026-04-27T22:38:02Z,27-Apr-2026,18:38:02,0.83,1
Black-capped Chickadee,Poecile atricapillus,2026-04-27T22:36:43Z,27-Apr-2026,18:36:43,0.6,1
Black-backed Woodpecker,Picoides arcticus,2026-04-27T22:27:54Z,27-Apr-2026,18:27:54,0.91,1
Brown-headed Cowbird,Molothrus ater,2026-04-27T22:25:53Z,27-Apr-2026,18:25:53,0.61,1
Brown-headed Cowbird,Molothrus ater,2026-04-27T22:25:47Z,27-Apr-2026,18:25:47,0.89,1
Chipping Sparrow,Spizella passerina,2026-04-27T22:25:22Z,27-Apr-2026,18:25:22,0.31,1
Chipping Sparrow,Spizella passerina,2026-04-27T22:25:15Z,27-Apr-2026,18:25:15,0.44,1
Chipping Sparrow,Spizella passerina,2026-04-27T22:25:06Z,27-Apr-2026,18:25:06,0.45,1
American Crow,Corvus brachyrhynchos,2026-04-27T22:16:42Z,27-Apr-2026,18:16:42,0.7804,3
Black-capped Chickadee,Poecile atricapillus,2026-04-27T22:16:03Z,27-Apr-2026,18:16:03,0.26,1
Black-capped Chickadee,Poecile atricapillus,2026-04-27T22:15:51Z,27-Apr-2026,18:15:51,0.27,1
American Crow,Corvus brachyrhynchos,2026-04-27T22:15:16Z,27-Apr-2026,18:15:16,0.7804,1
Black-capped Chickadee,Poecile atricapillus,2026-04-27T22:14:54Z,27-Apr-2026,18:14:54,0.8627,1
Red-shouldered Hawk,Buteo lineatus,2026-04-27T22:13:28Z,27-Apr-2026,18:13:28,0.29,1
Chipping Sparrow,Spizella passerina,2026-04-27T22:11:53Z,27-Apr-2026,18:11:53,0.31,1
Chipping Sparrow,Spizella passerina,2026-04-27T22:11:09Z,27-Apr-2026,18:11:09,0.27,1
Chipping Sparrow,Spizella passerina,2026-04-27T22:07:24Z,27-Apr-2026,18:07:24,0.37,1
American Robin,Turdus migratorius,2026-04-27T22:05:25Z,27-Apr-2026,18:05:25,0.37,1
American Robin,Turdus migratorius,2026-04-27T22:04:25Z,27-Apr-2026,18:04:25,0.7804,1
Chipping Sparrow,Spizella passerina,2026-04-27T22:00:54Z,27-Apr-2026,18:00:54,0.47,1
White-breasted Nuthatch,Sitta carolinensis,2026-04-27T21:59:05Z,27-Apr-2026,17:59:05,0.42,1
American Goldfinch,Spinus tristis,2026-04-27T21:53:24Z,27-Apr-2026,17:53:24,0.8314,1
Tufted Titmouse,Baeolophus bicolor,2026-04-27T21:46:18Z,27-Apr-2026,17:46:18,0.8471,1
American Tree Sparrow,Spizelloides arborea,2026-04-27T21:43:30Z,27-Apr-2026,17:43:30,0.45,1
American Goldfinch,Spinus tristis,2026-04-27T21:40:06Z,27-Apr-2026,17:40:06,0.8157,1
American Goldfinch,Spinus tristis,2026-04-27T21:32:57Z,27-Apr-2026,17:32:57,0.8745,1
American Goldfinch,Spinus tristis,2026-04-27T21:23:24Z,27-Apr-2026,17:23:24,0.8,1
American Robin,Turdus migratorius,2026-04-27T21:21:38Z,27-Apr-2026,17:21:38,0.8,1
Northern Flicker,Colaptes auratus,2026-04-27T21:20:18Z,27-Apr-2026,17:20:18,0.26,1
American Robin,Turdus migratorius,2026-04-27T21:15:42Z,27-Apr-2026,17:15:42,0.8314,1
Northern Flicker,Colaptes auratus,2026-04-27T20:50:13Z,27-Apr-2026,16:50:13,0.46,1
Northern Flicker,Colaptes auratus,2026-04-27T20:50:07Z,27-Apr-2026,16:50:07,0.28,1
Northern Flicker,Colaptes auratus,2026-04-27T20:50:00Z,27-Apr-2026,16:50:00,0.32,1
Northern Flicker,Colaptes auratus,2026-04-27T20:49:13Z,27-Apr-2026,16:49:13,0.37,1
American Robin,Turdus migratorius,2026-04-27T20:47:46Z,27-Apr-2026,16:47:46,0.8314,1
Chipping Sparrow,Spizella passerina,2026-04-27T20:43:18Z,27-Apr-2026,16:43:18,0.46,1
Chipping Sparrow,Spizella passerina,2026-04-27T20:43:00Z,27-Apr-2026,16:43:00,0.49,1
Chipping Sparrow,Spizella passerina,2026-04-27T20:42:38Z,27-Apr-2026,16:42:38,0.64,1
Northern Flicker,Colaptes auratus,2026-04-27T20:41:24Z,27-Apr-2026,16:41:24,0.7,1
Chipping Sparrow,Spizella passerina,2026-04-27T20:40:52Z,27-Apr-2026,16:40:52,0.35,1
Chipping Sparrow,Spizella passerina,2026-04-27T20:40:42Z,27-Apr-2026,16:40:42,0.38,1
Red-bellied Woodpecker,Melanerpes carolinus,2026-04-27T20:39:34Z,27-Apr-2026,16:39:34,0.9569,3
Red-bellied Woodpecker,Melanerpes carolinus,2026-04-27T20:39:15Z,27-Apr-2026,16:39:15,0.34,1
Red-bellied Woodpecker,Melanerpes carolinus,2026-04-27T20:38:27Z,27-Apr-2026,16:38:27,0.8157,1
Red-bellied Woodpecker,Melanerpes carolinus,2026-04-27T20:37:21Z,27-Apr-2026,16:37:21,0.9255,1
Red-bellied Woodpecker,Melanerpes carolinus,2026-04-27T20:36:10Z,27-Apr-2026,16:36:10,0.9176,4
American Goldfinch,Spinus tristis,2026-04-27T20:35:54Z,27-Apr-2026,16:35:54,0.7804,1
Red-bellied Woodpecker,Melanerpes carolinus,2026-04-27T20:34:27Z,27-Apr-2026,16:34:27,0.898,1
Red-bellied Woodpecker,Melanerpes carolinus,2026-04-27T20:32:57Z,27-Apr-2026,16:32:57,0.9882,2
Red-bellied Woodpecker,Melanerpes carolinus,2026-04-27T20:30:57Z,27-Apr-2026,16:30:57,0.9255,3
White-breasted Nuthatch,Sitta carolinensis,2026-04-27T20:28:01Z,27-Apr-2026,16:28:01,0.8,1
White-breasted Nuthatch,Sitta carolinensis,2026-04-27T20:27:55Z,27-Apr-2026,16:27:55,0.62,1
White-breasted Nuthatch,Sitta carolinensis,2026-04-27T20:27:39Z,27-Apr-2026,16:27:39,0.71,1
Red-bellied Woodpecker,Melanerpes carolinus,2026-04-27T20:27:12Z,27-Apr-2026,16:27:12,0.9412,1
American Goldfinch,Spinus tristis,2026-04-27T20:26:35Z,27-Apr-2026,16:26:35,0.35,1
White-breasted Nuthatch,Sitta carolinensis,2026-04-27T20:26:23Z,27-Apr-2026,16:26:23,0.93,1
White-breasted Nuthatch,Sitta carolinensis,2026-04-27T20:26:06Z,27-Apr-2026,16:26:06,0.93,1
Red-bellied Woodpecker,Melanerpes carolinus,2026-04-27T20:25:57Z,27-Apr-2026,16:25:57,0.949,1
White-breasted Nuthatch,Sitta carolinensis,2026-04-27T20:25:54Z,27-Apr-2026,16:25:54,0.71,1
Black-capped Chickadee,Poecile atricapillus,2026-04-27T20:25:36Z,27-Apr-2026,16:25:36,0.7804,1
Northern Flicker,Colaptes auratus,2026-04-27T20:18:57Z,27-Apr-2026,16:18:57,0.29,1
Northern Cardinal,Cardinalis cardinalis,2026-04-27T20:13:38Z,27-Apr-2026,16:13:38,0.8471,1
Northern Cardinal,Cardinalis cardinalis,2026-04-27T20:11:44Z,27-Apr-2026,16:11:44,0.8471,2
Northern Cardinal,Cardinalis cardinalis,2026-04-27T20:09:37Z,27-Apr-2026,16:09:37,0.9647,1
Northern Cardinal,Cardinalis cardinalis,2026-04-27T20:06:02Z,27-Apr-2026,16:06:02,0.8863,1
Northern Cardinal,Cardinalis cardinalis,2026-04-27T20:05:58Z,27-Apr-2026,16:05:58,0.56,1
Northern Cardinal,Cardinalis cardinalis,2026-04-27T20:04:54Z,27-Apr-2026,16:04:54,0.8,1
Northern Cardinal,Cardinalis cardinalis,2026-04-27T20:03:46Z,27-Apr-2026,16:03:46,0.8745,1
White-breasted Nuthatch,Sitta carolinensis,2026-04-27T20:03:24Z,27-Apr-2026,16:03:24,0.9,1
White-breasted Nuthatch,Sitta carolinensis,2026-04-27T20:03:18Z,27-Apr-2026,16:03:18,0.85,1
White-breasted Nuthatch,Sitta carolinensis,2026-04-27T20:03:11Z,27-Apr-2026,16:03:11,0.88,1
White-breasted Nuthatch,Sitta carolinensis,2026-04-27T20:03:04Z,27-Apr-2026,16:03:04,0.36,1
White-breasted Nuthatch,Sitta carolinensis,2026-04-27T20:02:52Z,27-Apr-2026,16:02:52,0.64,1
White-breasted Nuthatch,Sitta carolinensis,2026-04-27T20:02:43Z,27-Apr-2026,16:02:43,0.79,1
White-breasted Nuthatch,Sitta carolinensis,2026-04-27T20:02:36Z,27-Apr-2026,16:02:36,0.89,1
White-breasted Nuthatch,Sitta carolinensis,2026-04-27T20:02:29Z,27-Apr-2026,16:02:29,0.85,1
White-breasted Nuthatch,Sitta carolinensis,2026-04-27T20:02:23Z,27-Apr-2026,16:02:23,0.87,1
Northern Cardinal,Cardinalis cardinalis,2026-04-27T20:02:19Z,27-Apr-2026,16:02:19,0.9098,1
White-breasted Nuthatch,Sitta carolinensis,2026-04-27T20:02:16Z,27-Apr-2026,16:02:16,0.91,1
White-breasted Nuthatch,Sitta carolinensis,2026-04-27T20:02:10Z,27-Apr-2026,16:02:10,0.61,1
White-breasted Nuthatch,Sitta carolinensis,2026-04-27T20:02:03Z,27-Apr-2026,16:02:03,0.67,1
White-breasted Nuthatch,Sitta carolinensis,2026-04-27T20:01:54Z,27-Apr-2026,16:01:54,0.6,1
White-breasted Nuthatch,Sitta carolinensis,2026-04-27T20:01:46Z,27-Apr-2026,16:01:46,0.71,1
White-breasted Nuthatch,Sitta carolinensis,2026-04-27T20:01:40Z,27-Apr-2026,16:01:40,0.54,1
White-breasted Nuthatch,Sitta carolinensis,2026-04-27T20:01:34Z,27-Apr-2026,16:01:34,0.28,1
White-breasted Nuthatch,Sitta carolinensis,2026-04-27T20:01:27Z,27-Apr-2026,16:01:27,0.62,1
White-breasted Nuthatch,Sitta carolinensis,2026-04-27T20:01:21Z,27-Apr-2026,16:01:21,0.84,1
White-breasted Nuthatch,Sitta carolinensis,2026-04-27T20:01:15Z,27-Apr-2026,16:01:15,0.42,1
White-breasted Nuthatch,Sitta carolinensis,2026-04-27T20:01:08Z,27-Apr-2026,16:01:08,0.93,1
White-breasted Nuthatch,Sitta carolinensis,2026-04-27T20:01:02Z,27-Apr-2026,16:01:02,0.9,1
White-breasted Nuthatch,Sitta carolinensis,2026-04-27T20:00:55Z,27-Apr-2026,16:00:55,0.96,1
White-breasted Nuthatch,Sitta carolinensis,2026-04-27T20:00:49Z,27-Apr-2026,16:00:49,0.7,1
White-breasted Nuthatch,Sitta carolinensis,2026-04-27T20:00:40Z,27-Apr-2026,16:00:40,0.74,1
White-breasted Nuthatch,Sitta carolinensis,2026-04-27T20:00:33Z,27-Apr-2026,16:00:33,0.85,1
White-breasted Nuthatch,Sitta carolinensis,2026-04-27T20:00:23Z,27-Apr-2026,16:00:23,0.69,1
White-breasted Nuthatch,Sitta carolinensis,2026-04-27T20:00:17Z,27-Apr-2026,16:00:17,0.62,1
White-breasted Nuthatch,Sitta carolinensis,2026-04-27T20:00:11Z,27-Apr-2026,16:00:11,0.41,1
White-breasted Nuthatch,Sitta carolinensis,2026-04-27T20:00:04Z,27-Apr-2026,16:00:04,0.33,1
White-breasted Nuthatch,Sitta carolinensis,2026-04-27T19:59:54Z,27-Apr-2026,15:59:54,0.8,1
White-breasted Nuthatch,Sitta carolinensis,2026-04-27T19:59:47Z,27-Apr-2026,15:59:47,0.59,1
White-breasted Nuthatch,Sitta carolinensis,2026-04-27T19:59:41Z,27-Apr-2026,15:59:41,0.9,1
White-breasted Nuthatch,Sitta carolinensis,2026-04-27T19:59:34Z,27-Apr-2026,15:59:34,0.54,1
White-breasted Nuthatch,Sitta carolinensis,2026-04-27T19:59:22Z,27-Apr-2026,15:59:22,0.3,1
White-breasted Nuthatch,Sitta carolinensis,2026-04-27T19:59:15Z,27-Apr-2026,15:59:15,0.88,1
White-breasted Nuthatch,Sitta carolinensis,2026-04-27T19:58:58Z,27-Apr-2026,15:58:58,0.73,1
White-breasted Nuthatch,Sitta carolinensis,2026-04-27T19:58:52Z,27-Apr-2026,15:58:52,0.84,1
White-breasted Nuthatch,Sitta carolinensis,2026-04-27T19:58:46Z,27-Apr-2026,15:58:46,0.92,1
White-breasted Nuthatch,Sitta carolinensis,2026-04-27T19:58:39Z,27-Apr-2026,15:58:39,0.83,1
White-breasted Nuthatch,Sitta carolinensis,2026-04-27T19:58:33Z,27-Apr-2026,15:58:33,0.81,1
White-breasted Nuthatch,Sitta carolinensis,2026-04-27T19:58:27Z,27-Apr-2026,15:58:27,0.7,1
White-breasted Nuthatch,Sitta carolinensis,2026-04-27T19:58:20Z,27-Apr-2026,15:58:20,0.69,1
White-breasted Nuthatch,Sitta carolinensis,2026-04-27T19:58:14Z,27-Apr-2026,15:58:14,0.46,1
White-breasted Nuthatch,Sitta carolinensis,2026-04-27T19:58:07Z,27-Apr-2026,15:58:07,0.91,1
White-breasted Nuthatch,Sitta carolinensis,2026-04-27T19:58:01Z,27-Apr-2026,15:58:01,0.95,1
White-breasted Nuthatch,Sitta carolinensis,2026-04-27T19:57:48Z,27-Apr-2026,15:57:48,0.72,1
White-breasted Nuthatch,Sitta carolinensis,2026-04-27T19:57:41Z,27-Apr-2026,15:57:41,0.73,1
White-breasted Nuthatch,Sitta carolinensis,2026-04-27T19:57:34Z,27-Apr-2026,15:57:34,0.84,1
White-breasted Nuthatch,Sitta carolinensis,2026-04-27T19:57:28Z,27-Apr-2026,15:57:28,0.58,1
White-breasted Nuthatch,Sitta carolinensis,2026-04-27T19:57:22Z,27-Apr-2026,15:57:22,0.6,1
White-breasted Nuthatch,Sitta carolinensis,2026-04-27T19:57:15Z,27-Apr-2026,15:57:15,0.67,1
White-breasted Nuthatch,Sitta carolinensis,2026-04-27T19:57:09Z,27-Apr-2026,15:57:09,0.93,1
White-breasted Nuthatch,Sitta carolinensis,2026-04-27T19:57:02Z,27-Apr-2026,15:57:02,0.79,1
White-breasted Nuthatch,Sitta carolinensis,2026-04-27T19:56:56Z,27-Apr-2026,15:56:56,0.87,1
White-breasted Nuthatch,Sitta carolinensis,2026-04-27T19:56:49Z,27-Apr-2026,15:56:49,0.7,1
White-breasted Nuthatch,Sitta carolinensis,2026-04-27T19:56:43Z,27-Apr-2026,15:56:43,0.84,1
White-breasted Nuthatch,Sitta carolinensis,2026-04-27T19:56:37Z,27-Apr-2026,15:56:37,0.72,1
White-breasted Nuthatch,Sitta carolinensis,2026-04-27T19:56:24Z,27-Apr-2026,15:56:24,0.34,1
White-breasted Nuthatch,Sitta carolinensis,2026-04-27T19:55:54Z,27-Apr-2026,15:55:54,0.65,1
White-breasted Nuthatch,Sitta carolinensis,2026-04-27T19:55:47Z,27-Apr-2026,15:55:47,0.72,1
White-breasted Nuthatch,Sitta carolinensis,2026-04-27T19:55:41Z,27-Apr-2026,15:55:41,0.9,1
White-breasted Nuthatch,Sitta carolinensis,2026-04-27T19:55:34Z,27-Apr-2026,15:55:34,0.59,1
White-breasted Nuthatch,Sitta carolinensis,2026-04-27T19:55:28Z,27-Apr-2026,15:55:28,0.68,1
White-breasted Nuthatch,Sitta carolinensis,2026-04-27T19:55:22Z,27-Apr-2026,15:55:22,0.49,1
White-breasted Nuthatch,Sitta carolinensis,2026-04-27T19:55:15Z,27-Apr-2026,15:55:15,0.68,1
Northern Flicker,Colaptes auratus,2026-04-27T19:55:07Z,27-Apr-2026,15:55:07,0.49,1
Northern Flicker,Colaptes auratus,2026-04-27T19:55:01Z,27-Apr-2026,15:55:01,0.43,1
White-breasted Nuthatch,Sitta carolinensis,2026-04-27T19:54:55Z,27-Apr-2026,15:54:55,0.7,1
White-breasted Nuthatch,Sitta carolinensis,2026-04-27T19:54:48Z,27-Apr-2026,15:54:48,0.4,1
Northern Flicker,Colaptes auratus,2026-04-27T19:54:31Z,27-Apr-2026,15:54:31,0.72,1
Northern Flicker,Colaptes auratus,2026-04-27T19:54:09Z,27-Apr-2026,15:54:09,0.35,1
White-breasted Nuthatch,Sitta carolinensis,2026-04-27T19:53:37Z,27-Apr-2026,15:53:37,0.74,1
White-breasted Nuthatch,Sitta carolinensis,2026-04-27T19:53:28Z,27-Apr-2026,15:53:28,0.55,1
White-breasted Nuthatch,Sitta carolinensis,2026-04-27T19:53:22Z,27-Apr-2026,15:53:22,0.82,1
White-breasted Nuthatch,Sitta carolinensis,2026-04-27T19:53:16Z,27-Apr-2026,15:53:16,0.52,1
Northern Flicker,Colaptes auratus,2026-04-27T19:53:09Z,27-Apr-2026,15:53:09,0.67,1
White-breasted Nuthatch,Sitta carolinensis,2026-04-27T19:53:02Z,27-Apr-2026,15:53:02,0.87,1
White-breasted Nuthatch,Sitta carolinensis,2026-04-27T19:52:43Z,27-Apr-2026,15:52:43,0.8,1
White-breasted Nuthatch,Sitta carolinensis,2026-04-27T19:52:37Z,27-Apr-2026,15:52:37,0.35,1
White-breasted Nuthatch,Sitta carolinensis,2026-04-27T19:52:27Z,27-Apr-2026,15:52:27,0.28,1
White-breasted Nuthatch,Sitta carolinensis,2026-04-27T19:52:20Z,27-Apr-2026,15:52:20,0.94,1
Northern Flicker,Colaptes auratus,2026-04-27T19:51:54Z,27-Apr-2026,15:51:54,0.38,1
White-breasted Nuthatch,Sitta carolinensis,2026-04-27T19:51:42Z,27-Apr-2026,15:51:42,0.94,1
White-breasted Nuthatch,Sitta carolinensis,2026-04-27T19:51:27Z,27-Apr-2026,15:51:27,0.63,1
Northern Flicker,Colaptes auratus,2026-04-27T19:50:01Z,27-Apr-2026,15:50:01,0.44,1
Northern Flicker,Colaptes auratus,2026-04-27T19:49:23Z,27-Apr-2026,15:49:23,0.53,1
Northern Flicker,Colaptes auratus,2026-04-27T19:49:16Z,27-Apr-2026,15:49:16,0.53,1
Northern Flicker,Colaptes auratus,2026-04-27T19:49:10Z,27-Apr-2026,15:49:10,0.75,1
Northern Flicker,Colaptes auratus,2026-04-27T19:48:25Z,27-Apr-2026,15:48:25,0.33,1
White-breasted Nuthatch,Sitta carolinensis,2026-04-27T19:47:30Z,27-Apr-2026,15:47:30,0.43,1
White-breasted Nuthatch,Sitta carolinensis,2026-04-27T19:47:23Z,27-Apr-2026,15:47:23,0.87,1
White-breasted Nuthatch,Sitta carolinensis,2026-04-27T19:47:17Z,27-Apr-2026,15:47:17,0.84,1
White-breasted Nuthatch,Sitta carolinensis,2026-04-27T19:47:10Z,27-Apr-2026,15:47:10,0.68,1
White-breasted Nuthatch,Sitta carolinensis,2026-04-27T19:47:04Z,27-Apr-2026,15:47:04,0.86,1
White-breasted Nuthatch,Sitta carolinensis,2026-04-27T19:46:57Z,27-Apr-2026,15:46:57,0.71,1
Tree Swallow,Tachycineta bicolor,2026-04-27T19:43:14Z,27-Apr-2026,15:43:14,0.83,1
American Robin,Turdus migratorius,2026-04-27T19:41:14Z,27-Apr-2026,15:41:14,0.8157,1
American Robin,Turdus migratorius,2026-04-27T19:41:04Z,27-Apr-2026,15:41:04,0.26,1
Northern Cardinal,Cardinalis cardinalis,2026-04-27T19:39:56Z,27-Apr-2026,15:39:56,0.8627,6
Northern Cardinal,Cardinalis cardinalis,2026-04-27T19:38:48Z,27-Apr-2026,15:38:48,0.8314,1
Northern Cardinal,Cardinalis cardinalis,2026-04-27T19:37:07Z,27-Apr-2026,15:37:07,0.8471,1
Blue Jay,Cyanocitta cristata,2026-04-27T19:34:13Z,27-Apr-2026,15:34:13,0.8,1
Chipping Sparrow,Spizella passerina,2026-04-27T19:34:09Z,27-Apr-2026,15:34:09,0.41,1
Chipping Sparrow,Spizella passerina,2026-04-27T19:33:49Z,27-Apr-2026,15:33:49,0.5,1
Chipping Sparrow,Spizella passerina,2026-04-27T19:33:33Z,27-Apr-2026,15:33:33,0.3,1
Chipping Sparrow,Spizella passerina,2026-04-27T19:33:18Z,27-Apr-2026,15:33:18,0.71,1
Chipping Sparrow,Spizella passerina,2026-04-27T19:33:00Z,27-Apr-2026,15:33:00,0.44,1
Chipping Sparrow,Spizella passerina,2026-04-27T19:32:45Z,27-Apr-2026,15:32:45,0.68,1
Chipping Sparrow,Spizella passerina,2026-04-27T19:32:35Z,27-Apr-2026,15:32:35,0.34,1
Chipping Sparrow,Spizella passerina,2026-04-27T19:32:13Z,27-Apr-2026,15:32:13,0.68,1
Blue Jay,Cyanocitta cristata,2026-04-27T19:32:06Z,27-Apr-2026,15:32:06,0.8157,1
Chipping Sparrow,Spizella passerina,2026-04-27T19:31:58Z,27-Apr-2026,15:31:58,0.43,1
Chipping Sparrow,Spizella passerina,2026-04-27T19:31:10Z,27-Apr-2026,15:31:10,0.49,1
Chipping Sparrow,Spizella passerina,2026-04-27T19:30:58Z,27-Apr-2026,15:30:58,0.64,1
Chipping Sparrow,Spizella passerina,2026-04-27T19:30:36Z,27-Apr-2026,15:30:36,0.39,1
Chipping Sparrow,Spizella passerina,2026-04-27T19:30:24Z,27-Apr-2026,15:30:24,0.44,1
Chipping Sparrow,Spizella passerina,2026-04-27T19:29:59Z,27-Apr-2026,15:29:59,0.36,1
Chipping Sparrow,Spizella passerina,2026-04-27T19:29:28Z,27-Apr-2026,15:29:28,0.31,1
Chipping Sparrow,Spizella passerina,2026-04-27T19:29:13Z,27-Apr-2026,15:29:13,0.41,1
Chipping Sparrow,Spizella passerina,2026-04-27T19:27:48Z,27-Apr-2026,15:27:48,0.71,1
Chipping Sparrow,Spizella passerina,2026-04-27T19:27:36Z,27-Apr-2026,15:27:36,0.35,1
Chipping Sparrow,Spizella passerina,2026-04-27T19:26:42Z,27-Apr-2026,15:26:42,0.33,1
Chipping Sparrow,Spizella passerina,2026-04-27T19:26:09Z,27-Apr-2026,15:26:09,0.61,1
Chipping Sparrow,Spizella passerina,2026-04-27T19:25:03Z,27-Apr-2026,15:25:03,0.27,1
Chipping Sparrow,Spizella passerina,2026-04-27T19:24:37Z,27-Apr-2026,15:24:37,0.28,1
Chipping Sparrow,Spizella passerina,2026-04-27T19:24:25Z,27-Apr-2026,15:24:25,0.5,1
Chipping Sparrow,Spizella passerina,2026-04-27T19:24:01Z,27-Apr-2026,15:24:01,0.58,1
Chipping Sparrow,Spizella passerina,2026-04-27T19:23:36Z,27-Apr-2026,15:23:36,0.31,1
Chipping Sparrow,Spizella passerina,2026-04-27T19:23:21Z,27-Apr-2026,15:23:21,0.28,1
Chipping Sparrow,Spizella passerina,2026-04-27T19:23:08Z,27-Apr-2026,15:23:08,0.51,1
Chipping Sparrow,Spizella passerina,2026-04-27T19:22:52Z,27-Apr-2026,15:22:52,0.3,1
Chipping Sparrow,Spizella passerina,2026-04-27T19:22:43Z,27-Apr-2026,15:22:43,0.28,1
Chipping Sparrow,Spizella passerina,2026-04-27T19:22:17Z,27-Apr-2026,15:22:17,0.27,1
Chipping Sparrow,Spizella passerina,2026-04-27T19:21:57Z,27-Apr-2026,15:21:57,0.34,1
Chipping Sparrow,Spizella passerina,2026-04-27T19:21:47Z,27-Apr-2026,15:21:47,0.32,1
Chipping Sparrow,Spizella passerina,2026-04-27T19:21:12Z,27-Apr-2026,15:21:12,0.37,1
Northern Cardinal,Cardinalis cardinalis,2026-04-27T19:20:25Z,27-Apr-2026,15:20:25,0.9176,1
Chipping Sparrow,Spizella passerina,2026-04-27T19:17:33Z,27-Apr-2026,15:17:33,0.56,1
Chipping Sparrow,Spizella passerina,2026-04-27T19:17:16Z,27-Apr-2026,15:17:16,0.29,1
Northern Cardinal,Cardinalis cardinalis,2026-04-27T19:01:37Z,27-Apr-2026,15:01:37,0.8745,1
Chipping Sparrow,Spizella passerina,2026-04-27T19:00:58Z,27-Apr-2026,15:00:58,0.26,1
American Robin,Turdus migratorius,2026-04-27T18:57:06Z,27-Apr-2026,14:57:06,0.55,1
American Robin,Turdus migratorius,2026-04-27T18:57:00Z,27-Apr-2026,14:57:00,0.57,1
American Robin,Turdus migratorius,2026-04-27T18:56:57Z,27-Apr-2026,14:56:57,0.7804,1
American Robin,Turdus migratorius,2026-04-27T18:54:54Z,27-Apr-2026,14:54:54,0.8863,1
White-breasted Nuthatch,Sitta carolinensis,2026-04-27T18:53:54Z,27-Apr-2026,14:53:54,0.7,1
White-breasted Nuthatch,Sitta carolinensis,2026-04-27T18:53:48Z,27-Apr-2026,14:53:48,0.79,1
White-breasted Nuthatch,Sitta carolinensis,2026-04-27T18:53:39Z,27-Apr-2026,14:53:39,0.5,1
White-breasted Nuthatch,Sitta carolinensis,2026-04-27T18:53:17Z,27-Apr-2026,14:53:17,0.26,1
White-breasted Nuthatch,Sitta carolinensis,2026-04-27T18:53:11Z,27-Apr-2026,14:53:11,0.79,1
White-breasted Nuthatch,Sitta carolinensis,2026-04-27T18:53:04Z,27-Apr-2026,14:53:04,0.92,1
White-breasted Nuthatch,Sitta carolinensis,2026-04-27T18:52:57Z,27-Apr-2026,14:52:57,0.75,1
Downy Woodpecker,Dryobates pubescens,2026-04-27T18:52:51Z,27-Apr-2026,14:52:51,0.949,1
White-breasted Nuthatch,Sitta carolinensis,2026-04-27T18:52:48Z,27-Apr-2026,14:52:48,0.87,1
White-breasted Nuthatch,Sitta carolinensis,2026-04-27T18:52:42Z,27-Apr-2026,14:52:42,0.94,1
White-breasted Nuthatch,Sitta carolinensis,2026-04-27T18:52:32Z,27-Apr-2026,14:52:32,0.97,1
White-breasted Nuthatch,Sitta carolinensis,2026-04-27T18:52:26Z,27-Apr-2026,14:52:26,0.93,1
White-breasted Nuthatch,Sitta carolinensis,2026-04-27T18:52:19Z,27-Apr-2026,14:52:19,0.84,1
White-breasted Nuthatch,Sitta carolinensis,2026-04-27T18:52:13Z,27-Apr-2026,14:52:13,0.83,1
White-breasted Nuthatch,Sitta carolinensis,2026-04-27T18:52:07Z,27-Apr-2026,14:52:07,0.65,1
White-breasted Nuthatch,Sitta carolinensis,2026-04-27T18:52:00Z,27-Apr-2026,14:52:00,0.53,1
White-breasted Nuthatch,Sitta carolinensis,2026-04-27T18:51:48Z,27-Apr-2026,14:51:48,0.75,1
White-breasted Nuthatch,Sitta carolinensis,2026-04-27T18:51:41Z,27-Apr-2026,14:51:41,0.75,1
White-breasted Nuthatch,Sitta carolinensis,2026-04-27T18:51:35Z,27-Apr-2026,14:51:35,0.88,1
Downy Woodpecker,Dryobates pubescens,2026-04-27T18:51:28Z,27-Apr-2026,14:51:28,0.49,1
White-breasted Nuthatch,Sitta carolinensis,2026-04-27T18:51:22Z,27-Apr-2026,14:51:22,0.89,1
White-breasted Nuthatch,Sitta carolinensis,2026-04-27T18:51:15Z,27-Apr-2026,14:51:15,0.38,1
White-breasted Nuthatch,Sitta carolinensis,2026-04-27T18:51:06Z,27-Apr-2026,14:51:06,0.48,1
White-breasted Nuthatch,Sitta carolinensis,2026-04-27T18:50:59Z,27-Apr-2026,14:50:59,0.77,1
White-breasted Nuthatch,Sitta carolinensis,2026-04-27T18:50:53Z,27-Apr-2026,14:50:53,0.55,1
White-breasted Nuthatch,Sitta carolinensis,2026-04-27T18:50:46Z,27-Apr-2026,14:50:46,0.66,1
White-breasted Nuthatch,Sitta carolinensis,2026-04-27T18:50:40Z,27-Apr-2026,14:50:40,0.26,1
White-breasted Nuthatch,Sitta carolinensis,2026-04-27T18:50:34Z,27-Apr-2026,14:50:34,0.45,1
White-breasted Nuthatch,Sitta carolinensis,2026-04-27T18:50:21Z,27-Apr-2026,14:50:21,0.56,1
White-breasted Nuthatch,Sitta carolinensis,2026-04-27T18:50:15Z,27-Apr-2026,14:50:15,0.69,1
White-breasted Nuthatch,Sitta carolinensis,2026-04-27T18:50:02Z,27-Apr-2026,14:50:02,0.58,1
White-breasted Nuthatch,Sitta carolinensis,2026-04-27T18:49:55Z,27-Apr-2026,14:49:55,0.91,1
White-breasted Nuthatch,Sitta carolinensis,2026-04-27T18:49:49Z,27-Apr-2026,14:49:49,0.91,1
White-breasted Nuthatch,Sitta carolinensis,2026-04-27T18:49:42Z,27-Apr-2026,14:49:42,0.49,1
White-breasted Nuthatch,Sitta carolinensis,2026-04-27T18:49:36Z,27-Apr-2026,14:49:36,0.31,1
White-breasted Nuthatch,Sitta carolinensis,2026-04-27T18:49:30Z,27-Apr-2026,14:49:30,0.5,1
Northern Shrike,Lanius borealis,2026-04-27T18:49:24Z,27-Apr-2026,14:49:24,0.39,1
White-breasted Nuthatch,Sitta carolinensis,2026-04-27T18:49:17Z,27-Apr-2026,14:49:17,0.89,1
White-breasted Nuthatch,Sitta carolinensis,2026-04-27T18:49:11Z,27-Apr-2026,14:49:11,0.79,1
White-breasted Nuthatch,Sitta carolinensis,2026-04-27T18:49:04Z,27-Apr-2026,14:49:04,0.61,1
White-breasted Nuthatch,Sitta carolinensis,2026-04-27T18:48:58Z,27-Apr-2026,14:48:58,0.87,1
White-breasted Nuthatch,Sitta carolinensis,2026-04-27T18:48:51Z,27-Apr-2026,14:48:51,0.5,1
White-breasted Nuthatch,Sitta carolinensis,2026-04-27T18:48:44Z,27-Apr-2026,14:48:44,0.79,1
White-breasted Nuthatch,Sitta carolinensis,2026-04-27T18:48:37Z,27-Apr-2026,14:48:37,0.41,1
White-breasted Nuthatch,Sitta carolinensis,2026-04-27T18:48:22Z,27-Apr-2026,14:48:22,0.79,1
White-breasted Nuthatch,Sitta carolinensis,2026-04-27T18:48:16Z,27-Apr-2026,14:48:16,0.81,1
White-breasted Nuthatch,Sitta carolinensis,2026-04-27T18:48:09Z,27-Apr-2026,14:48:09,0.6,1
White-breasted Nuthatch,Sitta carolinensis,2026-04-27T18:48:03Z,27-Apr-2026,14:48:03,0.7,1
White-breasted Nuthatch,Sitta carolinensis,2026-04-27T18:47:50Z,27-Apr-2026,14:47:50,0.67,1
White-breasted Nuthatch,Sitta carolinensis,2026-04-27T18:47:44Z,27-Apr-2026,14:47:44,0.83,1
White-breasted Nuthatch,Sitta carolinensis,2026-04-27T18:47:37Z,27-Apr-2026,14:47:37,0.9,1
White-breasted Nuthatch,Sitta carolinensis,2026-04-27T18:47:12Z,27-Apr-2026,14:47:12,0.67,1
White-breasted Nuthatch,Sitta carolinensis,2026-04-27T18:47:05Z,27-Apr-2026,14:47:05,0.4,1
White-breasted Nuthatch,Sitta carolinensis,2026-04-27T18:46:56Z,27-Apr-2026,14:46:56,0.61,1
White-breasted Nuthatch,Sitta carolinensis,2026-04-27T18:46:43Z,27-Apr-2026,14:46:43,0.8,1
White-breasted Nuthatch,Sitta carolinensis,2026-04-27T18:46:36Z,27-Apr-2026,14:46:36,0.48,1
White-breasted Nuthatch,Sitta carolinensis,2026-04-27T18:46:29Z,27-Apr-2026,14:46:29,0.31,1
White-breasted Nuthatch,Sitta carolinensis,2026-04-27T18:46:23Z,27-Apr-2026,14:46:23,0.51,1
White-breasted Nuthatch,Sitta carolinensis,2026-04-27T18:45:51Z,27-Apr-2026,14:45:51,0.55,1
Chipping Sparrow,Spizella passerina,2026-04-27T18:45:38Z,27-Apr-2026,14:45:38,0.33,1
White-breasted Nuthatch,Sitta carolinensis,2026-04-27T18:44:58Z,27-Apr-2026,14:44:58,0.58,1
White-breasted Nuthatch,Sitta carolinensis,2026-04-27T18:44:45Z,27-Apr-2026,14:44:45,0.41,1
White-breasted Nuthatch,Sitta carolinensis,2026-04-27T18:44:32Z,27-Apr-2026,14:44:32,0.31,1
White-breasted Nuthatch,Sitta carolinensis,2026-04-27T18:44:25Z,27-Apr-2026,14:44:25,0.45,1
Chipping Sparrow,Spizella passerina,2026-04-27T18:44:15Z,27-Apr-2026,14:44:15,0.39,1
White-breasted Nuthatch,Sitta carolinensis,2026-04-27T18:43:57Z,27-Apr-2026,14:43:57,0.81,1
White-breasted Nuthatch,Sitta carolinensis,2026-04-27T18:43:51Z,27-Apr-2026,14:43:51,0.44,1
White-breasted Nuthatch,Sitta carolinensis,2026-04-27T18:43:38Z,27-Apr-2026,14:43:38,0.28,1
White-breasted Nuthatch,Sitta carolinensis,2026-04-27T18:43:25Z,27-Apr-2026,14:43:25,0.66,1
White-breasted Nuthatch,Sitta carolinensis,2026-04-27T18:43:12Z,27-Apr-2026,14:43:12,0.65,1
White-breasted Nuthatch,Sitta carolinensis,2026-04-27T18:43:06Z,27-Apr-2026,14:43:06,0.47,1
White-breasted Nuthatch,Sitta carolinensis,2026-04-27T18:43:00Z,27-Apr-2026,14:43:00,0.66,1
White-breasted Nuthatch,Sitta carolinensis,2026-04-27T18:42:50Z,27-Apr-2026,14:42:50,0.28,1
White-breasted Nuthatch,Sitta carolinensis,2026-04-27T18:42:31Z,27-Apr-2026,14:42:31,0.52,1
White-breasted Nuthatch,Sitta carolinensis,2026-04-27T18:42:25Z,27-Apr-2026,14:42:25,0.7,1
White-breasted Nuthatch,Sitta carolinensis,2026-04-27T18:42:06Z,27-Apr-2026,14:42:06,0.39,1
White-breasted Nuthatch,Sitta carolinensis,2026-04-27T18:41:40Z,27-Apr-2026,14:41:40,0.56,1
White-breasted Nuthatch,Sitta carolinensis,2026-04-27T18:41:33Z,27-Apr-2026,14:41:33,0.82,1
White-breasted Nuthatch,Sitta carolinensis,2026-04-27T18:41:10Z,27-Apr-2026,14:41:10,0.61,1
White-breasted Nuthatch,Sitta carolinensis,2026-04-27T18:41:03Z,27-Apr-2026,14:41:03,0.7,1
White-breasted Nuthatch,Sitta carolinensis,2026-04-27T18:40:28Z,27-Apr-2026,14:40:28,0.26,1
Black-capped Chickadee,Poecile atricapillus,2026-04-27T18:40:25Z,27-Apr-2026,14:40:25,0.7804,1
Chipping Sparrow,Spizella passerina,2026-04-27T18:40:06Z,27-Apr-2026,14:40:06,0.33,1
White-breasted Nuthatch,Sitta carolinensis,2026-04-27T18:39:52Z,27-Apr-2026,14:39:52,0.3,1
White-breasted Nuthatch,Sitta carolinensis,2026-04-27T18:39:46Z,27-Apr-2026,14:39:46,0.72,1
American Robin,Turdus migratorius,2026-04-27T18:39:36Z,27-Apr-2026,14:39:36,0.8,1
White-breasted Nuthatch,Sitta carolinensis,2026-04-27T18:39:30Z,27-Apr-2026,14:39:30,0.91,1
White-breasted Nuthatch,Sitta carolinensis,2026-04-27T18:39:24Z,27-Apr-2026,14:39:24,0.7,1
American Robin,Turdus migratorius,2026-04-27T18:39:17Z,27-Apr-2026,14:39:17,0.28,1
Chipping Sparrow,Spizella passerina,2026-04-27T18:39:04Z,27-Apr-2026,14:39:04,0.52,1
American Robin,Turdus migratorius,2026-04-27T18:38:34Z,27-Apr-2026,14:38:34,0.7804,3
American Robin,Turdus migratorius,2026-04-27T18:38:28Z,27-Apr-2026,14:38:28,0.39,1
Chipping Sparrow,Spizella passerina,2026-04-27T18:38:22Z,27-Apr-2026,14:38:22,0.38,1
American Robin,Turdus migratorius,2026-04-27T18:38:09Z,27-Apr-2026,14:38:09,0.58,1
American Robin,Turdus migratorius,2026-04-27T18:37:21Z,27-Apr-2026,14:37:21,0.9176,1
American Robin,Turdus migratorius,2026-04-27T18:37:18Z,27-Apr-2026,14:37:18,0.36,1
American Robin,Turdus migratorius,2026-04-27T18:37:05Z,27-Apr-2026,14:37:05,0.31,1
American Robin,Turdus migratorius,2026-04-27T18:36:26Z,27-Apr-2026,14:36:26,0.48,1
White-breasted Nuthatch,Sitta carolinensis,2026-04-27T18:36:07Z,27-Apr-2026,14:36:07,0.64,1
Northern Flicker,Colaptes auratus,2026-04-27T18:36:00Z,27-Apr-2026,14:36:00,0.38,1
American Robin,Turdus migratorius,2026-04-27T18:35:24Z,27-Apr-2026,14:35:24,0.38,1
American Robin,Turdus migratorius,2026-04-27T18:35:12Z,27-Apr-2026,14:35:12,0.8471,1
American Robin,Turdus migratorius,2026-04-27T18:35:05Z,27-Apr-2026,14:35:05,0.45,1
American Robin,Turdus migratorius,2026-04-27T18:34:58Z,27-Apr-2026,14:34:58,0.41,1
American Goldfinch,Spinus tristis,2026-04-27T18:34:44Z,27-Apr-2026,14:34:44,0.29,1
American Goldfinch,Spinus tristis,2026-04-27T18:34:38Z,27-Apr-2026,14:34:38,0.8863,1
American Robin,Turdus migratorius,2026-04-27T18:32:08Z,27-Apr-2026,14:32:08,0.7804,1
American Robin,Turdus migratorius,2026-04-27T18:31:05Z,27-Apr-2026,14:31:05,0.83,1
American Robin,Turdus migratorius,2026-04-27T18:31:01Z,27-Apr-2026,14:31:01,0.8471,2
American Robin,Turdus migratorius,2026-04-27T18:30:49Z,27-Apr-2026,14:30:49,0.47,1
American Robin,Turdus migratorius,2026-04-27T18:30:42Z,27-Apr-2026,14:30:42,0.33,1
American Robin,Turdus migratorius,2026-04-27T18:30:33Z,27-Apr-2026,14:30:33,0.44,1
American Robin,Turdus migratorius,2026-04-27T18:29:21Z,27-Apr-2026,14:29:21,0.7804,1
American Robin,Turdus migratorius,2026-04-27T18:29:03Z,27-Apr-2026,14:29:03,0.36,1
American Goldfinch,Spinus tristis,2026-04-27T18:25:43Z,27-Apr-2026,14:25:43,0.949,1
Chipping Sparrow,Spizella passerina,2026-04-27T18:23:22Z,27-Apr-2026,14:23:22,0.31,1
White-breasted Nuthatch,Sitta carolinensis,2026-04-27T18:23:09Z,27-Apr-2026,14:23:09,0.69,1
Chipping Sparrow,Spizella passerina,2026-04-27T18:23:03Z,27-Apr-2026,14:23:03,0.35,1
Chipping Sparrow,Spizella passerina,2026-04-27T18:22:50Z,27-Apr-2026,14:22:50,0.51,1
Chipping Sparrow,Spizella passerina,2026-04-27T18:22:37Z,27-Apr-2026,14:22:37,0.43,1
White-breasted Nuthatch,Sitta carolinensis,2026-04-27T18:22:18Z,27-Apr-2026,14:22:18,0.37,1
Chipping Sparrow,Spizella passerina,2026-04-27T18:22:12Z,27-Apr-2026,14:22:12,0.33,1
White-breasted Nuthatch,Sitta carolinensis,2026-04-27T18:22:05Z,27-Apr-2026,14:22:05,0.29,1
White-breasted Nuthatch,Sitta carolinensis,2026-04-27T18:21:58Z,27-Apr-2026,14:21:58,0.42,1
White-breasted Nuthatch,Sitta carolinensis,2026-04-27T18:21:39Z,27-Apr-2026,14:21:39,0.4,1
Chipping Sparrow,Spizella passerina,2026-04-27T18:21:19Z,27-Apr-2026,14:21:19,0.58,1
Chipping Sparrow,Spizella passerina,2026-04-27T18:21:10Z,27-Apr-2026,14:21:10,0.35,1
White-breasted Nuthatch,Sitta carolinensis,2026-04-27T18:21:01Z,27-Apr-2026,14:21:01,0.53,1
Chipping Sparrow,Spizella passerina,2026-04-27T18:20:34Z,27-Apr-2026,14:20:34,0.33,1
White-breasted Nuthatch,Sitta carolinensis,2026-04-27T18:20:24Z,27-Apr-2026,14:20:24,0.95,1
White-breasted Nuthatch,Sitta carolinensis,2026-04-27T18:20:15Z,27-Apr-2026,14:20:15,0.74,1
White-breasted Nuthatch,Sitta carolinensis,2026-04-27T18:20:05Z,27-Apr-2026,14:20:05,0.87,1
White-breasted Nuthatch,Sitta carolinensis,2026-04-27T18:19:55Z,27-Apr-2026,14:19:55,0.61,1
White-breasted Nuthatch,Sitta carolinensis,2026-04-27T18:19:49Z,27-Apr-2026,14:19:49,0.94,1
White-breasted Nuthatch,Sitta carolinensis,2026-04-27T18:19:43Z,27-Apr-2026,14:19:43,0.81,1
White-breasted Nuthatch,Sitta carolinensis,2026-04-27T18:19:36Z,27-Apr-2026,14:19:36,0.92,1
White-breasted Nuthatch,Sitta carolinensis,2026-04-27T18:19:24Z,27-Apr-2026,14:19:24,0.89,1
White-breasted Nuthatch,Sitta carolinensis,2026-04-27T18:19:17Z,27-Apr-2026,14:19:17,0.89,1
White-breasted Nuthatch,Sitta carolinensis,2026-04-27T18:19:10Z,27-Apr-2026,14:19:10,0.85,1
White-breasted Nuthatch,Sitta carolinensis,2026-04-27T18:19:04Z,27-Apr-2026,14:19:04,0.66,1
White-breasted Nuthatch,Sitta carolinensis,2026-04-27T18:18:57Z,27-Apr-2026,14:18:57,0.83,1
White-breasted Nuthatch,Sitta carolinensis,2026-04-27T18:18:51Z,27-Apr-2026,14:18:51,0.92,1
White-breasted Nuthatch,Sitta carolinensis,2026-04-27T18:18:45Z,27-Apr-2026,14:18:45,0.88,1
White-breasted Nuthatch,Sitta carolinensis,2026-04-27T18:18:35Z,27-Apr-2026,14:18:35,0.87,1
White-breasted Nuthatch,Sitta carolinensis,2026-04-27T18:18:28Z,27-Apr-2026,14:18:28,0.88,1
White-breasted Nuthatch,Sitta carolinensis,2026-04-27T18:18:22Z,27-Apr-2026,14:18:22,0.96,1
White-breasted Nuthatch,Sitta carolinensis,2026-04-27T18:18:16Z,27-Apr-2026,14:18:16,0.91,1
White-breasted Nuthatch,Sitta carolinensis,2026-04-27T18:18:09Z,27-Apr-2026,14:18:09,0.83,1
White-breasted Nuthatch,Sitta carolinensis,2026-04-27T18:18:03Z,27-Apr-2026,14:18:03,0.88,1
White-breasted Nuthatch,Sitta carolinensis,2026-04-27T18:17:50Z,27-Apr-2026,14:17:50,0.92,1
White-breasted Nuthatch,Sitta carolinensis,2026-04-27T18:17:43Z,27-Apr-2026,14:17:43,0.7,1
White-breasted Nuthatch,Sitta carolinensis,2026-04-27T18:17:37Z,27-Apr-2026,14:17:37,0.96,1
Downy Woodpecker,Dryobates pubescens,2026-04-27T18:17:21Z,27-Apr-2026,14:17:21,0.27,1
White-breasted Nuthatch,Sitta carolinensis,2026-04-27T18:17:08Z,27-Apr-2026,14:17:08,0.92,1
White-breasted Nuthatch,Sitta carolinensis,2026-04-27T18:17:01Z,27-Apr-2026,14:17:01,0.76,1
White-breasted Nuthatch,Sitta carolinensis,2026-04-27T18:16:54Z,27-Apr-2026,14:16:54,0.44,1
Broad-winged Hawk,Buteo platypterus,2026-04-27T18:16:45Z,27-Apr-2026,14:16:45,0.96,1
White-breasted Nuthatch,Sitta carolinensis,2026-04-27T18:16:31Z,27-Apr-2026,14:16:31,0.97,1
White-breasted Nuthatch,Sitta carolinensis,2026-04-27T18:16:19Z,27-Apr-2026,14:16:19,0.63,1
White-breasted Nuthatch,Sitta carolinensis,2026-04-27T18:16:12Z,27-Apr-2026,14:16:12,0.61,1
Broad-winged Hawk,Buteo platypterus,2026-04-27T18:16:06Z,27-Apr-2026,14:16:06,0.97,1
White-breasted Nuthatch,Sitta carolinensis,2026-04-27T18:15:53Z,27-Apr-2026,14:15:53,0.78,1
Broad-winged Hawk,Buteo platypterus,2026-04-27T18:15:46Z,27-Apr-2026,14:15:46,0.72,1
Broad-winged Hawk,Buteo platypterus,2026-04-27T18:15:39Z,27-Apr-2026,14:15:39,0.89,1
Tree Swallow,Tachycineta bicolor,2026-04-27T18:15:27Z,27-Apr-2026,14:15:27,0.42,1
White-breasted Nuthatch,Sitta carolinensis,2026-04-27T18:14:58Z,27-Apr-2026,14:14:58,0.92,1
White-breasted Nuthatch,Sitta carolinensis,2026-04-27T18:14:51Z,27-Apr-2026,14:14:51,0.28,1
White-breasted Nuthatch,Sitta carolinensis,2026-04-27T18:14:36Z,27-Apr-2026,14:14:36,0.61,1
White-breasted Nuthatch,Sitta carolinensis,2026-04-27T18:14:30Z,27-Apr-2026,14:14:30,0.85,1
White-breasted Nuthatch,Sitta carolinensis,2026-04-27T18:14:24Z,27-Apr-2026,14:14:24,0.87,1
White-breasted Nuthatch,Sitta carolinensis,2026-04-27T18:14:17Z,27-Apr-2026,14:14:17,0.82,1
White-breasted Nuthatch,Sitta carolinensis,2026-04-27T18:14:11Z,27-Apr-2026,14:14:11,0.78,1
Tree Swallow,Tachycineta bicolor,2026-04-27T18:14:05Z,27-Apr-2026,14:14:05,0.77,1
White-breasted Nuthatch,Sitta carolinensis,2026-04-27T18:13:58Z,27-Apr-2026,14:13:58,0.52,1
Chipping Sparrow,Spizella passerina,2026-04-27T18:13:48Z,27-Apr-2026,14:13:48,0.31,1
White-breasted Nuthatch,Sitta carolinensis,2026-04-27T18:13:36Z,27-Apr-2026,14:13:36,0.88,1
White-breasted Nuthatch,Sitta carolinensis,2026-04-27T18:13:30Z,27-Apr-2026,14:13:30,0.91,1
White-breasted Nuthatch,Sitta carolinensis,2026-04-27T18:13:23Z,27-Apr-2026,14:13:23,0.84,1
White-breasted Nuthatch,Sitta carolinensis,2026-04-27T18:13:17Z,27-Apr-2026,14:13:17,0.9,1
White-breasted Nuthatch,Sitta carolinensis,2026-04-27T18:13:01Z,27-Apr-2026,14:13:01,0.89,1
White-breasted Nuthatch,Sitta carolinensis,2026-04-27T18:12:55Z,27-Apr-2026,14:12:55,0.69,1
White-breasted Nuthatch,Sitta carolinensis,2026-04-27T18:12:48Z,27-Apr-2026,14:12:48,0.94,1
White-breasted Nuthatch,Sitta carolinensis,2026-04-27T18:12:41Z,27-Apr-2026,14:12:41,0.87,1
White-breasted Nuthatch,Sitta carolinensis,2026-04-27T18:12:34Z,27-Apr-2026,14:12:34,0.82,1
White-breasted Nuthatch,Sitta carolinensis,2026-04-27T18:12:25Z,27-Apr-2026,14:12:25,0.64,1
White-breasted Nuthatch,Sitta carolinensis,2026-04-27T18:12:19Z,27-Apr-2026,14:12:19,0.73,1
White-breasted Nuthatch,Sitta carolinensis,2026-04-27T18:12:12Z,27-Apr-2026,14:12:12,0.87,1
White-breasted Nuthatch,Sitta carolinensis,2026-04-27T18:12:06Z,27-Apr-2026,14:12:06,0.83,1
White-breasted Nuthatch,Sitta carolinensis,2026-04-27T18:11:56Z,27-Apr-2026,14:11:56,0.95,1
White-breasted Nuthatch,Sitta carolinensis,2026-04-27T18:11:50Z,27-Apr-2026,14:11:50,0.83,1
White-breasted Nuthatch,Sitta carolinensis,2026-04-27T18:11:43Z,27-Apr-2026,14:11:43,0.77,1
White-breasted Nuthatch,Sitta carolinensis,2026-04-27T18:11:37Z,27-Apr-2026,14:11:37,0.84,1
White-breasted Nuthatch,Sitta carolinensis,2026-04-27T18:11:28Z,27-Apr-2026,14:11:28,0.81,1
White-breasted Nuthatch,Sitta carolinensis,2026-04-27T18:11:21Z,27-Apr-2026,14:11:21,0.67,1
White-breasted Nuthatch,Sitta carolinensis,2026-04-27T18:11:14Z,27-Apr-2026,14:11:14,0.72,1
White-breasted Nuthatch,Sitta carolinensis,2026-04-27T18:11:07Z,27-Apr-2026,14:11:07,0.77,1
White-breasted Nuthatch,Sitta carolinensis,2026-04-27T18:11:01Z,27-Apr-2026,14:11:01,0.76,1
White-breasted Nuthatch,Sitta carolinensis,2026-04-27T18:10:54Z,27-Apr-2026,14:10:54,0.65,1
White-breasted Nuthatch,Sitta carolinensis,2026-04-27T18:10:48Z,27-Apr-2026,14:10:48,0.64,1
White-breasted Nuthatch,Sitta carolinensis,2026-04-27T18:10:41Z,27-Apr-2026,14:10:41,0.35,1
White-breasted Nuthatch,Sitta carolinensis,2026-04-27T18:10:34Z,27-Apr-2026,14:10:34,0.65,1
White-breasted Nuthatch,Sitta carolinensis,2026-04-27T18:10:28Z,27-Apr-2026,14:10:28,0.67,1
White-breasted Nuthatch,Sitta carolinensis,2026-04-27T18:10:21Z,27-Apr-2026,14:10:21,0.47,1
White-breasted Nuthatch,Sitta carolinensis,2026-04-27T18:10:14Z,27-Apr-2026,14:10:14,0.82,1
White-breasted Nuthatch,Sitta carolinensis,2026-04-27T18:10:08Z,27-Apr-2026,14:10:08,0.47,1
White-breasted Nuthatch,Sitta carolinensis,2026-04-27T18:09:53Z,27-Apr-2026,14:09:53,0.86,1
White-breasted Nuthatch,Sitta carolinensis,2026-04-27T18:09:46Z,27-Apr-2026,14:09:46,0.74,1
White-breasted Nuthatch,Sitta carolinensis,2026-04-27T18:09:40Z,27-Apr-2026,14:09:40,0.9,1
White-breasted Nuthatch,Sitta carolinensis,2026-04-27T18:09:33Z,27-Apr-2026,14:09:33,0.94,1
White-breasted Nuthatch,Sitta carolinensis,2026-04-27T18:09:27Z,27-Apr-2026,14:09:27,0.73,1
White-breasted Nuthatch,Sitta carolinensis,2026-04-27T18:09:21Z,27-Apr-2026,14:09:21,0.83,1
White-breasted Nuthatch,Sitta carolinensis,2026-04-27T18:09:01Z,27-Apr-2026,14:09:01,0.8,1
White-breasted Nuthatch,Sitta carolinensis,2026-04-27T18:08:42Z,27-Apr-2026,14:08:42,0.82,1
White-breasted Nuthatch,Sitta carolinensis,2026-04-27T18:08:20Z,27-Apr-2026,14:08:20,0.54,1
White-breasted Nuthatch,Sitta carolinensis,2026-04-27T18:08:13Z,27-Apr-2026,14:08:13,0.52,1
White-breasted Nuthatch,Sitta carolinensis,2026-04-27T18:07:43Z,27-Apr-2026,14:07:43,0.45,1
Northern Flicker,Colaptes auratus,2026-04-27T18:07:30Z,27-Apr-2026,14:07:30,0.66,1
Black-capped Chickadee,Poecile atricapillus,2026-04-27T17:48:48Z,27-Apr-2026,13:48:48,0.65,1
Black-capped Chickadee,Poecile atricapillus,2026-04-27T17:48:44Z,27-Apr-2026,13:48:44,0.9098,1
Black-capped Chickadee,Poecile atricapillus,2026-04-27T17:48:41Z,27-Apr-2026,13:48:41,0.52,1
Black-capped Chickadee,Poecile atricapillus,2026-04-27T17:48:35Z,27-Apr-2026,13:48:35,0.68,1
Black-capped Chickadee,Poecile atricapillus,2026-04-27T17:48:22Z,27-Apr-2026,13:48:22,0.44,1
White-breasted Nuthatch,Sitta carolinensis,2026-04-27T17:48:08Z,27-Apr-2026,13:48:08,0.86,1
White-breasted Nuthatch,Sitta carolinensis,2026-04-27T17:48:02Z,27-Apr-2026,13:48:02,0.92,1
White-breasted Nuthatch,Sitta carolinensis,2026-04-27T17:47:55Z,27-Apr-2026,13:47:55,0.84,1
White-breasted Nuthatch,Sitta carolinensis,2026-04-27T17:47:39Z,27-Apr-2026,13:47:39,0.84,1
White-breasted Nuthatch,Sitta carolinensis,2026-04-27T17:47:32Z,27-Apr-2026,13:47:32,0.42,1
White-breasted Nuthatch,Sitta carolinensis,2026-04-27T17:47:26Z,27-Apr-2026,13:47:26,0.74,1
White-breasted Nuthatch,Sitta carolinensis,2026-04-27T17:47:19Z,27-Apr-2026,13:47:19,0.71,1
White-breasted Nuthatch,Sitta carolinensis,2026-04-27T17:47:13Z,27-Apr-2026,13:47:13,0.7,1
White-breasted Nuthatch,Sitta carolinensis,2026-04-27T17:47:06Z,27-Apr-2026,13:47:06,0.73,1
Black-capped Chickadee,Poecile atricapillus,2026-04-27T17:46:57Z,27-Apr-2026,13:46:57,0.71,1
White-breasted Nuthatch,Sitta carolinensis,2026-04-27T17:46:34Z,27-Apr-2026,13:46:34,0.41,1
White-breasted Nuthatch,Sitta carolinensis,2026-04-27T17:46:28Z,27-Apr-2026,13:46:28,0.44,1
White-breasted Nuthatch,Sitta carolinensis,2026-04-27T17:46:15Z,27-Apr-2026,13:46:15,0.77,1
White-breasted Nuthatch,Sitta carolinensis,2026-04-27T17:46:09Z,27-Apr-2026,13:46:09,0.64,1
White-breasted Nuthatch,Sitta carolinensis,2026-04-27T17:46:03Z,27-Apr-2026,13:46:03,0.8,1
White-breasted Nuthatch,Sitta carolinensis,2026-04-27T17:45:47Z,27-Apr-2026,13:45:47,0.89,1
White-breasted Nuthatch,Sitta carolinensis,2026-04-27T17:45:40Z,27-Apr-2026,13:45:40,0.73,1
White-breasted Nuthatch,Sitta carolinensis,2026-04-27T17:45:34Z,27-Apr-2026,13:45:34,0.69,1
White-breasted Nuthatch,Sitta carolinensis,2026-04-27T17:45:28Z,27-Apr-2026,13:45:28,0.73,1
White-breasted Nuthatch,Sitta carolinensis,2026-04-27T17:45:21Z,27-Apr-2026,13:45:21,0.96,1
White-breasted Nuthatch,Sitta carolinensis,2026-04-27T17:45:15Z,27-Apr-2026,13:45:15,0.72,1
White-breasted Nuthatch,Sitta carolinensis,2026-04-27T17:44:59Z,27-Apr-2026,13:44:59,0.6,1
White-breasted Nuthatch,Sitta carolinensis,2026-04-27T17:44:53Z,27-Apr-2026,13:44:53,0.76,1
White-breasted Nuthatch,Sitta carolinensis,2026-04-27T17:44:24Z,27-Apr-2026,13:44:24,0.26,1
White-breasted Nuthatch,Sitta carolinensis,2026-04-27T17:44:12Z,27-Apr-2026,13:44:12,0.84,1
White-breasted Nuthatch,Sitta carolinensis,2026-04-27T17:44:05Z,27-Apr-2026,13:44:05,0.49,1
White-breasted Nuthatch,Sitta carolinensis,2026-04-27T17:43:58Z,27-Apr-2026,13:43:58,0.53,1
White-breasted Nuthatch,Sitta carolinensis,2026-04-27T17:43:42Z,27-Apr-2026,13:43:42,0.78,1
White-breasted Nuthatch,Sitta carolinensis,2026-04-27T17:43:36Z,27-Apr-2026,13:43:36,0.7,1
White-breasted Nuthatch,Sitta carolinensis,2026-04-27T17:43:29Z,27-Apr-2026,13:43:29,0.29,1
White-breasted Nuthatch,Sitta carolinensis,2026-04-27T17:43:22Z,27-Apr-2026,13:43:22,0.8,1
White-breasted Nuthatch,Sitta carolinensis,2026-04-27T17:43:16Z,27-Apr-2026,13:43:16,0.49,1
White-breasted Nuthatch,Sitta carolinensis,2026-04-27T17:43:09Z,27-Apr-2026,13:43:09,0.77,1
White-breasted Nuthatch,Sitta carolinensis,2026-04-27T17:42:55Z,27-Apr-2026,13:42:55,0.49,1
White-breasted Nuthatch,Sitta carolinensis,2026-04-27T17:42:49Z,27-Apr-2026,13:42:49,0.83,1
White-breasted Nuthatch,Sitta carolinensis,2026-04-27T17:42:36Z,27-Apr-2026,13:42:36,0.59,1
White-breasted Nuthatch,Sitta carolinensis,2026-04-27T17:42:27Z,27-Apr-2026,13:42:27,0.52,1
Northern Flicker,Colaptes auratus,2026-04-27T17:42:01Z,27-Apr-2026,13:42:01,0.26,1
Northern Flicker,Colaptes auratus,2026-04-27T17:41:27Z,27-Apr-2026,13:41:27,0.33,1
Northern Flicker,Colaptes auratus,2026-04-27T17:40:27Z,27-Apr-2026,13:40:27,0.34,1
Northern Flicker,Colaptes auratus,2026-04-27T17:40:07Z,27-Apr-2026,13:40:07,0.26,1
Tree Swallow,Tachycineta bicolor,2026-04-27T17:39:16Z,27-Apr-2026,13:39:16,0.77,1
Northern Flicker,Colaptes auratus,2026-04-27T17:38:51Z,27-Apr-2026,13:38:51,0.38,1
Northern Flicker,Colaptes auratus,2026-04-27T17:37:42Z,27-Apr-2026,13:37:42,0.53,1
Northern Flicker,Colaptes auratus,2026-04-27T17:37:25Z,27-Apr-2026,13:37:25,0.47,1
Northern Flicker,Colaptes auratus,2026-04-27T17:34:33Z,27-Apr-2026,13:34:33,0.57,1
Chipping Sparrow,Spizella passerina,2026-04-27T17:34:04Z,27-Apr-2026,13:34:04,0.47,1
Chipping Sparrow,Spizella passerina,2026-04-27T17:33:09Z,27-Apr-2026,13:33:09,0.58,1
Tree Swallow,Tachycineta bicolor,2026-04-27T17:32:46Z,27-Apr-2026,13:32:46,0.87,1
Northern Flicker,Colaptes auratus,2026-04-27T17:32:27Z,27-Apr-2026,13:32:27,0.33,1
Chipping Sparrow,Spizella passerina,2026-04-27T17:31:38Z,27-Apr-2026,13:31:38,0.85,1
Chipping Sparrow,Spizella passerina,2026-04-27T17:31:29Z,27-Apr-2026,13:31:29,0.58,1
Northern Rough-winged Swallow,Stelgidopteryx serripennis,2026-04-27T17:31:21Z,27-Apr-2026,13:31:21,0.46,1
Chipping Sparrow,Spizella passerina,2026-04-27T17:31:14Z,27-Apr-2026,13:31:14,0.52,1
Chipping Sparrow,Spizella passerina,2026-04-27T17:31:05Z,27-Apr-2026,13:31:05,0.73,1
Chipping Sparrow,Spizella passerina,2026-04-27T17:30:53Z,27-Apr-2026,13:30:53,0.56,1
Chipping Sparrow,Spizella passerina,2026-04-27T17:30:31Z,27-Apr-2026,13:30:31,0.43,1
Chipping Sparrow,Spizella passerina,2026-04-27T17:30:15Z,27-Apr-2026,13:30:15,0.61,1
Tree Swallow,Tachycineta bicolor,2026-04-27T17:29:51Z,27-Apr-2026,13:29:51,0.56,1
Chipping Sparrow,Spizella passerina,2026-04-27T17:29:45Z,27-Apr-2026,13:29:45,0.28,1
Palm Warbler,Setophaga palmarum,2026-04-27T17:29:33Z,27-Apr-2026,13:29:33,0.32,1
Chipping Sparrow,Spizella passerina,2026-04-27T17:29:25Z,27-Apr-2026,13:29:25,0.71,1
Chipping Sparrow,Spizella passerina,2026-04-27T17:28:57Z,27-Apr-2026,13:28:57,0.43,1
Chipping Sparrow,Spizella passerina,2026-04-27T17:28:48Z,27-Apr-2026,13:28:48,0.55,1
Chipping Sparrow,Spizella passerina,2026-04-27T17:28:41Z,27-Apr-2026,13:28:41,0.44,1
Chipping Sparrow,Spizella passerina,2026-04-27T17:28:28Z,27-Apr-2026,13:28:28,0.69,1
Chipping Sparrow,Spizella passerina,2026-04-27T17:28:09Z,27-Apr-2026,13:28:09,0.37,1
Chipping Sparrow,Spizella passerina,2026-04-27T17:27:59Z,27-Apr-2026,13:27:59,0.63,1
Chipping Sparrow,Spizella passerina,2026-04-27T17:27:50Z,27-Apr-2026,13:27:50,0.35,1
Chipping Sparrow,Spizella passerina,2026-04-27T17:27:40Z,27-Apr-2026,13:27:40,0.44,1
Chipping Sparrow,Spizella passerina,2026-04-27T17:27:34Z,27-Apr-2026,13:27:34,0.44,1
Eastern Bluebird,Sialia sialis,2026-04-27T17:22:03Z,27-Apr-2026,13:22:03,0.29,1
Brown-headed Cowbird,Molothrus ater,2026-04-27T17:20:40Z,27-Apr-2026,13:20:40,0.39,1
Brown-headed Cowbird,Molothrus ater,2026-04-27T17:20:33Z,27-Apr-2026,13:20:33,0.48,1
Brown-headed Cowbird,Molothrus ater,2026-04-27T17:20:15Z,27-Apr-2026,13:20:15,0.44,1
Brown-headed Cowbird,Molothrus ater,2026-04-27T17:20:07Z,27-Apr-2026,13:20:07,0.82,1
Brown-headed Cowbird,Molothrus ater,2026-04-27T17:19:52Z,27-Apr-2026,13:19:52,0.38,1
Brown-headed Cowbird,Molothrus ater,2026-04-27T17:18:42Z,27-Apr-2026,13:18:42,0.67,1
Brown-headed Cowbird,Molothrus ater,2026-04-27T17:18:33Z,27-Apr-2026,13:18:33,0.51,1
Brown-headed Cowbird,Molothrus ater,2026-04-27T17:17:48Z,27-Apr-2026,13:17:48,0.93,1
Brown-headed Cowbird,Molothrus ater,2026-04-27T17:17:36Z,27-Apr-2026,13:17:36,0.39,1
Chipping Sparrow,Spizella passerina,2026-04-27T17:11:28Z,27-Apr-2026,13:11:28,0.38,1
Eastern Bluebird,Sialia sialis,2026-04-27T17:11:13Z,27-Apr-2026,13:11:13,0.64,1
Brown-headed Cowbird,Molothrus ater,2026-04-27T17:07:42Z,27-Apr-2026,13:07:42,0.68,1
Chipping Sparrow,Spizella passerina,2026-04-27T17:07:33Z,27-Apr-2026,13:07:33,0.29,1
Brown-headed Cowbird,Molothrus ater,2026-04-27T17:06:16Z,27-Apr-2026,13:06:16,0.33,1
Brown-headed Cowbird,Molothrus ater,2026-04-27T17:05:13Z,27-Apr-2026,13:05:13,0.56,1
Chipping Sparrow,Spizella passerina,2026-04-27T17:01:21Z,27-Apr-2026,13:01:21,0.39,1
Brown-headed Cowbird,Molothrus ater,2026-04-27T16:59:41Z,27-Apr-2026,12:59:41,0.51,1
Brown-headed Cowbird,Molothrus ater,2026-04-27T16:59:32Z,27-Apr-2026,12:59:32,0.79,1
Brown-headed Cowbird,Molothrus ater,2026-04-27T16:59:10Z,27-Apr-2026,12:59:10,0.79,1
Palm Warbler,Setophaga palmarum,2026-04-27T16:58:35Z,27-Apr-2026,12:58:35,0.29,1
Chipping Sparrow,Spizella passerina,2026-04-27T16:58:28Z,27-Apr-2026,12:58:28,0.36,1
Brown-headed Cowbird,Molothrus ater,2026-04-27T16:58:12Z,27-Apr-2026,12:58:12,0.47,1
Brown-headed Cowbird,Molothrus ater,2026-04-27T16:57:59Z,27-Apr-2026,12:57:59,0.38,1
Brown-headed Cowbird,Molothrus ater,2026-04-27T16:57:46Z,27-Apr-2026,12:57:46,0.48,1
Brown-headed Cowbird,Molothrus ater,2026-04-27T16:57:11Z,27-Apr-2026,12:57:11,0.47,1
Brown-headed Cowbird,Molothrus ater,2026-04-27T16:56:58Z,27-Apr-2026,12:56:58,0.8,1
Brown-headed Cowbird,Molothrus ater,2026-04-27T16:56:49Z,27-Apr-2026,12:56:49,0.36,1
Brown-headed Cowbird,Molothrus ater,2026-04-27T16:56:23Z,27-Apr-2026,12:56:23,0.3,1
Brown-headed Cowbird,Molothrus ater,2026-04-27T16:56:13Z,27-Apr-2026,12:56:13,0.39,1
Northern Flicker,Colaptes auratus,2026-04-27T16:55:45Z,27-Apr-2026,12:55:45,0.27,1
Brown-headed Cowbird,Molothrus ater,2026-04-27T16:54:57Z,27-Apr-2026,12:54:57,0.45,1
Brown-headed Cowbird,Molothrus ater,2026-04-27T16:54:48Z,27-Apr-2026,12:54:48,0.56,1
Tree Swallow,Tachycineta bicolor,2026-04-27T16:54:26Z,27-Apr-2026,12:54:26,0.35,1
Tree Swallow,Tachycineta bicolor,2026-04-27T16:54:19Z,27-Apr-2026,12:54:19,0.76,1
Tree Swallow,Tachycineta bicolor,2026-04-27T16:54:12Z,27-Apr-2026,12:54:12,0.53,1
Brown-headed Cowbird,Molothrus ater,2026-04-27T16:53:44Z,27-Apr-2026,12:53:44,0.55,1
Brown-headed Cowbird,Molothrus ater,2026-04-27T16:53:19Z,27-Apr-2026,12:53:19,0.28,1
Brown-headed Cowbird,Molothrus ater,2026-04-27T16:51:58Z,27-Apr-2026,12:51:58,0.39,1
Brown-headed Cowbird,Molothrus ater,2026-04-27T16:51:48Z,27-Apr-2026,12:51:48,0.32,1
Brown-headed Cowbird,Molothrus ater,2026-04-27T16:51:41Z,27-Apr-2026,12:51:41,0.74,1
Brown-headed Cowbird,Molothrus ater,2026-04-27T16:51:35Z,27-Apr-2026,12:51:35,0.61,1
Brown-headed Cowbird,Molothrus ater,2026-04-27T16:51:15Z,27-Apr-2026,12:51:15,0.28,1
Northern Flicker,Colaptes auratus,2026-04-27T16:50:37Z,27-Apr-2026,12:50:37,0.27,1
Brown-headed Cowbird,Molothrus ater,2026-04-27T16:49:24Z,27-Apr-2026,12:49:24,0.38,1
Brown-headed Cowbird,Molothrus ater,2026-04-27T16:49:11Z,27-Apr-2026,12:49:11,0.29,1
Eastern Bluebird,Sialia sialis,2026-04-27T16:49:04Z,27-Apr-2026,12:49:04,0.92,1
Northern Flicker,Colaptes auratus,2026-04-27T16:48:20Z,27-Apr-2026,12:48:20,0.38,1
Eastern Bluebird,Sialia sialis,2026-04-27T16:48:07Z,27-Apr-2026,12:48:07,0.55,1
Eastern Bluebird,Sialia sialis,2026-04-27T16:47:33Z,27-Apr-2026,12:47:33,0.45,1
Eastern Bluebird,Sialia sialis,2026-04-27T16:47:20Z,27-Apr-2026,12:47:20,0.73,1
Eastern Bluebird,Sialia sialis,2026-04-27T16:46:53Z,27-Apr-2026,12:46:53,0.76,1
Brown-headed Cowbird,Molothrus ater,2026-04-27T16:46:41Z,27-Apr-2026,12:46:41,0.37,1
Brown-headed Cowbird,Molothrus ater,2026-04-27T16:45:54Z,27-Apr-2026,12:45:54,0.61,1
Brown-headed Cowbird,Molothrus ater,2026-04-27T16:45:47Z,27-Apr-2026,12:45:47,0.76,1
Eastern Bluebird,Sialia sialis,2026-04-27T16:44:04Z,27-Apr-2026,12:44:04,0.36,1
Eastern Bluebird,Sialia sialis,2026-04-27T16:43:54Z,27-Apr-2026,12:43:54,0.56,1
Chipping Sparrow,Spizella passerina,2026-04-27T16:41:32Z,27-Apr-2026,12:41:32,0.31,1
Chipping Sparrow,Spizella passerina,2026-04-27T16:40:21Z,27-Apr-2026,12:40:21,0.4,1
Tree Swallow,Tachycineta bicolor,2026-04-27T16:38:51Z,27-Apr-2026,12:38:51,0.29,1
Tree Swallow,Tachycineta bicolor,2026-04-27T16:38:44Z,27-Apr-2026,12:38:44,0.47,1
Song Sparrow,Melospiza melodia,2026-04-27T16:38:18Z,27-Apr-2026,12:38:18,0.7804,1
Eastern Bluebird,Sialia sialis,2026-04-27T16:37:24Z,27-Apr-2026,12:37:24,0.7,1
Eastern Bluebird,Sialia sialis,2026-04-27T16:37:04Z,27-Apr-2026,12:37:04,0.46,1
Eastern Bluebird,Sialia sialis,2026-04-27T16:36:57Z,27-Apr-2026,12:36:57,0.93,1
Eastern Bluebird,Sialia sialis,2026-04-27T16:36:51Z,27-Apr-2026,12:36:51,0.88,1
Eastern Bluebird,Sialia sialis,2026-04-27T16:36:45Z,27-Apr-2026,12:36:45,0.78,1
Eastern Bluebird,Sialia sialis,2026-04-27T16:36:22Z,27-Apr-2026,12:36:22,0.81,1
Eastern Bluebird,Sialia sialis,2026-04-27T16:36:16Z,27-Apr-2026,12:36:16,0.96,1
Eastern Bluebird,Sialia sialis,2026-04-27T16:36:09Z,27-Apr-2026,12:36:09,0.75,1
Eastern Bluebird,Sialia sialis,2026-04-27T16:36:03Z,27-Apr-2026,12:36:03,0.44,1
Eastern Bluebird,Sialia sialis,2026-04-27T16:35:53Z,27-Apr-2026,12:35:53,0.88,1
Eastern Bluebird,Sialia sialis,2026-04-27T16:35:21Z,27-Apr-2026,12:35:21,0.87,1
Chipping Sparrow,Spizella passerina,2026-04-27T16:35:15Z,27-Apr-2026,12:35:15,0.3,1
Chipping Sparrow,Spizella passerina,2026-04-27T16:34:33Z,27-Apr-2026,12:34:33,0.48,1
Downy Woodpecker,Dryobates pubescens,2026-04-27T16:34:29Z,27-Apr-2026,12:34:29,0.7804,5
White-breasted Nuthatch,Sitta carolinensis,2026-04-27T16:34:16Z,27-Apr-2026,12:34:16,0.45,1
White-breasted Nuthatch,Sitta carolinensis,2026-04-27T16:34:10Z,27-Apr-2026,12:34:10,0.33,1
White-breasted Nuthatch,Sitta carolinensis,2026-04-27T16:34:03Z,27-Apr-2026,12:34:03,0.88,1
White-breasted Nuthatch,Sitta carolinensis,2026-04-27T16:33:54Z,27-Apr-2026,12:33:54,0.86,1
White-breasted Nuthatch,Sitta carolinensis,2026-04-27T16:33:47Z,27-Apr-2026,12:33:47,0.42,1
White-breasted Nuthatch,Sitta carolinensis,2026-04-27T16:33:41Z,27-Apr-2026,12:33:41,0.94,1
White-breasted Nuthatch,Sitta carolinensis,2026-04-27T16:33:28Z,27-Apr-2026,12:33:28,0.46,1
White-breasted Nuthatch,Sitta carolinensis,2026-04-27T16:33:18Z,27-Apr-2026,12:33:18,0.64,1
White-breasted Nuthatch,Sitta carolinensis,2026-04-27T16:33:12Z,27-Apr-2026,12:33:12,0.75,1
White-breasted Nuthatch,Sitta carolinensis,2026-04-27T16:33:06Z,27-Apr-2026,12:33:06,0.56,1
White-breasted Nuthatch,Sitta carolinensis,2026-04-27T16:32:59Z,27-Apr-2026,12:32:59,0.81,1
White-breasted Nuthatch,Sitta carolinensis,2026-04-27T16:32:53Z,27-Apr-2026,12:32:53,0.31,1
White-breasted Nuthatch,Sitta carolinensis,2026-04-27T16:32:43Z,27-Apr-2026,12:32:43,0.63,1
White-breasted Nuthatch,Sitta carolinensis,2026-04-27T16:32:37Z,27-Apr-2026,12:32:37,0.6,1
White-breasted Nuthatch,Sitta carolinensis,2026-04-27T16:32:30Z,27-Apr-2026,12:32:30,0.27,1
Tufted Titmouse,Baeolophus bicolor,2026-04-27T16:32:21Z,27-Apr-2026,12:32:21,0.46,1
White-breasted Nuthatch,Sitta carolinensis,2026-04-27T16:32:01Z,27-Apr-2026,12:32:01,0.85,1
White-breasted Nuthatch,Sitta carolinensis,2026-04-27T16:31:49Z,27-Apr-2026,12:31:49,0.64,1
Eastern Bluebird,Sialia sialis,2026-04-27T16:31:42Z,27-Apr-2026,12:31:42,0.61,1
Eastern Bluebird,Sialia sialis,2026-04-27T16:31:36Z,27-Apr-2026,12:31:36,0.5,1
Eastern Bluebird,Sialia sialis,2026-04-27T16:31:29Z,27-Apr-2026,12:31:29,0.98,1
Chipping Sparrow,Spizella passerina,2026-04-27T16:31:06Z,27-Apr-2026,12:31:06,0.26,1
Downy Woodpecker,Dryobates pubescens,2026-04-27T16:30:51Z,27-Apr-2026,12:30:51,0.37,1
Downy Woodpecker,Dryobates pubescens,2026-04-27T16:30:38Z,27-Apr-2026,12:30:38,0.75,1
Downy Woodpecker,Dryobates pubescens,2026-04-27T16:30:31Z,27-Apr-2026,12:30:31,0.56,1
Downy Woodpecker,Dryobates pubescens,2026-04-27T16:30:12Z,27-Apr-2026,12:30:12,0.949,5
White-breasted Nuthatch,Sitta carolinensis,2026-04-27T16:29:57Z,27-Apr-2026,12:29:57,0.85,1
White-breasted Nuthatch,Sitta carolinensis,2026-04-27T16:29:50Z,27-Apr-2026,12:29:50,0.73,1
White-breasted Nuthatch,Sitta carolinensis,2026-04-27T16:29:38Z,27-Apr-2026,12:29:38,0.69,1
White-breasted Nuthatch,Sitta carolinensis,2026-04-27T16:29:31Z,27-Apr-2026,12:29:31,0.77,1
White-breasted Nuthatch,Sitta carolinensis,2026-04-27T16:29:25Z,27-Apr-2026,12:29:25,0.65,1
White-breasted Nuthatch,Sitta carolinensis,2026-04-27T16:29:18Z,27-Apr-2026,12:29:18,0.89,1
White-breasted Nuthatch,Sitta carolinensis,2026-04-27T16:29:12Z,27-Apr-2026,12:29:12,0.84,1
Downy Woodpecker,Dryobates pubescens,2026-04-27T16:29:09Z,27-Apr-2026,12:29:09,0.8314,6
White-breasted Nuthatch,Sitta carolinensis,2026-04-27T16:29:02Z,27-Apr-2026,12:29:02,0.53,1
White-breasted Nuthatch,Sitta carolinensis,2026-04-27T16:28:56Z,27-Apr-2026,12:28:56,0.77,1
White-breasted Nuthatch,Sitta carolinensis,2026-04-27T16:28:49Z,27-Apr-2026,12:28:49,0.45,1
White-breasted Nuthatch,Sitta carolinensis,2026-04-27T16:28:43Z,27-Apr-2026,12:28:43,0.72,1
White-breasted Nuthatch,Sitta carolinensis,2026-04-27T16:28:36Z,27-Apr-2026,12:28:36,0.46,1
Downy Woodpecker,Dryobates pubescens,2026-04-27T16:28:30Z,27-Apr-2026,12:28:30,0.87,1
White-breasted Nuthatch,Sitta carolinensis,2026-04-27T16:28:24Z,27-Apr-2026,12:28:24,0.44,1
White-breasted Nuthatch,Sitta carolinensis,2026-04-27T16:28:17Z,27-Apr-2026,12:28:17,0.8,1
White-breasted Nuthatch,Sitta carolinensis,2026-04-27T16:28:10Z,27-Apr-2026,12:28:10,0.28,1
Eastern Bluebird,Sialia sialis,2026-04-27T16:28:01Z,27-Apr-2026,12:28:01,0.75,1
Eastern Bluebird,Sialia sialis,2026-04-27T16:27:55Z,27-Apr-2026,12:27:55,0.85,1
White-breasted Nuthatch,Sitta carolinensis,2026-04-27T16:27:48Z,27-Apr-2026,12:27:48,0.68,1
White-breasted Nuthatch,Sitta carolinensis,2026-04-27T16:27:41Z,27-Apr-2026,12:27:41,0.82,1
Eastern Bluebird,Sialia sialis,2026-04-27T16:27:35Z,27-Apr-2026,12:27:35,0.91,1
Eastern Bluebird,Sialia sialis,2026-04-27T16:27:28Z,27-Apr-2026,12:27:28,0.48,1
White-breasted Nuthatch,Sitta carolinensis,2026-04-27T16:27:22Z,27-Apr-2026,12:27:22,0.65,1
Eastern Bluebird,Sialia sialis,2026-04-27T16:27:09Z,27-Apr-2026,12:27:09,0.99,1
Eastern Bluebird,Sialia sialis,2026-04-27T16:27:03Z,27-Apr-2026,12:27:03,0.99,1
Eastern Bluebird,Sialia sialis,2026-04-27T16:26:56Z,27-Apr-2026,12:26:56,0.98,1
Eastern Bluebird,Sialia sialis,2026-04-27T16:26:50Z,27-Apr-2026,12:26:50,0.35,1
Eastern Bluebird,Sialia sialis,2026-04-27T16:26:43Z,27-Apr-2026,12:26:43,0.96,1
White-breasted Nuthatch,Sitta carolinensis,2026-04-27T16:26:37Z,27-Apr-2026,12:26:37,0.83,1
Eastern Bluebird,Sialia sialis,2026-04-27T16:26:30Z,27-Apr-2026,12:26:30,0.97,1
Eastern Bluebird,Sialia sialis,2026-04-27T16:26:14Z,27-Apr-2026,12:26:14,0.94,1
Downy Woodpecker,Dryobates pubescens,2026-04-27T16:26:10Z,27-Apr-2026,12:26:10,0.9882,6
Eastern Bluebird,Sialia sialis,2026-04-27T16:26:04Z,27-Apr-2026,12:26:04,0.89,1
Eastern Bluebird,Sialia sialis,2026-04-27T16:25:43Z,27-Apr-2026,12:25:43,0.87,1
Eastern Bluebird,Sialia sialis,2026-04-27T16:25:30Z,27-Apr-2026,12:25:30,0.75,1
Downy Woodpecker,Dryobates pubescens,2026-04-27T16:25:05Z,27-Apr-2026,12:25:05,0.9412,12
Chipping Sparrow,Spizella passerina,2026-04-27T16:24:52Z,27-Apr-2026,12:24:52,0.54,1
Downy Woodpecker,Dryobates pubescens,2026-04-27T16:24:39Z,27-Apr-2026,12:24:39,0.32,1
Chipping Sparrow,Spizella passerina,2026-04-27T16:24:24Z,27-Apr-2026,12:24:24,0.5,1
Downy Woodpecker,Dryobates pubescens,2026-04-27T16:24:02Z,27-Apr-2026,12:24:02,0.7804,9
White-breasted Nuthatch,Sitta carolinensis,2026-04-27T16:23:48Z,27-Apr-2026,12:23:48,0.53,1
Downy Woodpecker,Dryobates pubescens,2026-04-27T16:23:42Z,27-Apr-2026,12:23:42,0.44,1
Downy Woodpecker,Dryobates pubescens,2026-04-27T16:23:24Z,27-Apr-2026,12:23:24,0.31,1
White-breasted Nuthatch,Sitta carolinensis,2026-04-27T16:23:18Z,27-Apr-2026,12:23:18,0.51,1
White-breasted Nuthatch,Sitta carolinensis,2026-04-27T16:23:11Z,27-Apr-2026,12:23:11,0.53,1
Downy Woodpecker,Dryobates pubescens,2026-04-27T16:22:58Z,27-Apr-2026,12:22:58,0.63,1
Downy Woodpecker,Dryobates pubescens,2026-04-27T16:22:52Z,27-Apr-2026,12:22:52,0.9922,7
Tree Swallow,Tachycineta bicolor,2026-04-27T16:22:49Z,27-Apr-2026,12:22:49,0.34,1
Tree Swallow,Tachycineta bicolor,2026-04-27T16:22:42Z,27-Apr-2026,12:22:42,0.79,1
Downy Woodpecker,Dryobates pubescens,2026-04-27T16:19:53Z,27-Apr-2026,12:19:53,0.9725,17
Downy Woodpecker,Dryobates pubescens,2026-04-27T16:18:51Z,27-Apr-2026,12:18:51,0.9843,5
Chipping Sparrow,Spizella passerina,2026-04-27T16:18:03Z,27-Apr-2026,12:18:03,0.37,1
Downy Woodpecker,Dryobates pubescens,2026-04-27T16:17:44Z,27-Apr-2026,12:17:44,0.9255,5
Downy Woodpecker,Dryobates pubescens,2026-04-27T16:17:13Z,27-Apr-2026,12:17:13,0.87,1
Downy Woodpecker,Dryobates pubescens,2026-04-27T16:17:00Z,27-Apr-2026,12:17:00,0.32,1
Tree Swallow,Tachycineta bicolor,2026-04-27T16:16:40Z,27-Apr-2026,12:16:40,0.69,1
Downy Woodpecker,Dryobates pubescens,2026-04-27T16:16:37Z,27-Apr-2026,12:16:37,0.9176,5
Downy Woodpecker,Dryobates pubescens,2026-04-27T16:16:18Z,27-Apr-2026,12:16:18,0.39,1
Northern Flicker,Colaptes auratus,2026-04-27T16:15:49Z,27-Apr-2026,12:15:49,0.5,1
Gray Catbird,Dumetella carolinensis,2026-04-27T16:15:45Z,27-Apr-2026,12:15:45,0.7804,1
Downy Woodpecker,Dryobates pubescens,2026-04-27T16:15:35Z,27-Apr-2026,12:15:35,0.9686,1
Black-capped Chickadee,Poecile atricapillus,2026-04-27T16:15:04Z,27-Apr-2026,12:15:04,0.8627,1
Chipping Sparrow,Spizella passerina,2026-04-27T16:13:18Z,27-Apr-2026,12:13:18,0.31,1
Chipping Sparrow,Spizella passerina,2026-04-27T16:13:03Z,27-Apr-2026,12:13:03,0.29,1
Chipping Sparrow,Spizella passerina,2026-04-27T16:12:44Z,27-Apr-2026,12:12:44,0.53,1
Chipping Sparrow,Spizella passerina,2026-04-27T16:12:28Z,27-Apr-2026,12:12:28,0.3,1
Chipping Sparrow,Spizella passerina,2026-04-27T16:12:18Z,27-Apr-2026,12:12:18,0.33,1
Chipping Sparrow,Spizella passerina,2026-04-27T16:12:04Z,27-Apr-2026,12:12:04,0.28,1
Chipping Sparrow,Spizella passerina,2026-04-27T16:11:32Z,27-Apr-2026,12:11:32,0.26,1
Chipping Sparrow,Spizella passerina,2026-04-27T16:11:19Z,27-Apr-2026,12:11:19,0.29,1
Chipping Sparrow,Spizella passerina,2026-04-27T16:09:36Z,27-Apr-2026,12:09:36,0.26,1
Chipping Sparrow,Spizella passerina,2026-04-27T16:09:29Z,27-Apr-2026,12:09:29,0.47,1
Chipping Sparrow,Spizella passerina,2026-04-27T16:09:16Z,27-Apr-2026,12:09:16,0.4,1
Tree Swallow,Tachycineta bicolor,2026-04-27T16:08:54Z,27-Apr-2026,12:08:54,0.68,1
Chipping Sparrow,Spizella passerina,2026-04-27T16:08:34Z,27-Apr-2026,12:08:34,0.5,1
Tree Swallow,Tachycineta bicolor,2026-04-27T16:08:28Z,27-Apr-2026,12:08:28,0.7,1
Chipping Sparrow,Spizella passerina,2026-04-27T16:08:22Z,27-Apr-2026,12:08:22,0.32,1
Chipping Sparrow,Spizella passerina,2026-04-27T16:08:09Z,27-Apr-2026,12:08:09,0.33,1
Chipping Sparrow,Spizella passerina,2026-04-27T16:07:53Z,27-Apr-2026,12:07:53,0.28,1
Chipping Sparrow,Spizella passerina,2026-04-27T16:07:44Z,27-Apr-2026,12:07:44,0.38,1
Chipping Sparrow,Spizella passerina,2026-04-27T16:06:10Z,27-Apr-2026,12:06:10,0.26,1
Chipping Sparrow,Spizella passerina,2026-04-27T16:04:59Z,27-Apr-2026,12:04:59,0.34,1
Northern Flicker,Colaptes auratus,2026-04-27T16:03:30Z,27-Apr-2026,12:03:30,0.37,1
Song Sparrow,Melospiza melodia,2026-04-27T16:02:58Z,27-Apr-2026,12:02:58,0.8314,1
White-breasted Nuthatch,Sitta carolinensis,2026-04-27T16:02:32Z,27-Apr-2026,12:02:32,0.56,1
White-breasted Nuthatch,Sitta carolinensis,2026-04-27T16:02:19Z,27-Apr-2026,12:02:19,0.34,1
White-breasted Nuthatch,Sitta carolinensis,2026-04-27T16:02:06Z,27-Apr-2026,12:02:06,0.42,1
Chipping Sparrow,Spizella passerina,2026-04-27T16:01:59Z,27-Apr-2026,12:01:59,0.29,1
White-breasted Nuthatch,Sitta carolinensis,2026-04-27T16:01:43Z,27-Apr-2026,12:01:43,0.66,1
White-breasted Nuthatch,Sitta carolinensis,2026-04-27T16:01:24Z,27-Apr-2026,12:01:24,0.38,1
White-breasted Nuthatch,Sitta carolinensis,2026-04-27T16:01:17Z,27-Apr-2026,12:01:17,0.9,1
White-breasted Nuthatch,Sitta carolinensis,2026-04-27T16:01:11Z,27-Apr-2026,12:01:11,0.75,1
Chipping Sparrow,Spizella passerina,2026-04-27T16:00:17Z,27-Apr-2026,12:00:17,0.33,1
Chipping Sparrow,Spizella passerina,2026-04-27T15:58:50Z,27-Apr-2026,11:58:50,0.41,1
Chipping Sparrow,Spizella passerina,2026-04-27T15:58:37Z,27-Apr-2026,11:58:37,0.47,1
Chipping Sparrow,Spizella passerina,2026-04-27T15:58:25Z,27-Apr-2026,11:58:25,0.4,1
White-breasted Nuthatch,Sitta carolinensis,2026-04-27T15:56:20Z,27-Apr-2026,11:56:20,0.29,1
White-breasted Nuthatch,Sitta carolinensis,2026-04-27T15:53:31Z,27-Apr-2026,11:53:31,0.41,1
White-breasted Nuthatch,Sitta carolinensis,2026-04-27T15:53:25Z,27-Apr-2026,11:53:25,0.86,1
White-breasted Nuthatch,Sitta carolinensis,2026-04-27T15:53:18Z,27-Apr-2026,11:53:18,0.95,1
White-breasted Nuthatch,Sitta carolinensis,2026-04-27T15:53:11Z,27-Apr-2026,11:53:11,0.95,1
White-breasted Nuthatch,Sitta carolinensis,2026-04-27T15:53:04Z,27-Apr-2026,11:53:04,0.86,1
White-breasted Nuthatch,Sitta carolinensis,2026-04-27T15:52:58Z,27-Apr-2026,11:52:58,0.81,1
White-breasted Nuthatch,Sitta carolinensis,2026-04-27T15:52:51Z,27-Apr-2026,11:52:51,0.88,1
White-breasted Nuthatch,Sitta carolinensis,2026-04-27T15:52:45Z,27-Apr-2026,11:52:45,0.8,1
White-breasted Nuthatch,Sitta carolinensis,2026-04-27T15:52:38Z,27-Apr-2026,11:52:38,0.7,1
White-breasted Nuthatch,Sitta carolinensis,2026-04-27T15:52:32Z,27-Apr-2026,11:52:32,0.88,1
White-breasted Nuthatch,Sitta carolinensis,2026-04-27T15:52:26Z,27-Apr-2026,11:52:26,0.56,1
White-breasted Nuthatch,Sitta carolinensis,2026-04-27T15:52:19Z,27-Apr-2026,11:52:19,0.63,1
White-breasted Nuthatch,Sitta carolinensis,2026-04-27T15:52:12Z,27-Apr-2026,11:52:12,0.87,1
White-breasted Nuthatch,Sitta carolinensis,2026-04-27T15:52:06Z,27-Apr-2026,11:52:06,0.7,1
White-breasted Nuthatch,Sitta carolinensis,2026-04-27T15:51:59Z,27-Apr-2026,11:51:59,0.71,1
White-breasted Nuthatch,Sitta carolinensis,2026-04-27T15:51:53Z,27-Apr-2026,11:51:53,0.92,1
White-breasted Nuthatch,Sitta carolinensis,2026-04-27T15:51:46Z,27-Apr-2026,11:51:46,0.9,1
White-breasted Nuthatch,Sitta carolinensis,2026-04-27T15:51:33Z,27-Apr-2026,11:51:33,0.79,1
White-breasted Nuthatch,Sitta carolinensis,2026-04-27T15:51:26Z,27-Apr-2026,11:51:26,0.55,1
White-breasted Nuthatch,Sitta carolinensis,2026-04-27T15:51:20Z,27-Apr-2026,11:51:20,0.46,1
Chipping Sparrow,Spizella passerina,2026-04-27T15:43:47Z,27-Apr-2026,11:43:47,0.56,1
Chipping Sparrow,Spizella passerina,2026-04-27T15:43:21Z,27-Apr-2026,11:43:21,0.54,1
Chipping Sparrow,Spizella passerina,2026-04-27T15:43:11Z,27-Apr-2026,11:43:11,0.41,1
Chipping Sparrow,Spizella passerina,2026-04-27T15:42:58Z,27-Apr-2026,11:42:58,0.49,1
Chipping Sparrow,Spizella passerina,2026-04-27T15:42:49Z,27-Apr-2026,11:42:49,0.5,1
Chipping Sparrow,Spizella passerina,2026-04-27T15:41:36Z,27-Apr-2026,11:41:36,0.27,1
Chipping Sparrow,Spizella passerina,2026-04-27T15:41:01Z,27-Apr-2026,11:41:01,0.45,1
Chipping Sparrow,Spizella passerina,2026-04-27T15:40:11Z,27-Apr-2026,11:40:11,0.51,1
Chipping Sparrow,Spizella passerina,2026-04-27T15:40:01Z,27-Apr-2026,11:40:01,0.31,1
Chipping Sparrow,Spizella passerina,2026-04-27T15:39:39Z,27-Apr-2026,11:39:39,0.79,1
Chipping Sparrow,Spizella passerina,2026-04-27T15:39:32Z,27-Apr-2026,11:39:32,0.4,1
Chipping Sparrow,Spizella passerina,2026-04-27T15:39:13Z,27-Apr-2026,11:39:13,0.46,1
Chipping Sparrow,Spizella passerina,2026-04-27T15:38:51Z,27-Apr-2026,11:38:51,0.29,1
Brown-headed Cowbird,Molothrus ater,2026-04-27T15:33:02Z,27-Apr-2026,11:33:02,0.49,1
Chipping Sparrow,Spizella passerina,2026-04-27T15:28:22Z,27-Apr-2026,11:28:22,0.36,1
Tree Swallow,Tachycineta bicolor,2026-04-27T15:24:01Z,27-Apr-2026,11:24:01,0.94,1
Tree Swallow,Tachycineta bicolor,2026-04-27T15:23:27Z,27-Apr-2026,11:23:27,0.29,1
Chipping Sparrow,Spizella passerina,2026-04-27T15:22:10Z,27-Apr-2026,11:22:10,0.74,1
White-breasted Nuthatch,Sitta carolinensis,2026-04-27T15:16:17Z,27-Apr-2026,11:16:17,0.44,1
White-breasted Nuthatch,Sitta carolinensis,2026-04-27T15:15:50Z,27-Apr-2026,11:15:50,0.88,1
White-breasted Nuthatch,Sitta carolinensis,2026-04-27T15:15:43Z,27-Apr-2026,11:15:43,0.87,1
White-breasted Nuthatch,Sitta carolinensis,2026-04-27T15:15:22Z,27-Apr-2026,11:15:22,0.61,1
Blue Jay,Cyanocitta cristata,2026-04-27T15:14:18Z,27-Apr-2026,11:14:18,0.8,1
Northern Flicker,Colaptes auratus,2026-04-27T15:07:37Z,27-Apr-2026,11:07:37,0.37,1
Chipping Sparrow,Spizella passerina,2026-04-27T15:04:57Z,27-Apr-2026,11:04:57,0.33,1
Chipping Sparrow,Spizella passerina,2026-04-27T15:04:00Z,27-Apr-2026,11:04:00,0.34,1
Chipping Sparrow,Spizella passerina,2026-04-27T15:03:44Z,27-Apr-2026,11:03:44,0.41,1
Chipping Sparrow,Spizella passerina,2026-04-27T15:01:11Z,27-Apr-2026,11:01:11,0.3,1
Chipping Sparrow,Spizella passerina,2026-04-27T15:01:02Z,27-Apr-2026,11:01:02,0.39,1
Tufted Titmouse,Baeolophus bicolor,2026-04-27T15:00:28Z,27-Apr-2026,11:00:28,0.78,1
Tufted Titmouse,Baeolophus bicolor,2026-04-27T15:00:01Z,27-Apr-2026,11:00:01,0.8314,1
Tufted Titmouse,Baeolophus bicolor,2026-04-27T14:59:28Z,27-Apr-2026,10:59:28,0.33,1
Tufted Titmouse,Baeolophus bicolor,2026-04-27T14:58:54Z,27-Apr-2026,10:58:54,0.8471,4
Tufted Titmouse,Baeolophus bicolor,2026-04-27T14:57:54Z,27-Apr-2026,10:57:54,0.71,1
Tufted Titmouse,Baeolophus bicolor,2026-04-27T14:57:50Z,27-Apr-2026,10:57:50,0.8745,2
Tufted Titmouse,Baeolophus bicolor,2026-04-27T14:57:44Z,27-Apr-2026,10:57:44,0.29,1
Eastern Bluebird,Sialia sialis,2026-04-27T14:57:24Z,27-Apr-2026,10:57:24,0.38,1
Tufted Titmouse,Baeolophus bicolor,2026-04-27T14:56:00Z,27-Apr-2026,10:56:00,0.8314,5
Tufted Titmouse,Baeolophus bicolor,2026-04-27T14:55:34Z,27-Apr-2026,10:55:34,0.3,1
American Goldfinch,Spinus tristis,2026-04-27T14:54:58Z,27-Apr-2026,10:54:58,0.8,1
Tufted Titmouse,Baeolophus bicolor,2026-04-27T14:52:50Z,27-Apr-2026,10:52:50,0.34,1
Tufted Titmouse,Baeolophus bicolor,2026-04-27T14:52:11Z,27-Apr-2026,10:52:11,0.8745,1
American Goldfinch,Spinus tristis,2026-04-27T14:50:23Z,27-Apr-2026,10:50:23,0.9333,1
American Goldfinch,Spinus tristis,2026-04-27T14:50:13Z,27-Apr-2026,10:50:13,0.53,1
American Goldfinch,Spinus tristis,2026-04-27T14:50:06Z,27-Apr-2026,10:50:06,0.8,1
American Goldfinch,Spinus tristis,2026-04-27T14:49:58Z,27-Apr-2026,10:49:58,0.29,1
American Goldfinch,Spinus tristis,2026-04-27T14:49:18Z,27-Apr-2026,10:49:18,0.9333,1
Eastern Bluebird,Sialia sialis,2026-04-27T14:44:25Z,27-Apr-2026,10:44:25,0.43,1
Eastern Bluebird,Sialia sialis,2026-04-27T14:44:09Z,27-Apr-2026,10:44:09,0.61,1
Tufted Titmouse,Baeolophus bicolor,2026-04-27T14:43:18Z,27-Apr-2026,10:43:18,0.7804,1
Eastern Bluebird,Sialia sialis,2026-04-27T14:42:18Z,27-Apr-2026,10:42:18,0.93,1
Eastern Bluebird,Sialia sialis,2026-04-27T14:42:11Z,27-Apr-2026,10:42:11,0.56,1
Eastern Bluebird,Sialia sialis,2026-04-27T14:42:02Z,27-Apr-2026,10:42:02,0.77,1
Eastern Bluebird,Sialia sialis,2026-04-27T14:41:55Z,27-Apr-2026,10:41:55,0.92,1
Eastern Bluebird,Sialia sialis,2026-04-27T14:41:45Z,27-Apr-2026,10:41:45,0.96,1
Eastern Bluebird,Sialia sialis,2026-04-27T14:41:39Z,27-Apr-2026,10:41:39,0.92,1
Chipping Sparrow,Spizella passerina,2026-04-27T14:37:22Z,27-Apr-2026,10:37:22,0.61,1
Tufted Titmouse,Baeolophus bicolor,2026-04-27T14:36:29Z,27-Apr-2026,10:36:29,0.8471,1
White-breasted Nuthatch,Sitta carolinensis,2026-04-27T14:35:50Z,27-Apr-2026,10:35:50,0.64,1
White-breasted Nuthatch,Sitta carolinensis,2026-04-27T14:35:43Z,27-Apr-2026,10:35:43,0.92,1
White-breasted Nuthatch,Sitta carolinensis,2026-04-27T14:35:34Z,27-Apr-2026,10:35:34,0.52,1
White-breasted Nuthatch,Sitta carolinensis,2026-04-27T14:35:27Z,27-Apr-2026,10:35:27,0.57,1
White-breasted Nuthatch,Sitta carolinensis,2026-04-27T14:35:20Z,27-Apr-2026,10:35:20,0.45,1
White-breasted Nuthatch,Sitta carolinensis,2026-04-27T14:35:13Z,27-Apr-2026,10:35:13,0.67,1
White-breasted Nuthatch,Sitta carolinensis,2026-04-27T14:35:07Z,27-Apr-2026,10:35:07,0.82,1
White-breasted Nuthatch,Sitta carolinensis,2026-04-27T14:35:01Z,27-Apr-2026,10:35:01,0.71,1
White-breasted Nuthatch,Sitta carolinensis,2026-04-27T14:34:54Z,27-Apr-2026,10:34:54,0.63,1
White-breasted Nuthatch,Sitta carolinensis,2026-04-27T14:34:36Z,27-Apr-2026,10:34:36,0.92,1
White-breasted Nuthatch,Sitta carolinensis,2026-04-27T14:34:27Z,27-Apr-2026,10:34:27,0.59,1
White-breasted Nuthatch,Sitta carolinensis,2026-04-27T14:34:20Z,27-Apr-2026,10:34:20,0.6,1
White-breasted Nuthatch,Sitta carolinensis,2026-04-27T14:34:11Z,27-Apr-2026,10:34:11,0.71,1
White-breasted Nuthatch,Sitta carolinensis,2026-04-27T14:33:49Z,27-Apr-2026,10:33:49,0.73,1
White-breasted Nuthatch,Sitta carolinensis,2026-04-27T14:33:43Z,27-Apr-2026,10:33:43,0.41,1
White-breasted Nuthatch,Sitta carolinensis,2026-04-27T14:33:36Z,27-Apr-2026,10:33:36,0.47,1
White-breasted Nuthatch,Sitta carolinensis,2026-04-27T14:33:30Z,27-Apr-2026,10:33:30,0.66,1
White-breasted Nuthatch,Sitta carolinensis,2026-04-27T14:33:20Z,27-Apr-2026,10:33:20,0.7,1
Chipping Sparrow,Spizella passerina,2026-04-27T14:29:08Z,27-Apr-2026,10:29:08,0.42,1
Chipping Sparrow,Spizella passerina,2026-04-27T14:28:46Z,27-Apr-2026,10:28:46,0.47,1
Chipping Sparrow,Spizella passerina,2026-04-27T14:26:50Z,27-Apr-2026,10:26:50,0.49,1
Chipping Sparrow,Spizella passerina,2026-04-27T14:26:37Z,27-Apr-2026,10:26:37,0.56,1
Chipping Sparrow,Spizella passerina,2026-04-27T14:26:21Z,27-Apr-2026,10:26:21,0.55,1
Chipping Sparrow,Spizella passerina,2026-04-27T14:26:11Z,27-Apr-2026,10:26:11,0.46,1
Chipping Sparrow,Spizella passerina,2026-04-27T14:25:51Z,27-Apr-2026,10:25:51,0.42,1
Chipping Sparrow,Spizella passerina,2026-04-27T14:25:42Z,27-Apr-2026,10:25:42,0.41,1
Chipping Sparrow,Spizella passerina,2026-04-27T14:25:20Z,27-Apr-2026,10:25:20,0.37,1
Eastern Bluebird,Sialia sialis,2026-04-27T14:25:13Z,27-Apr-2026,10:25:13,0.88,1
Eastern Bluebird,Sialia sialis,2026-04-27T14:25:07Z,27-Apr-2026,10:25:07,0.93,1
Eastern Bluebird,Sialia sialis,2026-04-27T14:25:00Z,27-Apr-2026,10:25:00,0.39,1
Eastern Bluebird,Sialia sialis,2026-04-27T14:24:47Z,27-Apr-2026,10:24:47,0.48,1
Chipping Sparrow,Spizella passerina,2026-04-27T14:24:34Z,27-Apr-2026,10:24:34,0.42,1
Chipping Sparrow,Spizella passerina,2026-04-27T14:24:08Z,27-Apr-2026,10:24:08,0.45,1
Chipping Sparrow,Spizella passerina,2026-04-27T14:24:02Z,27-Apr-2026,10:24:02,0.51,1
Chipping Sparrow,Spizella passerina,2026-04-27T14:23:42Z,27-Apr-2026,10:23:42,0.33,1
Chipping Sparrow,Spizella passerina,2026-04-27T14:23:16Z,27-Apr-2026,10:23:16,0.41,1
Chipping Sparrow,Spizella passerina,2026-04-27T14:23:03Z,27-Apr-2026,10:23:03,0.71,1
Chipping Sparrow,Spizella passerina,2026-04-27T14:22:56Z,27-Apr-2026,10:22:56,0.69,1
Palm Warbler,Setophaga palmarum,2026-04-27T14:22:44Z,27-Apr-2026,10:22:44,0.48,1
Chipping Sparrow,Spizella passerina,2026-04-27T14:22:34Z,27-Apr-2026,10:22:34,0.45,1
Chipping Sparrow,Spizella passerina,2026-04-27T14:22:25Z,27-Apr-2026,10:22:25,0.52,1
Chipping Sparrow,Spizella passerina,2026-04-27T14:22:15Z,27-Apr-2026,10:22:15,0.57,1
Chipping Sparrow,Spizella passerina,2026-04-27T14:22:08Z,27-Apr-2026,10:22:08,0.46,1
Chipping Sparrow,Spizella passerina,2026-04-27T14:21:56Z,27-Apr-2026,10:21:56,0.35,1
Chipping Sparrow,Spizella passerina,2026-04-27T14:21:46Z,27-Apr-2026,10:21:46,0.48,1
Chipping Sparrow,Spizella passerina,2026-04-27T14:21:37Z,27-Apr-2026,10:21:37,0.3,1
Chipping Sparrow,Spizella passerina,2026-04-27T14:21:27Z,27-Apr-2026,10:21:27,0.34,1
Chipping Sparrow,Spizella passerina,2026-04-27T14:21:21Z,27-Apr-2026,10:21:21,0.66,1
Chipping Sparrow,Spizella passerina,2026-04-27T14:21:14Z,27-Apr-2026,10:21:14,0.41,1
Chipping Sparrow,Spizella passerina,2026-04-27T14:21:08Z,27-Apr-2026,10:21:08,0.58,1
Tree Swallow,Tachycineta bicolor,2026-04-27T14:20:55Z,27-Apr-2026,10:20:55,0.37,1
Chipping Sparrow,Spizella passerina,2026-04-27T14:20:48Z,27-Apr-2026,10:20:48,0.33,1
Chipping Sparrow,Spizella passerina,2026-04-27T14:20:35Z,27-Apr-2026,10:20:35,0.29,1
Tree Swallow,Tachycineta bicolor,2026-04-27T14:20:19Z,27-Apr-2026,10:20:19,0.3,1
Chipping Sparrow,Spizella passerina,2026-04-27T14:20:13Z,27-Apr-2026,10:20:13,0.5,1
Chipping Sparrow,Spizella passerina,2026-04-27T14:20:06Z,27-Apr-2026,10:20:06,0.52,1
Chipping Sparrow,Spizella passerina,2026-04-27T14:19:59Z,27-Apr-2026,10:19:59,0.49,1
Palm Warbler,Setophaga palmarum,2026-04-27T14:19:50Z,27-Apr-2026,10:19:50,0.27,1
Tree Swallow,Tachycineta bicolor,2026-04-27T14:19:30Z,27-Apr-2026,10:19:30,0.41,1
Eastern Bluebird,Sialia sialis,2026-04-27T14:18:32Z,27-Apr-2026,10:18:32,0.37,1
Tufted Titmouse,Baeolophus bicolor,2026-04-27T14:18:28Z,27-Apr-2026,10:18:28,0.8,1
Song Sparrow,Melospiza melodia,2026-04-27T14:13:07Z,27-Apr-2026,10:13:07,0.29,1
Downy Woodpecker,Dryobates pubescens,2026-04-27T14:08:28Z,27-Apr-2026,10:08:28,0.9176,5
Tree Swallow,Tachycineta bicolor,2026-04-27T14:08:03Z,27-Apr-2026,10:08:03,0.87,1
Downy Woodpecker,Dryobates pubescens,2026-04-27T14:06:47Z,27-Apr-2026,10:06:47,0.8863,6
Downy Woodpecker,Dryobates pubescens,2026-04-27T14:06:31Z,27-Apr-2026,10:06:31,0.37,1
Downy Woodpecker,Dryobates pubescens,2026-04-27T14:06:19Z,27-Apr-2026,10:06:19,0.45,1
Downy Woodpecker,Dryobates pubescens,2026-04-27T14:05:44Z,27-Apr-2026,10:05:44,0.8627,9
Downy Woodpecker,Dryobates pubescens,2026-04-27T14:04:42Z,27-Apr-2026,10:04:42,0.9255,6
Eastern Bluebird,Sialia sialis,2026-04-27T14:04:01Z,27-Apr-2026,10:04:01,0.91,1
Eastern Bluebird,Sialia sialis,2026-04-27T14:03:49Z,27-Apr-2026,10:03:49,0.51,1
Eastern Bluebird,Sialia sialis,2026-04-27T14:03:43Z,27-Apr-2026,10:03:43,0.99,1
Downy Woodpecker,Dryobates pubescens,2026-04-27T14:03:39Z,27-Apr-2026,10:03:39,0.898,5
Eastern Bluebird,Sialia sialis,2026-04-27T14:03:36Z,27-Apr-2026,10:03:36,0.78,1
Eastern Bluebird,Sialia sialis,2026-04-27T14:03:23Z,27-Apr-2026,10:03:23,0.94,1
Downy Woodpecker,Dryobates pubescens,2026-04-27T14:02:29Z,27-Apr-2026,10:02:29,0.8,8
Downy Woodpecker,Dryobates pubescens,2026-04-27T14:02:11Z,27-Apr-2026,10:02:11,0.3,1
Downy Woodpecker,Dryobates pubescens,2026-04-27T14:01:17Z,27-Apr-2026,10:01:17,0.9255,3
Downy Woodpecker,Dryobates pubescens,2026-04-27T14:00:43Z,27-Apr-2026,10:00:43,0.58,1
Chipping Sparrow,Spizella passerina,2026-04-27T14:00:29Z,27-Apr-2026,10:00:29,0.36,1
Downy Woodpecker,Dryobates pubescens,2026-04-27T14:00:14Z,27-Apr-2026,10:00:14,0.46,1
Downy Woodpecker,Dryobates pubescens,2026-04-27T14:00:11Z,27-Apr-2026,10:00:11,0.9765,2
Chipping Sparrow,Spizella passerina,2026-04-27T14:00:01Z,27-Apr-2026,10:00:01,0.5,1
Chipping Sparrow,Spizella passerina,2026-04-27T13:59:46Z,27-Apr-2026,09:59:46,0.29,1
Downy Woodpecker,Dryobates pubescens,2026-04-27T13:59:04Z,27-Apr-2026,09:59:04,0.8745,7
Downy Woodpecker,Dryobates pubescens,2026-04-27T13:58:57Z,27-Apr-2026,09:58:57,0.34,1
Chipping Sparrow,Spizella passerina,2026-04-27T13:58:30Z,27-Apr-2026,09:58:30,0.33,1
American Robin,Turdus migratorius,2026-04-27T13:57:59Z,27-Apr-2026,09:57:59,0.9412,1
Downy Woodpecker,Dryobates pubescens,2026-04-27T13:57:55Z,27-Apr-2026,09:57:55,0.7804,5
Downy Woodpecker,Dryobates pubescens,2026-04-27T13:57:13Z,27-Apr-2026,09:57:13,0.32,1
Downy Woodpecker,Dryobates pubescens,2026-04-27T13:56:51Z,27-Apr-2026,09:56:51,0.898,9
Downy Woodpecker,Dryobates pubescens,2026-04-27T13:55:44Z,27-Apr-2026,09:55:44,0.8627,5
Downy Woodpecker,Dryobates pubescens,2026-04-27T13:55:05Z,27-Apr-2026,09:55:05,0.39,1
Downy Woodpecker,Dryobates pubescens,2026-04-27T13:54:58Z,27-Apr-2026,09:54:58,0.62,1
Downy Woodpecker,Dryobates pubescens,2026-04-27T13:54:43Z,27-Apr-2026,09:54:43,0.9765,6
Northern Flicker,Colaptes auratus,2026-04-27T13:53:52Z,27-Apr-2026,09:53:52,0.47,1
Downy Woodpecker,Dryobates pubescens,2026-04-27T13:53:38Z,27-Apr-2026,09:53:38,0.9333,1
Northern Flicker,Colaptes auratus,2026-04-27T13:53:25Z,27-Apr-2026,09:53:25,0.29,1
Northern Flicker,Colaptes auratus,2026-04-27T13:52:51Z,27-Apr-2026,09:52:51,0.28,1
Northern Flicker,Colaptes auratus,2026-04-27T13:52:35Z,27-Apr-2026,09:52:35,0.39,1
Downy Woodpecker,Dryobates pubescens,2026-04-27T13:52:22Z,27-Apr-2026,09:52:22,0.9176,1
Chipping Sparrow,Spizella passerina,2026-04-27T13:52:19Z,27-Apr-2026,09:52:19,0.3,1
Northern Flicker,Colaptes auratus,2026-04-27T13:51:45Z,27-Apr-2026,09:51:45,0.67,1
Northern Flicker,Colaptes auratus,2026-04-27T13:51:16Z,27-Apr-2026,09:51:16,0.33,1
Downy Woodpecker,Dryobates pubescens,2026-04-27T13:50:47Z,27-Apr-2026,09:50:47,0.8863,3
Downy Woodpecker,Dryobates pubescens,2026-04-27T13:50:43Z,27-Apr-2026,09:50:43,0.9,1
Northern Flicker,Colaptes auratus,2026-04-27T13:50:31Z,27-Apr-2026,09:50:31,0.43,1
Chipping Sparrow,Spizella passerina,2026-04-27T13:50:25Z,27-Apr-2026,09:50:25,0.38,1
Chipping Sparrow,Spizella passerina,2026-04-27T13:50:18Z,27-Apr-2026,09:50:18,0.46,1
Downy Woodpecker,Dryobates pubescens,2026-04-27T13:49:46Z,27-Apr-2026,09:49:46,0.9098,1
Northern Flicker,Colaptes auratus,2026-04-27T13:49:26Z,27-Apr-2026,09:49:26,0.41,1
Downy Woodpecker,Dryobates pubescens,2026-04-27T13:49:04Z,27-Apr-2026,09:49:04,0.33,1
Downy Woodpecker,Dryobates pubescens,2026-04-27T13:48:41Z,27-Apr-2026,09:48:41,0.9765,9
Downy Woodpecker,Dryobates pubescens,2026-04-27T13:48:38Z,27-Apr-2026,09:48:38,0.42,1
Downy Woodpecker,Dryobates pubescens,2026-04-27T13:48:31Z,27-Apr-2026,09:48:31,0.26,1
Downy Woodpecker,Dryobates pubescens,2026-04-27T13:47:37Z,27-Apr-2026,09:47:37,0.8471,11
Downy Woodpecker,Dryobates pubescens,2026-04-27T13:47:02Z,27-Apr-2026,09:47:02,0.51,1
Downy Woodpecker,Dryobates pubescens,2026-04-27T13:46:53Z,27-Apr-2026,09:46:53,0.4,1
Eastern Bluebird,Sialia sialis,2026-04-27T13:46:46Z,27-Apr-2026,09:46:46,0.56,1
Downy Woodpecker,Dryobates pubescens,2026-04-27T13:46:34Z,27-Apr-2026,09:46:34,0.9529,4
Eastern Bluebird,Sialia sialis,2026-04-27T13:46:03Z,27-Apr-2026,09:46:03,0.44,1
Downy Woodpecker,Dryobates pubescens,2026-04-27T13:45:32Z,27-Apr-2026,09:45:32,0.8314,3
Downy Woodpecker,Dryobates pubescens,2026-04-27T13:44:25Z,27-Apr-2026,09:44:25,0.9647,1
Downy Woodpecker,Dryobates pubescens,2026-04-27T13:44:18Z,27-Apr-2026,09:44:18,0.56,1
Chipping Sparrow,Spizella passerina,2026-04-27T13:43:40Z,27-Apr-2026,09:43:40,0.52,1
Chipping Sparrow,Spizella passerina,2026-04-27T13:43:27Z,27-Apr-2026,09:43:27,0.48,1
Chipping Sparrow,Spizella passerina,2026-04-27T13:41:17Z,27-Apr-2026,09:41:17,0.36,1
Tree Swallow,Tachycineta bicolor,2026-04-27T13:40:21Z,27-Apr-2026,09:40:21,0.41,1
Tree Swallow,Tachycineta bicolor,2026-04-27T13:40:15Z,27-Apr-2026,09:40:15,0.36,1
White-breasted Nuthatch,Sitta carolinensis,2026-04-27T13:38:38Z,27-Apr-2026,09:38:38,0.77,1
White-breasted Nuthatch,Sitta carolinensis,2026-04-27T13:38:31Z,27-Apr-2026,09:38:31,0.75,1
White-breasted Nuthatch,Sitta carolinensis,2026-04-27T13:38:14Z,27-Apr-2026,09:38:14,0.51,1
White-breasted Nuthatch,Sitta carolinensis,2026-04-27T13:38:08Z,27-Apr-2026,09:38:08,0.53,1
White-breasted Nuthatch,Sitta carolinensis,2026-04-27T13:37:55Z,27-Apr-2026,09:37:55,0.94,1
White-breasted Nuthatch,Sitta carolinensis,2026-04-27T13:37:41Z,27-Apr-2026,09:37:41,0.63,1
White-breasted Nuthatch,Sitta carolinensis,2026-04-27T13:37:34Z,27-Apr-2026,09:37:34,0.5,1
American Robin,Turdus migratorius,2026-04-27T13:37:31Z,27-Apr-2026,09:37:31,0.8,1
White-breasted Nuthatch,Sitta carolinensis,2026-04-27T13:37:24Z,27-Apr-2026,09:37:24,0.56,1
White-breasted Nuthatch,Sitta carolinensis,2026-04-27T13:36:53Z,27-Apr-2026,09:36:53,0.78,1
White-breasted Nuthatch,Sitta carolinensis,2026-04-27T13:36:44Z,27-Apr-2026,09:36:44,0.84,1
White-breasted Nuthatch,Sitta carolinensis,2026-04-27T13:36:37Z,27-Apr-2026,09:36:37,0.92,1
White-breasted Nuthatch,Sitta carolinensis,2026-04-27T13:36:27Z,27-Apr-2026,09:36:27,0.87,1
Northern Flicker,Colaptes auratus,2026-04-27T13:35:49Z,27-Apr-2026,09:35:49,0.53,1
Northern Flicker,Colaptes auratus,2026-04-27T13:35:37Z,27-Apr-2026,09:35:37,0.44,1
Blue Jay,Cyanocitta cristata,2026-04-27T13:34:31Z,27-Apr-2026,09:34:31,0.8157,1
Chipping Sparrow,Spizella passerina,2026-04-27T13:33:35Z,27-Apr-2026,09:33:35,0.29,1
Blue Jay,Cyanocitta cristata,2026-04-27T13:32:48Z,27-Apr-2026,09:32:48,0.8471,1
Downy Woodpecker,Dryobates pubescens,2026-04-27T13:32:38Z,27-Apr-2026,09:32:38,0.47,1
Downy Woodpecker,Dryobates pubescens,2026-04-27T13:32:31Z,27-Apr-2026,09:32:31,0.3,1
Chipping Sparrow,Spizella passerina,2026-04-27T13:31:47Z,27-Apr-2026,09:31:47,0.37,1
Chipping Sparrow,Spizella passerina,2026-04-27T13:31:09Z,27-Apr-2026,09:31:09,0.49,1
Palm Warbler,Setophaga palmarum,2026-04-27T13:30:50Z,27-Apr-2026,09:30:50,0.37,1
Chipping Sparrow,Spizella passerina,2026-04-27T13:30:28Z,27-Apr-2026,09:30:28,0.38,1
Chipping Sparrow,Spizella passerina,2026-04-27T13:30:18Z,27-Apr-2026,09:30:18,0.54,1
Chipping Sparrow,Spizella passerina,2026-04-27T13:30:11Z,27-Apr-2026,09:30:11,0.44,1
Chipping Sparrow,Spizella passerina,2026-04-27T13:29:43Z,27-Apr-2026,09:29:43,0.35,1
Chipping Sparrow,Spizella passerina,2026-04-27T13:28:52Z,27-Apr-2026,09:28:52,0.32,1
Chipping Sparrow,Spizella passerina,2026-04-27T13:28:33Z,27-Apr-2026,09:28:33,0.35,1
Chipping Sparrow,Spizella passerina,2026-04-27T13:28:24Z,27-Apr-2026,09:28:24,0.47,1
Chipping Sparrow,Spizella passerina,2026-04-27T13:28:14Z,27-Apr-2026,09:28:14,0.52,1
Chipping Sparrow,Spizella passerina,2026-04-27T13:27:55Z,27-Apr-2026,09:27:55,0.49,1
Chipping Sparrow,Spizella passerina,2026-04-27T13:27:06Z,27-Apr-2026,09:27:06,0.61,1
Chipping Sparrow,Spizella passerina,2026-04-27T13:26:22Z,27-Apr-2026,09:26:22,0.35,1
Chipping Sparrow,Spizella passerina,2026-04-27T13:25:31Z,27-Apr-2026,09:25:31,0.49,1
Chipping Sparrow,Spizella passerina,2026-04-27T13:24:27Z,27-Apr-2026,09:24:27,0.47,1
Chipping Sparrow,Spizella passerina,2026-04-27T13:24:14Z,27-Apr-2026,09:24:14,0.33,1
Chipping Sparrow,Spizella passerina,2026-04-27T13:24:04Z,27-Apr-2026,09:24:04,0.35,1
Red-shouldered Hawk,Buteo lineatus,2026-04-27T13:23:43Z,27-Apr-2026,09:23:43,0.94,1
Chipping Sparrow,Spizella passerina,2026-04-27T13:23:21Z,27-Apr-2026,09:23:21,0.4,1
Chipping Sparrow,Spizella passerina,2026-04-27T13:23:14Z,27-Apr-2026,09:23:14,0.6,1
Chipping Sparrow,Spizella passerina,2026-04-27T13:23:02Z,27-Apr-2026,09:23:02,0.5,1
Chipping Sparrow,Spizella passerina,2026-04-27T13:22:49Z,27-Apr-2026,09:22:49,0.44,1
Chipping Sparrow,Spizella passerina,2026-04-27T13:22:27Z,27-Apr-2026,09:22:27,0.42,1
Northern Flicker,Colaptes auratus,2026-04-27T13:21:45Z,27-Apr-2026,09:21:45,0.67,1
Chipping Sparrow,Spizella passerina,2026-04-27T13:21:26Z,27-Apr-2026,09:21:26,0.43,1
Palm Warbler,Setophaga palmarum,2026-04-27T13:20:16Z,27-Apr-2026,09:20:16,0.4,1
Chipping Sparrow,Spizella passerina,2026-04-27T13:20:00Z,27-Apr-2026,09:20:00,0.36,1
Northern Flicker,Colaptes auratus,2026-04-27T13:18:59Z,27-Apr-2026,09:18:59,0.29,1
Chipping Sparrow,Spizella passerina,2026-04-27T13:18:50Z,27-Apr-2026,09:18:50,0.27,1
American Crow,Corvus brachyrhynchos,2026-04-27T13:18:13Z,27-Apr-2026,09:18:13,0.7804,1
Northern Flicker,Colaptes auratus,2026-04-27T13:17:50Z,27-Apr-2026,09:17:50,0.35,1
Northern Flicker,Colaptes auratus,2026-04-27T13:17:28Z,27-Apr-2026,09:17:28,0.31,1
Tree Swallow,Tachycineta bicolor,2026-04-27T13:17:07Z,27-Apr-2026,09:17:07,0.37,1
Chipping Sparrow,Spizella passerina,2026-04-27T13:15:33Z,27-Apr-2026,09:15:33,0.32,1
Chipping Sparrow,Spizella passerina,2026-04-27T13:15:21Z,27-Apr-2026,09:15:21,0.39,1
Chipping Sparrow,Spizella passerina,2026-04-27T13:14:59Z,27-Apr-2026,09:14:59,0.49,1
Chipping Sparrow,Spizella passerina,2026-04-27T13:14:49Z,27-Apr-2026,09:14:49,0.3,1
Chipping Sparrow,Spizella passerina,2026-04-27T13:13:56Z,27-Apr-2026,09:13:56,0.31,1
Chipping Sparrow,Spizella passerina,2026-04-27T13:13:42Z,27-Apr-2026,09:13:42,0.33,1
Chipping Sparrow,Spizella passerina,2026-04-27T13:13:35Z,27-Apr-2026,09:13:35,0.44,1
Chipping Sparrow,Spizella passerina,2026-04-27T13:13:22Z,27-Apr-2026,09:13:22,0.34,1
Chipping Sparrow,Spizella passerina,2026-04-27T13:13:13Z,27-Apr-2026,09:13:13,0.38,1
Palm Warbler,Setophaga palmarum,2026-04-27T13:13:00Z,27-Apr-2026,09:13:00,0.26,1
Chipping Sparrow,Spizella passerina,2026-04-27T13:12:41Z,27-Apr-2026,09:12:41,0.44,1
Chipping Sparrow,Spizella passerina,2026-04-27T13:12:12Z,27-Apr-2026,09:12:12,0.32,1
Chipping Sparrow,Spizella passerina,2026-04-27T13:11:59Z,27-Apr-2026,09:11:59,0.5,1
Eastern Bluebird,Sialia sialis,2026-04-27T13:11:46Z,27-Apr-2026,09:11:46,0.89,1
Eastern Bluebird,Sialia sialis,2026-04-27T13:11:39Z,27-Apr-2026,09:11:39,0.88,1
Eastern Bluebird,Sialia sialis,2026-04-27T13:11:32Z,27-Apr-2026,09:11:32,0.95,1
Eastern Bluebird,Sialia sialis,2026-04-27T13:11:26Z,27-Apr-2026,09:11:26,0.98,1
Eastern Bluebird,Sialia sialis,2026-04-27T13:11:19Z,27-Apr-2026,09:11:19,0.29,1
Palm Warbler,Setophaga palmarum,2026-04-27T13:08:50Z,27-Apr-2026,09:08:50,0.26,1
Chipping Sparrow,Spizella passerina,2026-04-27T13:08:43Z,27-Apr-2026,09:08:43,0.47,1
Chipping Sparrow,Spizella passerina,2026-04-27T13:08:33Z,27-Apr-2026,09:08:33,0.64,1
Chipping Sparrow,Spizella passerina,2026-04-27T13:07:52Z,27-Apr-2026,09:07:52,0.87,1
Chipping Sparrow,Spizella passerina,2026-04-27T13:07:17Z,27-Apr-2026,09:07:17,0.55,1
Chipping Sparrow,Spizella passerina,2026-04-27T13:07:05Z,27-Apr-2026,09:07:05,0.4,1
Chipping Sparrow,Spizella passerina,2026-04-27T13:06:55Z,27-Apr-2026,09:06:55,0.45,1
Chipping Sparrow,Spizella passerina,2026-04-27T13:06:46Z,27-Apr-2026,09:06:46,0.72,1
Tree Swallow,Tachycineta bicolor,2026-04-27T13:05:15Z,27-Apr-2026,09:05:15,0.31,1
Chipping Sparrow,Spizella passerina,2026-04-27T13:03:06Z,27-Apr-2026,09:03:06,0.3,1
Blue Jay,Cyanocitta cristata,2026-04-27T13:02:56Z,27-Apr-2026,09:02:56,0.8157,1
Chipping Sparrow,Spizella passerina,2026-04-27T13:02:50Z,27-Apr-2026,09:02:50,0.33,1
Chipping Sparrow,Spizella passerina,2026-04-27T13:02:05Z,27-Apr-2026,09:02:05,0.4,1
Chipping Sparrow,Spizella passerina,2026-04-27T13:01:27Z,27-Apr-2026,09:01:27,0.33,1
Chipping Sparrow,Spizella passerina,2026-04-27T13:01:11Z,27-Apr-2026,09:01:11,0.29,1
Chipping Sparrow,Spizella passerina,2026-04-27T13:00:48Z,27-Apr-2026,09:00:48,0.37,1
Chipping Sparrow,Spizella passerina,2026-04-27T13:00:08Z,27-Apr-2026,09:00:08,0.32,1
Chipping Sparrow,Spizella passerina,2026-04-27T12:59:58Z,27-Apr-2026,08:59:58,0.29,1
Chipping Sparrow,Spizella passerina,2026-04-27T12:59:36Z,27-Apr-2026,08:59:36,0.27,1
Chipping Sparrow,Spizella passerina,2026-04-27T12:59:17Z,27-Apr-2026,08:59:17,0.45,1
Chipping Sparrow,Spizella passerina,2026-04-27T12:58:51Z,27-Apr-2026,08:58:51,0.42,1
Common Raven,Corvus corax,2026-04-27T12:58:44Z,27-Apr-2026,08:58:44,0.37,1
Chipping Sparrow,Spizella passerina,2026-04-27T12:58:34Z,27-Apr-2026,08:58:34,0.36,1
Chipping Sparrow,Spizella passerina,2026-04-27T12:58:19Z,27-Apr-2026,08:58:19,0.29,1
Chipping Sparrow,Spizella passerina,2026-04-27T12:57:37Z,27-Apr-2026,08:57:37,0.51,1
Chipping Sparrow,Spizella passerina,2026-04-27T12:56:59Z,27-Apr-2026,08:56:59,0.35,1
Chipping Sparrow,Spizella passerina,2026-04-27T12:56:52Z,27-Apr-2026,08:56:52,0.43,1
Chipping Sparrow,Spizella passerina,2026-04-27T12:55:07Z,27-Apr-2026,08:55:07,0.27,1
Eastern Bluebird,Sialia sialis,2026-04-27T12:54:52Z,27-Apr-2026,08:54:52,0.82,1
Chipping Sparrow,Spizella passerina,2026-04-27T12:54:32Z,27-Apr-2026,08:54:32,0.46,1
Eastern Bluebird,Sialia sialis,2026-04-27T12:54:20Z,27-Apr-2026,08:54:20,0.27,1
American Robin,Turdus migratorius,2026-04-27T12:54:04Z,27-Apr-2026,08:54:04,0.31,1
Eastern Bluebird,Sialia sialis,2026-04-27T12:53:55Z,27-Apr-2026,08:53:55,0.32,1
American Robin,Turdus migratorius,2026-04-27T12:52:41Z,27-Apr-2026,08:52:41,0.28,1
American Robin,Turdus migratorius,2026-04-27T12:52:34Z,27-Apr-2026,08:52:34,0.28,1
American Robin,Turdus migratorius,2026-04-27T12:51:50Z,27-Apr-2026,08:51:50,0.38,1
Eastern Bluebird,Sialia sialis,2026-04-27T12:51:44Z,27-Apr-2026,08:51:44,0.79,1
American Robin,Turdus migratorius,2026-04-27T12:51:40Z,27-Apr-2026,08:51:40,0.8157,2
American Robin,Turdus migratorius,2026-04-27T12:50:58Z,27-Apr-2026,08:50:58,0.45,1
American Robin,Turdus migratorius,2026-04-27T12:50:49Z,27-Apr-2026,08:50:49,0.72,1
American Robin,Turdus migratorius,2026-04-27T12:50:43Z,27-Apr-2026,08:50:43,0.6,1
Eastern Bluebird,Sialia sialis,2026-04-27T12:50:36Z,27-Apr-2026,08:50:36,0.78,1
American Robin,Turdus migratorius,2026-04-27T12:50:30Z,27-Apr-2026,08:50:30,0.35,1
American Robin,Turdus migratorius,2026-04-27T12:50:27Z,27-Apr-2026,08:50:27,0.8157,1
American Robin,Turdus migratorius,2026-04-27T12:50:14Z,27-Apr-2026,08:50:14,0.29,1
American Robin,Turdus migratorius,2026-04-27T12:48:54Z,27-Apr-2026,08:48:54,0.42,1
American Robin,Turdus migratorius,2026-04-27T12:48:50Z,27-Apr-2026,08:48:50,0.8627,1
American Robin,Turdus migratorius,2026-04-27T12:48:44Z,27-Apr-2026,08:48:44,0.29,1
American Robin,Turdus migratorius,2026-04-27T12:48:37Z,27-Apr-2026,08:48:37,0.45,1
Chipping Sparrow,Spizella passerina,2026-04-27T12:48:15Z,27-Apr-2026,08:48:15,0.41,1
Chipping Sparrow,Spizella passerina,2026-04-27T12:47:54Z,27-Apr-2026,08:47:54,0.59,1
Palm Warbler,Setophaga palmarum,2026-04-27T12:47:22Z,27-Apr-2026,08:47:22,0.42,1
Chipping Sparrow,Spizella passerina,2026-04-27T12:47:13Z,27-Apr-2026,08:47:13,0.36,1
American Robin,Turdus migratorius,2026-04-27T12:46:47Z,27-Apr-2026,08:46:47,0.8627,2
Chipping Sparrow,Spizella passerina,2026-04-27T12:45:59Z,27-Apr-2026,08:45:59,0.29,1
Chipping Sparrow,Spizella passerina,2026-04-27T12:45:49Z,27-Apr-2026,08:45:49,0.27,1
Blue Jay,Cyanocitta cristata,2026-04-27T12:45:00Z,27-Apr-2026,08:45:00,0.8863,1
Chipping Sparrow,Spizella passerina,2026-04-27T12:44:56Z,27-Apr-2026,08:44:56,0.26,1
Chipping Sparrow,Spizella passerina,2026-04-27T12:44:27Z,27-Apr-2026,08:44:27,0.29,1
American Goldfinch,Spinus tristis,2026-04-27T12:43:38Z,27-Apr-2026,08:43:38,0.8,1
American Robin,Turdus migratorius,2026-04-27T12:43:28Z,27-Apr-2026,08:43:28,0.27,1
White-breasted Nuthatch,Sitta carolinensis,2026-04-27T12:42:56Z,27-Apr-2026,08:42:56,0.62,1
White-breasted Nuthatch,Sitta carolinensis,2026-04-27T12:42:43Z,27-Apr-2026,08:42:43,0.81,1
White-breasted Nuthatch,Sitta carolinensis,2026-04-27T12:42:37Z,27-Apr-2026,08:42:37,0.59,1
American Robin,Turdus migratorius,2026-04-27T12:42:30Z,27-Apr-2026,08:42:30,0.9098,2
White-breasted Nuthatch,Sitta carolinensis,2026-04-27T12:42:27Z,27-Apr-2026,08:42:27,0.63,1
Blue Jay,Cyanocitta cristata,2026-04-27T12:42:23Z,27-Apr-2026,08:42:23,0.8,1
White-breasted Nuthatch,Sitta carolinensis,2026-04-27T12:42:17Z,27-Apr-2026,08:42:17,0.84,1
White-breasted Nuthatch,Sitta carolinensis,2026-04-27T12:42:11Z,27-Apr-2026,08:42:11,0.76,1
Chipping Sparrow,Spizella passerina,2026-04-27T12:41:57Z,27-Apr-2026,08:41:57,0.31,1
White-breasted Nuthatch,Sitta carolinensis,2026-04-27T12:41:50Z,27-Apr-2026,08:41:50,0.72,1
Palm Warbler,Setophaga palmarum,2026-04-27T12:41:34Z,27-Apr-2026,08:41:34,0.32,1
Chipping Sparrow,Spizella passerina,2026-04-27T12:39:31Z,27-Apr-2026,08:39:31,0.34,1
American Robin,Turdus migratorius,2026-04-27T12:38:55Z,27-Apr-2026,08:38:55,0.8157,1
American Robin,Turdus migratorius,2026-04-27T12:37:28Z,27-Apr-2026,08:37:28,0.28,1
Chipping Sparrow,Spizella passerina,2026-04-27T12:34:52Z,27-Apr-2026,08:34:52,0.51,1
Blue Jay,Cyanocitta cristata,2026-04-27T12:34:45Z,27-Apr-2026,08:34:45,0.36,1
Bohemian Waxwing,Bombycilla garrulus,2026-04-27T12:34:39Z,27-Apr-2026,08:34:39,0.47,1
Chipping Sparrow,Spizella passerina,2026-04-27T12:34:32Z,27-Apr-2026,08:34:32,0.45,1
Blue Jay,Cyanocitta cristata,2026-04-27T12:34:23Z,27-Apr-2026,08:34:23,0.32,1
Chipping Sparrow,Spizella passerina,2026-04-27T12:34:13Z,27-Apr-2026,08:34:13,0.44,1
Palm Warbler,Setophaga palmarum,2026-04-27T12:33:58Z,27-Apr-2026,08:33:58,0.36,1
Palm Warbler,Setophaga palmarum,2026-04-27T12:33:45Z,27-Apr-2026,08:33:45,0.54,1
Chipping Sparrow,Spizella passerina,2026-04-27T12:33:38Z,27-Apr-2026,08:33:38,0.54,1
Chipping Sparrow,Spizella passerina,2026-04-27T12:33:25Z,27-Apr-2026,08:33:25,0.4,1
Palm Warbler,Setophaga palmarum,2026-04-27T12:33:16Z,27-Apr-2026,08:33:16,0.55,1
Chipping Sparrow,Spizella passerina,2026-04-27T12:33:06Z,27-Apr-2026,08:33:06,0.37,1
Chipping Sparrow,Spizella passerina,2026-04-27T12:32:57Z,27-Apr-2026,08:32:57,0.68,1
Chipping Sparrow,Spizella passerina,2026-04-27T12:32:19Z,27-Apr-2026,08:32:19,0.53,1
Chipping Sparrow,Spizella passerina,2026-04-27T12:31:49Z,27-Apr-2026,08:31:49,0.33,1
Chipping Sparrow,Spizella passerina,2026-04-27T12:31:12Z,27-Apr-2026,08:31:12,0.49,1
Chipping Sparrow,Spizella passerina,2026-04-27T12:30:37Z,27-Apr-2026,08:30:37,0.36,1
Chipping Sparrow,Spizella passerina,2026-04-27T12:30:07Z,27-Apr-2026,08:30:07,0.26,1
Chipping Sparrow,Spizella passerina,2026-04-27T12:29:45Z,27-Apr-2026,08:29:45,0.29,1
Chipping Sparrow,Spizella passerina,2026-04-27T12:28:05Z,27-Apr-2026,08:28:05,0.56,1
Chipping Sparrow,Spizella passerina,2026-04-27T12:27:56Z,27-Apr-2026,08:27:56,0.57,1
Chipping Sparrow,Spizella passerina,2026-04-27T12:27:43Z,27-Apr-2026,08:27:43,0.49,1
Chipping Sparrow,Spizella passerina,2026-04-27T12:27:33Z,27-Apr-2026,08:27:33,0.57,1
Chipping Sparrow,Spizella passerina,2026-04-27T12:27:23Z,27-Apr-2026,08:27:23,0.31,1
Veery,Catharus fuscescens,2026-04-27T12:27:17Z,27-Apr-2026,08:27:17,0.27,1
Chipping Sparrow,Spizella passerina,2026-04-27T12:26:51Z,27-Apr-2026,08:26:51,0.71,1
Palm Warbler,Setophaga palmarum,2026-04-27T12:26:35Z,27-Apr-2026,08:26:35,0.38,1
Chipping Sparrow,Spizella passerina,2026-04-27T12:26:28Z,27-Apr-2026,08:26:28,0.63,1
Chipping Sparrow,Spizella passerina,2026-04-27T12:26:22Z,27-Apr-2026,08:26:22,0.44,1
Chipping Sparrow,Spizella passerina,2026-04-27T12:26:09Z,27-Apr-2026,08:26:09,0.56,1
Chipping Sparrow,Spizella passerina,2026-04-27T12:26:02Z,27-Apr-2026,08:26:02,0.69,1
Chipping Sparrow,Spizella passerina,2026-04-27T12:25:56Z,27-Apr-2026,08:25:56,0.64,1
Tree Swallow,Tachycineta bicolor,2026-04-27T12:24:52Z,27-Apr-2026,08:24:52,0.59,1
Tree Swallow,Tachycineta bicolor,2026-04-27T12:24:46Z,27-Apr-2026,08:24:46,0.78,1
White-breasted Nuthatch,Sitta carolinensis,2026-04-27T12:24:26Z,27-Apr-2026,08:24:26,0.55,1
Eastern Bluebird,Sialia sialis,2026-04-27T12:24:07Z,27-Apr-2026,08:24:07,0.86,1
White-breasted Nuthatch,Sitta carolinensis,2026-04-27T12:23:47Z,27-Apr-2026,08:23:47,0.66,1
Chipping Sparrow,Spizella passerina,2026-04-27T12:21:05Z,27-Apr-2026,08:21:05,0.52,1
Chipping Sparrow,Spizella passerina,2026-04-27T12:20:52Z,27-Apr-2026,08:20:52,0.63,1
White-breasted Nuthatch,Sitta carolinensis,2026-04-27T12:20:26Z,27-Apr-2026,08:20:26,0.62,1
White-breasted Nuthatch,Sitta carolinensis,2026-04-27T12:20:19Z,27-Apr-2026,08:20:19,0.86,1
White-breasted Nuthatch,Sitta carolinensis,2026-04-27T12:20:13Z,27-Apr-2026,08:20:13,0.84,1
White-breasted Nuthatch,Sitta carolinensis,2026-04-27T12:20:03Z,27-Apr-2026,08:20:03,0.64,1
Chipping Sparrow,Spizella passerina,2026-04-27T12:19:47Z,27-Apr-2026,08:19:47,0.28,1
White-breasted Nuthatch,Sitta carolinensis,2026-04-27T12:19:40Z,27-Apr-2026,08:19:40,0.61,1
White-breasted Nuthatch,Sitta carolinensis,2026-04-27T12:19:34Z,27-Apr-2026,08:19:34,0.78,1
White-breasted Nuthatch,Sitta carolinensis,2026-04-27T12:19:27Z,27-Apr-2026,08:19:27,0.54,1
White-breasted Nuthatch,Sitta carolinensis,2026-04-27T12:19:20Z,27-Apr-2026,08:19:20,0.46,1
Chipping Sparrow,Spizella passerina,2026-04-27T12:18:39Z,27-Apr-2026,08:18:39,0.28,1
Chipping Sparrow,Spizella passerina,2026-04-27T12:17:44Z,27-Apr-2026,08:17:44,0.31,1
Chipping Sparrow,Spizella passerina,2026-04-27T12:17:38Z,27-Apr-2026,08:17:38,0.28,1
Northern Flicker,Colaptes auratus,2026-04-27T12:17:19Z,27-Apr-2026,08:17:19,0.35,1
Chipping Sparrow,Spizella passerina,2026-04-27T12:17:12Z,27-Apr-2026,08:17:12,0.47,1
Downy Woodpecker,Dryobates pubescens,2026-04-27T12:16:56Z,27-Apr-2026,08:16:56,0.8471,1
Blue Jay,Cyanocitta cristata,2026-04-27T12:16:44Z,27-Apr-2026,08:16:44,0.41,1
Blue Jay,Cyanocitta cristata,2026-04-27T12:16:40Z,27-Apr-2026,08:16:40,0.8471,1
Eastern Bluebird,Sialia sialis,2026-04-27T12:15:49Z,27-Apr-2026,08:15:49,0.3,1
American Goldfinch,Spinus tristis,2026-04-27T12:14:52Z,27-Apr-2026,08:14:52,0.898,3
American Goldfinch,Spinus tristis,2026-04-27T12:13:33Z,27-Apr-2026,08:13:33,0.9529,1
Chipping Sparrow,Spizella passerina,2026-04-27T12:12:57Z,27-Apr-2026,08:12:57,0.29,1
Chipping Sparrow,Spizella passerina,2026-04-27T12:12:50Z,27-Apr-2026,08:12:50,0.34,1
Chipping Sparrow,Spizella passerina,2026-04-27T12:12:40Z,27-Apr-2026,08:12:40,0.36,1
Chipping Sparrow,Spizella passerina,2026-04-27T12:12:11Z,27-Apr-2026,08:12:11,0.27,1
Tree Swallow,Tachycineta bicolor,2026-04-27T12:11:35Z,27-Apr-2026,08:11:35,0.3,1
Chipping Sparrow,Spizella passerina,2026-04-27T12:11:09Z,27-Apr-2026,08:11:09,0.29,1
Chipping Sparrow,Spizella passerina,2026-04-27T12:10:41Z,27-Apr-2026,08:10:41,0.5,1
Eastern Bluebird,Sialia sialis,2026-04-27T12:10:35Z,27-Apr-2026,08:10:35,0.29,1
Chipping Sparrow,Spizella passerina,2026-04-27T12:10:28Z,27-Apr-2026,08:10:28,0.44,1
Chipping Sparrow,Spizella passerina,2026-04-27T12:09:33Z,27-Apr-2026,08:09:33,0.41,1
Palm Warbler,Setophaga palmarum,2026-04-27T12:09:07Z,27-Apr-2026,08:09:07,0.41,1
Palm Warbler,Setophaga palmarum,2026-04-27T12:08:54Z,27-Apr-2026,08:08:54,0.5,1
Chipping Sparrow,Spizella passerina,2026-04-27T12:08:31Z,27-Apr-2026,08:08:31,0.28,1
American Robin,Turdus migratorius,2026-04-27T12:07:27Z,27-Apr-2026,08:07:27,0.7804,2
Chipping Sparrow,Spizella passerina,2026-04-27T12:06:50Z,27-Apr-2026,08:06:50,0.26,1
Chipping Sparrow,Spizella passerina,2026-04-27T12:04:04Z,27-Apr-2026,08:04:04,0.26,1
Chipping Sparrow,Spizella passerina,2026-04-27T12:03:13Z,27-Apr-2026,08:03:13,0.47,1
Northern Flicker,Colaptes auratus,2026-04-27T12:03:04Z,27-Apr-2026,08:03:04,0.28,1
Chipping Sparrow,Spizella passerina,2026-04-27T12:02:57Z,27-Apr-2026,08:02:57,0.53,1
Chipping Sparrow,Spizella passerina,2026-04-27T12:02:51Z,27-Apr-2026,08:02:51,0.26,1
Chipping Sparrow,Spizella passerina,2026-04-27T12:02:38Z,27-Apr-2026,08:02:38,0.37,1
Chipping Sparrow,Spizella passerina,2026-04-27T12:02:31Z,27-Apr-2026,08:02:31,0.69,1
Chipping Sparrow,Spizella passerina,2026-04-27T12:02:10Z,27-Apr-2026,08:02:10,0.41,1
Chipping Sparrow,Spizella passerina,2026-04-27T12:01:57Z,27-Apr-2026,08:01:57,0.44,1
American Robin,Turdus migratorius,2026-04-27T12:01:41Z,27-Apr-2026,08:01:41,0.8157,1
Chipping Sparrow,Spizella passerina,2026-04-27T12:01:35Z,27-Apr-2026,08:01:35,0.36,1
Blue Jay,Cyanocitta cristata,2026-04-27T12:01:00Z,27-Apr-2026,08:01:00,0.8,1
Blue Jay,Cyanocitta cristata,2026-04-27T12:00:56Z,27-Apr-2026,08:00:56,0.69,1
Gray Catbird,Dumetella carolinensis,2026-04-27T11:57:48Z,27-Apr-2026,07:57:48,0.35,1
Chipping Sparrow,Spizella passerina,2026-04-27T11:57:22Z,27-Apr-2026,07:57:22,0.5,1
Chipping Sparrow,Spizella passerina,2026-04-27T11:57:03Z,27-Apr-2026,07:57:03,0.51,1
Chipping Sparrow,Spizella passerina,2026-04-27T11:56:57Z,27-Apr-2026,07:56:57,0.67,1
Chipping Sparrow,Spizella passerina,2026-04-27T11:56:38Z,27-Apr-2026,07:56:38,0.53,1
Chipping Sparrow,Spizella passerina,2026-04-27T11:56:31Z,27-Apr-2026,07:56:31,0.44,1
Chipping Sparrow,Spizella passerina,2026-04-27T11:55:16Z,27-Apr-2026,07:55:16,0.5,1
Blue Jay,Cyanocitta cristata,2026-04-27T11:54:50Z,27-Apr-2026,07:54:50,0.52,1
Chipping Sparrow,Spizella passerina,2026-04-27T11:54:38Z,27-Apr-2026,07:54:38,0.47,1
Blue Jay,Cyanocitta cristata,2026-04-27T11:54:34Z,27-Apr-2026,07:54:34,0.898,4
Chipping Sparrow,Spizella passerina,2026-04-27T11:54:31Z,27-Apr-2026,07:54:31,0.3,1
Palm Warbler,Setophaga palmarum,2026-04-27T11:54:13Z,27-Apr-2026,07:54:13,0.31,1
Chipping Sparrow,Spizella passerina,2026-04-27T11:53:41Z,27-Apr-2026,07:53:41,0.61,1
Blue Jay,Cyanocitta cristata,2026-04-27T11:53:34Z,27-Apr-2026,07:53:34,0.42,1
Blue Jay,Cyanocitta cristata,2026-04-27T11:53:31Z,27-Apr-2026,07:53:31,0.7804,14
Blue Jay,Cyanocitta cristata,2026-04-27T11:53:20Z,27-Apr-2026,07:53:20,0.48,1
Blue Jay,Cyanocitta cristata,2026-04-27T11:52:50Z,27-Apr-2026,07:52:50,0.46,1
Blue Jay,Cyanocitta cristata,2026-04-27T11:52:29Z,27-Apr-2026,07:52:29,0.8863,11
Blue Jay,Cyanocitta cristata,2026-04-27T11:52:26Z,27-Apr-2026,07:52:26,0.46,1
Chipping Sparrow,Spizella passerina,2026-04-27T11:52:13Z,27-Apr-2026,07:52:13,0.45,1
Blue Jay,Cyanocitta cristata,2026-04-27T11:51:57Z,27-Apr-2026,07:51:57,0.37,1
Chipping Sparrow,Spizella passerina,2026-04-27T11:51:45Z,27-Apr-2026,07:51:45,0.31,1
Blue Jay,Cyanocitta cristata,2026-04-27T11:51:26Z,27-Apr-2026,07:51:26,0.29,1
Blue Jay,Cyanocitta cristata,2026-04-27T11:51:19Z,27-Apr-2026,07:51:19,0.8,14
Blue Jay,Cyanocitta cristata,2026-04-27T11:50:32Z,27-Apr-2026,07:50:32,0.34,1
Chipping Sparrow,Spizella passerina,2026-04-27T11:50:14Z,27-Apr-2026,07:50:14,0.53,1
Blue Jay,Cyanocitta cristata,2026-04-27T11:50:10Z,27-Apr-2026,07:50:10,0.8745,1
Chipping Sparrow,Spizella passerina,2026-04-27T11:49:18Z,27-Apr-2026,07:49:18,0.29,1
Chipping Sparrow,Spizella passerina,2026-04-27T11:49:07Z,27-Apr-2026,07:49:07,0.35,1
Chipping Sparrow,Spizella passerina,2026-04-27T11:48:26Z,27-Apr-2026,07:48:26,0.27,1
Chipping Sparrow,Spizella passerina,2026-04-27T11:47:23Z,27-Apr-2026,07:47:23,0.83,1
Chipping Sparrow,Spizella passerina,2026-04-27T11:47:16Z,27-Apr-2026,07:47:16,0.42,1
Chipping Sparrow,Spizella passerina,2026-04-27T11:46:45Z,27-Apr-2026,07:46:45,0.32,1
Chipping Sparrow,Spizella passerina,2026-04-27T11:45:56Z,27-Apr-2026,07:45:56,0.3,1
Blue Jay,Cyanocitta cristata,2026-04-27T11:45:30Z,27-Apr-2026,07:45:30,0.31,1
Blue Jay,Cyanocitta cristata,2026-04-27T11:45:23Z,27-Apr-2026,07:45:23,0.31,1
Chipping Sparrow,Spizella passerina,2026-04-27T11:45:10Z,27-Apr-2026,07:45:10,0.43,1
Chipping Sparrow,Spizella passerina,2026-04-27T11:44:57Z,27-Apr-2026,07:44:57,0.3,1
Swamp Sparrow,Melospiza georgiana,2026-04-27T11:44:51Z,27-Apr-2026,07:44:51,0.51,1
Chipping Sparrow,Spizella passerina,2026-04-27T11:44:22Z,27-Apr-2026,07:44:22,0.64,1
Blue Jay,Cyanocitta cristata,2026-04-27T11:44:19Z,27-Apr-2026,07:44:19,0.9098,3
Chipping Sparrow,Spizella passerina,2026-04-27T11:44:12Z,27-Apr-2026,07:44:12,0.68,1
American Robin,Turdus migratorius,2026-04-27T11:43:24Z,27-Apr-2026,07:43:24,0.7804,1
Chipping Sparrow,Spizella passerina,2026-04-27T11:43:20Z,27-Apr-2026,07:43:20,0.3,1
Chipping Sparrow,Spizella passerina,2026-04-27T11:43:14Z,27-Apr-2026,07:43:14,0.4,1
Chipping Sparrow,Spizella passerina,2026-04-27T11:42:42Z,27-Apr-2026,07:42:42,0.38,1
Chipping Sparrow,Spizella passerina,2026-04-27T11:42:09Z,27-Apr-2026,07:42:09,0.28,1
Blue Jay,Cyanocitta cristata,2026-04-27T11:41:56Z,27-Apr-2026,07:41:56,0.31,1
Red-shouldered Hawk,Buteo lineatus,2026-04-27T11:41:44Z,27-Apr-2026,07:41:44,0.59,1
Blue Jay,Cyanocitta cristata,2026-04-27T11:41:41Z,27-Apr-2026,07:41:41,0.898,5
Chipping Sparrow,Spizella passerina,2026-04-27T11:41:31Z,27-Apr-2026,07:41:31,0.65,1
Blue Jay,Cyanocitta cristata,2026-04-27T11:41:02Z,27-Apr-2026,07:41:02,0.35,1
Blue Jay,Cyanocitta cristata,2026-04-27T11:40:56Z,27-Apr-2026,07:40:56,0.4,1
Blue Jay,Cyanocitta cristata,2026-04-27T11:40:40Z,27-Apr-2026,07:40:40,0.898,5
Blue Jay,Cyanocitta cristata,2026-04-27T11:40:30Z,27-Apr-2026,07:40:30,0.65,1
Blue Jay,Cyanocitta cristata,2026-04-27T11:40:17Z,27-Apr-2026,07:40:17,0.51,1
Blue Jay,Cyanocitta cristata,2026-04-27T11:39:55Z,27-Apr-2026,07:39:55,0.32,1
Blue Jay,Cyanocitta cristata,2026-04-27T11:39:36Z,27-Apr-2026,07:39:36,0.53,1
Blue Jay,Cyanocitta cristata,2026-04-27T11:39:33Z,27-Apr-2026,07:39:33,0.8471,3
Blue Jay,Cyanocitta cristata,2026-04-27T11:39:26Z,27-Apr-2026,07:39:26,0.29,1
Blue Jay,Cyanocitta cristata,2026-04-27T11:39:09Z,27-Apr-2026,07:39:09,0.52,1
Blue Jay,Cyanocitta cristata,2026-04-27T11:38:34Z,27-Apr-2026,07:38:34,0.38,1
Blue Jay,Cyanocitta cristata,2026-04-27T11:38:31Z,27-Apr-2026,07:38:31,0.8,8
Blue Jay,Cyanocitta cristata,2026-04-27T11:38:24Z,27-Apr-2026,07:38:24,0.49,1
Blue Jay,Cyanocitta cristata,2026-04-27T11:38:15Z,27-Apr-2026,07:38:15,0.35,1
Blue Jay,Cyanocitta cristata,2026-04-27T11:37:59Z,27-Apr-2026,07:37:59,0.32,1
Blue Jay,Cyanocitta cristata,2026-04-27T11:37:53Z,27-Apr-2026,07:37:53,0.38,1
Blue Jay,Cyanocitta cristata,2026-04-27T11:37:46Z,27-Apr-2026,07:37:46,0.26,1
Blue Jay,Cyanocitta cristata,2026-04-27T11:37:24Z,27-Apr-2026,07:37:24,0.9176,9
Blue Jay,Cyanocitta cristata,2026-04-27T11:37:12Z,27-Apr-2026,07:37:12,0.33,1
Gray Catbird,Dumetella carolinensis,2026-04-27T11:36:24Z,27-Apr-2026,07:36:24,0.8157,1
Blue Jay,Cyanocitta cristata,2026-04-27T11:36:05Z,27-Apr-2026,07:36:05,0.55,1
Blue Jay,Cyanocitta cristata,2026-04-27T11:35:59Z,27-Apr-2026,07:35:59,0.8314,1
American Goldfinch,Spinus tristis,2026-04-27T11:35:56Z,27-Apr-2026,07:35:56,0.9333,1
American Robin,Turdus migratorius,2026-04-27T11:35:11Z,27-Apr-2026,07:35:11,0.8863,1
Chipping Sparrow,Spizella passerina,2026-04-27T11:33:54Z,27-Apr-2026,07:33:54,0.54,1
Chipping Sparrow,Spizella passerina,2026-04-27T11:33:34Z,27-Apr-2026,07:33:34,0.58,1
Chipping Sparrow,Spizella passerina,2026-04-27T11:33:01Z,27-Apr-2026,07:33:01,0.51,1
Chipping Sparrow,Spizella passerina,2026-04-27T11:32:55Z,27-Apr-2026,07:32:55,0.43,1
Chipping Sparrow,Spizella passerina,2026-04-27T11:32:42Z,27-Apr-2026,07:32:42,0.57,1
Chipping Sparrow,Spizella passerina,2026-04-27T11:32:33Z,27-Apr-2026,07:32:33,0.35,1
Chipping Sparrow,Spizella passerina,2026-04-27T11:32:20Z,27-Apr-2026,07:32:20,0.7,1
White-breasted Nuthatch,Sitta carolinensis,2026-04-27T11:32:07Z,27-Apr-2026,07:32:07,0.55,1
Chipping Sparrow,Spizella passerina,2026-04-27T11:31:54Z,27-Apr-2026,07:31:54,0.42,1
Chipping Sparrow,Spizella passerina,2026-04-27T11:31:42Z,27-Apr-2026,07:31:42,0.42,1
Chipping Sparrow,Spizella passerina,2026-04-27T11:31:19Z,27-Apr-2026,07:31:19,0.67,1
Chipping Sparrow,Spizella passerina,2026-04-27T11:31:00Z,27-Apr-2026,07:31:00,0.27,1
Chipping Sparrow,Spizella passerina,2026-04-27T11:30:54Z,27-Apr-2026,07:30:54,0.82,1
Chipping Sparrow,Spizella passerina,2026-04-27T11:30:44Z,27-Apr-2026,07:30:44,0.29,1
Palm Warbler,Setophaga palmarum,2026-04-27T11:30:32Z,27-Apr-2026,07:30:32,0.31,1
Chipping Sparrow,Spizella passerina,2026-04-27T11:30:25Z,27-Apr-2026,07:30:25,0.42,1
Chipping Sparrow,Spizella passerina,2026-04-27T11:30:19Z,27-Apr-2026,07:30:19,0.47,1
Chipping Sparrow,Spizella passerina,2026-04-27T11:30:04Z,27-Apr-2026,07:30:04,0.38,1
Chipping Sparrow,Spizella passerina,2026-04-27T11:29:44Z,27-Apr-2026,07:29:44,0.37,1
Chipping Sparrow,Spizella passerina,2026-04-27T11:29:37Z,27-Apr-2026,07:29:37,0.56,1
Chipping Sparrow,Spizella passerina,2026-04-27T11:29:31Z,27-Apr-2026,07:29:31,0.65,1
Chipping Sparrow,Spizella passerina,2026-04-27T11:29:07Z,27-Apr-2026,07:29:07,0.41,1
Chipping Sparrow,Spizella passerina,2026-04-27T11:29:01Z,27-Apr-2026,07:29:01,0.47,1
Gray Catbird,Dumetella carolinensis,2026-04-27T11:28:54Z,27-Apr-2026,07:28:54,0.8627,1
Chipping Sparrow,Spizella passerina,2026-04-27T11:28:35Z,27-Apr-2026,07:28:35,0.47,1
Chipping Sparrow,Spizella passerina,2026-04-27T11:26:52Z,27-Apr-2026,07:26:52,0.42,1
Palm Warbler,Setophaga palmarum,2026-04-27T11:26:33Z,27-Apr-2026,07:26:33,0.32,1
Chipping Sparrow,Spizella passerina,2026-04-27T11:26:20Z,27-Apr-2026,07:26:20,0.49,1
American Crow,Corvus brachyrhynchos,2026-04-27T11:25:48Z,27-Apr-2026,07:25:48,0.32,1
Red-breasted Nuthatch,Sitta canadensis,2026-04-27T11:24:33Z,27-Apr-2026,07:24:33,0.35,1
Ruby-crowned Kinglet,Corthylio calendula,2026-04-27T11:23:01Z,27-Apr-2026,07:23:01,0.88,1
Blue Jay,Cyanocitta cristata,2026-04-27T11:22:46Z,27-Apr-2026,07:22:46,0.8157,1
Gray Catbird,Dumetella carolinensis,2026-04-27T11:22:42Z,27-Apr-2026,07:22:42,0.8314,1
Blue Jay,Cyanocitta cristata,2026-04-27T11:22:32Z,27-Apr-2026,07:22:32,0.29,1
American Goldfinch,Spinus tristis,2026-04-27T11:20:55Z,27-Apr-2026,07:20:55,0.28,1
American Robin,Turdus migratorius,2026-04-27T11:20:22Z,27-Apr-2026,07:20:22,0.8863,1
Downy Woodpecker,Dryobates pubescens,2026-04-27T11:19:37Z,27-Apr-2026,07:19:37,0.52,1
Chipping Sparrow,Spizella passerina,2026-04-27T11:18:13Z,27-Apr-2026,07:18:13,0.27,1
Chipping Sparrow,Spizella passerina,2026-04-27T11:16:49Z,27-Apr-2026,07:16:49,0.36,1
Chipping Sparrow,Spizella passerina,2026-04-27T11:16:24Z,27-Apr-2026,07:16:24,0.27,1
Chipping Sparrow,Spizella passerina,2026-04-27T11:16:11Z,27-Apr-2026,07:16:11,0.3,1
Chipping Sparrow,Spizella passerina,2026-04-27T11:15:55Z,27-Apr-2026,07:15:55,0.28,1
Chipping Sparrow,Spizella passerina,2026-04-27T11:15:49Z,27-Apr-2026,07:15:49,0.28,1
Chipping Sparrow,Spizella passerina,2026-04-27T11:15:29Z,27-Apr-2026,07:15:29,0.31,1
Chipping Sparrow,Spizella passerina,2026-04-27T11:15:16Z,27-Apr-2026,07:15:16,0.29,1
Chipping Sparrow,Spizella passerina,2026-04-27T11:14:57Z,27-Apr-2026,07:14:57,0.44,1
Chipping Sparrow,Spizella passerina,2026-04-27T11:14:32Z,27-Apr-2026,07:14:32,0.33,1
Mourning Dove,Zenaida macroura,2026-04-27T11:11:29Z,27-Apr-2026,07:11:29,0.27,1
Mourning Dove,Zenaida macroura,2026-04-27T11:11:07Z,27-Apr-2026,07:11:07,0.45,1
Mourning Dove,Zenaida macroura,2026-04-27T11:10:26Z,27-Apr-2026,07:10:26,0.32,1
Chipping Sparrow,Spizella passerina,2026-04-27T11:08:26Z,27-Apr-2026,07:08:26,0.46,1
Blue Jay,Cyanocitta cristata,2026-04-27T11:07:34Z,27-Apr-2026,07:07:34,0.26,1
Blue Jay,Cyanocitta cristata,2026-04-27T11:07:31Z,27-Apr-2026,07:07:31,0.8,1
Chipping Sparrow,Spizella passerina,2026-04-27T11:05:36Z,27-Apr-2026,07:05:36,0.33,1
Mourning Dove,Zenaida macroura,2026-04-27T11:04:50Z,27-Apr-2026,07:04:50,0.35,1
Chipping Sparrow,Spizella passerina,2026-04-27T11:04:17Z,27-Apr-2026,07:04:17,0.56,1
Chipping Sparrow,Spizella passerina,2026-04-27T11:02:57Z,27-Apr-2026,07:02:57,0.41,1
White-breasted Nuthatch,Sitta carolinensis,2026-04-27T11:02:45Z,27-Apr-2026,07:02:45,0.48,1
White-breasted Nuthatch,Sitta carolinensis,2026-04-27T11:02:38Z,27-Apr-2026,07:02:38,0.31,1
White-breasted Nuthatch,Sitta carolinensis,2026-04-27T11:02:13Z,27-Apr-2026,07:02:13,0.49,1
Chipping Sparrow,Spizella passerina,2026-04-27T11:01:51Z,27-Apr-2026,07:01:51,0.26,1
Mourning Dove,Zenaida macroura,2026-04-27T11:01:47Z,27-Apr-2026,07:01:47,0.8745,1
White-breasted Nuthatch,Sitta carolinensis,2026-04-27T11:01:41Z,27-Apr-2026,07:01:41,0.75,1
White-breasted Nuthatch,Sitta carolinensis,2026-04-27T11:01:18Z,27-Apr-2026,07:01:18,0.56,1
White-breasted Nuthatch,Sitta carolinensis,2026-04-27T11:01:11Z,27-Apr-2026,07:01:11,0.26,1
White-breasted Nuthatch,Sitta carolinensis,2026-04-27T11:01:05Z,27-Apr-2026,07:01:05,0.53,1
White-breasted Nuthatch,Sitta carolinensis,2026-04-27T11:00:45Z,27-Apr-2026,07:00:45,0.69,1
Eastern Bluebird,Sialia sialis,2026-04-27T11:00:19Z,27-Apr-2026,07:00:19,0.31,1
White-breasted Nuthatch,Sitta carolinensis,2026-04-27T11:00:13Z,27-Apr-2026,07:00:13,0.53,1
White-breasted Nuthatch,Sitta carolinensis,2026-04-27T11:00:07Z,27-Apr-2026,07:00:07,0.41,1
White-breasted Nuthatch,Sitta carolinensis,2026-04-27T11:00:00Z,27-Apr-2026,07:00:00,0.3,1
White-breasted Nuthatch,Sitta carolinensis,2026-04-27T10:59:41Z,27-Apr-2026,06:59:41,0.81,1
White-breasted Nuthatch,Sitta carolinensis,2026-04-27T10:59:35Z,27-Apr-2026,06:59:35,0.48,1
Northern Flicker,Colaptes auratus,2026-04-27T10:59:08Z,27-Apr-2026,06:59:08,0.48,1
White-breasted Nuthatch,Sitta carolinensis,2026-04-27T10:58:21Z,27-Apr-2026,06:58:21,0.36,1
White-breasted Nuthatch,Sitta carolinensis,2026-04-27T10:58:14Z,27-Apr-2026,06:58:14,0.82,1
White-breasted Nuthatch,Sitta carolinensis,2026-04-27T10:58:08Z,27-Apr-2026,06:58:08,0.49,1
White-breasted Nuthatch,Sitta carolinensis,2026-04-27T10:58:02Z,27-Apr-2026,06:58:02,0.47,1
White-breasted Nuthatch,Sitta carolinensis,2026-04-27T10:57:36Z,27-Apr-2026,06:57:36,0.3,1
White-breasted Nuthatch,Sitta carolinensis,2026-04-27T10:57:29Z,27-Apr-2026,06:57:29,0.73,1
White-breasted Nuthatch,Sitta carolinensis,2026-04-27T10:57:23Z,27-Apr-2026,06:57:23,0.73,1
White-breasted Nuthatch,Sitta carolinensis,2026-04-27T10:57:16Z,27-Apr-2026,06:57:16,0.83,1
White-breasted Nuthatch,Sitta carolinensis,2026-04-27T10:57:10Z,27-Apr-2026,06:57:10,0.58,1
White-breasted Nuthatch,Sitta carolinensis,2026-04-27T10:56:53Z,27-Apr-2026,06:56:53,0.84,1
White-breasted Nuthatch,Sitta carolinensis,2026-04-27T10:56:47Z,27-Apr-2026,06:56:47,0.79,1
White-breasted Nuthatch,Sitta carolinensis,2026-04-27T10:56:40Z,27-Apr-2026,06:56:40,0.35,1
White-breasted Nuthatch,Sitta carolinensis,2026-04-27T10:56:34Z,27-Apr-2026,06:56:34,0.59,1
White-breasted Nuthatch,Sitta carolinensis,2026-04-27T10:56:21Z,27-Apr-2026,06:56:21,0.63,1
American Robin,Turdus migratorius,2026-04-27T10:56:08Z,27-Apr-2026,06:56:08,0.8157,1
White-breasted Nuthatch,Sitta carolinensis,2026-04-27T10:55:03Z,27-Apr-2026,06:55:03,0.84,1
White-breasted Nuthatch,Sitta carolinensis,2026-04-27T10:54:41Z,27-Apr-2026,06:54:41,0.54,1
White-breasted Nuthatch,Sitta carolinensis,2026-04-27T10:54:32Z,27-Apr-2026,06:54:32,0.65,1
White-breasted Nuthatch,Sitta carolinensis,2026-04-27T10:54:19Z,27-Apr-2026,06:54:19,0.29,1
White-breasted Nuthatch,Sitta carolinensis,2026-04-27T10:53:54Z,27-Apr-2026,06:53:54,0.42,1
Northern Cardinal,Cardinalis cardinalis,2026-04-27T10:53:50Z,27-Apr-2026,06:53:50,0.8471,2
White-breasted Nuthatch,Sitta carolinensis,2026-04-27T10:53:47Z,27-Apr-2026,06:53:47,0.27,1
White-breasted Nuthatch,Sitta carolinensis,2026-04-27T10:53:40Z,27-Apr-2026,06:53:40,0.31,1
Northern Cardinal,Cardinalis cardinalis,2026-04-27T10:52:30Z,27-Apr-2026,06:52:30,0.8471,1
White-breasted Nuthatch,Sitta carolinensis,2026-04-27T10:52:26Z,27-Apr-2026,06:52:26,0.36,1
White-breasted Nuthatch,Sitta carolinensis,2026-04-27T10:52:20Z,27-Apr-2026,06:52:20,0.28,1
White-breasted Nuthatch,Sitta carolinensis,2026-04-27T10:52:06Z,27-Apr-2026,06:52:06,0.31,1
White-breasted Nuthatch,Sitta carolinensis,2026-04-27T10:51:53Z,27-Apr-2026,06:51:53,0.58,1
White-breasted Nuthatch,Sitta carolinensis,2026-04-27T10:51:34Z,27-Apr-2026,06:51:34,0.48,1
Blue Jay,Cyanocitta cristata,2026-04-27T10:50:06Z,27-Apr-2026,06:50:06,0.29,1
Blue Jay,Cyanocitta cristata,2026-04-27T10:49:49Z,27-Apr-2026,06:49:49,0.26,1
Blue Jay,Cyanocitta cristata,2026-04-27T10:49:15Z,27-Apr-2026,06:49:15,0.8863,1
Blue Jay,Cyanocitta cristata,2026-04-27T10:49:06Z,27-Apr-2026,06:49:06,0.35,1
White-breasted Nuthatch,Sitta carolinensis,2026-04-27T10:48:33Z,27-Apr-2026,06:48:33,0.66,1
Blue Jay,Cyanocitta cristata,2026-04-27T10:48:26Z,27-Apr-2026,06:48:26,0.29,1
White-breasted Nuthatch,Sitta carolinensis,2026-04-27T10:48:20Z,27-Apr-2026,06:48:20,0.39,1
White-breasted Nuthatch,Sitta carolinensis,2026-04-27T10:48:14Z,27-Apr-2026,06:48:14,0.53,1
White-breasted Nuthatch,Sitta carolinensis,2026-04-27T10:48:07Z,27-Apr-2026,06:48:07,0.65,1
White-breasted Nuthatch,Sitta carolinensis,2026-04-27T10:48:01Z,27-Apr-2026,06:48:01,0.32,1
White-breasted Nuthatch,Sitta carolinensis,2026-04-27T10:47:35Z,27-Apr-2026,06:47:35,0.64,1
White-breasted Nuthatch,Sitta carolinensis,2026-04-27T10:47:29Z,27-Apr-2026,06:47:29,0.26,1
Purple Finch,Haemorhous purpureus,2026-04-27T10:47:22Z,27-Apr-2026,06:47:22,0.54,1
White-breasted Nuthatch,Sitta carolinensis,2026-04-27T10:47:16Z,27-Apr-2026,06:47:16,0.83,1
White-breasted Nuthatch,Sitta carolinensis,2026-04-27T10:47:09Z,27-Apr-2026,06:47:09,0.52,1
White-breasted Nuthatch,Sitta carolinensis,2026-04-27T10:47:03Z,27-Apr-2026,06:47:03,0.86,1
White-breasted Nuthatch,Sitta carolinensis,2026-04-27T10:46:56Z,27-Apr-2026,06:46:56,0.7,1
White-throated Sparrow,Zonotrichia albicollis,2026-04-27T10:46:44Z,27-Apr-2026,06:46:44,0.39,1
White-throated Sparrow,Zonotrichia albicollis,2026-04-27T10:46:37Z,27-Apr-2026,06:46:37,0.26,1
Eastern Bluebird,Sialia sialis,2026-04-27T10:46:31Z,27-Apr-2026,06:46:31,0.98,1
White-breasted Nuthatch,Sitta carolinensis,2026-04-27T10:46:24Z,27-Apr-2026,06:46:24,0.66,1
Eastern Phoebe,Sayornis phoebe,2026-04-27T10:44:27Z,27-Apr-2026,06:44:27,0.53,1
White-throated Sparrow,Zonotrichia albicollis,2026-04-27T10:44:14Z,27-Apr-2026,06:44:14,0.53,1
Song Sparrow,Melospiza melodia,2026-04-27T10:44:11Z,27-Apr-2026,06:44:11,0.9098,1
Blue Jay,Cyanocitta cristata,2026-04-27T10:44:04Z,27-Apr-2026,06:44:04,0.8627,1
Northern Cardinal,Cardinalis cardinalis,2026-04-27T10:42:23Z,27-Apr-2026,06:42:23,0.8471,1
Red-bellied Woodpecker,Melanerpes carolinus,2026-04-27T10:42:20Z,27-Apr-2026,06:42:20,0.8471,1
Blue Jay,Cyanocitta cristata,2026-04-27T10:41:22Z,27-Apr-2026,06:41:22,0.8,1
Red-bellied Woodpecker,Melanerpes carolinus,2026-04-27T10:40:38Z,27-Apr-2026,06:40:38,0.8157,1
Tree Swallow,Tachycineta bicolor,2026-04-27T10:40:09Z,27-Apr-2026,06:40:09,0.3,1
Tree Swallow,Tachycineta bicolor,2026-04-27T10:39:05Z,27-Apr-2026,06:39:05,0.38,1
White-breasted Nuthatch,Sitta carolinensis,2026-04-27T10:38:55Z,27-Apr-2026,06:38:55,0.91,1
White-breasted Nuthatch,Sitta carolinensis,2026-04-27T10:38:43Z,27-Apr-2026,06:38:43,0.91,1
White-breasted Nuthatch,Sitta carolinensis,2026-04-27T10:38:33Z,27-Apr-2026,06:38:33,0.28,1
White-breasted Nuthatch,Sitta carolinensis,2026-04-27T10:38:06Z,27-Apr-2026,06:38:06,0.41,1
White-breasted Nuthatch,Sitta carolinensis,2026-04-27T10:37:57Z,27-Apr-2026,06:37:57,0.45,1
White-breasted Nuthatch,Sitta carolinensis,2026-04-27T10:37:50Z,27-Apr-2026,06:37:50,0.33,1
White-breasted Nuthatch,Sitta carolinensis,2026-04-27T10:37:44Z,27-Apr-2026,06:37:44,0.3,1
White-breasted Nuthatch,Sitta carolinensis,2026-04-27T10:37:37Z,27-Apr-2026,06:37:37,0.26,1
White-breasted Nuthatch,Sitta carolinensis,2026-04-27T10:37:31Z,27-Apr-2026,06:37:31,0.83,1
White-breasted Nuthatch,Sitta carolinensis,2026-04-27T10:37:25Z,27-Apr-2026,06:37:25,0.84,1
White-breasted Nuthatch,Sitta carolinensis,2026-04-27T10:37:18Z,27-Apr-2026,06:37:18,0.9,1
White-breasted Nuthatch,Sitta carolinensis,2026-04-27T10:37:11Z,27-Apr-2026,06:37:11,0.38,1
Northern Cardinal,Cardinalis cardinalis,2026-04-27T10:36:33Z,27-Apr-2026,06:36:33,0.8471,1
American Goldfinch,Spinus tristis,2026-04-27T10:33:46Z,27-Apr-2026,06:33:46,0.9725,2
American Goldfinch,Spinus tristis,2026-04-27T10:31:00Z,27-Apr-2026,06:31:00,0.38,1
Chipping Sparrow,Spizella passerina,2026-04-27T10:30:53Z,27-Apr-2026,06:30:53,0.26,1
American Goldfinch,Spinus tristis,2026-04-27T10:30:44Z,27-Apr-2026,06:30:44,0.8471,1
Northern Flicker,Colaptes auratus,2026-04-27T10:28:05Z,27-Apr-2026,06:28:05,0.29,1
Yellow-rumped Warbler,Setophaga coronata,2026-04-27T10:27:59Z,27-Apr-2026,06:27:59,0.44,1
Song Sparrow,Melospiza melodia,2026-04-27T10:27:30Z,27-Apr-2026,06:27:30,0.9412,1
Yellow-rumped Warbler,Setophaga coronata,2026-04-27T10:27:27Z,27-Apr-2026,06:27:27,0.3,1
Yellow-rumped Warbler,Setophaga coronata,2026-04-27T10:27:08Z,27-Apr-2026,06:27:08,0.28,1
Black-capped Chickadee,Poecile atricapillus,2026-04-27T10:26:20Z,27-Apr-2026,06:26:20,0.27,1
Yellow-rumped Warbler,Setophaga coronata,2026-04-27T10:26:14Z,27-Apr-2026,06:26:14,0.26,1
Yellow-rumped Warbler,Setophaga coronata,2026-04-27T10:25:54Z,27-Apr-2026,06:25:54,0.48,1
Yellow-rumped Warbler,Setophaga coronata,2026-04-27T10:25:25Z,27-Apr-2026,06:25:25,0.27,1
Yellow-rumped Warbler,Setophaga coronata,2026-04-27T10:25:05Z,27-Apr-2026,06:25:05,0.33,1
Eastern Phoebe,Sayornis phoebe,2026-04-27T10:24:33Z,27-Apr-2026,06:24:33,0.34,1
Eastern Phoebe,Sayornis phoebe,2026-04-27T10:24:27Z,27-Apr-2026,06:24:27,0.76,1
Eastern Phoebe,Sayornis phoebe,2026-04-27T10:24:20Z,27-Apr-2026,06:24:20,0.39,1
Eastern Phoebe,Sayornis phoebe,2026-04-27T10:24:14Z,27-Apr-2026,06:24:14,0.66,1
Eastern Phoebe,Sayornis phoebe,2026-04-27T10:24:08Z,27-Apr-2026,06:24:08,0.49,1
Eastern Phoebe,Sayornis phoebe,2026-04-27T10:23:55Z,27-Apr-2026,06:23:55,0.52,1
American Robin,Turdus migratorius,2026-04-27T10:21:33Z,27-Apr-2026,06:21:33,0.8,1
Red-bellied Woodpecker,Melanerpes carolinus,2026-04-27T10:20:55Z,27-Apr-2026,06:20:55,0.8745,1
Evening Grosbeak,Coccothraustes vespertinus,2026-04-27T10:20:13Z,27-Apr-2026,06:20:13,0.95,1
Evening Grosbeak,Coccothraustes vespertinus,2026-04-27T10:20:07Z,27-Apr-2026,06:20:07,0.72,1
Red-bellied Woodpecker,Melanerpes carolinus,2026-04-27T10:19:50Z,27-Apr-2026,06:19:50,0.9098,1
American Crow,Corvus brachyrhynchos,2026-04-27T10:17:57Z,27-Apr-2026,06:17:57,0.58,1
American Crow,Corvus brachyrhynchos,2026-04-27T10:17:53Z,27-Apr-2026,06:17:53,0.8745,7
Red-bellied Woodpecker,Melanerpes carolinus,2026-04-27T10:17:09Z,27-Apr-2026,06:17:09,0.8745,1
Gray Catbird,Dumetella carolinensis,2026-04-27T10:16:15Z,27-Apr-2026,06:16:15,0.7804,1
Blue Jay,Cyanocitta cristata,2026-04-27T10:14:49Z,27-Apr-2026,06:14:49,0.4,1
American Robin,Turdus migratorius,2026-04-27T10:14:04Z,27-Apr-2026,06:14:04,0.8157,1
Tree Swallow,Tachycineta bicolor,2026-04-27T10:13:35Z,27-Apr-2026,06:13:35,0.37,1
Northern Flicker,Colaptes auratus,2026-04-27T10:13:16Z,27-Apr-2026,06:13:16,0.39,1
American Crow,Corvus brachyrhynchos,2026-04-27T10:11:21Z,27-Apr-2026,06:11:21,0.7804,1
American Goldfinch,Spinus tristis,2026-04-27T10:08:33Z,27-Apr-2026,06:08:33,0.8863,1
Song Sparrow,Melospiza melodia,2026-04-27T10:08:23Z,27-Apr-2026,06:08:23,0.8314,1
Blue Jay,Cyanocitta cristata,2026-04-27T10:08:10Z,27-Apr-2026,06:08:10,0.33,1
White-breasted Nuthatch,Sitta carolinensis,2026-04-27T10:04:00Z,27-Apr-2026,06:04:00,0.93,1
American Goldfinch,Spinus tristis,2026-04-27T10:01:40Z,27-Apr-2026,06:01:40,0.8,1
American Robin,Turdus migratorius,2026-04-27T10:00:39Z,27-Apr-2026,06:00:39,0.28,1
White-breasted Nuthatch,Sitta carolinensis,2026-04-27T09:58:52Z,27-Apr-2026,05:58:52,0.3,1
Chipping Sparrow,Spizella passerina,2026-04-27T09:54:16Z,27-Apr-2026,05:54:16,0.3,1
Chipping Sparrow,Spizella passerina,2026-04-27T09:54:10Z,27-Apr-2026,05:54:10,0.35,1
American Robin,Turdus migratorius,2026-04-27T09:45:24Z,27-Apr-2026,05:45:24,0.8314,3
Eastern Phoebe,Sayornis phoebe,2026-04-27T09:45:14Z,27-Apr-2026,05:45:14,0.67,1
Eastern Phoebe,Sayornis phoebe,2026-04-27T09:45:02Z,27-Apr-2026,05:45:02,0.72,1
Eastern Phoebe,Sayornis phoebe,2026-04-27T09:44:55Z,27-Apr-2026,05:44:55,0.85,1
Eastern Phoebe,Sayornis phoebe,2026-04-27T09:44:42Z,27-Apr-2026,05:44:42,0.53,1
Eastern Phoebe,Sayornis phoebe,2026-04-27T09:44:16Z,27-Apr-2026,05:44:16,0.68,1
Eastern Phoebe,Sayornis phoebe,2026-04-27T09:44:10Z,27-Apr-2026,05:44:10,0.4,1
Eastern Phoebe,Sayornis phoebe,2026-04-27T09:44:03Z,27-Apr-2026,05:44:03,0.41,1
Bohemian Waxwing,Bombycilla garrulus,2026-04-27T09:42:19Z,27-Apr-2026,05:42:19,0.75,1
American Robin,Turdus migratorius,2026-04-27T09:42:12Z,27-Apr-2026,05:42:12,0.32,1
American Robin,Turdus migratorius,2026-04-27T09:42:06Z,27-Apr-2026,05:42:06,0.71,1
American Robin,Turdus migratorius,2026-04-27T09:41:59Z,27-Apr-2026,05:41:59,0.6,1
American Robin,Turdus migratorius,2026-04-27T09:41:40Z,27-Apr-2026,05:41:40,0.8157,1
American Robin,Turdus migratorius,2026-04-27T09:41:34Z,27-Apr-2026,05:41:34,0.67,1
Tree Swallow,Tachycineta bicolor,2026-04-27T09:41:05Z,27-Apr-2026,05:41:05,0.87,1
Eastern Phoebe,Sayornis phoebe,2026-04-27T09:38:09Z,27-Apr-2026,05:38:09,0.47,1
Eastern Phoebe,Sayornis phoebe,2026-04-27T09:38:03Z,27-Apr-2026,05:38:03,0.66,1
European Starling,Sturnus vulgaris,2026-04-27T09:37:28Z,27-Apr-2026,05:37:28,0.9333,1
American Robin,Turdus migratorius,2026-04-27T09:35:27Z,27-Apr-2026,05:35:27,0.64,1
American Robin,Turdus migratorius,2026-04-27T09:35:14Z,27-Apr-2026,05:35:14,0.9412,1
American Robin,Turdus migratorius,2026-04-27T09:32:04Z,27-Apr-2026,05:32:04,0.8863,1
Chipping Sparrow,Spizella passerina,2026-04-27T09:31:06Z,27-Apr-2026,05:31:06,0.61,1
American Robin,Turdus migratorius,2026-04-27T09:30:06Z,27-Apr-2026,05:30:06,0.8471,1
Black-capped Chickadee,Poecile atricapillus,2026-04-27T09:28:31Z,27-Apr-2026,05:28:31,0.3,1
Eastern Phoebe,Sayornis phoebe,2026-04-27T09:27:31Z,27-Apr-2026,05:27:31,0.38,1
Eastern Phoebe,Sayornis phoebe,2026-04-27T09:27:18Z,27-Apr-2026,05:27:18,0.4,1
Eastern Phoebe,Sayornis phoebe,2026-04-27T09:27:05Z,27-Apr-2026,05:27:05,0.92,1
Eastern Phoebe,Sayornis phoebe,2026-04-27T09:26:26Z,27-Apr-2026,05:26:26,0.97,1
Eastern Phoebe,Sayornis phoebe,2026-04-27T09:26:13Z,27-Apr-2026,05:26:13,0.94,1
Eastern Phoebe,Sayornis phoebe,2026-04-27T09:25:45Z,27-Apr-2026,05:25:45,0.66,1
Eastern Phoebe,Sayornis phoebe,2026-04-27T09:24:44Z,27-Apr-2026,05:24:44,0.27,1
Eastern Phoebe,Sayornis phoebe,2026-04-27T09:24:38Z,27-Apr-2026,05:24:38,0.98,1
Eastern Phoebe,Sayornis phoebe,2026-04-27T09:24:32Z,27-Apr-2026,05:24:32,0.94,1
Eastern Phoebe,Sayornis phoebe,2026-04-27T09:24:18Z,27-Apr-2026,05:24:18,0.77,1
Eastern Phoebe,Sayornis phoebe,2026-04-27T09:24:05Z,27-Apr-2026,05:24:05,0.96,1
Eastern Phoebe,Sayornis phoebe,2026-04-27T09:23:59Z,27-Apr-2026,05:23:59,0.37,1
Eastern Phoebe,Sayornis phoebe,2026-04-27T09:23:40Z,27-Apr-2026,05:23:40,0.96,1
Eastern Phoebe,Sayornis phoebe,2026-04-27T09:23:33Z,27-Apr-2026,05:23:33,0.97,1
Eastern Phoebe,Sayornis phoebe,2026-04-27T09:23:26Z,27-Apr-2026,05:23:26,0.91,1
Eastern Phoebe,Sayornis phoebe,2026-04-27T09:23:20Z,27-Apr-2026,05:23:20,0.3,1
Eastern Phoebe,Sayornis phoebe,2026-04-27T09:22:48Z,27-Apr-2026,05:22:48,0.45,1
Eastern Phoebe,Sayornis phoebe,2026-04-27T09:22:41Z,27-Apr-2026,05:22:41,0.35,1
Eastern Phoebe,Sayornis phoebe,2026-04-27T09:22:35Z,27-Apr-2026,05:22:35,0.9,1
Eastern Phoebe,Sayornis phoebe,2026-04-27T09:22:28Z,27-Apr-2026,05:22:28,0.5,1
Chipping Sparrow,Spizella passerina,2026-04-27T09:21:57Z,27-Apr-2026,05:21:57,0.44,1
Eastern Phoebe,Sayornis phoebe,2026-04-27T09:21:50Z,27-Apr-2026,05:21:50,0.41,1
Eastern Phoebe,Sayornis phoebe,2026-04-27T09:21:37Z,27-Apr-2026,05:21:37,0.37,1
Eastern Phoebe,Sayornis phoebe,2026-04-27T09:21:31Z,27-Apr-2026,05:21:31,0.93,1
Eastern Phoebe,Sayornis phoebe,2026-04-27T09:21:24Z,27-Apr-2026,05:21:24,0.82,1
Eastern Phoebe,Sayornis phoebe,2026-04-27T09:21:11Z,27-Apr-2026,05:21:11,0.99,1
Eastern Phoebe,Sayornis phoebe,2026-04-27T09:21:04Z,27-Apr-2026,05:21:04,0.36,1
Eastern Phoebe,Sayornis phoebe,2026-04-27T09:20:58Z,27-Apr-2026,05:20:58,0.34,1
Eastern Phoebe,Sayornis phoebe,2026-04-27T09:20:51Z,27-Apr-2026,05:20:51,0.31,1
Eastern Phoebe,Sayornis phoebe,2026-04-27T09:20:44Z,27-Apr-2026,05:20:44,0.3,1
American Robin,Turdus migratorius,2026-04-27T09:20:22Z,27-Apr-2026,05:20:22,0.8314,1
Eastern Phoebe,Sayornis phoebe,2026-04-27T09:19:53Z,27-Apr-2026,05:19:53,0.28,1
Eastern Phoebe,Sayornis phoebe,2026-04-27T09:19:47Z,27-Apr-2026,05:19:47,0.72,1
American Robin,Turdus migratorius,2026-04-27T09:19:28Z,27-Apr-2026,05:19:28,0.31,1
Song Sparrow,Melospiza melodia,2026-04-27T09:19:11Z,27-Apr-2026,05:19:11,0.9765,1
Northern Flicker,Colaptes auratus,2026-04-27T09:19:05Z,27-Apr-2026,05:19:05,0.87,1
American Robin,Turdus migratorius,2026-04-27T09:18:29Z,27-Apr-2026,05:18:29,0.7804,1
Eastern Phoebe,Sayornis phoebe,2026-04-27T09:18:22Z,27-Apr-2026,05:18:22,0.81,1
Eastern Phoebe,Sayornis phoebe,2026-04-27T09:18:02Z,27-Apr-2026,05:18:02,0.4,1
Chipping Sparrow,Spizella passerina,2026-04-27T09:17:20Z,27-Apr-2026,05:17:20,0.36,1
Eastern Phoebe,Sayornis phoebe,2026-04-27T09:17:13Z,27-Apr-2026,05:17:13,0.9,1
Eastern Phoebe,Sayornis phoebe,2026-04-27T09:17:00Z,27-Apr-2026,05:17:00,0.85,1
Eastern Phoebe,Sayornis phoebe,2026-04-27T09:16:53Z,27-Apr-2026,05:16:53,0.94,1
Eastern Phoebe,Sayornis phoebe,2026-04-27T09:16:47Z,27-Apr-2026,05:16:47,0.95,1
Eastern Phoebe,Sayornis phoebe,2026-04-27T09:16:40Z,27-Apr-2026,05:16:40,0.86,1
Eastern Phoebe,Sayornis phoebe,2026-04-27T09:16:34Z,27-Apr-2026,05:16:34,0.95,1
Eastern Phoebe,Sayornis phoebe,2026-04-27T09:16:27Z,27-Apr-2026,05:16:27,0.87,1
Eastern Phoebe,Sayornis phoebe,2026-04-27T09:16:21Z,27-Apr-2026,05:16:21,0.81,1
Eastern Phoebe,Sayornis phoebe,2026-04-27T09:16:14Z,27-Apr-2026,05:16:14,0.85,1
Eastern Phoebe,Sayornis phoebe,2026-04-27T09:16:08Z,27-Apr-2026,05:16:08,0.57,1
Eastern Phoebe,Sayornis phoebe,2026-04-27T09:16:01Z,27-Apr-2026,05:16:01,0.9,1
Eastern Phoebe,Sayornis phoebe,2026-04-27T09:15:55Z,27-Apr-2026,05:15:55,0.87,1
Eastern Phoebe,Sayornis phoebe,2026-04-27T09:15:49Z,27-Apr-2026,05:15:49,0.88,1
Eastern Phoebe,Sayornis phoebe,2026-04-27T09:15:42Z,27-Apr-2026,05:15:42,0.97,1
Eastern Phoebe,Sayornis phoebe,2026-04-27T09:15:36Z,27-Apr-2026,05:15:36,0.84,1
Eastern Phoebe,Sayornis phoebe,2026-04-27T09:15:29Z,27-Apr-2026,05:15:29,0.91,1
Eastern Phoebe,Sayornis phoebe,2026-04-27T09:15:23Z,27-Apr-2026,05:15:23,0.83,1
Eastern Phoebe,Sayornis phoebe,2026-04-27T09:15:16Z,27-Apr-2026,05:15:16,0.96,1
Eastern Phoebe,Sayornis phoebe,2026-04-27T09:15:10Z,27-Apr-2026,05:15:10,0.96,1
Eastern Phoebe,Sayornis phoebe,2026-04-27T09:15:03Z,27-Apr-2026,05:15:03,0.95,1
Eastern Phoebe,Sayornis phoebe,2026-04-27T09:14:56Z,27-Apr-2026,05:14:56,0.92,1
Eastern Phoebe,Sayornis phoebe,2026-04-27T09:14:50Z,27-Apr-2026,05:14:50,0.75,1
Eastern Phoebe,Sayornis phoebe,2026-04-27T09:14:43Z,27-Apr-2026,05:14:43,0.84,1
Eastern Phoebe,Sayornis phoebe,2026-04-27T09:14:37Z,27-Apr-2026,05:14:37,0.93,1
Eastern Phoebe,Sayornis phoebe,2026-04-27T09:14:30Z,27-Apr-2026,05:14:30,0.97,1
Eastern Phoebe,Sayornis phoebe,2026-04-27T09:14:24Z,27-Apr-2026,05:14:24,0.95,1
Eastern Phoebe,Sayornis phoebe,2026-04-27T09:14:18Z,27-Apr-2026,05:14:18,0.97,1
Eastern Phoebe,Sayornis phoebe,2026-04-27T09:14:11Z,27-Apr-2026,05:14:11,0.85,1
Eastern Phoebe,Sayornis phoebe,2026-04-27T09:14:04Z,27-Apr-2026,05:14:04,0.97,1
Eastern Phoebe,Sayornis phoebe,2026-04-27T09:13:58Z,27-Apr-2026,05:13:58,0.98,1
Eastern Phoebe,Sayornis phoebe,2026-04-27T09:13:51Z,27-Apr-2026,05:13:51,0.97,1
Eastern Phoebe,Sayornis phoebe,2026-04-27T09:13:45Z,27-Apr-2026,05:13:45,0.98,1
Eastern Phoebe,Sayornis phoebe,2026-04-27T09:13:39Z,27-Apr-2026,05:13:39,0.98,1
Eastern Phoebe,Sayornis phoebe,2026-04-27T09:13:32Z,27-Apr-2026,05:13:32,0.98,1
Eastern Phoebe,Sayornis phoebe,2026-04-27T09:13:26Z,27-Apr-2026,05:13:26,0.94,1
Eastern Phoebe,Sayornis phoebe,2026-04-27T09:13:19Z,27-Apr-2026,05:13:19,0.97,1
Eastern Phoebe,Sayornis phoebe,2026-04-27T09:13:13Z,27-Apr-2026,05:13:13,0.96,1
Eastern Phoebe,Sayornis phoebe,2026-04-27T09:13:06Z,27-Apr-2026,05:13:06,0.95,1
Eastern Phoebe,Sayornis phoebe,2026-04-27T09:12:59Z,27-Apr-2026,05:12:59,0.96,1
Eastern Phoebe,Sayornis phoebe,2026-04-27T09:12:53Z,27-Apr-2026,05:12:53,0.96,1
Eastern Phoebe,Sayornis phoebe,2026-04-27T09:12:46Z,27-Apr-2026,05:12:46,0.98,1
Eastern Phoebe,Sayornis phoebe,2026-04-27T09:12:40Z,27-Apr-2026,05:12:40,0.96,1
Eastern Phoebe,Sayornis phoebe,2026-04-27T09:12:33Z,27-Apr-2026,05:12:33,0.92,1
Eastern Phoebe,Sayornis phoebe,2026-04-27T09:12:27Z,27-Apr-2026,05:12:27,0.93,1
Eastern Phoebe,Sayornis phoebe,2026-04-27T09:12:20Z,27-Apr-2026,05:12:20,0.95,1
Eastern Phoebe,Sayornis phoebe,2026-04-27T09:12:13Z,27-Apr-2026,05:12:13,0.97,1
Eastern Phoebe,Sayornis phoebe,2026-04-27T09:12:07Z,27-Apr-2026,05:12:07,0.95,1
Eastern Phoebe,Sayornis phoebe,2026-04-27T09:12:01Z,27-Apr-2026,05:12:01,0.95,1
Eastern Phoebe,Sayornis phoebe,2026-04-27T09:11:54Z,27-Apr-2026,05:11:54,0.94,1
Eastern Phoebe,Sayornis phoebe,2026-04-27T09:11:48Z,27-Apr-2026,05:11:48,0.85,1
Eastern Phoebe,Sayornis phoebe,2026-04-27T09:11:41Z,27-Apr-2026,05:11:41,0.97,1
Eastern Phoebe,Sayornis phoebe,2026-04-27T09:11:35Z,27-Apr-2026,05:11:35,0.97,1
Eastern Phoebe,Sayornis phoebe,2026-04-27T09:11:28Z,27-Apr-2026,05:11:28,0.98,1
Eastern Phoebe,Sayornis phoebe,2026-04-27T09:11:22Z,27-Apr-2026,05:11:22,0.98,1
Eastern Phoebe,Sayornis phoebe,2026-04-27T09:11:15Z,27-Apr-2026,05:11:15,0.98,1
Eastern Phoebe,Sayornis phoebe,2026-04-27T09:11:08Z,27-Apr-2026,05:11:08,0.95,1
Eastern Phoebe,Sayornis phoebe,2026-04-27T09:11:02Z,27-Apr-2026,05:11:02,0.96,1
Eastern Phoebe,Sayornis phoebe,2026-04-27T09:10:55Z,27-Apr-2026,05:10:55,0.95,1
Eastern Phoebe,Sayornis phoebe,2026-04-27T09:10:49Z,27-Apr-2026,05:10:49,0.96,1
Eastern Phoebe,Sayornis phoebe,2026-04-27T09:10:42Z,27-Apr-2026,05:10:42,0.86,1
Eastern Phoebe,Sayornis phoebe,2026-04-27T09:10:36Z,27-Apr-2026,05:10:36,0.98,1
Eastern Phoebe,Sayornis phoebe,2026-04-27T09:10:29Z,27-Apr-2026,05:10:29,0.92,1
Eastern Phoebe,Sayornis phoebe,2026-04-27T09:10:23Z,27-Apr-2026,05:10:23,0.8,1
Eastern Phoebe,Sayornis phoebe,2026-04-27T09:10:13Z,27-Apr-2026,05:10:13,0.77,1
Eastern Phoebe,Sayornis phoebe,2026-04-27T09:10:07Z,27-Apr-2026,05:10:07,0.91,1
Eastern Phoebe,Sayornis phoebe,2026-04-27T09:09:57Z,27-Apr-2026,05:09:57,0.8,1
Northern Cardinal,Cardinalis cardinalis,2026-04-27T09:09:54Z,27-Apr-2026,05:09:54,0.8863,1
Eastern Phoebe,Sayornis phoebe,2026-04-27T09:09:47Z,27-Apr-2026,05:09:47,0.91,1
Eastern Phoebe,Sayornis phoebe,2026-04-27T09:09:41Z,27-Apr-2026,05:09:41,0.98,1
Eastern Phoebe,Sayornis phoebe,2026-04-27T09:09:34Z,27-Apr-2026,05:09:34,0.99,1
Eastern Phoebe,Sayornis phoebe,2026-04-27T09:09:28Z,27-Apr-2026,05:09:28,0.99,1
Eastern Phoebe,Sayornis phoebe,2026-04-27T09:09:21Z,27-Apr-2026,05:09:21,0.98,1
Eastern Phoebe,Sayornis phoebe,2026-04-27T09:09:14Z,27-Apr-2026,05:09:14,0.94,1
Eastern Phoebe,Sayornis phoebe,2026-04-27T09:09:08Z,27-Apr-2026,05:09:08,0.93,1
Eastern Phoebe,Sayornis phoebe,2026-04-27T09:09:01Z,27-Apr-2026,05:09:01,0.93,1
Eastern Phoebe,Sayornis phoebe,2026-04-27T09:08:54Z,27-Apr-2026,05:08:54,0.78,1
Eastern Phoebe,Sayornis phoebe,2026-04-27T09:08:47Z,27-Apr-2026,05:08:47,0.97,1
Eastern Phoebe,Sayornis phoebe,2026-04-27T09:08:41Z,27-Apr-2026,05:08:41,0.84,1
Eastern Phoebe,Sayornis phoebe,2026-04-27T09:08:34Z,27-Apr-2026,05:08:34,0.98,1
Eastern Phoebe,Sayornis phoebe,2026-04-27T09:08:28Z,27-Apr-2026,05:08:28,0.84,1
Eastern Phoebe,Sayornis phoebe,2026-04-27T09:08:21Z,27-Apr-2026,05:08:21,0.94,1
Eastern Phoebe,Sayornis phoebe,2026-04-27T09:08:15Z,27-Apr-2026,05:08:15,0.98,1
Eastern Phoebe,Sayornis phoebe,2026-04-27T09:08:08Z,27-Apr-2026,05:08:08,0.97,1
Eastern Phoebe,Sayornis phoebe,2026-04-27T09:08:01Z,27-Apr-2026,05:08:01,0.97,1
Eastern Phoebe,Sayornis phoebe,2026-04-27T09:07:55Z,27-Apr-2026,05:07:55,0.91,1
Eastern Phoebe,Sayornis phoebe,2026-04-27T09:07:48Z,27-Apr-2026,05:07:48,0.96,1
Eastern Phoebe,Sayornis phoebe,2026-04-27T09:07:41Z,27-Apr-2026,05:07:41,0.98,1
Eastern Phoebe,Sayornis phoebe,2026-04-27T09:07:35Z,27-Apr-2026,05:07:35,0.91,1
Eastern Phoebe,Sayornis phoebe,2026-04-27T09:07:28Z,27-Apr-2026,05:07:28,0.96,1
Eastern Phoebe,Sayornis phoebe,2026-04-27T09:07:22Z,27-Apr-2026,05:07:22,0.95,1
Eastern Phoebe,Sayornis phoebe,2026-04-27T09:07:15Z,27-Apr-2026,05:07:15,0.98,1
Eastern Phoebe,Sayornis phoebe,2026-04-27T09:07:08Z,27-Apr-2026,05:07:08,0.84,1
Eastern Phoebe,Sayornis phoebe,2026-04-27T09:07:02Z,27-Apr-2026,05:07:02,0.8,1
Eastern Phoebe,Sayornis phoebe,2026-04-27T09:06:55Z,27-Apr-2026,05:06:55,0.98,1
Eastern Phoebe,Sayornis phoebe,2026-04-27T09:06:49Z,27-Apr-2026,05:06:49,0.97,1
Eastern Phoebe,Sayornis phoebe,2026-04-27T09:06:42Z,27-Apr-2026,05:06:42,0.97,1
Eastern Phoebe,Sayornis phoebe,2026-04-27T09:06:36Z,27-Apr-2026,05:06:36,0.99,1
Eastern Phoebe,Sayornis phoebe,2026-04-27T09:06:29Z,27-Apr-2026,05:06:29,0.99,1
Eastern Phoebe,Sayornis phoebe,2026-04-27T09:06:23Z,27-Apr-2026,05:06:23,0.99,1
Eastern Phoebe,Sayornis phoebe,2026-04-27T09:06:16Z,27-Apr-2026,05:06:16,0.96,1
Eastern Phoebe,Sayornis phoebe,2026-04-27T09:06:10Z,27-Apr-2026,05:06:10,0.99,1
Eastern Phoebe,Sayornis phoebe,2026-04-27T09:06:03Z,27-Apr-2026,05:06:03,0.97,1
Eastern Phoebe,Sayornis phoebe,2026-04-27T09:05:56Z,27-Apr-2026,05:05:56,0.97,1
Eastern Phoebe,Sayornis phoebe,2026-04-27T09:05:50Z,27-Apr-2026,05:05:50,0.97,1
Eastern Phoebe,Sayornis phoebe,2026-04-27T09:05:43Z,27-Apr-2026,05:05:43,0.81,1
Eastern Phoebe,Sayornis phoebe,2026-04-27T09:05:37Z,27-Apr-2026,05:05:37,0.64,1
Eastern Phoebe,Sayornis phoebe,2026-04-27T09:05:30Z,27-Apr-2026,05:05:30,0.99,1
Eastern Phoebe,Sayornis phoebe,2026-04-27T09:05:24Z,27-Apr-2026,05:05:24,0.97,1
Eastern Phoebe,Sayornis phoebe,2026-04-27T09:05:17Z,27-Apr-2026,05:05:17,0.89,1
Eastern Phoebe,Sayornis phoebe,2026-04-27T09:05:11Z,27-Apr-2026,05:05:11,0.96,1
Eastern Phoebe,Sayornis phoebe,2026-04-27T09:05:04Z,27-Apr-2026,05:05:04,0.99,1
Eastern Phoebe,Sayornis phoebe,2026-04-27T09:04:58Z,27-Apr-2026,05:04:58,0.96,1
Eastern Phoebe,Sayornis phoebe,2026-04-27T09:04:51Z,27-Apr-2026,05:04:51,0.98,1
Eastern Phoebe,Sayornis phoebe,2026-04-27T09:04:44Z,27-Apr-2026,05:04:44,0.88,1
Eastern Phoebe,Sayornis phoebe,2026-04-27T09:04:38Z,27-Apr-2026,05:04:38,0.97,1
Eastern Phoebe,Sayornis phoebe,2026-04-27T09:04:31Z,27-Apr-2026,05:04:31,0.95,1
Eastern Phoebe,Sayornis phoebe,2026-04-27T09:04:25Z,27-Apr-2026,05:04:25,0.96,1
Eastern Phoebe,Sayornis phoebe,2026-04-27T09:04:18Z,27-Apr-2026,05:04:18,0.98,1
Eastern Phoebe,Sayornis phoebe,2026-04-27T09:04:12Z,27-Apr-2026,05:04:12,0.94,1
Eastern Phoebe,Sayornis phoebe,2026-04-27T09:04:05Z,27-Apr-2026,05:04:05,0.95,1
Eastern Phoebe,Sayornis phoebe,2026-04-27T09:03:59Z,27-Apr-2026,05:03:59,0.95,1
Eastern Phoebe,Sayornis phoebe,2026-04-27T09:03:52Z,27-Apr-2026,05:03:52,0.99,1
Eastern Phoebe,Sayornis phoebe,2026-04-27T09:03:46Z,27-Apr-2026,05:03:46,0.7,1
Eastern Phoebe,Sayornis phoebe,2026-04-27T09:03:40Z,27-Apr-2026,05:03:40,0.89,1
Eastern Phoebe,Sayornis phoebe,2026-04-27T09:03:33Z,27-Apr-2026,05:03:33,0.93,1
Eastern Phoebe,Sayornis phoebe,2026-04-27T09:03:27Z,27-Apr-2026,05:03:27,0.98,1
Eastern Phoebe,Sayornis phoebe,2026-04-27T09:03:20Z,27-Apr-2026,05:03:20,0.99,1
Eastern Phoebe,Sayornis phoebe,2026-04-27T09:03:14Z,27-Apr-2026,05:03:14,0.94,1
Eastern Phoebe,Sayornis phoebe,2026-04-27T09:03:07Z,27-Apr-2026,05:03:07,0.94,1
Eastern Phoebe,Sayornis phoebe,2026-04-27T09:03:01Z,27-Apr-2026,05:03:01,0.94,1
Eastern Phoebe,Sayornis phoebe,2026-04-27T09:02:55Z,27-Apr-2026,05:02:55,0.98,1
Eastern Phoebe,Sayornis phoebe,2026-04-27T09:02:48Z,27-Apr-2026,05:02:48,0.98,1
Eastern Phoebe,Sayornis phoebe,2026-04-27T09:02:42Z,27-Apr-2026,05:02:42,0.97,1
Eastern Phoebe,Sayornis phoebe,2026-04-27T09:02:35Z,27-Apr-2026,05:02:35,0.98,1
Eastern Phoebe,Sayornis phoebe,2026-04-27T09:02:29Z,27-Apr-2026,05:02:29,0.92,1
Eastern Phoebe,Sayornis phoebe,2026-04-27T09:02:22Z,27-Apr-2026,05:02:22,0.95,1
Eastern Phoebe,Sayornis phoebe,2026-04-27T09:02:16Z,27-Apr-2026,05:02:16,0.86,1
Eastern Phoebe,Sayornis phoebe,2026-04-27T09:02:09Z,27-Apr-2026,05:02:09,0.85,1
Eastern Phoebe,Sayornis phoebe,2026-04-27T09:02:02Z,27-Apr-2026,05:02:02,0.92,1
Eastern Phoebe,Sayornis phoebe,2026-04-27T09:01:55Z,27-Apr-2026,05:01:55,0.98,1
Eastern Phoebe,Sayornis phoebe,2026-04-27T09:01:49Z,27-Apr-2026,05:01:49,0.98,1
Eastern Phoebe,Sayornis phoebe,2026-04-27T09:01:42Z,27-Apr-2026,05:01:42,0.93,1
Eastern Phoebe,Sayornis phoebe,2026-04-27T09:01:36Z,27-Apr-2026,05:01:36,0.8,1
Eastern Phoebe,Sayornis phoebe,2026-04-27T09:01:30Z,27-Apr-2026,05:01:30,0.95,1
Eastern Phoebe,Sayornis phoebe,2026-04-27T09:01:23Z,27-Apr-2026,05:01:23,0.94,1
Eastern Phoebe,Sayornis phoebe,2026-04-27T09:01:17Z,27-Apr-2026,05:01:17,0.89,1
Eastern Phoebe,Sayornis phoebe,2026-04-27T09:01:10Z,27-Apr-2026,05:01:10,0.88,1
Eastern Phoebe,Sayornis phoebe,2026-04-27T09:01:03Z,27-Apr-2026,05:01:03,0.85,1
Eastern Phoebe,Sayornis phoebe,2026-04-27T09:00:57Z,27-Apr-2026,05:00:57,0.85,1
Eastern Phoebe,Sayornis phoebe,2026-04-27T09:00:51Z,27-Apr-2026,05:00:51,0.97,1
Eastern Phoebe,Sayornis phoebe,2026-04-27T09:00:44Z,27-Apr-2026,05:00:44,0.92,1
Eastern Phoebe,Sayornis phoebe,2026-04-27T09:00:38Z,27-Apr-2026,05:00:38,0.96,1
Eastern Phoebe,Sayornis phoebe,2026-04-27T09:00:31Z,27-Apr-2026,05:00:31,0.98,1
Eastern Phoebe,Sayornis phoebe,2026-04-27T09:00:24Z,27-Apr-2026,05:00:24,0.97,1
Eastern Phoebe,Sayornis phoebe,2026-04-27T09:00:18Z,27-Apr-2026,05:00:18,0.96,1
Eastern Phoebe,Sayornis phoebe,2026-04-27T09:00:11Z,27-Apr-2026,05:00:11,0.93,1
Eastern Phoebe,Sayornis phoebe,2026-04-27T09:00:05Z,27-Apr-2026,05:00:05,0.99,1
Eastern Phoebe,Sayornis phoebe,2026-04-27T08:59:58Z,27-Apr-2026,04:59:58,0.87,1
Eastern Phoebe,Sayornis phoebe,2026-04-27T08:59:52Z,27-Apr-2026,04:59:52,0.98,1
Eastern Phoebe,Sayornis phoebe,2026-04-27T08:59:45Z,27-Apr-2026,04:59:45,0.86,1
Eastern Phoebe,Sayornis phoebe,2026-04-27T08:59:38Z,27-Apr-2026,04:59:38,0.98,1
Eastern Phoebe,Sayornis phoebe,2026-04-27T08:59:31Z,27-Apr-2026,04:59:31,0.97,1
Eastern Phoebe,Sayornis phoebe,2026-04-27T08:59:25Z,27-Apr-2026,04:59:25,0.99,1
Eastern Phoebe,Sayornis phoebe,2026-04-27T08:59:18Z,27-Apr-2026,04:59:18,0.96,1
Eastern Phoebe,Sayornis phoebe,2026-04-27T08:59:11Z,27-Apr-2026,04:59:11,0.99,1
Eastern Phoebe,Sayornis phoebe,2026-04-27T08:59:04Z,27-Apr-2026,04:59:04,0.98,1
Eastern Phoebe,Sayornis phoebe,2026-04-27T08:58:58Z,27-Apr-2026,04:58:58,0.98,1
Eastern Phoebe,Sayornis phoebe,2026-04-27T08:58:51Z,27-Apr-2026,04:58:51,0.98,1
Eastern Phoebe,Sayornis phoebe,2026-04-27T08:58:44Z,27-Apr-2026,04:58:44,0.99,1
Eastern Phoebe,Sayornis phoebe,2026-04-27T08:58:38Z,27-Apr-2026,04:58:38,0.97,1
Eastern Phoebe,Sayornis phoebe,2026-04-27T08:58:31Z,27-Apr-2026,04:58:31,0.99,1
Eastern Phoebe,Sayornis phoebe,2026-04-27T08:58:25Z,27-Apr-2026,04:58:25,0.98,1
Eastern Phoebe,Sayornis phoebe,2026-04-27T08:58:18Z,27-Apr-2026,04:58:18,0.99,1
Eastern Phoebe,Sayornis phoebe,2026-04-27T08:58:12Z,27-Apr-2026,04:58:12,0.98,1
Eastern Phoebe,Sayornis phoebe,2026-04-27T08:58:05Z,27-Apr-2026,04:58:05,0.99,1
Eastern Phoebe,Sayornis phoebe,2026-04-27T08:57:59Z,27-Apr-2026,04:57:59,0.98,1
Eastern Phoebe,Sayornis phoebe,2026-04-27T08:57:52Z,27-Apr-2026,04:57:52,0.98,1
Eastern Phoebe,Sayornis phoebe,2026-04-27T08:57:46Z,27-Apr-2026,04:57:46,0.98,1
Eastern Phoebe,Sayornis phoebe,2026-04-27T08:57:39Z,27-Apr-2026,04:57:39,0.98,1
Eastern Phoebe,Sayornis phoebe,2026-04-27T08:57:32Z,27-Apr-2026,04:57:32,0.93,1
Eastern Phoebe,Sayornis phoebe,2026-04-27T08:57:26Z,27-Apr-2026,04:57:26,0.98,1
Eastern Phoebe,Sayornis phoebe,2026-04-27T08:57:19Z,27-Apr-2026,04:57:19,0.99,1
Eastern Phoebe,Sayornis phoebe,2026-04-27T08:57:13Z,27-Apr-2026,04:57:13,0.92,1
Eastern Phoebe,Sayornis phoebe,2026-04-27T08:57:06Z,27-Apr-2026,04:57:06,0.99,1
Eastern Phoebe,Sayornis phoebe,2026-04-27T08:56:59Z,27-Apr-2026,04:56:59,0.97,1
Eastern Phoebe,Sayornis phoebe,2026-04-27T08:56:52Z,27-Apr-2026,04:56:52,0.99,1
Eastern Phoebe,Sayornis phoebe,2026-04-27T08:56:46Z,27-Apr-2026,04:56:46,0.99,1
Eastern Phoebe,Sayornis phoebe,2026-04-27T08:56:40Z,27-Apr-2026,04:56:40,0.98,1
Eastern Phoebe,Sayornis phoebe,2026-04-27T08:56:33Z,27-Apr-2026,04:56:33,0.98,1
Eastern Phoebe,Sayornis phoebe,2026-04-27T08:56:27Z,27-Apr-2026,04:56:27,0.96,1
Eastern Phoebe,Sayornis phoebe,2026-04-27T08:56:20Z,27-Apr-2026,04:56:20,0.99,1
Eastern Phoebe,Sayornis phoebe,2026-04-27T08:56:14Z,27-Apr-2026,04:56:14,0.97,1
Eastern Phoebe,Sayornis phoebe,2026-04-27T08:56:07Z,27-Apr-2026,04:56:07,0.95,1
Eastern Phoebe,Sayornis phoebe,2026-04-27T08:56:01Z,27-Apr-2026,04:56:01,0.94,1
Eastern Phoebe,Sayornis phoebe,2026-04-27T08:55:54Z,27-Apr-2026,04:55:54,0.92,1
Eastern Phoebe,Sayornis phoebe,2026-04-27T08:55:47Z,27-Apr-2026,04:55:47,0.91,1
Eastern Phoebe,Sayornis phoebe,2026-04-27T08:55:41Z,27-Apr-2026,04:55:41,0.95,1
Eastern Phoebe,Sayornis phoebe,2026-04-27T08:55:34Z,27-Apr-2026,04:55:34,0.95,1
Eastern Phoebe,Sayornis phoebe,2026-04-27T08:55:28Z,27-Apr-2026,04:55:28,0.96,1
Eastern Phoebe,Sayornis phoebe,2026-04-27T08:55:21Z,27-Apr-2026,04:55:21,0.76,1
Eastern Phoebe,Sayornis phoebe,2026-04-27T08:55:15Z,27-Apr-2026,04:55:15,0.75,1
Eastern Phoebe,Sayornis phoebe,2026-04-27T08:55:08Z,27-Apr-2026,04:55:08,0.77,1
Eastern Phoebe,Sayornis phoebe,2026-04-27T08:55:02Z,27-Apr-2026,04:55:02,0.91,1
Eastern Phoebe,Sayornis phoebe,2026-04-27T08:54:55Z,27-Apr-2026,04:54:55,0.95,1
Eastern Phoebe,Sayornis phoebe,2026-04-27T08:54:49Z,27-Apr-2026,04:54:49,0.82,1
Eastern Phoebe,Sayornis phoebe,2026-04-27T08:54:42Z,27-Apr-2026,04:54:42,0.83,1
Eastern Phoebe,Sayornis phoebe,2026-04-27T08:54:35Z,27-Apr-2026,04:54:35,0.95,1
Eastern Phoebe,Sayornis phoebe,2026-04-27T08:54:29Z,27-Apr-2026,04:54:29,0.92,1
Eastern Phoebe,Sayornis phoebe,2026-04-27T08:54:22Z,27-Apr-2026,04:54:22,0.84,1
Eastern Phoebe,Sayornis phoebe,2026-04-27T08:54:16Z,27-Apr-2026,04:54:16,0.85,1
Eastern Phoebe,Sayornis phoebe,2026-04-27T08:54:09Z,27-Apr-2026,04:54:09,0.92,1
Eastern Phoebe,Sayornis phoebe,2026-04-27T08:54:03Z,27-Apr-2026,04:54:03,0.77,1
Eastern Phoebe,Sayornis phoebe,2026-04-27T08:53:57Z,27-Apr-2026,04:53:57,0.97,1
Eastern Phoebe,Sayornis phoebe,2026-04-27T08:53:50Z,27-Apr-2026,04:53:50,0.94,1
Eastern Phoebe,Sayornis phoebe,2026-04-27T08:53:44Z,27-Apr-2026,04:53:44,0.83,1
Eastern Phoebe,Sayornis phoebe,2026-04-27T08:53:37Z,27-Apr-2026,04:53:37,0.93,1
Eastern Phoebe,Sayornis phoebe,2026-04-27T08:53:31Z,27-Apr-2026,04:53:31,0.83,1
Eastern Phoebe,Sayornis phoebe,2026-04-27T08:53:24Z,27-Apr-2026,04:53:24,0.77,1
Eastern Phoebe,Sayornis phoebe,2026-04-27T08:53:17Z,27-Apr-2026,04:53:17,0.96,1
Eastern Phoebe,Sayornis phoebe,2026-04-27T08:53:11Z,27-Apr-2026,04:53:11,0.48,1
Eastern Phoebe,Sayornis phoebe,2026-04-27T08:53:04Z,27-Apr-2026,04:53:04,0.95,1
Eastern Phoebe,Sayornis phoebe,2026-04-27T08:52:58Z,27-Apr-2026,04:52:58,0.95,1
Eastern Phoebe,Sayornis phoebe,2026-04-27T08:52:51Z,27-Apr-2026,04:52:51,0.95,1
Eastern Phoebe,Sayornis phoebe,2026-04-27T08:52:45Z,27-Apr-2026,04:52:45,0.99,1
Eastern Phoebe,Sayornis phoebe,2026-04-27T08:52:38Z,27-Apr-2026,04:52:38,0.91,1
Eastern Phoebe,Sayornis phoebe,2026-04-27T08:52:32Z,27-Apr-2026,04:52:32,0.96,1
Eastern Phoebe,Sayornis phoebe,2026-04-27T08:52:25Z,27-Apr-2026,04:52:25,0.94,1
Eastern Phoebe,Sayornis phoebe,2026-04-27T08:52:19Z,27-Apr-2026,04:52:19,0.96,1
Eastern Phoebe,Sayornis phoebe,2026-04-27T08:52:12Z,27-Apr-2026,04:52:12,0.94,1
Eastern Phoebe,Sayornis phoebe,2026-04-27T08:52:05Z,27-Apr-2026,04:52:05,0.91,1
Eastern Phoebe,Sayornis phoebe,2026-04-27T08:51:59Z,27-Apr-2026,04:51:59,0.93,1
Eastern Phoebe,Sayornis phoebe,2026-04-27T08:51:52Z,27-Apr-2026,04:51:52,0.92,1
Eastern Phoebe,Sayornis phoebe,2026-04-27T08:51:46Z,27-Apr-2026,04:51:46,0.87,1
Eastern Phoebe,Sayornis phoebe,2026-04-27T08:51:39Z,27-Apr-2026,04:51:39,0.74,1
American Woodcock,Scolopax minor,2026-04-27T08:51:32Z,27-Apr-2026,04:51:32,0.4,1
American Woodcock,Scolopax minor,2026-04-27T08:48:35Z,27-Apr-2026,04:48:35,0.6,1
American Woodcock,Scolopax minor,2026-04-27T08:48:15Z,27-Apr-2026,04:48:15,0.48,1
American Woodcock,Scolopax minor,2026-04-27T08:48:09Z,27-Apr-2026,04:48:09,0.38,1
American Woodcock,Scolopax minor,2026-04-27T08:48:02Z,27-Apr-2026,04:48:02,0.66,1
American Woodcock,Scolopax minor,2026-04-27T08:47:46Z,27-Apr-2026,04:47:46,0.74,1
American Woodcock,Scolopax minor,2026-04-27T08:46:29Z,27-Apr-2026,04:46:29,0.88,1
American Woodcock,Scolopax minor,2026-04-27T08:46:14Z,27-Apr-2026,04:46:14,0.86,1
American Woodcock,Scolopax minor,2026-04-27T08:46:07Z,27-Apr-2026,04:46:07,0.52,1
American Woodcock,Scolopax minor,2026-04-27T08:43:48Z,27-Apr-2026,04:43:48,0.49,1
American Woodcock,Scolopax minor,2026-04-27T08:42:48Z,27-Apr-2026,04:42:48,0.33,1
Eastern Wood-Pewee,Contopus virens,2026-04-27T08:42:41Z,27-Apr-2026,04:42:41,0.48,1
American Woodcock,Scolopax minor,2026-04-27T08:42:35Z,27-Apr-2026,04:42:35,0.42,1
American Woodcock,Scolopax minor,2026-04-27T08:42:25Z,27-Apr-2026,04:42:25,0.62,1
American Woodcock,Scolopax minor,2026-04-27T08:42:19Z,27-Apr-2026,04:42:19,0.46,1
American Woodcock,Scolopax minor,2026-04-27T08:41:32Z,27-Apr-2026,04:41:32,0.5,1
American Woodcock,Scolopax minor,2026-04-27T08:41:25Z,27-Apr-2026,04:41:25,0.44,1
American Woodcock,Scolopax minor,2026-04-27T08:41:12Z,27-Apr-2026,04:41:12,0.7,1
American Woodcock,Scolopax minor,2026-04-27T08:39:50Z,27-Apr-2026,04:39:50,0.74,1
American Woodcock,Scolopax minor,2026-04-27T08:39:43Z,27-Apr-2026,04:39:43,0.67,1
American Woodcock,Scolopax minor,2026-04-27T08:39:37Z,27-Apr-2026,04:39:37,0.47,1
American Woodcock,Scolopax minor,2026-04-27T08:39:21Z,27-Apr-2026,04:39:21,0.89,1
American Woodcock,Scolopax minor,2026-04-27T08:39:14Z,27-Apr-2026,04:39:14,0.79,1
American Woodcock,Scolopax minor,2026-04-27T08:39:02Z,27-Apr-2026,04:39:02,0.47,1
American Woodcock,Scolopax minor,2026-04-27T08:38:55Z,27-Apr-2026,04:38:55,0.85,1
American Woodcock,Scolopax minor,2026-04-27T08:38:49Z,27-Apr-2026,04:38:49,0.81,1
American Woodcock,Scolopax minor,2026-04-27T08:38:42Z,27-Apr-2026,04:38:42,0.91,1
American Woodcock,Scolopax minor,2026-04-27T08:37:31Z,27-Apr-2026,04:37:31,0.76,1
American Woodcock,Scolopax minor,2026-04-27T08:37:19Z,27-Apr-2026,04:37:19,0.78,1
American Woodcock,Scolopax minor,2026-04-27T08:37:07Z,27-Apr-2026,04:37:07,0.53,1
American Woodcock,Scolopax minor,2026-04-27T08:36:43Z,27-Apr-2026,04:36:43,0.49,1
American Woodcock,Scolopax minor,2026-04-27T08:36:36Z,27-Apr-2026,04:36:36,0.71,1
American Woodcock,Scolopax minor,2026-04-27T08:36:23Z,27-Apr-2026,04:36:23,0.69,1
American Woodcock,Scolopax minor,2026-04-27T08:35:33Z,27-Apr-2026,04:35:33,0.93,1
American Woodcock,Scolopax minor,2026-04-27T08:34:09Z,27-Apr-2026,04:34:09,0.54,1
American Woodcock,Scolopax minor,2026-04-27T08:33:19Z,27-Apr-2026,04:33:19,0.72,1
American Woodcock,Scolopax minor,2026-04-27T08:32:25Z,27-Apr-2026,04:32:25,0.37,1
American Woodcock,Scolopax minor,2026-04-27T08:30:58Z,27-Apr-2026,04:30:58,0.39,1
American Woodcock,Scolopax minor,2026-04-27T08:30:20Z,27-Apr-2026,04:30:20,0.47,1
American Woodcock,Scolopax minor,2026-04-27T08:30:13Z,27-Apr-2026,04:30:13,0.44,1
American Woodcock,Scolopax minor,2026-04-27T08:29:48Z,27-Apr-2026,04:29:48,0.82,1
American Woodcock,Scolopax minor,2026-04-27T08:29:36Z,27-Apr-2026,04:29:36,0.81,1
American Woodcock,Scolopax minor,2026-04-27T08:29:23Z,27-Apr-2026,04:29:23,0.35,1
American Woodcock,Scolopax minor,2026-04-27T08:29:17Z,27-Apr-2026,04:29:17,0.61,1
American Woodcock,Scolopax minor,2026-04-27T08:29:07Z,27-Apr-2026,04:29:07,0.43,1
American Woodcock,Scolopax minor,2026-04-27T08:28:29Z,27-Apr-2026,04:28:29,0.41,1
American Woodcock,Scolopax minor,2026-04-27T08:27:55Z,27-Apr-2026,04:27:55,0.34,1
American Woodcock,Scolopax minor,2026-04-27T08:26:43Z,27-Apr-2026,04:26:43,0.27,1
American Woodcock,Scolopax minor,2026-04-27T08:26:33Z,27-Apr-2026,04:26:33,0.46,1
American Woodcock,Scolopax minor,2026-04-27T08:26:00Z,27-Apr-2026,04:26:00,0.32,1
American Woodcock,Scolopax minor,2026-04-27T08:22:01Z,27-Apr-2026,04:22:01,0.59,1
American Woodcock,Scolopax minor,2026-04-27T06:32:14Z,27-Apr-2026,02:32:14,0.84,1
American Woodcock,Scolopax minor,2026-04-27T06:32:08Z,27-Apr-2026,02:32:08,0.43,1
American Woodcock,Scolopax minor,2026-04-27T06:23:54Z,27-Apr-2026,02:23:54,0.44,1
American Woodcock,Scolopax minor,2026-04-27T06:18:42Z,27-Apr-2026,02:18:42,0.58,1
American Woodcock,Scolopax minor,2026-04-27T06:18:32Z,27-Apr-2026,02:18:32,0.97,1
American Woodcock,Scolopax minor,2026-04-27T06:18:22Z,27-Apr-2026,02:18:22,0.71,1
American Woodcock,Scolopax minor,2026-04-27T06:18:09Z,27-Apr-2026,02:18:09,0.37,1
Northern Cardinal,Cardinalis cardinalis,2026-04-27T06:15:20Z,27-Apr-2026,02:15:20,0.8157,1
American Woodcock,Scolopax minor,2026-04-27T05:34:36Z,27-Apr-2026,01:34:36,0.43,1
Killdeer,Charadrius vociferus,2026-04-27T05:29:55Z,27-Apr-2026,01:29:55,0.57,1
American Woodcock,Scolopax minor,2026-04-27T05:26:44Z,27-Apr-2026,01:26:44,0.47,1
American Woodcock,Scolopax minor,2026-04-27T05:26:22Z,27-Apr-2026,01:26:22,0.64,1
Northern Cardinal,Cardinalis cardinalis,2026-04-27T05:18:07Z,27-Apr-2026,01:18:07,0.8,1
Northern Cardinal,Cardinalis cardinalis,2026-04-27T05:16:30Z,27-Apr-2026,01:16:30,0.8314,1
Northern Cardinal,Cardinalis cardinalis,2026-04-27T05:13:45Z,27-Apr-2026,01:13:45,0.7804,1
American Woodcock,Scolopax minor,2026-04-27T05:08:24Z,27-Apr-2026,01:08:24,0.49,1
American Woodcock,Scolopax minor,2026-04-27T05:07:53Z,27-Apr-2026,01:07:53,0.67,1
American Woodcock,Scolopax minor,2026-04-27T05:07:46Z,27-Apr-2026,01:07:46,0.53,1
Northern Cardinal,Cardinalis cardinalis,2026-04-27T05:02:55Z,27-Apr-2026,01:02:55,0.8157,1
Northern Cardinal,Cardinalis cardinalis,2026-04-27T05:00:13Z,27-Apr-2026,01:00:13,0.7804,1
American Woodcock,Scolopax minor,2026-04-27T04:59:30Z,27-Apr-2026,00:59:30,0.74,1
American Woodcock,Scolopax minor,2026-04-27T04:58:29Z,27-Apr-2026,00:58:29,0.54,1
American Woodcock,Scolopax minor,2026-04-27T04:57:42Z,27-Apr-2026,00:57:42,0.38,1
American Woodcock,Scolopax minor,2026-04-27T04:57:29Z,27-Apr-2026,00:57:29,0.6,1
American Woodcock,Scolopax minor,2026-04-27T04:57:04Z,27-Apr-2026,00:57:04,0.9,1
American Woodcock,Scolopax minor,2026-04-27T04:56:57Z,27-Apr-2026,00:56:57,0.8,1
American Woodcock,Scolopax minor,2026-04-27T04:56:47Z,27-Apr-2026,00:56:47,0.34,1
American Woodcock,Scolopax minor,2026-04-27T04:56:34Z,27-Apr-2026,00:56:34,0.87,1
American Woodcock,Scolopax minor,2026-04-27T04:56:25Z,27-Apr-2026,00:56:25,0.36,1
American Woodcock,Scolopax minor,2026-04-27T04:56:19Z,27-Apr-2026,00:56:19,0.76,1
American Woodcock,Scolopax minor,2026-04-27T04:56:09Z,27-Apr-2026,00:56:09,0.3,1
American Woodcock,Scolopax minor,2026-04-27T04:55:18Z,27-Apr-2026,00:55:18,0.89,1
American Woodcock,Scolopax minor,2026-04-27T04:55:05Z,27-Apr-2026,00:55:05,0.34,1
American Woodcock,Scolopax minor,2026-04-27T04:54:56Z,27-Apr-2026,00:54:56,0.91,1
American Woodcock,Scolopax minor,2026-04-27T04:54:16Z,27-Apr-2026,00:54:16,0.55,1
American Woodcock,Scolopax minor,2026-04-27T04:54:10Z,27-Apr-2026,00:54:10,0.6,1
American Woodcock,Scolopax minor,2026-04-27T04:50:45Z,27-Apr-2026,00:50:45,0.75,1
American Woodcock,Scolopax minor,2026-04-27T04:50:18Z,27-Apr-2026,00:50:18,0.9,1
American Woodcock,Scolopax minor,2026-04-27T04:36:09Z,27-Apr-2026,00:36:09,0.84,1
American Woodcock,Scolopax minor,2026-04-27T04:27:00Z,27-Apr-2026,00:27:00,0.6,1
American Woodcock,Scolopax minor,2026-04-27T04:26:41Z,27-Apr-2026,00:26:41,0.3,1
American Woodcock,Scolopax minor,2026-04-27T04:26:35Z,27-Apr-2026,00:26:35,0.32,1
American Woodcock,Scolopax minor,2026-04-27T04:26:28Z,27-Apr-2026,00:26:28,0.78,1
American Woodcock,Scolopax minor,2026-04-27T04:26:22Z,27-Apr-2026,00:26:22,0.89,1
American Woodcock,Scolopax minor,2026-04-27T04:26:12Z,27-Apr-2026,00:26:12,0.27,1
American Woodcock,Scolopax minor,2026-04-27T04:26:02Z,27-Apr-2026,00:26:02,0.88,1
American Woodcock,Scolopax minor,2026-04-27T04:25:40Z,27-Apr-2026,00:25:40,0.72,1
American Woodcock,Scolopax minor,2026-04-27T04:24:03Z,27-Apr-2026,00:24:03,0.91,1
American Woodcock,Scolopax minor,2026-04-27T04:18:40Z,27-Apr-2026,00:18:40,0.57,1
American Woodcock,Scolopax minor,2026-04-27T04:17:59Z,27-Apr-2026,00:17:59,0.55,1
American Woodcock,Scolopax minor,2026-04-27T04:14:28Z,27-Apr-2026,00:14:28,0.33,1
American Woodcock,Scolopax minor,2026-04-27T04:13:50Z,27-Apr-2026,00:13:50,0.55,1
American Woodcock,Scolopax minor,2026-04-27T04:13:40Z,27-Apr-2026,00:13:40,0.32,1
American Woodcock,Scolopax minor,2026-04-27T04:13:25Z,27-Apr-2026,00:13:25,0.43,1
American Woodcock,Scolopax minor,2026-04-27T04:09:13Z,27-Apr-2026,00:09:13,0.65,1
American Woodcock,Scolopax minor,2026-04-27T04:07:08Z,27-Apr-2026,00:07:08,0.49,1
Northern Cardinal,Cardinalis cardinalis,2026-04-27T04:06:09Z,27-Apr-2026,00:06:09,0.8471,1
American Woodcock,Scolopax minor,2026-04-27T04:04:49Z,27-Apr-2026,00:04:49,0.36,1
American Woodcock,Scolopax minor,2026-04-27T04:04:00Z,27-Apr-2026,00:04:00,0.27,1
American Woodcock,Scolopax minor,2026-04-27T04:03:54Z,27-Apr-2026,00:03:54,0.54,1
American Woodcock,Scolopax minor,2026-04-27T03:59:28Z,26-Apr-2026,23:59:28,0.54,1
American Woodcock,Scolopax minor,2026-04-27T03:59:21Z,26-Apr-2026,23:59:21,0.69,1
American Woodcock,Scolopax minor,2026-04-27T03:59:14Z,26-Apr-2026,23:59:14,0.86,1
American Woodcock,Scolopax minor,2026-04-27T03:58:37Z,26-Apr-2026,23:58:37,0.8,1
American Woodcock,Scolopax minor,2026-04-27T03:57:10Z,26-Apr-2026,23:57:10,0.38,1
American Woodcock,Scolopax minor,2026-04-27T03:56:28Z,26-Apr-2026,23:56:28,0.87,1
American Woodcock,Scolopax minor,2026-04-27T03:54:25Z,26-Apr-2026,23:54:25,0.58,1
American Woodcock,Scolopax minor,2026-04-27T03:53:42Z,26-Apr-2026,23:53:42,0.62,1
American Woodcock,Scolopax minor,2026-04-27T03:53:00Z,26-Apr-2026,23:53:00,0.26,1
American Woodcock,Scolopax minor,2026-04-27T03:52:19Z,26-Apr-2026,23:52:19,0.64,1
American Woodcock,Scolopax minor,2026-04-27T03:39:11Z,26-Apr-2026,23:39:11,0.69,1
American Woodcock,Scolopax minor,2026-04-27T03:03:48Z,26-Apr-2026,23:03:48,0.86,1
American Woodcock,Scolopax minor,2026-04-27T02:49:34Z,26-Apr-2026,22:49:34,0.3,1
American Woodcock,Scolopax minor,2026-04-27T02:41:27Z,26-Apr-2026,22:41:27,0.55,1
American Woodcock,Scolopax minor,2026-04-27T02:40:54Z,26-Apr-2026,22:40:54,0.38,1
American Woodcock,Scolopax minor,2026-04-27T02:40:07Z,26-Apr-2026,22:40:07,0.55,1
American Woodcock,Scolopax minor,2026-04-27T02:33:54Z,26-Apr-2026,22:33:54,0.7,1
American Woodcock,Scolopax minor,2026-04-27T02:32:33Z,26-Apr-2026,22:32:33,0.51,1
American Woodcock,Scolopax minor,2026-04-27T02:32:17Z,26-Apr-2026,22:32:17,0.67,1
American Woodcock,Scolopax minor,2026-04-27T02:32:11Z,26-Apr-2026,22:32:11,0.79,1
American Woodcock,Scolopax minor,2026-04-27T02:31:58Z,26-Apr-2026,22:31:58,0.46,1
American Woodcock,Scolopax minor,2026-04-27T02:31:51Z,26-Apr-2026,22:31:51,0.59,1
American Woodcock,Scolopax minor,2026-04-27T02:31:31Z,26-Apr-2026,22:31:31,0.61,1
American Woodcock,Scolopax minor,2026-04-27T02:31:18Z,26-Apr-2026,22:31:18,0.4,1
American Woodcock,Scolopax minor,2026-04-27T02:30:16Z,26-Apr-2026,22:30:16,0.5,1
American Woodcock,Scolopax minor,2026-04-27T02:28:46Z,26-Apr-2026,22:28:46,0.57,1
American Woodcock,Scolopax minor,2026-04-27T02:22:05Z,26-Apr-2026,22:22:05,0.43,1
Northern Cardinal,Cardinalis cardinalis,2026-04-27T02:18:47Z,26-Apr-2026,22:18:47,0.8,1
American Woodcock,Scolopax minor,2026-04-27T02:08:22Z,26-Apr-2026,22:08:22,0.67,1
American Woodcock,Scolopax minor,2026-04-27T02:08:15Z,26-Apr-2026,22:08:15,0.87,1
American Woodcock,Scolopax minor,2026-04-27T02:08:09Z,26-Apr-2026,22:08:09,0.57,1
American Woodcock,Scolopax minor,2026-04-27T02:07:17Z,26-Apr-2026,22:07:17,0.95,1
American Woodcock,Scolopax minor,2026-04-27T02:06:30Z,26-Apr-2026,22:06:30,0.45,1
American Woodcock,Scolopax minor,2026-04-27T02:03:54Z,26-Apr-2026,22:03:54,0.39,1
American Woodcock,Scolopax minor,2026-04-27T02:02:12Z,26-Apr-2026,22:02:12,0.39,1
American Woodcock,Scolopax minor,2026-04-27T01:53:51Z,26-Apr-2026,21:53:51,0.84,1
American Woodcock,Scolopax minor,2026-04-27T01:53:38Z,26-Apr-2026,21:53:38,0.42,1
American Woodcock,Scolopax minor,2026-04-27T01:51:12Z,26-Apr-2026,21:51:12,0.27,1
American Woodcock,Scolopax minor,2026-04-27T01:49:12Z,26-Apr-2026,21:49:12,0.66,1
American Woodcock,Scolopax minor,2026-04-27T01:46:56Z,26-Apr-2026,21:46:56,0.57,1
American Woodcock,Scolopax minor,2026-04-27T01:45:04Z,26-Apr-2026,21:45:04,0.46,1
American Woodcock,Scolopax minor,2026-04-27T01:44:58Z,26-Apr-2026,21:44:58,0.74,1
American Woodcock,Scolopax minor,2026-04-27T01:44:52Z,26-Apr-2026,21:44:52,0.36,1
American Woodcock,Scolopax minor,2026-04-27T01:44:45Z,26-Apr-2026,21:44:45,0.9,1
American Woodcock,Scolopax minor,2026-04-27T01:44:37Z,26-Apr-2026,21:44:37,0.52,1
Red-breasted Nuthatch,Sitta canadensis,2026-04-27T01:33:12Z,26-Apr-2026,21:33:12,0.4,1
Northern Cardinal,Cardinalis cardinalis,2026-04-27T01:29:42Z,26-Apr-2026,21:29:42,0.8471,1
Mourning Dove,Zenaida macroura,2026-04-27T00:47:18Z,26-Apr-2026,20:47:18,0.28,1
American Woodcock,Scolopax minor,2026-04-27T00:39:09Z,26-Apr-2026,20:39:09,0.94,1
American Woodcock,Scolopax minor,2026-04-27T00:38:33Z,26-Apr-2026,20:38:33,0.57,1
American Woodcock,Scolopax minor,2026-04-27T00:38:24Z,26-Apr-2026,20:38:24,0.56,1
American Woodcock,Scolopax minor,2026-04-27T00:38:14Z,26-Apr-2026,20:38:14,0.97,1
American Woodcock,Scolopax minor,2026-04-27T00:38:07Z,26-Apr-2026,20:38:07,0.94,1
American Woodcock,Scolopax minor,2026-04-27T00:36:43Z,26-Apr-2026,20:36:43,0.77,1
American Woodcock,Scolopax minor,2026-04-27T00:30:21Z,26-Apr-2026,20:30:21,0.84,1
American Woodcock,Scolopax minor,2026-04-27T00:25:50Z,26-Apr-2026,20:25:50,0.73,1
American Woodcock,Scolopax minor,2026-04-27T00:15:25Z,26-Apr-2026,20:15:25,0.75,1
American Woodcock,Scolopax minor,2026-04-27T00:05:57Z,26-Apr-2026,20:05:57,0.9,1
American Woodcock,Scolopax minor,2026-04-27T00:05:48Z,26-Apr-2026,20:05:48,0.79,1
American Woodcock,Scolopax minor,2026-04-27T00:05:18Z,26-Apr-2026,20:05:18,0.85,1
American Woodcock,Scolopax minor,2026-04-27T00:05:11Z,26-Apr-2026,20:05:11,0.94,1
American Woodcock,Scolopax minor,2026-04-27T00:05:04Z,26-Apr-2026,20:05:04,0.86,1
American Woodcock,Scolopax minor,2026-04-27T00:04:57Z,26-Apr-2026,20:04:57,0.28,1
American Woodcock,Scolopax minor,2026-04-27T00:04:42Z,26-Apr-2026,20:04:42,0.88,1
American Woodcock,Scolopax minor,2026-04-27T00:04:35Z,26-Apr-2026,20:04:35,0.94,1
American Woodcock,Scolopax minor,2026-04-27T00:04:25Z,26-Apr-2026,20:04:25,0.88,1
American Woodcock,Scolopax minor,2026-04-27T00:04:19Z,26-Apr-2026,20:04:19,0.94,1
American Woodcock,Scolopax minor,2026-04-27T00:04:13Z,26-Apr-2026,20:04:13,0.93,1
American Woodcock,Scolopax minor,2026-04-27T00:04:06Z,26-Apr-2026,20:04:06,0.78,1
American Woodcock,Scolopax minor,2026-04-27T00:03:55Z,26-Apr-2026,20:03:55,0.91,1
American Woodcock,Scolopax minor,2026-04-27T00:03:49Z,26-Apr-2026,20:03:49,0.97,1
American Woodcock,Scolopax minor,2026-04-27T00:03:42Z,26-Apr-2026,20:03:42,0.97,1
American Woodcock,Scolopax minor,2026-04-27T00:03:36Z,26-Apr-2026,20:03:36,0.91,1
American Woodcock,Scolopax minor,2026-04-27T00:03:29Z,26-Apr-2026,20:03:29,0.91,1
American Woodcock,Scolopax minor,2026-04-27T00:03:22Z,26-Apr-2026,20:03:22,0.9,1
Green-winged Teal,Anas crecca,2026-04-27T00:01:32Z,26-Apr-2026,20:01:32,0.54,1
American Woodcock,Scolopax minor,2026-04-27T00:00:59Z,26-Apr-2026,20:00:59,0.36,1
Gray Catbird,Dumetella carolinensis,2026-04-27T00:00:36Z,26-Apr-2026,20:00:36,0.8,1
American Woodcock,Scolopax minor,2026-04-27T00:00:04Z,26-Apr-2026,20:00:04,0.48,1
