Species,Scientific Name,UTC Date,Local Date,Local Time,Score,Count
Eastern Phoebe,Sayornis phoebe,2026-04-28T23:52:11Z,28-Apr-2026,19:52:11,0.42,1
Eastern Phoebe,Sayornis phoebe,2026-04-28T23:51:46Z,28-Apr-2026,19:51:46,0.41,1
Eastern Phoebe,Sayornis phoebe,2026-04-28T23:51:20Z,28-Apr-2026,19:51:20,0.36,1
Eastern Phoebe,Sayornis phoebe,2026-04-28T23:51:14Z,28-Apr-2026,19:51:14,0.26,1
American Robin,Turdus migratorius,2026-04-28T23:32:05Z,28-Apr-2026,19:32:05,0.38,1
Mourning Dove,Zenaida macroura,2026-04-28T23:29:26Z,28-Apr-2026,19:29:26,0.8745,1
Red-shouldered Hawk,Buteo lineatus,2026-04-28T23:29:16Z,28-Apr-2026,19:29:16,0.27,1
Mourning Dove,Zenaida macroura,2026-04-28T23:29:10Z,28-Apr-2026,19:29:10,0.88,1
Northern Flicker,Colaptes auratus,2026-04-28T23:25:44Z,28-Apr-2026,19:25:44,0.37,1
Northern Flicker,Colaptes auratus,2026-04-28T23:25:15Z,28-Apr-2026,19:25:15,0.55,1
Northern Flicker,Colaptes auratus,2026-04-28T23:25:02Z,28-Apr-2026,19:25:02,0.66,1
Northern Flicker,Colaptes auratus,2026-04-28T23:24:56Z,28-Apr-2026,19:24:56,0.82,1
Northern Flicker,Colaptes auratus,2026-04-28T23:24:43Z,28-Apr-2026,19:24:43,0.44,1
Northern Flicker,Colaptes auratus,2026-04-28T23:24:30Z,28-Apr-2026,19:24:30,0.47,1
Northern Flicker,Colaptes auratus,2026-04-28T23:24:23Z,28-Apr-2026,19:24:23,0.36,1
Brown-headed Cowbird,Molothrus ater,2026-04-28T23:16:05Z,28-Apr-2026,19:16:05,0.28,1
American Robin,Turdus migratorius,2026-04-28T23:15:29Z,28-Apr-2026,19:15:29,0.32,1
American Robin,Turdus migratorius,2026-04-28T23:15:22Z,28-Apr-2026,19:15:22,0.47,1
American Robin,Turdus migratorius,2026-04-28T23:15:18Z,28-Apr-2026,19:15:18,0.9333,10
American Robin,Turdus migratorius,2026-04-28T23:14:16Z,28-Apr-2026,19:14:16,0.8471,1
Brown-headed Cowbird,Molothrus ater,2026-04-28T23:13:53Z,28-Apr-2026,19:13:53,0.48,1
Brown-headed Cowbird,Molothrus ater,2026-04-28T23:13:08Z,28-Apr-2026,19:13:08,0.65,1
Mourning Dove,Zenaida macroura,2026-04-28T22:48:24Z,28-Apr-2026,18:48:24,0.8,3
Mourning Dove,Zenaida macroura,2026-04-28T22:47:17Z,28-Apr-2026,18:47:17,0.8627,2
Mourning Dove,Zenaida macroura,2026-04-28T22:46:14Z,28-Apr-2026,18:46:14,0.8314,3
Mourning Dove,Zenaida macroura,2026-04-28T22:46:10Z,28-Apr-2026,18:46:10,0.71,1
Mourning Dove,Zenaida macroura,2026-04-28T22:44:48Z,28-Apr-2026,18:44:48,0.39,1
Mourning Dove,Zenaida macroura,2026-04-28T22:44:36Z,28-Apr-2026,18:44:36,0.8,2
Mourning Dove,Zenaida macroura,2026-04-28T22:41:10Z,28-Apr-2026,18:41:10,0.8471,1
White-breasted Nuthatch,Sitta carolinensis,2026-04-28T22:17:29Z,28-Apr-2026,18:17:29,0.69,1
White-breasted Nuthatch,Sitta carolinensis,2026-04-28T22:17:22Z,28-Apr-2026,18:17:22,0.72,1
White-breasted Nuthatch,Sitta carolinensis,2026-04-28T22:17:16Z,28-Apr-2026,18:17:16,0.6,1
White-breasted Nuthatch,Sitta carolinensis,2026-04-28T22:16:57Z,28-Apr-2026,18:16:57,0.74,1
White-breasted Nuthatch,Sitta carolinensis,2026-04-28T22:16:35Z,28-Apr-2026,18:16:35,0.76,1
White-breasted Nuthatch,Sitta carolinensis,2026-04-28T22:16:29Z,28-Apr-2026,18:16:29,0.41,1
White-breasted Nuthatch,Sitta carolinensis,2026-04-28T22:16:23Z,28-Apr-2026,18:16:23,0.64,1
White-breasted Nuthatch,Sitta carolinensis,2026-04-28T22:16:16Z,28-Apr-2026,18:16:16,0.87,1
White-breasted Nuthatch,Sitta carolinensis,2026-04-28T22:16:03Z,28-Apr-2026,18:16:03,0.81,1
White-breasted Nuthatch,Sitta carolinensis,2026-04-28T22:15:54Z,28-Apr-2026,18:15:54,0.53,1
White-breasted Nuthatch,Sitta carolinensis,2026-04-28T22:15:44Z,28-Apr-2026,18:15:44,0.8,1
White-breasted Nuthatch,Sitta carolinensis,2026-04-28T22:15:38Z,28-Apr-2026,18:15:38,0.59,1
White-breasted Nuthatch,Sitta carolinensis,2026-04-28T22:15:31Z,28-Apr-2026,18:15:31,0.51,1
White-breasted Nuthatch,Sitta carolinensis,2026-04-28T22:15:09Z,28-Apr-2026,18:15:09,0.96,1
White-breasted Nuthatch,Sitta carolinensis,2026-04-28T22:14:59Z,28-Apr-2026,18:14:59,0.86,1
White-breasted Nuthatch,Sitta carolinensis,2026-04-28T22:14:50Z,28-Apr-2026,18:14:50,0.88,1
White-breasted Nuthatch,Sitta carolinensis,2026-04-28T22:14:31Z,28-Apr-2026,18:14:31,0.61,1
White-breasted Nuthatch,Sitta carolinensis,2026-04-28T22:14:24Z,28-Apr-2026,18:14:24,0.83,1
White-breasted Nuthatch,Sitta carolinensis,2026-04-28T22:13:59Z,28-Apr-2026,18:13:59,0.54,1
White-breasted Nuthatch,Sitta carolinensis,2026-04-28T22:13:34Z,28-Apr-2026,18:13:34,0.62,1
White-breasted Nuthatch,Sitta carolinensis,2026-04-28T22:13:16Z,28-Apr-2026,18:13:16,0.69,1
White-breasted Nuthatch,Sitta carolinensis,2026-04-28T22:13:09Z,28-Apr-2026,18:13:09,0.83,1
White-breasted Nuthatch,Sitta carolinensis,2026-04-28T22:13:03Z,28-Apr-2026,18:13:03,0.28,1
White-breasted Nuthatch,Sitta carolinensis,2026-04-28T22:12:56Z,28-Apr-2026,18:12:56,0.76,1
White-breasted Nuthatch,Sitta carolinensis,2026-04-28T22:12:43Z,28-Apr-2026,18:12:43,0.41,1
White-breasted Nuthatch,Sitta carolinensis,2026-04-28T22:12:37Z,28-Apr-2026,18:12:37,0.81,1
White-breasted Nuthatch,Sitta carolinensis,2026-04-28T22:12:30Z,28-Apr-2026,18:12:30,0.84,1
Black-capped Chickadee,Poecile atricapillus,2026-04-28T21:07:21Z,28-Apr-2026,17:07:21,0.7804,1
Gray Catbird,Dumetella carolinensis,2026-04-28T20:43:53Z,28-Apr-2026,16:43:53,0.8471,1
American Robin,Turdus migratorius,2026-04-28T20:41:47Z,28-Apr-2026,16:41:47,0.8157,1
Song Sparrow,Melospiza melodia,2026-04-28T20:33:51Z,28-Apr-2026,16:33:51,0.61,1
Downy Woodpecker,Dryobates pubescens,2026-04-28T20:28:31Z,28-Apr-2026,16:28:31,0.36,1
Song Sparrow,Melospiza melodia,2026-04-28T20:28:21Z,28-Apr-2026,16:28:21,0.34,1
American Crow,Corvus brachyrhynchos,2026-04-28T20:23:51Z,28-Apr-2026,16:23:51,0.9176,1
White-breasted Nuthatch,Sitta carolinensis,2026-04-28T18:34:13Z,28-Apr-2026,14:34:13,0.83,1
White-breasted Nuthatch,Sitta carolinensis,2026-04-28T18:34:00Z,28-Apr-2026,14:34:00,0.65,1
White-breasted Nuthatch,Sitta carolinensis,2026-04-28T18:33:36Z,28-Apr-2026,14:33:36,0.82,1
White-breasted Nuthatch,Sitta carolinensis,2026-04-28T18:33:27Z,28-Apr-2026,14:33:27,0.83,1
White-breasted Nuthatch,Sitta carolinensis,2026-04-28T18:33:20Z,28-Apr-2026,14:33:20,0.74,1
White-breasted Nuthatch,Sitta carolinensis,2026-04-28T18:04:50Z,28-Apr-2026,14:04:50,0.48,1
Northern Flicker,Colaptes auratus,2026-04-28T17:55:45Z,28-Apr-2026,13:55:45,0.51,1
American Goldfinch,Spinus tristis,2026-04-28T17:48:22Z,28-Apr-2026,13:48:22,0.9333,1
European Starling,Sturnus vulgaris,2026-04-28T17:48:09Z,28-Apr-2026,13:48:09,0.8,1
Black-backed Woodpecker,Picoides arcticus,2026-04-28T17:46:52Z,28-Apr-2026,13:46:52,0.6,1
Chipping Sparrow,Spizella passerina,2026-04-28T17:27:01Z,28-Apr-2026,13:27:01,0.33,1
Chipping Sparrow,Spizella passerina,2026-04-28T17:26:18Z,28-Apr-2026,13:26:18,0.33,1
Eastern Wood-Pewee,Contopus virens,2026-04-28T17:19:52Z,28-Apr-2026,13:19:52,0.54,1
Song Sparrow,Melospiza melodia,2026-04-28T17:19:49Z,28-Apr-2026,13:19:49,0.949,1
Northern Flicker,Colaptes auratus,2026-04-28T17:19:33Z,28-Apr-2026,13:19:33,0.29,1
Chipping Sparrow,Spizella passerina,2026-04-28T17:13:21Z,28-Apr-2026,13:13:21,0.26,1
Chipping Sparrow,Spizella passerina,2026-04-28T17:13:11Z,28-Apr-2026,13:13:11,0.31,1
Palm Warbler,Setophaga palmarum,2026-04-28T17:13:02Z,28-Apr-2026,13:13:02,0.33,1
American Robin,Turdus migratorius,2026-04-28T17:10:10Z,28-Apr-2026,13:10:10,0.9098,1
White-breasted Nuthatch,Sitta carolinensis,2026-04-28T17:07:13Z,28-Apr-2026,13:07:13,0.63,1
White-breasted Nuthatch,Sitta carolinensis,2026-04-28T17:06:55Z,28-Apr-2026,13:06:55,0.75,1
White-breasted Nuthatch,Sitta carolinensis,2026-04-28T17:06:48Z,28-Apr-2026,13:06:48,0.75,1
White-breasted Nuthatch,Sitta carolinensis,2026-04-28T17:06:42Z,28-Apr-2026,13:06:42,0.82,1
White-breasted Nuthatch,Sitta carolinensis,2026-04-28T17:06:35Z,28-Apr-2026,13:06:35,0.81,1
White-breasted Nuthatch,Sitta carolinensis,2026-04-28T17:06:26Z,28-Apr-2026,13:06:26,0.59,1
American Goldfinch,Spinus tristis,2026-04-28T17:06:06Z,28-Apr-2026,13:06:06,0.9412,1
White-breasted Nuthatch,Sitta carolinensis,2026-04-28T17:05:35Z,28-Apr-2026,13:05:35,0.94,1
White-breasted Nuthatch,Sitta carolinensis,2026-04-28T17:05:29Z,28-Apr-2026,13:05:29,0.89,1
White-breasted Nuthatch,Sitta carolinensis,2026-04-28T17:05:22Z,28-Apr-2026,13:05:22,0.97,1
White-breasted Nuthatch,Sitta carolinensis,2026-04-28T17:05:03Z,28-Apr-2026,13:05:03,0.37,1
Bohemian Waxwing,Bombycilla garrulus,2026-04-28T16:58:43Z,28-Apr-2026,12:58:43,0.54,1
Bohemian Waxwing,Bombycilla garrulus,2026-04-28T16:58:37Z,28-Apr-2026,12:58:37,0.77,1
Pileated Woodpecker,Dryocopus pileatus,2026-04-28T16:41:09Z,28-Apr-2026,12:41:09,0.4,1
Pileated Woodpecker,Dryocopus pileatus,2026-04-28T16:37:20Z,28-Apr-2026,12:37:20,0.43,1
Pileated Woodpecker,Dryocopus pileatus,2026-04-28T16:36:51Z,28-Apr-2026,12:36:51,0.47,1
Black-capped Chickadee,Poecile atricapillus,2026-04-28T16:29:47Z,28-Apr-2026,12:29:47,0.8,1
Chipping Sparrow,Spizella passerina,2026-04-28T16:28:39Z,28-Apr-2026,12:28:39,0.39,1
Black-capped Chickadee,Poecile atricapillus,2026-04-28T16:20:53Z,28-Apr-2026,12:20:53,0.9529,1
Black-capped Chickadee,Poecile atricapillus,2026-04-28T16:20:49Z,28-Apr-2026,12:20:49,0.46,1
European Starling,Sturnus vulgaris,2026-04-28T16:17:19Z,28-Apr-2026,12:17:19,0.8863,1
European Starling,Sturnus vulgaris,2026-04-28T16:17:15Z,28-Apr-2026,12:17:15,0.42,1
Black-capped Chickadee,Poecile atricapillus,2026-04-28T16:12:48Z,28-Apr-2026,12:12:48,0.32,1
American Crow,Corvus brachyrhynchos,2026-04-28T16:11:33Z,28-Apr-2026,12:11:33,0.8745,1
Palm Warbler,Setophaga palmarum,2026-04-28T16:07:56Z,28-Apr-2026,12:07:56,0.96,1
Bohemian Waxwing,Bombycilla garrulus,2026-04-28T16:06:34Z,28-Apr-2026,12:06:34,0.42,1
Bohemian Waxwing,Bombycilla garrulus,2026-04-28T16:06:28Z,28-Apr-2026,12:06:28,0.8,1
Bohemian Waxwing,Bombycilla garrulus,2026-04-28T16:06:22Z,28-Apr-2026,12:06:22,0.58,1
Bohemian Waxwing,Bombycilla garrulus,2026-04-28T16:06:15Z,28-Apr-2026,12:06:15,0.76,1
Song Sparrow,Melospiza melodia,2026-04-28T16:05:38Z,28-Apr-2026,12:05:38,0.83,1
Song Sparrow,Melospiza melodia,2026-04-28T16:05:32Z,28-Apr-2026,12:05:32,0.52,1
Chipping Sparrow,Spizella passerina,2026-04-28T16:02:58Z,28-Apr-2026,12:02:58,0.32,1
Chipping Sparrow,Spizella passerina,2026-04-28T16:02:28Z,28-Apr-2026,12:02:28,0.27,1
Chipping Sparrow,Spizella passerina,2026-04-28T16:01:56Z,28-Apr-2026,12:01:56,0.5,1
Chipping Sparrow,Spizella passerina,2026-04-28T16:01:40Z,28-Apr-2026,12:01:40,0.32,1
Chipping Sparrow,Spizella passerina,2026-04-28T16:01:12Z,28-Apr-2026,12:01:12,0.42,1
Song Sparrow,Melospiza melodia,2026-04-28T15:59:44Z,28-Apr-2026,11:59:44,0.8627,1
Song Sparrow,Melospiza melodia,2026-04-28T15:57:51Z,28-Apr-2026,11:57:51,0.8471,1
Northern Flicker,Colaptes auratus,2026-04-28T15:56:03Z,28-Apr-2026,11:56:03,0.43,1
Chipping Sparrow,Spizella passerina,2026-04-28T15:55:07Z,28-Apr-2026,11:55:07,0.33,1
Chipping Sparrow,Spizella passerina,2026-04-28T15:53:38Z,28-Apr-2026,11:53:38,0.54,1
American Goldfinch,Spinus tristis,2026-04-28T15:49:37Z,28-Apr-2026,11:49:37,0.8157,1
Wild Turkey,Meleagris gallopavo,2026-04-28T15:49:05Z,28-Apr-2026,11:49:05,0.45,1
Northern Saw-whet Owl,Aegolius acadicus,2026-04-28T15:45:54Z,28-Apr-2026,11:45:54,0.32,1
Palm Warbler,Setophaga palmarum,2026-04-28T15:45:22Z,28-Apr-2026,11:45:22,0.3,1
Song Sparrow,Melospiza melodia,2026-04-28T15:44:39Z,28-Apr-2026,11:44:39,0.9843,1
Chipping Sparrow,Spizella passerina,2026-04-28T15:43:04Z,28-Apr-2026,11:43:04,0.27,1
Song Sparrow,Melospiza melodia,2026-04-28T15:42:55Z,28-Apr-2026,11:42:55,0.949,1
Song Sparrow,Melospiza melodia,2026-04-28T15:42:51Z,28-Apr-2026,11:42:51,0.29,1
Tufted Titmouse,Baeolophus bicolor,2026-04-28T15:41:58Z,28-Apr-2026,11:41:58,0.4,1
Chipping Sparrow,Spizella passerina,2026-04-28T15:41:10Z,28-Apr-2026,11:41:10,0.28,1
Chipping Sparrow,Spizella passerina,2026-04-28T15:40:57Z,28-Apr-2026,11:40:57,0.47,1
Chipping Sparrow,Spizella passerina,2026-04-28T15:40:23Z,28-Apr-2026,11:40:23,0.26,1
Song Sparrow,Melospiza melodia,2026-04-28T15:39:51Z,28-Apr-2026,11:39:51,0.46,1
Song Sparrow,Melospiza melodia,2026-04-28T15:38:46Z,28-Apr-2026,11:38:46,0.37,1
Chipping Sparrow,Spizella passerina,2026-04-28T15:38:21Z,28-Apr-2026,11:38:21,0.73,1
Song Sparrow,Melospiza melodia,2026-04-28T15:31:57Z,28-Apr-2026,11:31:57,0.59,1
American Goldfinch,Spinus tristis,2026-04-28T15:31:48Z,28-Apr-2026,11:31:48,0.898,1
Song Sparrow,Melospiza melodia,2026-04-28T15:31:38Z,28-Apr-2026,11:31:38,0.8314,1
Red-shouldered Hawk,Buteo lineatus,2026-04-28T15:31:25Z,28-Apr-2026,11:31:25,0.85,1
Song Sparrow,Melospiza melodia,2026-04-28T15:31:19Z,28-Apr-2026,11:31:19,0.32,1
Chipping Sparrow,Spizella passerina,2026-04-28T15:29:14Z,28-Apr-2026,11:29:14,0.5,1
Chipping Sparrow,Spizella passerina,2026-04-28T15:28:35Z,28-Apr-2026,11:28:35,0.37,1
Song Sparrow,Melospiza melodia,2026-04-28T15:27:43Z,28-Apr-2026,11:27:43,0.898,1
Chipping Sparrow,Spizella passerina,2026-04-28T15:27:18Z,28-Apr-2026,11:27:18,0.35,1
Chipping Sparrow,Spizella passerina,2026-04-28T15:26:52Z,28-Apr-2026,11:26:52,0.6,1
American Robin,Turdus migratorius,2026-04-28T15:26:49Z,28-Apr-2026,11:26:49,0.8314,1
Chipping Sparrow,Spizella passerina,2026-04-28T15:25:56Z,28-Apr-2026,11:25:56,0.37,1
Chipping Sparrow,Spizella passerina,2026-04-28T15:25:17Z,28-Apr-2026,11:25:17,0.36,1
Chipping Sparrow,Spizella passerina,2026-04-28T15:24:07Z,28-Apr-2026,11:24:07,0.32,1
Chipping Sparrow,Spizella passerina,2026-04-28T15:22:58Z,28-Apr-2026,11:22:58,0.56,1
White-breasted Nuthatch,Sitta carolinensis,2026-04-28T15:22:05Z,28-Apr-2026,11:22:05,0.37,1
White-breasted Nuthatch,Sitta carolinensis,2026-04-28T15:21:58Z,28-Apr-2026,11:21:58,0.86,1
White-breasted Nuthatch,Sitta carolinensis,2026-04-28T15:21:51Z,28-Apr-2026,11:21:51,0.82,1
White-breasted Nuthatch,Sitta carolinensis,2026-04-28T15:21:44Z,28-Apr-2026,11:21:44,0.77,1
White-breasted Nuthatch,Sitta carolinensis,2026-04-28T15:21:34Z,28-Apr-2026,11:21:34,0.89,1
White-breasted Nuthatch,Sitta carolinensis,2026-04-28T15:21:15Z,28-Apr-2026,11:21:15,0.43,1
American Goldfinch,Spinus tristis,2026-04-28T15:20:50Z,28-Apr-2026,11:20:50,0.9098,1
American Goldfinch,Spinus tristis,2026-04-28T15:20:29Z,28-Apr-2026,11:20:29,0.52,1
White-breasted Nuthatch,Sitta carolinensis,2026-04-28T15:19:10Z,28-Apr-2026,11:19:10,0.52,1
White-breasted Nuthatch,Sitta carolinensis,2026-04-28T15:18:54Z,28-Apr-2026,11:18:54,0.65,1
White-breasted Nuthatch,Sitta carolinensis,2026-04-28T15:18:48Z,28-Apr-2026,11:18:48,0.54,1
White-breasted Nuthatch,Sitta carolinensis,2026-04-28T15:18:38Z,28-Apr-2026,11:18:38,0.52,1
White-breasted Nuthatch,Sitta carolinensis,2026-04-28T15:18:32Z,28-Apr-2026,11:18:32,0.48,1
White-breasted Nuthatch,Sitta carolinensis,2026-04-28T15:18:26Z,28-Apr-2026,11:18:26,0.56,1
White-breasted Nuthatch,Sitta carolinensis,2026-04-28T15:18:19Z,28-Apr-2026,11:18:19,0.69,1
White-breasted Nuthatch,Sitta carolinensis,2026-04-28T15:18:12Z,28-Apr-2026,11:18:12,0.54,1
White-breasted Nuthatch,Sitta carolinensis,2026-04-28T15:18:05Z,28-Apr-2026,11:18:05,0.85,1
White-breasted Nuthatch,Sitta carolinensis,2026-04-28T15:17:58Z,28-Apr-2026,11:17:58,0.52,1
White-breasted Nuthatch,Sitta carolinensis,2026-04-28T15:17:52Z,28-Apr-2026,11:17:52,0.75,1
White-breasted Nuthatch,Sitta carolinensis,2026-04-28T15:17:46Z,28-Apr-2026,11:17:46,0.84,1
White-breasted Nuthatch,Sitta carolinensis,2026-04-28T15:17:39Z,28-Apr-2026,11:17:39,0.7,1
White-breasted Nuthatch,Sitta carolinensis,2026-04-28T15:17:27Z,28-Apr-2026,11:17:27,0.68,1
Tree Swallow,Tachycineta bicolor,2026-04-28T15:15:18Z,28-Apr-2026,11:15:18,0.5,1
Chipping Sparrow,Spizella passerina,2026-04-28T15:14:19Z,28-Apr-2026,11:14:19,0.55,1
Chipping Sparrow,Spizella passerina,2026-04-28T15:14:13Z,28-Apr-2026,11:14:13,0.32,1
Chipping Sparrow,Spizella passerina,2026-04-28T15:14:06Z,28-Apr-2026,11:14:06,0.34,1
Chipping Sparrow,Spizella passerina,2026-04-28T15:13:47Z,28-Apr-2026,11:13:47,0.37,1
Eastern Phoebe,Sayornis phoebe,2026-04-28T15:13:34Z,28-Apr-2026,11:13:34,0.45,1
Tufted Titmouse,Baeolophus bicolor,2026-04-28T15:12:05Z,28-Apr-2026,11:12:05,0.8,1
Chipping Sparrow,Spizella passerina,2026-04-28T15:10:49Z,28-Apr-2026,11:10:49,0.59,1
Chipping Sparrow,Spizella passerina,2026-04-28T15:10:40Z,28-Apr-2026,11:10:40,0.32,1
Chipping Sparrow,Spizella passerina,2026-04-28T15:09:38Z,28-Apr-2026,11:09:38,0.3,1
Chipping Sparrow,Spizella passerina,2026-04-28T15:08:47Z,28-Apr-2026,11:08:47,0.39,1
Chipping Sparrow,Spizella passerina,2026-04-28T15:08:34Z,28-Apr-2026,11:08:34,0.26,1
Chipping Sparrow,Spizella passerina,2026-04-28T15:08:24Z,28-Apr-2026,11:08:24,0.39,1
Chipping Sparrow,Spizella passerina,2026-04-28T15:07:43Z,28-Apr-2026,11:07:43,0.37,1
Chipping Sparrow,Spizella passerina,2026-04-28T15:06:01Z,28-Apr-2026,11:06:01,0.5,1
Chipping Sparrow,Spizella passerina,2026-04-28T15:05:23Z,28-Apr-2026,11:05:23,0.54,1
Chipping Sparrow,Spizella passerina,2026-04-28T15:04:46Z,28-Apr-2026,11:04:46,0.5,1
Chipping Sparrow,Spizella passerina,2026-04-28T15:04:27Z,28-Apr-2026,11:04:27,0.53,1
Chipping Sparrow,Spizella passerina,2026-04-28T15:04:11Z,28-Apr-2026,11:04:11,0.4,1
Chipping Sparrow,Spizella passerina,2026-04-28T15:02:38Z,28-Apr-2026,11:02:38,0.43,1
Chipping Sparrow,Spizella passerina,2026-04-28T15:02:25Z,28-Apr-2026,11:02:25,0.54,1
Chipping Sparrow,Spizella passerina,2026-04-28T15:01:42Z,28-Apr-2026,11:01:42,0.41,1
Chipping Sparrow,Spizella passerina,2026-04-28T15:01:32Z,28-Apr-2026,11:01:32,0.44,1
Chipping Sparrow,Spizella passerina,2026-04-28T15:00:52Z,28-Apr-2026,11:00:52,0.45,1
Chipping Sparrow,Spizella passerina,2026-04-28T15:00:39Z,28-Apr-2026,11:00:39,0.26,1
Chipping Sparrow,Spizella passerina,2026-04-28T14:53:54Z,28-Apr-2026,10:53:54,0.3,1
Chipping Sparrow,Spizella passerina,2026-04-28T14:53:22Z,28-Apr-2026,10:53:22,0.47,1
Song Sparrow,Melospiza melodia,2026-04-28T14:52:11Z,28-Apr-2026,10:52:11,0.949,1
Chipping Sparrow,Spizella passerina,2026-04-28T14:52:04Z,28-Apr-2026,10:52:04,0.43,1
Song Sparrow,Melospiza melodia,2026-04-28T14:51:57Z,28-Apr-2026,10:51:57,0.47,1
Chipping Sparrow,Spizella passerina,2026-04-28T14:49:41Z,28-Apr-2026,10:49:41,0.3,1
Palm Warbler,Setophaga palmarum,2026-04-28T14:38:05Z,28-Apr-2026,10:38:05,0.26,1
Palm Warbler,Setophaga palmarum,2026-04-28T14:36:56Z,28-Apr-2026,10:36:56,0.35,1
Northern Cardinal,Cardinalis cardinalis,2026-04-28T14:35:08Z,28-Apr-2026,10:35:08,0.8314,1
Black-capped Chickadee,Poecile atricapillus,2026-04-28T14:33:41Z,28-Apr-2026,10:33:41,0.8471,1
Northern Cardinal,Cardinalis cardinalis,2026-04-28T14:33:14Z,28-Apr-2026,10:33:14,0.8863,1
Chipping Sparrow,Spizella passerina,2026-04-28T14:29:24Z,28-Apr-2026,10:29:24,0.27,1
Gray Catbird,Dumetella carolinensis,2026-04-28T14:27:57Z,28-Apr-2026,10:27:57,0.7804,1
Chipping Sparrow,Spizella passerina,2026-04-28T14:25:08Z,28-Apr-2026,10:25:08,0.39,1
Chipping Sparrow,Spizella passerina,2026-04-28T14:24:53Z,28-Apr-2026,10:24:53,0.63,1
Chipping Sparrow,Spizella passerina,2026-04-28T14:24:43Z,28-Apr-2026,10:24:43,0.31,1
Chipping Sparrow,Spizella passerina,2026-04-28T14:24:15Z,28-Apr-2026,10:24:15,0.35,1
Chipping Sparrow,Spizella passerina,2026-04-28T14:23:53Z,28-Apr-2026,10:23:53,0.32,1
Palm Warbler,Setophaga palmarum,2026-04-28T14:22:22Z,28-Apr-2026,10:22:22,0.62,1
Chipping Sparrow,Spizella passerina,2026-04-28T14:21:31Z,28-Apr-2026,10:21:31,0.53,1
Chipping Sparrow,Spizella passerina,2026-04-28T14:20:55Z,28-Apr-2026,10:20:55,0.77,1
Chipping Sparrow,Spizella passerina,2026-04-28T14:20:42Z,28-Apr-2026,10:20:42,0.86,1
Chipping Sparrow,Spizella passerina,2026-04-28T14:20:35Z,28-Apr-2026,10:20:35,0.46,1
Chipping Sparrow,Spizella passerina,2026-04-28T14:19:35Z,28-Apr-2026,10:19:35,0.46,1
Northern Flicker,Colaptes auratus,2026-04-28T14:18:33Z,28-Apr-2026,10:18:33,0.4,1
Downy Woodpecker,Dryobates pubescens,2026-04-28T14:18:24Z,28-Apr-2026,10:18:24,0.31,1
Chipping Sparrow,Spizella passerina,2026-04-28T14:16:01Z,28-Apr-2026,10:16:01,0.34,1
Chipping Sparrow,Spizella passerina,2026-04-28T14:15:32Z,28-Apr-2026,10:15:32,0.44,1
Chipping Sparrow,Spizella passerina,2026-04-28T14:15:14Z,28-Apr-2026,10:15:14,0.26,1
Chipping Sparrow,Spizella passerina,2026-04-28T14:14:09Z,28-Apr-2026,10:14:09,0.31,1
Chipping Sparrow,Spizella passerina,2026-04-28T14:10:28Z,28-Apr-2026,10:10:28,0.3,1
Song Sparrow,Melospiza melodia,2026-04-28T14:09:32Z,28-Apr-2026,10:09:32,0.8471,1
Northern Flicker,Colaptes auratus,2026-04-28T14:07:42Z,28-Apr-2026,10:07:42,0.59,1
Northern Flicker,Colaptes auratus,2026-04-28T14:06:44Z,28-Apr-2026,10:06:44,0.27,1
Chipping Sparrow,Spizella passerina,2026-04-28T13:58:55Z,28-Apr-2026,09:58:55,0.29,1
Chipping Sparrow,Spizella passerina,2026-04-28T13:56:01Z,28-Apr-2026,09:56:01,0.28,1
Chipping Sparrow,Spizella passerina,2026-04-28T13:52:42Z,28-Apr-2026,09:52:42,0.35,1
Chipping Sparrow,Spizella passerina,2026-04-28T13:52:32Z,28-Apr-2026,09:52:32,0.27,1
Chipping Sparrow,Spizella passerina,2026-04-28T13:52:13Z,28-Apr-2026,09:52:13,0.7,1
Chipping Sparrow,Spizella passerina,2026-04-28T13:50:15Z,28-Apr-2026,09:50:15,0.29,1
Chipping Sparrow,Spizella passerina,2026-04-28T13:39:30Z,28-Apr-2026,09:39:30,0.38,1
American Robin,Turdus migratorius,2026-04-28T13:39:08Z,28-Apr-2026,09:39:08,0.8314,1
Chipping Sparrow,Spizella passerina,2026-04-28T13:38:51Z,28-Apr-2026,09:38:51,0.44,1
White-breasted Nuthatch,Sitta carolinensis,2026-04-28T13:36:32Z,28-Apr-2026,09:36:32,0.79,1
White-breasted Nuthatch,Sitta carolinensis,2026-04-28T13:36:26Z,28-Apr-2026,09:36:26,0.78,1
White-breasted Nuthatch,Sitta carolinensis,2026-04-28T13:36:19Z,28-Apr-2026,09:36:19,0.93,1
White-breasted Nuthatch,Sitta carolinensis,2026-04-28T13:36:13Z,28-Apr-2026,09:36:13,0.82,1
White-breasted Nuthatch,Sitta carolinensis,2026-04-28T13:35:57Z,28-Apr-2026,09:35:57,0.74,1
White-breasted Nuthatch,Sitta carolinensis,2026-04-28T13:35:38Z,28-Apr-2026,09:35:38,0.52,1
White-breasted Nuthatch,Sitta carolinensis,2026-04-28T13:35:26Z,28-Apr-2026,09:35:26,0.72,1
White-breasted Nuthatch,Sitta carolinensis,2026-04-28T13:35:20Z,28-Apr-2026,09:35:20,0.35,1
White-breasted Nuthatch,Sitta carolinensis,2026-04-28T13:35:13Z,28-Apr-2026,09:35:13,0.67,1
White-breasted Nuthatch,Sitta carolinensis,2026-04-28T13:35:06Z,28-Apr-2026,09:35:06,0.63,1
White-breasted Nuthatch,Sitta carolinensis,2026-04-28T13:34:53Z,28-Apr-2026,09:34:53,0.4,1
White-breasted Nuthatch,Sitta carolinensis,2026-04-28T13:31:43Z,28-Apr-2026,09:31:43,0.6,1
White-breasted Nuthatch,Sitta carolinensis,2026-04-28T13:31:37Z,28-Apr-2026,09:31:37,0.83,1
White-breasted Nuthatch,Sitta carolinensis,2026-04-28T13:31:30Z,28-Apr-2026,09:31:30,0.76,1
Killdeer,Charadrius vociferus,2026-04-28T13:30:47Z,28-Apr-2026,09:30:47,0.31,1
Chipping Sparrow,Spizella passerina,2026-04-28T13:23:05Z,28-Apr-2026,09:23:05,0.54,1
Eastern Bluebird,Sialia sialis,2026-04-28T13:22:46Z,28-Apr-2026,09:22:46,0.57,1
Tree Swallow,Tachycineta bicolor,2026-04-28T13:21:44Z,28-Apr-2026,09:21:44,0.62,1
Tree Swallow,Tachycineta bicolor,2026-04-28T13:21:31Z,28-Apr-2026,09:21:31,0.78,1
Chipping Sparrow,Spizella passerina,2026-04-28T13:18:26Z,28-Apr-2026,09:18:26,0.57,1
Chipping Sparrow,Spizella passerina,2026-04-28T13:18:13Z,28-Apr-2026,09:18:13,0.58,1
Chipping Sparrow,Spizella passerina,2026-04-28T13:17:29Z,28-Apr-2026,09:17:29,0.45,1
Chipping Sparrow,Spizella passerina,2026-04-28T13:17:13Z,28-Apr-2026,09:17:13,0.27,1
Chipping Sparrow,Spizella passerina,2026-04-28T13:17:07Z,28-Apr-2026,09:17:07,0.46,1
Chipping Sparrow,Spizella passerina,2026-04-28T13:16:08Z,28-Apr-2026,09:16:08,0.38,1
American Goldfinch,Spinus tristis,2026-04-28T13:15:40Z,28-Apr-2026,09:15:40,0.9255,1
Chipping Sparrow,Spizella passerina,2026-04-28T13:15:33Z,28-Apr-2026,09:15:33,0.35,1
Chipping Sparrow,Spizella passerina,2026-04-28T13:13:46Z,28-Apr-2026,09:13:46,0.4,1
Chipping Sparrow,Spizella passerina,2026-04-28T13:13:05Z,28-Apr-2026,09:13:05,0.27,1
Chipping Sparrow,Spizella passerina,2026-04-28T13:10:21Z,28-Apr-2026,09:10:21,0.42,1
Chipping Sparrow,Spizella passerina,2026-04-28T13:10:14Z,28-Apr-2026,09:10:14,0.57,1
Eastern Bluebird,Sialia sialis,2026-04-28T13:06:15Z,28-Apr-2026,09:06:15,0.37,1
Eastern Bluebird,Sialia sialis,2026-04-28T13:05:42Z,28-Apr-2026,09:05:42,0.64,1
Tree Swallow,Tachycineta bicolor,2026-04-28T13:05:17Z,28-Apr-2026,09:05:17,0.49,1
Chipping Sparrow,Spizella passerina,2026-04-28T13:04:36Z,28-Apr-2026,09:04:36,0.49,1
American Goldfinch,Spinus tristis,2026-04-28T13:04:16Z,28-Apr-2026,09:04:16,0.8,1
Chipping Sparrow,Spizella passerina,2026-04-28T13:04:12Z,28-Apr-2026,09:04:12,0.37,1
Chipping Sparrow,Spizella passerina,2026-04-28T13:02:45Z,28-Apr-2026,09:02:45,0.39,1
Chipping Sparrow,Spizella passerina,2026-04-28T13:02:39Z,28-Apr-2026,09:02:39,0.47,1
Mourning Dove,Zenaida macroura,2026-04-28T13:02:35Z,28-Apr-2026,09:02:35,0.8157,1
Mourning Dove,Zenaida macroura,2026-04-28T13:02:23Z,28-Apr-2026,09:02:23,0.27,1
Chipping Sparrow,Spizella passerina,2026-04-28T13:00:28Z,28-Apr-2026,09:00:28,0.46,1
Chipping Sparrow,Spizella passerina,2026-04-28T13:00:16Z,28-Apr-2026,09:00:16,0.35,1
Chipping Sparrow,Spizella passerina,2026-04-28T12:59:56Z,28-Apr-2026,08:59:56,0.57,1
Chipping Sparrow,Spizella passerina,2026-04-28T12:59:43Z,28-Apr-2026,08:59:43,0.39,1
Chipping Sparrow,Spizella passerina,2026-04-28T12:59:33Z,28-Apr-2026,08:59:33,0.3,1
Chipping Sparrow,Spizella passerina,2026-04-28T12:59:14Z,28-Apr-2026,08:59:14,0.31,1
Chipping Sparrow,Spizella passerina,2026-04-28T12:59:00Z,28-Apr-2026,08:59:00,0.3,1
Chipping Sparrow,Spizella passerina,2026-04-28T12:58:53Z,28-Apr-2026,08:58:53,0.27,1
Chipping Sparrow,Spizella passerina,2026-04-28T12:58:38Z,28-Apr-2026,08:58:38,0.52,1
Chipping Sparrow,Spizella passerina,2026-04-28T12:58:14Z,28-Apr-2026,08:58:14,0.36,1
Chipping Sparrow,Spizella passerina,2026-04-28T12:57:52Z,28-Apr-2026,08:57:52,0.5,1
White-breasted Nuthatch,Sitta carolinensis,2026-04-28T12:56:50Z,28-Apr-2026,08:56:50,0.29,1
Chipping Sparrow,Spizella passerina,2026-04-28T12:56:38Z,28-Apr-2026,08:56:38,0.34,1
Tree Swallow,Tachycineta bicolor,2026-04-28T12:56:25Z,28-Apr-2026,08:56:25,0.32,1
Palm Warbler,Setophaga palmarum,2026-04-28T12:55:26Z,28-Apr-2026,08:55:26,0.26,1
American Goldfinch,Spinus tristis,2026-04-28T12:55:11Z,28-Apr-2026,08:55:11,0.9255,1
Chipping Sparrow,Spizella passerina,2026-04-28T12:54:32Z,28-Apr-2026,08:54:32,0.46,1
Chipping Sparrow,Spizella passerina,2026-04-28T12:54:19Z,28-Apr-2026,08:54:19,0.52,1
Chipping Sparrow,Spizella passerina,2026-04-28T12:53:11Z,28-Apr-2026,08:53:11,0.28,1
Chipping Sparrow,Spizella passerina,2026-04-28T12:52:26Z,28-Apr-2026,08:52:26,0.56,1
Chipping Sparrow,Spizella passerina,2026-04-28T12:50:23Z,28-Apr-2026,08:50:23,0.72,1
European Starling,Sturnus vulgaris,2026-04-28T12:50:06Z,28-Apr-2026,08:50:06,0.8,1
Chipping Sparrow,Spizella passerina,2026-04-28T12:49:51Z,28-Apr-2026,08:49:51,0.38,1
Chipping Sparrow,Spizella passerina,2026-04-28T12:48:40Z,28-Apr-2026,08:48:40,0.26,1
Chipping Sparrow,Spizella passerina,2026-04-28T12:48:34Z,28-Apr-2026,08:48:34,0.26,1
Chipping Sparrow,Spizella passerina,2026-04-28T12:48:02Z,28-Apr-2026,08:48:02,0.51,1
Chipping Sparrow,Spizella passerina,2026-04-28T12:47:50Z,28-Apr-2026,08:47:50,0.4,1
Chipping Sparrow,Spizella passerina,2026-04-28T12:47:31Z,28-Apr-2026,08:47:31,0.43,1
Chipping Sparrow,Spizella passerina,2026-04-28T12:47:21Z,28-Apr-2026,08:47:21,0.31,1
Chipping Sparrow,Spizella passerina,2026-04-28T12:47:05Z,28-Apr-2026,08:47:05,0.39,1
Chipping Sparrow,Spizella passerina,2026-04-28T12:46:17Z,28-Apr-2026,08:46:17,0.63,1
Chipping Sparrow,Spizella passerina,2026-04-28T12:45:57Z,28-Apr-2026,08:45:57,0.35,1
Chipping Sparrow,Spizella passerina,2026-04-28T12:37:46Z,28-Apr-2026,08:37:46,0.35,1
Chipping Sparrow,Spizella passerina,2026-04-28T12:37:05Z,28-Apr-2026,08:37:05,0.3,1
Chipping Sparrow,Spizella passerina,2026-04-28T12:35:45Z,28-Apr-2026,08:35:45,0.28,1
Chipping Sparrow,Spizella passerina,2026-04-28T12:35:29Z,28-Apr-2026,08:35:29,0.27,1
Chipping Sparrow,Spizella passerina,2026-04-28T12:34:57Z,28-Apr-2026,08:34:57,0.63,1
Chipping Sparrow,Spizella passerina,2026-04-28T12:34:48Z,28-Apr-2026,08:34:48,0.49,1
Chipping Sparrow,Spizella passerina,2026-04-28T12:33:32Z,28-Apr-2026,08:33:32,0.41,1
Chipping Sparrow,Spizella passerina,2026-04-28T12:33:20Z,28-Apr-2026,08:33:20,0.35,1
Chipping Sparrow,Spizella passerina,2026-04-28T12:33:10Z,28-Apr-2026,08:33:10,0.54,1
Chipping Sparrow,Spizella passerina,2026-04-28T12:32:48Z,28-Apr-2026,08:32:48,0.32,1
Chipping Sparrow,Spizella passerina,2026-04-28T12:32:20Z,28-Apr-2026,08:32:20,0.58,1
Chipping Sparrow,Spizella passerina,2026-04-28T12:32:10Z,28-Apr-2026,08:32:10,0.45,1
Chipping Sparrow,Spizella passerina,2026-04-28T12:31:54Z,28-Apr-2026,08:31:54,0.6,1
American Goldfinch,Spinus tristis,2026-04-28T12:31:23Z,28-Apr-2026,08:31:23,0.7804,1
Chipping Sparrow,Spizella passerina,2026-04-28T12:30:38Z,28-Apr-2026,08:30:38,0.3,1
Chipping Sparrow,Spizella passerina,2026-04-28T12:30:13Z,28-Apr-2026,08:30:13,0.51,1
Chipping Sparrow,Spizella passerina,2026-04-28T12:29:15Z,28-Apr-2026,08:29:15,0.45,1
Chipping Sparrow,Spizella passerina,2026-04-28T12:28:59Z,28-Apr-2026,08:28:59,0.28,1
Chipping Sparrow,Spizella passerina,2026-04-28T12:28:53Z,28-Apr-2026,08:28:53,0.5,1
Chipping Sparrow,Spizella passerina,2026-04-28T12:28:37Z,28-Apr-2026,08:28:37,0.38,1
Downy Woodpecker,Dryobates pubescens,2026-04-28T12:25:30Z,28-Apr-2026,08:25:30,0.53,1
Downy Woodpecker,Dryobates pubescens,2026-04-28T12:25:15Z,28-Apr-2026,08:25:15,0.8,8
Gray Catbird,Dumetella carolinensis,2026-04-28T12:24:59Z,28-Apr-2026,08:24:59,0.8157,1
Downy Woodpecker,Dryobates pubescens,2026-04-28T12:24:28Z,28-Apr-2026,08:24:28,0.79,1
Downy Woodpecker,Dryobates pubescens,2026-04-28T12:24:21Z,28-Apr-2026,08:24:21,0.43,1
Downy Woodpecker,Dryobates pubescens,2026-04-28T12:24:11Z,28-Apr-2026,08:24:11,0.44,1
Downy Woodpecker,Dryobates pubescens,2026-04-28T12:23:19Z,28-Apr-2026,08:23:19,0.9882,17
Downy Woodpecker,Dryobates pubescens,2026-04-28T12:22:29Z,28-Apr-2026,08:22:29,0.46,1
Downy Woodpecker,Dryobates pubescens,2026-04-28T12:22:16Z,28-Apr-2026,08:22:16,0.9098,15
Downy Woodpecker,Dryobates pubescens,2026-04-28T12:22:04Z,28-Apr-2026,08:22:04,0.53,1
Downy Woodpecker,Dryobates pubescens,2026-04-28T12:21:15Z,28-Apr-2026,08:21:15,1,14
Downy Woodpecker,Dryobates pubescens,2026-04-28T12:20:26Z,28-Apr-2026,08:20:26,0.77,1
Downy Woodpecker,Dryobates pubescens,2026-04-28T12:20:20Z,28-Apr-2026,08:20:20,0.63,1
Downy Woodpecker,Dryobates pubescens,2026-04-28T12:20:13Z,28-Apr-2026,08:20:13,0.9647,4
Tree Swallow,Tachycineta bicolor,2026-04-28T12:20:06Z,28-Apr-2026,08:20:06,0.72,1
Tree Swallow,Tachycineta bicolor,2026-04-28T12:19:11Z,28-Apr-2026,08:19:11,0.41,1
Tree Swallow,Tachycineta bicolor,2026-04-28T12:18:46Z,28-Apr-2026,08:18:46,0.38,1
Downy Woodpecker,Dryobates pubescens,2026-04-28T12:18:33Z,28-Apr-2026,08:18:33,0.9882,6
Chipping Sparrow,Spizella passerina,2026-04-28T12:18:01Z,28-Apr-2026,08:18:01,0.35,1
Downy Woodpecker,Dryobates pubescens,2026-04-28T12:17:28Z,28-Apr-2026,08:17:28,0.9686,1
Downy Woodpecker,Dryobates pubescens,2026-04-28T12:17:22Z,28-Apr-2026,08:17:22,0.41,1
White-breasted Nuthatch,Sitta carolinensis,2026-04-28T12:17:16Z,28-Apr-2026,08:17:16,0.51,1
White-breasted Nuthatch,Sitta carolinensis,2026-04-28T12:16:57Z,28-Apr-2026,08:16:57,0.48,1
White-breasted Nuthatch,Sitta carolinensis,2026-04-28T12:16:38Z,28-Apr-2026,08:16:38,0.72,1
White-breasted Nuthatch,Sitta carolinensis,2026-04-28T12:16:31Z,28-Apr-2026,08:16:31,0.83,1
White-breasted Nuthatch,Sitta carolinensis,2026-04-28T12:16:25Z,28-Apr-2026,08:16:25,0.94,1
White-breasted Nuthatch,Sitta carolinensis,2026-04-28T12:15:59Z,28-Apr-2026,08:15:59,0.74,1
White-breasted Nuthatch,Sitta carolinensis,2026-04-28T12:15:53Z,28-Apr-2026,08:15:53,0.94,1
White-breasted Nuthatch,Sitta carolinensis,2026-04-28T12:15:40Z,28-Apr-2026,08:15:40,0.6,1
White-breasted Nuthatch,Sitta carolinensis,2026-04-28T12:15:33Z,28-Apr-2026,08:15:33,0.52,1
White-breasted Nuthatch,Sitta carolinensis,2026-04-28T12:15:27Z,28-Apr-2026,08:15:27,0.73,1
White-breasted Nuthatch,Sitta carolinensis,2026-04-28T12:15:21Z,28-Apr-2026,08:15:21,0.36,1
White-breasted Nuthatch,Sitta carolinensis,2026-04-28T12:15:14Z,28-Apr-2026,08:15:14,0.52,1
White-breasted Nuthatch,Sitta carolinensis,2026-04-28T12:15:02Z,28-Apr-2026,08:15:02,0.58,1
White-breasted Nuthatch,Sitta carolinensis,2026-04-28T12:14:55Z,28-Apr-2026,08:14:55,0.29,1
White-breasted Nuthatch,Sitta carolinensis,2026-04-28T12:14:49Z,28-Apr-2026,08:14:49,0.68,1
White-breasted Nuthatch,Sitta carolinensis,2026-04-28T12:14:43Z,28-Apr-2026,08:14:43,0.79,1
White-breasted Nuthatch,Sitta carolinensis,2026-04-28T12:14:36Z,28-Apr-2026,08:14:36,0.65,1
White-breasted Nuthatch,Sitta carolinensis,2026-04-28T12:14:30Z,28-Apr-2026,08:14:30,0.77,1
White-breasted Nuthatch,Sitta carolinensis,2026-04-28T12:14:23Z,28-Apr-2026,08:14:23,0.35,1
White-breasted Nuthatch,Sitta carolinensis,2026-04-28T12:14:14Z,28-Apr-2026,08:14:14,0.75,1
White-breasted Nuthatch,Sitta carolinensis,2026-04-28T12:14:07Z,28-Apr-2026,08:14:07,0.75,1
White-breasted Nuthatch,Sitta carolinensis,2026-04-28T12:13:55Z,28-Apr-2026,08:13:55,0.88,1
White-breasted Nuthatch,Sitta carolinensis,2026-04-28T12:13:48Z,28-Apr-2026,08:13:48,0.75,1
White-breasted Nuthatch,Sitta carolinensis,2026-04-28T12:13:42Z,28-Apr-2026,08:13:42,0.89,1
Long-tailed Duck,Clangula hyemalis,2026-04-28T12:13:27Z,28-Apr-2026,08:13:27,0.46,1
White-breasted Nuthatch,Sitta carolinensis,2026-04-28T12:13:20Z,28-Apr-2026,08:13:20,0.4,1
White-breasted Nuthatch,Sitta carolinensis,2026-04-28T12:13:08Z,28-Apr-2026,08:13:08,0.54,1
White-breasted Nuthatch,Sitta carolinensis,2026-04-28T12:12:47Z,28-Apr-2026,08:12:47,0.75,1
American Robin,Turdus migratorius,2026-04-28T12:11:06Z,28-Apr-2026,08:11:06,0.35,1
American Robin,Turdus migratorius,2026-04-28T12:10:53Z,28-Apr-2026,08:10:53,0.31,1
Chipping Sparrow,Spizella passerina,2026-04-28T12:10:02Z,28-Apr-2026,08:10:02,0.78,1
Chipping Sparrow,Spizella passerina,2026-04-28T12:08:49Z,28-Apr-2026,08:08:49,0.27,1
Gray Catbird,Dumetella carolinensis,2026-04-28T12:07:44Z,28-Apr-2026,08:07:44,0.8314,1
White-breasted Nuthatch,Sitta carolinensis,2026-04-28T12:06:56Z,28-Apr-2026,08:06:56,0.72,1
Chipping Sparrow,Spizella passerina,2026-04-28T12:06:22Z,28-Apr-2026,08:06:22,0.35,1
White-breasted Nuthatch,Sitta carolinensis,2026-04-28T12:06:08Z,28-Apr-2026,08:06:08,0.34,1
White-breasted Nuthatch,Sitta carolinensis,2026-04-28T12:06:02Z,28-Apr-2026,08:06:02,0.44,1
Chipping Sparrow,Spizella passerina,2026-04-28T12:05:42Z,28-Apr-2026,08:05:42,0.37,1
White-breasted Nuthatch,Sitta carolinensis,2026-04-28T12:05:32Z,28-Apr-2026,08:05:32,0.51,1
White-breasted Nuthatch,Sitta carolinensis,2026-04-28T12:05:26Z,28-Apr-2026,08:05:26,0.78,1
White-breasted Nuthatch,Sitta carolinensis,2026-04-28T12:05:20Z,28-Apr-2026,08:05:20,0.85,1
Chipping Sparrow,Spizella passerina,2026-04-28T12:04:47Z,28-Apr-2026,08:04:47,0.41,1
Chipping Sparrow,Spizella passerina,2026-04-28T12:04:13Z,28-Apr-2026,08:04:13,0.49,1
Chipping Sparrow,Spizella passerina,2026-04-28T12:03:37Z,28-Apr-2026,08:03:37,0.36,1
Northern Flicker,Colaptes auratus,2026-04-28T12:03:17Z,28-Apr-2026,08:03:17,0.51,1
Chipping Sparrow,Spizella passerina,2026-04-28T12:01:43Z,28-Apr-2026,08:01:43,0.45,1
Chipping Sparrow,Spizella passerina,2026-04-28T12:00:38Z,28-Apr-2026,08:00:38,0.27,1
Chipping Sparrow,Spizella passerina,2026-04-28T12:00:00Z,28-Apr-2026,08:00:00,0.29,1
American Goldfinch,Spinus tristis,2026-04-28T11:58:50Z,28-Apr-2026,07:58:50,0.28,1
Palm Warbler,Setophaga palmarum,2026-04-28T11:56:59Z,28-Apr-2026,07:56:59,0.47,1
Chipping Sparrow,Spizella passerina,2026-04-28T11:56:40Z,28-Apr-2026,07:56:40,0.79,1
Chipping Sparrow,Spizella passerina,2026-04-28T11:56:27Z,28-Apr-2026,07:56:27,0.72,1
Chipping Sparrow,Spizella passerina,2026-04-28T11:56:20Z,28-Apr-2026,07:56:20,0.77,1
Chipping Sparrow,Spizella passerina,2026-04-28T11:56:07Z,28-Apr-2026,07:56:07,0.29,1
Chipping Sparrow,Spizella passerina,2026-04-28T11:55:55Z,28-Apr-2026,07:55:55,0.68,1
Broad-winged Hawk,Buteo platypterus,2026-04-28T11:55:48Z,28-Apr-2026,07:55:48,0.28,1
Chipping Sparrow,Spizella passerina,2026-04-28T11:55:22Z,28-Apr-2026,07:55:22,0.39,1
Chipping Sparrow,Spizella passerina,2026-04-28T11:55:07Z,28-Apr-2026,07:55:07,0.65,1
Chipping Sparrow,Spizella passerina,2026-04-28T11:54:29Z,28-Apr-2026,07:54:29,0.51,1
Chipping Sparrow,Spizella passerina,2026-04-28T11:54:10Z,28-Apr-2026,07:54:10,0.35,1
Chipping Sparrow,Spizella passerina,2026-04-28T11:52:44Z,28-Apr-2026,07:52:44,0.37,1
Song Sparrow,Melospiza melodia,2026-04-28T11:52:38Z,28-Apr-2026,07:52:38,0.6,1
Chipping Sparrow,Spizella passerina,2026-04-28T11:51:03Z,28-Apr-2026,07:51:03,0.32,1
Chipping Sparrow,Spizella passerina,2026-04-28T11:50:57Z,28-Apr-2026,07:50:57,0.36,1
Chipping Sparrow,Spizella passerina,2026-04-28T11:50:37Z,28-Apr-2026,07:50:37,0.4,1
Ruby-crowned Kinglet,Corthylio calendula,2026-04-28T11:48:57Z,28-Apr-2026,07:48:57,0.98,1
Ruby-crowned Kinglet,Corthylio calendula,2026-04-28T11:48:50Z,28-Apr-2026,07:48:50,0.7,1
Ruby-crowned Kinglet,Corthylio calendula,2026-04-28T11:48:35Z,28-Apr-2026,07:48:35,0.85,1
Bohemian Waxwing,Bombycilla garrulus,2026-04-28T11:46:19Z,28-Apr-2026,07:46:19,0.38,1
Blue Jay,Cyanocitta cristata,2026-04-28T11:43:08Z,28-Apr-2026,07:43:08,0.26,1
Blue Jay,Cyanocitta cristata,2026-04-28T11:42:46Z,28-Apr-2026,07:42:46,0.41,1
Song Sparrow,Melospiza melodia,2026-04-28T11:41:59Z,28-Apr-2026,07:41:59,0.8745,1
Chipping Sparrow,Spizella passerina,2026-04-28T11:39:01Z,28-Apr-2026,07:39:01,0.34,1
Chipping Sparrow,Spizella passerina,2026-04-28T11:38:10Z,28-Apr-2026,07:38:10,0.32,1
Chipping Sparrow,Spizella passerina,2026-04-28T11:37:16Z,28-Apr-2026,07:37:16,0.46,1
Chipping Sparrow,Spizella passerina,2026-04-28T11:36:32Z,28-Apr-2026,07:36:32,0.29,1
Chipping Sparrow,Spizella passerina,2026-04-28T11:36:20Z,28-Apr-2026,07:36:20,0.28,1
Chipping Sparrow,Spizella passerina,2026-04-28T11:36:00Z,28-Apr-2026,07:36:00,0.4,1
Chipping Sparrow,Spizella passerina,2026-04-28T11:35:02Z,28-Apr-2026,07:35:02,0.27,1
Chipping Sparrow,Spizella passerina,2026-04-28T11:34:39Z,28-Apr-2026,07:34:39,0.3,1
American Robin,Turdus migratorius,2026-04-28T11:34:23Z,28-Apr-2026,07:34:23,0.8157,1
Pileated Woodpecker,Dryocopus pileatus,2026-04-28T11:33:14Z,28-Apr-2026,07:33:14,0.44,1
Chipping Sparrow,Spizella passerina,2026-04-28T11:32:39Z,28-Apr-2026,07:32:39,0.29,1
Baltimore Oriole,Icterus galbula,2026-04-28T11:32:20Z,28-Apr-2026,07:32:20,0.34,1
Red-breasted Nuthatch,Sitta canadensis,2026-04-28T11:31:24Z,28-Apr-2026,07:31:24,0.61,1
Red-breasted Nuthatch,Sitta canadensis,2026-04-28T11:31:14Z,28-Apr-2026,07:31:14,0.84,1
Chipping Sparrow,Spizella passerina,2026-04-28T11:28:48Z,28-Apr-2026,07:28:48,0.26,1
Pileated Woodpecker,Dryocopus pileatus,2026-04-28T11:27:30Z,28-Apr-2026,07:27:30,0.31,1
Chipping Sparrow,Spizella passerina,2026-04-28T11:27:17Z,28-Apr-2026,07:27:17,0.48,1
Chipping Sparrow,Spizella passerina,2026-04-28T11:26:37Z,28-Apr-2026,07:26:37,0.34,1
Chipping Sparrow,Spizella passerina,2026-04-28T11:24:44Z,28-Apr-2026,07:24:44,0.28,1
Chipping Sparrow,Spizella passerina,2026-04-28T11:23:51Z,28-Apr-2026,07:23:51,0.33,1
Chipping Sparrow,Spizella passerina,2026-04-28T11:20:35Z,28-Apr-2026,07:20:35,0.51,1
Chipping Sparrow,Spizella passerina,2026-04-28T11:20:12Z,28-Apr-2026,07:20:12,0.5,1
Chipping Sparrow,Spizella passerina,2026-04-28T11:19:31Z,28-Apr-2026,07:19:31,0.34,1
White-breasted Nuthatch,Sitta carolinensis,2026-04-28T11:18:42Z,28-Apr-2026,07:18:42,0.57,1
Chipping Sparrow,Spizella passerina,2026-04-28T11:18:36Z,28-Apr-2026,07:18:36,0.41,1
Chipping Sparrow,Spizella passerina,2026-04-28T11:18:23Z,28-Apr-2026,07:18:23,0.49,1
White-breasted Nuthatch,Sitta carolinensis,2026-04-28T11:18:16Z,28-Apr-2026,07:18:16,0.84,1
White-breasted Nuthatch,Sitta carolinensis,2026-04-28T11:17:43Z,28-Apr-2026,07:17:43,0.79,1
White-breasted Nuthatch,Sitta carolinensis,2026-04-28T11:17:36Z,28-Apr-2026,07:17:36,0.58,1
White-breasted Nuthatch,Sitta carolinensis,2026-04-28T11:17:14Z,28-Apr-2026,07:17:14,0.52,1
White-breasted Nuthatch,Sitta carolinensis,2026-04-28T11:17:01Z,28-Apr-2026,07:17:01,0.91,1
White-breasted Nuthatch,Sitta carolinensis,2026-04-28T11:16:48Z,28-Apr-2026,07:16:48,0.67,1
White-breasted Nuthatch,Sitta carolinensis,2026-04-28T11:16:41Z,28-Apr-2026,07:16:41,0.53,1
Chipping Sparrow,Spizella passerina,2026-04-28T11:16:13Z,28-Apr-2026,07:16:13,0.35,1
Tufted Titmouse,Baeolophus bicolor,2026-04-28T11:14:12Z,28-Apr-2026,07:14:12,0.898,1
Tufted Titmouse,Baeolophus bicolor,2026-04-28T11:14:08Z,28-Apr-2026,07:14:08,0.51,1
Tufted Titmouse,Baeolophus bicolor,2026-04-28T11:13:42Z,28-Apr-2026,07:13:42,0.36,1
American Robin,Turdus migratorius,2026-04-28T11:12:51Z,28-Apr-2026,07:12:51,0.6,1
American Robin,Turdus migratorius,2026-04-28T11:12:38Z,28-Apr-2026,07:12:38,0.27,1
American Robin,Turdus migratorius,2026-04-28T11:12:16Z,28-Apr-2026,07:12:16,0.8314,1
Black-capped Chickadee,Poecile atricapillus,2026-04-28T11:11:21Z,28-Apr-2026,07:11:21,0.32,1
White-breasted Nuthatch,Sitta carolinensis,2026-04-28T11:11:14Z,28-Apr-2026,07:11:14,0.93,1
White-breasted Nuthatch,Sitta carolinensis,2026-04-28T11:11:08Z,28-Apr-2026,07:11:08,0.71,1
Black-capped Chickadee,Poecile atricapillus,2026-04-28T11:11:05Z,28-Apr-2026,07:11:05,0.7804,1
White-breasted Nuthatch,Sitta carolinensis,2026-04-28T11:10:58Z,28-Apr-2026,07:10:58,0.38,1
White-breasted Nuthatch,Sitta carolinensis,2026-04-28T11:10:52Z,28-Apr-2026,07:10:52,0.93,1
Tufted Titmouse,Baeolophus bicolor,2026-04-28T11:10:48Z,28-Apr-2026,07:10:48,0.7804,1
White-breasted Nuthatch,Sitta carolinensis,2026-04-28T11:10:41Z,28-Apr-2026,07:10:41,0.62,1
White-breasted Nuthatch,Sitta carolinensis,2026-04-28T11:10:35Z,28-Apr-2026,07:10:35,0.59,1
American Robin,Turdus migratorius,2026-04-28T11:10:32Z,28-Apr-2026,07:10:32,0.7804,1
White-breasted Nuthatch,Sitta carolinensis,2026-04-28T11:10:25Z,28-Apr-2026,07:10:25,0.67,1
White-breasted Nuthatch,Sitta carolinensis,2026-04-28T11:10:19Z,28-Apr-2026,07:10:19,0.76,1
White-breasted Nuthatch,Sitta carolinensis,2026-04-28T11:10:06Z,28-Apr-2026,07:10:06,0.41,1
White-breasted Nuthatch,Sitta carolinensis,2026-04-28T11:10:00Z,28-Apr-2026,07:10:00,0.87,1
White-breasted Nuthatch,Sitta carolinensis,2026-04-28T11:09:34Z,28-Apr-2026,07:09:34,0.59,1
White-breasted Nuthatch,Sitta carolinensis,2026-04-28T11:09:28Z,28-Apr-2026,07:09:28,0.74,1
White-breasted Nuthatch,Sitta carolinensis,2026-04-28T11:09:21Z,28-Apr-2026,07:09:21,0.33,1
White-breasted Nuthatch,Sitta carolinensis,2026-04-28T11:09:14Z,28-Apr-2026,07:09:14,0.96,1
American Robin,Turdus migratorius,2026-04-28T11:09:11Z,28-Apr-2026,07:09:11,0.8314,9
White-breasted Nuthatch,Sitta carolinensis,2026-04-28T11:09:08Z,28-Apr-2026,07:09:08,0.91,1
White-breasted Nuthatch,Sitta carolinensis,2026-04-28T11:09:01Z,28-Apr-2026,07:09:01,0.32,1
White-breasted Nuthatch,Sitta carolinensis,2026-04-28T11:08:55Z,28-Apr-2026,07:08:55,0.72,1
White-breasted Nuthatch,Sitta carolinensis,2026-04-28T11:08:48Z,28-Apr-2026,07:08:48,0.58,1
American Robin,Turdus migratorius,2026-04-28T11:08:11Z,28-Apr-2026,07:08:11,0.36,1
American Robin,Turdus migratorius,2026-04-28T11:08:08Z,28-Apr-2026,07:08:08,0.8157,1
Tufted Titmouse,Baeolophus bicolor,2026-04-28T11:07:19Z,28-Apr-2026,07:07:19,0.42,1
Tufted Titmouse,Baeolophus bicolor,2026-04-28T11:07:13Z,28-Apr-2026,07:07:13,0.82,1
Tufted Titmouse,Baeolophus bicolor,2026-04-28T11:07:00Z,28-Apr-2026,07:07:00,0.26,1
Tufted Titmouse,Baeolophus bicolor,2026-04-28T11:06:53Z,28-Apr-2026,07:06:53,0.31,1
American Robin,Turdus migratorius,2026-04-28T11:05:10Z,28-Apr-2026,07:05:10,0.8471,1
Chipping Sparrow,Spizella passerina,2026-04-28T11:04:13Z,28-Apr-2026,07:04:13,0.36,1
Tufted Titmouse,Baeolophus bicolor,2026-04-28T11:03:38Z,28-Apr-2026,07:03:38,0.8,1
Tufted Titmouse,Baeolophus bicolor,2026-04-28T11:02:15Z,28-Apr-2026,07:02:15,0.8627,1
Tufted Titmouse,Baeolophus bicolor,2026-04-28T11:02:08Z,28-Apr-2026,07:02:08,0.3,1
Eastern Bluebird,Sialia sialis,2026-04-28T10:59:58Z,28-Apr-2026,06:59:58,0.96,1
Eastern Bluebird,Sialia sialis,2026-04-28T10:59:29Z,28-Apr-2026,06:59:29,0.36,1
Eastern Bluebird,Sialia sialis,2026-04-28T10:59:23Z,28-Apr-2026,06:59:23,0.78,1
Eastern Bluebird,Sialia sialis,2026-04-28T10:59:16Z,28-Apr-2026,06:59:16,0.99,1
Eastern Bluebird,Sialia sialis,2026-04-28T10:59:06Z,28-Apr-2026,06:59:06,0.97,1
Eastern Bluebird,Sialia sialis,2026-04-28T10:58:56Z,28-Apr-2026,06:58:56,0.85,1
Eastern Bluebird,Sialia sialis,2026-04-28T10:58:44Z,28-Apr-2026,06:58:44,0.88,1
Eastern Bluebird,Sialia sialis,2026-04-28T10:58:37Z,28-Apr-2026,06:58:37,0.97,1
Chipping Sparrow,Spizella passerina,2026-04-28T10:58:30Z,28-Apr-2026,06:58:30,0.41,1
Eastern Bluebird,Sialia sialis,2026-04-28T10:58:17Z,28-Apr-2026,06:58:17,0.42,1
Eastern Bluebird,Sialia sialis,2026-04-28T10:58:10Z,28-Apr-2026,06:58:10,0.85,1
Eastern Bluebird,Sialia sialis,2026-04-28T10:57:16Z,28-Apr-2026,06:57:16,0.97,1
Chipping Sparrow,Spizella passerina,2026-04-28T10:56:50Z,28-Apr-2026,06:56:50,0.43,1
Chipping Sparrow,Spizella passerina,2026-04-28T10:56:29Z,28-Apr-2026,06:56:29,0.4,1
American Robin,Turdus migratorius,2026-04-28T10:56:25Z,28-Apr-2026,06:56:25,0.8,1
American Robin,Turdus migratorius,2026-04-28T10:54:01Z,28-Apr-2026,06:54:01,0.36,1
Chipping Sparrow,Spizella passerina,2026-04-28T10:52:30Z,28-Apr-2026,06:52:30,0.42,1
Chipping Sparrow,Spizella passerina,2026-04-28T10:52:01Z,28-Apr-2026,06:52:01,0.41,1
American Robin,Turdus migratorius,2026-04-28T10:51:45Z,28-Apr-2026,06:51:45,0.8863,1
Chipping Sparrow,Spizella passerina,2026-04-28T10:51:16Z,28-Apr-2026,06:51:16,0.36,1
Chipping Sparrow,Spizella passerina,2026-04-28T10:51:04Z,28-Apr-2026,06:51:04,0.31,1
American Robin,Turdus migratorius,2026-04-28T10:50:19Z,28-Apr-2026,06:50:19,0.8,1
Chipping Sparrow,Spizella passerina,2026-04-28T10:49:50Z,28-Apr-2026,06:49:50,0.37,1
Chipping Sparrow,Spizella passerina,2026-04-28T10:49:18Z,28-Apr-2026,06:49:18,0.32,1
American Robin,Turdus migratorius,2026-04-28T10:49:05Z,28-Apr-2026,06:49:05,0.7804,1
Chipping Sparrow,Spizella passerina,2026-04-28T10:49:02Z,28-Apr-2026,06:49:02,0.45,1
Chipping Sparrow,Spizella passerina,2026-04-28T10:48:04Z,28-Apr-2026,06:48:04,0.34,1
Chipping Sparrow,Spizella passerina,2026-04-28T10:47:34Z,28-Apr-2026,06:47:34,0.39,1
Blue Jay,Cyanocitta cristata,2026-04-28T10:46:46Z,28-Apr-2026,06:46:46,0.36,1
Gray Catbird,Dumetella carolinensis,2026-04-28T10:46:39Z,28-Apr-2026,06:46:39,0.27,1
Blue Jay,Cyanocitta cristata,2026-04-28T10:46:33Z,28-Apr-2026,06:46:33,0.41,1
Blue Jay,Cyanocitta cristata,2026-04-28T10:46:14Z,28-Apr-2026,06:46:14,0.8314,1
Blue Jay,Cyanocitta cristata,2026-04-28T10:46:11Z,28-Apr-2026,06:46:11,0.35,1
Chipping Sparrow,Spizella passerina,2026-04-28T10:44:47Z,28-Apr-2026,06:44:47,0.62,1
Chipping Sparrow,Spizella passerina,2026-04-28T10:44:15Z,28-Apr-2026,06:44:15,0.33,1
American Robin,Turdus migratorius,2026-04-28T10:43:56Z,28-Apr-2026,06:43:56,0.46,1
European Starling,Sturnus vulgaris,2026-04-28T10:43:40Z,28-Apr-2026,06:43:40,0.8157,1
American Robin,Turdus migratorius,2026-04-28T10:43:03Z,28-Apr-2026,06:43:03,0.26,1
Chimney Swift,Chaetura pelagica,2026-04-28T10:42:08Z,28-Apr-2026,06:42:08,0.26,1
Chipping Sparrow,Spizella passerina,2026-04-28T10:42:02Z,28-Apr-2026,06:42:02,0.37,1
American Robin,Turdus migratorius,2026-04-28T10:41:55Z,28-Apr-2026,06:41:55,0.32,1
Chipping Sparrow,Spizella passerina,2026-04-28T10:40:52Z,28-Apr-2026,06:40:52,0.3,1
Chipping Sparrow,Spizella passerina,2026-04-28T10:40:46Z,28-Apr-2026,06:40:46,0.35,1
White-breasted Nuthatch,Sitta carolinensis,2026-04-28T10:40:39Z,28-Apr-2026,06:40:39,0.81,1
White-breasted Nuthatch,Sitta carolinensis,2026-04-28T10:40:11Z,28-Apr-2026,06:40:11,0.8,1
White-breasted Nuthatch,Sitta carolinensis,2026-04-28T10:40:04Z,28-Apr-2026,06:40:04,0.85,1
White-breasted Nuthatch,Sitta carolinensis,2026-04-28T10:39:51Z,28-Apr-2026,06:39:51,0.95,1
Tree Swallow,Tachycineta bicolor,2026-04-28T10:39:45Z,28-Apr-2026,06:39:45,0.26,1
Common Grackle,Quiscalus quiscula,2026-04-28T10:39:21Z,28-Apr-2026,06:39:21,0.9843,1
American Robin,Turdus migratorius,2026-04-28T10:38:06Z,28-Apr-2026,06:38:06,0.8157,1
White-breasted Nuthatch,Sitta carolinensis,2026-04-28T10:37:32Z,28-Apr-2026,06:37:32,0.88,1
White-breasted Nuthatch,Sitta carolinensis,2026-04-28T10:37:25Z,28-Apr-2026,06:37:25,0.85,1
White-breasted Nuthatch,Sitta carolinensis,2026-04-28T10:37:12Z,28-Apr-2026,06:37:12,0.87,1
White-breasted Nuthatch,Sitta carolinensis,2026-04-28T10:37:05Z,28-Apr-2026,06:37:05,0.56,1
White-breasted Nuthatch,Sitta carolinensis,2026-04-28T10:36:59Z,28-Apr-2026,06:36:59,0.83,1
White-breasted Nuthatch,Sitta carolinensis,2026-04-28T10:36:53Z,28-Apr-2026,06:36:53,0.95,1
White-breasted Nuthatch,Sitta carolinensis,2026-04-28T10:36:46Z,28-Apr-2026,06:36:46,0.7,1
White-breasted Nuthatch,Sitta carolinensis,2026-04-28T10:36:33Z,28-Apr-2026,06:36:33,0.94,1
White-breasted Nuthatch,Sitta carolinensis,2026-04-28T10:36:26Z,28-Apr-2026,06:36:26,0.91,1
White-breasted Nuthatch,Sitta carolinensis,2026-04-28T10:36:20Z,28-Apr-2026,06:36:20,0.86,1
White-breasted Nuthatch,Sitta carolinensis,2026-04-28T10:36:14Z,28-Apr-2026,06:36:14,0.91,1
Tree Swallow,Tachycineta bicolor,2026-04-28T10:36:01Z,28-Apr-2026,06:36:01,0.34,1
White-breasted Nuthatch,Sitta carolinensis,2026-04-28T10:35:54Z,28-Apr-2026,06:35:54,0.7,1
White-breasted Nuthatch,Sitta carolinensis,2026-04-28T10:35:32Z,28-Apr-2026,06:35:32,0.93,1
White-breasted Nuthatch,Sitta carolinensis,2026-04-28T10:35:26Z,28-Apr-2026,06:35:26,0.88,1
White-breasted Nuthatch,Sitta carolinensis,2026-04-28T10:35:20Z,28-Apr-2026,06:35:20,0.76,1
White-breasted Nuthatch,Sitta carolinensis,2026-04-28T10:35:13Z,28-Apr-2026,06:35:13,0.83,1
White-breasted Nuthatch,Sitta carolinensis,2026-04-28T10:35:06Z,28-Apr-2026,06:35:06,0.92,1
White-breasted Nuthatch,Sitta carolinensis,2026-04-28T10:34:59Z,28-Apr-2026,06:34:59,0.93,1
White-breasted Nuthatch,Sitta carolinensis,2026-04-28T10:34:53Z,28-Apr-2026,06:34:53,0.84,1
White-breasted Nuthatch,Sitta carolinensis,2026-04-28T10:34:44Z,28-Apr-2026,06:34:44,0.54,1
White-breasted Nuthatch,Sitta carolinensis,2026-04-28T10:34:37Z,28-Apr-2026,06:34:37,0.9,1
White-breasted Nuthatch,Sitta carolinensis,2026-04-28T10:34:31Z,28-Apr-2026,06:34:31,0.94,1
White-breasted Nuthatch,Sitta carolinensis,2026-04-28T10:34:24Z,28-Apr-2026,06:34:24,0.89,1
White-breasted Nuthatch,Sitta carolinensis,2026-04-28T10:34:17Z,28-Apr-2026,06:34:17,0.3,1
Tree Swallow,Tachycineta bicolor,2026-04-28T10:34:02Z,28-Apr-2026,06:34:02,0.5,1
White-breasted Nuthatch,Sitta carolinensis,2026-04-28T10:33:47Z,28-Apr-2026,06:33:47,0.53,1
American Goldfinch,Spinus tristis,2026-04-28T10:33:38Z,28-Apr-2026,06:33:38,0.8157,1
Chipping Sparrow,Spizella passerina,2026-04-28T10:32:56Z,28-Apr-2026,06:32:56,0.52,1
Chipping Sparrow,Spizella passerina,2026-04-28T10:32:37Z,28-Apr-2026,06:32:37,0.55,1
Chipping Sparrow,Spizella passerina,2026-04-28T10:32:02Z,28-Apr-2026,06:32:02,0.49,1
Chipping Sparrow,Spizella passerina,2026-04-28T10:31:55Z,28-Apr-2026,06:31:55,0.37,1
Chipping Sparrow,Spizella passerina,2026-04-28T10:31:35Z,28-Apr-2026,06:31:35,0.5,1
White-breasted Nuthatch,Sitta carolinensis,2026-04-28T10:31:29Z,28-Apr-2026,06:31:29,0.9,1
Palm Warbler,Setophaga palmarum,2026-04-28T10:31:22Z,28-Apr-2026,06:31:22,0.46,1
American Goldfinch,Spinus tristis,2026-04-28T10:31:19Z,28-Apr-2026,06:31:19,0.9333,1
Palm Warbler,Setophaga palmarum,2026-04-28T10:31:13Z,28-Apr-2026,06:31:13,0.35,1
Chipping Sparrow,Spizella passerina,2026-04-28T10:31:03Z,28-Apr-2026,06:31:03,0.57,1
Chipping Sparrow,Spizella passerina,2026-04-28T10:30:56Z,28-Apr-2026,06:30:56,0.54,1
Chipping Sparrow,Spizella passerina,2026-04-28T10:30:20Z,28-Apr-2026,06:30:20,0.57,1
White-breasted Nuthatch,Sitta carolinensis,2026-04-28T10:30:08Z,28-Apr-2026,06:30:08,0.77,1
White-breasted Nuthatch,Sitta carolinensis,2026-04-28T10:30:01Z,28-Apr-2026,06:30:01,0.4,1
Palm Warbler,Setophaga palmarum,2026-04-28T10:29:54Z,28-Apr-2026,06:29:54,0.31,1
Palm Warbler,Setophaga palmarum,2026-04-28T10:29:47Z,28-Apr-2026,06:29:47,0.27,1
Savannah Sparrow,Passerculus sandwichensis,2026-04-28T10:28:50Z,28-Apr-2026,06:28:50,0.26,1
Chipping Sparrow,Spizella passerina,2026-04-28T10:28:27Z,28-Apr-2026,06:28:27,0.29,1
Chipping Sparrow,Spizella passerina,2026-04-28T10:28:14Z,28-Apr-2026,06:28:14,0.3,1
Chipping Sparrow,Spizella passerina,2026-04-28T10:26:18Z,28-Apr-2026,06:26:18,0.71,1
Chipping Sparrow,Spizella passerina,2026-04-28T10:25:42Z,28-Apr-2026,06:25:42,0.31,1
Chipping Sparrow,Spizella passerina,2026-04-28T10:25:35Z,28-Apr-2026,06:25:35,0.27,1
Chipping Sparrow,Spizella passerina,2026-04-28T10:24:56Z,28-Apr-2026,06:24:56,0.28,1
American Goldfinch,Spinus tristis,2026-04-28T10:23:06Z,28-Apr-2026,06:23:06,0.7804,1
Common Grackle,Quiscalus quiscula,2026-04-28T10:22:05Z,28-Apr-2026,06:22:05,0.8863,1
Northern Flicker,Colaptes auratus,2026-04-28T10:21:36Z,28-Apr-2026,06:21:36,0.66,1
Palm Warbler,Setophaga palmarum,2026-04-28T10:21:29Z,28-Apr-2026,06:21:29,0.38,1
Chipping Sparrow,Spizella passerina,2026-04-28T10:19:13Z,28-Apr-2026,06:19:13,0.28,1
Chipping Sparrow,Spizella passerina,2026-04-28T10:18:39Z,28-Apr-2026,06:18:39,0.28,1
Wood Thrush,Hylocichla mustelina,2026-04-28T10:15:38Z,28-Apr-2026,06:15:38,0.37,1
Red-shouldered Hawk,Buteo lineatus,2026-04-28T10:15:25Z,28-Apr-2026,06:15:25,0.47,1
Chipping Sparrow,Spizella passerina,2026-04-28T10:15:19Z,28-Apr-2026,06:15:19,0.31,1
Chipping Sparrow,Spizella passerina,2026-04-28T10:15:09Z,28-Apr-2026,06:15:09,0.3,1
American Goldfinch,Spinus tristis,2026-04-28T10:14:36Z,28-Apr-2026,06:14:36,0.898,1
Chipping Sparrow,Spizella passerina,2026-04-28T10:12:31Z,28-Apr-2026,06:12:31,0.26,1
Red-shouldered Hawk,Buteo lineatus,2026-04-28T10:10:41Z,28-Apr-2026,06:10:41,0.51,1
Red-shouldered Hawk,Buteo lineatus,2026-04-28T10:10:22Z,28-Apr-2026,06:10:22,0.32,1
Red-shouldered Hawk,Buteo lineatus,2026-04-28T10:10:15Z,28-Apr-2026,06:10:15,0.49,1
American Goldfinch,Spinus tristis,2026-04-28T10:08:56Z,28-Apr-2026,06:08:56,0.7804,1
Gray Catbird,Dumetella carolinensis,2026-04-28T10:06:09Z,28-Apr-2026,06:06:09,0.898,1
Gray Catbird,Dumetella carolinensis,2026-04-28T10:04:52Z,28-Apr-2026,06:04:52,0.7804,1
White-breasted Nuthatch,Sitta carolinensis,2026-04-28T10:04:30Z,28-Apr-2026,06:04:30,0.94,1
White-breasted Nuthatch,Sitta carolinensis,2026-04-28T10:04:17Z,28-Apr-2026,06:04:17,0.81,1
White-breasted Nuthatch,Sitta carolinensis,2026-04-28T10:04:04Z,28-Apr-2026,06:04:04,0.89,1
Chipping Sparrow,Spizella passerina,2026-04-28T10:03:54Z,28-Apr-2026,06:03:54,0.5,1
White-breasted Nuthatch,Sitta carolinensis,2026-04-28T10:03:47Z,28-Apr-2026,06:03:47,0.95,1
White-breasted Nuthatch,Sitta carolinensis,2026-04-28T10:03:41Z,28-Apr-2026,06:03:41,0.87,1
Chipping Sparrow,Spizella passerina,2026-04-28T10:03:22Z,28-Apr-2026,06:03:22,0.29,1
Chipping Sparrow,Spizella passerina,2026-04-28T10:03:09Z,28-Apr-2026,06:03:09,0.48,1
American Robin,Turdus migratorius,2026-04-28T10:02:44Z,28-Apr-2026,06:02:44,0.7804,1
Blue Jay,Cyanocitta cristata,2026-04-28T10:02:10Z,28-Apr-2026,06:02:10,0.29,1
White-breasted Nuthatch,Sitta carolinensis,2026-04-28T10:01:50Z,28-Apr-2026,06:01:50,0.9,1
White-breasted Nuthatch,Sitta carolinensis,2026-04-28T10:01:44Z,28-Apr-2026,06:01:44,0.63,1
White-breasted Nuthatch,Sitta carolinensis,2026-04-28T10:01:37Z,28-Apr-2026,06:01:37,0.7,1
White-breasted Nuthatch,Sitta carolinensis,2026-04-28T10:01:12Z,28-Apr-2026,06:01:12,0.52,1
White-breasted Nuthatch,Sitta carolinensis,2026-04-28T10:01:06Z,28-Apr-2026,06:01:06,0.54,1
White-breasted Nuthatch,Sitta carolinensis,2026-04-28T10:01:00Z,28-Apr-2026,06:01:00,0.48,1
White-breasted Nuthatch,Sitta carolinensis,2026-04-28T10:00:44Z,28-Apr-2026,06:00:44,0.65,1
White-breasted Nuthatch,Sitta carolinensis,2026-04-28T10:00:31Z,28-Apr-2026,06:00:31,0.83,1
White-breasted Nuthatch,Sitta carolinensis,2026-04-28T10:00:17Z,28-Apr-2026,06:00:17,0.81,1
White-breasted Nuthatch,Sitta carolinensis,2026-04-28T10:00:11Z,28-Apr-2026,06:00:11,0.52,1
White-breasted Nuthatch,Sitta carolinensis,2026-04-28T09:59:58Z,28-Apr-2026,05:59:58,0.88,1
White-breasted Nuthatch,Sitta carolinensis,2026-04-28T09:59:51Z,28-Apr-2026,05:59:51,0.54,1
White-breasted Nuthatch,Sitta carolinensis,2026-04-28T09:59:44Z,28-Apr-2026,05:59:44,0.36,1
White-breasted Nuthatch,Sitta carolinensis,2026-04-28T09:59:25Z,28-Apr-2026,05:59:25,0.78,1
White-breasted Nuthatch,Sitta carolinensis,2026-04-28T09:59:19Z,28-Apr-2026,05:59:19,0.86,1
White-breasted Nuthatch,Sitta carolinensis,2026-04-28T09:59:05Z,28-Apr-2026,05:59:05,0.46,1
White-breasted Nuthatch,Sitta carolinensis,2026-04-28T09:58:59Z,28-Apr-2026,05:58:59,0.63,1
White-breasted Nuthatch,Sitta carolinensis,2026-04-28T09:58:52Z,28-Apr-2026,05:58:52,0.52,1
White-breasted Nuthatch,Sitta carolinensis,2026-04-28T09:58:46Z,28-Apr-2026,05:58:46,0.41,1
White-breasted Nuthatch,Sitta carolinensis,2026-04-28T09:58:39Z,28-Apr-2026,05:58:39,0.88,1
White-breasted Nuthatch,Sitta carolinensis,2026-04-28T09:58:32Z,28-Apr-2026,05:58:32,0.78,1
White-breasted Nuthatch,Sitta carolinensis,2026-04-28T09:58:26Z,28-Apr-2026,05:58:26,0.67,1
White-breasted Nuthatch,Sitta carolinensis,2026-04-28T09:58:20Z,28-Apr-2026,05:58:20,0.63,1
White-breasted Nuthatch,Sitta carolinensis,2026-04-28T09:58:13Z,28-Apr-2026,05:58:13,0.48,1
White-breasted Nuthatch,Sitta carolinensis,2026-04-28T09:58:06Z,28-Apr-2026,05:58:06,0.54,1
White-breasted Nuthatch,Sitta carolinensis,2026-04-28T09:57:59Z,28-Apr-2026,05:57:59,0.53,1
White-breasted Nuthatch,Sitta carolinensis,2026-04-28T09:57:44Z,28-Apr-2026,05:57:44,0.77,1
American Robin,Turdus migratorius,2026-04-28T09:56:16Z,28-Apr-2026,05:56:16,0.8314,1
Tree Swallow,Tachycineta bicolor,2026-04-28T09:56:05Z,28-Apr-2026,05:56:05,0.9,1
American Goldfinch,Spinus tristis,2026-04-28T09:55:43Z,28-Apr-2026,05:55:43,0.8745,1
Chipping Sparrow,Spizella passerina,2026-04-28T09:54:39Z,28-Apr-2026,05:54:39,0.43,1
Chipping Sparrow,Spizella passerina,2026-04-28T09:53:32Z,28-Apr-2026,05:53:32,0.3,1
Chipping Sparrow,Spizella passerina,2026-04-28T09:53:13Z,28-Apr-2026,05:53:13,0.39,1
Chipping Sparrow,Spizella passerina,2026-04-28T09:51:31Z,28-Apr-2026,05:51:31,0.31,1
American Robin,Turdus migratorius,2026-04-28T09:50:53Z,28-Apr-2026,05:50:53,0.48,1
Chipping Sparrow,Spizella passerina,2026-04-28T09:50:28Z,28-Apr-2026,05:50:28,0.38,1
Chipping Sparrow,Spizella passerina,2026-04-28T09:49:56Z,28-Apr-2026,05:49:56,0.32,1
Chipping Sparrow,Spizella passerina,2026-04-28T09:49:43Z,28-Apr-2026,05:49:43,0.31,1
Chipping Sparrow,Spizella passerina,2026-04-28T09:49:24Z,28-Apr-2026,05:49:24,0.31,1
Green-winged Teal,Anas crecca,2026-04-28T09:48:37Z,28-Apr-2026,05:48:37,0.32,1
Tree Swallow,Tachycineta bicolor,2026-04-28T09:48:24Z,28-Apr-2026,05:48:24,0.41,1
Tree Swallow,Tachycineta bicolor,2026-04-28T09:47:44Z,28-Apr-2026,05:47:44,0.62,1
Chipping Sparrow,Spizella passerina,2026-04-28T09:47:19Z,28-Apr-2026,05:47:19,0.27,1
American Robin,Turdus migratorius,2026-04-28T09:46:57Z,28-Apr-2026,05:46:57,0.8745,1
Chipping Sparrow,Spizella passerina,2026-04-28T09:46:28Z,28-Apr-2026,05:46:28,0.42,1
Chipping Sparrow,Spizella passerina,2026-04-28T09:46:15Z,28-Apr-2026,05:46:15,0.37,1
Eastern Phoebe,Sayornis phoebe,2026-04-28T09:45:33Z,28-Apr-2026,05:45:33,0.3,1
Eastern Phoebe,Sayornis phoebe,2026-04-28T09:45:27Z,28-Apr-2026,05:45:27,0.34,1
Chipping Sparrow,Spizella passerina,2026-04-28T09:44:52Z,28-Apr-2026,05:44:52,0.39,1
Chipping Sparrow,Spizella passerina,2026-04-28T09:43:51Z,28-Apr-2026,05:43:51,0.36,1
Chipping Sparrow,Spizella passerina,2026-04-28T09:43:44Z,28-Apr-2026,05:43:44,0.43,1
Red-shouldered Hawk,Buteo lineatus,2026-04-28T09:43:25Z,28-Apr-2026,05:43:25,0.29,1
Chipping Sparrow,Spizella passerina,2026-04-28T09:41:44Z,28-Apr-2026,05:41:44,0.39,1
Chipping Sparrow,Spizella passerina,2026-04-28T09:41:00Z,28-Apr-2026,05:41:00,0.28,1
Chipping Sparrow,Spizella passerina,2026-04-28T09:40:19Z,28-Apr-2026,05:40:19,0.42,1
Chipping Sparrow,Spizella passerina,2026-04-28T09:40:09Z,28-Apr-2026,05:40:09,0.36,1
American Goldfinch,Spinus tristis,2026-04-28T09:39:53Z,28-Apr-2026,05:39:53,0.8627,1
Chipping Sparrow,Spizella passerina,2026-04-28T09:39:47Z,28-Apr-2026,05:39:47,0.32,1
Chipping Sparrow,Spizella passerina,2026-04-28T09:39:34Z,28-Apr-2026,05:39:34,0.34,1
Chipping Sparrow,Spizella passerina,2026-04-28T09:39:28Z,28-Apr-2026,05:39:28,0.61,1
Chipping Sparrow,Spizella passerina,2026-04-28T09:39:15Z,28-Apr-2026,05:39:15,0.39,1
Chipping Sparrow,Spizella passerina,2026-04-28T09:39:03Z,28-Apr-2026,05:39:03,0.54,1
Chipping Sparrow,Spizella passerina,2026-04-28T09:38:57Z,28-Apr-2026,05:38:57,0.47,1
Chipping Sparrow,Spizella passerina,2026-04-28T09:37:30Z,28-Apr-2026,05:37:30,0.4,1
Chipping Sparrow,Spizella passerina,2026-04-28T09:37:21Z,28-Apr-2026,05:37:21,0.43,1
Chipping Sparrow,Spizella passerina,2026-04-28T09:37:14Z,28-Apr-2026,05:37:14,0.47,1
Song Sparrow,Melospiza melodia,2026-04-28T09:37:11Z,28-Apr-2026,05:37:11,0.8157,1
Chipping Sparrow,Spizella passerina,2026-04-28T09:36:51Z,28-Apr-2026,05:36:51,0.33,1
Chipping Sparrow,Spizella passerina,2026-04-28T09:36:44Z,28-Apr-2026,05:36:44,0.42,1
Chipping Sparrow,Spizella passerina,2026-04-28T09:36:25Z,28-Apr-2026,05:36:25,0.44,1
Chipping Sparrow,Spizella passerina,2026-04-28T09:33:54Z,28-Apr-2026,05:33:54,0.26,1
Eastern Phoebe,Sayornis phoebe,2026-04-28T09:29:35Z,28-Apr-2026,05:29:35,0.68,1
American Robin,Turdus migratorius,2026-04-28T09:27:09Z,28-Apr-2026,05:27:09,0.7804,1
Eastern Phoebe,Sayornis phoebe,2026-04-28T09:26:36Z,28-Apr-2026,05:26:36,0.35,1
Chipping Sparrow,Spizella passerina,2026-04-28T09:26:16Z,28-Apr-2026,05:26:16,0.28,1
Eastern Phoebe,Sayornis phoebe,2026-04-28T09:25:45Z,28-Apr-2026,05:25:45,0.33,1
Eastern Phoebe,Sayornis phoebe,2026-04-28T09:25:26Z,28-Apr-2026,05:25:26,0.77,1
Eastern Phoebe,Sayornis phoebe,2026-04-28T09:25:19Z,28-Apr-2026,05:25:19,0.75,1
Eastern Phoebe,Sayornis phoebe,2026-04-28T09:25:06Z,28-Apr-2026,05:25:06,0.83,1
Chipping Sparrow,Spizella passerina,2026-04-28T09:24:59Z,28-Apr-2026,05:24:59,0.6,1
Eastern Phoebe,Sayornis phoebe,2026-04-28T09:24:53Z,28-Apr-2026,05:24:53,0.95,1
Eastern Phoebe,Sayornis phoebe,2026-04-28T09:24:46Z,28-Apr-2026,05:24:46,0.97,1
Eastern Phoebe,Sayornis phoebe,2026-04-28T09:24:40Z,28-Apr-2026,05:24:40,0.92,1
Eastern Phoebe,Sayornis phoebe,2026-04-28T09:24:34Z,28-Apr-2026,05:24:34,0.66,1
Chipping Sparrow,Spizella passerina,2026-04-28T09:24:27Z,28-Apr-2026,05:24:27,0.45,1
Eastern Phoebe,Sayornis phoebe,2026-04-28T09:24:14Z,28-Apr-2026,05:24:14,0.38,1
Eastern Phoebe,Sayornis phoebe,2026-04-28T09:24:08Z,28-Apr-2026,05:24:08,0.89,1
Chipping Sparrow,Spizella passerina,2026-04-28T09:24:01Z,28-Apr-2026,05:24:01,0.46,1
Chipping Sparrow,Spizella passerina,2026-04-28T09:23:55Z,28-Apr-2026,05:23:55,0.53,1
Eastern Phoebe,Sayornis phoebe,2026-04-28T09:23:49Z,28-Apr-2026,05:23:49,0.9,1
Eastern Phoebe,Sayornis phoebe,2026-04-28T09:23:42Z,28-Apr-2026,05:23:42,0.93,1
Eastern Phoebe,Sayornis phoebe,2026-04-28T09:23:36Z,28-Apr-2026,05:23:36,0.99,1
Eastern Phoebe,Sayornis phoebe,2026-04-28T09:23:29Z,28-Apr-2026,05:23:29,0.41,1
Chipping Sparrow,Spizella passerina,2026-04-28T09:23:17Z,28-Apr-2026,05:23:17,0.43,1
Eastern Phoebe,Sayornis phoebe,2026-04-28T09:23:10Z,28-Apr-2026,05:23:10,0.27,1
Eastern Phoebe,Sayornis phoebe,2026-04-28T09:22:50Z,28-Apr-2026,05:22:50,0.76,1
Eastern Phoebe,Sayornis phoebe,2026-04-28T09:22:43Z,28-Apr-2026,05:22:43,0.9,1
Eastern Phoebe,Sayornis phoebe,2026-04-28T09:22:31Z,28-Apr-2026,05:22:31,0.99,1
Eastern Phoebe,Sayornis phoebe,2026-04-28T09:22:24Z,28-Apr-2026,05:22:24,0.99,1
Eastern Phoebe,Sayornis phoebe,2026-04-28T09:22:17Z,28-Apr-2026,05:22:17,0.99,1
Eastern Phoebe,Sayornis phoebe,2026-04-28T09:22:11Z,28-Apr-2026,05:22:11,0.94,1
Eastern Phoebe,Sayornis phoebe,2026-04-28T09:22:04Z,28-Apr-2026,05:22:04,0.99,1
Eastern Phoebe,Sayornis phoebe,2026-04-28T09:21:58Z,28-Apr-2026,05:21:58,0.99,1
Eastern Phoebe,Sayornis phoebe,2026-04-28T09:21:51Z,28-Apr-2026,05:21:51,0.99,1
Eastern Phoebe,Sayornis phoebe,2026-04-28T09:21:45Z,28-Apr-2026,05:21:45,0.97,1
Eastern Phoebe,Sayornis phoebe,2026-04-28T09:21:38Z,28-Apr-2026,05:21:38,0.96,1
Eastern Phoebe,Sayornis phoebe,2026-04-28T09:21:32Z,28-Apr-2026,05:21:32,0.99,1
Eastern Phoebe,Sayornis phoebe,2026-04-28T09:21:26Z,28-Apr-2026,05:21:26,0.98,1
Eastern Phoebe,Sayornis phoebe,2026-04-28T09:21:19Z,28-Apr-2026,05:21:19,0.97,1
Eastern Phoebe,Sayornis phoebe,2026-04-28T09:21:12Z,28-Apr-2026,05:21:12,0.98,1
Eastern Phoebe,Sayornis phoebe,2026-04-28T09:21:05Z,28-Apr-2026,05:21:05,0.98,1
Eastern Phoebe,Sayornis phoebe,2026-04-28T09:20:59Z,28-Apr-2026,05:20:59,0.98,1
Eastern Phoebe,Sayornis phoebe,2026-04-28T09:20:52Z,28-Apr-2026,05:20:52,0.99,1
Eastern Phoebe,Sayornis phoebe,2026-04-28T09:20:46Z,28-Apr-2026,05:20:46,0.98,1
Eastern Phoebe,Sayornis phoebe,2026-04-28T09:20:39Z,28-Apr-2026,05:20:39,0.96,1
Eastern Phoebe,Sayornis phoebe,2026-04-28T09:20:33Z,28-Apr-2026,05:20:33,0.99,1
Eastern Phoebe,Sayornis phoebe,2026-04-28T09:20:26Z,28-Apr-2026,05:20:26,0.99,1
Eastern Phoebe,Sayornis phoebe,2026-04-28T09:20:20Z,28-Apr-2026,05:20:20,0.98,1
Eastern Phoebe,Sayornis phoebe,2026-04-28T09:20:14Z,28-Apr-2026,05:20:14,0.99,1
Eastern Phoebe,Sayornis phoebe,2026-04-28T09:20:07Z,28-Apr-2026,05:20:07,0.99,1
Eastern Phoebe,Sayornis phoebe,2026-04-28T09:20:00Z,28-Apr-2026,05:20:00,0.97,1
Eastern Phoebe,Sayornis phoebe,2026-04-28T09:19:53Z,28-Apr-2026,05:19:53,0.98,1
Eastern Phoebe,Sayornis phoebe,2026-04-28T09:19:47Z,28-Apr-2026,05:19:47,0.95,1
Eastern Phoebe,Sayornis phoebe,2026-04-28T09:19:40Z,28-Apr-2026,05:19:40,0.99,1
Eastern Phoebe,Sayornis phoebe,2026-04-28T09:19:34Z,28-Apr-2026,05:19:34,0.99,1
Eastern Phoebe,Sayornis phoebe,2026-04-28T09:19:27Z,28-Apr-2026,05:19:27,0.99,1
Eastern Phoebe,Sayornis phoebe,2026-04-28T09:19:21Z,28-Apr-2026,05:19:21,0.97,1
Eastern Phoebe,Sayornis phoebe,2026-04-28T09:19:14Z,28-Apr-2026,05:19:14,0.96,1
Eastern Phoebe,Sayornis phoebe,2026-04-28T09:19:08Z,28-Apr-2026,05:19:08,0.99,1
Eastern Phoebe,Sayornis phoebe,2026-04-28T09:19:01Z,28-Apr-2026,05:19:01,0.99,1
Eastern Phoebe,Sayornis phoebe,2026-04-28T09:18:55Z,28-Apr-2026,05:18:55,0.99,1
Eastern Phoebe,Sayornis phoebe,2026-04-28T09:18:48Z,28-Apr-2026,05:18:48,0.97,1
Eastern Phoebe,Sayornis phoebe,2026-04-28T09:17:19Z,28-Apr-2026,05:17:19,0.38,1
Eastern Phoebe,Sayornis phoebe,2026-04-28T09:16:52Z,28-Apr-2026,05:16:52,0.98,1
Eastern Phoebe,Sayornis phoebe,2026-04-28T09:16:45Z,28-Apr-2026,05:16:45,0.99,1
Eastern Phoebe,Sayornis phoebe,2026-04-28T09:16:38Z,28-Apr-2026,05:16:38,0.99,1
Eastern Phoebe,Sayornis phoebe,2026-04-28T09:16:32Z,28-Apr-2026,05:16:32,0.99,1
Eastern Phoebe,Sayornis phoebe,2026-04-28T09:16:25Z,28-Apr-2026,05:16:25,0.96,1
Eastern Phoebe,Sayornis phoebe,2026-04-28T09:16:19Z,28-Apr-2026,05:16:19,0.99,1
Eastern Phoebe,Sayornis phoebe,2026-04-28T09:16:12Z,28-Apr-2026,05:16:12,0.98,1
Eastern Phoebe,Sayornis phoebe,2026-04-28T09:16:06Z,28-Apr-2026,05:16:06,0.99,1
Eastern Phoebe,Sayornis phoebe,2026-04-28T09:15:59Z,28-Apr-2026,05:15:59,0.99,1
Eastern Phoebe,Sayornis phoebe,2026-04-28T09:15:53Z,28-Apr-2026,05:15:53,0.99,1
Eastern Phoebe,Sayornis phoebe,2026-04-28T09:15:46Z,28-Apr-2026,05:15:46,0.98,1
Eastern Phoebe,Sayornis phoebe,2026-04-28T09:15:40Z,28-Apr-2026,05:15:40,0.99,1
Eastern Phoebe,Sayornis phoebe,2026-04-28T09:15:33Z,28-Apr-2026,05:15:33,0.99,1
Eastern Phoebe,Sayornis phoebe,2026-04-28T09:15:27Z,28-Apr-2026,05:15:27,0.99,1
Eastern Phoebe,Sayornis phoebe,2026-04-28T09:15:21Z,28-Apr-2026,05:15:21,0.99,1
Eastern Phoebe,Sayornis phoebe,2026-04-28T09:15:14Z,28-Apr-2026,05:15:14,0.99,1
Eastern Phoebe,Sayornis phoebe,2026-04-28T09:15:08Z,28-Apr-2026,05:15:08,0.97,1
Eastern Phoebe,Sayornis phoebe,2026-04-28T09:15:01Z,28-Apr-2026,05:15:01,0.99,1
Eastern Phoebe,Sayornis phoebe,2026-04-28T09:14:55Z,28-Apr-2026,05:14:55,0.98,1
Eastern Phoebe,Sayornis phoebe,2026-04-28T09:14:41Z,28-Apr-2026,05:14:41,0.71,1
Palm Warbler,Setophaga palmarum,2026-04-28T09:14:28Z,28-Apr-2026,05:14:28,0.31,1
Eastern Phoebe,Sayornis phoebe,2026-04-28T09:13:56Z,28-Apr-2026,05:13:56,0.99,1
Eastern Phoebe,Sayornis phoebe,2026-04-28T09:13:50Z,28-Apr-2026,05:13:50,0.99,1
Eastern Phoebe,Sayornis phoebe,2026-04-28T09:13:43Z,28-Apr-2026,05:13:43,0.97,1
Eastern Phoebe,Sayornis phoebe,2026-04-28T09:13:37Z,28-Apr-2026,05:13:37,0.98,1
Eastern Phoebe,Sayornis phoebe,2026-04-28T09:13:30Z,28-Apr-2026,05:13:30,0.99,1
Eastern Phoebe,Sayornis phoebe,2026-04-28T09:13:24Z,28-Apr-2026,05:13:24,0.97,1
Eastern Phoebe,Sayornis phoebe,2026-04-28T09:13:17Z,28-Apr-2026,05:13:17,0.97,1
Eastern Phoebe,Sayornis phoebe,2026-04-28T09:13:11Z,28-Apr-2026,05:13:11,0.99,1
Eastern Phoebe,Sayornis phoebe,2026-04-28T09:13:04Z,28-Apr-2026,05:13:04,0.99,1
Eastern Phoebe,Sayornis phoebe,2026-04-28T09:12:58Z,28-Apr-2026,05:12:58,0.98,1
Eastern Phoebe,Sayornis phoebe,2026-04-28T09:12:51Z,28-Apr-2026,05:12:51,0.98,1
Eastern Phoebe,Sayornis phoebe,2026-04-28T09:12:45Z,28-Apr-2026,05:12:45,0.97,1
Eastern Phoebe,Sayornis phoebe,2026-04-28T09:12:38Z,28-Apr-2026,05:12:38,0.98,1
Eastern Phoebe,Sayornis phoebe,2026-04-28T09:12:32Z,28-Apr-2026,05:12:32,0.99,1
Eastern Phoebe,Sayornis phoebe,2026-04-28T09:12:26Z,28-Apr-2026,05:12:26,0.99,1
Eastern Phoebe,Sayornis phoebe,2026-04-28T09:12:19Z,28-Apr-2026,05:12:19,0.99,1
Eastern Phoebe,Sayornis phoebe,2026-04-28T09:12:12Z,28-Apr-2026,05:12:12,0.99,1
Eastern Phoebe,Sayornis phoebe,2026-04-28T09:12:04Z,28-Apr-2026,05:12:04,0.99,1
Eastern Phoebe,Sayornis phoebe,2026-04-28T09:11:58Z,28-Apr-2026,05:11:58,0.96,1
Eastern Phoebe,Sayornis phoebe,2026-04-28T09:11:52Z,28-Apr-2026,05:11:52,0.99,1
Eastern Phoebe,Sayornis phoebe,2026-04-28T09:11:45Z,28-Apr-2026,05:11:45,0.99,1
Eastern Phoebe,Sayornis phoebe,2026-04-28T09:11:39Z,28-Apr-2026,05:11:39,0.98,1
Eastern Phoebe,Sayornis phoebe,2026-04-28T09:11:32Z,28-Apr-2026,05:11:32,0.98,1
Eastern Phoebe,Sayornis phoebe,2026-04-28T09:11:26Z,28-Apr-2026,05:11:26,0.99,1
Eastern Phoebe,Sayornis phoebe,2026-04-28T09:11:19Z,28-Apr-2026,05:11:19,0.99,1
Eastern Phoebe,Sayornis phoebe,2026-04-28T09:11:12Z,28-Apr-2026,05:11:12,0.94,1
Eastern Phoebe,Sayornis phoebe,2026-04-28T09:11:05Z,28-Apr-2026,05:11:05,0.99,1
Eastern Phoebe,Sayornis phoebe,2026-04-28T09:10:58Z,28-Apr-2026,05:10:58,0.99,1
Eastern Phoebe,Sayornis phoebe,2026-04-28T09:10:51Z,28-Apr-2026,05:10:51,0.99,1
Eastern Phoebe,Sayornis phoebe,2026-04-28T09:10:44Z,28-Apr-2026,05:10:44,0.98,1
Eastern Phoebe,Sayornis phoebe,2026-04-28T09:10:37Z,28-Apr-2026,05:10:37,0.99,1
Eastern Phoebe,Sayornis phoebe,2026-04-28T09:10:31Z,28-Apr-2026,05:10:31,0.99,1
Eastern Phoebe,Sayornis phoebe,2026-04-28T09:10:25Z,28-Apr-2026,05:10:25,0.99,1
Eastern Phoebe,Sayornis phoebe,2026-04-28T09:10:18Z,28-Apr-2026,05:10:18,0.99,1
Eastern Phoebe,Sayornis phoebe,2026-04-28T09:10:11Z,28-Apr-2026,05:10:11,0.99,1
Eastern Phoebe,Sayornis phoebe,2026-04-28T09:10:05Z,28-Apr-2026,05:10:05,0.99,1
Eastern Phoebe,Sayornis phoebe,2026-04-28T09:09:58Z,28-Apr-2026,05:09:58,0.99,1
Eastern Phoebe,Sayornis phoebe,2026-04-28T09:09:51Z,28-Apr-2026,05:09:51,0.99,1
Eastern Phoebe,Sayornis phoebe,2026-04-28T09:09:45Z,28-Apr-2026,05:09:45,0.99,1
Eastern Phoebe,Sayornis phoebe,2026-04-28T09:09:38Z,28-Apr-2026,05:09:38,0.99,1
Eastern Phoebe,Sayornis phoebe,2026-04-28T09:09:32Z,28-Apr-2026,05:09:32,0.99,1
Eastern Phoebe,Sayornis phoebe,2026-04-28T09:09:25Z,28-Apr-2026,05:09:25,0.98,1
Eastern Phoebe,Sayornis phoebe,2026-04-28T09:09:19Z,28-Apr-2026,05:09:19,0.99,1
Eastern Phoebe,Sayornis phoebe,2026-04-28T09:09:12Z,28-Apr-2026,05:09:12,0.96,1
Eastern Phoebe,Sayornis phoebe,2026-04-28T09:09:06Z,28-Apr-2026,05:09:06,0.99,1
Eastern Phoebe,Sayornis phoebe,2026-04-28T09:08:59Z,28-Apr-2026,05:08:59,0.99,1
Eastern Phoebe,Sayornis phoebe,2026-04-28T09:08:53Z,28-Apr-2026,05:08:53,0.99,1
Eastern Phoebe,Sayornis phoebe,2026-04-28T09:08:46Z,28-Apr-2026,05:08:46,0.99,1
Eastern Phoebe,Sayornis phoebe,2026-04-28T09:08:40Z,28-Apr-2026,05:08:40,0.99,1
Eastern Phoebe,Sayornis phoebe,2026-04-28T09:08:33Z,28-Apr-2026,05:08:33,0.99,1
Eastern Phoebe,Sayornis phoebe,2026-04-28T09:08:27Z,28-Apr-2026,05:08:27,0.99,1
Eastern Phoebe,Sayornis phoebe,2026-04-28T09:08:20Z,28-Apr-2026,05:08:20,0.95,1
Eastern Phoebe,Sayornis phoebe,2026-04-28T09:08:14Z,28-Apr-2026,05:08:14,0.99,1
Eastern Phoebe,Sayornis phoebe,2026-04-28T09:08:07Z,28-Apr-2026,05:08:07,0.94,1
Eastern Phoebe,Sayornis phoebe,2026-04-28T09:08:01Z,28-Apr-2026,05:08:01,0.99,1
Eastern Phoebe,Sayornis phoebe,2026-04-28T09:07:54Z,28-Apr-2026,05:07:54,0.99,1
Eastern Phoebe,Sayornis phoebe,2026-04-28T09:07:48Z,28-Apr-2026,05:07:48,0.99,1
Eastern Phoebe,Sayornis phoebe,2026-04-28T09:07:41Z,28-Apr-2026,05:07:41,0.99,1
Eastern Phoebe,Sayornis phoebe,2026-04-28T09:07:35Z,28-Apr-2026,05:07:35,0.98,1
Eastern Phoebe,Sayornis phoebe,2026-04-28T09:07:28Z,28-Apr-2026,05:07:28,0.99,1
Eastern Phoebe,Sayornis phoebe,2026-04-28T09:07:21Z,28-Apr-2026,05:07:21,0.99,1
Eastern Phoebe,Sayornis phoebe,2026-04-28T09:07:14Z,28-Apr-2026,05:07:14,0.99,1
Eastern Phoebe,Sayornis phoebe,2026-04-28T09:07:08Z,28-Apr-2026,05:07:08,0.99,1
Eastern Phoebe,Sayornis phoebe,2026-04-28T09:07:01Z,28-Apr-2026,05:07:01,0.99,1
Eastern Phoebe,Sayornis phoebe,2026-04-28T09:06:54Z,28-Apr-2026,05:06:54,0.99,1
Eastern Phoebe,Sayornis phoebe,2026-04-28T09:06:47Z,28-Apr-2026,05:06:47,0.99,1
Eastern Phoebe,Sayornis phoebe,2026-04-28T09:06:41Z,28-Apr-2026,05:06:41,0.99,1
Eastern Phoebe,Sayornis phoebe,2026-04-28T09:06:34Z,28-Apr-2026,05:06:34,0.99,1
Eastern Phoebe,Sayornis phoebe,2026-04-28T09:06:28Z,28-Apr-2026,05:06:28,0.99,1
Eastern Phoebe,Sayornis phoebe,2026-04-28T09:06:21Z,28-Apr-2026,05:06:21,0.99,1
Eastern Phoebe,Sayornis phoebe,2026-04-28T09:06:15Z,28-Apr-2026,05:06:15,0.99,1
Eastern Phoebe,Sayornis phoebe,2026-04-28T09:06:08Z,28-Apr-2026,05:06:08,0.99,1
Eastern Phoebe,Sayornis phoebe,2026-04-28T09:06:02Z,28-Apr-2026,05:06:02,0.99,1
Eastern Phoebe,Sayornis phoebe,2026-04-28T09:05:55Z,28-Apr-2026,05:05:55,0.99,1
Eastern Phoebe,Sayornis phoebe,2026-04-28T09:05:49Z,28-Apr-2026,05:05:49,0.98,1
Eastern Phoebe,Sayornis phoebe,2026-04-28T09:05:42Z,28-Apr-2026,05:05:42,0.99,1
Eastern Phoebe,Sayornis phoebe,2026-04-28T09:05:36Z,28-Apr-2026,05:05:36,0.99,1
Eastern Phoebe,Sayornis phoebe,2026-04-28T09:05:29Z,28-Apr-2026,05:05:29,0.99,1
Eastern Phoebe,Sayornis phoebe,2026-04-28T09:05:23Z,28-Apr-2026,05:05:23,0.99,1
Eastern Phoebe,Sayornis phoebe,2026-04-28T09:05:16Z,28-Apr-2026,05:05:16,0.99,1
Eastern Phoebe,Sayornis phoebe,2026-04-28T09:05:10Z,28-Apr-2026,05:05:10,0.99,1
Eastern Phoebe,Sayornis phoebe,2026-04-28T09:05:04Z,28-Apr-2026,05:05:04,0.98,1
Eastern Phoebe,Sayornis phoebe,2026-04-28T09:04:57Z,28-Apr-2026,05:04:57,0.99,1
Eastern Phoebe,Sayornis phoebe,2026-04-28T09:04:50Z,28-Apr-2026,05:04:50,0.99,1
Eastern Phoebe,Sayornis phoebe,2026-04-28T09:04:44Z,28-Apr-2026,05:04:44,0.99,1
Eastern Phoebe,Sayornis phoebe,2026-04-28T09:04:37Z,28-Apr-2026,05:04:37,0.99,1
Eastern Phoebe,Sayornis phoebe,2026-04-28T09:04:31Z,28-Apr-2026,05:04:31,0.99,1
Eastern Phoebe,Sayornis phoebe,2026-04-28T09:04:24Z,28-Apr-2026,05:04:24,0.99,1
Eastern Phoebe,Sayornis phoebe,2026-04-28T09:04:18Z,28-Apr-2026,05:04:18,0.99,1
Eastern Phoebe,Sayornis phoebe,2026-04-28T09:04:12Z,28-Apr-2026,05:04:12,0.98,1
Eastern Phoebe,Sayornis phoebe,2026-04-28T09:04:05Z,28-Apr-2026,05:04:05,0.99,1
Eastern Phoebe,Sayornis phoebe,2026-04-28T09:03:59Z,28-Apr-2026,05:03:59,0.99,1
Eastern Phoebe,Sayornis phoebe,2026-04-28T09:03:52Z,28-Apr-2026,05:03:52,0.99,1
Eastern Phoebe,Sayornis phoebe,2026-04-28T09:03:46Z,28-Apr-2026,05:03:46,0.99,1
Eastern Phoebe,Sayornis phoebe,2026-04-28T09:03:39Z,28-Apr-2026,05:03:39,0.99,1
Eastern Phoebe,Sayornis phoebe,2026-04-28T09:03:32Z,28-Apr-2026,05:03:32,0.99,1
Eastern Phoebe,Sayornis phoebe,2026-04-28T09:03:26Z,28-Apr-2026,05:03:26,0.98,1
Eastern Phoebe,Sayornis phoebe,2026-04-28T09:03:19Z,28-Apr-2026,05:03:19,0.99,1
Eastern Phoebe,Sayornis phoebe,2026-04-28T09:03:13Z,28-Apr-2026,05:03:13,0.99,1
Eastern Phoebe,Sayornis phoebe,2026-04-28T09:03:06Z,28-Apr-2026,05:03:06,0.99,1
Eastern Phoebe,Sayornis phoebe,2026-04-28T09:03:00Z,28-Apr-2026,05:03:00,0.99,1
Eastern Phoebe,Sayornis phoebe,2026-04-28T09:02:53Z,28-Apr-2026,05:02:53,0.99,1
Eastern Phoebe,Sayornis phoebe,2026-04-28T09:02:47Z,28-Apr-2026,05:02:47,0.99,1
Eastern Phoebe,Sayornis phoebe,2026-04-28T09:02:40Z,28-Apr-2026,05:02:40,0.99,1
Eastern Phoebe,Sayornis phoebe,2026-04-28T09:02:34Z,28-Apr-2026,05:02:34,0.99,1
Eastern Phoebe,Sayornis phoebe,2026-04-28T09:02:27Z,28-Apr-2026,05:02:27,0.99,1
Eastern Phoebe,Sayornis phoebe,2026-04-28T09:02:21Z,28-Apr-2026,05:02:21,0.99,1
Eastern Phoebe,Sayornis phoebe,2026-04-28T09:02:15Z,28-Apr-2026,05:02:15,0.99,1
Eastern Phoebe,Sayornis phoebe,2026-04-28T09:02:08Z,28-Apr-2026,05:02:08,0.99,1
Eastern Phoebe,Sayornis phoebe,2026-04-28T09:02:01Z,28-Apr-2026,05:02:01,0.99,1
Eastern Phoebe,Sayornis phoebe,2026-04-28T09:01:55Z,28-Apr-2026,05:01:55,0.99,1
Eastern Phoebe,Sayornis phoebe,2026-04-28T09:01:48Z,28-Apr-2026,05:01:48,0.99,1
Eastern Phoebe,Sayornis phoebe,2026-04-28T09:01:42Z,28-Apr-2026,05:01:42,0.99,1
Eastern Phoebe,Sayornis phoebe,2026-04-28T09:01:35Z,28-Apr-2026,05:01:35,0.99,1
Eastern Phoebe,Sayornis phoebe,2026-04-28T09:01:29Z,28-Apr-2026,05:01:29,0.98,1
Eastern Phoebe,Sayornis phoebe,2026-04-28T09:01:22Z,28-Apr-2026,05:01:22,0.99,1
Eastern Phoebe,Sayornis phoebe,2026-04-28T09:01:16Z,28-Apr-2026,05:01:16,0.99,1
Eastern Phoebe,Sayornis phoebe,2026-04-28T09:01:09Z,28-Apr-2026,05:01:09,0.99,1
Eastern Phoebe,Sayornis phoebe,2026-04-28T09:01:03Z,28-Apr-2026,05:01:03,0.98,1
Eastern Phoebe,Sayornis phoebe,2026-04-28T09:00:56Z,28-Apr-2026,05:00:56,0.97,1
Eastern Phoebe,Sayornis phoebe,2026-04-28T09:00:50Z,28-Apr-2026,05:00:50,0.99,1
Eastern Phoebe,Sayornis phoebe,2026-04-28T09:00:43Z,28-Apr-2026,05:00:43,0.99,1
Eastern Phoebe,Sayornis phoebe,2026-04-28T09:00:37Z,28-Apr-2026,05:00:37,0.99,1
Eastern Phoebe,Sayornis phoebe,2026-04-28T09:00:30Z,28-Apr-2026,05:00:30,0.99,1
Eastern Phoebe,Sayornis phoebe,2026-04-28T09:00:24Z,28-Apr-2026,05:00:24,0.99,1
Eastern Phoebe,Sayornis phoebe,2026-04-28T09:00:17Z,28-Apr-2026,05:00:17,0.99,1
Eastern Phoebe,Sayornis phoebe,2026-04-28T09:00:11Z,28-Apr-2026,05:00:11,0.99,1
Eastern Phoebe,Sayornis phoebe,2026-04-28T09:00:04Z,28-Apr-2026,05:00:04,0.99,1
Eastern Phoebe,Sayornis phoebe,2026-04-28T08:59:57Z,28-Apr-2026,04:59:57,0.99,1
Eastern Phoebe,Sayornis phoebe,2026-04-28T08:59:50Z,28-Apr-2026,04:59:50,0.99,1
Eastern Phoebe,Sayornis phoebe,2026-04-28T08:59:44Z,28-Apr-2026,04:59:44,0.99,1
Eastern Phoebe,Sayornis phoebe,2026-04-28T08:59:37Z,28-Apr-2026,04:59:37,0.99,1
Eastern Phoebe,Sayornis phoebe,2026-04-28T08:59:31Z,28-Apr-2026,04:59:31,0.99,1
Eastern Phoebe,Sayornis phoebe,2026-04-28T08:59:24Z,28-Apr-2026,04:59:24,0.99,1
Eastern Phoebe,Sayornis phoebe,2026-04-28T08:59:18Z,28-Apr-2026,04:59:18,0.99,1
Eastern Phoebe,Sayornis phoebe,2026-04-28T08:59:11Z,28-Apr-2026,04:59:11,0.99,1
Eastern Phoebe,Sayornis phoebe,2026-04-28T08:59:05Z,28-Apr-2026,04:59:05,0.99,1
Eastern Phoebe,Sayornis phoebe,2026-04-28T08:58:58Z,28-Apr-2026,04:58:58,0.99,1
Eastern Phoebe,Sayornis phoebe,2026-04-28T08:58:52Z,28-Apr-2026,04:58:52,0.96,1
Eastern Phoebe,Sayornis phoebe,2026-04-28T08:58:45Z,28-Apr-2026,04:58:45,0.99,1
Eastern Phoebe,Sayornis phoebe,2026-04-28T08:58:39Z,28-Apr-2026,04:58:39,0.99,1
Eastern Phoebe,Sayornis phoebe,2026-04-28T08:58:32Z,28-Apr-2026,04:58:32,0.99,1
Eastern Phoebe,Sayornis phoebe,2026-04-28T08:58:26Z,28-Apr-2026,04:58:26,0.98,1
Eastern Phoebe,Sayornis phoebe,2026-04-28T08:58:19Z,28-Apr-2026,04:58:19,0.99,1
Eastern Phoebe,Sayornis phoebe,2026-04-28T08:58:13Z,28-Apr-2026,04:58:13,0.97,1
Eastern Phoebe,Sayornis phoebe,2026-04-28T08:58:06Z,28-Apr-2026,04:58:06,0.99,1
Eastern Phoebe,Sayornis phoebe,2026-04-28T08:58:00Z,28-Apr-2026,04:58:00,0.99,1
Eastern Phoebe,Sayornis phoebe,2026-04-28T08:57:54Z,28-Apr-2026,04:57:54,0.99,1
Eastern Phoebe,Sayornis phoebe,2026-04-28T08:57:47Z,28-Apr-2026,04:57:47,0.98,1
Eastern Phoebe,Sayornis phoebe,2026-04-28T08:57:40Z,28-Apr-2026,04:57:40,0.99,1
Eastern Phoebe,Sayornis phoebe,2026-04-28T08:57:33Z,28-Apr-2026,04:57:33,0.99,1
Eastern Phoebe,Sayornis phoebe,2026-04-28T08:57:27Z,28-Apr-2026,04:57:27,0.98,1
Eastern Phoebe,Sayornis phoebe,2026-04-28T08:57:20Z,28-Apr-2026,04:57:20,0.99,1
Eastern Phoebe,Sayornis phoebe,2026-04-28T08:57:14Z,28-Apr-2026,04:57:14,0.99,1
Eastern Phoebe,Sayornis phoebe,2026-04-28T08:57:08Z,28-Apr-2026,04:57:08,0.99,1
Eastern Phoebe,Sayornis phoebe,2026-04-28T08:57:01Z,28-Apr-2026,04:57:01,0.99,1
Eastern Phoebe,Sayornis phoebe,2026-04-28T08:56:55Z,28-Apr-2026,04:56:55,0.99,1
Eastern Phoebe,Sayornis phoebe,2026-04-28T08:56:48Z,28-Apr-2026,04:56:48,0.99,1
Eastern Phoebe,Sayornis phoebe,2026-04-28T08:56:42Z,28-Apr-2026,04:56:42,0.99,1
Eastern Phoebe,Sayornis phoebe,2026-04-28T08:56:35Z,28-Apr-2026,04:56:35,0.98,1
Eastern Phoebe,Sayornis phoebe,2026-04-28T08:56:29Z,28-Apr-2026,04:56:29,0.99,1
Eastern Phoebe,Sayornis phoebe,2026-04-28T08:56:22Z,28-Apr-2026,04:56:22,0.99,1
Eastern Phoebe,Sayornis phoebe,2026-04-28T08:56:16Z,28-Apr-2026,04:56:16,0.98,1
Eastern Phoebe,Sayornis phoebe,2026-04-28T08:56:09Z,28-Apr-2026,04:56:09,0.99,1
Eastern Phoebe,Sayornis phoebe,2026-04-28T08:56:02Z,28-Apr-2026,04:56:02,0.99,1
Eastern Phoebe,Sayornis phoebe,2026-04-28T08:55:56Z,28-Apr-2026,04:55:56,0.99,1
Eastern Phoebe,Sayornis phoebe,2026-04-28T08:55:49Z,28-Apr-2026,04:55:49,0.99,1
Eastern Phoebe,Sayornis phoebe,2026-04-28T08:55:43Z,28-Apr-2026,04:55:43,0.99,1
Eastern Phoebe,Sayornis phoebe,2026-04-28T08:55:36Z,28-Apr-2026,04:55:36,0.99,1
Eastern Phoebe,Sayornis phoebe,2026-04-28T08:55:30Z,28-Apr-2026,04:55:30,0.87,1
Eastern Phoebe,Sayornis phoebe,2026-04-28T08:55:23Z,28-Apr-2026,04:55:23,0.99,1
Eastern Phoebe,Sayornis phoebe,2026-04-28T08:55:17Z,28-Apr-2026,04:55:17,0.98,1
Eastern Phoebe,Sayornis phoebe,2026-04-28T08:55:11Z,28-Apr-2026,04:55:11,0.98,1
Eastern Phoebe,Sayornis phoebe,2026-04-28T08:55:04Z,28-Apr-2026,04:55:04,0.98,1
Eastern Phoebe,Sayornis phoebe,2026-04-28T08:54:57Z,28-Apr-2026,04:54:57,0.96,1
Eastern Phoebe,Sayornis phoebe,2026-04-28T08:54:51Z,28-Apr-2026,04:54:51,0.97,1
Eastern Phoebe,Sayornis phoebe,2026-04-28T08:54:44Z,28-Apr-2026,04:54:44,0.97,1
Eastern Phoebe,Sayornis phoebe,2026-04-28T08:54:38Z,28-Apr-2026,04:54:38,0.96,1
Eastern Phoebe,Sayornis phoebe,2026-04-28T08:54:32Z,28-Apr-2026,04:54:32,0.99,1
Eastern Phoebe,Sayornis phoebe,2026-04-28T08:54:25Z,28-Apr-2026,04:54:25,0.99,1
Eastern Phoebe,Sayornis phoebe,2026-04-28T08:54:19Z,28-Apr-2026,04:54:19,0.99,1
Eastern Phoebe,Sayornis phoebe,2026-04-28T08:54:12Z,28-Apr-2026,04:54:12,0.98,1
Eastern Phoebe,Sayornis phoebe,2026-04-28T08:54:06Z,28-Apr-2026,04:54:06,0.98,1
Eastern Phoebe,Sayornis phoebe,2026-04-28T08:53:59Z,28-Apr-2026,04:53:59,0.99,1
Eastern Phoebe,Sayornis phoebe,2026-04-28T08:53:53Z,28-Apr-2026,04:53:53,0.98,1
Eastern Phoebe,Sayornis phoebe,2026-04-28T08:53:46Z,28-Apr-2026,04:53:46,0.98,1
Eastern Phoebe,Sayornis phoebe,2026-04-28T08:53:40Z,28-Apr-2026,04:53:40,0.98,1
Eastern Phoebe,Sayornis phoebe,2026-04-28T08:53:33Z,28-Apr-2026,04:53:33,0.98,1
Eastern Phoebe,Sayornis phoebe,2026-04-28T08:53:26Z,28-Apr-2026,04:53:26,0.99,1
Eastern Phoebe,Sayornis phoebe,2026-04-28T08:53:20Z,28-Apr-2026,04:53:20,0.97,1
Eastern Phoebe,Sayornis phoebe,2026-04-28T08:53:13Z,28-Apr-2026,04:53:13,0.98,1
Eastern Phoebe,Sayornis phoebe,2026-04-28T08:53:06Z,28-Apr-2026,04:53:06,0.97,1
Eastern Phoebe,Sayornis phoebe,2026-04-28T08:52:59Z,28-Apr-2026,04:52:59,0.99,1
Eastern Phoebe,Sayornis phoebe,2026-04-28T08:52:53Z,28-Apr-2026,04:52:53,0.97,1
Eastern Phoebe,Sayornis phoebe,2026-04-28T08:52:46Z,28-Apr-2026,04:52:46,0.97,1
Eastern Phoebe,Sayornis phoebe,2026-04-28T08:52:40Z,28-Apr-2026,04:52:40,0.97,1
Eastern Phoebe,Sayornis phoebe,2026-04-28T08:52:33Z,28-Apr-2026,04:52:33,0.82,1
Eastern Phoebe,Sayornis phoebe,2026-04-28T08:52:26Z,28-Apr-2026,04:52:26,0.84,1
Gray Catbird,Dumetella carolinensis,2026-04-28T08:52:10Z,28-Apr-2026,04:52:10,0.9098,1
Eastern Phoebe,Sayornis phoebe,2026-04-28T08:52:04Z,28-Apr-2026,04:52:04,0.98,1
Eastern Phoebe,Sayornis phoebe,2026-04-28T08:51:51Z,28-Apr-2026,04:51:51,0.98,1
Eastern Phoebe,Sayornis phoebe,2026-04-28T08:51:45Z,28-Apr-2026,04:51:45,0.98,1
Eastern Phoebe,Sayornis phoebe,2026-04-28T08:51:38Z,28-Apr-2026,04:51:38,0.97,1
Eastern Phoebe,Sayornis phoebe,2026-04-28T08:51:32Z,28-Apr-2026,04:51:32,0.97,1
Eastern Phoebe,Sayornis phoebe,2026-04-28T08:51:26Z,28-Apr-2026,04:51:26,0.98,1
Eastern Phoebe,Sayornis phoebe,2026-04-28T08:51:19Z,28-Apr-2026,04:51:19,0.93,1
Eastern Phoebe,Sayornis phoebe,2026-04-28T08:51:07Z,28-Apr-2026,04:51:07,0.95,1
American Robin,Turdus migratorius,2026-04-28T08:51:03Z,28-Apr-2026,04:51:03,0.8157,1
Eastern Phoebe,Sayornis phoebe,2026-04-28T08:50:50Z,28-Apr-2026,04:50:50,0.95,1
Eastern Phoebe,Sayornis phoebe,2026-04-28T08:50:44Z,28-Apr-2026,04:50:44,0.98,1
Eastern Phoebe,Sayornis phoebe,2026-04-28T08:50:38Z,28-Apr-2026,04:50:38,0.97,1
Eastern Phoebe,Sayornis phoebe,2026-04-28T08:50:31Z,28-Apr-2026,04:50:31,0.98,1
Eastern Phoebe,Sayornis phoebe,2026-04-28T08:50:25Z,28-Apr-2026,04:50:25,0.99,1
Eastern Phoebe,Sayornis phoebe,2026-04-28T08:50:19Z,28-Apr-2026,04:50:19,0.98,1
Eastern Phoebe,Sayornis phoebe,2026-04-28T08:50:12Z,28-Apr-2026,04:50:12,0.47,1
Eastern Phoebe,Sayornis phoebe,2026-04-28T08:50:06Z,28-Apr-2026,04:50:06,0.95,1
Eastern Phoebe,Sayornis phoebe,2026-04-28T08:49:59Z,28-Apr-2026,04:49:59,0.95,1
Eastern Phoebe,Sayornis phoebe,2026-04-28T08:49:53Z,28-Apr-2026,04:49:53,0.98,1
Eastern Phoebe,Sayornis phoebe,2026-04-28T08:49:47Z,28-Apr-2026,04:49:47,0.94,1
Eastern Phoebe,Sayornis phoebe,2026-04-28T08:49:40Z,28-Apr-2026,04:49:40,0.96,1
Eastern Phoebe,Sayornis phoebe,2026-04-28T08:49:34Z,28-Apr-2026,04:49:34,0.98,1
Eastern Phoebe,Sayornis phoebe,2026-04-28T08:49:27Z,28-Apr-2026,04:49:27,0.94,1
Eastern Phoebe,Sayornis phoebe,2026-04-28T08:49:20Z,28-Apr-2026,04:49:20,0.95,1
Eastern Phoebe,Sayornis phoebe,2026-04-28T08:49:14Z,28-Apr-2026,04:49:14,0.98,1
Eastern Phoebe,Sayornis phoebe,2026-04-28T08:49:07Z,28-Apr-2026,04:49:07,0.87,1
Eastern Phoebe,Sayornis phoebe,2026-04-28T08:49:01Z,28-Apr-2026,04:49:01,0.98,1
Eastern Phoebe,Sayornis phoebe,2026-04-28T08:48:55Z,28-Apr-2026,04:48:55,0.92,1
Eastern Phoebe,Sayornis phoebe,2026-04-28T08:48:48Z,28-Apr-2026,04:48:48,0.93,1
Eastern Phoebe,Sayornis phoebe,2026-04-28T08:48:41Z,28-Apr-2026,04:48:41,0.57,1
Eastern Phoebe,Sayornis phoebe,2026-04-28T08:48:35Z,28-Apr-2026,04:48:35,0.53,1
Eastern Phoebe,Sayornis phoebe,2026-04-28T08:48:28Z,28-Apr-2026,04:48:28,0.94,1
American Woodcock,Scolopax minor,2026-04-28T08:48:22Z,28-Apr-2026,04:48:22,0.76,1
Eastern Phoebe,Sayornis phoebe,2026-04-28T08:48:16Z,28-Apr-2026,04:48:16,0.26,1
American Robin,Turdus migratorius,2026-04-28T08:47:28Z,28-Apr-2026,04:47:28,0.8157,1
American Woodcock,Scolopax minor,2026-04-28T08:47:22Z,28-Apr-2026,04:47:22,0.33,1
American Woodcock,Scolopax minor,2026-04-28T08:47:02Z,28-Apr-2026,04:47:02,0.78,1
American Woodcock,Scolopax minor,2026-04-28T08:46:55Z,28-Apr-2026,04:46:55,0.64,1
American Woodcock,Scolopax minor,2026-04-28T08:46:43Z,28-Apr-2026,04:46:43,0.85,1
American Woodcock,Scolopax minor,2026-04-28T08:46:37Z,28-Apr-2026,04:46:37,0.86,1
American Woodcock,Scolopax minor,2026-04-28T08:46:27Z,28-Apr-2026,04:46:27,0.6,1
American Woodcock,Scolopax minor,2026-04-28T08:46:21Z,28-Apr-2026,04:46:21,0.79,1
American Woodcock,Scolopax minor,2026-04-28T08:46:15Z,28-Apr-2026,04:46:15,0.8,1
Eastern Phoebe,Sayornis phoebe,2026-04-28T08:46:08Z,28-Apr-2026,04:46:08,0.67,1
American Woodcock,Scolopax minor,2026-04-28T08:46:02Z,28-Apr-2026,04:46:02,0.66,1
American Woodcock,Scolopax minor,2026-04-28T08:44:34Z,28-Apr-2026,04:44:34,0.29,1
American Woodcock,Scolopax minor,2026-04-28T08:44:21Z,28-Apr-2026,04:44:21,0.27,1
American Woodcock,Scolopax minor,2026-04-28T08:43:55Z,28-Apr-2026,04:43:55,0.58,1
American Woodcock,Scolopax minor,2026-04-28T08:42:54Z,28-Apr-2026,04:42:54,0.77,1
American Woodcock,Scolopax minor,2026-04-28T08:42:20Z,28-Apr-2026,04:42:20,0.75,1
American Woodcock,Scolopax minor,2026-04-28T08:41:52Z,28-Apr-2026,04:41:52,0.93,1
American Woodcock,Scolopax minor,2026-04-28T08:41:46Z,28-Apr-2026,04:41:46,0.64,1
American Woodcock,Scolopax minor,2026-04-28T08:41:13Z,28-Apr-2026,04:41:13,0.83,1
American Woodcock,Scolopax minor,2026-04-28T08:40:24Z,28-Apr-2026,04:40:24,0.67,1
American Woodcock,Scolopax minor,2026-04-28T08:40:18Z,28-Apr-2026,04:40:18,0.76,1
American Woodcock,Scolopax minor,2026-04-28T08:39:52Z,28-Apr-2026,04:39:52,0.76,1
Mourning Dove,Zenaida macroura,2026-04-28T08:39:37Z,28-Apr-2026,04:39:37,0.8471,1
American Woodcock,Scolopax minor,2026-04-28T08:39:24Z,28-Apr-2026,04:39:24,0.27,1
American Woodcock,Scolopax minor,2026-04-28T08:39:06Z,28-Apr-2026,04:39:06,0.66,1
American Woodcock,Scolopax minor,2026-04-28T08:37:44Z,28-Apr-2026,04:37:44,0.33,1
American Woodcock,Scolopax minor,2026-04-28T08:37:13Z,28-Apr-2026,04:37:13,0.43,1
American Woodcock,Scolopax minor,2026-04-28T08:36:54Z,28-Apr-2026,04:36:54,0.75,1
American Woodcock,Scolopax minor,2026-04-28T08:36:05Z,28-Apr-2026,04:36:05,0.88,1
American Woodcock,Scolopax minor,2026-04-28T08:35:59Z,28-Apr-2026,04:35:59,0.85,1
American Woodcock,Scolopax minor,2026-04-28T08:35:47Z,28-Apr-2026,04:35:47,0.63,1
American Woodcock,Scolopax minor,2026-04-28T08:35:40Z,28-Apr-2026,04:35:40,0.78,1
American Woodcock,Scolopax minor,2026-04-28T08:34:53Z,28-Apr-2026,04:34:53,0.85,1
American Woodcock,Scolopax minor,2026-04-28T08:33:58Z,28-Apr-2026,04:33:58,0.82,1
American Woodcock,Scolopax minor,2026-04-28T08:33:51Z,28-Apr-2026,04:33:51,0.91,1
American Woodcock,Scolopax minor,2026-04-28T08:33:25Z,28-Apr-2026,04:33:25,0.91,1
American Woodcock,Scolopax minor,2026-04-28T08:33:03Z,28-Apr-2026,04:33:03,0.6,1
American Woodcock,Scolopax minor,2026-04-28T08:32:47Z,28-Apr-2026,04:32:47,0.8,1
American Woodcock,Scolopax minor,2026-04-28T08:32:19Z,28-Apr-2026,04:32:19,0.83,1
American Woodcock,Scolopax minor,2026-04-28T08:32:06Z,28-Apr-2026,04:32:06,0.48,1
American Woodcock,Scolopax minor,2026-04-28T08:31:35Z,28-Apr-2026,04:31:35,0.77,1
American Woodcock,Scolopax minor,2026-04-28T08:31:29Z,28-Apr-2026,04:31:29,0.78,1
American Woodcock,Scolopax minor,2026-04-28T08:31:23Z,28-Apr-2026,04:31:23,0.84,1
American Woodcock,Scolopax minor,2026-04-28T08:31:13Z,28-Apr-2026,04:31:13,0.53,1
American Woodcock,Scolopax minor,2026-04-28T08:30:53Z,28-Apr-2026,04:30:53,0.45,1
American Woodcock,Scolopax minor,2026-04-28T08:30:43Z,28-Apr-2026,04:30:43,0.93,1
American Woodcock,Scolopax minor,2026-04-28T08:30:32Z,28-Apr-2026,04:30:32,0.55,1
American Woodcock,Scolopax minor,2026-04-28T08:30:14Z,28-Apr-2026,04:30:14,0.75,1
American Woodcock,Scolopax minor,2026-04-28T08:29:56Z,28-Apr-2026,04:29:56,0.33,1
American Woodcock,Scolopax minor,2026-04-28T08:29:49Z,28-Apr-2026,04:29:49,0.37,1
American Woodcock,Scolopax minor,2026-04-28T08:28:55Z,28-Apr-2026,04:28:55,0.61,1
American Woodcock,Scolopax minor,2026-04-28T08:28:43Z,28-Apr-2026,04:28:43,0.28,1
American Woodcock,Scolopax minor,2026-04-28T08:28:30Z,28-Apr-2026,04:28:30,0.68,1
American Woodcock,Scolopax minor,2026-04-28T08:28:11Z,28-Apr-2026,04:28:11,0.54,1
American Woodcock,Scolopax minor,2026-04-28T08:27:50Z,28-Apr-2026,04:27:50,0.83,1
American Woodcock,Scolopax minor,2026-04-28T08:27:37Z,28-Apr-2026,04:27:37,0.48,1
American Woodcock,Scolopax minor,2026-04-28T08:27:25Z,28-Apr-2026,04:27:25,0.75,1
American Woodcock,Scolopax minor,2026-04-28T08:27:19Z,28-Apr-2026,04:27:19,0.89,1
American Woodcock,Scolopax minor,2026-04-28T08:26:41Z,28-Apr-2026,04:26:41,0.86,1
American Woodcock,Scolopax minor,2026-04-28T08:26:35Z,28-Apr-2026,04:26:35,0.46,1
American Woodcock,Scolopax minor,2026-04-28T08:26:22Z,28-Apr-2026,04:26:22,0.62,1
American Woodcock,Scolopax minor,2026-04-28T08:26:06Z,28-Apr-2026,04:26:06,0.89,1
American Woodcock,Scolopax minor,2026-04-28T08:25:59Z,28-Apr-2026,04:25:59,0.75,1
American Woodcock,Scolopax minor,2026-04-28T08:25:46Z,28-Apr-2026,04:25:46,0.62,1
American Woodcock,Scolopax minor,2026-04-28T08:25:34Z,28-Apr-2026,04:25:34,0.4,1
American Woodcock,Scolopax minor,2026-04-28T08:24:57Z,28-Apr-2026,04:24:57,0.54,1
American Woodcock,Scolopax minor,2026-04-28T08:24:44Z,28-Apr-2026,04:24:44,0.36,1
American Woodcock,Scolopax minor,2026-04-28T08:23:16Z,28-Apr-2026,04:23:16,0.71,1
Yellow-rumped Warbler,Setophaga coronata,2026-04-28T07:05:10Z,28-Apr-2026,03:05:10,0.26,1
Barred Owl,Strix varia,2026-04-28T06:47:09Z,28-Apr-2026,02:47:09,0.36,1
American Woodcock,Scolopax minor,2026-04-28T06:25:13Z,28-Apr-2026,02:25:13,0.6,1
Barred Owl,Strix varia,2026-04-28T06:12:23Z,28-Apr-2026,02:12:23,0.92,1
Barred Owl,Strix varia,2026-04-28T06:11:52Z,28-Apr-2026,02:11:52,0.94,1
American Woodcock,Scolopax minor,2026-04-28T05:58:27Z,28-Apr-2026,01:58:27,0.31,1
American Woodcock,Scolopax minor,2026-04-28T05:38:58Z,28-Apr-2026,01:38:58,0.3,1
Northern Cardinal,Cardinalis cardinalis,2026-04-28T05:32:54Z,28-Apr-2026,01:32:54,0.7804,1
American Woodcock,Scolopax minor,2026-04-28T05:28:22Z,28-Apr-2026,01:28:22,0.45,1
American Woodcock,Scolopax minor,2026-04-28T05:28:03Z,28-Apr-2026,01:28:03,0.61,1
Northern Cardinal,Cardinalis cardinalis,2026-04-28T05:26:54Z,28-Apr-2026,01:26:54,0.8745,1
American Woodcock,Scolopax minor,2026-04-28T05:21:42Z,28-Apr-2026,01:21:42,0.56,1
American Woodcock,Scolopax minor,2026-04-28T05:09:36Z,28-Apr-2026,01:09:36,0.57,1
Barred Owl,Strix varia,2026-04-28T05:01:14Z,28-Apr-2026,01:01:14,0.27,1
American Woodcock,Scolopax minor,2026-04-28T04:59:48Z,28-Apr-2026,00:59:48,0.46,1
Barred Owl,Strix varia,2026-04-28T04:57:52Z,28-Apr-2026,00:57:52,0.76,1
American Woodcock,Scolopax minor,2026-04-28T04:54:22Z,28-Apr-2026,00:54:22,0.63,1
American Woodcock,Scolopax minor,2026-04-28T04:53:46Z,28-Apr-2026,00:53:46,0.86,1
American Woodcock,Scolopax minor,2026-04-28T04:53:25Z,28-Apr-2026,00:53:25,0.82,1
American Woodcock,Scolopax minor,2026-04-28T04:53:18Z,28-Apr-2026,00:53:18,0.35,1
American Woodcock,Scolopax minor,2026-04-28T04:52:42Z,28-Apr-2026,00:52:42,0.6,1
American Woodcock,Scolopax minor,2026-04-28T04:51:58Z,28-Apr-2026,00:51:58,0.29,1
Barred Owl,Strix varia,2026-04-28T04:51:46Z,28-Apr-2026,00:51:46,0.32,1
American Woodcock,Scolopax minor,2026-04-28T04:51:11Z,28-Apr-2026,00:51:11,0.67,1
American Woodcock,Scolopax minor,2026-04-28T04:49:59Z,28-Apr-2026,00:49:59,0.41,1
American Woodcock,Scolopax minor,2026-04-28T04:49:13Z,28-Apr-2026,00:49:13,0.28,1
American Woodcock,Scolopax minor,2026-04-28T04:49:07Z,28-Apr-2026,00:49:07,0.74,1
American Woodcock,Scolopax minor,2026-04-28T04:48:48Z,28-Apr-2026,00:48:48,0.73,1
American Woodcock,Scolopax minor,2026-04-28T04:48:42Z,28-Apr-2026,00:48:42,0.8,1
American Woodcock,Scolopax minor,2026-04-28T04:48:20Z,28-Apr-2026,00:48:20,0.92,1
American Woodcock,Scolopax minor,2026-04-28T04:48:13Z,28-Apr-2026,00:48:13,0.71,1
American Woodcock,Scolopax minor,2026-04-28T04:47:51Z,28-Apr-2026,00:47:51,0.45,1
American Woodcock,Scolopax minor,2026-04-28T04:47:42Z,28-Apr-2026,00:47:42,0.51,1
American Woodcock,Scolopax minor,2026-04-28T04:47:36Z,28-Apr-2026,00:47:36,0.27,1
American Woodcock,Scolopax minor,2026-04-28T04:47:23Z,28-Apr-2026,00:47:23,0.81,1
American Woodcock,Scolopax minor,2026-04-28T04:47:17Z,28-Apr-2026,00:47:17,0.62,1
American Woodcock,Scolopax minor,2026-04-28T04:46:37Z,28-Apr-2026,00:46:37,0.86,1
American Woodcock,Scolopax minor,2026-04-28T04:46:24Z,28-Apr-2026,00:46:24,0.55,1
American Woodcock,Scolopax minor,2026-04-28T04:46:13Z,28-Apr-2026,00:46:13,0.9,1
American Woodcock,Scolopax minor,2026-04-28T04:45:34Z,28-Apr-2026,00:45:34,0.95,1
American Woodcock,Scolopax minor,2026-04-28T04:45:28Z,28-Apr-2026,00:45:28,0.95,1
American Woodcock,Scolopax minor,2026-04-28T04:45:21Z,28-Apr-2026,00:45:21,0.81,1
American Woodcock,Scolopax minor,2026-04-28T04:45:14Z,28-Apr-2026,00:45:14,0.91,1
American Woodcock,Scolopax minor,2026-04-28T04:45:02Z,28-Apr-2026,00:45:02,0.61,1
American Woodcock,Scolopax minor,2026-04-28T04:44:55Z,28-Apr-2026,00:44:55,0.67,1
American Woodcock,Scolopax minor,2026-04-28T04:44:49Z,28-Apr-2026,00:44:49,0.63,1
American Woodcock,Scolopax minor,2026-04-28T04:44:39Z,28-Apr-2026,00:44:39,0.83,1
American Woodcock,Scolopax minor,2026-04-28T04:44:09Z,28-Apr-2026,00:44:09,0.87,1
American Woodcock,Scolopax minor,2026-04-28T04:43:57Z,28-Apr-2026,00:43:57,0.9,1
American Woodcock,Scolopax minor,2026-04-28T04:41:49Z,28-Apr-2026,00:41:49,0.96,1
American Woodcock,Scolopax minor,2026-04-28T04:40:57Z,28-Apr-2026,00:40:57,0.59,1
American Woodcock,Scolopax minor,2026-04-28T04:40:32Z,28-Apr-2026,00:40:32,0.9,1
American Woodcock,Scolopax minor,2026-04-28T04:40:13Z,28-Apr-2026,00:40:13,0.48,1
American Woodcock,Scolopax minor,2026-04-28T04:40:07Z,28-Apr-2026,00:40:07,0.74,1
American Woodcock,Scolopax minor,2026-04-28T04:40:01Z,28-Apr-2026,00:40:01,0.58,1
American Woodcock,Scolopax minor,2026-04-28T04:39:06Z,28-Apr-2026,00:39:06,0.34,1
American Woodcock,Scolopax minor,2026-04-28T04:38:56Z,28-Apr-2026,00:38:56,0.49,1
American Woodcock,Scolopax minor,2026-04-28T04:38:47Z,28-Apr-2026,00:38:47,0.47,1
American Woodcock,Scolopax minor,2026-04-28T04:38:37Z,28-Apr-2026,00:38:37,0.71,1
American Woodcock,Scolopax minor,2026-04-28T04:38:31Z,28-Apr-2026,00:38:31,0.81,1
American Woodcock,Scolopax minor,2026-04-28T04:38:19Z,28-Apr-2026,00:38:19,0.74,1
American Woodcock,Scolopax minor,2026-04-28T04:38:06Z,28-Apr-2026,00:38:06,0.81,1
American Woodcock,Scolopax minor,2026-04-28T04:36:33Z,28-Apr-2026,00:36:33,0.77,1
American Woodcock,Scolopax minor,2026-04-28T04:34:27Z,28-Apr-2026,00:34:27,0.51,1
American Woodcock,Scolopax minor,2026-04-28T04:33:35Z,28-Apr-2026,00:33:35,0.38,1
American Woodcock,Scolopax minor,2026-04-28T04:33:20Z,28-Apr-2026,00:33:20,0.78,1
American Woodcock,Scolopax minor,2026-04-28T04:33:13Z,28-Apr-2026,00:33:13,0.93,1
American Woodcock,Scolopax minor,2026-04-28T04:31:30Z,28-Apr-2026,00:31:30,0.28,1
American Woodcock,Scolopax minor,2026-04-28T04:12:36Z,28-Apr-2026,00:12:36,0.54,1
American Woodcock,Scolopax minor,2026-04-28T04:11:13Z,28-Apr-2026,00:11:13,0.83,1
American Woodcock,Scolopax minor,2026-04-28T04:11:00Z,28-Apr-2026,00:11:00,0.52,1
American Woodcock,Scolopax minor,2026-04-28T04:10:51Z,28-Apr-2026,00:10:51,0.56,1
American Woodcock,Scolopax minor,2026-04-28T04:09:07Z,28-Apr-2026,00:09:07,0.73,1
American Woodcock,Scolopax minor,2026-04-28T04:08:57Z,28-Apr-2026,00:08:57,0.89,1
American Woodcock,Scolopax minor,2026-04-28T04:08:20Z,28-Apr-2026,00:08:20,0.6,1
American Woodcock,Scolopax minor,2026-04-28T04:08:02Z,28-Apr-2026,00:08:02,0.85,1
American Woodcock,Scolopax minor,2026-04-28T04:06:48Z,28-Apr-2026,00:06:48,0.58,1
American Woodcock,Scolopax minor,2026-04-28T04:05:25Z,28-Apr-2026,00:05:25,0.64,1
American Woodcock,Scolopax minor,2026-04-28T04:05:18Z,28-Apr-2026,00:05:18,0.67,1
American Woodcock,Scolopax minor,2026-04-28T04:03:23Z,28-Apr-2026,00:03:23,0.54,1
American Woodcock,Scolopax minor,2026-04-28T03:30:03Z,27-Apr-2026,23:30:03,0.47,1
American Woodcock,Scolopax minor,2026-04-28T03:29:41Z,27-Apr-2026,23:29:41,0.92,1
American Woodcock,Scolopax minor,2026-04-28T03:29:19Z,27-Apr-2026,23:29:19,0.74,1
American Woodcock,Scolopax minor,2026-04-28T03:28:49Z,27-Apr-2026,23:28:49,0.45,1
American Woodcock,Scolopax minor,2026-04-28T03:24:57Z,27-Apr-2026,23:24:57,0.64,1
American Woodcock,Scolopax minor,2026-04-28T03:24:51Z,27-Apr-2026,23:24:51,0.43,1
American Woodcock,Scolopax minor,2026-04-28T03:24:30Z,27-Apr-2026,23:24:30,0.4,1
American Woodcock,Scolopax minor,2026-04-28T03:20:35Z,27-Apr-2026,23:20:35,0.86,1
American Woodcock,Scolopax minor,2026-04-28T03:19:02Z,27-Apr-2026,23:19:02,0.89,1
American Woodcock,Scolopax minor,2026-04-28T03:18:55Z,27-Apr-2026,23:18:55,0.4,1
American Woodcock,Scolopax minor,2026-04-28T03:18:33Z,27-Apr-2026,23:18:33,0.34,1
American Woodcock,Scolopax minor,2026-04-28T03:18:21Z,27-Apr-2026,23:18:21,0.66,1
American Woodcock,Scolopax minor,2026-04-28T03:17:02Z,27-Apr-2026,23:17:02,0.47,1
American Woodcock,Scolopax minor,2026-04-28T03:15:50Z,27-Apr-2026,23:15:50,0.57,1
American Woodcock,Scolopax minor,2026-04-28T03:15:37Z,27-Apr-2026,23:15:37,0.51,1
American Woodcock,Scolopax minor,2026-04-28T03:15:15Z,27-Apr-2026,23:15:15,0.32,1
American Woodcock,Scolopax minor,2026-04-28T03:13:36Z,27-Apr-2026,23:13:36,0.54,1
American Woodcock,Scolopax minor,2026-04-28T03:11:24Z,27-Apr-2026,23:11:24,0.3,1
American Woodcock,Scolopax minor,2026-04-28T03:09:02Z,27-Apr-2026,23:09:02,0.33,1
American Woodcock,Scolopax minor,2026-04-28T03:08:21Z,27-Apr-2026,23:08:21,0.37,1
American Woodcock,Scolopax minor,2026-04-28T03:04:22Z,27-Apr-2026,23:04:22,0.56,1
American Woodcock,Scolopax minor,2026-04-28T03:03:25Z,27-Apr-2026,23:03:25,0.67,1
American Woodcock,Scolopax minor,2026-04-28T03:03:07Z,27-Apr-2026,23:03:07,0.49,1
American Woodcock,Scolopax minor,2026-04-28T03:01:40Z,27-Apr-2026,23:01:40,0.3,1
American Woodcock,Scolopax minor,2026-04-28T03:01:34Z,27-Apr-2026,23:01:34,0.39,1
Killdeer,Charadrius vociferus,2026-04-28T03:01:28Z,27-Apr-2026,23:01:28,0.75,1
American Woodcock,Scolopax minor,2026-04-28T03:01:18Z,27-Apr-2026,23:01:18,0.96,1
Black-capped Chickadee,Poecile atricapillus,2026-04-28T02:59:52Z,27-Apr-2026,22:59:52,0.8,1
American Woodcock,Scolopax minor,2026-04-28T02:57:37Z,27-Apr-2026,22:57:37,0.69,1
American Woodcock,Scolopax minor,2026-04-28T02:57:15Z,27-Apr-2026,22:57:15,0.68,1
American Woodcock,Scolopax minor,2026-04-28T02:55:10Z,27-Apr-2026,22:55:10,0.67,1
American Woodcock,Scolopax minor,2026-04-28T02:53:27Z,27-Apr-2026,22:53:27,0.39,1
American Woodcock,Scolopax minor,2026-04-28T02:41:03Z,27-Apr-2026,22:41:03,0.91,1
American Woodcock,Scolopax minor,2026-04-28T02:40:25Z,27-Apr-2026,22:40:25,0.76,1
American Woodcock,Scolopax minor,2026-04-28T02:39:38Z,27-Apr-2026,22:39:38,0.96,1
American Woodcock,Scolopax minor,2026-04-28T02:39:25Z,27-Apr-2026,22:39:25,0.8,1
American Woodcock,Scolopax minor,2026-04-28T02:38:37Z,27-Apr-2026,22:38:37,0.93,1
American Woodcock,Scolopax minor,2026-04-28T02:38:31Z,27-Apr-2026,22:38:31,0.26,1
American Woodcock,Scolopax minor,2026-04-28T02:38:12Z,27-Apr-2026,22:38:12,0.88,1
American Woodcock,Scolopax minor,2026-04-28T02:36:41Z,27-Apr-2026,22:36:41,0.28,1
American Woodcock,Scolopax minor,2026-04-28T02:36:14Z,27-Apr-2026,22:36:14,0.66,1
American Woodcock,Scolopax minor,2026-04-28T02:34:28Z,27-Apr-2026,22:34:28,0.76,1
American Woodcock,Scolopax minor,2026-04-28T02:34:19Z,27-Apr-2026,22:34:19,0.86,1
American Woodcock,Scolopax minor,2026-04-28T02:34:12Z,27-Apr-2026,22:34:12,0.76,1
American Woodcock,Scolopax minor,2026-04-28T02:33:57Z,27-Apr-2026,22:33:57,0.57,1
American Woodcock,Scolopax minor,2026-04-28T02:33:27Z,27-Apr-2026,22:33:27,0.71,1
American Woodcock,Scolopax minor,2026-04-28T02:32:39Z,27-Apr-2026,22:32:39,0.78,1
American Woodcock,Scolopax minor,2026-04-28T02:31:01Z,27-Apr-2026,22:31:01,0.77,1
American Woodcock,Scolopax minor,2026-04-28T02:30:55Z,27-Apr-2026,22:30:55,0.8,1
American Woodcock,Scolopax minor,2026-04-28T02:29:54Z,27-Apr-2026,22:29:54,0.94,1
American Woodcock,Scolopax minor,2026-04-28T02:29:03Z,27-Apr-2026,22:29:03,0.38,1
American Woodcock,Scolopax minor,2026-04-28T02:28:07Z,27-Apr-2026,22:28:07,0.57,1
American Woodcock,Scolopax minor,2026-04-28T02:27:37Z,27-Apr-2026,22:27:37,0.41,1
American Woodcock,Scolopax minor,2026-04-28T02:27:25Z,27-Apr-2026,22:27:25,0.78,1
American Woodcock,Scolopax minor,2026-04-28T02:27:18Z,27-Apr-2026,22:27:18,0.32,1
American Woodcock,Scolopax minor,2026-04-28T02:21:57Z,27-Apr-2026,22:21:57,0.71,1
American Woodcock,Scolopax minor,2026-04-28T02:18:39Z,27-Apr-2026,22:18:39,0.93,1
American Woodcock,Scolopax minor,2026-04-28T02:13:42Z,27-Apr-2026,22:13:42,0.92,1
American Woodcock,Scolopax minor,2026-04-28T02:09:00Z,27-Apr-2026,22:09:00,0.77,1
American Woodcock,Scolopax minor,2026-04-28T02:08:42Z,27-Apr-2026,22:08:42,0.78,1
American Woodcock,Scolopax minor,2026-04-28T00:29:09Z,27-Apr-2026,20:29:09,0.74,1
American Woodcock,Scolopax minor,2026-04-28T00:25:30Z,27-Apr-2026,20:25:30,0.84,1
American Woodcock,Scolopax minor,2026-04-28T00:22:36Z,27-Apr-2026,20:22:36,0.63,1
American Woodcock,Scolopax minor,2026-04-28T00:14:24Z,27-Apr-2026,20:14:24,0.98,1
American Woodcock,Scolopax minor,2026-04-28T00:05:24Z,27-Apr-2026,20:05:24,0.71,1
American Robin,Turdus migratorius,2026-04-28T00:04:25Z,27-Apr-2026,20:04:25,0.8314,2
American Woodcock,Scolopax minor,2026-04-28T00:03:16Z,27-Apr-2026,20:03:16,0.72,1
American Robin,Turdus migratorius,2026-04-28T00:00:43Z,27-Apr-2026,20:00:43,0.7804,13
