Species,Scientific Name,UTC Date,Local Date,Local Time,Score,Count
Eastern Phoebe,Sayornis phoebe,2026-04-26T23:59:03Z,26-Apr-2026,19:59:03,0.63,1
Gray Catbird,Dumetella carolinensis,2026-04-26T23:58:52Z,26-Apr-2026,19:58:52,0.8314,1
Eastern Phoebe,Sayornis phoebe,2026-04-26T23:58:46Z,26-Apr-2026,19:58:46,0.32,1
Eastern Phoebe,Sayornis phoebe,2026-04-26T23:58:27Z,26-Apr-2026,19:58:27,0.3,1
Eastern Phoebe,Sayornis phoebe,2026-04-26T23:58:20Z,26-Apr-2026,19:58:20,0.67,1
Eastern Phoebe,Sayornis phoebe,2026-04-26T23:58:14Z,26-Apr-2026,19:58:14,0.49,1
American Woodcock,Scolopax minor,2026-04-26T23:58:07Z,26-Apr-2026,19:58:07,0.32,1
Eastern Phoebe,Sayornis phoebe,2026-04-26T23:57:54Z,26-Apr-2026,19:57:54,0.38,1
Eastern Phoebe,Sayornis phoebe,2026-04-26T23:57:47Z,26-Apr-2026,19:57:47,0.43,1
Eastern Phoebe,Sayornis phoebe,2026-04-26T23:57:34Z,26-Apr-2026,19:57:34,0.51,1
Eastern Phoebe,Sayornis phoebe,2026-04-26T23:57:28Z,26-Apr-2026,19:57:28,0.32,1
Eastern Phoebe,Sayornis phoebe,2026-04-26T23:55:48Z,26-Apr-2026,19:55:48,0.32,1
American Woodcock,Scolopax minor,2026-04-26T23:54:36Z,26-Apr-2026,19:54:36,0.33,1
Eastern Phoebe,Sayornis phoebe,2026-04-26T23:54:29Z,26-Apr-2026,19:54:29,0.61,1
Eastern Phoebe,Sayornis phoebe,2026-04-26T23:54:16Z,26-Apr-2026,19:54:16,0.54,1
Eastern Phoebe,Sayornis phoebe,2026-04-26T23:54:03Z,26-Apr-2026,19:54:03,0.36,1
American Robin,Turdus migratorius,2026-04-26T23:53:39Z,26-Apr-2026,19:53:39,0.9176,17
American Robin,Turdus migratorius,2026-04-26T23:53:36Z,26-Apr-2026,19:53:36,0.27,1
American Robin,Turdus migratorius,2026-04-26T23:53:09Z,26-Apr-2026,19:53:09,0.41,1
American Robin,Turdus migratorius,2026-04-26T23:52:39Z,26-Apr-2026,19:52:39,0.69,1
American Robin,Turdus migratorius,2026-04-26T23:52:35Z,26-Apr-2026,19:52:35,0.8471,1
American Robin,Turdus migratorius,2026-04-26T23:52:22Z,26-Apr-2026,19:52:22,0.27,1
Eastern Phoebe,Sayornis phoebe,2026-04-26T23:51:36Z,26-Apr-2026,19:51:36,0.47,1
Eastern Phoebe,Sayornis phoebe,2026-04-26T23:51:03Z,26-Apr-2026,19:51:03,0.44,1
Eastern Phoebe,Sayornis phoebe,2026-04-26T23:50:50Z,26-Apr-2026,19:50:50,0.45,1
Eastern Phoebe,Sayornis phoebe,2026-04-26T23:50:37Z,26-Apr-2026,19:50:37,0.49,1
Eastern Phoebe,Sayornis phoebe,2026-04-26T23:50:24Z,26-Apr-2026,19:50:24,0.72,1
Eastern Phoebe,Sayornis phoebe,2026-04-26T23:50:04Z,26-Apr-2026,19:50:04,0.26,1
Wood Thrush,Hylocichla mustelina,2026-04-26T23:49:51Z,26-Apr-2026,19:49:51,0.28,1
Eastern Phoebe,Sayornis phoebe,2026-04-26T23:49:39Z,26-Apr-2026,19:49:39,0.36,1
Eastern Phoebe,Sayornis phoebe,2026-04-26T23:48:20Z,26-Apr-2026,19:48:20,0.65,1
Eastern Phoebe,Sayornis phoebe,2026-04-26T23:47:54Z,26-Apr-2026,19:47:54,0.77,1
Eastern Phoebe,Sayornis phoebe,2026-04-26T23:47:47Z,26-Apr-2026,19:47:47,0.37,1
Eastern Phoebe,Sayornis phoebe,2026-04-26T23:47:34Z,26-Apr-2026,19:47:34,0.27,1
Eastern Phoebe,Sayornis phoebe,2026-04-26T23:46:54Z,26-Apr-2026,19:46:54,0.43,1
Eastern Phoebe,Sayornis phoebe,2026-04-26T23:46:47Z,26-Apr-2026,19:46:47,0.3,1
Eastern Phoebe,Sayornis phoebe,2026-04-26T23:46:41Z,26-Apr-2026,19:46:41,0.36,1
Eastern Phoebe,Sayornis phoebe,2026-04-26T23:46:34Z,26-Apr-2026,19:46:34,0.39,1
Eastern Phoebe,Sayornis phoebe,2026-04-26T23:46:21Z,26-Apr-2026,19:46:21,0.76,1
Eastern Phoebe,Sayornis phoebe,2026-04-26T23:46:09Z,26-Apr-2026,19:46:09,0.63,1
Eastern Phoebe,Sayornis phoebe,2026-04-26T23:46:02Z,26-Apr-2026,19:46:02,0.46,1
Eastern Phoebe,Sayornis phoebe,2026-04-26T23:45:56Z,26-Apr-2026,19:45:56,0.48,1
Eastern Phoebe,Sayornis phoebe,2026-04-26T23:45:49Z,26-Apr-2026,19:45:49,0.75,1
Eastern Phoebe,Sayornis phoebe,2026-04-26T23:45:37Z,26-Apr-2026,19:45:37,0.3,1
Eastern Phoebe,Sayornis phoebe,2026-04-26T23:45:30Z,26-Apr-2026,19:45:30,0.52,1
Eastern Phoebe,Sayornis phoebe,2026-04-26T23:45:04Z,26-Apr-2026,19:45:04,0.41,1
Eastern Phoebe,Sayornis phoebe,2026-04-26T23:44:58Z,26-Apr-2026,19:44:58,0.74,1
Eastern Phoebe,Sayornis phoebe,2026-04-26T23:44:51Z,26-Apr-2026,19:44:51,0.61,1
Eastern Phoebe,Sayornis phoebe,2026-04-26T23:44:45Z,26-Apr-2026,19:44:45,0.27,1
Eastern Phoebe,Sayornis phoebe,2026-04-26T23:44:39Z,26-Apr-2026,19:44:39,0.47,1
Eastern Phoebe,Sayornis phoebe,2026-04-26T23:44:32Z,26-Apr-2026,19:44:32,0.37,1
Eastern Phoebe,Sayornis phoebe,2026-04-26T23:44:26Z,26-Apr-2026,19:44:26,0.64,1
Eastern Phoebe,Sayornis phoebe,2026-04-26T23:44:19Z,26-Apr-2026,19:44:19,0.62,1
Eastern Phoebe,Sayornis phoebe,2026-04-26T23:44:13Z,26-Apr-2026,19:44:13,0.57,1
Eastern Phoebe,Sayornis phoebe,2026-04-26T23:44:06Z,26-Apr-2026,19:44:06,0.5,1
Eastern Phoebe,Sayornis phoebe,2026-04-26T23:43:41Z,26-Apr-2026,19:43:41,0.44,1
Eastern Phoebe,Sayornis phoebe,2026-04-26T23:43:34Z,26-Apr-2026,19:43:34,0.41,1
Eastern Phoebe,Sayornis phoebe,2026-04-26T23:43:28Z,26-Apr-2026,19:43:28,0.45,1
Eastern Phoebe,Sayornis phoebe,2026-04-26T23:43:21Z,26-Apr-2026,19:43:21,0.41,1
Eastern Phoebe,Sayornis phoebe,2026-04-26T23:43:15Z,26-Apr-2026,19:43:15,0.3,1
Eastern Phoebe,Sayornis phoebe,2026-04-26T23:43:08Z,26-Apr-2026,19:43:08,0.56,1
Eastern Phoebe,Sayornis phoebe,2026-04-26T23:43:01Z,26-Apr-2026,19:43:01,0.64,1
Eastern Phoebe,Sayornis phoebe,2026-04-26T23:42:48Z,26-Apr-2026,19:42:48,0.63,1
Eastern Phoebe,Sayornis phoebe,2026-04-26T23:42:42Z,26-Apr-2026,19:42:42,0.42,1
Eastern Phoebe,Sayornis phoebe,2026-04-26T23:42:36Z,26-Apr-2026,19:42:36,0.8,1
Eastern Phoebe,Sayornis phoebe,2026-04-26T23:42:29Z,26-Apr-2026,19:42:29,0.64,1
Eastern Phoebe,Sayornis phoebe,2026-04-26T23:42:16Z,26-Apr-2026,19:42:16,0.58,1
Eastern Phoebe,Sayornis phoebe,2026-04-26T23:42:09Z,26-Apr-2026,19:42:09,0.61,1
Song Sparrow,Melospiza melodia,2026-04-26T23:41:06Z,26-Apr-2026,19:41:06,0.9765,1
Song Sparrow,Melospiza melodia,2026-04-26T23:39:06Z,26-Apr-2026,19:39:06,0.7804,1
Dark-eyed Junco,Junco hyemalis,2026-04-26T23:39:03Z,26-Apr-2026,19:39:03,0.46,1
American Robin,Turdus migratorius,2026-04-26T23:28:53Z,26-Apr-2026,19:28:53,0.8314,1
American Robin,Turdus migratorius,2026-04-26T23:25:10Z,26-Apr-2026,19:25:10,0.8314,1
American Robin,Turdus migratorius,2026-04-26T23:23:27Z,26-Apr-2026,19:23:27,0.26,1
Northern Cardinal,Cardinalis cardinalis,2026-04-26T23:22:22Z,26-Apr-2026,19:22:22,0.8627,2
Northern Cardinal,Cardinalis cardinalis,2026-04-26T23:20:56Z,26-Apr-2026,19:20:56,0.8745,1
American Robin,Turdus migratorius,2026-04-26T23:19:52Z,26-Apr-2026,19:19:52,0.28,1
American Robin,Turdus migratorius,2026-04-26T23:15:24Z,26-Apr-2026,19:15:24,0.8,1
Northern Cardinal,Cardinalis cardinalis,2026-04-26T23:12:45Z,26-Apr-2026,19:12:45,0.898,3
Northern Cardinal,Cardinalis cardinalis,2026-04-26T23:11:44Z,26-Apr-2026,19:11:44,0.7804,4
Song Sparrow,Melospiza melodia,2026-04-26T23:10:36Z,26-Apr-2026,19:10:36,0.7804,1
Northern Cardinal,Cardinalis cardinalis,2026-04-26T23:10:19Z,26-Apr-2026,19:10:19,0.9412,2
Northern Flicker,Colaptes auratus,2026-04-26T23:09:27Z,26-Apr-2026,19:09:27,0.32,1
Northern Flicker,Colaptes auratus,2026-04-26T23:09:00Z,26-Apr-2026,19:09:00,0.53,1
Northern Cardinal,Cardinalis cardinalis,2026-04-26T23:08:57Z,26-Apr-2026,19:08:57,0.7804,6
Northern Flicker,Colaptes auratus,2026-04-26T23:08:01Z,26-Apr-2026,19:08:01,0.57,1
Northern Cardinal,Cardinalis cardinalis,2026-04-26T23:07:51Z,26-Apr-2026,19:07:51,0.8745,1
Northern Flicker,Colaptes auratus,2026-04-26T23:07:31Z,26-Apr-2026,19:07:31,0.5,1
Northern Flicker,Colaptes auratus,2026-04-26T23:07:09Z,26-Apr-2026,19:07:09,0.51,1
Northern Cardinal,Cardinalis cardinalis,2026-04-26T23:05:19Z,26-Apr-2026,19:05:19,0.39,1
Rose-breasted Grosbeak,Pheucticus ludovicianus,2026-04-26T23:04:56Z,26-Apr-2026,19:04:56,0.26,1
Red-bellied Woodpecker,Melanerpes carolinus,2026-04-26T23:04:52Z,26-Apr-2026,19:04:52,0.8314,1
Northern Cardinal,Cardinalis cardinalis,2026-04-26T23:04:35Z,26-Apr-2026,19:04:35,0.9765,7
Northern Cardinal,Cardinalis cardinalis,2026-04-26T23:03:25Z,26-Apr-2026,19:03:25,0.9804,8
Northern Cardinal,Cardinalis cardinalis,2026-04-26T23:02:03Z,26-Apr-2026,19:02:03,0.9686,7
Northern Cardinal,Cardinalis cardinalis,2026-04-26T23:00:39Z,26-Apr-2026,19:00:39,0.9569,6
Northern Cardinal,Cardinalis cardinalis,2026-04-26T22:59:36Z,26-Apr-2026,18:59:36,0.9725,8
Red-bellied Woodpecker,Melanerpes carolinus,2026-04-26T22:58:55Z,26-Apr-2026,18:58:55,0.49,1
Red-bellied Woodpecker,Melanerpes carolinus,2026-04-26T22:58:51Z,26-Apr-2026,18:58:51,0.9765,1
Northern Cardinal,Cardinalis cardinalis,2026-04-26T22:58:31Z,26-Apr-2026,18:58:31,0.9098,8
Northern Cardinal,Cardinalis cardinalis,2026-04-26T22:57:22Z,26-Apr-2026,18:57:22,0.8745,1
Red-shouldered Hawk,Buteo lineatus,2026-04-26T22:55:34Z,26-Apr-2026,18:55:34,0.28,1
American Robin,Turdus migratorius,2026-04-26T22:53:09Z,26-Apr-2026,18:53:09,0.9255,1
Northern Cardinal,Cardinalis cardinalis,2026-04-26T22:52:44Z,26-Apr-2026,18:52:44,0.8314,2
Northern Cardinal,Cardinalis cardinalis,2026-04-26T22:51:32Z,26-Apr-2026,18:51:32,0.8471,2
Northern Cardinal,Cardinalis cardinalis,2026-04-26T22:49:55Z,26-Apr-2026,18:49:55,0.9098,1
Chipping Sparrow,Spizella passerina,2026-04-26T22:49:07Z,26-Apr-2026,18:49:07,0.4,1
Northern Cardinal,Cardinalis cardinalis,2026-04-26T22:47:32Z,26-Apr-2026,18:47:32,0.9333,1
White-breasted Nuthatch,Sitta carolinensis,2026-04-26T22:39:42Z,26-Apr-2026,18:39:42,0.94,1
White-breasted Nuthatch,Sitta carolinensis,2026-04-26T22:39:36Z,26-Apr-2026,18:39:36,0.9,1
White-breasted Nuthatch,Sitta carolinensis,2026-04-26T22:39:26Z,26-Apr-2026,18:39:26,0.36,1
White-breasted Nuthatch,Sitta carolinensis,2026-04-26T22:39:17Z,26-Apr-2026,18:39:17,0.91,1
American Goldfinch,Spinus tristis,2026-04-26T22:36:58Z,26-Apr-2026,18:36:58,0.8,1
American Goldfinch,Spinus tristis,2026-04-26T22:35:16Z,26-Apr-2026,18:35:16,0.8471,1
American Robin,Turdus migratorius,2026-04-26T22:34:44Z,26-Apr-2026,18:34:44,0.9255,1
Brown Creeper,Certhia americana,2026-04-26T22:33:44Z,26-Apr-2026,18:33:44,0.64,1
Gray Catbird,Dumetella carolinensis,2026-04-26T22:29:59Z,26-Apr-2026,18:29:59,0.7804,1
Northern Flicker,Colaptes auratus,2026-04-26T22:29:21Z,26-Apr-2026,18:29:21,0.37,1
Pileated Woodpecker,Dryocopus pileatus,2026-04-26T22:28:20Z,26-Apr-2026,18:28:20,0.53,1
American Robin,Turdus migratorius,2026-04-26T22:27:52Z,26-Apr-2026,18:27:52,0.7804,1
White-breasted Nuthatch,Sitta carolinensis,2026-04-26T22:25:11Z,26-Apr-2026,18:25:11,0.67,1
White-breasted Nuthatch,Sitta carolinensis,2026-04-26T22:24:52Z,26-Apr-2026,18:24:52,0.3,1
White-breasted Nuthatch,Sitta carolinensis,2026-04-26T22:24:46Z,26-Apr-2026,18:24:46,0.28,1
White-breasted Nuthatch,Sitta carolinensis,2026-04-26T22:24:30Z,26-Apr-2026,18:24:30,0.75,1
White-breasted Nuthatch,Sitta carolinensis,2026-04-26T22:24:05Z,26-Apr-2026,18:24:05,0.64,1
White-breasted Nuthatch,Sitta carolinensis,2026-04-26T22:23:58Z,26-Apr-2026,18:23:58,0.82,1
White-breasted Nuthatch,Sitta carolinensis,2026-04-26T22:23:52Z,26-Apr-2026,18:23:52,0.84,1
Northern Flicker,Colaptes auratus,2026-04-26T22:20:52Z,26-Apr-2026,18:20:52,0.57,1
Northern Flicker,Colaptes auratus,2026-04-26T22:20:40Z,26-Apr-2026,18:20:40,0.44,1
Northern Flicker,Colaptes auratus,2026-04-26T22:20:26Z,26-Apr-2026,18:20:26,0.29,1
Northern Flicker,Colaptes auratus,2026-04-26T22:20:07Z,26-Apr-2026,18:20:07,0.37,1
Northern Flicker,Colaptes auratus,2026-04-26T22:19:53Z,26-Apr-2026,18:19:53,0.4,1
White-breasted Nuthatch,Sitta carolinensis,2026-04-26T22:19:46Z,26-Apr-2026,18:19:46,0.72,1
White-breasted Nuthatch,Sitta carolinensis,2026-04-26T22:19:40Z,26-Apr-2026,18:19:40,0.73,1
White-breasted Nuthatch,Sitta carolinensis,2026-04-26T22:19:21Z,26-Apr-2026,18:19:21,0.97,1
Northern Flicker,Colaptes auratus,2026-04-26T22:19:02Z,26-Apr-2026,18:19:02,0.56,1
Gray Catbird,Dumetella carolinensis,2026-04-26T22:18:46Z,26-Apr-2026,18:18:46,0.7804,1
White-breasted Nuthatch,Sitta carolinensis,2026-04-26T22:18:37Z,26-Apr-2026,18:18:37,0.94,1
White-breasted Nuthatch,Sitta carolinensis,2026-04-26T22:18:31Z,26-Apr-2026,18:18:31,0.96,1
White-breasted Nuthatch,Sitta carolinensis,2026-04-26T22:18:24Z,26-Apr-2026,18:18:24,0.98,1
American Robin,Turdus migratorius,2026-04-26T22:17:04Z,26-Apr-2026,18:17:04,0.34,1
American Goldfinch,Spinus tristis,2026-04-26T22:13:19Z,26-Apr-2026,18:13:19,0.8157,1
European Starling,Sturnus vulgaris,2026-04-26T22:08:39Z,26-Apr-2026,18:08:39,0.8471,1
Northern Flicker,Colaptes auratus,2026-04-26T22:05:37Z,26-Apr-2026,18:05:37,0.41,1
Northern Flicker,Colaptes auratus,2026-04-26T22:05:25Z,26-Apr-2026,18:05:25,0.34,1
Northern Flicker,Colaptes auratus,2026-04-26T22:05:16Z,26-Apr-2026,18:05:16,0.73,1
Northern Flicker,Colaptes auratus,2026-04-26T22:05:09Z,26-Apr-2026,18:05:09,0.54,1
Northern Flicker,Colaptes auratus,2026-04-26T22:05:03Z,26-Apr-2026,18:05:03,0.38,1
Northern Flicker,Colaptes auratus,2026-04-26T22:04:08Z,26-Apr-2026,18:04:08,0.7,1
American Robin,Turdus migratorius,2026-04-26T22:04:05Z,26-Apr-2026,18:04:05,0.8314,1
Northern Flicker,Colaptes auratus,2026-04-26T22:03:37Z,26-Apr-2026,18:03:37,0.86,1
Northern Flicker,Colaptes auratus,2026-04-26T22:03:30Z,26-Apr-2026,18:03:30,0.66,1
Northern Flicker,Colaptes auratus,2026-04-26T22:03:15Z,26-Apr-2026,18:03:15,0.87,1
Northern Flicker,Colaptes auratus,2026-04-26T22:03:09Z,26-Apr-2026,18:03:09,0.72,1
Northern Flicker,Colaptes auratus,2026-04-26T22:02:59Z,26-Apr-2026,18:02:59,0.84,1
Northern Flicker,Colaptes auratus,2026-04-26T22:02:53Z,26-Apr-2026,18:02:53,0.78,1
Northern Flicker,Colaptes auratus,2026-04-26T22:02:46Z,26-Apr-2026,18:02:46,0.91,1
Northern Flicker,Colaptes auratus,2026-04-26T22:02:34Z,26-Apr-2026,18:02:34,0.82,1
Northern Flicker,Colaptes auratus,2026-04-26T22:02:27Z,26-Apr-2026,18:02:27,0.81,1
Northern Flicker,Colaptes auratus,2026-04-26T22:02:21Z,26-Apr-2026,18:02:21,0.88,1
Northern Flicker,Colaptes auratus,2026-04-26T22:02:15Z,26-Apr-2026,18:02:15,0.91,1
Northern Flicker,Colaptes auratus,2026-04-26T22:02:08Z,26-Apr-2026,18:02:08,0.9,1
Northern Flicker,Colaptes auratus,2026-04-26T22:02:01Z,26-Apr-2026,18:02:01,0.88,1
Northern Flicker,Colaptes auratus,2026-04-26T22:01:55Z,26-Apr-2026,18:01:55,0.4,1
Gray Catbird,Dumetella carolinensis,2026-04-26T21:58:15Z,26-Apr-2026,17:58:15,0.8157,1
American Robin,Turdus migratorius,2026-04-26T21:55:38Z,26-Apr-2026,17:55:38,0.33,1
Gray Catbird,Dumetella carolinensis,2026-04-26T21:55:12Z,26-Apr-2026,17:55:12,0.9333,1
Song Sparrow,Melospiza melodia,2026-04-26T21:54:46Z,26-Apr-2026,17:54:46,0.31,1
Song Sparrow,Melospiza melodia,2026-04-26T21:52:55Z,26-Apr-2026,17:52:55,0.32,1
Song Sparrow,Melospiza melodia,2026-04-26T21:52:52Z,26-Apr-2026,17:52:52,0.9412,1
Blue Jay,Cyanocitta cristata,2026-04-26T21:41:40Z,26-Apr-2026,17:41:40,0.7804,1
Brown-headed Cowbird,Molothrus ater,2026-04-26T21:38:30Z,26-Apr-2026,17:38:30,0.54,1
Chimney Swift,Chaetura pelagica,2026-04-26T21:37:04Z,26-Apr-2026,17:37:04,0.32,1
Brown-headed Cowbird,Molothrus ater,2026-04-26T21:36:58Z,26-Apr-2026,17:36:58,0.26,1
American Robin,Turdus migratorius,2026-04-26T21:36:01Z,26-Apr-2026,17:36:01,0.9176,1
American Robin,Turdus migratorius,2026-04-26T21:34:23Z,26-Apr-2026,17:34:23,0.47,1
Brown-headed Cowbird,Molothrus ater,2026-04-26T21:34:11Z,26-Apr-2026,17:34:11,0.37,1
Brown-headed Cowbird,Molothrus ater,2026-04-26T21:33:56Z,26-Apr-2026,17:33:56,0.88,1
Brown-headed Cowbird,Molothrus ater,2026-04-26T21:33:34Z,26-Apr-2026,17:33:34,0.36,1
Brown-headed Cowbird,Molothrus ater,2026-04-26T21:33:27Z,26-Apr-2026,17:33:27,0.41,1
Brown-headed Cowbird,Molothrus ater,2026-04-26T21:32:34Z,26-Apr-2026,17:32:34,0.74,1
Brown-headed Cowbird,Molothrus ater,2026-04-26T21:32:12Z,26-Apr-2026,17:32:12,0.83,1
Brown-headed Cowbird,Molothrus ater,2026-04-26T21:31:52Z,26-Apr-2026,17:31:52,0.28,1
Red-bellied Woodpecker,Melanerpes carolinus,2026-04-26T21:31:45Z,26-Apr-2026,17:31:45,0.8314,1
Common Grackle,Quiscalus quiscula,2026-04-26T21:31:39Z,26-Apr-2026,17:31:39,0.3,1
Brown-headed Cowbird,Molothrus ater,2026-04-26T21:31:16Z,26-Apr-2026,17:31:16,0.65,1
Brown-headed Cowbird,Molothrus ater,2026-04-26T21:27:09Z,26-Apr-2026,17:27:09,0.52,1
Brown-headed Cowbird,Molothrus ater,2026-04-26T21:27:00Z,26-Apr-2026,17:27:00,0.29,1
Red-bellied Woodpecker,Melanerpes carolinus,2026-04-26T21:24:54Z,26-Apr-2026,17:24:54,0.9765,6
Dark-eyed Junco,Junco hyemalis,2026-04-26T21:22:42Z,26-Apr-2026,17:22:42,0.52,1
Dark-eyed Junco,Junco hyemalis,2026-04-26T21:22:39Z,26-Apr-2026,17:22:39,0.9569,1
Red-bellied Woodpecker,Melanerpes carolinus,2026-04-26T21:22:01Z,26-Apr-2026,17:22:01,0.9098,9
Red-bellied Woodpecker,Melanerpes carolinus,2026-04-26T21:21:54Z,26-Apr-2026,17:21:54,0.54,1
Red-bellied Woodpecker,Melanerpes carolinus,2026-04-26T21:21:36Z,26-Apr-2026,17:21:36,0.74,1
Red-bellied Woodpecker,Melanerpes carolinus,2026-04-26T21:21:00Z,26-Apr-2026,17:21:00,0.9412,1
American Robin,Turdus migratorius,2026-04-26T21:20:09Z,26-Apr-2026,17:20:09,0.56,1
American Robin,Turdus migratorius,2026-04-26T21:19:59Z,26-Apr-2026,17:19:59,0.65,1
American Robin,Turdus migratorius,2026-04-26T21:19:56Z,26-Apr-2026,17:19:56,0.8745,1
American Robin,Turdus migratorius,2026-04-26T21:14:08Z,26-Apr-2026,17:14:08,0.42,1
American Robin,Turdus migratorius,2026-04-26T21:13:21Z,26-Apr-2026,17:13:21,0.65,1
American Robin,Turdus migratorius,2026-04-26T21:12:40Z,26-Apr-2026,17:12:40,0.48,1
Chipping Sparrow,Spizella passerina,2026-04-26T21:10:21Z,26-Apr-2026,17:10:21,0.42,1
Chipping Sparrow,Spizella passerina,2026-04-26T21:10:09Z,26-Apr-2026,17:10:09,0.36,1
Common Grackle,Quiscalus quiscula,2026-04-26T21:09:59Z,26-Apr-2026,17:09:59,0.3,1
Red-bellied Woodpecker,Melanerpes carolinus,2026-04-26T21:09:56Z,26-Apr-2026,17:09:56,0.949,1
Red-bellied Woodpecker,Melanerpes carolinus,2026-04-26T21:09:52Z,26-Apr-2026,17:09:52,0.29,1
American Goldfinch,Spinus tristis,2026-04-26T21:09:21Z,26-Apr-2026,17:09:21,0.41,1
Song Sparrow,Melospiza melodia,2026-04-26T21:06:22Z,26-Apr-2026,17:06:22,0.8157,1
White-breasted Nuthatch,Sitta carolinensis,2026-04-26T21:04:52Z,26-Apr-2026,17:04:52,0.65,1
White-breasted Nuthatch,Sitta carolinensis,2026-04-26T21:04:46Z,26-Apr-2026,17:04:46,0.57,1
White-breasted Nuthatch,Sitta carolinensis,2026-04-26T21:04:40Z,26-Apr-2026,17:04:40,0.8,1
Northern Cardinal,Cardinalis cardinalis,2026-04-26T21:04:30Z,26-Apr-2026,17:04:30,0.8314,1
White-breasted Nuthatch,Sitta carolinensis,2026-04-26T20:56:06Z,26-Apr-2026,16:56:06,0.28,1
White-breasted Nuthatch,Sitta carolinensis,2026-04-26T20:54:52Z,26-Apr-2026,16:54:52,0.66,1
White-breasted Nuthatch,Sitta carolinensis,2026-04-26T20:53:06Z,26-Apr-2026,16:53:06,0.43,1
Red-bellied Woodpecker,Melanerpes carolinus,2026-04-26T20:52:28Z,26-Apr-2026,16:52:28,0.898,1
Dark-eyed Junco,Junco hyemalis,2026-04-26T20:45:21Z,26-Apr-2026,16:45:21,0.8157,2
Northern Flicker,Colaptes auratus,2026-04-26T20:44:21Z,26-Apr-2026,16:44:21,0.29,1
Northern Flicker,Colaptes auratus,2026-04-26T20:44:09Z,26-Apr-2026,16:44:09,0.45,1
Northern Flicker,Colaptes auratus,2026-04-26T20:42:24Z,26-Apr-2026,16:42:24,0.33,1
Northern Flicker,Colaptes auratus,2026-04-26T20:42:05Z,26-Apr-2026,16:42:05,0.7,1
Northern Flicker,Colaptes auratus,2026-04-26T20:41:58Z,26-Apr-2026,16:41:58,0.52,1
Northern Flicker,Colaptes auratus,2026-04-26T20:41:40Z,26-Apr-2026,16:41:40,0.45,1
Northern Flicker,Colaptes auratus,2026-04-26T20:40:57Z,26-Apr-2026,16:40:57,0.35,1
Northern Flicker,Colaptes auratus,2026-04-26T20:40:33Z,26-Apr-2026,16:40:33,0.42,1
Black-capped Chickadee,Poecile atricapillus,2026-04-26T20:40:27Z,26-Apr-2026,16:40:27,0.39,1
Northern Flicker,Colaptes auratus,2026-04-26T20:40:17Z,26-Apr-2026,16:40:17,0.33,1
Northern Flicker,Colaptes auratus,2026-04-26T20:40:10Z,26-Apr-2026,16:40:10,0.33,1
Northern Flicker,Colaptes auratus,2026-04-26T20:39:23Z,26-Apr-2026,16:39:23,0.83,1
Northern Flicker,Colaptes auratus,2026-04-26T20:38:54Z,26-Apr-2026,16:38:54,0.8,1
Northern Flicker,Colaptes auratus,2026-04-26T20:38:48Z,26-Apr-2026,16:38:48,0.52,1
Northern Flicker,Colaptes auratus,2026-04-26T20:38:13Z,26-Apr-2026,16:38:13,0.81,1
Northern Flicker,Colaptes auratus,2026-04-26T20:37:45Z,26-Apr-2026,16:37:45,0.44,1
Northern Flicker,Colaptes auratus,2026-04-26T20:37:33Z,26-Apr-2026,16:37:33,0.54,1
Dark-eyed Junco,Junco hyemalis,2026-04-26T20:37:20Z,26-Apr-2026,16:37:20,0.8863,1
Dark-eyed Junco,Junco hyemalis,2026-04-26T20:37:17Z,26-Apr-2026,16:37:17,0.49,1
Northern Flicker,Colaptes auratus,2026-04-26T20:37:10Z,26-Apr-2026,16:37:10,0.47,1
Northern Flicker,Colaptes auratus,2026-04-26T20:36:51Z,26-Apr-2026,16:36:51,0.89,1
Bohemian Waxwing,Bombycilla garrulus,2026-04-26T20:36:39Z,26-Apr-2026,16:36:39,0.91,1
Northern Flicker,Colaptes auratus,2026-04-26T20:36:26Z,26-Apr-2026,16:36:26,0.83,1
Northern Flicker,Colaptes auratus,2026-04-26T20:36:00Z,26-Apr-2026,16:36:00,0.67,1
Northern Flicker,Colaptes auratus,2026-04-26T20:35:20Z,26-Apr-2026,16:35:20,0.33,1
Northern Flicker,Colaptes auratus,2026-04-26T20:33:30Z,26-Apr-2026,16:33:30,0.3,1
Northern Flicker,Colaptes auratus,2026-04-26T20:33:21Z,26-Apr-2026,16:33:21,0.28,1
Northern Flicker,Colaptes auratus,2026-04-26T20:33:15Z,26-Apr-2026,16:33:15,0.52,1
Northern Flicker,Colaptes auratus,2026-04-26T20:32:51Z,26-Apr-2026,16:32:51,0.28,1
Northern Flicker,Colaptes auratus,2026-04-26T20:32:23Z,26-Apr-2026,16:32:23,0.57,1
Northern Flicker,Colaptes auratus,2026-04-26T20:32:00Z,26-Apr-2026,16:32:00,0.45,1
American Robin,Turdus migratorius,2026-04-26T20:31:03Z,26-Apr-2026,16:31:03,0.7804,2
Northern Flicker,Colaptes auratus,2026-04-26T20:30:44Z,26-Apr-2026,16:30:44,0.51,1
American Robin,Turdus migratorius,2026-04-26T20:30:25Z,26-Apr-2026,16:30:25,0.46,1
Northern Flicker,Colaptes auratus,2026-04-26T20:30:18Z,26-Apr-2026,16:30:18,0.46,1
Northern Flicker,Colaptes auratus,2026-04-26T20:30:06Z,26-Apr-2026,16:30:06,0.3,1
American Robin,Turdus migratorius,2026-04-26T20:29:55Z,26-Apr-2026,16:29:55,0.8314,1
Northern Flicker,Colaptes auratus,2026-04-26T20:29:43Z,26-Apr-2026,16:29:43,0.36,1
Northern Flicker,Colaptes auratus,2026-04-26T20:29:37Z,26-Apr-2026,16:29:37,0.42,1
Northern Flicker,Colaptes auratus,2026-04-26T20:29:03Z,26-Apr-2026,16:29:03,0.44,1
Northern Flicker,Colaptes auratus,2026-04-26T20:28:37Z,26-Apr-2026,16:28:37,0.36,1
Northern Flicker,Colaptes auratus,2026-04-26T20:27:58Z,26-Apr-2026,16:27:58,0.32,1
Northern Flicker,Colaptes auratus,2026-04-26T20:27:51Z,26-Apr-2026,16:27:51,0.45,1
Northern Flicker,Colaptes auratus,2026-04-26T20:27:39Z,26-Apr-2026,16:27:39,0.33,1
Northern Flicker,Colaptes auratus,2026-04-26T20:27:27Z,26-Apr-2026,16:27:27,0.35,1
Northern Flicker,Colaptes auratus,2026-04-26T20:27:21Z,26-Apr-2026,16:27:21,0.44,1
Northern Flicker,Colaptes auratus,2026-04-26T20:26:26Z,26-Apr-2026,16:26:26,0.88,1
Northern Flicker,Colaptes auratus,2026-04-26T20:26:18Z,26-Apr-2026,16:26:18,0.84,1
Northern Flicker,Colaptes auratus,2026-04-26T20:21:55Z,26-Apr-2026,16:21:55,0.37,1
Northern Flicker,Colaptes auratus,2026-04-26T20:21:46Z,26-Apr-2026,16:21:46,0.32,1
American Robin,Turdus migratorius,2026-04-26T20:21:25Z,26-Apr-2026,16:21:25,0.31,1
American Robin,Turdus migratorius,2026-04-26T20:16:43Z,26-Apr-2026,16:16:43,0.8745,1
Bohemian Waxwing,Bombycilla garrulus,2026-04-26T20:14:46Z,26-Apr-2026,16:14:46,0.32,1
American Robin,Turdus migratorius,2026-04-26T20:14:19Z,26-Apr-2026,16:14:19,0.41,1
Bohemian Waxwing,Bombycilla garrulus,2026-04-26T20:12:17Z,26-Apr-2026,16:12:17,0.5,1
American Robin,Turdus migratorius,2026-04-26T20:12:11Z,26-Apr-2026,16:12:11,0.31,1
American Robin,Turdus migratorius,2026-04-26T20:11:42Z,26-Apr-2026,16:11:42,0.27,1
American Robin,Turdus migratorius,2026-04-26T20:11:36Z,26-Apr-2026,16:11:36,0.71,1
Dark-eyed Junco,Junco hyemalis,2026-04-26T20:10:33Z,26-Apr-2026,16:10:33,0.42,1
American Robin,Turdus migratorius,2026-04-26T20:10:07Z,26-Apr-2026,16:10:07,0.47,1
American Robin,Turdus migratorius,2026-04-26T20:10:01Z,26-Apr-2026,16:10:01,0.88,1
American Robin,Turdus migratorius,2026-04-26T20:09:42Z,26-Apr-2026,16:09:42,0.898,3
American Robin,Turdus migratorius,2026-04-26T20:09:23Z,26-Apr-2026,16:09:23,0.46,1
American Robin,Turdus migratorius,2026-04-26T20:08:39Z,26-Apr-2026,16:08:39,0.8745,1
American Robin,Turdus migratorius,2026-04-26T20:06:49Z,26-Apr-2026,16:06:49,0.33,1
American Robin,Turdus migratorius,2026-04-26T20:05:39Z,26-Apr-2026,16:05:39,0.8157,4
Marsh Wren,Cistothorus palustris,2026-04-26T20:05:02Z,26-Apr-2026,16:05:02,0.44,1
American Robin,Turdus migratorius,2026-04-26T20:04:19Z,26-Apr-2026,16:04:19,0.46,1
American Robin,Turdus migratorius,2026-04-26T20:04:10Z,26-Apr-2026,16:04:10,0.35,1
American Robin,Turdus migratorius,2026-04-26T20:03:57Z,26-Apr-2026,16:03:57,0.8471,2
American Robin,Turdus migratorius,2026-04-26T20:02:00Z,26-Apr-2026,16:02:00,0.33,1
American Robin,Turdus migratorius,2026-04-26T20:01:50Z,26-Apr-2026,16:01:50,0.8627,1
American Robin,Turdus migratorius,2026-04-26T20:01:39Z,26-Apr-2026,16:01:39,0.32,1
American Robin,Turdus migratorius,2026-04-26T20:01:33Z,26-Apr-2026,16:01:33,0.38,1
American Robin,Turdus migratorius,2026-04-26T20:01:20Z,26-Apr-2026,16:01:20,0.58,1
White-breasted Nuthatch,Sitta carolinensis,2026-04-26T20:01:07Z,26-Apr-2026,16:01:07,0.73,1
White-breasted Nuthatch,Sitta carolinensis,2026-04-26T20:01:00Z,26-Apr-2026,16:01:00,0.87,1
White-breasted Nuthatch,Sitta carolinensis,2026-04-26T20:00:53Z,26-Apr-2026,16:00:53,0.98,1
White-breasted Nuthatch,Sitta carolinensis,2026-04-26T20:00:43Z,26-Apr-2026,16:00:43,0.97,1
White-breasted Nuthatch,Sitta carolinensis,2026-04-26T20:00:34Z,26-Apr-2026,16:00:34,0.85,1
White-breasted Nuthatch,Sitta carolinensis,2026-04-26T20:00:28Z,26-Apr-2026,16:00:28,0.95,1
White-breasted Nuthatch,Sitta carolinensis,2026-04-26T20:00:21Z,26-Apr-2026,16:00:21,0.9,1
White-breasted Nuthatch,Sitta carolinensis,2026-04-26T20:00:14Z,26-Apr-2026,16:00:14,0.92,1
White-breasted Nuthatch,Sitta carolinensis,2026-04-26T20:00:04Z,26-Apr-2026,16:00:04,0.97,1
White-breasted Nuthatch,Sitta carolinensis,2026-04-26T19:59:54Z,26-Apr-2026,15:59:54,0.85,1
American Robin,Turdus migratorius,2026-04-26T19:59:14Z,26-Apr-2026,15:59:14,0.29,1
American Robin,Turdus migratorius,2026-04-26T19:59:07Z,26-Apr-2026,15:59:07,0.32,1
White-breasted Nuthatch,Sitta carolinensis,2026-04-26T19:59:01Z,26-Apr-2026,15:59:01,0.53,1
White-breasted Nuthatch,Sitta carolinensis,2026-04-26T19:58:21Z,26-Apr-2026,15:58:21,0.79,1
White-breasted Nuthatch,Sitta carolinensis,2026-04-26T19:57:52Z,26-Apr-2026,15:57:52,0.41,1
Eastern Bluebird,Sialia sialis,2026-04-26T19:56:47Z,26-Apr-2026,15:56:47,0.57,1
Eastern Bluebird,Sialia sialis,2026-04-26T19:56:28Z,26-Apr-2026,15:56:28,0.36,1
Eastern Bluebird,Sialia sialis,2026-04-26T19:56:15Z,26-Apr-2026,15:56:15,0.3,1
Eastern Bluebird,Sialia sialis,2026-04-26T19:56:08Z,26-Apr-2026,15:56:08,0.98,1
Eastern Bluebird,Sialia sialis,2026-04-26T19:49:31Z,26-Apr-2026,15:49:31,0.26,1
American Robin,Turdus migratorius,2026-04-26T19:45:43Z,26-Apr-2026,15:45:43,0.47,1
American Robin,Turdus migratorius,2026-04-26T19:31:25Z,26-Apr-2026,15:31:25,0.61,1
American Robin,Turdus migratorius,2026-04-26T19:30:46Z,26-Apr-2026,15:30:46,0.8314,1
American Robin,Turdus migratorius,2026-04-26T19:30:36Z,26-Apr-2026,15:30:36,0.64,1
American Robin,Turdus migratorius,2026-04-26T19:30:24Z,26-Apr-2026,15:30:24,0.91,1
Bohemian Waxwing,Bombycilla garrulus,2026-04-26T19:24:25Z,26-Apr-2026,15:24:25,0.92,1
Bohemian Waxwing,Bombycilla garrulus,2026-04-26T19:24:18Z,26-Apr-2026,15:24:18,0.4,1
American Robin,Turdus migratorius,2026-04-26T19:23:55Z,26-Apr-2026,15:23:55,0.29,1
Bohemian Waxwing,Bombycilla garrulus,2026-04-26T19:23:37Z,26-Apr-2026,15:23:37,0.78,1
Bohemian Waxwing,Bombycilla garrulus,2026-04-26T19:23:12Z,26-Apr-2026,15:23:12,0.51,1
American Robin,Turdus migratorius,2026-04-26T19:20:13Z,26-Apr-2026,15:20:13,0.6,1
Bohemian Waxwing,Bombycilla garrulus,2026-04-26T19:17:26Z,26-Apr-2026,15:17:26,0.75,1
Chimney Swift,Chaetura pelagica,2026-04-26T19:16:12Z,26-Apr-2026,15:16:12,0.77,1
Northern Flicker,Colaptes auratus,2026-04-26T19:14:23Z,26-Apr-2026,15:14:23,0.59,1
Northern Flicker,Colaptes auratus,2026-04-26T19:13:51Z,26-Apr-2026,15:13:51,0.83,1
Northern Flicker,Colaptes auratus,2026-04-26T19:13:03Z,26-Apr-2026,15:13:03,0.44,1
Northern Flicker,Colaptes auratus,2026-04-26T19:12:38Z,26-Apr-2026,15:12:38,0.69,1
Northern Flicker,Colaptes auratus,2026-04-26T19:12:31Z,26-Apr-2026,15:12:31,0.61,1
Northern Flicker,Colaptes auratus,2026-04-26T19:12:04Z,26-Apr-2026,15:12:04,0.4,1
Northern Flicker,Colaptes auratus,2026-04-26T19:11:18Z,26-Apr-2026,15:11:18,0.72,1
Northern Flicker,Colaptes auratus,2026-04-26T19:10:40Z,26-Apr-2026,15:10:40,0.66,1
Northern Flicker,Colaptes auratus,2026-04-26T19:10:33Z,26-Apr-2026,15:10:33,0.44,1
Northern Flicker,Colaptes auratus,2026-04-26T19:09:22Z,26-Apr-2026,15:09:22,0.35,1
Northern Flicker,Colaptes auratus,2026-04-26T19:09:15Z,26-Apr-2026,15:09:15,0.79,1
Northern Flicker,Colaptes auratus,2026-04-26T19:08:22Z,26-Apr-2026,15:08:22,0.8,1
Northern Flicker,Colaptes auratus,2026-04-26T19:07:55Z,26-Apr-2026,15:07:55,0.57,1
Northern Flicker,Colaptes auratus,2026-04-26T19:07:49Z,26-Apr-2026,15:07:49,0.75,1
Northern Flicker,Colaptes auratus,2026-04-26T19:07:21Z,26-Apr-2026,15:07:21,0.87,1
Northern Flicker,Colaptes auratus,2026-04-26T19:07:00Z,26-Apr-2026,15:07:00,0.84,1
Northern Flicker,Colaptes auratus,2026-04-26T19:06:18Z,26-Apr-2026,15:06:18,0.33,1
American Robin,Turdus migratorius,2026-04-26T18:54:45Z,26-Apr-2026,14:54:45,0.8,1
Northern Waterthrush,Parkesia noveboracensis,2026-04-26T18:50:24Z,26-Apr-2026,14:50:24,0.26,1
Northern Flicker,Colaptes auratus,2026-04-26T18:46:24Z,26-Apr-2026,14:46:24,0.84,1
Northern Flicker,Colaptes auratus,2026-04-26T18:46:12Z,26-Apr-2026,14:46:12,0.63,1
Northern Flicker,Colaptes auratus,2026-04-26T18:46:05Z,26-Apr-2026,14:46:05,0.95,1
Northern Flicker,Colaptes auratus,2026-04-26T18:45:46Z,26-Apr-2026,14:45:46,0.9,1
Northern Flicker,Colaptes auratus,2026-04-26T18:45:40Z,26-Apr-2026,14:45:40,0.62,1
Northern Flicker,Colaptes auratus,2026-04-26T18:45:07Z,26-Apr-2026,14:45:07,0.62,1
Northern Flicker,Colaptes auratus,2026-04-26T18:44:48Z,26-Apr-2026,14:44:48,0.76,1
Northern Flicker,Colaptes auratus,2026-04-26T18:44:42Z,26-Apr-2026,14:44:42,0.87,1
Northern Flicker,Colaptes auratus,2026-04-26T18:30:15Z,26-Apr-2026,14:30:15,0.41,1
American Robin,Turdus migratorius,2026-04-26T18:29:40Z,26-Apr-2026,14:29:40,0.32,1
Northern Flicker,Colaptes auratus,2026-04-26T18:29:19Z,26-Apr-2026,14:29:19,0.42,1
American Robin,Turdus migratorius,2026-04-26T18:25:54Z,26-Apr-2026,14:25:54,0.27,1
American Crow,Corvus brachyrhynchos,2026-04-26T18:23:44Z,26-Apr-2026,14:23:44,0.8314,1
American Crow,Corvus brachyrhynchos,2026-04-26T18:23:40Z,26-Apr-2026,14:23:40,0.27,1
Blue Jay,Cyanocitta cristata,2026-04-26T18:22:48Z,26-Apr-2026,14:22:48,0.26,1
American Robin,Turdus migratorius,2026-04-26T18:22:12Z,26-Apr-2026,14:22:12,0.44,1
White-breasted Nuthatch,Sitta carolinensis,2026-04-26T18:12:37Z,26-Apr-2026,14:12:37,0.85,1
White-breasted Nuthatch,Sitta carolinensis,2026-04-26T18:12:30Z,26-Apr-2026,14:12:30,0.76,1
White-breasted Nuthatch,Sitta carolinensis,2026-04-26T18:12:23Z,26-Apr-2026,14:12:23,0.71,1
White-breasted Nuthatch,Sitta carolinensis,2026-04-26T18:12:16Z,26-Apr-2026,14:12:16,0.96,1
White-breasted Nuthatch,Sitta carolinensis,2026-04-26T18:12:10Z,26-Apr-2026,14:12:10,0.88,1
White-breasted Nuthatch,Sitta carolinensis,2026-04-26T18:12:03Z,26-Apr-2026,14:12:03,0.82,1
White-breasted Nuthatch,Sitta carolinensis,2026-04-26T18:11:54Z,26-Apr-2026,14:11:54,0.81,1
White-breasted Nuthatch,Sitta carolinensis,2026-04-26T18:11:32Z,26-Apr-2026,14:11:32,0.84,1
White-breasted Nuthatch,Sitta carolinensis,2026-04-26T18:11:22Z,26-Apr-2026,14:11:22,0.92,1
White-breasted Nuthatch,Sitta carolinensis,2026-04-26T18:11:16Z,26-Apr-2026,14:11:16,0.81,1
White-breasted Nuthatch,Sitta carolinensis,2026-04-26T18:11:00Z,26-Apr-2026,14:11:00,0.94,1
White-breasted Nuthatch,Sitta carolinensis,2026-04-26T18:10:54Z,26-Apr-2026,14:10:54,0.92,1
White-breasted Nuthatch,Sitta carolinensis,2026-04-26T18:10:47Z,26-Apr-2026,14:10:47,0.86,1
White-breasted Nuthatch,Sitta carolinensis,2026-04-26T18:10:31Z,26-Apr-2026,14:10:31,0.98,1
White-breasted Nuthatch,Sitta carolinensis,2026-04-26T18:10:13Z,26-Apr-2026,14:10:13,0.49,1
White-breasted Nuthatch,Sitta carolinensis,2026-04-26T18:10:00Z,26-Apr-2026,14:10:00,0.74,1
White-breasted Nuthatch,Sitta carolinensis,2026-04-26T18:09:54Z,26-Apr-2026,14:09:54,0.58,1
White-breasted Nuthatch,Sitta carolinensis,2026-04-26T18:09:48Z,26-Apr-2026,14:09:48,0.54,1
White-breasted Nuthatch,Sitta carolinensis,2026-04-26T18:09:42Z,26-Apr-2026,14:09:42,0.74,1
White-breasted Nuthatch,Sitta carolinensis,2026-04-26T18:09:28Z,26-Apr-2026,14:09:28,0.27,1
White-breasted Nuthatch,Sitta carolinensis,2026-04-26T18:09:18Z,26-Apr-2026,14:09:18,0.54,1
White-breasted Nuthatch,Sitta carolinensis,2026-04-26T18:08:48Z,26-Apr-2026,14:08:48,0.84,1
White-breasted Nuthatch,Sitta carolinensis,2026-04-26T18:08:39Z,26-Apr-2026,14:08:39,0.69,1
White-breasted Nuthatch,Sitta carolinensis,2026-04-26T18:08:33Z,26-Apr-2026,14:08:33,0.82,1
White-breasted Nuthatch,Sitta carolinensis,2026-04-26T18:08:08Z,26-Apr-2026,14:08:08,0.82,1
White-breasted Nuthatch,Sitta carolinensis,2026-04-26T18:08:01Z,26-Apr-2026,14:08:01,0.77,1
White-breasted Nuthatch,Sitta carolinensis,2026-04-26T18:07:39Z,26-Apr-2026,14:07:39,0.94,1
White-breasted Nuthatch,Sitta carolinensis,2026-04-26T18:07:18Z,26-Apr-2026,14:07:18,0.96,1
White-breasted Nuthatch,Sitta carolinensis,2026-04-26T18:06:28Z,26-Apr-2026,14:06:28,0.81,1
White-breasted Nuthatch,Sitta carolinensis,2026-04-26T18:06:22Z,26-Apr-2026,14:06:22,0.36,1
White-breasted Nuthatch,Sitta carolinensis,2026-04-26T18:06:16Z,26-Apr-2026,14:06:16,0.58,1
American Robin,Turdus migratorius,2026-04-26T18:05:48Z,26-Apr-2026,14:05:48,0.63,1
American Robin,Turdus migratorius,2026-04-26T18:05:30Z,26-Apr-2026,14:05:30,0.39,1
American Goldfinch,Spinus tristis,2026-04-26T17:55:18Z,26-Apr-2026,13:55:18,0.8471,1
Palm Warbler,Setophaga palmarum,2026-04-26T17:52:42Z,26-Apr-2026,13:52:42,0.42,1
Song Sparrow,Melospiza melodia,2026-04-26T17:39:01Z,26-Apr-2026,13:39:01,0.8627,1
American Crow,Corvus brachyrhynchos,2026-04-26T17:33:19Z,26-Apr-2026,13:33:19,0.7804,1
American Crow,Corvus brachyrhynchos,2026-04-26T17:32:40Z,26-Apr-2026,13:32:40,0.33,1
Northern Flicker,Colaptes auratus,2026-04-26T17:31:13Z,26-Apr-2026,13:31:13,0.36,1
Northern Flicker,Colaptes auratus,2026-04-26T17:30:45Z,26-Apr-2026,13:30:45,0.62,1
American Crow,Corvus brachyrhynchos,2026-04-26T17:29:42Z,26-Apr-2026,13:29:42,0.8,1
Northern Flicker,Colaptes auratus,2026-04-26T17:28:25Z,26-Apr-2026,13:28:25,0.56,1
Eastern Phoebe,Sayornis phoebe,2026-04-26T17:26:19Z,26-Apr-2026,13:26:19,0.27,1
Tree Swallow,Tachycineta bicolor,2026-04-26T17:24:31Z,26-Apr-2026,13:24:31,0.29,1
Northern Flicker,Colaptes auratus,2026-04-26T17:23:53Z,26-Apr-2026,13:23:53,0.31,1
Northern Flicker,Colaptes auratus,2026-04-26T17:23:21Z,26-Apr-2026,13:23:21,0.49,1
Northern Flicker,Colaptes auratus,2026-04-26T17:22:33Z,26-Apr-2026,13:22:33,0.5,1
Northern Flicker,Colaptes auratus,2026-04-26T17:22:21Z,26-Apr-2026,13:22:21,0.51,1
American Robin,Turdus migratorius,2026-04-26T17:20:09Z,26-Apr-2026,13:20:09,0.8157,1
Chipping Sparrow,Spizella passerina,2026-04-26T17:19:53Z,26-Apr-2026,13:19:53,0.39,1
Chipping Sparrow,Spizella passerina,2026-04-26T17:19:22Z,26-Apr-2026,13:19:22,0.71,1
Chipping Sparrow,Spizella passerina,2026-04-26T17:18:39Z,26-Apr-2026,13:18:39,0.31,1
Palm Warbler,Setophaga palmarum,2026-04-26T17:12:17Z,26-Apr-2026,13:12:17,0.31,1
Eastern Bluebird,Sialia sialis,2026-04-26T17:10:53Z,26-Apr-2026,13:10:53,0.38,1
Eastern Bluebird,Sialia sialis,2026-04-26T17:10:00Z,26-Apr-2026,13:10:00,0.59,1
Tufted Titmouse,Baeolophus bicolor,2026-04-26T17:09:41Z,26-Apr-2026,13:09:41,0.7804,1
Eastern Bluebird,Sialia sialis,2026-04-26T17:09:16Z,26-Apr-2026,13:09:16,0.98,1
Eastern Bluebird,Sialia sialis,2026-04-26T17:07:12Z,26-Apr-2026,13:07:12,0.39,1
Northern Flicker,Colaptes auratus,2026-04-26T17:06:54Z,26-Apr-2026,13:06:54,0.32,1
Northern Flicker,Colaptes auratus,2026-04-26T17:06:04Z,26-Apr-2026,13:06:04,0.36,1
Palm Warbler,Setophaga palmarum,2026-04-26T17:05:58Z,26-Apr-2026,13:05:58,0.4,1
Chipping Sparrow,Spizella passerina,2026-04-26T17:05:52Z,26-Apr-2026,13:05:52,0.42,1
Palm Warbler,Setophaga palmarum,2026-04-26T17:05:44Z,26-Apr-2026,13:05:44,0.43,1
Northern Flicker,Colaptes auratus,2026-04-26T17:03:18Z,26-Apr-2026,13:03:18,0.31,1
Northern Flicker,Colaptes auratus,2026-04-26T17:02:44Z,26-Apr-2026,13:02:44,0.35,1
Evening Grosbeak,Coccothraustes vespertinus,2026-04-26T17:02:15Z,26-Apr-2026,13:02:15,0.4,1
Northern Flicker,Colaptes auratus,2026-04-26T17:00:51Z,26-Apr-2026,13:00:51,0.38,1
Northern Flicker,Colaptes auratus,2026-04-26T17:00:20Z,26-Apr-2026,13:00:20,0.42,1
Northern Flicker,Colaptes auratus,2026-04-26T16:58:23Z,26-Apr-2026,12:58:23,0.38,1
American Goldfinch,Spinus tristis,2026-04-26T16:58:10Z,26-Apr-2026,12:58:10,0.9255,1
Northern Flicker,Colaptes auratus,2026-04-26T16:58:07Z,26-Apr-2026,12:58:07,0.54,1
Northern Flicker,Colaptes auratus,2026-04-26T16:58:01Z,26-Apr-2026,12:58:01,0.35,1
Northern Flicker,Colaptes auratus,2026-04-26T16:57:54Z,26-Apr-2026,12:57:54,0.51,1
American Robin,Turdus migratorius,2026-04-26T16:57:09Z,26-Apr-2026,12:57:09,0.8,1
Northern Flicker,Colaptes auratus,2026-04-26T16:56:26Z,26-Apr-2026,12:56:26,0.5,1
Northern Flicker,Colaptes auratus,2026-04-26T16:56:11Z,26-Apr-2026,12:56:11,0.29,1
Northern Flicker,Colaptes auratus,2026-04-26T16:55:51Z,26-Apr-2026,12:55:51,0.41,1
Northern Flicker,Colaptes auratus,2026-04-26T16:55:32Z,26-Apr-2026,12:55:32,0.71,1
Northern Flicker,Colaptes auratus,2026-04-26T16:55:19Z,26-Apr-2026,12:55:19,0.35,1
Chipping Sparrow,Spizella passerina,2026-04-26T16:48:05Z,26-Apr-2026,12:48:05,0.47,1
Eastern Bluebird,Sialia sialis,2026-04-26T16:46:56Z,26-Apr-2026,12:46:56,0.93,1
American Goldfinch,Spinus tristis,2026-04-26T16:44:33Z,26-Apr-2026,12:44:33,0.8627,1
Northern Flicker,Colaptes auratus,2026-04-26T16:33:58Z,26-Apr-2026,12:33:58,0.45,1
White-breasted Nuthatch,Sitta carolinensis,2026-04-26T16:33:07Z,26-Apr-2026,12:33:07,0.9,1
White-breasted Nuthatch,Sitta carolinensis,2026-04-26T16:32:52Z,26-Apr-2026,12:32:52,0.92,1
White-breasted Nuthatch,Sitta carolinensis,2026-04-26T16:32:24Z,26-Apr-2026,12:32:24,0.83,1
White-breasted Nuthatch,Sitta carolinensis,2026-04-26T16:32:11Z,26-Apr-2026,12:32:11,0.51,1
White-breasted Nuthatch,Sitta carolinensis,2026-04-26T16:32:05Z,26-Apr-2026,12:32:05,0.88,1
White-breasted Nuthatch,Sitta carolinensis,2026-04-26T16:31:58Z,26-Apr-2026,12:31:58,0.64,1
Mallard,Anas platyrhynchos,2026-04-26T16:31:49Z,26-Apr-2026,12:31:49,0.28,1
Northern Flicker,Colaptes auratus,2026-04-26T16:31:39Z,26-Apr-2026,12:31:39,0.4,1
Northern Flicker,Colaptes auratus,2026-04-26T16:31:24Z,26-Apr-2026,12:31:24,0.37,1
Northern Flicker,Colaptes auratus,2026-04-26T16:30:49Z,26-Apr-2026,12:30:49,0.37,1
Northern Flicker,Colaptes auratus,2026-04-26T16:30:42Z,26-Apr-2026,12:30:42,0.52,1
Northern Flicker,Colaptes auratus,2026-04-26T16:30:27Z,26-Apr-2026,12:30:27,0.47,1
Chipping Sparrow,Spizella passerina,2026-04-26T16:30:20Z,26-Apr-2026,12:30:20,0.45,1
Northern Flicker,Colaptes auratus,2026-04-26T16:30:07Z,26-Apr-2026,12:30:07,0.37,1
Northern Flicker,Colaptes auratus,2026-04-26T16:29:49Z,26-Apr-2026,12:29:49,0.56,1
Northern Flicker,Colaptes auratus,2026-04-26T16:29:43Z,26-Apr-2026,12:29:43,0.81,1
Northern Flicker,Colaptes auratus,2026-04-26T16:29:16Z,26-Apr-2026,12:29:16,0.38,1
Chipping Sparrow,Spizella passerina,2026-04-26T16:28:57Z,26-Apr-2026,12:28:57,0.63,1
Chipping Sparrow,Spizella passerina,2026-04-26T16:27:45Z,26-Apr-2026,12:27:45,0.58,1
Chipping Sparrow,Spizella passerina,2026-04-26T16:27:32Z,26-Apr-2026,12:27:32,0.49,1
Chipping Sparrow,Spizella passerina,2026-04-26T16:20:48Z,26-Apr-2026,12:20:48,0.49,1
Tree Swallow,Tachycineta bicolor,2026-04-26T16:19:58Z,26-Apr-2026,12:19:58,0.59,1
Chipping Sparrow,Spizella passerina,2026-04-26T16:18:33Z,26-Apr-2026,12:18:33,0.44,1
Chipping Sparrow,Spizella passerina,2026-04-26T16:17:18Z,26-Apr-2026,12:17:18,0.39,1
Song Sparrow,Melospiza melodia,2026-04-26T16:13:47Z,26-Apr-2026,12:13:47,0.8471,1
Chipping Sparrow,Spizella passerina,2026-04-26T16:11:43Z,26-Apr-2026,12:11:43,0.35,1
Chipping Sparrow,Spizella passerina,2026-04-26T16:09:51Z,26-Apr-2026,12:09:51,0.27,1
Chipping Sparrow,Spizella passerina,2026-04-26T16:08:18Z,26-Apr-2026,12:08:18,0.41,1
Eastern Phoebe,Sayornis phoebe,2026-04-26T16:05:54Z,26-Apr-2026,12:05:54,0.6,1
Eastern Phoebe,Sayornis phoebe,2026-04-26T16:05:35Z,26-Apr-2026,12:05:35,0.36,1
Eastern Phoebe,Sayornis phoebe,2026-04-26T16:05:07Z,26-Apr-2026,12:05:07,0.26,1
Eastern Phoebe,Sayornis phoebe,2026-04-26T16:05:00Z,26-Apr-2026,12:05:00,0.4,1
Eastern Phoebe,Sayornis phoebe,2026-04-26T16:04:54Z,26-Apr-2026,12:04:54,0.26,1
Eastern Phoebe,Sayornis phoebe,2026-04-26T16:03:45Z,26-Apr-2026,12:03:45,0.9,1
Eastern Phoebe,Sayornis phoebe,2026-04-26T16:03:39Z,26-Apr-2026,12:03:39,0.95,1
Eastern Phoebe,Sayornis phoebe,2026-04-26T16:03:33Z,26-Apr-2026,12:03:33,0.92,1
Eastern Phoebe,Sayornis phoebe,2026-04-26T16:03:26Z,26-Apr-2026,12:03:26,0.68,1
Tree Swallow,Tachycineta bicolor,2026-04-26T15:53:25Z,26-Apr-2026,11:53:25,0.58,1
Chipping Sparrow,Spizella passerina,2026-04-26T15:53:03Z,26-Apr-2026,11:53:03,0.26,1
American Goldfinch,Spinus tristis,2026-04-26T15:50:15Z,26-Apr-2026,11:50:15,0.8627,1
Northern Flicker,Colaptes auratus,2026-04-26T15:49:30Z,26-Apr-2026,11:49:30,0.38,1
Chipping Sparrow,Spizella passerina,2026-04-26T15:49:17Z,26-Apr-2026,11:49:17,0.4,1
Chipping Sparrow,Spizella passerina,2026-04-26T15:48:55Z,26-Apr-2026,11:48:55,0.63,1
Northern Flicker,Colaptes auratus,2026-04-26T15:48:33Z,26-Apr-2026,11:48:33,0.33,1
Chipping Sparrow,Spizella passerina,2026-04-26T15:48:18Z,26-Apr-2026,11:48:18,0.43,1
White-breasted Nuthatch,Sitta carolinensis,2026-04-26T15:47:01Z,26-Apr-2026,11:47:01,0.97,1
White-breasted Nuthatch,Sitta carolinensis,2026-04-26T15:46:51Z,26-Apr-2026,11:46:51,0.93,1
White-breasted Nuthatch,Sitta carolinensis,2026-04-26T15:46:45Z,26-Apr-2026,11:46:45,0.9,1
White-breasted Nuthatch,Sitta carolinensis,2026-04-26T15:46:33Z,26-Apr-2026,11:46:33,0.9,1
Song Sparrow,Melospiza melodia,2026-04-26T15:44:40Z,26-Apr-2026,11:44:40,0.8314,2
Song Sparrow,Melospiza melodia,2026-04-26T15:40:45Z,26-Apr-2026,11:40:45,0.9412,1
Eastern Bluebird,Sialia sialis,2026-04-26T15:39:27Z,26-Apr-2026,11:39:27,0.99,1
Eastern Bluebird,Sialia sialis,2026-04-26T15:39:21Z,26-Apr-2026,11:39:21,0.99,1
Eastern Bluebird,Sialia sialis,2026-04-26T15:39:15Z,26-Apr-2026,11:39:15,0.3,1
Eastern Bluebird,Sialia sialis,2026-04-26T15:39:05Z,26-Apr-2026,11:39:05,0.98,1
Eastern Bluebird,Sialia sialis,2026-04-26T15:38:59Z,26-Apr-2026,11:38:59,0.96,1
Eastern Bluebird,Sialia sialis,2026-04-26T15:38:46Z,26-Apr-2026,11:38:46,0.94,1
Eastern Bluebird,Sialia sialis,2026-04-26T15:38:33Z,26-Apr-2026,11:38:33,0.91,1
Eastern Bluebird,Sialia sialis,2026-04-26T15:38:26Z,26-Apr-2026,11:38:26,0.96,1
Eastern Bluebird,Sialia sialis,2026-04-26T15:38:00Z,26-Apr-2026,11:38:00,0.97,1
Eastern Bluebird,Sialia sialis,2026-04-26T15:37:54Z,26-Apr-2026,11:37:54,0.98,1
Eastern Bluebird,Sialia sialis,2026-04-26T15:37:48Z,26-Apr-2026,11:37:48,0.98,1
Eastern Bluebird,Sialia sialis,2026-04-26T15:37:41Z,26-Apr-2026,11:37:41,0.98,1
Eastern Bluebird,Sialia sialis,2026-04-26T15:37:35Z,26-Apr-2026,11:37:35,0.99,1
American Crow,Corvus brachyrhynchos,2026-04-26T15:37:25Z,26-Apr-2026,11:37:25,0.8,1
Eastern Bluebird,Sialia sialis,2026-04-26T15:37:12Z,26-Apr-2026,11:37:12,0.98,1
Eastern Bluebird,Sialia sialis,2026-04-26T15:37:05Z,26-Apr-2026,11:37:05,0.98,1
Eastern Bluebird,Sialia sialis,2026-04-26T15:36:59Z,26-Apr-2026,11:36:59,0.94,1
Eastern Bluebird,Sialia sialis,2026-04-26T15:36:52Z,26-Apr-2026,11:36:52,0.98,1
Eastern Bluebird,Sialia sialis,2026-04-26T15:36:46Z,26-Apr-2026,11:36:46,0.52,1
Eastern Bluebird,Sialia sialis,2026-04-26T15:36:39Z,26-Apr-2026,11:36:39,0.98,1
Eastern Bluebird,Sialia sialis,2026-04-26T15:36:33Z,26-Apr-2026,11:36:33,0.99,1
Eastern Bluebird,Sialia sialis,2026-04-26T15:36:27Z,26-Apr-2026,11:36:27,0.46,1
Eastern Bluebird,Sialia sialis,2026-04-26T15:36:21Z,26-Apr-2026,11:36:21,0.97,1
Eastern Bluebird,Sialia sialis,2026-04-26T15:36:14Z,26-Apr-2026,11:36:14,0.98,1
Eastern Bluebird,Sialia sialis,2026-04-26T15:35:58Z,26-Apr-2026,11:35:58,0.55,1
Eastern Bluebird,Sialia sialis,2026-04-26T15:35:52Z,26-Apr-2026,11:35:52,0.99,1
Eastern Bluebird,Sialia sialis,2026-04-26T15:35:45Z,26-Apr-2026,11:35:45,0.98,1
Eastern Bluebird,Sialia sialis,2026-04-26T15:35:39Z,26-Apr-2026,11:35:39,0.86,1
Eastern Bluebird,Sialia sialis,2026-04-26T15:35:33Z,26-Apr-2026,11:35:33,0.96,1
Eastern Bluebird,Sialia sialis,2026-04-26T15:35:27Z,26-Apr-2026,11:35:27,0.84,1
Eastern Bluebird,Sialia sialis,2026-04-26T15:35:20Z,26-Apr-2026,11:35:20,0.88,1
Eastern Bluebird,Sialia sialis,2026-04-26T15:35:07Z,26-Apr-2026,11:35:07,0.99,1
White-breasted Nuthatch,Sitta carolinensis,2026-04-26T15:34:54Z,26-Apr-2026,11:34:54,0.4,1
Eastern Bluebird,Sialia sialis,2026-04-26T15:34:40Z,26-Apr-2026,11:34:40,0.92,1
Eastern Bluebird,Sialia sialis,2026-04-26T15:34:34Z,26-Apr-2026,11:34:34,0.85,1
Tufted Titmouse,Baeolophus bicolor,2026-04-26T15:34:31Z,26-Apr-2026,11:34:31,0.7804,1
Eastern Bluebird,Sialia sialis,2026-04-26T15:34:27Z,26-Apr-2026,11:34:27,0.88,1
White-breasted Nuthatch,Sitta carolinensis,2026-04-26T15:34:21Z,26-Apr-2026,11:34:21,0.58,1
White-breasted Nuthatch,Sitta carolinensis,2026-04-26T15:34:15Z,26-Apr-2026,11:34:15,0.64,1
White-breasted Nuthatch,Sitta carolinensis,2026-04-26T15:34:08Z,26-Apr-2026,11:34:08,0.57,1
White-breasted Nuthatch,Sitta carolinensis,2026-04-26T15:34:01Z,26-Apr-2026,11:34:01,0.59,1
White-breasted Nuthatch,Sitta carolinensis,2026-04-26T15:33:49Z,26-Apr-2026,11:33:49,0.54,1
White-breasted Nuthatch,Sitta carolinensis,2026-04-26T15:33:43Z,26-Apr-2026,11:33:43,0.54,1
White-breasted Nuthatch,Sitta carolinensis,2026-04-26T15:33:36Z,26-Apr-2026,11:33:36,0.64,1
White-breasted Nuthatch,Sitta carolinensis,2026-04-26T15:33:29Z,26-Apr-2026,11:33:29,0.68,1
White-breasted Nuthatch,Sitta carolinensis,2026-04-26T15:33:22Z,26-Apr-2026,11:33:22,0.28,1
White-breasted Nuthatch,Sitta carolinensis,2026-04-26T15:33:10Z,26-Apr-2026,11:33:10,0.57,1
White-breasted Nuthatch,Sitta carolinensis,2026-04-26T15:33:03Z,26-Apr-2026,11:33:03,0.79,1
White-breasted Nuthatch,Sitta carolinensis,2026-04-26T15:32:57Z,26-Apr-2026,11:32:57,0.85,1
White-breasted Nuthatch,Sitta carolinensis,2026-04-26T15:32:49Z,26-Apr-2026,11:32:49,0.86,1
White-breasted Nuthatch,Sitta carolinensis,2026-04-26T15:32:34Z,26-Apr-2026,11:32:34,0.94,1
White-breasted Nuthatch,Sitta carolinensis,2026-04-26T15:32:28Z,26-Apr-2026,11:32:28,0.68,1
White-breasted Nuthatch,Sitta carolinensis,2026-04-26T15:32:15Z,26-Apr-2026,11:32:15,0.34,1
White-breasted Nuthatch,Sitta carolinensis,2026-04-26T15:32:09Z,26-Apr-2026,11:32:09,0.52,1
White-breasted Nuthatch,Sitta carolinensis,2026-04-26T15:32:03Z,26-Apr-2026,11:32:03,0.6,1
White-breasted Nuthatch,Sitta carolinensis,2026-04-26T15:31:56Z,26-Apr-2026,11:31:56,0.78,1
White-breasted Nuthatch,Sitta carolinensis,2026-04-26T15:31:34Z,26-Apr-2026,11:31:34,0.81,1
Chipping Sparrow,Spizella passerina,2026-04-26T15:31:18Z,26-Apr-2026,11:31:18,0.39,1
White-breasted Nuthatch,Sitta carolinensis,2026-04-26T15:31:09Z,26-Apr-2026,11:31:09,0.51,1
White-breasted Nuthatch,Sitta carolinensis,2026-04-26T15:30:55Z,26-Apr-2026,11:30:55,0.95,1
White-breasted Nuthatch,Sitta carolinensis,2026-04-26T15:30:49Z,26-Apr-2026,11:30:49,0.79,1
White-breasted Nuthatch,Sitta carolinensis,2026-04-26T15:30:36Z,26-Apr-2026,11:30:36,0.29,1
White-breasted Nuthatch,Sitta carolinensis,2026-04-26T15:30:21Z,26-Apr-2026,11:30:21,0.29,1
White-breasted Nuthatch,Sitta carolinensis,2026-04-26T15:30:15Z,26-Apr-2026,11:30:15,0.74,1
White-breasted Nuthatch,Sitta carolinensis,2026-04-26T15:30:02Z,26-Apr-2026,11:30:02,0.67,1
White-breasted Nuthatch,Sitta carolinensis,2026-04-26T15:29:55Z,26-Apr-2026,11:29:55,0.95,1
White-breasted Nuthatch,Sitta carolinensis,2026-04-26T15:29:49Z,26-Apr-2026,11:29:49,0.84,1
White-breasted Nuthatch,Sitta carolinensis,2026-04-26T15:29:43Z,26-Apr-2026,11:29:43,0.46,1
White-breasted Nuthatch,Sitta carolinensis,2026-04-26T15:29:36Z,26-Apr-2026,11:29:36,0.4,1
White-breasted Nuthatch,Sitta carolinensis,2026-04-26T15:29:26Z,26-Apr-2026,11:29:26,0.78,1
White-breasted Nuthatch,Sitta carolinensis,2026-04-26T15:29:19Z,26-Apr-2026,11:29:19,0.44,1
White-breasted Nuthatch,Sitta carolinensis,2026-04-26T15:29:10Z,26-Apr-2026,11:29:10,0.8,1
White-breasted Nuthatch,Sitta carolinensis,2026-04-26T15:29:00Z,26-Apr-2026,11:29:00,0.82,1
White-breasted Nuthatch,Sitta carolinensis,2026-04-26T15:28:48Z,26-Apr-2026,11:28:48,0.91,1
Chipping Sparrow,Spizella passerina,2026-04-26T15:28:40Z,26-Apr-2026,11:28:40,0.29,1
White-breasted Nuthatch,Sitta carolinensis,2026-04-26T15:27:19Z,26-Apr-2026,11:27:19,0.79,1
White-breasted Nuthatch,Sitta carolinensis,2026-04-26T15:27:12Z,26-Apr-2026,11:27:12,0.87,1
White-breasted Nuthatch,Sitta carolinensis,2026-04-26T15:27:06Z,26-Apr-2026,11:27:06,0.83,1
Northern Flicker,Colaptes auratus,2026-04-26T15:26:54Z,26-Apr-2026,11:26:54,0.62,1
White-breasted Nuthatch,Sitta carolinensis,2026-04-26T15:26:37Z,26-Apr-2026,11:26:37,0.72,1
White-breasted Nuthatch,Sitta carolinensis,2026-04-26T15:26:30Z,26-Apr-2026,11:26:30,0.87,1
White-breasted Nuthatch,Sitta carolinensis,2026-04-26T15:26:18Z,26-Apr-2026,11:26:18,0.67,1
White-breasted Nuthatch,Sitta carolinensis,2026-04-26T15:26:09Z,26-Apr-2026,11:26:09,0.8,1
White-breasted Nuthatch,Sitta carolinensis,2026-04-26T15:26:02Z,26-Apr-2026,11:26:02,0.94,1
White-breasted Nuthatch,Sitta carolinensis,2026-04-26T15:25:56Z,26-Apr-2026,11:25:56,0.89,1
White-breasted Nuthatch,Sitta carolinensis,2026-04-26T15:25:46Z,26-Apr-2026,11:25:46,0.92,1
White-breasted Nuthatch,Sitta carolinensis,2026-04-26T15:25:27Z,26-Apr-2026,11:25:27,0.93,1
White-breasted Nuthatch,Sitta carolinensis,2026-04-26T15:25:15Z,26-Apr-2026,11:25:15,0.9,1
White-breasted Nuthatch,Sitta carolinensis,2026-04-26T15:25:09Z,26-Apr-2026,11:25:09,0.74,1
White-breasted Nuthatch,Sitta carolinensis,2026-04-26T15:24:59Z,26-Apr-2026,11:24:59,0.65,1
White-breasted Nuthatch,Sitta carolinensis,2026-04-26T15:24:53Z,26-Apr-2026,11:24:53,0.58,1
White-breasted Nuthatch,Sitta carolinensis,2026-04-26T15:24:46Z,26-Apr-2026,11:24:46,0.79,1
White-breasted Nuthatch,Sitta carolinensis,2026-04-26T15:24:27Z,26-Apr-2026,11:24:27,0.52,1
White-breasted Nuthatch,Sitta carolinensis,2026-04-26T15:24:08Z,26-Apr-2026,11:24:08,0.53,1
Chipping Sparrow,Spizella passerina,2026-04-26T15:23:25Z,26-Apr-2026,11:23:25,0.37,1
Chipping Sparrow,Spizella passerina,2026-04-26T15:23:13Z,26-Apr-2026,11:23:13,0.26,1
White-breasted Nuthatch,Sitta carolinensis,2026-04-26T15:23:03Z,26-Apr-2026,11:23:03,0.33,1
Northern Flicker,Colaptes auratus,2026-04-26T15:22:50Z,26-Apr-2026,11:22:50,0.27,1
Northern Flicker,Colaptes auratus,2026-04-26T15:22:43Z,26-Apr-2026,11:22:43,0.43,1
Chipping Sparrow,Spizella passerina,2026-04-26T15:22:37Z,26-Apr-2026,11:22:37,0.48,1
Northern Flicker,Colaptes auratus,2026-04-26T15:22:24Z,26-Apr-2026,11:22:24,0.28,1
Northern Flicker,Colaptes auratus,2026-04-26T15:22:18Z,26-Apr-2026,11:22:18,0.45,1
White-breasted Nuthatch,Sitta carolinensis,2026-04-26T15:22:02Z,26-Apr-2026,11:22:02,0.65,1
Northern Flicker,Colaptes auratus,2026-04-26T15:21:56Z,26-Apr-2026,11:21:56,0.69,1
White-breasted Nuthatch,Sitta carolinensis,2026-04-26T15:21:50Z,26-Apr-2026,11:21:50,0.51,1
Chipping Sparrow,Spizella passerina,2026-04-26T15:21:27Z,26-Apr-2026,11:21:27,0.31,1
White-breasted Nuthatch,Sitta carolinensis,2026-04-26T15:21:07Z,26-Apr-2026,11:21:07,0.42,1
Pileated Woodpecker,Dryocopus pileatus,2026-04-26T15:20:24Z,26-Apr-2026,11:20:24,0.27,1
Northern Flicker,Colaptes auratus,2026-04-26T15:20:02Z,26-Apr-2026,11:20:02,0.32,1
Northern Flicker,Colaptes auratus,2026-04-26T15:19:30Z,26-Apr-2026,11:19:30,0.34,1
Northern Flicker,Colaptes auratus,2026-04-26T15:19:00Z,26-Apr-2026,11:19:00,0.28,1
Northern Flicker,Colaptes auratus,2026-04-26T15:18:29Z,26-Apr-2026,11:18:29,0.51,1
American Crow,Corvus brachyrhynchos,2026-04-26T15:18:19Z,26-Apr-2026,11:18:19,0.8,1
Northern Flicker,Colaptes auratus,2026-04-26T15:18:07Z,26-Apr-2026,11:18:07,0.32,1
American Crow,Corvus brachyrhynchos,2026-04-26T15:18:00Z,26-Apr-2026,11:18:00,0.29,1
White-breasted Nuthatch,Sitta carolinensis,2026-04-26T15:17:35Z,26-Apr-2026,11:17:35,0.62,1
Northern Flicker,Colaptes auratus,2026-04-26T15:17:29Z,26-Apr-2026,11:17:29,0.43,1
Northern Flicker,Colaptes auratus,2026-04-26T15:17:00Z,26-Apr-2026,11:17:00,0.71,1
Pileated Woodpecker,Dryocopus pileatus,2026-04-26T15:16:37Z,26-Apr-2026,11:16:37,0.44,1
Northern Flicker,Colaptes auratus,2026-04-26T15:16:18Z,26-Apr-2026,11:16:18,0.38,1
Northern Flicker,Colaptes auratus,2026-04-26T15:16:01Z,26-Apr-2026,11:16:01,0.68,1
Chipping Sparrow,Spizella passerina,2026-04-26T15:15:39Z,26-Apr-2026,11:15:39,0.28,1
White-breasted Nuthatch,Sitta carolinensis,2026-04-26T15:14:39Z,26-Apr-2026,11:14:39,0.58,1
Northern Flicker,Colaptes auratus,2026-04-26T15:14:24Z,26-Apr-2026,11:14:24,0.62,1
White-breasted Nuthatch,Sitta carolinensis,2026-04-26T15:14:02Z,26-Apr-2026,11:14:02,0.91,1
Palm Warbler,Setophaga palmarum,2026-04-26T15:13:52Z,26-Apr-2026,11:13:52,0.47,1
Northern Flicker,Colaptes auratus,2026-04-26T15:13:46Z,26-Apr-2026,11:13:46,0.77,1
White-breasted Nuthatch,Sitta carolinensis,2026-04-26T15:13:11Z,26-Apr-2026,11:13:11,0.4,1
Northern Flicker,Colaptes auratus,2026-04-26T15:12:49Z,26-Apr-2026,11:12:49,0.56,1
Pileated Woodpecker,Dryocopus pileatus,2026-04-26T15:12:37Z,26-Apr-2026,11:12:37,0.26,1
American Crow,Corvus brachyrhynchos,2026-04-26T15:12:30Z,26-Apr-2026,11:12:30,0.7804,1
Northern Flicker,Colaptes auratus,2026-04-26T15:11:43Z,26-Apr-2026,11:11:43,0.41,1
Northern Flicker,Colaptes auratus,2026-04-26T15:10:55Z,26-Apr-2026,11:10:55,0.5,1
Northern Flicker,Colaptes auratus,2026-04-26T15:10:49Z,26-Apr-2026,11:10:49,0.48,1
Northern Flicker,Colaptes auratus,2026-04-26T15:10:04Z,26-Apr-2026,11:10:04,0.31,1
Northern Flicker,Colaptes auratus,2026-04-26T15:09:45Z,26-Apr-2026,11:09:45,0.63,1
Northern Flicker,Colaptes auratus,2026-04-26T15:09:39Z,26-Apr-2026,11:09:39,0.84,1
American Crow,Corvus brachyrhynchos,2026-04-26T15:09:04Z,26-Apr-2026,11:09:04,0.8157,1
Northern Flicker,Colaptes auratus,2026-04-26T15:06:58Z,26-Apr-2026,11:06:58,0.74,1
Northern Flicker,Colaptes auratus,2026-04-26T15:06:31Z,26-Apr-2026,11:06:31,0.71,1
Northern Flicker,Colaptes auratus,2026-04-26T15:05:55Z,26-Apr-2026,11:05:55,0.75,1
Northern Flicker,Colaptes auratus,2026-04-26T15:05:47Z,26-Apr-2026,11:05:47,0.67,1
Eastern Phoebe,Sayornis phoebe,2026-04-26T15:01:03Z,26-Apr-2026,11:01:03,0.65,1
Eastern Phoebe,Sayornis phoebe,2026-04-26T15:00:53Z,26-Apr-2026,11:00:53,0.35,1
Eastern Phoebe,Sayornis phoebe,2026-04-26T15:00:38Z,26-Apr-2026,11:00:38,0.32,1
Eastern Phoebe,Sayornis phoebe,2026-04-26T15:00:18Z,26-Apr-2026,11:00:18,0.89,1
Eastern Phoebe,Sayornis phoebe,2026-04-26T14:59:58Z,26-Apr-2026,10:59:58,0.69,1
Eastern Phoebe,Sayornis phoebe,2026-04-26T14:59:52Z,26-Apr-2026,10:59:52,0.77,1
Eastern Phoebe,Sayornis phoebe,2026-04-26T14:59:46Z,26-Apr-2026,10:59:46,0.75,1
Eastern Phoebe,Sayornis phoebe,2026-04-26T14:59:39Z,26-Apr-2026,10:59:39,0.7,1
Eastern Phoebe,Sayornis phoebe,2026-04-26T14:59:32Z,26-Apr-2026,10:59:32,0.91,1
Eastern Phoebe,Sayornis phoebe,2026-04-26T14:59:26Z,26-Apr-2026,10:59:26,0.37,1
Black-capped Chickadee,Poecile atricapillus,2026-04-26T14:56:54Z,26-Apr-2026,10:56:54,0.8471,1
American Goldfinch,Spinus tristis,2026-04-26T14:51:14Z,26-Apr-2026,10:51:14,0.7804,1
Chipping Sparrow,Spizella passerina,2026-04-26T14:47:15Z,26-Apr-2026,10:47:15,0.4,1
Chipping Sparrow,Spizella passerina,2026-04-26T14:46:54Z,26-Apr-2026,10:46:54,0.65,1
Chipping Sparrow,Spizella passerina,2026-04-26T14:46:47Z,26-Apr-2026,10:46:47,0.44,1
Northern Flicker,Colaptes auratus,2026-04-26T14:46:28Z,26-Apr-2026,10:46:28,0.4,1
Chipping Sparrow,Spizella passerina,2026-04-26T14:46:18Z,26-Apr-2026,10:46:18,0.39,1
Palm Warbler,Setophaga palmarum,2026-04-26T14:46:09Z,26-Apr-2026,10:46:09,0.57,1
Chipping Sparrow,Spizella passerina,2026-04-26T14:45:58Z,26-Apr-2026,10:45:58,0.45,1
Chipping Sparrow,Spizella passerina,2026-04-26T14:45:46Z,26-Apr-2026,10:45:46,0.74,1
Northern Flicker,Colaptes auratus,2026-04-26T14:45:39Z,26-Apr-2026,10:45:39,0.48,1
Chipping Sparrow,Spizella passerina,2026-04-26T14:45:33Z,26-Apr-2026,10:45:33,0.55,1
Chipping Sparrow,Spizella passerina,2026-04-26T14:45:17Z,26-Apr-2026,10:45:17,0.35,1
Northern Flicker,Colaptes auratus,2026-04-26T14:45:10Z,26-Apr-2026,10:45:10,0.46,1
Chipping Sparrow,Spizella passerina,2026-04-26T14:45:04Z,26-Apr-2026,10:45:04,0.68,1
Chipping Sparrow,Spizella passerina,2026-04-26T14:44:54Z,26-Apr-2026,10:44:54,0.5,1
Northern Flicker,Colaptes auratus,2026-04-26T14:44:16Z,26-Apr-2026,10:44:16,0.54,1
Palm Warbler,Setophaga palmarum,2026-04-26T14:44:10Z,26-Apr-2026,10:44:10,0.58,1
Tree Swallow,Tachycineta bicolor,2026-04-26T14:43:36Z,26-Apr-2026,10:43:36,0.26,1
Northern Flicker,Colaptes auratus,2026-04-26T14:43:18Z,26-Apr-2026,10:43:18,0.5,1
Chipping Sparrow,Spizella passerina,2026-04-26T14:43:03Z,26-Apr-2026,10:43:03,0.4,1
Northern Flicker,Colaptes auratus,2026-04-26T14:42:42Z,26-Apr-2026,10:42:42,0.78,1
Northern Flicker,Colaptes auratus,2026-04-26T14:42:36Z,26-Apr-2026,10:42:36,0.59,1
Chipping Sparrow,Spizella passerina,2026-04-26T14:42:30Z,26-Apr-2026,10:42:30,0.36,1
Chipping Sparrow,Spizella passerina,2026-04-26T14:42:16Z,26-Apr-2026,10:42:16,0.41,1
Northern Flicker,Colaptes auratus,2026-04-26T14:42:07Z,26-Apr-2026,10:42:07,0.46,1
Chipping Sparrow,Spizella passerina,2026-04-26T14:42:00Z,26-Apr-2026,10:42:00,0.65,1
Chipping Sparrow,Spizella passerina,2026-04-26T14:41:41Z,26-Apr-2026,10:41:41,0.34,1
Northern Flicker,Colaptes auratus,2026-04-26T14:41:35Z,26-Apr-2026,10:41:35,0.26,1
Chipping Sparrow,Spizella passerina,2026-04-26T14:41:16Z,26-Apr-2026,10:41:16,0.62,1
Northern Flicker,Colaptes auratus,2026-04-26T14:41:10Z,26-Apr-2026,10:41:10,0.27,1
Northern Flicker,Colaptes auratus,2026-04-26T14:41:03Z,26-Apr-2026,10:41:03,0.4,1
Northern Flicker,Colaptes auratus,2026-04-26T14:40:38Z,26-Apr-2026,10:40:38,0.34,1
Chipping Sparrow,Spizella passerina,2026-04-26T14:40:32Z,26-Apr-2026,10:40:32,0.45,1
Northern Flicker,Colaptes auratus,2026-04-26T14:40:16Z,26-Apr-2026,10:40:16,0.7,1
Northern Flicker,Colaptes auratus,2026-04-26T14:40:09Z,26-Apr-2026,10:40:09,0.51,1
Chipping Sparrow,Spizella passerina,2026-04-26T14:39:59Z,26-Apr-2026,10:39:59,0.34,1
Northern Flicker,Colaptes auratus,2026-04-26T14:39:21Z,26-Apr-2026,10:39:21,0.34,1
Chipping Sparrow,Spizella passerina,2026-04-26T14:39:15Z,26-Apr-2026,10:39:15,0.51,1
Northern Flicker,Colaptes auratus,2026-04-26T14:38:02Z,26-Apr-2026,10:38:02,0.69,1
Northern Flicker,Colaptes auratus,2026-04-26T14:37:56Z,26-Apr-2026,10:37:56,0.46,1
Chipping Sparrow,Spizella passerina,2026-04-26T14:37:23Z,26-Apr-2026,10:37:23,0.55,1
Chipping Sparrow,Spizella passerina,2026-04-26T14:37:10Z,26-Apr-2026,10:37:10,0.32,1
Chipping Sparrow,Spizella passerina,2026-04-26T14:36:51Z,26-Apr-2026,10:36:51,0.34,1
White-breasted Nuthatch,Sitta carolinensis,2026-04-26T14:35:44Z,26-Apr-2026,10:35:44,0.91,1
White-breasted Nuthatch,Sitta carolinensis,2026-04-26T14:35:38Z,26-Apr-2026,10:35:38,0.83,1
White-breasted Nuthatch,Sitta carolinensis,2026-04-26T14:35:31Z,26-Apr-2026,10:35:31,0.82,1
White-breasted Nuthatch,Sitta carolinensis,2026-04-26T14:35:25Z,26-Apr-2026,10:35:25,0.56,1
White-breasted Nuthatch,Sitta carolinensis,2026-04-26T14:35:18Z,26-Apr-2026,10:35:18,0.76,1
White-breasted Nuthatch,Sitta carolinensis,2026-04-26T14:35:12Z,26-Apr-2026,10:35:12,0.74,1
White-breasted Nuthatch,Sitta carolinensis,2026-04-26T14:35:06Z,26-Apr-2026,10:35:06,0.39,1
White-breasted Nuthatch,Sitta carolinensis,2026-04-26T14:34:38Z,26-Apr-2026,10:34:38,0.96,1
White-breasted Nuthatch,Sitta carolinensis,2026-04-26T14:34:31Z,26-Apr-2026,10:34:31,0.41,1
White-breasted Nuthatch,Sitta carolinensis,2026-04-26T14:33:50Z,26-Apr-2026,10:33:50,0.48,1
Chipping Sparrow,Spizella passerina,2026-04-26T14:31:08Z,26-Apr-2026,10:31:08,0.64,1
Northern Flicker,Colaptes auratus,2026-04-26T14:30:46Z,26-Apr-2026,10:30:46,0.7,1
Northern Flicker,Colaptes auratus,2026-04-26T14:30:39Z,26-Apr-2026,10:30:39,0.84,1
Northern Flicker,Colaptes auratus,2026-04-26T14:30:24Z,26-Apr-2026,10:30:24,0.36,1
Northern Flicker,Colaptes auratus,2026-04-26T14:30:17Z,26-Apr-2026,10:30:17,0.45,1
Chipping Sparrow,Spizella passerina,2026-04-26T14:29:37Z,26-Apr-2026,10:29:37,0.45,1
Chipping Sparrow,Spizella passerina,2026-04-26T14:28:45Z,26-Apr-2026,10:28:45,0.65,1
Chipping Sparrow,Spizella passerina,2026-04-26T14:26:18Z,26-Apr-2026,10:26:18,0.28,1
Chipping Sparrow,Spizella passerina,2026-04-26T14:23:09Z,26-Apr-2026,10:23:09,0.34,1
Chipping Sparrow,Spizella passerina,2026-04-26T14:22:17Z,26-Apr-2026,10:22:17,0.72,1
Chipping Sparrow,Spizella passerina,2026-04-26T14:22:08Z,26-Apr-2026,10:22:08,0.28,1
Northern Flicker,Colaptes auratus,2026-04-26T14:21:14Z,26-Apr-2026,10:21:14,0.27,1
Northern Flicker,Colaptes auratus,2026-04-26T14:21:08Z,26-Apr-2026,10:21:08,0.66,1
Northern Flicker,Colaptes auratus,2026-04-26T14:20:55Z,26-Apr-2026,10:20:55,0.3,1
Northern Flicker,Colaptes auratus,2026-04-26T14:20:49Z,26-Apr-2026,10:20:49,0.77,1
Northern Flicker,Colaptes auratus,2026-04-26T14:20:11Z,26-Apr-2026,10:20:11,0.56,1
Northern Flicker,Colaptes auratus,2026-04-26T14:19:49Z,26-Apr-2026,10:19:49,0.58,1
Chipping Sparrow,Spizella passerina,2026-04-26T14:19:42Z,26-Apr-2026,10:19:42,0.32,1
Northern Flicker,Colaptes auratus,2026-04-26T14:19:36Z,26-Apr-2026,10:19:36,0.85,1
Northern Flicker,Colaptes auratus,2026-04-26T14:19:29Z,26-Apr-2026,10:19:29,0.31,1
Chipping Sparrow,Spizella passerina,2026-04-26T14:19:17Z,26-Apr-2026,10:19:17,0.45,1
Northern Flicker,Colaptes auratus,2026-04-26T14:19:11Z,26-Apr-2026,10:19:11,0.26,1
Northern Flicker,Colaptes auratus,2026-04-26T14:18:42Z,26-Apr-2026,10:18:42,0.29,1
Chipping Sparrow,Spizella passerina,2026-04-26T14:18:32Z,26-Apr-2026,10:18:32,0.38,1
Northern Flicker,Colaptes auratus,2026-04-26T14:18:19Z,26-Apr-2026,10:18:19,0.5,1
Northern Flicker,Colaptes auratus,2026-04-26T14:18:00Z,26-Apr-2026,10:18:00,0.28,1
Chipping Sparrow,Spizella passerina,2026-04-26T14:17:47Z,26-Apr-2026,10:17:47,0.54,1
White-breasted Nuthatch,Sitta carolinensis,2026-04-26T14:12:47Z,26-Apr-2026,10:12:47,0.94,1
White-breasted Nuthatch,Sitta carolinensis,2026-04-26T14:12:41Z,26-Apr-2026,10:12:41,0.84,1
White-breasted Nuthatch,Sitta carolinensis,2026-04-26T14:12:34Z,26-Apr-2026,10:12:34,0.87,1
White-breasted Nuthatch,Sitta carolinensis,2026-04-26T14:12:28Z,26-Apr-2026,10:12:28,0.76,1
White-breasted Nuthatch,Sitta carolinensis,2026-04-26T14:12:21Z,26-Apr-2026,10:12:21,0.87,1
White-breasted Nuthatch,Sitta carolinensis,2026-04-26T14:12:09Z,26-Apr-2026,10:12:09,0.76,1
White-breasted Nuthatch,Sitta carolinensis,2026-04-26T14:12:02Z,26-Apr-2026,10:12:02,0.87,1
White-breasted Nuthatch,Sitta carolinensis,2026-04-26T14:11:56Z,26-Apr-2026,10:11:56,0.8,1
White-breasted Nuthatch,Sitta carolinensis,2026-04-26T14:11:50Z,26-Apr-2026,10:11:50,0.67,1
White-breasted Nuthatch,Sitta carolinensis,2026-04-26T14:11:43Z,26-Apr-2026,10:11:43,0.79,1
White-breasted Nuthatch,Sitta carolinensis,2026-04-26T14:11:37Z,26-Apr-2026,10:11:37,0.81,1
White-breasted Nuthatch,Sitta carolinensis,2026-04-26T14:11:30Z,26-Apr-2026,10:11:30,0.74,1
White-breasted Nuthatch,Sitta carolinensis,2026-04-26T14:11:24Z,26-Apr-2026,10:11:24,0.86,1
White-breasted Nuthatch,Sitta carolinensis,2026-04-26T14:11:17Z,26-Apr-2026,10:11:17,0.75,1
White-breasted Nuthatch,Sitta carolinensis,2026-04-26T14:11:08Z,26-Apr-2026,10:11:08,0.93,1
White-breasted Nuthatch,Sitta carolinensis,2026-04-26T14:11:01Z,26-Apr-2026,10:11:01,0.92,1
White-breasted Nuthatch,Sitta carolinensis,2026-04-26T14:10:55Z,26-Apr-2026,10:10:55,0.78,1
White-breasted Nuthatch,Sitta carolinensis,2026-04-26T14:10:49Z,26-Apr-2026,10:10:49,0.75,1
White-breasted Nuthatch,Sitta carolinensis,2026-04-26T14:10:42Z,26-Apr-2026,10:10:42,0.78,1
White-breasted Nuthatch,Sitta carolinensis,2026-04-26T14:10:32Z,26-Apr-2026,10:10:32,0.94,1
White-breasted Nuthatch,Sitta carolinensis,2026-04-26T14:10:26Z,26-Apr-2026,10:10:26,0.87,1
White-breasted Nuthatch,Sitta carolinensis,2026-04-26T14:10:19Z,26-Apr-2026,10:10:19,0.9,1
White-breasted Nuthatch,Sitta carolinensis,2026-04-26T14:10:13Z,26-Apr-2026,10:10:13,0.86,1
White-breasted Nuthatch,Sitta carolinensis,2026-04-26T14:10:06Z,26-Apr-2026,10:10:06,0.94,1
White-breasted Nuthatch,Sitta carolinensis,2026-04-26T14:09:56Z,26-Apr-2026,10:09:56,0.9,1
White-breasted Nuthatch,Sitta carolinensis,2026-04-26T14:09:50Z,26-Apr-2026,10:09:50,0.95,1
White-breasted Nuthatch,Sitta carolinensis,2026-04-26T14:09:43Z,26-Apr-2026,10:09:43,0.91,1
White-breasted Nuthatch,Sitta carolinensis,2026-04-26T14:09:33Z,26-Apr-2026,10:09:33,0.59,1
White-breasted Nuthatch,Sitta carolinensis,2026-04-26T14:09:27Z,26-Apr-2026,10:09:27,0.82,1
American Goldfinch,Spinus tristis,2026-04-26T14:08:46Z,26-Apr-2026,10:08:46,0.51,1
American Goldfinch,Spinus tristis,2026-04-26T14:08:21Z,26-Apr-2026,10:08:21,0.71,1
American Goldfinch,Spinus tristis,2026-04-26T14:07:53Z,26-Apr-2026,10:07:53,0.9882,9
American Goldfinch,Spinus tristis,2026-04-26T14:07:01Z,26-Apr-2026,10:07:01,0.3,1
American Goldfinch,Spinus tristis,2026-04-26T14:06:45Z,26-Apr-2026,10:06:45,0.8627,1
Palm Warbler,Setophaga palmarum,2026-04-26T14:02:26Z,26-Apr-2026,10:02:26,0.41,1
Chipping Sparrow,Spizella passerina,2026-04-26T14:02:13Z,26-Apr-2026,10:02:13,0.5,1
Chipping Sparrow,Spizella passerina,2026-04-26T14:00:21Z,26-Apr-2026,10:00:21,0.48,1
Chipping Sparrow,Spizella passerina,2026-04-26T13:58:46Z,26-Apr-2026,09:58:46,0.35,1
Chipping Sparrow,Spizella passerina,2026-04-26T13:58:36Z,26-Apr-2026,09:58:36,0.47,1
Chipping Sparrow,Spizella passerina,2026-04-26T13:58:24Z,26-Apr-2026,09:58:24,0.29,1
Chipping Sparrow,Spizella passerina,2026-04-26T13:58:00Z,26-Apr-2026,09:58:00,0.29,1
Chipping Sparrow,Spizella passerina,2026-04-26T13:55:50Z,26-Apr-2026,09:55:50,0.29,1
Northern Flicker,Colaptes auratus,2026-04-26T13:53:11Z,26-Apr-2026,09:53:11,0.74,1
Chipping Sparrow,Spizella passerina,2026-04-26T13:52:06Z,26-Apr-2026,09:52:06,0.4,1
Northern Flicker,Colaptes auratus,2026-04-26T13:51:54Z,26-Apr-2026,09:51:54,0.29,1
Chipping Sparrow,Spizella passerina,2026-04-26T13:51:29Z,26-Apr-2026,09:51:29,0.58,1
Northern Flicker,Colaptes auratus,2026-04-26T13:51:10Z,26-Apr-2026,09:51:10,0.83,1
Northern Flicker,Colaptes auratus,2026-04-26T13:50:58Z,26-Apr-2026,09:50:58,0.75,1
Northern Flicker,Colaptes auratus,2026-04-26T13:50:39Z,26-Apr-2026,09:50:39,0.85,1
Northern Flicker,Colaptes auratus,2026-04-26T13:50:26Z,26-Apr-2026,09:50:26,0.61,1
Northern Flicker,Colaptes auratus,2026-04-26T13:48:41Z,26-Apr-2026,09:48:41,0.39,1
Northern Flicker,Colaptes auratus,2026-04-26T13:48:32Z,26-Apr-2026,09:48:32,0.55,1
Northern Flicker,Colaptes auratus,2026-04-26T13:47:16Z,26-Apr-2026,09:47:16,0.59,1
Chipping Sparrow,Spizella passerina,2026-04-26T13:46:43Z,26-Apr-2026,09:46:43,0.41,1
Chipping Sparrow,Spizella passerina,2026-04-26T13:44:45Z,26-Apr-2026,09:44:45,0.28,1
Savannah Sparrow,Passerculus sandwichensis,2026-04-26T13:43:57Z,26-Apr-2026,09:43:57,0.41,1
Northern Flicker,Colaptes auratus,2026-04-26T13:43:26Z,26-Apr-2026,09:43:26,0.33,1
Song Sparrow,Melospiza melodia,2026-04-26T13:43:23Z,26-Apr-2026,09:43:23,0.8314,1
Northern Flicker,Colaptes auratus,2026-04-26T13:42:54Z,26-Apr-2026,09:42:54,0.77,1
Northern Flicker,Colaptes auratus,2026-04-26T13:41:59Z,26-Apr-2026,09:41:59,0.86,1
Northern Flicker,Colaptes auratus,2026-04-26T13:41:53Z,26-Apr-2026,09:41:53,0.45,1
Northern Flicker,Colaptes auratus,2026-04-26T13:41:28Z,26-Apr-2026,09:41:28,0.87,1
Northern Flicker,Colaptes auratus,2026-04-26T13:41:14Z,26-Apr-2026,09:41:14,0.68,1
Northern Flicker,Colaptes auratus,2026-04-26T13:41:01Z,26-Apr-2026,09:41:01,0.67,1
Northern Flicker,Colaptes auratus,2026-04-26T13:40:55Z,26-Apr-2026,09:40:55,0.39,1
Northern Flicker,Colaptes auratus,2026-04-26T13:40:26Z,26-Apr-2026,09:40:26,0.57,1
Northern Flicker,Colaptes auratus,2026-04-26T13:40:14Z,26-Apr-2026,09:40:14,0.82,1
Black-capped Chickadee,Poecile atricapillus,2026-04-26T13:40:10Z,26-Apr-2026,09:40:10,0.949,1
Northern Flicker,Colaptes auratus,2026-04-26T13:40:07Z,26-Apr-2026,09:40:07,0.69,1
Northern Flicker,Colaptes auratus,2026-04-26T13:39:53Z,26-Apr-2026,09:39:53,0.87,1
Northern Flicker,Colaptes auratus,2026-04-26T13:39:46Z,26-Apr-2026,09:39:46,0.7,1
Northern Flicker,Colaptes auratus,2026-04-26T13:39:37Z,26-Apr-2026,09:39:37,0.82,1
Northern Flicker,Colaptes auratus,2026-04-26T13:39:31Z,26-Apr-2026,09:39:31,0.39,1
Northern Flicker,Colaptes auratus,2026-04-26T13:39:21Z,26-Apr-2026,09:39:21,0.82,1
Northern Flicker,Colaptes auratus,2026-04-26T13:39:07Z,26-Apr-2026,09:39:07,0.91,1
Northern Flicker,Colaptes auratus,2026-04-26T13:39:01Z,26-Apr-2026,09:39:01,0.35,1
Northern Flicker,Colaptes auratus,2026-04-26T13:38:55Z,26-Apr-2026,09:38:55,0.76,1
Savannah Sparrow,Passerculus sandwichensis,2026-04-26T13:38:48Z,26-Apr-2026,09:38:48,0.77,1
Northern Flicker,Colaptes auratus,2026-04-26T13:38:41Z,26-Apr-2026,09:38:41,0.39,1
Savannah Sparrow,Passerculus sandwichensis,2026-04-26T13:37:28Z,26-Apr-2026,09:37:28,0.45,1
Savannah Sparrow,Passerculus sandwichensis,2026-04-26T13:37:09Z,26-Apr-2026,09:37:09,0.27,1
Chipping Sparrow,Spizella passerina,2026-04-26T13:36:38Z,26-Apr-2026,09:36:38,0.26,1
Savannah Sparrow,Passerculus sandwichensis,2026-04-26T13:35:34Z,26-Apr-2026,09:35:34,0.43,1
Palm Warbler,Setophaga palmarum,2026-04-26T13:32:52Z,26-Apr-2026,09:32:52,0.32,1
Chipping Sparrow,Spizella passerina,2026-04-26T13:32:42Z,26-Apr-2026,09:32:42,0.3,1
Chipping Sparrow,Spizella passerina,2026-04-26T13:31:09Z,26-Apr-2026,09:31:09,0.5,1
Chipping Sparrow,Spizella passerina,2026-04-26T13:30:24Z,26-Apr-2026,09:30:24,0.38,1
Chipping Sparrow,Spizella passerina,2026-04-26T13:30:15Z,26-Apr-2026,09:30:15,0.72,1
Chipping Sparrow,Spizella passerina,2026-04-26T13:29:49Z,26-Apr-2026,09:29:49,0.38,1
Chipping Sparrow,Spizella passerina,2026-04-26T13:29:24Z,26-Apr-2026,09:29:24,0.35,1
Chipping Sparrow,Spizella passerina,2026-04-26T13:29:05Z,26-Apr-2026,09:29:05,0.7,1
Chipping Sparrow,Spizella passerina,2026-04-26T13:27:50Z,26-Apr-2026,09:27:50,0.26,1
Chipping Sparrow,Spizella passerina,2026-04-26T13:27:29Z,26-Apr-2026,09:27:29,0.5,1
Chipping Sparrow,Spizella passerina,2026-04-26T13:27:04Z,26-Apr-2026,09:27:04,0.32,1
Northern Cardinal,Cardinalis cardinalis,2026-04-26T13:27:01Z,26-Apr-2026,09:27:01,0.7804,1
Chipping Sparrow,Spizella passerina,2026-04-26T13:26:57Z,26-Apr-2026,09:26:57,0.3,1
Chipping Sparrow,Spizella passerina,2026-04-26T13:26:37Z,26-Apr-2026,09:26:37,0.49,1
Chipping Sparrow,Spizella passerina,2026-04-26T13:26:02Z,26-Apr-2026,09:26:02,0.32,1
Chipping Sparrow,Spizella passerina,2026-04-26T13:25:46Z,26-Apr-2026,09:25:46,0.4,1
Savannah Sparrow,Passerculus sandwichensis,2026-04-26T13:24:32Z,26-Apr-2026,09:24:32,0.45,1
Savannah Sparrow,Passerculus sandwichensis,2026-04-26T13:23:49Z,26-Apr-2026,09:23:49,0.32,1
Downy Woodpecker,Dryobates pubescens,2026-04-26T13:23:02Z,26-Apr-2026,09:23:02,0.8471,1
Northern Rough-winged Swallow,Stelgidopteryx serripennis,2026-04-26T13:22:46Z,26-Apr-2026,09:22:46,0.28,1
Eastern Bluebird,Sialia sialis,2026-04-26T13:20:49Z,26-Apr-2026,09:20:49,0.59,1
Northern Cardinal,Cardinalis cardinalis,2026-04-26T13:20:18Z,26-Apr-2026,09:20:18,0.8314,4
Tufted Titmouse,Baeolophus bicolor,2026-04-26T13:19:33Z,26-Apr-2026,09:19:33,0.7804,1
Tufted Titmouse,Baeolophus bicolor,2026-04-26T13:19:29Z,26-Apr-2026,09:19:29,0.44,1
Northern Cardinal,Cardinalis cardinalis,2026-04-26T13:18:20Z,26-Apr-2026,09:18:20,0.9412,1
Tree Swallow,Tachycineta bicolor,2026-04-26T13:18:01Z,26-Apr-2026,09:18:01,0.7,1
Eastern Phoebe,Sayornis phoebe,2026-04-26T13:17:20Z,26-Apr-2026,09:17:20,0.71,1
Tufted Titmouse,Baeolophus bicolor,2026-04-26T13:14:10Z,26-Apr-2026,09:14:10,0.8863,4
Chipping Sparrow,Spizella passerina,2026-04-26T13:14:06Z,26-Apr-2026,09:14:06,0.33,1
Downy Woodpecker,Dryobates pubescens,2026-04-26T13:13:54Z,26-Apr-2026,09:13:54,0.32,1
Downy Woodpecker,Dryobates pubescens,2026-04-26T13:13:45Z,26-Apr-2026,09:13:45,0.8471,2
Palm Warbler,Setophaga palmarum,2026-04-26T13:13:07Z,26-Apr-2026,09:13:07,0.35,1
Chipping Sparrow,Spizella passerina,2026-04-26T13:13:00Z,26-Apr-2026,09:13:00,0.37,1
Tufted Titmouse,Baeolophus bicolor,2026-04-26T13:12:47Z,26-Apr-2026,09:12:47,0.5,1
Tufted Titmouse,Baeolophus bicolor,2026-04-26T13:12:19Z,26-Apr-2026,09:12:19,0.8627,1
Chipping Sparrow,Spizella passerina,2026-04-26T13:11:47Z,26-Apr-2026,09:11:47,0.31,1
Chipping Sparrow,Spizella passerina,2026-04-26T13:11:35Z,26-Apr-2026,09:11:35,0.46,1
Savannah Sparrow,Passerculus sandwichensis,2026-04-26T13:11:22Z,26-Apr-2026,09:11:22,0.33,1
Savannah Sparrow,Passerculus sandwichensis,2026-04-26T13:11:16Z,26-Apr-2026,09:11:16,0.51,1
Chipping Sparrow,Spizella passerina,2026-04-26T13:10:47Z,26-Apr-2026,09:10:47,0.29,1
Tufted Titmouse,Baeolophus bicolor,2026-04-26T13:10:44Z,26-Apr-2026,09:10:44,0.8,1
Chipping Sparrow,Spizella passerina,2026-04-26T13:10:02Z,26-Apr-2026,09:10:02,0.29,1
Downy Woodpecker,Dryobates pubescens,2026-04-26T13:09:49Z,26-Apr-2026,09:09:49,0.6,1
Savannah Sparrow,Passerculus sandwichensis,2026-04-26T13:09:43Z,26-Apr-2026,09:09:43,0.57,1
Downy Woodpecker,Dryobates pubescens,2026-04-26T13:09:36Z,26-Apr-2026,09:09:36,0.9765,1
Savannah Sparrow,Passerculus sandwichensis,2026-04-26T13:09:30Z,26-Apr-2026,09:09:30,0.33,1
Chipping Sparrow,Spizella passerina,2026-04-26T13:09:23Z,26-Apr-2026,09:09:23,0.33,1
Northern Flicker,Colaptes auratus,2026-04-26T13:08:54Z,26-Apr-2026,09:08:54,0.27,1
Northern Flicker,Colaptes auratus,2026-04-26T13:08:42Z,26-Apr-2026,09:08:42,0.53,1
Northern Flicker,Colaptes auratus,2026-04-26T13:08:22Z,26-Apr-2026,09:08:22,0.64,1
Northern Flicker,Colaptes auratus,2026-04-26T13:08:03Z,26-Apr-2026,09:08:03,0.47,1
Northern Flicker,Colaptes auratus,2026-04-26T13:07:57Z,26-Apr-2026,09:07:57,0.54,1
White-breasted Nuthatch,Sitta carolinensis,2026-04-26T13:07:15Z,26-Apr-2026,09:07:15,0.57,1
White-breasted Nuthatch,Sitta carolinensis,2026-04-26T13:07:08Z,26-Apr-2026,09:07:08,0.76,1
White-breasted Nuthatch,Sitta carolinensis,2026-04-26T13:07:02Z,26-Apr-2026,09:07:02,0.69,1
White-breasted Nuthatch,Sitta carolinensis,2026-04-26T13:06:42Z,26-Apr-2026,09:06:42,0.81,1
White-breasted Nuthatch,Sitta carolinensis,2026-04-26T13:06:36Z,26-Apr-2026,09:06:36,0.72,1
White-breasted Nuthatch,Sitta carolinensis,2026-04-26T13:06:27Z,26-Apr-2026,09:06:27,0.33,1
White-breasted Nuthatch,Sitta carolinensis,2026-04-26T13:06:20Z,26-Apr-2026,09:06:20,0.43,1
White-breasted Nuthatch,Sitta carolinensis,2026-04-26T13:06:14Z,26-Apr-2026,09:06:14,0.52,1
White-breasted Nuthatch,Sitta carolinensis,2026-04-26T13:06:07Z,26-Apr-2026,09:06:07,0.85,1
White-breasted Nuthatch,Sitta carolinensis,2026-04-26T13:06:01Z,26-Apr-2026,09:06:01,0.65,1
White-breasted Nuthatch,Sitta carolinensis,2026-04-26T13:05:55Z,26-Apr-2026,09:05:55,0.83,1
White-breasted Nuthatch,Sitta carolinensis,2026-04-26T13:05:48Z,26-Apr-2026,09:05:48,0.41,1
White-breasted Nuthatch,Sitta carolinensis,2026-04-26T13:05:41Z,26-Apr-2026,09:05:41,0.6,1
White-breasted Nuthatch,Sitta carolinensis,2026-04-26T13:05:15Z,26-Apr-2026,09:05:15,0.56,1
Mourning Dove,Zenaida macroura,2026-04-26T13:04:49Z,26-Apr-2026,09:04:49,0.87,1
American Goldfinch,Spinus tristis,2026-04-26T13:04:45Z,26-Apr-2026,09:04:45,0.8745,1
American Robin,Turdus migratorius,2026-04-26T13:04:02Z,26-Apr-2026,09:04:02,0.58,1
Mourning Dove,Zenaida macroura,2026-04-26T13:03:34Z,26-Apr-2026,09:03:34,0.8314,4
Tufted Titmouse,Baeolophus bicolor,2026-04-26T13:03:30Z,26-Apr-2026,09:03:30,0.8,4
Mourning Dove,Zenaida macroura,2026-04-26T13:03:20Z,26-Apr-2026,09:03:20,0.3,1
Mourning Dove,Zenaida macroura,2026-04-26T13:03:02Z,26-Apr-2026,09:03:02,0.49,1
Mourning Dove,Zenaida macroura,2026-04-26T13:02:20Z,26-Apr-2026,09:02:20,0.9176,4
Eastern Phoebe,Sayornis phoebe,2026-04-26T13:00:54Z,26-Apr-2026,09:00:54,0.57,1
Northern Flicker,Colaptes auratus,2026-04-26T13:00:28Z,26-Apr-2026,09:00:28,0.27,1
Northern Flicker,Colaptes auratus,2026-04-26T13:00:04Z,26-Apr-2026,09:00:04,0.56,1
American Robin,Turdus migratorius,2026-04-26T12:59:29Z,26-Apr-2026,08:59:29,0.57,1
American Robin,Turdus migratorius,2026-04-26T12:58:48Z,26-Apr-2026,08:58:48,0.64,1
Mourning Dove,Zenaida macroura,2026-04-26T12:58:04Z,26-Apr-2026,08:58:04,0.8157,1
American Robin,Turdus migratorius,2026-04-26T12:57:52Z,26-Apr-2026,08:57:52,0.9529,1
Tufted Titmouse,Baeolophus bicolor,2026-04-26T12:54:58Z,26-Apr-2026,08:54:58,0.8627,1
Common Grackle,Quiscalus quiscula,2026-04-26T12:53:22Z,26-Apr-2026,08:53:22,0.8,1
Mourning Dove,Zenaida macroura,2026-04-26T12:52:51Z,26-Apr-2026,08:52:51,0.8157,1
Mourning Dove,Zenaida macroura,2026-04-26T12:52:28Z,26-Apr-2026,08:52:28,0.26,1
Mourning Dove,Zenaida macroura,2026-04-26T12:52:03Z,26-Apr-2026,08:52:03,0.66,1
Mourning Dove,Zenaida macroura,2026-04-26T12:51:16Z,26-Apr-2026,08:51:16,0.37,1
Northern Flicker,Colaptes auratus,2026-04-26T12:51:10Z,26-Apr-2026,08:51:10,0.55,1
Mourning Dove,Zenaida macroura,2026-04-26T12:47:29Z,26-Apr-2026,08:47:29,0.3,1
Tufted Titmouse,Baeolophus bicolor,2026-04-26T12:46:35Z,26-Apr-2026,08:46:35,0.8,1
Black-capped Chickadee,Poecile atricapillus,2026-04-26T12:45:53Z,26-Apr-2026,08:45:53,0.9176,1
Chipping Sparrow,Spizella passerina,2026-04-26T12:44:30Z,26-Apr-2026,08:44:30,0.79,1
Chipping Sparrow,Spizella passerina,2026-04-26T12:44:17Z,26-Apr-2026,08:44:17,0.59,1
Chipping Sparrow,Spizella passerina,2026-04-26T12:43:55Z,26-Apr-2026,08:43:55,0.38,1
Chipping Sparrow,Spizella passerina,2026-04-26T12:43:08Z,26-Apr-2026,08:43:08,0.35,1
Song Sparrow,Melospiza melodia,2026-04-26T12:42:23Z,26-Apr-2026,08:42:23,0.8314,1
Chipping Sparrow,Spizella passerina,2026-04-26T12:42:01Z,26-Apr-2026,08:42:01,0.42,1
Chipping Sparrow,Spizella passerina,2026-04-26T12:41:31Z,26-Apr-2026,08:41:31,0.3,1
Tufted Titmouse,Baeolophus bicolor,2026-04-26T12:41:11Z,26-Apr-2026,08:41:11,0.33,1
Chipping Sparrow,Spizella passerina,2026-04-26T12:40:45Z,26-Apr-2026,08:40:45,0.34,1
Chipping Sparrow,Spizella passerina,2026-04-26T12:40:08Z,26-Apr-2026,08:40:08,0.26,1
Chipping Sparrow,Spizella passerina,2026-04-26T12:40:01Z,26-Apr-2026,08:40:01,0.38,1
Chipping Sparrow,Spizella passerina,2026-04-26T12:39:45Z,26-Apr-2026,08:39:45,0.38,1
Song Sparrow,Melospiza melodia,2026-04-26T12:38:55Z,26-Apr-2026,08:38:55,0.8,1
American Robin,Turdus migratorius,2026-04-26T12:38:21Z,26-Apr-2026,08:38:21,0.9686,1
Chipping Sparrow,Spizella passerina,2026-04-26T12:35:58Z,26-Apr-2026,08:35:58,0.28,1
Gray Catbird,Dumetella carolinensis,2026-04-26T12:34:06Z,26-Apr-2026,08:34:06,0.8314,1
Northern Cardinal,Cardinalis cardinalis,2026-04-26T12:33:01Z,26-Apr-2026,08:33:01,0.7804,1
Northern Flicker,Colaptes auratus,2026-04-26T12:32:39Z,26-Apr-2026,08:32:39,0.87,1
Northern Flicker,Colaptes auratus,2026-04-26T12:32:26Z,26-Apr-2026,08:32:26,0.43,1
Northern Flicker,Colaptes auratus,2026-04-26T12:32:01Z,26-Apr-2026,08:32:01,0.33,1
Chipping Sparrow,Spizella passerina,2026-04-26T12:31:44Z,26-Apr-2026,08:31:44,0.8,1
Palm Warbler,Setophaga palmarum,2026-04-26T12:31:38Z,26-Apr-2026,08:31:38,0.41,1
Chipping Sparrow,Spizella passerina,2026-04-26T12:31:22Z,26-Apr-2026,08:31:22,0.43,1
Northern Flicker,Colaptes auratus,2026-04-26T12:31:09Z,26-Apr-2026,08:31:09,0.27,1
Chipping Sparrow,Spizella passerina,2026-04-26T12:30:44Z,26-Apr-2026,08:30:44,0.39,1
Chipping Sparrow,Spizella passerina,2026-04-26T12:29:31Z,26-Apr-2026,08:29:31,0.31,1
American Goldfinch,Spinus tristis,2026-04-26T12:28:50Z,26-Apr-2026,08:28:50,0.7804,1
Northern Flicker,Colaptes auratus,2026-04-26T12:28:15Z,26-Apr-2026,08:28:15,0.26,1
Eastern Phoebe,Sayornis phoebe,2026-04-26T12:27:56Z,26-Apr-2026,08:27:56,0.32,1
Eastern Phoebe,Sayornis phoebe,2026-04-26T12:27:37Z,26-Apr-2026,08:27:37,0.33,1
American Goldfinch,Spinus tristis,2026-04-26T12:27:31Z,26-Apr-2026,08:27:31,0.56,1
Eastern Phoebe,Sayornis phoebe,2026-04-26T12:26:59Z,26-Apr-2026,08:26:59,0.59,1
Eastern Phoebe,Sayornis phoebe,2026-04-26T12:26:52Z,26-Apr-2026,08:26:52,0.33,1
Northern Flicker,Colaptes auratus,2026-04-26T12:26:46Z,26-Apr-2026,08:26:46,0.63,1
Chipping Sparrow,Spizella passerina,2026-04-26T12:24:02Z,26-Apr-2026,08:24:02,0.31,1
Dark-eyed Junco,Junco hyemalis,2026-04-26T12:23:37Z,26-Apr-2026,08:23:37,0.56,1
Northern Flicker,Colaptes auratus,2026-04-26T12:22:39Z,26-Apr-2026,08:22:39,0.9,1
Northern Flicker,Colaptes auratus,2026-04-26T12:22:23Z,26-Apr-2026,08:22:23,0.38,1
Northern Flicker,Colaptes auratus,2026-04-26T12:22:01Z,26-Apr-2026,08:22:01,0.73,1
Palm Warbler,Setophaga palmarum,2026-04-26T12:21:54Z,26-Apr-2026,08:21:54,0.38,1
Dark-eyed Junco,Junco hyemalis,2026-04-26T12:21:47Z,26-Apr-2026,08:21:47,0.4,1
Northern Flicker,Colaptes auratus,2026-04-26T12:20:27Z,26-Apr-2026,08:20:27,0.27,1
Northern Flicker,Colaptes auratus,2026-04-26T12:20:20Z,26-Apr-2026,08:20:20,0.32,1
Northern Flicker,Colaptes auratus,2026-04-26T12:20:14Z,26-Apr-2026,08:20:14,0.32,1
Northern Flicker,Colaptes auratus,2026-04-26T12:20:07Z,26-Apr-2026,08:20:07,0.29,1
Chipping Sparrow,Spizella passerina,2026-04-26T12:18:29Z,26-Apr-2026,08:18:29,0.26,1
Northern Flicker,Colaptes auratus,2026-04-26T12:16:27Z,26-Apr-2026,08:16:27,0.4,1
Northern Flicker,Colaptes auratus,2026-04-26T12:15:46Z,26-Apr-2026,08:15:46,0.34,1
Chipping Sparrow,Spizella passerina,2026-04-26T12:15:23Z,26-Apr-2026,08:15:23,0.66,1
Palm Warbler,Setophaga palmarum,2026-04-26T12:15:07Z,26-Apr-2026,08:15:07,0.66,1
Palm Warbler,Setophaga palmarum,2026-04-26T12:14:58Z,26-Apr-2026,08:14:58,0.47,1
Chipping Sparrow,Spizella passerina,2026-04-26T12:14:49Z,26-Apr-2026,08:14:49,0.5,1
Chipping Sparrow,Spizella passerina,2026-04-26T12:13:40Z,26-Apr-2026,08:13:40,0.34,1
Chipping Sparrow,Spizella passerina,2026-04-26T12:13:28Z,26-Apr-2026,08:13:28,0.64,1
Palm Warbler,Setophaga palmarum,2026-04-26T12:13:15Z,26-Apr-2026,08:13:15,0.26,1
Chipping Sparrow,Spizella passerina,2026-04-26T12:12:31Z,26-Apr-2026,08:12:31,0.51,1
Chipping Sparrow,Spizella passerina,2026-04-26T12:12:12Z,26-Apr-2026,08:12:12,0.33,1
Chipping Sparrow,Spizella passerina,2026-04-26T12:11:41Z,26-Apr-2026,08:11:41,0.47,1
Chipping Sparrow,Spizella passerina,2026-04-26T12:11:02Z,26-Apr-2026,08:11:02,0.57,1
Chipping Sparrow,Spizella passerina,2026-04-26T12:10:56Z,26-Apr-2026,08:10:56,0.53,1
Chipping Sparrow,Spizella passerina,2026-04-26T12:10:49Z,26-Apr-2026,08:10:49,0.38,1
American Robin,Turdus migratorius,2026-04-26T12:07:23Z,26-Apr-2026,08:07:23,0.8745,4
American Robin,Turdus migratorius,2026-04-26T12:05:58Z,26-Apr-2026,08:05:58,0.7804,2
American Robin,Turdus migratorius,2026-04-26T12:04:42Z,26-Apr-2026,08:04:42,0.8863,1
American Crow,Corvus brachyrhynchos,2026-04-26T12:04:22Z,26-Apr-2026,08:04:22,0.8863,1
Common Grackle,Quiscalus quiscula,2026-04-26T12:02:14Z,26-Apr-2026,08:02:14,0.35,1
White-breasted Nuthatch,Sitta carolinensis,2026-04-26T12:01:17Z,26-Apr-2026,08:01:17,0.35,1
Dark-eyed Junco,Junco hyemalis,2026-04-26T12:01:05Z,26-Apr-2026,08:01:05,0.8,1
Pileated Woodpecker,Dryocopus pileatus,2026-04-26T11:59:17Z,26-Apr-2026,07:59:17,0.92,1
Black-capped Chickadee,Poecile atricapillus,2026-04-26T11:58:09Z,26-Apr-2026,07:58:09,0.8471,7
Song Sparrow,Melospiza melodia,2026-04-26T11:57:55Z,26-Apr-2026,07:57:55,0.8863,1
Black-capped Chickadee,Poecile atricapillus,2026-04-26T11:56:58Z,26-Apr-2026,07:56:58,0.898,1
White-breasted Nuthatch,Sitta carolinensis,2026-04-26T11:56:46Z,26-Apr-2026,07:56:46,0.63,1
Northern Cardinal,Cardinalis cardinalis,2026-04-26T11:46:50Z,26-Apr-2026,07:46:50,0.8,1
Song Sparrow,Melospiza melodia,2026-04-26T11:45:40Z,26-Apr-2026,07:45:40,0.8157,1
Blue Jay,Cyanocitta cristata,2026-04-26T11:45:36Z,26-Apr-2026,07:45:36,0.55,1
Blue Jay,Cyanocitta cristata,2026-04-26T11:45:23Z,26-Apr-2026,07:45:23,0.32,1
Blue Jay,Cyanocitta cristata,2026-04-26T11:45:13Z,26-Apr-2026,07:45:13,0.7804,1
Northern Flicker,Colaptes auratus,2026-04-26T11:45:04Z,26-Apr-2026,07:45:04,0.43,1
Northern Flicker,Colaptes auratus,2026-04-26T11:44:57Z,26-Apr-2026,07:44:57,0.45,1
Blue Jay,Cyanocitta cristata,2026-04-26T11:43:30Z,26-Apr-2026,07:43:30,0.8314,3
Blue Jay,Cyanocitta cristata,2026-04-26T11:42:56Z,26-Apr-2026,07:42:56,0.26,1
Blue Jay,Cyanocitta cristata,2026-04-26T11:42:36Z,26-Apr-2026,07:42:36,0.41,1
Blue Jay,Cyanocitta cristata,2026-04-26T11:42:27Z,26-Apr-2026,07:42:27,0.41,1
Blue Jay,Cyanocitta cristata,2026-04-26T11:42:01Z,26-Apr-2026,07:42:01,0.47,1
Blue Jay,Cyanocitta cristata,2026-04-26T11:41:55Z,26-Apr-2026,07:41:55,0.31,1
Blue Jay,Cyanocitta cristata,2026-04-26T11:41:40Z,26-Apr-2026,07:41:40,0.43,1
Blue Jay,Cyanocitta cristata,2026-04-26T11:41:36Z,26-Apr-2026,07:41:36,0.8157,1
Blue Jay,Cyanocitta cristata,2026-04-26T11:41:32Z,26-Apr-2026,07:41:32,0.31,1
Blue Jay,Cyanocitta cristata,2026-04-26T11:40:22Z,26-Apr-2026,07:40:22,0.27,1
Blue Jay,Cyanocitta cristata,2026-04-26T11:40:19Z,26-Apr-2026,07:40:19,0.8627,1
Broad-winged Hawk,Buteo platypterus,2026-04-26T11:34:59Z,26-Apr-2026,07:34:59,0.53,1
Wild Turkey,Meleagris gallopavo,2026-04-26T11:25:43Z,26-Apr-2026,07:25:43,0.27,1
Palm Warbler,Setophaga palmarum,2026-04-26T11:25:04Z,26-Apr-2026,07:25:04,0.55,1
Palm Warbler,Setophaga palmarum,2026-04-26T11:24:48Z,26-Apr-2026,07:24:48,0.98,1
Eastern Phoebe,Sayornis phoebe,2026-04-26T11:24:16Z,26-Apr-2026,07:24:16,0.34,1
Eastern Phoebe,Sayornis phoebe,2026-04-26T11:22:45Z,26-Apr-2026,07:22:45,0.58,1
Song Sparrow,Melospiza melodia,2026-04-26T11:21:48Z,26-Apr-2026,07:21:48,0.9843,1
Dark-eyed Junco,Junco hyemalis,2026-04-26T11:21:03Z,26-Apr-2026,07:21:03,0.44,1
Dark-eyed Junco,Junco hyemalis,2026-04-26T11:20:41Z,26-Apr-2026,07:20:41,0.7804,4
Chipping Sparrow,Spizella passerina,2026-04-26T11:20:08Z,26-Apr-2026,07:20:08,0.34,1
Chipping Sparrow,Spizella passerina,2026-04-26T11:19:42Z,26-Apr-2026,07:19:42,0.33,1
Chipping Sparrow,Spizella passerina,2026-04-26T11:19:35Z,26-Apr-2026,07:19:35,0.54,1
Chipping Sparrow,Spizella passerina,2026-04-26T11:18:57Z,26-Apr-2026,07:18:57,0.26,1
Chipping Sparrow,Spizella passerina,2026-04-26T11:18:16Z,26-Apr-2026,07:18:16,0.31,1
Dark-eyed Junco,Junco hyemalis,2026-04-26T11:18:05Z,26-Apr-2026,07:18:05,0.8745,1
Song Sparrow,Melospiza melodia,2026-04-26T11:16:58Z,26-Apr-2026,07:16:58,0.8314,4
Red-bellied Woodpecker,Melanerpes carolinus,2026-04-26T11:16:45Z,26-Apr-2026,07:16:45,0.8863,1
Red-winged Blackbird,Agelaius phoeniceus,2026-04-26T11:15:37Z,26-Apr-2026,07:15:37,0.26,1
Chipping Sparrow,Spizella passerina,2026-04-26T11:15:31Z,26-Apr-2026,07:15:31,0.29,1
Chipping Sparrow,Spizella passerina,2026-04-26T11:15:24Z,26-Apr-2026,07:15:24,0.59,1
Song Sparrow,Melospiza melodia,2026-04-26T11:15:09Z,26-Apr-2026,07:15:09,0.9255,1
Chipping Sparrow,Spizella passerina,2026-04-26T11:14:50Z,26-Apr-2026,07:14:50,0.46,1
European Starling,Sturnus vulgaris,2026-04-26T11:14:25Z,26-Apr-2026,07:14:25,0.898,1
Chipping Sparrow,Spizella passerina,2026-04-26T11:14:01Z,26-Apr-2026,07:14:01,0.26,1
Tree Swallow,Tachycineta bicolor,2026-04-26T11:13:55Z,26-Apr-2026,07:13:55,0.76,1
Red-bellied Woodpecker,Melanerpes carolinus,2026-04-26T11:12:47Z,26-Apr-2026,07:12:47,0.8157,3
Red-bellied Woodpecker,Melanerpes carolinus,2026-04-26T11:10:58Z,26-Apr-2026,07:10:58,0.8471,1
Northern Cardinal,Cardinalis cardinalis,2026-04-26T11:10:27Z,26-Apr-2026,07:10:27,0.8,1
Red-bellied Woodpecker,Melanerpes carolinus,2026-04-26T11:09:26Z,26-Apr-2026,07:09:26,0.9412,1
Chipping Sparrow,Spizella passerina,2026-04-26T11:08:26Z,26-Apr-2026,07:08:26,0.46,1
Palm Warbler,Setophaga palmarum,2026-04-26T11:07:23Z,26-Apr-2026,07:07:23,0.4,1
Chipping Sparrow,Spizella passerina,2026-04-26T11:07:10Z,26-Apr-2026,07:07:10,0.27,1
Chipping Sparrow,Spizella passerina,2026-04-26T11:07:04Z,26-Apr-2026,07:07:04,0.46,1
Chipping Sparrow,Spizella passerina,2026-04-26T11:06:51Z,26-Apr-2026,07:06:51,0.28,1
Chipping Sparrow,Spizella passerina,2026-04-26T11:06:44Z,26-Apr-2026,07:06:44,0.37,1
Northern Cardinal,Cardinalis cardinalis,2026-04-26T11:06:35Z,26-Apr-2026,07:06:35,0.8,1
Chipping Sparrow,Spizella passerina,2026-04-26T11:06:03Z,26-Apr-2026,07:06:03,0.28,1
Red-bellied Woodpecker,Melanerpes carolinus,2026-04-26T11:05:38Z,26-Apr-2026,07:05:38,0.9333,2
Red-bellied Woodpecker,Melanerpes carolinus,2026-04-26T11:04:49Z,26-Apr-2026,07:04:49,0.44,1
Northern Cardinal,Cardinalis cardinalis,2026-04-26T11:04:40Z,26-Apr-2026,07:04:40,0.7804,1
Red-bellied Woodpecker,Melanerpes carolinus,2026-04-26T11:04:11Z,26-Apr-2026,07:04:11,0.9333,1
Tufted Titmouse,Baeolophus bicolor,2026-04-26T11:02:11Z,26-Apr-2026,07:02:11,0.32,1
Chipping Sparrow,Spizella passerina,2026-04-26T11:01:58Z,26-Apr-2026,07:01:58,0.59,1
Chipping Sparrow,Spizella passerina,2026-04-26T11:01:45Z,26-Apr-2026,07:01:45,0.71,1
White-breasted Nuthatch,Sitta carolinensis,2026-04-26T11:01:31Z,26-Apr-2026,07:01:31,0.48,1
Song Sparrow,Melospiza melodia,2026-04-26T11:01:18Z,26-Apr-2026,07:01:18,0.35,1
Bohemian Waxwing,Bombycilla garrulus,2026-04-26T11:01:11Z,26-Apr-2026,07:01:11,0.35,1
Tufted Titmouse,Baeolophus bicolor,2026-04-26T11:00:06Z,26-Apr-2026,07:00:06,0.8314,1
White-breasted Nuthatch,Sitta carolinensis,2026-04-26T10:59:31Z,26-Apr-2026,06:59:31,0.91,1
White-breasted Nuthatch,Sitta carolinensis,2026-04-26T10:59:16Z,26-Apr-2026,06:59:16,0.84,1
White-breasted Nuthatch,Sitta carolinensis,2026-04-26T10:59:03Z,26-Apr-2026,06:59:03,0.77,1
White-breasted Nuthatch,Sitta carolinensis,2026-04-26T10:58:57Z,26-Apr-2026,06:58:57,0.85,1
White-breasted Nuthatch,Sitta carolinensis,2026-04-26T10:58:51Z,26-Apr-2026,06:58:51,0.88,1
White-breasted Nuthatch,Sitta carolinensis,2026-04-26T10:58:44Z,26-Apr-2026,06:58:44,0.6,1
White-breasted Nuthatch,Sitta carolinensis,2026-04-26T10:58:38Z,26-Apr-2026,06:58:38,0.32,1
White-breasted Nuthatch,Sitta carolinensis,2026-04-26T10:58:25Z,26-Apr-2026,06:58:25,0.87,1
White-breasted Nuthatch,Sitta carolinensis,2026-04-26T10:58:18Z,26-Apr-2026,06:58:18,0.41,1
White-breasted Nuthatch,Sitta carolinensis,2026-04-26T10:58:02Z,26-Apr-2026,06:58:02,0.57,1
White-breasted Nuthatch,Sitta carolinensis,2026-04-26T10:57:46Z,26-Apr-2026,06:57:46,0.79,1
White-breasted Nuthatch,Sitta carolinensis,2026-04-26T10:57:40Z,26-Apr-2026,06:57:40,0.85,1
White-breasted Nuthatch,Sitta carolinensis,2026-04-26T10:57:24Z,26-Apr-2026,06:57:24,0.95,1
White-breasted Nuthatch,Sitta carolinensis,2026-04-26T10:57:18Z,26-Apr-2026,06:57:18,0.93,1
White-breasted Nuthatch,Sitta carolinensis,2026-04-26T10:57:11Z,26-Apr-2026,06:57:11,0.86,1
White-breasted Nuthatch,Sitta carolinensis,2026-04-26T10:57:05Z,26-Apr-2026,06:57:05,0.74,1
White-breasted Nuthatch,Sitta carolinensis,2026-04-26T10:56:52Z,26-Apr-2026,06:56:52,0.81,1
White-breasted Nuthatch,Sitta carolinensis,2026-04-26T10:56:46Z,26-Apr-2026,06:56:46,0.94,1
White-breasted Nuthatch,Sitta carolinensis,2026-04-26T10:56:40Z,26-Apr-2026,06:56:40,0.74,1
White-breasted Nuthatch,Sitta carolinensis,2026-04-26T10:56:33Z,26-Apr-2026,06:56:33,0.62,1
White-breasted Nuthatch,Sitta carolinensis,2026-04-26T10:56:21Z,26-Apr-2026,06:56:21,0.61,1
American Robin,Turdus migratorius,2026-04-26T10:56:14Z,26-Apr-2026,06:56:14,0.36,1
American Robin,Turdus migratorius,2026-04-26T10:56:11Z,26-Apr-2026,06:56:11,0.9333,1
White-breasted Nuthatch,Sitta carolinensis,2026-04-26T10:56:08Z,26-Apr-2026,06:56:08,0.9,1
White-breasted Nuthatch,Sitta carolinensis,2026-04-26T10:56:01Z,26-Apr-2026,06:56:01,0.59,1
White-breasted Nuthatch,Sitta carolinensis,2026-04-26T10:55:55Z,26-Apr-2026,06:55:55,0.95,1
White-breasted Nuthatch,Sitta carolinensis,2026-04-26T10:55:42Z,26-Apr-2026,06:55:42,0.76,1
White-breasted Nuthatch,Sitta carolinensis,2026-04-26T10:55:35Z,26-Apr-2026,06:55:35,0.38,1
White-breasted Nuthatch,Sitta carolinensis,2026-04-26T10:55:25Z,26-Apr-2026,06:55:25,0.55,1
Palm Warbler,Setophaga palmarum,2026-04-26T10:55:03Z,26-Apr-2026,06:55:03,0.33,1
White-breasted Nuthatch,Sitta carolinensis,2026-04-26T10:54:44Z,26-Apr-2026,06:54:44,0.26,1
White-breasted Nuthatch,Sitta carolinensis,2026-04-26T10:54:38Z,26-Apr-2026,06:54:38,0.47,1
White-breasted Nuthatch,Sitta carolinensis,2026-04-26T10:54:06Z,26-Apr-2026,06:54:06,0.34,1
Pileated Woodpecker,Dryocopus pileatus,2026-04-26T10:53:47Z,26-Apr-2026,06:53:47,0.27,1
American Robin,Turdus migratorius,2026-04-26T10:53:05Z,26-Apr-2026,06:53:05,0.7804,1
White-breasted Nuthatch,Sitta carolinensis,2026-04-26T10:53:02Z,26-Apr-2026,06:53:02,0.94,1
White-breasted Nuthatch,Sitta carolinensis,2026-04-26T10:52:55Z,26-Apr-2026,06:52:55,0.35,1
White-breasted Nuthatch,Sitta carolinensis,2026-04-26T10:52:49Z,26-Apr-2026,06:52:49,0.56,1
White-breasted Nuthatch,Sitta carolinensis,2026-04-26T10:52:40Z,26-Apr-2026,06:52:40,0.7,1
Tufted Titmouse,Baeolophus bicolor,2026-04-26T10:52:33Z,26-Apr-2026,06:52:33,0.54,1
White-breasted Nuthatch,Sitta carolinensis,2026-04-26T10:52:20Z,26-Apr-2026,06:52:20,0.68,1
White-breasted Nuthatch,Sitta carolinensis,2026-04-26T10:52:13Z,26-Apr-2026,06:52:13,0.83,1
White-breasted Nuthatch,Sitta carolinensis,2026-04-26T10:52:07Z,26-Apr-2026,06:52:07,0.88,1
White-breasted Nuthatch,Sitta carolinensis,2026-04-26T10:52:01Z,26-Apr-2026,06:52:01,0.86,1
White-breasted Nuthatch,Sitta carolinensis,2026-04-26T10:51:54Z,26-Apr-2026,06:51:54,0.9,1
White-breasted Nuthatch,Sitta carolinensis,2026-04-26T10:51:48Z,26-Apr-2026,06:51:48,0.63,1
White-breasted Nuthatch,Sitta carolinensis,2026-04-26T10:51:32Z,26-Apr-2026,06:51:32,0.72,1
White-breasted Nuthatch,Sitta carolinensis,2026-04-26T10:51:26Z,26-Apr-2026,06:51:26,0.82,1
White-breasted Nuthatch,Sitta carolinensis,2026-04-26T10:51:13Z,26-Apr-2026,06:51:13,0.73,1
American Robin,Turdus migratorius,2026-04-26T10:51:07Z,26-Apr-2026,06:51:07,0.46,1
White-breasted Nuthatch,Sitta carolinensis,2026-04-26T10:50:53Z,26-Apr-2026,06:50:53,0.64,1
White-breasted Nuthatch,Sitta carolinensis,2026-04-26T10:50:40Z,26-Apr-2026,06:50:40,0.52,1
White-breasted Nuthatch,Sitta carolinensis,2026-04-26T10:50:27Z,26-Apr-2026,06:50:27,0.87,1
White-breasted Nuthatch,Sitta carolinensis,2026-04-26T10:50:08Z,26-Apr-2026,06:50:08,0.46,1
White-breasted Nuthatch,Sitta carolinensis,2026-04-26T10:50:02Z,26-Apr-2026,06:50:02,0.43,1
White-breasted Nuthatch,Sitta carolinensis,2026-04-26T10:49:53Z,26-Apr-2026,06:49:53,0.89,1
White-breasted Nuthatch,Sitta carolinensis,2026-04-26T10:49:40Z,26-Apr-2026,06:49:40,0.93,1
White-breasted Nuthatch,Sitta carolinensis,2026-04-26T10:49:33Z,26-Apr-2026,06:49:33,0.27,1
White-breasted Nuthatch,Sitta carolinensis,2026-04-26T10:49:24Z,26-Apr-2026,06:49:24,0.93,1
White-breasted Nuthatch,Sitta carolinensis,2026-04-26T10:49:11Z,26-Apr-2026,06:49:11,0.75,1
White-breasted Nuthatch,Sitta carolinensis,2026-04-26T10:48:59Z,26-Apr-2026,06:48:59,0.92,1
White-breasted Nuthatch,Sitta carolinensis,2026-04-26T10:48:49Z,26-Apr-2026,06:48:49,0.77,1
Eastern Phoebe,Sayornis phoebe,2026-04-26T10:48:11Z,26-Apr-2026,06:48:11,0.26,1
Eastern Phoebe,Sayornis phoebe,2026-04-26T10:47:55Z,26-Apr-2026,06:47:55,0.3,1
Eastern Phoebe,Sayornis phoebe,2026-04-26T10:46:55Z,26-Apr-2026,06:46:55,0.62,1
Northern Cardinal,Cardinalis cardinalis,2026-04-26T10:45:58Z,26-Apr-2026,06:45:58,0.8,1
White-breasted Nuthatch,Sitta carolinensis,2026-04-26T10:44:14Z,26-Apr-2026,06:44:14,0.68,1
Eastern Phoebe,Sayornis phoebe,2026-04-26T10:44:01Z,26-Apr-2026,06:44:01,0.69,1
White-breasted Nuthatch,Sitta carolinensis,2026-04-26T10:43:42Z,26-Apr-2026,06:43:42,0.65,1
White-breasted Nuthatch,Sitta carolinensis,2026-04-26T10:43:36Z,26-Apr-2026,06:43:36,0.59,1
White-breasted Nuthatch,Sitta carolinensis,2026-04-26T10:43:30Z,26-Apr-2026,06:43:30,0.82,1
White-breasted Nuthatch,Sitta carolinensis,2026-04-26T10:43:23Z,26-Apr-2026,06:43:23,0.29,1
White-breasted Nuthatch,Sitta carolinensis,2026-04-26T10:43:17Z,26-Apr-2026,06:43:17,0.53,1
Eastern Phoebe,Sayornis phoebe,2026-04-26T10:43:04Z,26-Apr-2026,06:43:04,0.26,1
White-breasted Nuthatch,Sitta carolinensis,2026-04-26T10:42:52Z,26-Apr-2026,06:42:52,0.97,1
White-breasted Nuthatch,Sitta carolinensis,2026-04-26T10:42:45Z,26-Apr-2026,06:42:45,0.95,1
White-breasted Nuthatch,Sitta carolinensis,2026-04-26T10:42:35Z,26-Apr-2026,06:42:35,0.93,1
White-breasted Nuthatch,Sitta carolinensis,2026-04-26T10:42:29Z,26-Apr-2026,06:42:29,0.29,1
White-breasted Nuthatch,Sitta carolinensis,2026-04-26T10:42:22Z,26-Apr-2026,06:42:22,0.72,1
White-breasted Nuthatch,Sitta carolinensis,2026-04-26T10:42:16Z,26-Apr-2026,06:42:16,0.9,1
Gray Catbird,Dumetella carolinensis,2026-04-26T10:41:53Z,26-Apr-2026,06:41:53,0.8,1
White-breasted Nuthatch,Sitta carolinensis,2026-04-26T10:41:50Z,26-Apr-2026,06:41:50,0.89,1
White-breasted Nuthatch,Sitta carolinensis,2026-04-26T10:41:43Z,26-Apr-2026,06:41:43,0.38,1
White-breasted Nuthatch,Sitta carolinensis,2026-04-26T10:41:37Z,26-Apr-2026,06:41:37,0.47,1
White-breasted Nuthatch,Sitta carolinensis,2026-04-26T10:41:24Z,26-Apr-2026,06:41:24,0.54,1
White-breasted Nuthatch,Sitta carolinensis,2026-04-26T10:41:11Z,26-Apr-2026,06:41:11,0.77,1
White-breasted Nuthatch,Sitta carolinensis,2026-04-26T10:40:43Z,26-Apr-2026,06:40:43,0.61,1
Dark-eyed Junco,Junco hyemalis,2026-04-26T10:40:24Z,26-Apr-2026,06:40:24,0.9176,3
Dark-eyed Junco,Junco hyemalis,2026-04-26T10:40:18Z,26-Apr-2026,06:40:18,0.59,1
Tree Swallow,Tachycineta bicolor,2026-04-26T10:39:49Z,26-Apr-2026,06:39:49,0.82,1
Tree Swallow,Tachycineta bicolor,2026-04-26T10:39:43Z,26-Apr-2026,06:39:43,0.47,1
Dark-eyed Junco,Junco hyemalis,2026-04-26T10:39:20Z,26-Apr-2026,06:39:20,0.9098,1
Eastern Phoebe,Sayornis phoebe,2026-04-26T10:39:14Z,26-Apr-2026,06:39:14,0.42,1
Tufted Titmouse,Baeolophus bicolor,2026-04-26T10:39:11Z,26-Apr-2026,06:39:11,0.8157,4
Tufted Titmouse,Baeolophus bicolor,2026-04-26T10:36:31Z,26-Apr-2026,06:36:31,0.51,1
Tufted Titmouse,Baeolophus bicolor,2026-04-26T10:36:24Z,26-Apr-2026,06:36:24,0.7,1
Tufted Titmouse,Baeolophus bicolor,2026-04-26T10:36:08Z,26-Apr-2026,06:36:08,0.59,1
Tufted Titmouse,Baeolophus bicolor,2026-04-26T10:35:53Z,26-Apr-2026,06:35:53,0.7804,1
White-breasted Nuthatch,Sitta carolinensis,2026-04-26T10:35:49Z,26-Apr-2026,06:35:49,0.47,1
Dark-eyed Junco,Junco hyemalis,2026-04-26T10:35:40Z,26-Apr-2026,06:35:40,0.9176,1
Dark-eyed Junco,Junco hyemalis,2026-04-26T10:35:13Z,26-Apr-2026,06:35:13,0.45,1
White-breasted Nuthatch,Sitta carolinensis,2026-04-26T10:35:07Z,26-Apr-2026,06:35:07,0.78,1
White-breasted Nuthatch,Sitta carolinensis,2026-04-26T10:35:01Z,26-Apr-2026,06:35:01,0.97,1
White-breasted Nuthatch,Sitta carolinensis,2026-04-26T10:34:45Z,26-Apr-2026,06:34:45,0.85,1
White-breasted Nuthatch,Sitta carolinensis,2026-04-26T10:34:39Z,26-Apr-2026,06:34:39,0.72,1
White-breasted Nuthatch,Sitta carolinensis,2026-04-26T10:34:32Z,26-Apr-2026,06:34:32,0.34,1
White-breasted Nuthatch,Sitta carolinensis,2026-04-26T10:34:26Z,26-Apr-2026,06:34:26,0.91,1
White-breasted Nuthatch,Sitta carolinensis,2026-04-26T10:34:16Z,26-Apr-2026,06:34:16,0.57,1
White-breasted Nuthatch,Sitta carolinensis,2026-04-26T10:34:10Z,26-Apr-2026,06:34:10,0.83,1
White-breasted Nuthatch,Sitta carolinensis,2026-04-26T10:34:03Z,26-Apr-2026,06:34:03,0.82,1
White-breasted Nuthatch,Sitta carolinensis,2026-04-26T10:33:41Z,26-Apr-2026,06:33:41,0.9,1
White-breasted Nuthatch,Sitta carolinensis,2026-04-26T10:33:16Z,26-Apr-2026,06:33:16,0.35,1
White-breasted Nuthatch,Sitta carolinensis,2026-04-26T10:33:10Z,26-Apr-2026,06:33:10,0.8,1
White-breasted Nuthatch,Sitta carolinensis,2026-04-26T10:33:04Z,26-Apr-2026,06:33:04,0.62,1
Northern Flicker,Colaptes auratus,2026-04-26T10:32:57Z,26-Apr-2026,06:32:57,0.61,1
White-breasted Nuthatch,Sitta carolinensis,2026-04-26T10:32:51Z,26-Apr-2026,06:32:51,0.75,1
White-breasted Nuthatch,Sitta carolinensis,2026-04-26T10:32:44Z,26-Apr-2026,06:32:44,0.96,1
White-breasted Nuthatch,Sitta carolinensis,2026-04-26T10:32:35Z,26-Apr-2026,06:32:35,0.89,1
White-breasted Nuthatch,Sitta carolinensis,2026-04-26T10:32:13Z,26-Apr-2026,06:32:13,0.93,1
White-breasted Nuthatch,Sitta carolinensis,2026-04-26T10:32:06Z,26-Apr-2026,06:32:06,0.95,1
White-breasted Nuthatch,Sitta carolinensis,2026-04-26T10:31:59Z,26-Apr-2026,06:31:59,0.64,1
White-breasted Nuthatch,Sitta carolinensis,2026-04-26T10:31:53Z,26-Apr-2026,06:31:53,0.79,1
White-breasted Nuthatch,Sitta carolinensis,2026-04-26T10:31:46Z,26-Apr-2026,06:31:46,0.9,1
White-breasted Nuthatch,Sitta carolinensis,2026-04-26T10:31:37Z,26-Apr-2026,06:31:37,0.93,1
White-breasted Nuthatch,Sitta carolinensis,2026-04-26T10:31:30Z,26-Apr-2026,06:31:30,0.9,1
Black-capped Chickadee,Poecile atricapillus,2026-04-26T10:31:17Z,26-Apr-2026,06:31:17,0.48,1
White-breasted Nuthatch,Sitta carolinensis,2026-04-26T10:31:05Z,26-Apr-2026,06:31:05,0.96,1
White-breasted Nuthatch,Sitta carolinensis,2026-04-26T10:30:52Z,26-Apr-2026,06:30:52,0.83,1
Black-capped Chickadee,Poecile atricapillus,2026-04-26T10:30:23Z,26-Apr-2026,06:30:23,0.8157,1
Chipping Sparrow,Spizella passerina,2026-04-26T10:28:06Z,26-Apr-2026,06:28:06,0.34,1
Chipping Sparrow,Spizella passerina,2026-04-26T10:27:24Z,26-Apr-2026,06:27:24,0.46,1
Chipping Sparrow,Spizella passerina,2026-04-26T10:27:17Z,26-Apr-2026,06:27:17,0.28,1
Chipping Sparrow,Spizella passerina,2026-04-26T10:26:52Z,26-Apr-2026,06:26:52,0.26,1
Chipping Sparrow,Spizella passerina,2026-04-26T10:25:57Z,26-Apr-2026,06:25:57,0.27,1
American Robin,Turdus migratorius,2026-04-26T10:25:37Z,26-Apr-2026,06:25:37,0.75,1
Chipping Sparrow,Spizella passerina,2026-04-26T10:23:49Z,26-Apr-2026,06:23:49,0.26,1
Chipping Sparrow,Spizella passerina,2026-04-26T10:23:04Z,26-Apr-2026,06:23:04,0.44,1
Chipping Sparrow,Spizella passerina,2026-04-26T10:22:58Z,26-Apr-2026,06:22:58,0.39,1
Chipping Sparrow,Spizella passerina,2026-04-26T10:22:52Z,26-Apr-2026,06:22:52,0.44,1
Palm Warbler,Setophaga palmarum,2026-04-26T10:22:38Z,26-Apr-2026,06:22:38,0.99,1
Chipping Sparrow,Spizella passerina,2026-04-26T10:22:32Z,26-Apr-2026,06:22:32,0.4,1
Chipping Sparrow,Spizella passerina,2026-04-26T10:22:19Z,26-Apr-2026,06:22:19,0.28,1
Eastern Bluebird,Sialia sialis,2026-04-26T10:21:59Z,26-Apr-2026,06:21:59,0.99,1
Chipping Sparrow,Spizella passerina,2026-04-26T10:21:53Z,26-Apr-2026,06:21:53,0.41,1
Eastern Bluebird,Sialia sialis,2026-04-26T10:21:40Z,26-Apr-2026,06:21:40,0.99,1
Chipping Sparrow,Spizella passerina,2026-04-26T10:21:34Z,26-Apr-2026,06:21:34,0.32,1
Eastern Bluebird,Sialia sialis,2026-04-26T10:21:28Z,26-Apr-2026,06:21:28,0.56,1
Tufted Titmouse,Baeolophus bicolor,2026-04-26T10:21:15Z,26-Apr-2026,06:21:15,0.35,1
Tufted Titmouse,Baeolophus bicolor,2026-04-26T10:21:02Z,26-Apr-2026,06:21:02,0.27,1
Gray Catbird,Dumetella carolinensis,2026-04-26T10:18:55Z,26-Apr-2026,06:18:55,0.8157,1
Dark-eyed Junco,Junco hyemalis,2026-04-26T10:15:02Z,26-Apr-2026,06:15:02,0.8314,1
American Robin,Turdus migratorius,2026-04-26T10:14:19Z,26-Apr-2026,06:14:19,0.8745,1
American Robin,Turdus migratorius,2026-04-26T10:10:44Z,26-Apr-2026,06:10:44,0.35,1
Chipping Sparrow,Spizella passerina,2026-04-26T10:09:46Z,26-Apr-2026,06:09:46,0.48,1
Chipping Sparrow,Spizella passerina,2026-04-26T10:09:39Z,26-Apr-2026,06:09:39,0.36,1
Tufted Titmouse,Baeolophus bicolor,2026-04-26T10:09:05Z,26-Apr-2026,06:09:05,0.8745,1
Tufted Titmouse,Baeolophus bicolor,2026-04-26T10:09:01Z,26-Apr-2026,06:09:01,0.49,1
Chipping Sparrow,Spizella passerina,2026-04-26T10:08:55Z,26-Apr-2026,06:08:55,0.29,1
American Robin,Turdus migratorius,2026-04-26T10:07:27Z,26-Apr-2026,06:07:27,0.8471,3
Eastern Phoebe,Sayornis phoebe,2026-04-26T10:07:08Z,26-Apr-2026,06:07:08,0.28,1
Eastern Phoebe,Sayornis phoebe,2026-04-26T10:06:09Z,26-Apr-2026,06:06:09,0.44,1
Dark-eyed Junco,Junco hyemalis,2026-04-26T10:05:37Z,26-Apr-2026,06:05:37,0.9176,1
American Robin,Turdus migratorius,2026-04-26T10:04:59Z,26-Apr-2026,06:04:59,0.53,1
American Robin,Turdus migratorius,2026-04-26T10:04:43Z,26-Apr-2026,06:04:43,0.8863,1
Eastern Phoebe,Sayornis phoebe,2026-04-26T10:03:40Z,26-Apr-2026,06:03:40,0.31,1
Eastern Phoebe,Sayornis phoebe,2026-04-26T10:03:33Z,26-Apr-2026,06:03:33,0.56,1
Eastern Phoebe,Sayornis phoebe,2026-04-26T10:02:54Z,26-Apr-2026,06:02:54,0.36,1
Eastern Phoebe,Sayornis phoebe,2026-04-26T10:02:34Z,26-Apr-2026,06:02:34,0.27,1
Eastern Phoebe,Sayornis phoebe,2026-04-26T10:01:49Z,26-Apr-2026,06:01:49,0.4,1
American Goldfinch,Spinus tristis,2026-04-26T10:01:27Z,26-Apr-2026,06:01:27,0.8314,1
American Robin,Turdus migratorius,2026-04-26T10:00:57Z,26-Apr-2026,06:00:57,0.38,1
Eastern Phoebe,Sayornis phoebe,2026-04-26T10:00:44Z,26-Apr-2026,06:00:44,0.73,1
Eastern Phoebe,Sayornis phoebe,2026-04-26T10:00:25Z,26-Apr-2026,06:00:25,0.34,1
Eastern Phoebe,Sayornis phoebe,2026-04-26T10:00:18Z,26-Apr-2026,06:00:18,0.26,1
American Robin,Turdus migratorius,2026-04-26T10:00:11Z,26-Apr-2026,06:00:11,0.5,1
Eastern Phoebe,Sayornis phoebe,2026-04-26T09:59:58Z,26-Apr-2026,05:59:58,0.51,1
Eastern Phoebe,Sayornis phoebe,2026-04-26T09:59:46Z,26-Apr-2026,05:59:46,0.62,1
American Robin,Turdus migratorius,2026-04-26T09:59:36Z,26-Apr-2026,05:59:36,0.9529,1
Eastern Phoebe,Sayornis phoebe,2026-04-26T09:59:26Z,26-Apr-2026,05:59:26,0.41,1
American Robin,Turdus migratorius,2026-04-26T09:59:20Z,26-Apr-2026,05:59:20,0.28,1
American Robin,Turdus migratorius,2026-04-26T09:59:01Z,26-Apr-2026,05:59:01,0.71,1
American Robin,Turdus migratorius,2026-04-26T09:58:06Z,26-Apr-2026,05:58:06,0.8471,1
Tree Swallow,Tachycineta bicolor,2026-04-26T09:56:52Z,26-Apr-2026,05:56:52,0.89,1
Tree Swallow,Tachycineta bicolor,2026-04-26T09:56:45Z,26-Apr-2026,05:56:45,0.49,1
Tree Swallow,Tachycineta bicolor,2026-04-26T09:56:38Z,26-Apr-2026,05:56:38,0.26,1
American Crow,Corvus brachyrhynchos,2026-04-26T09:56:13Z,26-Apr-2026,05:56:13,0.8314,1
Blue Jay,Cyanocitta cristata,2026-04-26T09:54:55Z,26-Apr-2026,05:54:55,0.4,1
Blue Jay,Cyanocitta cristata,2026-04-26T09:54:49Z,26-Apr-2026,05:54:49,0.31,1
Blue Jay,Cyanocitta cristata,2026-04-26T09:54:42Z,26-Apr-2026,05:54:42,0.51,1
Blue Jay,Cyanocitta cristata,2026-04-26T09:54:35Z,26-Apr-2026,05:54:35,0.27,1
Blue Jay,Cyanocitta cristata,2026-04-26T09:54:13Z,26-Apr-2026,05:54:13,0.9412,1
American Crow,Corvus brachyrhynchos,2026-04-26T09:53:47Z,26-Apr-2026,05:53:47,0.27,1
American Robin,Turdus migratorius,2026-04-26T09:53:31Z,26-Apr-2026,05:53:31,0.7804,2
American Robin,Turdus migratorius,2026-04-26T09:53:15Z,26-Apr-2026,05:53:15,0.45,1
American Robin,Turdus migratorius,2026-04-26T09:52:55Z,26-Apr-2026,05:52:55,0.44,1
American Robin,Turdus migratorius,2026-04-26T09:51:58Z,26-Apr-2026,05:51:58,0.898,3
American Robin,Turdus migratorius,2026-04-26T09:51:33Z,26-Apr-2026,05:51:33,0.26,1
Chipping Sparrow,Spizella passerina,2026-04-26T09:50:03Z,26-Apr-2026,05:50:03,0.42,1
Chipping Sparrow,Spizella passerina,2026-04-26T09:48:47Z,26-Apr-2026,05:48:47,0.75,1
Chipping Sparrow,Spizella passerina,2026-04-26T09:48:40Z,26-Apr-2026,05:48:40,0.49,1
Chipping Sparrow,Spizella passerina,2026-04-26T09:48:05Z,26-Apr-2026,05:48:05,0.38,1
American Robin,Turdus migratorius,2026-04-26T09:47:05Z,26-Apr-2026,05:47:05,0.7804,5
American Robin,Turdus migratorius,2026-04-26T09:46:19Z,26-Apr-2026,05:46:19,0.39,1
American Robin,Turdus migratorius,2026-04-26T09:45:49Z,26-Apr-2026,05:45:49,0.8314,8
American Robin,Turdus migratorius,2026-04-26T09:45:43Z,26-Apr-2026,05:45:43,0.36,1
House Wren,Troglodytes aedon,2026-04-26T09:45:20Z,26-Apr-2026,05:45:20,0.7804,1
American Robin,Turdus migratorius,2026-04-26T09:45:13Z,26-Apr-2026,05:45:13,0.66,1
American Robin,Turdus migratorius,2026-04-26T09:45:06Z,26-Apr-2026,05:45:06,0.93,1
American Robin,Turdus migratorius,2026-04-26T09:44:50Z,26-Apr-2026,05:44:50,0.59,1
American Robin,Turdus migratorius,2026-04-26T09:44:43Z,26-Apr-2026,05:44:43,0.8745,1
American Robin,Turdus migratorius,2026-04-26T09:44:34Z,26-Apr-2026,05:44:34,0.39,1
American Robin,Turdus migratorius,2026-04-26T09:43:35Z,26-Apr-2026,05:43:35,0.44,1
American Robin,Turdus migratorius,2026-04-26T09:43:29Z,26-Apr-2026,05:43:29,0.32,1
American Robin,Turdus migratorius,2026-04-26T09:43:16Z,26-Apr-2026,05:43:16,0.8314,9
American Robin,Turdus migratorius,2026-04-26T09:42:17Z,26-Apr-2026,05:42:17,0.53,1
American Robin,Turdus migratorius,2026-04-26T09:42:10Z,26-Apr-2026,05:42:10,0.8157,2
Chipping Sparrow,Spizella passerina,2026-04-26T09:41:47Z,26-Apr-2026,05:41:47,0.36,1
Chipping Sparrow,Spizella passerina,2026-04-26T09:41:40Z,26-Apr-2026,05:41:40,0.69,1
Chipping Sparrow,Spizella passerina,2026-04-26T09:41:15Z,26-Apr-2026,05:41:15,0.61,1
European Starling,Sturnus vulgaris,2026-04-26T09:41:12Z,26-Apr-2026,05:41:12,0.7804,1
American Robin,Turdus migratorius,2026-04-26T09:41:05Z,26-Apr-2026,05:41:05,0.27,1
American Robin,Turdus migratorius,2026-04-26T09:40:43Z,26-Apr-2026,05:40:43,0.34,1
American Robin,Turdus migratorius,2026-04-26T09:40:37Z,26-Apr-2026,05:40:37,0.31,1
American Robin,Turdus migratorius,2026-04-26T09:40:18Z,26-Apr-2026,05:40:18,0.29,1
American Robin,Turdus migratorius,2026-04-26T09:40:11Z,26-Apr-2026,05:40:11,0.3,1
American Robin,Turdus migratorius,2026-04-26T09:40:08Z,26-Apr-2026,05:40:08,0.8314,10
American Robin,Turdus migratorius,2026-04-26T09:40:05Z,26-Apr-2026,05:40:05,0.29,1
American Robin,Turdus migratorius,2026-04-26T09:39:39Z,26-Apr-2026,05:39:39,0.29,1
American Robin,Turdus migratorius,2026-04-26T09:38:24Z,26-Apr-2026,05:38:24,0.8314,6
American Robin,Turdus migratorius,2026-04-26T09:38:10Z,26-Apr-2026,05:38:10,0.8,1
American Robin,Turdus migratorius,2026-04-26T09:37:42Z,26-Apr-2026,05:37:42,0.35,1
American Robin,Turdus migratorius,2026-04-26T09:37:33Z,26-Apr-2026,05:37:33,0.33,1
American Robin,Turdus migratorius,2026-04-26T09:37:14Z,26-Apr-2026,05:37:14,0.7804,6
American Robin,Turdus migratorius,2026-04-26T09:37:04Z,26-Apr-2026,05:37:04,0.4,1
American Robin,Turdus migratorius,2026-04-26T09:36:48Z,26-Apr-2026,05:36:48,0.8,1
American Robin,Turdus migratorius,2026-04-26T09:36:41Z,26-Apr-2026,05:36:41,0.47,1
American Robin,Turdus migratorius,2026-04-26T09:36:05Z,26-Apr-2026,05:36:05,0.74,1
American Robin,Turdus migratorius,2026-04-26T09:35:52Z,26-Apr-2026,05:35:52,0.94,1
American Robin,Turdus migratorius,2026-04-26T09:35:49Z,26-Apr-2026,05:35:49,0.8157,13
American Robin,Turdus migratorius,2026-04-26T09:35:39Z,26-Apr-2026,05:35:39,0.56,1
American Robin,Turdus migratorius,2026-04-26T09:35:32Z,26-Apr-2026,05:35:32,0.38,1
American Robin,Turdus migratorius,2026-04-26T09:35:19Z,26-Apr-2026,05:35:19,0.84,1
American Robin,Turdus migratorius,2026-04-26T09:35:10Z,26-Apr-2026,05:35:10,0.65,1
American Robin,Turdus migratorius,2026-04-26T09:34:57Z,26-Apr-2026,05:34:57,0.37,1
American Robin,Turdus migratorius,2026-04-26T09:34:48Z,26-Apr-2026,05:34:48,0.9255,10
American Robin,Turdus migratorius,2026-04-26T09:34:45Z,26-Apr-2026,05:34:45,0.32,1
American Robin,Turdus migratorius,2026-04-26T09:34:29Z,26-Apr-2026,05:34:29,0.43,1
American Robin,Turdus migratorius,2026-04-26T09:34:02Z,26-Apr-2026,05:34:02,0.91,1
American Robin,Turdus migratorius,2026-04-26T09:33:56Z,26-Apr-2026,05:33:56,0.48,1
American Robin,Turdus migratorius,2026-04-26T09:33:49Z,26-Apr-2026,05:33:49,0.9,1
American Robin,Turdus migratorius,2026-04-26T09:33:46Z,26-Apr-2026,05:33:46,0.7804,1
American Robin,Turdus migratorius,2026-04-26T09:33:40Z,26-Apr-2026,05:33:40,0.44,1
American Robin,Turdus migratorius,2026-04-26T09:33:20Z,26-Apr-2026,05:33:20,0.27,1
European Starling,Sturnus vulgaris,2026-04-26T09:32:57Z,26-Apr-2026,05:32:57,0.7804,1
European Starling,Sturnus vulgaris,2026-04-26T09:31:52Z,26-Apr-2026,05:31:52,0.9686,2
American Robin,Turdus migratorius,2026-04-26T09:31:49Z,26-Apr-2026,05:31:49,0.8627,1
European Starling,Sturnus vulgaris,2026-04-26T09:30:35Z,26-Apr-2026,05:30:35,0.7804,1
Eastern Phoebe,Sayornis phoebe,2026-04-26T09:29:53Z,26-Apr-2026,05:29:53,0.51,1
Eastern Phoebe,Sayornis phoebe,2026-04-26T09:29:46Z,26-Apr-2026,05:29:46,0.4,1
Eastern Phoebe,Sayornis phoebe,2026-04-26T09:29:08Z,26-Apr-2026,05:29:08,0.29,1
Eastern Phoebe,Sayornis phoebe,2026-04-26T09:29:01Z,26-Apr-2026,05:29:01,0.63,1
Eastern Phoebe,Sayornis phoebe,2026-04-26T09:28:55Z,26-Apr-2026,05:28:55,0.44,1
Eastern Phoebe,Sayornis phoebe,2026-04-26T09:28:42Z,26-Apr-2026,05:28:42,0.92,1
Eastern Phoebe,Sayornis phoebe,2026-04-26T09:28:30Z,26-Apr-2026,05:28:30,0.77,1
Eastern Phoebe,Sayornis phoebe,2026-04-26T09:28:23Z,26-Apr-2026,05:28:23,0.43,1
Eastern Phoebe,Sayornis phoebe,2026-04-26T09:28:17Z,26-Apr-2026,05:28:17,0.27,1
Black-capped Chickadee,Poecile atricapillus,2026-04-26T09:27:58Z,26-Apr-2026,05:27:58,0.48,1
Eastern Phoebe,Sayornis phoebe,2026-04-26T09:26:52Z,26-Apr-2026,05:26:52,0.8,1
American Robin,Turdus migratorius,2026-04-26T09:24:10Z,26-Apr-2026,05:24:10,0.26,1
Eastern Phoebe,Sayornis phoebe,2026-04-26T09:23:30Z,26-Apr-2026,05:23:30,0.53,1
Eastern Phoebe,Sayornis phoebe,2026-04-26T09:23:23Z,26-Apr-2026,05:23:23,0.61,1
Eastern Phoebe,Sayornis phoebe,2026-04-26T09:23:16Z,26-Apr-2026,05:23:16,0.62,1
Eastern Phoebe,Sayornis phoebe,2026-04-26T09:23:10Z,26-Apr-2026,05:23:10,0.71,1
Eastern Phoebe,Sayornis phoebe,2026-04-26T09:23:04Z,26-Apr-2026,05:23:04,0.67,1
Eastern Phoebe,Sayornis phoebe,2026-04-26T09:22:57Z,26-Apr-2026,05:22:57,0.72,1
Eastern Phoebe,Sayornis phoebe,2026-04-26T09:22:51Z,26-Apr-2026,05:22:51,0.8,1
Eastern Phoebe,Sayornis phoebe,2026-04-26T09:22:45Z,26-Apr-2026,05:22:45,0.7,1
Eastern Phoebe,Sayornis phoebe,2026-04-26T09:22:38Z,26-Apr-2026,05:22:38,0.78,1
Eastern Phoebe,Sayornis phoebe,2026-04-26T09:22:32Z,26-Apr-2026,05:22:32,0.59,1
Eastern Phoebe,Sayornis phoebe,2026-04-26T09:22:25Z,26-Apr-2026,05:22:25,0.72,1
Eastern Phoebe,Sayornis phoebe,2026-04-26T09:22:19Z,26-Apr-2026,05:22:19,0.68,1
Eastern Phoebe,Sayornis phoebe,2026-04-26T09:22:13Z,26-Apr-2026,05:22:13,0.85,1
Eastern Phoebe,Sayornis phoebe,2026-04-26T09:22:06Z,26-Apr-2026,05:22:06,0.75,1
Eastern Phoebe,Sayornis phoebe,2026-04-26T09:21:59Z,26-Apr-2026,05:21:59,0.75,1
Eastern Phoebe,Sayornis phoebe,2026-04-26T09:21:52Z,26-Apr-2026,05:21:52,0.83,1
Eastern Phoebe,Sayornis phoebe,2026-04-26T09:21:46Z,26-Apr-2026,05:21:46,0.64,1
Eastern Phoebe,Sayornis phoebe,2026-04-26T09:21:40Z,26-Apr-2026,05:21:40,0.53,1
Eastern Phoebe,Sayornis phoebe,2026-04-26T09:21:33Z,26-Apr-2026,05:21:33,0.82,1
Eastern Phoebe,Sayornis phoebe,2026-04-26T09:21:26Z,26-Apr-2026,05:21:26,0.76,1
Eastern Phoebe,Sayornis phoebe,2026-04-26T09:21:19Z,26-Apr-2026,05:21:19,0.53,1
Eastern Phoebe,Sayornis phoebe,2026-04-26T09:21:13Z,26-Apr-2026,05:21:13,0.77,1
Eastern Phoebe,Sayornis phoebe,2026-04-26T09:21:07Z,26-Apr-2026,05:21:07,0.88,1
Eastern Phoebe,Sayornis phoebe,2026-04-26T09:21:00Z,26-Apr-2026,05:21:00,0.83,1
Eastern Phoebe,Sayornis phoebe,2026-04-26T09:20:53Z,26-Apr-2026,05:20:53,0.76,1
Eastern Phoebe,Sayornis phoebe,2026-04-26T09:20:46Z,26-Apr-2026,05:20:46,0.62,1
Eastern Phoebe,Sayornis phoebe,2026-04-26T09:20:40Z,26-Apr-2026,05:20:40,0.58,1
Eastern Phoebe,Sayornis phoebe,2026-04-26T09:20:34Z,26-Apr-2026,05:20:34,0.81,1
Eastern Phoebe,Sayornis phoebe,2026-04-26T09:20:27Z,26-Apr-2026,05:20:27,0.81,1
Eastern Phoebe,Sayornis phoebe,2026-04-26T09:20:21Z,26-Apr-2026,05:20:21,0.93,1
Eastern Phoebe,Sayornis phoebe,2026-04-26T09:20:15Z,26-Apr-2026,05:20:15,0.74,1
Eastern Phoebe,Sayornis phoebe,2026-04-26T09:20:08Z,26-Apr-2026,05:20:08,0.73,1
Eastern Phoebe,Sayornis phoebe,2026-04-26T09:20:02Z,26-Apr-2026,05:20:02,0.94,1
Eastern Phoebe,Sayornis phoebe,2026-04-26T09:19:56Z,26-Apr-2026,05:19:56,0.65,1
Eastern Phoebe,Sayornis phoebe,2026-04-26T09:19:49Z,26-Apr-2026,05:19:49,0.81,1
Eastern Phoebe,Sayornis phoebe,2026-04-26T09:19:43Z,26-Apr-2026,05:19:43,0.78,1
Eastern Phoebe,Sayornis phoebe,2026-04-26T09:19:36Z,26-Apr-2026,05:19:36,0.7,1
Eastern Phoebe,Sayornis phoebe,2026-04-26T09:19:30Z,26-Apr-2026,05:19:30,0.54,1
Eastern Phoebe,Sayornis phoebe,2026-04-26T09:19:24Z,26-Apr-2026,05:19:24,0.6,1
Eastern Phoebe,Sayornis phoebe,2026-04-26T09:19:17Z,26-Apr-2026,05:19:17,0.89,1
Eastern Phoebe,Sayornis phoebe,2026-04-26T09:19:11Z,26-Apr-2026,05:19:11,0.79,1
Eastern Phoebe,Sayornis phoebe,2026-04-26T09:19:04Z,26-Apr-2026,05:19:04,0.27,1
Eastern Phoebe,Sayornis phoebe,2026-04-26T09:18:58Z,26-Apr-2026,05:18:58,0.79,1
Eastern Phoebe,Sayornis phoebe,2026-04-26T09:18:52Z,26-Apr-2026,05:18:52,0.53,1
Eastern Phoebe,Sayornis phoebe,2026-04-26T09:18:45Z,26-Apr-2026,05:18:45,0.84,1
Eastern Phoebe,Sayornis phoebe,2026-04-26T09:18:38Z,26-Apr-2026,05:18:38,0.65,1
Eastern Phoebe,Sayornis phoebe,2026-04-26T09:18:31Z,26-Apr-2026,05:18:31,0.43,1
Eastern Phoebe,Sayornis phoebe,2026-04-26T09:18:25Z,26-Apr-2026,05:18:25,0.65,1
Eastern Phoebe,Sayornis phoebe,2026-04-26T09:18:19Z,26-Apr-2026,05:18:19,0.82,1
Eastern Phoebe,Sayornis phoebe,2026-04-26T09:18:12Z,26-Apr-2026,05:18:12,0.82,1
Eastern Phoebe,Sayornis phoebe,2026-04-26T09:18:06Z,26-Apr-2026,05:18:06,0.7,1
Eastern Phoebe,Sayornis phoebe,2026-04-26T09:17:59Z,26-Apr-2026,05:17:59,0.54,1
Eastern Phoebe,Sayornis phoebe,2026-04-26T09:17:53Z,26-Apr-2026,05:17:53,0.69,1
Eastern Phoebe,Sayornis phoebe,2026-04-26T09:17:47Z,26-Apr-2026,05:17:47,0.53,1
Eastern Phoebe,Sayornis phoebe,2026-04-26T09:17:40Z,26-Apr-2026,05:17:40,0.9,1
Eastern Phoebe,Sayornis phoebe,2026-04-26T09:17:34Z,26-Apr-2026,05:17:34,0.95,1
Eastern Phoebe,Sayornis phoebe,2026-04-26T09:17:27Z,26-Apr-2026,05:17:27,0.69,1
Eastern Phoebe,Sayornis phoebe,2026-04-26T09:17:21Z,26-Apr-2026,05:17:21,0.91,1
Eastern Phoebe,Sayornis phoebe,2026-04-26T09:17:14Z,26-Apr-2026,05:17:14,0.72,1
Eastern Phoebe,Sayornis phoebe,2026-04-26T09:17:08Z,26-Apr-2026,05:17:08,0.85,1
Eastern Phoebe,Sayornis phoebe,2026-04-26T09:17:02Z,26-Apr-2026,05:17:02,0.83,1
Eastern Phoebe,Sayornis phoebe,2026-04-26T09:16:55Z,26-Apr-2026,05:16:55,0.77,1
Eastern Phoebe,Sayornis phoebe,2026-04-26T09:16:49Z,26-Apr-2026,05:16:49,0.75,1
Eastern Phoebe,Sayornis phoebe,2026-04-26T09:16:42Z,26-Apr-2026,05:16:42,0.64,1
Eastern Phoebe,Sayornis phoebe,2026-04-26T09:16:36Z,26-Apr-2026,05:16:36,0.77,1
Eastern Phoebe,Sayornis phoebe,2026-04-26T09:16:30Z,26-Apr-2026,05:16:30,0.89,1
Eastern Phoebe,Sayornis phoebe,2026-04-26T09:16:23Z,26-Apr-2026,05:16:23,0.41,1
Eastern Phoebe,Sayornis phoebe,2026-04-26T09:16:17Z,26-Apr-2026,05:16:17,0.65,1
Eastern Phoebe,Sayornis phoebe,2026-04-26T09:16:10Z,26-Apr-2026,05:16:10,0.88,1
Eastern Phoebe,Sayornis phoebe,2026-04-26T09:16:04Z,26-Apr-2026,05:16:04,0.56,1
Eastern Phoebe,Sayornis phoebe,2026-04-26T09:15:58Z,26-Apr-2026,05:15:58,0.84,1
Eastern Phoebe,Sayornis phoebe,2026-04-26T09:15:51Z,26-Apr-2026,05:15:51,0.34,1
Eastern Phoebe,Sayornis phoebe,2026-04-26T09:15:44Z,26-Apr-2026,05:15:44,0.91,1
Eastern Phoebe,Sayornis phoebe,2026-04-26T09:15:38Z,26-Apr-2026,05:15:38,0.73,1
Eastern Phoebe,Sayornis phoebe,2026-04-26T09:15:31Z,26-Apr-2026,05:15:31,0.73,1
Eastern Phoebe,Sayornis phoebe,2026-04-26T09:15:25Z,26-Apr-2026,05:15:25,0.51,1
Eastern Phoebe,Sayornis phoebe,2026-04-26T09:15:18Z,26-Apr-2026,05:15:18,0.88,1
Eastern Phoebe,Sayornis phoebe,2026-04-26T09:15:12Z,26-Apr-2026,05:15:12,0.83,1
Eastern Phoebe,Sayornis phoebe,2026-04-26T09:15:05Z,26-Apr-2026,05:15:05,0.44,1
Eastern Phoebe,Sayornis phoebe,2026-04-26T09:14:59Z,26-Apr-2026,05:14:59,0.32,1
Eastern Phoebe,Sayornis phoebe,2026-04-26T09:14:53Z,26-Apr-2026,05:14:53,0.85,1
Eastern Phoebe,Sayornis phoebe,2026-04-26T09:14:46Z,26-Apr-2026,05:14:46,0.88,1
Eastern Phoebe,Sayornis phoebe,2026-04-26T09:14:40Z,26-Apr-2026,05:14:40,0.88,1
Eastern Phoebe,Sayornis phoebe,2026-04-26T09:14:34Z,26-Apr-2026,05:14:34,0.87,1
Eastern Phoebe,Sayornis phoebe,2026-04-26T09:14:27Z,26-Apr-2026,05:14:27,0.9,1
Eastern Phoebe,Sayornis phoebe,2026-04-26T09:14:21Z,26-Apr-2026,05:14:21,0.47,1
Eastern Phoebe,Sayornis phoebe,2026-04-26T09:14:14Z,26-Apr-2026,05:14:14,0.84,1
Eastern Phoebe,Sayornis phoebe,2026-04-26T09:14:08Z,26-Apr-2026,05:14:08,0.79,1
Eastern Phoebe,Sayornis phoebe,2026-04-26T09:14:02Z,26-Apr-2026,05:14:02,0.72,1
Eastern Phoebe,Sayornis phoebe,2026-04-26T09:13:55Z,26-Apr-2026,05:13:55,0.75,1
Eastern Phoebe,Sayornis phoebe,2026-04-26T09:13:49Z,26-Apr-2026,05:13:49,0.47,1
Eastern Phoebe,Sayornis phoebe,2026-04-26T09:13:43Z,26-Apr-2026,05:13:43,0.89,1
Eastern Phoebe,Sayornis phoebe,2026-04-26T09:13:36Z,26-Apr-2026,05:13:36,0.61,1
Eastern Phoebe,Sayornis phoebe,2026-04-26T09:13:30Z,26-Apr-2026,05:13:30,0.78,1
Eastern Phoebe,Sayornis phoebe,2026-04-26T09:13:23Z,26-Apr-2026,05:13:23,0.83,1
Eastern Phoebe,Sayornis phoebe,2026-04-26T09:13:17Z,26-Apr-2026,05:13:17,0.67,1
Eastern Phoebe,Sayornis phoebe,2026-04-26T09:13:10Z,26-Apr-2026,05:13:10,0.66,1
Eastern Phoebe,Sayornis phoebe,2026-04-26T09:13:04Z,26-Apr-2026,05:13:04,0.97,1
Eastern Phoebe,Sayornis phoebe,2026-04-26T09:12:57Z,26-Apr-2026,05:12:57,0.53,1
Eastern Phoebe,Sayornis phoebe,2026-04-26T09:12:50Z,26-Apr-2026,05:12:50,0.8,1
Eastern Phoebe,Sayornis phoebe,2026-04-26T09:12:44Z,26-Apr-2026,05:12:44,0.71,1
Eastern Phoebe,Sayornis phoebe,2026-04-26T09:12:37Z,26-Apr-2026,05:12:37,0.96,1
Eastern Phoebe,Sayornis phoebe,2026-04-26T09:12:31Z,26-Apr-2026,05:12:31,0.9,1
Eastern Phoebe,Sayornis phoebe,2026-04-26T09:12:24Z,26-Apr-2026,05:12:24,0.8,1
Eastern Phoebe,Sayornis phoebe,2026-04-26T09:12:17Z,26-Apr-2026,05:12:17,0.82,1
Eastern Phoebe,Sayornis phoebe,2026-04-26T09:12:10Z,26-Apr-2026,05:12:10,0.9,1
Eastern Phoebe,Sayornis phoebe,2026-04-26T09:12:04Z,26-Apr-2026,05:12:04,0.81,1
Eastern Phoebe,Sayornis phoebe,2026-04-26T09:11:58Z,26-Apr-2026,05:11:58,0.93,1
Eastern Phoebe,Sayornis phoebe,2026-04-26T09:11:51Z,26-Apr-2026,05:11:51,0.83,1
Eastern Phoebe,Sayornis phoebe,2026-04-26T09:11:44Z,26-Apr-2026,05:11:44,0.8,1
Eastern Phoebe,Sayornis phoebe,2026-04-26T09:11:38Z,26-Apr-2026,05:11:38,0.69,1
Eastern Phoebe,Sayornis phoebe,2026-04-26T09:11:31Z,26-Apr-2026,05:11:31,0.58,1
Eastern Phoebe,Sayornis phoebe,2026-04-26T09:11:25Z,26-Apr-2026,05:11:25,0.83,1
Eastern Phoebe,Sayornis phoebe,2026-04-26T09:11:18Z,26-Apr-2026,05:11:18,0.47,1
Eastern Phoebe,Sayornis phoebe,2026-04-26T09:11:12Z,26-Apr-2026,05:11:12,0.6,1
Eastern Phoebe,Sayornis phoebe,2026-04-26T09:11:05Z,26-Apr-2026,05:11:05,0.88,1
Eastern Phoebe,Sayornis phoebe,2026-04-26T09:10:59Z,26-Apr-2026,05:10:59,0.8,1
Eastern Phoebe,Sayornis phoebe,2026-04-26T09:10:53Z,26-Apr-2026,05:10:53,0.87,1
Eastern Phoebe,Sayornis phoebe,2026-04-26T09:10:46Z,26-Apr-2026,05:10:46,0.81,1
Eastern Phoebe,Sayornis phoebe,2026-04-26T09:10:40Z,26-Apr-2026,05:10:40,0.55,1
Eastern Phoebe,Sayornis phoebe,2026-04-26T09:10:33Z,26-Apr-2026,05:10:33,0.74,1
Eastern Phoebe,Sayornis phoebe,2026-04-26T09:10:27Z,26-Apr-2026,05:10:27,0.87,1
Eastern Phoebe,Sayornis phoebe,2026-04-26T09:10:21Z,26-Apr-2026,05:10:21,0.82,1
Eastern Phoebe,Sayornis phoebe,2026-04-26T09:10:14Z,26-Apr-2026,05:10:14,0.43,1
Eastern Phoebe,Sayornis phoebe,2026-04-26T09:10:08Z,26-Apr-2026,05:10:08,0.34,1
Eastern Phoebe,Sayornis phoebe,2026-04-26T09:10:02Z,26-Apr-2026,05:10:02,0.9,1
Eastern Phoebe,Sayornis phoebe,2026-04-26T09:09:55Z,26-Apr-2026,05:09:55,0.77,1
Eastern Phoebe,Sayornis phoebe,2026-04-26T09:09:49Z,26-Apr-2026,05:09:49,0.91,1
Eastern Phoebe,Sayornis phoebe,2026-04-26T09:09:42Z,26-Apr-2026,05:09:42,0.49,1
Eastern Phoebe,Sayornis phoebe,2026-04-26T09:09:35Z,26-Apr-2026,05:09:35,0.83,1
Eastern Phoebe,Sayornis phoebe,2026-04-26T09:09:28Z,26-Apr-2026,05:09:28,0.73,1
Eastern Phoebe,Sayornis phoebe,2026-04-26T09:09:16Z,26-Apr-2026,05:09:16,0.38,1
Eastern Phoebe,Sayornis phoebe,2026-04-26T09:09:09Z,26-Apr-2026,05:09:09,0.43,1
Eastern Phoebe,Sayornis phoebe,2026-04-26T09:09:02Z,26-Apr-2026,05:09:02,0.77,1
Eastern Phoebe,Sayornis phoebe,2026-04-26T09:08:55Z,26-Apr-2026,05:08:55,0.77,1
Eastern Phoebe,Sayornis phoebe,2026-04-26T09:08:49Z,26-Apr-2026,05:08:49,0.83,1
Eastern Phoebe,Sayornis phoebe,2026-04-26T09:08:43Z,26-Apr-2026,05:08:43,0.9,1
Eastern Phoebe,Sayornis phoebe,2026-04-26T09:08:36Z,26-Apr-2026,05:08:36,0.79,1
Eastern Phoebe,Sayornis phoebe,2026-04-26T09:08:29Z,26-Apr-2026,05:08:29,0.39,1
Eastern Phoebe,Sayornis phoebe,2026-04-26T09:08:22Z,26-Apr-2026,05:08:22,0.77,1
Eastern Phoebe,Sayornis phoebe,2026-04-26T09:08:15Z,26-Apr-2026,05:08:15,0.54,1
Eastern Phoebe,Sayornis phoebe,2026-04-26T09:08:09Z,26-Apr-2026,05:08:09,0.56,1
Eastern Phoebe,Sayornis phoebe,2026-04-26T09:08:02Z,26-Apr-2026,05:08:02,0.81,1
Eastern Phoebe,Sayornis phoebe,2026-04-26T09:07:56Z,26-Apr-2026,05:07:56,0.75,1
Eastern Phoebe,Sayornis phoebe,2026-04-26T09:07:50Z,26-Apr-2026,05:07:50,0.67,1
Eastern Phoebe,Sayornis phoebe,2026-04-26T09:07:43Z,26-Apr-2026,05:07:43,0.6,1
Eastern Phoebe,Sayornis phoebe,2026-04-26T09:07:37Z,26-Apr-2026,05:07:37,0.72,1
Eastern Phoebe,Sayornis phoebe,2026-04-26T09:07:30Z,26-Apr-2026,05:07:30,0.77,1
Eastern Phoebe,Sayornis phoebe,2026-04-26T09:07:23Z,26-Apr-2026,05:07:23,0.5,1
Eastern Phoebe,Sayornis phoebe,2026-04-26T09:07:16Z,26-Apr-2026,05:07:16,0.66,1
Eastern Phoebe,Sayornis phoebe,2026-04-26T09:07:10Z,26-Apr-2026,05:07:10,0.44,1
Eastern Phoebe,Sayornis phoebe,2026-04-26T09:07:04Z,26-Apr-2026,05:07:04,0.79,1
Eastern Phoebe,Sayornis phoebe,2026-04-26T09:06:57Z,26-Apr-2026,05:06:57,0.65,1
Eastern Phoebe,Sayornis phoebe,2026-04-26T09:06:51Z,26-Apr-2026,05:06:51,0.69,1
Eastern Phoebe,Sayornis phoebe,2026-04-26T09:06:44Z,26-Apr-2026,05:06:44,0.54,1
Eastern Phoebe,Sayornis phoebe,2026-04-26T09:06:31Z,26-Apr-2026,05:06:31,0.64,1
Eastern Phoebe,Sayornis phoebe,2026-04-26T09:06:25Z,26-Apr-2026,05:06:25,0.44,1
Eastern Phoebe,Sayornis phoebe,2026-04-26T09:06:18Z,26-Apr-2026,05:06:18,0.63,1
Eastern Phoebe,Sayornis phoebe,2026-04-26T09:06:12Z,26-Apr-2026,05:06:12,0.83,1
Eastern Phoebe,Sayornis phoebe,2026-04-26T09:06:05Z,26-Apr-2026,05:06:05,0.87,1
Eastern Phoebe,Sayornis phoebe,2026-04-26T09:05:59Z,26-Apr-2026,05:05:59,0.79,1
Eastern Phoebe,Sayornis phoebe,2026-04-26T09:05:53Z,26-Apr-2026,05:05:53,0.44,1
Eastern Phoebe,Sayornis phoebe,2026-04-26T09:05:46Z,26-Apr-2026,05:05:46,0.68,1
Eastern Phoebe,Sayornis phoebe,2026-04-26T09:05:40Z,26-Apr-2026,05:05:40,0.57,1
Eastern Phoebe,Sayornis phoebe,2026-04-26T09:05:33Z,26-Apr-2026,05:05:33,0.66,1
Eastern Phoebe,Sayornis phoebe,2026-04-26T09:05:20Z,26-Apr-2026,05:05:20,0.78,1
Eastern Phoebe,Sayornis phoebe,2026-04-26T09:05:07Z,26-Apr-2026,05:05:07,0.68,1
Eastern Phoebe,Sayornis phoebe,2026-04-26T09:05:00Z,26-Apr-2026,05:05:00,0.59,1
Eastern Phoebe,Sayornis phoebe,2026-04-26T09:04:53Z,26-Apr-2026,05:04:53,0.95,1
Eastern Phoebe,Sayornis phoebe,2026-04-26T09:04:46Z,26-Apr-2026,05:04:46,0.68,1
Eastern Phoebe,Sayornis phoebe,2026-04-26T09:04:40Z,26-Apr-2026,05:04:40,0.72,1
Eastern Phoebe,Sayornis phoebe,2026-04-26T09:04:34Z,26-Apr-2026,05:04:34,0.71,1
Eastern Phoebe,Sayornis phoebe,2026-04-26T09:04:27Z,26-Apr-2026,05:04:27,0.35,1
Eastern Phoebe,Sayornis phoebe,2026-04-26T09:04:20Z,26-Apr-2026,05:04:20,0.32,1
Eastern Phoebe,Sayornis phoebe,2026-04-26T09:04:13Z,26-Apr-2026,05:04:13,0.54,1
Eastern Phoebe,Sayornis phoebe,2026-04-26T09:04:07Z,26-Apr-2026,05:04:07,0.46,1
Eastern Phoebe,Sayornis phoebe,2026-04-26T09:04:01Z,26-Apr-2026,05:04:01,0.67,1
Eastern Phoebe,Sayornis phoebe,2026-04-26T09:03:54Z,26-Apr-2026,05:03:54,0.76,1
Eastern Phoebe,Sayornis phoebe,2026-04-26T09:03:41Z,26-Apr-2026,05:03:41,0.57,1
Eastern Phoebe,Sayornis phoebe,2026-04-26T09:03:35Z,26-Apr-2026,05:03:35,0.64,1
Eastern Phoebe,Sayornis phoebe,2026-04-26T09:03:28Z,26-Apr-2026,05:03:28,0.52,1
Eastern Phoebe,Sayornis phoebe,2026-04-26T09:03:22Z,26-Apr-2026,05:03:22,0.73,1
Eastern Phoebe,Sayornis phoebe,2026-04-26T09:03:15Z,26-Apr-2026,05:03:15,0.66,1
Eastern Phoebe,Sayornis phoebe,2026-04-26T09:03:09Z,26-Apr-2026,05:03:09,0.7,1
Eastern Phoebe,Sayornis phoebe,2026-04-26T09:03:02Z,26-Apr-2026,05:03:02,0.72,1
Eastern Phoebe,Sayornis phoebe,2026-04-26T09:02:56Z,26-Apr-2026,05:02:56,0.9,1
Eastern Phoebe,Sayornis phoebe,2026-04-26T09:02:50Z,26-Apr-2026,05:02:50,0.6,1
Eastern Phoebe,Sayornis phoebe,2026-04-26T09:02:43Z,26-Apr-2026,05:02:43,0.85,1
Eastern Phoebe,Sayornis phoebe,2026-04-26T09:02:37Z,26-Apr-2026,05:02:37,0.66,1
Eastern Phoebe,Sayornis phoebe,2026-04-26T09:02:30Z,26-Apr-2026,05:02:30,0.89,1
Eastern Phoebe,Sayornis phoebe,2026-04-26T09:02:23Z,26-Apr-2026,05:02:23,0.47,1
Eastern Phoebe,Sayornis phoebe,2026-04-26T09:02:16Z,26-Apr-2026,05:02:16,0.97,1
Eastern Phoebe,Sayornis phoebe,2026-04-26T09:02:10Z,26-Apr-2026,05:02:10,0.61,1
Eastern Phoebe,Sayornis phoebe,2026-04-26T09:02:03Z,26-Apr-2026,05:02:03,0.71,1
Eastern Phoebe,Sayornis phoebe,2026-04-26T09:01:57Z,26-Apr-2026,05:01:57,0.84,1
Eastern Phoebe,Sayornis phoebe,2026-04-26T09:01:50Z,26-Apr-2026,05:01:50,0.83,1
Eastern Phoebe,Sayornis phoebe,2026-04-26T09:01:44Z,26-Apr-2026,05:01:44,0.87,1
Eastern Phoebe,Sayornis phoebe,2026-04-26T09:01:38Z,26-Apr-2026,05:01:38,0.81,1
Eastern Phoebe,Sayornis phoebe,2026-04-26T09:01:31Z,26-Apr-2026,05:01:31,0.87,1
Eastern Phoebe,Sayornis phoebe,2026-04-26T09:01:25Z,26-Apr-2026,05:01:25,0.93,1
Eastern Phoebe,Sayornis phoebe,2026-04-26T09:01:18Z,26-Apr-2026,05:01:18,0.56,1
Eastern Phoebe,Sayornis phoebe,2026-04-26T09:01:12Z,26-Apr-2026,05:01:12,0.65,1
Eastern Phoebe,Sayornis phoebe,2026-04-26T09:01:05Z,26-Apr-2026,05:01:05,0.64,1
Eastern Phoebe,Sayornis phoebe,2026-04-26T09:00:58Z,26-Apr-2026,05:00:58,0.52,1
Eastern Phoebe,Sayornis phoebe,2026-04-26T09:00:52Z,26-Apr-2026,05:00:52,0.55,1
Eastern Phoebe,Sayornis phoebe,2026-04-26T09:00:46Z,26-Apr-2026,05:00:46,0.81,1
Eastern Phoebe,Sayornis phoebe,2026-04-26T09:00:39Z,26-Apr-2026,05:00:39,0.65,1
Eastern Phoebe,Sayornis phoebe,2026-04-26T09:00:33Z,26-Apr-2026,05:00:33,0.89,1
Eastern Phoebe,Sayornis phoebe,2026-04-26T09:00:26Z,26-Apr-2026,05:00:26,0.73,1
Eastern Phoebe,Sayornis phoebe,2026-04-26T09:00:20Z,26-Apr-2026,05:00:20,0.9,1
Eastern Phoebe,Sayornis phoebe,2026-04-26T09:00:14Z,26-Apr-2026,05:00:14,0.65,1
Eastern Phoebe,Sayornis phoebe,2026-04-26T09:00:06Z,26-Apr-2026,05:00:06,0.9,1
Eastern Phoebe,Sayornis phoebe,2026-04-26T08:59:59Z,26-Apr-2026,04:59:59,0.91,1
Eastern Phoebe,Sayornis phoebe,2026-04-26T08:59:52Z,26-Apr-2026,04:59:52,0.79,1
Eastern Phoebe,Sayornis phoebe,2026-04-26T08:59:46Z,26-Apr-2026,04:59:46,0.69,1
Eastern Phoebe,Sayornis phoebe,2026-04-26T08:59:40Z,26-Apr-2026,04:59:40,0.88,1
Eastern Phoebe,Sayornis phoebe,2026-04-26T08:59:33Z,26-Apr-2026,04:59:33,0.85,1
Eastern Phoebe,Sayornis phoebe,2026-04-26T08:59:26Z,26-Apr-2026,04:59:26,0.65,1
Eastern Phoebe,Sayornis phoebe,2026-04-26T08:59:19Z,26-Apr-2026,04:59:19,0.96,1
Eastern Phoebe,Sayornis phoebe,2026-04-26T08:59:13Z,26-Apr-2026,04:59:13,0.75,1
Eastern Phoebe,Sayornis phoebe,2026-04-26T08:59:07Z,26-Apr-2026,04:59:07,0.83,1
Eastern Phoebe,Sayornis phoebe,2026-04-26T08:59:00Z,26-Apr-2026,04:59:00,0.54,1
Eastern Phoebe,Sayornis phoebe,2026-04-26T08:58:54Z,26-Apr-2026,04:58:54,0.63,1
Eastern Phoebe,Sayornis phoebe,2026-04-26T08:58:47Z,26-Apr-2026,04:58:47,0.76,1
Eastern Phoebe,Sayornis phoebe,2026-04-26T08:58:41Z,26-Apr-2026,04:58:41,0.86,1
Eastern Phoebe,Sayornis phoebe,2026-04-26T08:58:35Z,26-Apr-2026,04:58:35,0.93,1
Eastern Phoebe,Sayornis phoebe,2026-04-26T08:58:28Z,26-Apr-2026,04:58:28,0.96,1
Eastern Phoebe,Sayornis phoebe,2026-04-26T08:58:22Z,26-Apr-2026,04:58:22,0.91,1
Eastern Phoebe,Sayornis phoebe,2026-04-26T08:58:15Z,26-Apr-2026,04:58:15,0.51,1
Eastern Phoebe,Sayornis phoebe,2026-04-26T08:58:09Z,26-Apr-2026,04:58:09,0.82,1
Eastern Phoebe,Sayornis phoebe,2026-04-26T08:58:03Z,26-Apr-2026,04:58:03,0.71,1
Eastern Phoebe,Sayornis phoebe,2026-04-26T08:57:56Z,26-Apr-2026,04:57:56,0.74,1
Eastern Phoebe,Sayornis phoebe,2026-04-26T08:57:50Z,26-Apr-2026,04:57:50,0.85,1
Eastern Phoebe,Sayornis phoebe,2026-04-26T08:57:44Z,26-Apr-2026,04:57:44,0.64,1
Eastern Phoebe,Sayornis phoebe,2026-04-26T08:57:37Z,26-Apr-2026,04:57:37,0.92,1
Eastern Phoebe,Sayornis phoebe,2026-04-26T08:57:31Z,26-Apr-2026,04:57:31,0.82,1
Eastern Phoebe,Sayornis phoebe,2026-04-26T08:57:24Z,26-Apr-2026,04:57:24,0.83,1
Eastern Phoebe,Sayornis phoebe,2026-04-26T08:57:17Z,26-Apr-2026,04:57:17,0.92,1
Eastern Phoebe,Sayornis phoebe,2026-04-26T08:57:10Z,26-Apr-2026,04:57:10,0.56,1
Eastern Phoebe,Sayornis phoebe,2026-04-26T08:57:04Z,26-Apr-2026,04:57:04,0.83,1
Eastern Phoebe,Sayornis phoebe,2026-04-26T08:56:58Z,26-Apr-2026,04:56:58,0.86,1
Eastern Phoebe,Sayornis phoebe,2026-04-26T08:56:51Z,26-Apr-2026,04:56:51,0.89,1
Eastern Phoebe,Sayornis phoebe,2026-04-26T08:56:44Z,26-Apr-2026,04:56:44,0.79,1
Eastern Phoebe,Sayornis phoebe,2026-04-26T08:56:37Z,26-Apr-2026,04:56:37,0.87,1
Eastern Phoebe,Sayornis phoebe,2026-04-26T08:56:31Z,26-Apr-2026,04:56:31,0.91,1
Eastern Phoebe,Sayornis phoebe,2026-04-26T08:56:25Z,26-Apr-2026,04:56:25,0.86,1
Eastern Phoebe,Sayornis phoebe,2026-04-26T08:56:18Z,26-Apr-2026,04:56:18,0.8,1
Eastern Phoebe,Sayornis phoebe,2026-04-26T08:56:11Z,26-Apr-2026,04:56:11,0.61,1
Eastern Phoebe,Sayornis phoebe,2026-04-26T08:56:04Z,26-Apr-2026,04:56:04,0.57,1
Eastern Phoebe,Sayornis phoebe,2026-04-26T08:55:58Z,26-Apr-2026,04:55:58,0.61,1
Eastern Phoebe,Sayornis phoebe,2026-04-26T08:55:52Z,26-Apr-2026,04:55:52,0.8,1
Eastern Phoebe,Sayornis phoebe,2026-04-26T08:55:45Z,26-Apr-2026,04:55:45,0.89,1
Eastern Phoebe,Sayornis phoebe,2026-04-26T08:55:38Z,26-Apr-2026,04:55:38,0.84,1
Eastern Phoebe,Sayornis phoebe,2026-04-26T08:55:32Z,26-Apr-2026,04:55:32,0.89,1
Eastern Phoebe,Sayornis phoebe,2026-04-26T08:55:25Z,26-Apr-2026,04:55:25,0.79,1
Eastern Phoebe,Sayornis phoebe,2026-04-26T08:55:19Z,26-Apr-2026,04:55:19,0.35,1
Eastern Phoebe,Sayornis phoebe,2026-04-26T08:55:13Z,26-Apr-2026,04:55:13,0.27,1
Eastern Phoebe,Sayornis phoebe,2026-04-26T08:55:00Z,26-Apr-2026,04:55:00,0.37,1
Eastern Phoebe,Sayornis phoebe,2026-04-26T08:54:53Z,26-Apr-2026,04:54:53,0.43,1
Eastern Phoebe,Sayornis phoebe,2026-04-26T08:54:47Z,26-Apr-2026,04:54:47,0.48,1
Eastern Phoebe,Sayornis phoebe,2026-04-26T08:54:28Z,26-Apr-2026,04:54:28,0.33,1
Eastern Phoebe,Sayornis phoebe,2026-04-26T08:54:22Z,26-Apr-2026,04:54:22,0.52,1
Eastern Phoebe,Sayornis phoebe,2026-04-26T08:54:09Z,26-Apr-2026,04:54:09,0.43,1
Eastern Phoebe,Sayornis phoebe,2026-04-26T08:54:02Z,26-Apr-2026,04:54:02,0.43,1
Eastern Phoebe,Sayornis phoebe,2026-04-26T08:53:50Z,26-Apr-2026,04:53:50,0.47,1
Eastern Phoebe,Sayornis phoebe,2026-04-26T08:53:43Z,26-Apr-2026,04:53:43,0.56,1
Eastern Phoebe,Sayornis phoebe,2026-04-26T08:53:31Z,26-Apr-2026,04:53:31,0.26,1
Eastern Phoebe,Sayornis phoebe,2026-04-26T08:53:17Z,26-Apr-2026,04:53:17,0.4,1
Eastern Phoebe,Sayornis phoebe,2026-04-26T08:53:11Z,26-Apr-2026,04:53:11,0.48,1
American Woodcock,Scolopax minor,2026-04-26T08:50:11Z,26-Apr-2026,04:50:11,0.75,1
American Woodcock,Scolopax minor,2026-04-26T08:49:18Z,26-Apr-2026,04:49:18,0.73,1
American Woodcock,Scolopax minor,2026-04-26T08:48:56Z,26-Apr-2026,04:48:56,0.36,1
American Woodcock,Scolopax minor,2026-04-26T08:48:21Z,26-Apr-2026,04:48:21,0.86,1
American Woodcock,Scolopax minor,2026-04-26T08:48:09Z,26-Apr-2026,04:48:09,0.33,1
American Woodcock,Scolopax minor,2026-04-26T08:47:56Z,26-Apr-2026,04:47:56,0.54,1
American Woodcock,Scolopax minor,2026-04-26T08:46:54Z,26-Apr-2026,04:46:54,0.62,1
American Woodcock,Scolopax minor,2026-04-26T08:46:47Z,26-Apr-2026,04:46:47,0.77,1
American Woodcock,Scolopax minor,2026-04-26T08:46:41Z,26-Apr-2026,04:46:41,0.67,1
American Woodcock,Scolopax minor,2026-04-26T08:46:28Z,26-Apr-2026,04:46:28,0.53,1
American Woodcock,Scolopax minor,2026-04-26T08:46:03Z,26-Apr-2026,04:46:03,0.71,1
American Woodcock,Scolopax minor,2026-04-26T08:45:50Z,26-Apr-2026,04:45:50,0.52,1
American Woodcock,Scolopax minor,2026-04-26T08:45:41Z,26-Apr-2026,04:45:41,0.62,1
American Woodcock,Scolopax minor,2026-04-26T08:45:15Z,26-Apr-2026,04:45:15,0.49,1
American Woodcock,Scolopax minor,2026-04-26T08:44:57Z,26-Apr-2026,04:44:57,0.79,1
American Woodcock,Scolopax minor,2026-04-26T08:44:50Z,26-Apr-2026,04:44:50,0.64,1
American Woodcock,Scolopax minor,2026-04-26T08:44:38Z,26-Apr-2026,04:44:38,0.73,1
American Woodcock,Scolopax minor,2026-04-26T08:44:28Z,26-Apr-2026,04:44:28,0.62,1
American Woodcock,Scolopax minor,2026-04-26T08:44:22Z,26-Apr-2026,04:44:22,0.77,1
American Woodcock,Scolopax minor,2026-04-26T08:44:16Z,26-Apr-2026,04:44:16,0.8,1
American Woodcock,Scolopax minor,2026-04-26T08:44:09Z,26-Apr-2026,04:44:09,0.41,1
American Woodcock,Scolopax minor,2026-04-26T08:44:00Z,26-Apr-2026,04:44:00,0.76,1
American Woodcock,Scolopax minor,2026-04-26T08:43:53Z,26-Apr-2026,04:43:53,0.67,1
American Woodcock,Scolopax minor,2026-04-26T08:43:38Z,26-Apr-2026,04:43:38,0.91,1
American Woodcock,Scolopax minor,2026-04-26T08:43:28Z,26-Apr-2026,04:43:28,0.6,1
American Woodcock,Scolopax minor,2026-04-26T08:43:19Z,26-Apr-2026,04:43:19,0.95,1
American Woodcock,Scolopax minor,2026-04-26T08:43:10Z,26-Apr-2026,04:43:10,0.8,1
American Woodcock,Scolopax minor,2026-04-26T08:43:03Z,26-Apr-2026,04:43:03,0.6,1
American Woodcock,Scolopax minor,2026-04-26T08:42:50Z,26-Apr-2026,04:42:50,0.51,1
American Woodcock,Scolopax minor,2026-04-26T08:42:41Z,26-Apr-2026,04:42:41,0.73,1
American Woodcock,Scolopax minor,2026-04-26T08:42:35Z,26-Apr-2026,04:42:35,0.66,1
American Woodcock,Scolopax minor,2026-04-26T08:42:25Z,26-Apr-2026,04:42:25,0.68,1
American Woodcock,Scolopax minor,2026-04-26T08:42:19Z,26-Apr-2026,04:42:19,0.66,1
American Woodcock,Scolopax minor,2026-04-26T08:42:10Z,26-Apr-2026,04:42:10,0.84,1
American Woodcock,Scolopax minor,2026-04-26T08:42:03Z,26-Apr-2026,04:42:03,0.28,1
American Woodcock,Scolopax minor,2026-04-26T08:41:57Z,26-Apr-2026,04:41:57,0.9,1
American Woodcock,Scolopax minor,2026-04-26T08:41:43Z,26-Apr-2026,04:41:43,0.83,1
American Woodcock,Scolopax minor,2026-04-26T08:41:37Z,26-Apr-2026,04:41:37,0.84,1
American Woodcock,Scolopax minor,2026-04-26T08:41:05Z,26-Apr-2026,04:41:05,0.86,1
American Woodcock,Scolopax minor,2026-04-26T08:40:49Z,26-Apr-2026,04:40:49,0.82,1
American Woodcock,Scolopax minor,2026-04-26T08:40:33Z,26-Apr-2026,04:40:33,0.78,1
American Woodcock,Scolopax minor,2026-04-26T08:40:14Z,26-Apr-2026,04:40:14,0.88,1
American Woodcock,Scolopax minor,2026-04-26T08:40:05Z,26-Apr-2026,04:40:05,0.71,1
American Woodcock,Scolopax minor,2026-04-26T08:39:53Z,26-Apr-2026,04:39:53,0.97,1
American Woodcock,Scolopax minor,2026-04-26T08:39:46Z,26-Apr-2026,04:39:46,0.9,1
American Woodcock,Scolopax minor,2026-04-26T08:39:13Z,26-Apr-2026,04:39:13,0.43,1
American Woodcock,Scolopax minor,2026-04-26T08:39:06Z,26-Apr-2026,04:39:06,0.32,1
American Woodcock,Scolopax minor,2026-04-26T08:38:54Z,26-Apr-2026,04:38:54,0.43,1
American Woodcock,Scolopax minor,2026-04-26T08:37:02Z,26-Apr-2026,04:37:02,0.88,1
American Woodcock,Scolopax minor,2026-04-26T08:36:56Z,26-Apr-2026,04:36:56,0.38,1
American Woodcock,Scolopax minor,2026-04-26T08:36:09Z,26-Apr-2026,04:36:09,0.88,1
American Woodcock,Scolopax minor,2026-04-26T08:35:37Z,26-Apr-2026,04:35:37,0.62,1
American Woodcock,Scolopax minor,2026-04-26T08:35:31Z,26-Apr-2026,04:35:31,0.82,1
American Woodcock,Scolopax minor,2026-04-26T08:35:25Z,26-Apr-2026,04:35:25,0.91,1
American Woodcock,Scolopax minor,2026-04-26T08:35:18Z,26-Apr-2026,04:35:18,0.41,1
American Woodcock,Scolopax minor,2026-04-26T08:34:59Z,26-Apr-2026,04:34:59,0.81,1
American Woodcock,Scolopax minor,2026-04-26T08:34:26Z,26-Apr-2026,04:34:26,0.74,1
American Woodcock,Scolopax minor,2026-04-26T08:34:14Z,26-Apr-2026,04:34:14,0.98,1
American Woodcock,Scolopax minor,2026-04-26T08:33:52Z,26-Apr-2026,04:33:52,0.62,1
American Woodcock,Scolopax minor,2026-04-26T08:33:24Z,26-Apr-2026,04:33:24,0.56,1
American Woodcock,Scolopax minor,2026-04-26T08:33:17Z,26-Apr-2026,04:33:17,0.5,1
American Woodcock,Scolopax minor,2026-04-26T08:33:04Z,26-Apr-2026,04:33:04,0.89,1
American Woodcock,Scolopax minor,2026-04-26T08:32:58Z,26-Apr-2026,04:32:58,0.67,1
American Woodcock,Scolopax minor,2026-04-26T08:32:52Z,26-Apr-2026,04:32:52,0.73,1
American Woodcock,Scolopax minor,2026-04-26T08:32:45Z,26-Apr-2026,04:32:45,0.82,1
American Woodcock,Scolopax minor,2026-04-26T08:32:39Z,26-Apr-2026,04:32:39,0.8,1
American Woodcock,Scolopax minor,2026-04-26T08:32:29Z,26-Apr-2026,04:32:29,0.68,1
American Woodcock,Scolopax minor,2026-04-26T08:32:11Z,26-Apr-2026,04:32:11,0.79,1
American Woodcock,Scolopax minor,2026-04-26T08:31:27Z,26-Apr-2026,04:31:27,0.65,1
American Woodcock,Scolopax minor,2026-04-26T08:31:18Z,26-Apr-2026,04:31:18,0.84,1
American Woodcock,Scolopax minor,2026-04-26T08:31:11Z,26-Apr-2026,04:31:11,0.67,1
American Woodcock,Scolopax minor,2026-04-26T08:30:49Z,26-Apr-2026,04:30:49,0.45,1
American Woodcock,Scolopax minor,2026-04-26T08:30:43Z,26-Apr-2026,04:30:43,0.91,1
American Woodcock,Scolopax minor,2026-04-26T08:30:37Z,26-Apr-2026,04:30:37,0.71,1
American Woodcock,Scolopax minor,2026-04-26T08:30:30Z,26-Apr-2026,04:30:30,0.66,1
American Woodcock,Scolopax minor,2026-04-26T08:30:23Z,26-Apr-2026,04:30:23,0.68,1
American Woodcock,Scolopax minor,2026-04-26T08:30:05Z,26-Apr-2026,04:30:05,0.86,1
American Woodcock,Scolopax minor,2026-04-26T08:29:53Z,26-Apr-2026,04:29:53,0.55,1
American Woodcock,Scolopax minor,2026-04-26T08:29:46Z,26-Apr-2026,04:29:46,0.73,1
American Woodcock,Scolopax minor,2026-04-26T08:29:27Z,26-Apr-2026,04:29:27,0.83,1
American Woodcock,Scolopax minor,2026-04-26T08:29:09Z,26-Apr-2026,04:29:09,0.68,1
American Woodcock,Scolopax minor,2026-04-26T08:29:02Z,26-Apr-2026,04:29:02,0.72,1
American Woodcock,Scolopax minor,2026-04-26T08:28:50Z,26-Apr-2026,04:28:50,0.59,1
American Woodcock,Scolopax minor,2026-04-26T08:28:37Z,26-Apr-2026,04:28:37,0.6,1
American Woodcock,Scolopax minor,2026-04-26T08:28:08Z,26-Apr-2026,04:28:08,0.76,1
American Woodcock,Scolopax minor,2026-04-26T08:27:33Z,26-Apr-2026,04:27:33,0.42,1
American Woodcock,Scolopax minor,2026-04-26T08:27:14Z,26-Apr-2026,04:27:14,0.68,1
Northern Cardinal,Cardinalis cardinalis,2026-04-26T07:58:54Z,26-Apr-2026,03:58:54,0.7804,1
Barred Owl,Strix varia,2026-04-26T07:51:03Z,26-Apr-2026,03:51:03,0.82,1
Barred Owl,Strix varia,2026-04-26T07:48:10Z,26-Apr-2026,03:48:10,0.89,1
Barred Owl,Strix varia,2026-04-26T07:47:03Z,26-Apr-2026,03:47:03,0.72,1
Barred Owl,Strix varia,2026-04-26T07:46:13Z,26-Apr-2026,03:46:13,0.5,1
Northern Cardinal,Cardinalis cardinalis,2026-04-26T07:12:45Z,26-Apr-2026,03:12:45,0.7804,2
Northern Cardinal,Cardinalis cardinalis,2026-04-26T07:03:15Z,26-Apr-2026,03:03:15,0.7804,1
Barred Owl,Strix varia,2026-04-26T07:01:05Z,26-Apr-2026,03:01:05,0.82,1
Northern Cardinal,Cardinalis cardinalis,2026-04-26T06:50:43Z,26-Apr-2026,02:50:43,0.8,1
Northern Cardinal,Cardinalis cardinalis,2026-04-26T06:48:42Z,26-Apr-2026,02:48:42,0.8157,2
Northern Cardinal,Cardinalis cardinalis,2026-04-26T06:47:21Z,26-Apr-2026,02:47:21,0.7804,1
Northern Cardinal,Cardinalis cardinalis,2026-04-26T06:39:50Z,26-Apr-2026,02:39:50,0.898,1
Northern Cardinal,Cardinalis cardinalis,2026-04-26T06:30:41Z,26-Apr-2026,02:30:41,0.8627,1
Northern Cardinal,Cardinalis cardinalis,2026-04-26T06:25:01Z,26-Apr-2026,02:25:01,0.8,1
Northern Cardinal,Cardinalis cardinalis,2026-04-26T06:14:43Z,26-Apr-2026,02:14:43,0.7804,1
Northern Cardinal,Cardinalis cardinalis,2026-04-26T06:03:09Z,26-Apr-2026,02:03:09,0.8314,1
Northern Cardinal,Cardinalis cardinalis,2026-04-26T04:59:23Z,26-Apr-2026,00:59:23,0.7804,1
American Woodcock,Scolopax minor,2026-04-26T04:51:32Z,26-Apr-2026,00:51:32,0.66,1
American Woodcock,Scolopax minor,2026-04-26T04:51:04Z,26-Apr-2026,00:51:04,0.55,1
American Woodcock,Scolopax minor,2026-04-26T04:50:35Z,26-Apr-2026,00:50:35,0.73,1
American Woodcock,Scolopax minor,2026-04-26T04:49:28Z,26-Apr-2026,00:49:28,0.76,1
Northern Cardinal,Cardinalis cardinalis,2026-04-26T04:46:54Z,26-Apr-2026,00:46:54,0.8157,1
Northern Cardinal,Cardinalis cardinalis,2026-04-26T04:44:34Z,26-Apr-2026,00:44:34,0.8157,1
American Woodcock,Scolopax minor,2026-04-26T04:43:22Z,26-Apr-2026,00:43:22,0.46,1
American Woodcock,Scolopax minor,2026-04-26T04:42:31Z,26-Apr-2026,00:42:31,0.75,1
American Woodcock,Scolopax minor,2026-04-26T04:42:18Z,26-Apr-2026,00:42:18,0.77,1
American Woodcock,Scolopax minor,2026-04-26T04:39:59Z,26-Apr-2026,00:39:59,0.31,1
American Woodcock,Scolopax minor,2026-04-26T04:39:53Z,26-Apr-2026,00:39:53,0.5,1
American Woodcock,Scolopax minor,2026-04-26T04:39:35Z,26-Apr-2026,00:39:35,0.49,1
American Woodcock,Scolopax minor,2026-04-26T04:38:50Z,26-Apr-2026,00:38:50,0.4,1
American Woodcock,Scolopax minor,2026-04-26T04:36:07Z,26-Apr-2026,00:36:07,0.56,1
American Woodcock,Scolopax minor,2026-04-26T04:35:35Z,26-Apr-2026,00:35:35,0.62,1
American Woodcock,Scolopax minor,2026-04-26T04:34:34Z,26-Apr-2026,00:34:34,0.68,1
Barred Owl,Strix varia,2026-04-26T04:34:15Z,26-Apr-2026,00:34:15,0.51,1
Barred Owl,Strix varia,2026-04-26T04:33:47Z,26-Apr-2026,00:33:47,0.92,1
Barred Owl,Strix varia,2026-04-26T04:31:24Z,26-Apr-2026,00:31:24,0.52,1
Barred Owl,Strix varia,2026-04-26T04:28:13Z,26-Apr-2026,00:28:13,0.81,1
American Woodcock,Scolopax minor,2026-04-26T04:26:26Z,26-Apr-2026,00:26:26,0.3,1
American Woodcock,Scolopax minor,2026-04-26T04:25:10Z,26-Apr-2026,00:25:10,0.73,1
American Woodcock,Scolopax minor,2026-04-26T04:24:42Z,26-Apr-2026,00:24:42,0.54,1
American Woodcock,Scolopax minor,2026-04-26T04:24:36Z,26-Apr-2026,00:24:36,0.37,1
American Woodcock,Scolopax minor,2026-04-26T04:24:08Z,26-Apr-2026,00:24:08,0.89,1
American Woodcock,Scolopax minor,2026-04-26T04:22:36Z,26-Apr-2026,00:22:36,0.4,1
Northern Cardinal,Cardinalis cardinalis,2026-04-26T04:20:40Z,26-Apr-2026,00:20:40,0.8745,1
Barred Owl,Strix varia,2026-04-26T04:16:59Z,26-Apr-2026,00:16:59,0.9,1
Northern Cardinal,Cardinalis cardinalis,2026-04-26T04:16:55Z,26-Apr-2026,00:16:55,0.8,1
American Woodcock,Scolopax minor,2026-04-26T04:15:50Z,26-Apr-2026,00:15:50,0.59,1
American Woodcock,Scolopax minor,2026-04-26T04:03:36Z,26-Apr-2026,00:03:36,0.39,1
Northern Cardinal,Cardinalis cardinalis,2026-04-26T04:01:56Z,26-Apr-2026,00:01:56,0.8314,1
American Woodcock,Scolopax minor,2026-04-26T03:58:54Z,25-Apr-2026,23:58:54,0.52,1
Northern Cardinal,Cardinalis cardinalis,2026-04-26T03:52:26Z,25-Apr-2026,23:52:26,0.8471,1
Northern Cardinal,Cardinalis cardinalis,2026-04-26T03:50:26Z,25-Apr-2026,23:50:26,0.7804,1
American Woodcock,Scolopax minor,2026-04-26T03:46:36Z,25-Apr-2026,23:46:36,0.9,1
American Woodcock,Scolopax minor,2026-04-26T03:43:24Z,25-Apr-2026,23:43:24,0.45,1
American Woodcock,Scolopax minor,2026-04-26T03:40:37Z,25-Apr-2026,23:40:37,0.62,1
Barred Owl,Strix varia,2026-04-26T03:37:52Z,25-Apr-2026,23:37:52,0.69,1
American Woodcock,Scolopax minor,2026-04-26T03:28:14Z,25-Apr-2026,23:28:14,0.37,1
American Woodcock,Scolopax minor,2026-04-26T03:27:38Z,25-Apr-2026,23:27:38,0.39,1
American Woodcock,Scolopax minor,2026-04-26T03:25:40Z,25-Apr-2026,23:25:40,0.63,1
American Woodcock,Scolopax minor,2026-04-26T03:22:18Z,25-Apr-2026,23:22:18,0.59,1
American Woodcock,Scolopax minor,2026-04-26T03:20:29Z,25-Apr-2026,23:20:29,0.43,1
Northern Cardinal,Cardinalis cardinalis,2026-04-26T03:12:23Z,25-Apr-2026,23:12:23,0.8745,1
Northern Cardinal,Cardinalis cardinalis,2026-04-26T03:09:48Z,25-Apr-2026,23:09:48,0.8863,1
Northern Cardinal,Cardinalis cardinalis,2026-04-26T03:00:51Z,25-Apr-2026,23:00:51,0.8314,1
Northern Cardinal,Cardinalis cardinalis,2026-04-26T02:56:04Z,25-Apr-2026,22:56:04,0.8157,1
American Woodcock,Scolopax minor,2026-04-26T02:53:21Z,25-Apr-2026,22:53:21,0.69,1
American Woodcock,Scolopax minor,2026-04-26T02:53:14Z,25-Apr-2026,22:53:14,0.46,1
Northern Cardinal,Cardinalis cardinalis,2026-04-26T02:46:10Z,25-Apr-2026,22:46:10,0.7804,1
American Woodcock,Scolopax minor,2026-04-26T02:40:54Z,25-Apr-2026,22:40:54,0.42,1
Northern Cardinal,Cardinalis cardinalis,2026-04-26T02:40:03Z,25-Apr-2026,22:40:03,0.8,2
American Woodcock,Scolopax minor,2026-04-26T02:39:12Z,25-Apr-2026,22:39:12,0.44,1
Northern Cardinal,Cardinalis cardinalis,2026-04-26T02:37:25Z,25-Apr-2026,22:37:25,0.7804,1
American Woodcock,Scolopax minor,2026-04-26T02:33:16Z,25-Apr-2026,22:33:16,0.59,1
American Woodcock,Scolopax minor,2026-04-26T02:31:59Z,25-Apr-2026,22:31:59,0.34,1
American Woodcock,Scolopax minor,2026-04-26T02:30:45Z,25-Apr-2026,22:30:45,0.5,1
American Woodcock,Scolopax minor,2026-04-26T02:30:29Z,25-Apr-2026,22:30:29,0.7,1
American Woodcock,Scolopax minor,2026-04-26T02:26:50Z,25-Apr-2026,22:26:50,0.27,1
American Woodcock,Scolopax minor,2026-04-26T02:22:20Z,25-Apr-2026,22:22:20,0.37,1
American Woodcock,Scolopax minor,2026-04-26T02:18:55Z,25-Apr-2026,22:18:55,0.31,1
Northern Cardinal,Cardinalis cardinalis,2026-04-26T02:18:09Z,25-Apr-2026,22:18:09,0.8157,1
Northern Cardinal,Cardinalis cardinalis,2026-04-26T02:16:06Z,25-Apr-2026,22:16:06,0.8745,1
Northern Cardinal,Cardinalis cardinalis,2026-04-26T02:11:53Z,25-Apr-2026,22:11:53,0.7804,1
Northern Cardinal,Cardinalis cardinalis,2026-04-26T01:58:19Z,25-Apr-2026,21:58:19,0.8157,1
Northern Cardinal,Cardinalis cardinalis,2026-04-26T01:53:58Z,25-Apr-2026,21:53:58,0.8,1
Northern Cardinal,Cardinalis cardinalis,2026-04-26T01:41:16Z,25-Apr-2026,21:41:16,0.8,1
Northern Cardinal,Cardinalis cardinalis,2026-04-26T01:35:36Z,25-Apr-2026,21:35:36,0.7804,2
Northern Cardinal,Cardinalis cardinalis,2026-04-26T01:33:16Z,25-Apr-2026,21:33:16,0.8157,1
Northern Cardinal,Cardinalis cardinalis,2026-04-26T01:28:57Z,25-Apr-2026,21:28:57,0.8471,1
Northern Cardinal,Cardinalis cardinalis,2026-04-26T01:25:15Z,25-Apr-2026,21:25:15,0.8157,1
Northern Cardinal,Cardinalis cardinalis,2026-04-26T01:15:37Z,25-Apr-2026,21:15:37,0.898,1
Northern Cardinal,Cardinalis cardinalis,2026-04-26T01:08:12Z,25-Apr-2026,21:08:12,0.8157,1
Northern Cardinal,Cardinalis cardinalis,2026-04-26T01:01:47Z,25-Apr-2026,21:01:47,0.8,1
Northern Cardinal,Cardinalis cardinalis,2026-04-26T00:49:41Z,25-Apr-2026,20:49:41,0.8,1
Northern Cardinal,Cardinalis cardinalis,2026-04-26T00:46:17Z,25-Apr-2026,20:46:17,0.8157,1
Northern Cardinal,Cardinalis cardinalis,2026-04-26T00:42:15Z,25-Apr-2026,20:42:15,0.8157,1
American Woodcock,Scolopax minor,2026-04-26T00:32:12Z,25-Apr-2026,20:32:12,0.62,1
American Woodcock,Scolopax minor,2026-04-26T00:31:25Z,25-Apr-2026,20:31:25,0.39,1
American Woodcock,Scolopax minor,2026-04-26T00:30:57Z,25-Apr-2026,20:30:57,0.76,1
American Woodcock,Scolopax minor,2026-04-26T00:30:47Z,25-Apr-2026,20:30:47,0.51,1
American Woodcock,Scolopax minor,2026-04-26T00:21:47Z,25-Apr-2026,20:21:47,0.4,1
American Woodcock,Scolopax minor,2026-04-26T00:17:02Z,25-Apr-2026,20:17:02,0.69,1
American Woodcock,Scolopax minor,2026-04-26T00:16:50Z,25-Apr-2026,20:16:50,0.89,1
American Woodcock,Scolopax minor,2026-04-26T00:01:57Z,25-Apr-2026,20:01:57,0.32,1
