Species,Scientific Name,UTC Date,Local Date,Local Time,Score,Count
American Woodcock,Scolopax minor,2026-04-25T23:59:43Z,25-Apr-2026,19:59:43,0.5,1
Eastern Phoebe,Sayornis phoebe,2026-04-25T23:57:52Z,25-Apr-2026,19:57:52,0.81,1
Eastern Phoebe,Sayornis phoebe,2026-04-25T23:57:46Z,25-Apr-2026,19:57:46,0.62,1
Eastern Phoebe,Sayornis phoebe,2026-04-25T23:57:33Z,25-Apr-2026,19:57:33,0.3,1
Eastern Phoebe,Sayornis phoebe,2026-04-25T23:57:27Z,25-Apr-2026,19:57:27,0.57,1
Eastern Phoebe,Sayornis phoebe,2026-04-25T23:57:20Z,25-Apr-2026,19:57:20,0.29,1
Eastern Phoebe,Sayornis phoebe,2026-04-25T23:57:13Z,25-Apr-2026,19:57:13,0.39,1
Eastern Phoebe,Sayornis phoebe,2026-04-25T23:57:07Z,25-Apr-2026,19:57:07,0.4,1
Eastern Phoebe,Sayornis phoebe,2026-04-25T23:57:00Z,25-Apr-2026,19:57:00,0.72,1
Eastern Phoebe,Sayornis phoebe,2026-04-25T23:56:53Z,25-Apr-2026,19:56:53,0.75,1
Eastern Phoebe,Sayornis phoebe,2026-04-25T23:56:40Z,25-Apr-2026,19:56:40,0.56,1
Eastern Phoebe,Sayornis phoebe,2026-04-25T23:56:34Z,25-Apr-2026,19:56:34,0.89,1
Eastern Phoebe,Sayornis phoebe,2026-04-25T23:56:27Z,25-Apr-2026,19:56:27,0.64,1
Eastern Phoebe,Sayornis phoebe,2026-04-25T23:56:21Z,25-Apr-2026,19:56:21,0.63,1
Eastern Phoebe,Sayornis phoebe,2026-04-25T23:56:07Z,25-Apr-2026,19:56:07,0.43,1
Eastern Phoebe,Sayornis phoebe,2026-04-25T23:55:55Z,25-Apr-2026,19:55:55,0.26,1
Eastern Phoebe,Sayornis phoebe,2026-04-25T23:54:00Z,25-Apr-2026,19:54:00,0.27,1
Eastern Phoebe,Sayornis phoebe,2026-04-25T23:53:34Z,25-Apr-2026,19:53:34,0.28,1
Eastern Phoebe,Sayornis phoebe,2026-04-25T23:53:05Z,25-Apr-2026,19:53:05,0.62,1
Eastern Phoebe,Sayornis phoebe,2026-04-25T23:52:39Z,25-Apr-2026,19:52:39,0.39,1
Eastern Phoebe,Sayornis phoebe,2026-04-25T23:52:01Z,25-Apr-2026,19:52:01,0.69,1
Eastern Phoebe,Sayornis phoebe,2026-04-25T23:51:55Z,25-Apr-2026,19:51:55,0.43,1
Eastern Phoebe,Sayornis phoebe,2026-04-25T23:51:48Z,25-Apr-2026,19:51:48,0.36,1
Eastern Phoebe,Sayornis phoebe,2026-04-25T23:50:31Z,25-Apr-2026,19:50:31,0.65,1
Eastern Phoebe,Sayornis phoebe,2026-04-25T23:50:25Z,25-Apr-2026,19:50:25,0.48,1
Eastern Phoebe,Sayornis phoebe,2026-04-25T23:49:34Z,25-Apr-2026,19:49:34,0.41,1
Eastern Phoebe,Sayornis phoebe,2026-04-25T23:49:28Z,25-Apr-2026,19:49:28,0.79,1
Eastern Phoebe,Sayornis phoebe,2026-04-25T23:49:15Z,25-Apr-2026,19:49:15,0.33,1
Eastern Phoebe,Sayornis phoebe,2026-04-25T23:48:55Z,25-Apr-2026,19:48:55,0.34,1
Eastern Phoebe,Sayornis phoebe,2026-04-25T23:48:49Z,25-Apr-2026,19:48:49,0.64,1
Northern Flicker,Colaptes auratus,2026-04-25T23:44:17Z,25-Apr-2026,19:44:17,0.94,1
American Robin,Turdus migratorius,2026-04-25T23:41:02Z,25-Apr-2026,19:41:02,0.9412,1
Mourning Dove,Zenaida macroura,2026-04-25T23:37:13Z,25-Apr-2026,19:37:13,0.8,1
Northern Flicker,Colaptes auratus,2026-04-25T23:36:38Z,25-Apr-2026,19:36:38,0.81,1
Northern Flicker,Colaptes auratus,2026-04-25T23:36:31Z,25-Apr-2026,19:36:31,0.33,1
Mourning Dove,Zenaida macroura,2026-04-25T23:36:25Z,25-Apr-2026,19:36:25,0.26,1
Northern Flicker,Colaptes auratus,2026-04-25T23:35:19Z,25-Apr-2026,19:35:19,0.38,1
Northern Flicker,Colaptes auratus,2026-04-25T23:35:13Z,25-Apr-2026,19:35:13,0.49,1
Northern Flicker,Colaptes auratus,2026-04-25T23:34:47Z,25-Apr-2026,19:34:47,0.28,1
Mourning Dove,Zenaida macroura,2026-04-25T23:34:25Z,25-Apr-2026,19:34:25,0.39,1
Mourning Dove,Zenaida macroura,2026-04-25T23:34:10Z,25-Apr-2026,19:34:10,0.61,1
Mourning Dove,Zenaida macroura,2026-04-25T23:32:42Z,25-Apr-2026,19:32:42,0.34,1
Song Sparrow,Melospiza melodia,2026-04-25T23:21:54Z,25-Apr-2026,19:21:54,0.9765,1
Mourning Dove,Zenaida macroura,2026-04-25T23:20:17Z,25-Apr-2026,19:20:17,0.7804,1
American Robin,Turdus migratorius,2026-04-25T23:18:02Z,25-Apr-2026,19:18:02,0.7804,1
Northern Flicker,Colaptes auratus,2026-04-25T23:16:31Z,25-Apr-2026,19:16:31,0.79,1
Northern Flicker,Colaptes auratus,2026-04-25T23:16:15Z,25-Apr-2026,19:16:15,0.88,1
Northern Flicker,Colaptes auratus,2026-04-25T23:15:54Z,25-Apr-2026,19:15:54,0.84,1
Bohemian Waxwing,Bombycilla garrulus,2026-04-25T23:15:39Z,25-Apr-2026,19:15:39,0.45,1
Downy Woodpecker,Dryobates pubescens,2026-04-25T23:09:20Z,25-Apr-2026,19:09:20,0.29,1
European Starling,Sturnus vulgaris,2026-04-25T23:02:08Z,25-Apr-2026,19:02:08,0.9529,1
American Robin,Turdus migratorius,2026-04-25T23:01:28Z,25-Apr-2026,19:01:28,0.8157,1
Eastern Phoebe,Sayornis phoebe,2026-04-25T22:59:58Z,25-Apr-2026,18:59:58,0.66,1
Eastern Phoebe,Sayornis phoebe,2026-04-25T22:59:45Z,25-Apr-2026,18:59:45,0.27,1
Eastern Phoebe,Sayornis phoebe,2026-04-25T22:59:32Z,25-Apr-2026,18:59:32,0.62,1
Eastern Phoebe,Sayornis phoebe,2026-04-25T22:59:20Z,25-Apr-2026,18:59:20,0.55,1
Eastern Phoebe,Sayornis phoebe,2026-04-25T22:59:13Z,25-Apr-2026,18:59:13,0.64,1
Eastern Phoebe,Sayornis phoebe,2026-04-25T22:59:07Z,25-Apr-2026,18:59:07,0.48,1
Eastern Phoebe,Sayornis phoebe,2026-04-25T22:59:01Z,25-Apr-2026,18:59:01,0.38,1
Eastern Phoebe,Sayornis phoebe,2026-04-25T22:58:54Z,25-Apr-2026,18:58:54,0.27,1
Eastern Phoebe,Sayornis phoebe,2026-04-25T22:58:48Z,25-Apr-2026,18:58:48,0.31,1
Eastern Phoebe,Sayornis phoebe,2026-04-25T22:58:21Z,25-Apr-2026,18:58:21,0.65,1
Brown-headed Cowbird,Molothrus ater,2026-04-25T22:57:15Z,25-Apr-2026,18:57:15,0.66,1
Brown-headed Cowbird,Molothrus ater,2026-04-25T22:56:53Z,25-Apr-2026,18:56:53,0.47,1
Brown-headed Cowbird,Molothrus ater,2026-04-25T22:56:44Z,25-Apr-2026,18:56:44,0.63,1
Brown-headed Cowbird,Molothrus ater,2026-04-25T22:55:32Z,25-Apr-2026,18:55:32,0.51,1
White-breasted Nuthatch,Sitta carolinensis,2026-04-25T22:49:16Z,25-Apr-2026,18:49:16,0.38,1
Northern Flicker,Colaptes auratus,2026-04-25T22:49:10Z,25-Apr-2026,18:49:10,0.37,1
White-breasted Nuthatch,Sitta carolinensis,2026-04-25T22:49:04Z,25-Apr-2026,18:49:04,0.36,1
White-breasted Nuthatch,Sitta carolinensis,2026-04-25T22:48:57Z,25-Apr-2026,18:48:57,0.7,1
White-breasted Nuthatch,Sitta carolinensis,2026-04-25T22:47:57Z,25-Apr-2026,18:47:57,0.4,1
White-breasted Nuthatch,Sitta carolinensis,2026-04-25T22:47:18Z,25-Apr-2026,18:47:18,0.72,1
White-breasted Nuthatch,Sitta carolinensis,2026-04-25T22:47:06Z,25-Apr-2026,18:47:06,0.83,1
White-breasted Nuthatch,Sitta carolinensis,2026-04-25T22:46:47Z,25-Apr-2026,18:46:47,0.51,1
White-breasted Nuthatch,Sitta carolinensis,2026-04-25T22:46:40Z,25-Apr-2026,18:46:40,0.37,1
White-breasted Nuthatch,Sitta carolinensis,2026-04-25T22:46:07Z,25-Apr-2026,18:46:07,0.82,1
White-breasted Nuthatch,Sitta carolinensis,2026-04-25T22:46:01Z,25-Apr-2026,18:46:01,0.72,1
White-breasted Nuthatch,Sitta carolinensis,2026-04-25T22:43:30Z,25-Apr-2026,18:43:30,0.35,1
White-breasted Nuthatch,Sitta carolinensis,2026-04-25T22:43:23Z,25-Apr-2026,18:43:23,0.76,1
White-breasted Nuthatch,Sitta carolinensis,2026-04-25T22:42:05Z,25-Apr-2026,18:42:05,0.89,1
White-breasted Nuthatch,Sitta carolinensis,2026-04-25T22:41:58Z,25-Apr-2026,18:41:58,0.9,1
White-breasted Nuthatch,Sitta carolinensis,2026-04-25T22:41:52Z,25-Apr-2026,18:41:52,0.91,1
Red-bellied Woodpecker,Melanerpes carolinus,2026-04-25T22:41:49Z,25-Apr-2026,18:41:49,0.8,1
White-breasted Nuthatch,Sitta carolinensis,2026-04-25T22:41:43Z,25-Apr-2026,18:41:43,0.43,1
White-breasted Nuthatch,Sitta carolinensis,2026-04-25T22:41:30Z,25-Apr-2026,18:41:30,0.6,1
White-breasted Nuthatch,Sitta carolinensis,2026-04-25T22:41:23Z,25-Apr-2026,18:41:23,0.78,1
White-breasted Nuthatch,Sitta carolinensis,2026-04-25T22:41:17Z,25-Apr-2026,18:41:17,0.41,1
White-breasted Nuthatch,Sitta carolinensis,2026-04-25T22:41:04Z,25-Apr-2026,18:41:04,0.8,1
White-breasted Nuthatch,Sitta carolinensis,2026-04-25T22:40:58Z,25-Apr-2026,18:40:58,0.73,1
White-breasted Nuthatch,Sitta carolinensis,2026-04-25T22:40:52Z,25-Apr-2026,18:40:52,0.89,1
White-breasted Nuthatch,Sitta carolinensis,2026-04-25T22:40:45Z,25-Apr-2026,18:40:45,0.85,1
White-breasted Nuthatch,Sitta carolinensis,2026-04-25T22:40:39Z,25-Apr-2026,18:40:39,0.39,1
White-breasted Nuthatch,Sitta carolinensis,2026-04-25T22:40:33Z,25-Apr-2026,18:40:33,0.75,1
White-breasted Nuthatch,Sitta carolinensis,2026-04-25T22:40:26Z,25-Apr-2026,18:40:26,0.88,1
White-breasted Nuthatch,Sitta carolinensis,2026-04-25T22:40:20Z,25-Apr-2026,18:40:20,0.86,1
White-breasted Nuthatch,Sitta carolinensis,2026-04-25T22:40:14Z,25-Apr-2026,18:40:14,0.88,1
White-breasted Nuthatch,Sitta carolinensis,2026-04-25T22:40:07Z,25-Apr-2026,18:40:07,0.85,1
White-breasted Nuthatch,Sitta carolinensis,2026-04-25T22:40:01Z,25-Apr-2026,18:40:01,0.73,1
White-breasted Nuthatch,Sitta carolinensis,2026-04-25T22:39:54Z,25-Apr-2026,18:39:54,0.57,1
White-breasted Nuthatch,Sitta carolinensis,2026-04-25T22:39:41Z,25-Apr-2026,18:39:41,0.37,1
White-breasted Nuthatch,Sitta carolinensis,2026-04-25T22:39:34Z,25-Apr-2026,18:39:34,0.63,1
White-breasted Nuthatch,Sitta carolinensis,2026-04-25T22:39:16Z,25-Apr-2026,18:39:16,0.77,1
Gray Catbird,Dumetella carolinensis,2026-04-25T22:39:06Z,25-Apr-2026,18:39:06,0.8471,1
White-breasted Nuthatch,Sitta carolinensis,2026-04-25T22:39:02Z,25-Apr-2026,18:39:02,0.84,1
Mallard,Anas platyrhynchos,2026-04-25T22:38:55Z,25-Apr-2026,18:38:55,0.27,1
White-breasted Nuthatch,Sitta carolinensis,2026-04-25T22:38:46Z,25-Apr-2026,18:38:46,0.62,1
White-breasted Nuthatch,Sitta carolinensis,2026-04-25T22:38:07Z,25-Apr-2026,18:38:07,0.49,1
White-breasted Nuthatch,Sitta carolinensis,2026-04-25T22:38:00Z,25-Apr-2026,18:38:00,0.27,1
White-breasted Nuthatch,Sitta carolinensis,2026-04-25T22:37:54Z,25-Apr-2026,18:37:54,0.5,1
White-breasted Nuthatch,Sitta carolinensis,2026-04-25T22:37:47Z,25-Apr-2026,18:37:47,0.6,1
White-breasted Nuthatch,Sitta carolinensis,2026-04-25T22:37:11Z,25-Apr-2026,18:37:11,0.7,1
White-breasted Nuthatch,Sitta carolinensis,2026-04-25T22:36:59Z,25-Apr-2026,18:36:59,0.44,1
White-breasted Nuthatch,Sitta carolinensis,2026-04-25T22:36:52Z,25-Apr-2026,18:36:52,0.9,1
White-breasted Nuthatch,Sitta carolinensis,2026-04-25T22:36:46Z,25-Apr-2026,18:36:46,0.29,1
White-breasted Nuthatch,Sitta carolinensis,2026-04-25T22:36:40Z,25-Apr-2026,18:36:40,0.77,1
White-breasted Nuthatch,Sitta carolinensis,2026-04-25T22:36:33Z,25-Apr-2026,18:36:33,0.83,1
White-breasted Nuthatch,Sitta carolinensis,2026-04-25T22:36:27Z,25-Apr-2026,18:36:27,0.67,1
White-breasted Nuthatch,Sitta carolinensis,2026-04-25T22:36:21Z,25-Apr-2026,18:36:21,0.76,1
White-breasted Nuthatch,Sitta carolinensis,2026-04-25T22:36:14Z,25-Apr-2026,18:36:14,0.64,1
White-breasted Nuthatch,Sitta carolinensis,2026-04-25T22:36:08Z,25-Apr-2026,18:36:08,0.4,1
White-breasted Nuthatch,Sitta carolinensis,2026-04-25T22:35:49Z,25-Apr-2026,18:35:49,0.73,1
White-breasted Nuthatch,Sitta carolinensis,2026-04-25T22:35:42Z,25-Apr-2026,18:35:42,0.34,1
White-breasted Nuthatch,Sitta carolinensis,2026-04-25T22:35:36Z,25-Apr-2026,18:35:36,0.8,1
Northern Flicker,Colaptes auratus,2026-04-25T22:35:23Z,25-Apr-2026,18:35:23,0.3,1
Mourning Dove,Zenaida macroura,2026-04-25T22:35:16Z,25-Apr-2026,18:35:16,0.65,1
White-breasted Nuthatch,Sitta carolinensis,2026-04-25T22:34:45Z,25-Apr-2026,18:34:45,0.34,1
White-breasted Nuthatch,Sitta carolinensis,2026-04-25T22:34:38Z,25-Apr-2026,18:34:38,0.65,1
White-breasted Nuthatch,Sitta carolinensis,2026-04-25T22:34:32Z,25-Apr-2026,18:34:32,0.54,1
White-breasted Nuthatch,Sitta carolinensis,2026-04-25T22:34:26Z,25-Apr-2026,18:34:26,0.79,1
White-breasted Nuthatch,Sitta carolinensis,2026-04-25T22:34:19Z,25-Apr-2026,18:34:19,0.39,1
White-breasted Nuthatch,Sitta carolinensis,2026-04-25T22:34:13Z,25-Apr-2026,18:34:13,0.83,1
White-breasted Nuthatch,Sitta carolinensis,2026-04-25T22:34:07Z,25-Apr-2026,18:34:07,0.64,1
Brown-headed Cowbird,Molothrus ater,2026-04-25T22:34:00Z,25-Apr-2026,18:34:00,0.93,1
White-breasted Nuthatch,Sitta carolinensis,2026-04-25T22:33:54Z,25-Apr-2026,18:33:54,0.83,1
White-breasted Nuthatch,Sitta carolinensis,2026-04-25T22:33:48Z,25-Apr-2026,18:33:48,0.82,1
White-breasted Nuthatch,Sitta carolinensis,2026-04-25T22:33:41Z,25-Apr-2026,18:33:41,0.86,1
Mourning Dove,Zenaida macroura,2026-04-25T22:33:13Z,25-Apr-2026,18:33:13,0.32,1
White-breasted Nuthatch,Sitta carolinensis,2026-04-25T22:33:06Z,25-Apr-2026,18:33:06,0.68,1
White-breasted Nuthatch,Sitta carolinensis,2026-04-25T22:33:00Z,25-Apr-2026,18:33:00,0.84,1
White-breasted Nuthatch,Sitta carolinensis,2026-04-25T22:32:50Z,25-Apr-2026,18:32:50,0.76,1
White-breasted Nuthatch,Sitta carolinensis,2026-04-25T22:32:43Z,25-Apr-2026,18:32:43,0.84,1
White-breasted Nuthatch,Sitta carolinensis,2026-04-25T22:32:30Z,25-Apr-2026,18:32:30,0.69,1
White-breasted Nuthatch,Sitta carolinensis,2026-04-25T22:32:18Z,25-Apr-2026,18:32:18,0.54,1
White-breasted Nuthatch,Sitta carolinensis,2026-04-25T22:32:08Z,25-Apr-2026,18:32:08,0.95,1
American Robin,Turdus migratorius,2026-04-25T22:28:51Z,25-Apr-2026,18:28:51,0.8314,1
Northern Flicker,Colaptes auratus,2026-04-25T22:27:19Z,25-Apr-2026,18:27:19,0.41,1
Northern Flicker,Colaptes auratus,2026-04-25T22:27:10Z,25-Apr-2026,18:27:10,0.35,1
Northern Cardinal,Cardinalis cardinalis,2026-04-25T22:24:56Z,25-Apr-2026,18:24:56,0.8745,17
Northern Cardinal,Cardinalis cardinalis,2026-04-25T22:23:56Z,25-Apr-2026,18:23:56,0.36,1
Northern Cardinal,Cardinalis cardinalis,2026-04-25T22:23:53Z,25-Apr-2026,18:23:53,0.8863,1
Black-capped Chickadee,Poecile atricapillus,2026-04-25T22:23:36Z,25-Apr-2026,18:23:36,0.8863,1
Northern Cardinal,Cardinalis cardinalis,2026-04-25T22:23:16Z,25-Apr-2026,18:23:16,0.34,1
Northern Cardinal,Cardinalis cardinalis,2026-04-25T22:22:19Z,25-Apr-2026,18:22:19,0.8314,1
Northern Cardinal,Cardinalis cardinalis,2026-04-25T22:20:19Z,25-Apr-2026,18:20:19,0.9765,8
Red-bellied Woodpecker,Melanerpes carolinus,2026-04-25T22:20:12Z,25-Apr-2026,18:20:12,0.8627,1
Northern Cardinal,Cardinalis cardinalis,2026-04-25T22:19:09Z,25-Apr-2026,18:19:09,0.9804,9
Northern Cardinal,Cardinalis cardinalis,2026-04-25T22:18:06Z,25-Apr-2026,18:18:06,0.9412,7
Northern Cardinal,Cardinalis cardinalis,2026-04-25T22:17:00Z,25-Apr-2026,18:17:00,0.8471,7
Northern Cardinal,Cardinalis cardinalis,2026-04-25T22:15:50Z,25-Apr-2026,18:15:50,0.8314,1
Dark-eyed Junco,Junco hyemalis,2026-04-25T22:12:44Z,25-Apr-2026,18:12:44,0.5,1
Red-bellied Woodpecker,Melanerpes carolinus,2026-04-25T22:12:16Z,25-Apr-2026,18:12:16,0.65,1
Northern Cardinal,Cardinalis cardinalis,2026-04-25T22:10:44Z,25-Apr-2026,18:10:44,0.8157,6
Northern Cardinal,Cardinalis cardinalis,2026-04-25T22:10:09Z,25-Apr-2026,18:10:09,0.41,1
Northern Cardinal,Cardinalis cardinalis,2026-04-25T22:09:43Z,25-Apr-2026,18:09:43,0.9176,7
Northern Cardinal,Cardinalis cardinalis,2026-04-25T22:06:27Z,25-Apr-2026,18:06:27,0.9412,19
Northern Cardinal,Cardinalis cardinalis,2026-04-25T22:05:24Z,25-Apr-2026,18:05:24,0.9098,10
Northern Cardinal,Cardinalis cardinalis,2026-04-25T22:05:11Z,25-Apr-2026,18:05:11,0.26,1
Northern Cardinal,Cardinalis cardinalis,2026-04-25T22:04:21Z,25-Apr-2026,18:04:21,0.8627,13
Northern Cardinal,Cardinalis cardinalis,2026-04-25T22:03:35Z,25-Apr-2026,18:03:35,0.51,1
Northern Cardinal,Cardinalis cardinalis,2026-04-25T22:03:26Z,25-Apr-2026,18:03:26,0.37,1
Northern Cardinal,Cardinalis cardinalis,2026-04-25T22:03:16Z,25-Apr-2026,18:03:16,0.8157,5
Northern Cardinal,Cardinalis cardinalis,2026-04-25T22:02:11Z,25-Apr-2026,18:02:11,0.8,1
Northern Cardinal,Cardinalis cardinalis,2026-04-25T21:59:53Z,25-Apr-2026,17:59:53,0.8314,1
Northern Cardinal,Cardinalis cardinalis,2026-04-25T21:58:03Z,25-Apr-2026,17:58:03,0.7804,2
Northern Cardinal,Cardinalis cardinalis,2026-04-25T21:54:56Z,25-Apr-2026,17:54:56,0.8157,1
White-breasted Nuthatch,Sitta carolinensis,2026-04-25T21:53:39Z,25-Apr-2026,17:53:39,0.27,1
White-breasted Nuthatch,Sitta carolinensis,2026-04-25T21:52:59Z,25-Apr-2026,17:52:59,0.26,1
Northern Cardinal,Cardinalis cardinalis,2026-04-25T21:47:18Z,25-Apr-2026,17:47:18,0.8471,3
Northern Cardinal,Cardinalis cardinalis,2026-04-25T21:46:11Z,25-Apr-2026,17:46:11,0.9255,1
Northern Cardinal,Cardinalis cardinalis,2026-04-25T21:45:03Z,25-Apr-2026,17:45:03,0.9176,3
Northern Cardinal,Cardinalis cardinalis,2026-04-25T21:43:54Z,25-Apr-2026,17:43:54,0.898,1
American Goldfinch,Spinus tristis,2026-04-25T21:42:34Z,25-Apr-2026,17:42:34,0.8157,1
American Goldfinch,Spinus tristis,2026-04-25T21:42:31Z,25-Apr-2026,17:42:31,0.28,1
Brown-headed Cowbird,Molothrus ater,2026-04-25T21:42:18Z,25-Apr-2026,17:42:18,0.66,1
Brown-headed Cowbird,Molothrus ater,2026-04-25T21:42:06Z,25-Apr-2026,17:42:06,0.69,1
Brown-headed Cowbird,Molothrus ater,2026-04-25T21:41:50Z,25-Apr-2026,17:41:50,0.83,1
Northern Cardinal,Cardinalis cardinalis,2026-04-25T21:41:46Z,25-Apr-2026,17:41:46,0.8157,1
Brown-headed Cowbird,Molothrus ater,2026-04-25T21:41:40Z,25-Apr-2026,17:41:40,0.55,1
Brown-headed Cowbird,Molothrus ater,2026-04-25T21:40:40Z,25-Apr-2026,17:40:40,0.33,1
Northern Cardinal,Cardinalis cardinalis,2026-04-25T21:40:36Z,25-Apr-2026,17:40:36,0.8745,1
Brown-headed Cowbird,Molothrus ater,2026-04-25T21:40:12Z,25-Apr-2026,17:40:12,0.49,1
Brown-headed Cowbird,Molothrus ater,2026-04-25T21:39:59Z,25-Apr-2026,17:39:59,0.4,1
Pileated Woodpecker,Dryocopus pileatus,2026-04-25T21:39:52Z,25-Apr-2026,17:39:52,0.29,1
Pileated Woodpecker,Dryocopus pileatus,2026-04-25T21:39:37Z,25-Apr-2026,17:39:37,0.66,1
Pileated Woodpecker,Dryocopus pileatus,2026-04-25T21:39:24Z,25-Apr-2026,17:39:24,0.3,1
White-breasted Nuthatch,Sitta carolinensis,2026-04-25T21:39:15Z,25-Apr-2026,17:39:15,0.74,1
Brown-headed Cowbird,Molothrus ater,2026-04-25T21:39:08Z,25-Apr-2026,17:39:08,0.3,1
White-breasted Nuthatch,Sitta carolinensis,2026-04-25T21:39:02Z,25-Apr-2026,17:39:02,0.95,1
White-breasted Nuthatch,Sitta carolinensis,2026-04-25T21:38:55Z,25-Apr-2026,17:38:55,0.98,1
White-breasted Nuthatch,Sitta carolinensis,2026-04-25T21:38:49Z,25-Apr-2026,17:38:49,0.91,1
White-breasted Nuthatch,Sitta carolinensis,2026-04-25T21:38:43Z,25-Apr-2026,17:38:43,0.91,1
White-breasted Nuthatch,Sitta carolinensis,2026-04-25T21:38:36Z,25-Apr-2026,17:38:36,0.85,1
White-breasted Nuthatch,Sitta carolinensis,2026-04-25T21:38:24Z,25-Apr-2026,17:38:24,0.89,1
White-breasted Nuthatch,Sitta carolinensis,2026-04-25T21:38:17Z,25-Apr-2026,17:38:17,0.9,1
White-breasted Nuthatch,Sitta carolinensis,2026-04-25T21:38:11Z,25-Apr-2026,17:38:11,0.86,1
White-breasted Nuthatch,Sitta carolinensis,2026-04-25T21:38:01Z,25-Apr-2026,17:38:01,0.89,1
White-breasted Nuthatch,Sitta carolinensis,2026-04-25T21:37:55Z,25-Apr-2026,17:37:55,0.79,1
White-breasted Nuthatch,Sitta carolinensis,2026-04-25T21:37:49Z,25-Apr-2026,17:37:49,0.47,1
White-breasted Nuthatch,Sitta carolinensis,2026-04-25T21:37:42Z,25-Apr-2026,17:37:42,0.92,1
White-breasted Nuthatch,Sitta carolinensis,2026-04-25T21:37:36Z,25-Apr-2026,17:37:36,0.83,1
White-breasted Nuthatch,Sitta carolinensis,2026-04-25T21:37:30Z,25-Apr-2026,17:37:30,0.95,1
White-breasted Nuthatch,Sitta carolinensis,2026-04-25T21:37:23Z,25-Apr-2026,17:37:23,0.97,1
White-breasted Nuthatch,Sitta carolinensis,2026-04-25T21:37:10Z,25-Apr-2026,17:37:10,0.94,1
White-breasted Nuthatch,Sitta carolinensis,2026-04-25T21:37:03Z,25-Apr-2026,17:37:03,0.91,1
White-breasted Nuthatch,Sitta carolinensis,2026-04-25T21:36:57Z,25-Apr-2026,17:36:57,0.93,1
Blackburnian Warbler,Setophaga fusca,2026-04-25T21:36:50Z,25-Apr-2026,17:36:50,0.74,1
White-breasted Nuthatch,Sitta carolinensis,2026-04-25T21:36:43Z,25-Apr-2026,17:36:43,0.89,1
White-breasted Nuthatch,Sitta carolinensis,2026-04-25T21:36:28Z,25-Apr-2026,17:36:28,0.96,1
White-breasted Nuthatch,Sitta carolinensis,2026-04-25T21:36:21Z,25-Apr-2026,17:36:21,0.96,1
White-breasted Nuthatch,Sitta carolinensis,2026-04-25T21:36:15Z,25-Apr-2026,17:36:15,0.93,1
White-breasted Nuthatch,Sitta carolinensis,2026-04-25T21:36:08Z,25-Apr-2026,17:36:08,0.85,1
White-breasted Nuthatch,Sitta carolinensis,2026-04-25T21:35:58Z,25-Apr-2026,17:35:58,0.89,1
White-breasted Nuthatch,Sitta carolinensis,2026-04-25T21:35:52Z,25-Apr-2026,17:35:52,0.79,1
White-breasted Nuthatch,Sitta carolinensis,2026-04-25T21:35:46Z,25-Apr-2026,17:35:46,0.72,1
White-breasted Nuthatch,Sitta carolinensis,2026-04-25T21:35:39Z,25-Apr-2026,17:35:39,0.8,1
Red-breasted Nuthatch,Sitta canadensis,2026-04-25T21:35:33Z,25-Apr-2026,17:35:33,0.29,1
White-breasted Nuthatch,Sitta carolinensis,2026-04-25T21:35:27Z,25-Apr-2026,17:35:27,0.74,1
White-breasted Nuthatch,Sitta carolinensis,2026-04-25T21:35:20Z,25-Apr-2026,17:35:20,0.86,1
White-breasted Nuthatch,Sitta carolinensis,2026-04-25T21:35:07Z,25-Apr-2026,17:35:07,0.92,1
White-breasted Nuthatch,Sitta carolinensis,2026-04-25T21:35:01Z,25-Apr-2026,17:35:01,0.74,1
White-breasted Nuthatch,Sitta carolinensis,2026-04-25T21:34:48Z,25-Apr-2026,17:34:48,0.71,1
Eastern Bluebird,Sialia sialis,2026-04-25T21:34:36Z,25-Apr-2026,17:34:36,0.93,1
White-breasted Nuthatch,Sitta carolinensis,2026-04-25T21:34:29Z,25-Apr-2026,17:34:29,0.89,1
White-breasted Nuthatch,Sitta carolinensis,2026-04-25T21:34:23Z,25-Apr-2026,17:34:23,0.92,1
Eastern Bluebird,Sialia sialis,2026-04-25T21:34:16Z,25-Apr-2026,17:34:16,0.47,1
White-breasted Nuthatch,Sitta carolinensis,2026-04-25T21:34:10Z,25-Apr-2026,17:34:10,0.86,1
White-breasted Nuthatch,Sitta carolinensis,2026-04-25T21:34:03Z,25-Apr-2026,17:34:03,0.94,1
White-breasted Nuthatch,Sitta carolinensis,2026-04-25T21:33:56Z,25-Apr-2026,17:33:56,0.93,1
White-breasted Nuthatch,Sitta carolinensis,2026-04-25T21:33:49Z,25-Apr-2026,17:33:49,0.93,1
White-breasted Nuthatch,Sitta carolinensis,2026-04-25T21:33:43Z,25-Apr-2026,17:33:43,0.82,1
White-breasted Nuthatch,Sitta carolinensis,2026-04-25T21:33:36Z,25-Apr-2026,17:33:36,0.9,1
White-breasted Nuthatch,Sitta carolinensis,2026-04-25T21:33:17Z,25-Apr-2026,17:33:17,0.42,1
White-breasted Nuthatch,Sitta carolinensis,2026-04-25T21:33:10Z,25-Apr-2026,17:33:10,0.89,1
White-breasted Nuthatch,Sitta carolinensis,2026-04-25T21:32:45Z,25-Apr-2026,17:32:45,0.58,1
White-breasted Nuthatch,Sitta carolinensis,2026-04-25T21:32:38Z,25-Apr-2026,17:32:38,0.85,1
White-breasted Nuthatch,Sitta carolinensis,2026-04-25T21:32:28Z,25-Apr-2026,17:32:28,0.62,1
White-breasted Nuthatch,Sitta carolinensis,2026-04-25T21:32:00Z,25-Apr-2026,17:32:00,0.88,1
White-breasted Nuthatch,Sitta carolinensis,2026-04-25T21:31:47Z,25-Apr-2026,17:31:47,0.67,1
Eastern Bluebird,Sialia sialis,2026-04-25T21:31:00Z,25-Apr-2026,17:31:00,0.78,1
White-breasted Nuthatch,Sitta carolinensis,2026-04-25T21:30:50Z,25-Apr-2026,17:30:50,0.44,1
White-breasted Nuthatch,Sitta carolinensis,2026-04-25T21:30:28Z,25-Apr-2026,17:30:28,0.55,1
Eastern Bluebird,Sialia sialis,2026-04-25T21:30:22Z,25-Apr-2026,17:30:22,0.91,1
Eastern Bluebird,Sialia sialis,2026-04-25T21:30:15Z,25-Apr-2026,17:30:15,0.68,1
White-breasted Nuthatch,Sitta carolinensis,2026-04-25T21:30:09Z,25-Apr-2026,17:30:09,0.88,1
White-breasted Nuthatch,Sitta carolinensis,2026-04-25T21:30:03Z,25-Apr-2026,17:30:03,0.66,1
White-breasted Nuthatch,Sitta carolinensis,2026-04-25T21:29:56Z,25-Apr-2026,17:29:56,0.82,1
White-breasted Nuthatch,Sitta carolinensis,2026-04-25T21:29:40Z,25-Apr-2026,17:29:40,0.59,1
White-breasted Nuthatch,Sitta carolinensis,2026-04-25T21:29:31Z,25-Apr-2026,17:29:31,0.41,1
Eastern Bluebird,Sialia sialis,2026-04-25T21:29:24Z,25-Apr-2026,17:29:24,0.86,1
White-breasted Nuthatch,Sitta carolinensis,2026-04-25T21:29:12Z,25-Apr-2026,17:29:12,0.75,1
White-breasted Nuthatch,Sitta carolinensis,2026-04-25T21:29:03Z,25-Apr-2026,17:29:03,0.71,1
White-breasted Nuthatch,Sitta carolinensis,2026-04-25T21:28:56Z,25-Apr-2026,17:28:56,0.88,1
White-breasted Nuthatch,Sitta carolinensis,2026-04-25T21:28:47Z,25-Apr-2026,17:28:47,0.84,1
White-breasted Nuthatch,Sitta carolinensis,2026-04-25T21:28:41Z,25-Apr-2026,17:28:41,0.87,1
White-breasted Nuthatch,Sitta carolinensis,2026-04-25T21:28:34Z,25-Apr-2026,17:28:34,0.86,1
White-breasted Nuthatch,Sitta carolinensis,2026-04-25T21:28:25Z,25-Apr-2026,17:28:25,0.89,1
White-breasted Nuthatch,Sitta carolinensis,2026-04-25T21:28:09Z,25-Apr-2026,17:28:09,0.62,1
Eastern Bluebird,Sialia sialis,2026-04-25T21:28:02Z,25-Apr-2026,17:28:02,0.52,1
Brown Thrasher,Toxostoma rufum,2026-04-25T21:27:49Z,25-Apr-2026,17:27:49,0.74,1
White-breasted Nuthatch,Sitta carolinensis,2026-04-25T21:27:43Z,25-Apr-2026,17:27:43,0.91,1
White-breasted Nuthatch,Sitta carolinensis,2026-04-25T21:27:29Z,25-Apr-2026,17:27:29,0.86,1
Eastern Bluebird,Sialia sialis,2026-04-25T21:27:13Z,25-Apr-2026,17:27:13,0.27,1
White-breasted Nuthatch,Sitta carolinensis,2026-04-25T21:27:03Z,25-Apr-2026,17:27:03,0.91,1
Eastern Bluebird,Sialia sialis,2026-04-25T21:26:57Z,25-Apr-2026,17:26:57,0.43,1
Northern Flicker,Colaptes auratus,2026-04-25T21:25:12Z,25-Apr-2026,17:25:12,0.89,1
Northern Flicker,Colaptes auratus,2026-04-25T21:24:43Z,25-Apr-2026,17:24:43,0.95,1
Northern Flicker,Colaptes auratus,2026-04-25T21:24:24Z,25-Apr-2026,17:24:24,0.89,1
Northern Flicker,Colaptes auratus,2026-04-25T21:24:17Z,25-Apr-2026,17:24:17,0.78,1
Northern Flicker,Colaptes auratus,2026-04-25T21:24:06Z,25-Apr-2026,17:24:06,0.61,1
Red-breasted Nuthatch,Sitta canadensis,2026-04-25T21:22:27Z,25-Apr-2026,17:22:27,0.49,1
Northern Flicker,Colaptes auratus,2026-04-25T21:21:59Z,25-Apr-2026,17:21:59,0.62,1
Eastern Phoebe,Sayornis phoebe,2026-04-25T21:21:21Z,25-Apr-2026,17:21:21,0.52,1
Eastern Phoebe,Sayornis phoebe,2026-04-25T21:20:15Z,25-Apr-2026,17:20:15,0.67,1
Eastern Phoebe,Sayornis phoebe,2026-04-25T21:20:08Z,25-Apr-2026,17:20:08,0.46,1
Eastern Phoebe,Sayornis phoebe,2026-04-25T21:20:02Z,25-Apr-2026,17:20:02,0.34,1
Pileated Woodpecker,Dryocopus pileatus,2026-04-25T21:17:18Z,25-Apr-2026,17:17:18,0.28,1
White-breasted Nuthatch,Sitta carolinensis,2026-04-25T21:14:29Z,25-Apr-2026,17:14:29,0.33,1
Northern Cardinal,Cardinalis cardinalis,2026-04-25T21:09:17Z,25-Apr-2026,17:09:17,0.8314,2
White-breasted Nuthatch,Sitta carolinensis,2026-04-25T21:08:01Z,25-Apr-2026,17:08:01,0.79,1
White-breasted Nuthatch,Sitta carolinensis,2026-04-25T21:07:09Z,25-Apr-2026,17:07:09,0.65,1
White-breasted Nuthatch,Sitta carolinensis,2026-04-25T21:06:52Z,25-Apr-2026,17:06:52,0.59,1
Northern Cardinal,Cardinalis cardinalis,2026-04-25T21:06:27Z,25-Apr-2026,17:06:27,0.9412,1
Northern Cardinal,Cardinalis cardinalis,2026-04-25T21:05:13Z,25-Apr-2026,17:05:13,0.9412,2
Northern Cardinal,Cardinalis cardinalis,2026-04-25T21:03:53Z,25-Apr-2026,17:03:53,0.9333,4
Mourning Dove,Zenaida macroura,2026-04-25T21:03:18Z,25-Apr-2026,17:03:18,0.7804,1
Northern Cardinal,Cardinalis cardinalis,2026-04-25T21:02:28Z,25-Apr-2026,17:02:28,0.8314,6
Northern Cardinal,Cardinalis cardinalis,2026-04-25T21:01:23Z,25-Apr-2026,17:01:23,0.7804,1
American Robin,Turdus migratorius,2026-04-25T20:47:07Z,25-Apr-2026,16:47:07,0.7804,11
American Robin,Turdus migratorius,2026-04-25T20:45:56Z,25-Apr-2026,16:45:56,0.8314,2
American Robin,Turdus migratorius,2026-04-25T20:44:47Z,25-Apr-2026,16:44:47,0.8,11
American Robin,Turdus migratorius,2026-04-25T20:43:29Z,25-Apr-2026,16:43:29,0.8745,1
Palm Warbler,Setophaga palmarum,2026-04-25T20:02:51Z,25-Apr-2026,16:02:51,0.27,1
Palm Warbler,Setophaga palmarum,2026-04-25T20:02:14Z,25-Apr-2026,16:02:14,0.52,1
Eastern Bluebird,Sialia sialis,2026-04-25T20:01:52Z,25-Apr-2026,16:01:52,0.89,1
Eastern Bluebird,Sialia sialis,2026-04-25T19:59:57Z,25-Apr-2026,15:59:57,0.74,1
Eastern Bluebird,Sialia sialis,2026-04-25T19:59:27Z,25-Apr-2026,15:59:27,0.75,1
Eastern Bluebird,Sialia sialis,2026-04-25T19:59:21Z,25-Apr-2026,15:59:21,0.45,1
Eastern Bluebird,Sialia sialis,2026-04-25T19:59:11Z,25-Apr-2026,15:59:11,0.97,1
Eastern Bluebird,Sialia sialis,2026-04-25T19:59:05Z,25-Apr-2026,15:59:05,0.8,1
Eastern Bluebird,Sialia sialis,2026-04-25T19:58:58Z,25-Apr-2026,15:58:58,0.36,1
Eastern Bluebird,Sialia sialis,2026-04-25T19:58:52Z,25-Apr-2026,15:58:52,0.5,1
Eastern Bluebird,Sialia sialis,2026-04-25T19:58:45Z,25-Apr-2026,15:58:45,0.43,1
Eastern Bluebird,Sialia sialis,2026-04-25T19:58:32Z,25-Apr-2026,15:58:32,0.95,1
Eastern Bluebird,Sialia sialis,2026-04-25T19:58:26Z,25-Apr-2026,15:58:26,0.98,1
Eastern Bluebird,Sialia sialis,2026-04-25T19:58:10Z,25-Apr-2026,15:58:10,0.92,1
Eastern Bluebird,Sialia sialis,2026-04-25T19:57:47Z,25-Apr-2026,15:57:47,0.76,1
Eastern Bluebird,Sialia sialis,2026-04-25T19:57:31Z,25-Apr-2026,15:57:31,0.98,1
Eastern Bluebird,Sialia sialis,2026-04-25T19:57:24Z,25-Apr-2026,15:57:24,0.95,1
Eastern Bluebird,Sialia sialis,2026-04-25T19:57:17Z,25-Apr-2026,15:57:17,0.96,1
Tufted Titmouse,Baeolophus bicolor,2026-04-25T19:57:00Z,25-Apr-2026,15:57:00,0.8863,1
Eastern Bluebird,Sialia sialis,2026-04-25T19:56:54Z,25-Apr-2026,15:56:54,0.99,1
Eastern Bluebird,Sialia sialis,2026-04-25T19:56:48Z,25-Apr-2026,15:56:48,0.96,1
Eastern Bluebird,Sialia sialis,2026-04-25T19:56:25Z,25-Apr-2026,15:56:25,0.63,1
Eastern Bluebird,Sialia sialis,2026-04-25T19:56:10Z,25-Apr-2026,15:56:10,0.95,1
Eastern Bluebird,Sialia sialis,2026-04-25T19:56:04Z,25-Apr-2026,15:56:04,0.8,1
Eastern Bluebird,Sialia sialis,2026-04-25T19:55:37Z,25-Apr-2026,15:55:37,0.98,1
Eastern Bluebird,Sialia sialis,2026-04-25T19:55:31Z,25-Apr-2026,15:55:31,0.51,1
Eastern Bluebird,Sialia sialis,2026-04-25T19:53:01Z,25-Apr-2026,15:53:01,0.96,1
Eastern Bluebird,Sialia sialis,2026-04-25T19:52:48Z,25-Apr-2026,15:52:48,0.8,1
Eastern Bluebird,Sialia sialis,2026-04-25T19:52:42Z,25-Apr-2026,15:52:42,0.92,1
Eastern Bluebird,Sialia sialis,2026-04-25T19:52:35Z,25-Apr-2026,15:52:35,0.93,1
Eastern Bluebird,Sialia sialis,2026-04-25T19:52:29Z,25-Apr-2026,15:52:29,0.99,1
Eastern Bluebird,Sialia sialis,2026-04-25T19:52:15Z,25-Apr-2026,15:52:15,0.99,1
Eastern Bluebird,Sialia sialis,2026-04-25T19:52:01Z,25-Apr-2026,15:52:01,0.96,1
Eastern Bluebird,Sialia sialis,2026-04-25T19:51:41Z,25-Apr-2026,15:51:41,0.7,1
Eastern Bluebird,Sialia sialis,2026-04-25T19:51:35Z,25-Apr-2026,15:51:35,0.72,1
Eastern Bluebird,Sialia sialis,2026-04-25T19:51:29Z,25-Apr-2026,15:51:29,0.88,1
Eastern Bluebird,Sialia sialis,2026-04-25T19:51:22Z,25-Apr-2026,15:51:22,0.96,1
Eastern Bluebird,Sialia sialis,2026-04-25T19:51:15Z,25-Apr-2026,15:51:15,0.99,1
Eastern Bluebird,Sialia sialis,2026-04-25T19:51:09Z,25-Apr-2026,15:51:09,0.93,1
Eastern Bluebird,Sialia sialis,2026-04-25T19:51:02Z,25-Apr-2026,15:51:02,0.74,1
Eastern Bluebird,Sialia sialis,2026-04-25T19:50:55Z,25-Apr-2026,15:50:55,0.99,1
Eastern Bluebird,Sialia sialis,2026-04-25T19:50:46Z,25-Apr-2026,15:50:46,0.9,1
Eastern Bluebird,Sialia sialis,2026-04-25T19:50:39Z,25-Apr-2026,15:50:39,0.82,1
Eastern Bluebird,Sialia sialis,2026-04-25T19:50:33Z,25-Apr-2026,15:50:33,0.97,1
Eastern Bluebird,Sialia sialis,2026-04-25T19:50:26Z,25-Apr-2026,15:50:26,0.82,1
Eastern Bluebird,Sialia sialis,2026-04-25T19:50:20Z,25-Apr-2026,15:50:20,0.99,1
Eastern Bluebird,Sialia sialis,2026-04-25T19:50:07Z,25-Apr-2026,15:50:07,0.99,1
Eastern Bluebird,Sialia sialis,2026-04-25T19:49:58Z,25-Apr-2026,15:49:58,0.99,1
Eastern Bluebird,Sialia sialis,2026-04-25T19:49:51Z,25-Apr-2026,15:49:51,0.99,1
Eastern Bluebird,Sialia sialis,2026-04-25T19:49:45Z,25-Apr-2026,15:49:45,0.99,1
Eastern Bluebird,Sialia sialis,2026-04-25T19:49:38Z,25-Apr-2026,15:49:38,0.81,1
Eastern Bluebird,Sialia sialis,2026-04-25T19:49:29Z,25-Apr-2026,15:49:29,0.9,1
Eastern Bluebird,Sialia sialis,2026-04-25T19:49:23Z,25-Apr-2026,15:49:23,0.95,1
Eastern Bluebird,Sialia sialis,2026-04-25T19:49:10Z,25-Apr-2026,15:49:10,0.3,1
Eastern Bluebird,Sialia sialis,2026-04-25T19:49:03Z,25-Apr-2026,15:49:03,0.96,1
Eastern Bluebird,Sialia sialis,2026-04-25T19:48:35Z,25-Apr-2026,15:48:35,0.99,1
Eastern Bluebird,Sialia sialis,2026-04-25T19:48:28Z,25-Apr-2026,15:48:28,0.96,1
Eastern Bluebird,Sialia sialis,2026-04-25T19:48:22Z,25-Apr-2026,15:48:22,0.99,1
Eastern Bluebird,Sialia sialis,2026-04-25T19:48:12Z,25-Apr-2026,15:48:12,0.99,1
Eastern Bluebird,Sialia sialis,2026-04-25T19:48:06Z,25-Apr-2026,15:48:06,0.99,1
Eastern Bluebird,Sialia sialis,2026-04-25T19:47:59Z,25-Apr-2026,15:47:59,0.96,1
Eastern Bluebird,Sialia sialis,2026-04-25T19:47:52Z,25-Apr-2026,15:47:52,0.65,1
Eastern Bluebird,Sialia sialis,2026-04-25T19:47:46Z,25-Apr-2026,15:47:46,0.95,1
Eastern Bluebird,Sialia sialis,2026-04-25T19:47:39Z,25-Apr-2026,15:47:39,0.78,1
Killdeer,Charadrius vociferus,2026-04-25T19:46:55Z,25-Apr-2026,15:46:55,0.62,1
Eastern Bluebird,Sialia sialis,2026-04-25T19:46:03Z,25-Apr-2026,15:46:03,0.64,1
Eastern Bluebird,Sialia sialis,2026-04-25T19:45:56Z,25-Apr-2026,15:45:56,0.97,1
Eastern Bluebird,Sialia sialis,2026-04-25T19:45:49Z,25-Apr-2026,15:45:49,0.69,1
Eastern Bluebird,Sialia sialis,2026-04-25T19:42:40Z,25-Apr-2026,15:42:40,0.53,1
Eastern Bluebird,Sialia sialis,2026-04-25T19:42:21Z,25-Apr-2026,15:42:21,0.39,1
American Goldfinch,Spinus tristis,2026-04-25T19:13:54Z,25-Apr-2026,15:13:54,0.9176,1
American Goldfinch,Spinus tristis,2026-04-25T18:49:23Z,25-Apr-2026,14:49:23,0.8314,1
Palm Warbler,Setophaga palmarum,2026-04-25T18:41:12Z,25-Apr-2026,14:41:12,0.44,1
Palm Warbler,Setophaga palmarum,2026-04-25T18:40:32Z,25-Apr-2026,14:40:32,0.26,1
Palm Warbler,Setophaga palmarum,2026-04-25T18:40:26Z,25-Apr-2026,14:40:26,0.26,1
White-breasted Nuthatch,Sitta carolinensis,2026-04-25T18:40:07Z,25-Apr-2026,14:40:07,0.52,1
White-breasted Nuthatch,Sitta carolinensis,2026-04-25T18:39:51Z,25-Apr-2026,14:39:51,0.6,1
White-breasted Nuthatch,Sitta carolinensis,2026-04-25T18:39:45Z,25-Apr-2026,14:39:45,0.63,1
White-breasted Nuthatch,Sitta carolinensis,2026-04-25T18:39:32Z,25-Apr-2026,14:39:32,0.81,1
White-breasted Nuthatch,Sitta carolinensis,2026-04-25T18:32:09Z,25-Apr-2026,14:32:09,0.71,1
White-breasted Nuthatch,Sitta carolinensis,2026-04-25T18:30:29Z,25-Apr-2026,14:30:29,0.91,1
Veery,Catharus fuscescens,2026-04-25T18:29:51Z,25-Apr-2026,14:29:51,0.74,1
Eastern Bluebird,Sialia sialis,2026-04-25T18:29:03Z,25-Apr-2026,14:29:03,0.6,1
Eastern Bluebird,Sialia sialis,2026-04-25T18:27:26Z,25-Apr-2026,14:27:26,0.43,1
American Goldfinch,Spinus tristis,2026-04-25T18:09:30Z,25-Apr-2026,14:09:30,0.8745,1
Eastern Bluebird,Sialia sialis,2026-04-25T18:00:18Z,25-Apr-2026,14:00:18,0.57,1
Veery,Catharus fuscescens,2026-04-25T18:00:09Z,25-Apr-2026,14:00:09,0.38,1
Eastern Bluebird,Sialia sialis,2026-04-25T18:00:03Z,25-Apr-2026,14:00:03,0.27,1
Eastern Bluebird,Sialia sialis,2026-04-25T17:59:24Z,25-Apr-2026,13:59:24,0.74,1
Eastern Bluebird,Sialia sialis,2026-04-25T17:59:18Z,25-Apr-2026,13:59:18,0.83,1
Eastern Bluebird,Sialia sialis,2026-04-25T17:59:05Z,25-Apr-2026,13:59:05,0.31,1
Eastern Bluebird,Sialia sialis,2026-04-25T17:58:48Z,25-Apr-2026,13:58:48,0.78,1
Eastern Bluebird,Sialia sialis,2026-04-25T17:57:03Z,25-Apr-2026,13:57:03,0.9,1
Eastern Bluebird,Sialia sialis,2026-04-25T17:56:44Z,25-Apr-2026,13:56:44,0.64,1
Eastern Bluebird,Sialia sialis,2026-04-25T17:56:04Z,25-Apr-2026,13:56:04,0.93,1
Eastern Bluebird,Sialia sialis,2026-04-25T17:54:59Z,25-Apr-2026,13:54:59,0.76,1
Eastern Bluebird,Sialia sialis,2026-04-25T17:54:46Z,25-Apr-2026,13:54:46,0.62,1
Eastern Bluebird,Sialia sialis,2026-04-25T17:54:39Z,25-Apr-2026,13:54:39,0.85,1
Eastern Bluebird,Sialia sialis,2026-04-25T17:54:30Z,25-Apr-2026,13:54:30,0.65,1
Tufted Titmouse,Baeolophus bicolor,2026-04-25T17:54:26Z,25-Apr-2026,13:54:26,0.7804,1
Eastern Bluebird,Sialia sialis,2026-04-25T17:53:54Z,25-Apr-2026,13:53:54,0.93,1
Eastern Bluebird,Sialia sialis,2026-04-25T17:53:35Z,25-Apr-2026,13:53:35,0.38,1
Eastern Bluebird,Sialia sialis,2026-04-25T17:53:28Z,25-Apr-2026,13:53:28,0.87,1
Eastern Bluebird,Sialia sialis,2026-04-25T17:53:22Z,25-Apr-2026,13:53:22,0.88,1
Eastern Bluebird,Sialia sialis,2026-04-25T17:53:15Z,25-Apr-2026,13:53:15,0.73,1
Eastern Bluebird,Sialia sialis,2026-04-25T17:53:02Z,25-Apr-2026,13:53:02,0.64,1
Eastern Bluebird,Sialia sialis,2026-04-25T17:52:53Z,25-Apr-2026,13:52:53,0.6,1
Eastern Bluebird,Sialia sialis,2026-04-25T17:52:44Z,25-Apr-2026,13:52:44,0.98,1
Eastern Bluebird,Sialia sialis,2026-04-25T17:52:30Z,25-Apr-2026,13:52:30,0.98,1
Eastern Bluebird,Sialia sialis,2026-04-25T17:52:17Z,25-Apr-2026,13:52:17,0.89,1
Eastern Bluebird,Sialia sialis,2026-04-25T17:51:52Z,25-Apr-2026,13:51:52,0.6,1
Eastern Bluebird,Sialia sialis,2026-04-25T17:51:36Z,25-Apr-2026,13:51:36,0.69,1
Eastern Bluebird,Sialia sialis,2026-04-25T17:51:20Z,25-Apr-2026,13:51:20,0.86,1
Eastern Bluebird,Sialia sialis,2026-04-25T17:50:58Z,25-Apr-2026,13:50:58,0.89,1
Eastern Bluebird,Sialia sialis,2026-04-25T17:50:45Z,25-Apr-2026,13:50:45,0.98,1
Eastern Bluebird,Sialia sialis,2026-04-25T17:50:29Z,25-Apr-2026,13:50:29,0.62,1
Eastern Bluebird,Sialia sialis,2026-04-25T17:50:05Z,25-Apr-2026,13:50:05,0.89,1
Eastern Bluebird,Sialia sialis,2026-04-25T17:49:26Z,25-Apr-2026,13:49:26,0.84,1
Eastern Bluebird,Sialia sialis,2026-04-25T17:49:16Z,25-Apr-2026,13:49:16,0.44,1
Eastern Bluebird,Sialia sialis,2026-04-25T17:49:06Z,25-Apr-2026,13:49:06,0.96,1
Eastern Bluebird,Sialia sialis,2026-04-25T17:48:50Z,25-Apr-2026,13:48:50,0.32,1
Eastern Bluebird,Sialia sialis,2026-04-25T17:48:28Z,25-Apr-2026,13:48:28,0.79,1
Eastern Bluebird,Sialia sialis,2026-04-25T17:48:12Z,25-Apr-2026,13:48:12,0.85,1
Eastern Bluebird,Sialia sialis,2026-04-25T17:47:32Z,25-Apr-2026,13:47:32,0.29,1
Chipping Sparrow,Spizella passerina,2026-04-25T17:41:09Z,25-Apr-2026,13:41:09,0.32,1
Chipping Sparrow,Spizella passerina,2026-04-25T17:40:39Z,25-Apr-2026,13:40:39,0.36,1
Chipping Sparrow,Spizella passerina,2026-04-25T17:40:29Z,25-Apr-2026,13:40:29,0.43,1
Chimney Swift,Chaetura pelagica,2026-04-25T17:38:39Z,25-Apr-2026,13:38:39,0.37,1
Eastern Bluebird,Sialia sialis,2026-04-25T17:36:57Z,25-Apr-2026,13:36:57,0.45,1
American Goldfinch,Spinus tristis,2026-04-25T17:35:36Z,25-Apr-2026,13:35:36,0.8745,1
Eastern Bluebird,Sialia sialis,2026-04-25T17:35:00Z,25-Apr-2026,13:35:00,0.26,1
Eastern Bluebird,Sialia sialis,2026-04-25T17:33:51Z,25-Apr-2026,13:33:51,0.76,1
Eastern Bluebird,Sialia sialis,2026-04-25T17:33:42Z,25-Apr-2026,13:33:42,0.74,1
Eastern Bluebird,Sialia sialis,2026-04-25T17:32:39Z,25-Apr-2026,13:32:39,0.27,1
Eastern Bluebird,Sialia sialis,2026-04-25T17:32:32Z,25-Apr-2026,13:32:32,0.97,1
Eastern Bluebird,Sialia sialis,2026-04-25T17:32:26Z,25-Apr-2026,13:32:26,0.97,1
Eastern Bluebird,Sialia sialis,2026-04-25T17:32:17Z,25-Apr-2026,13:32:17,0.86,1
Eastern Bluebird,Sialia sialis,2026-04-25T17:32:01Z,25-Apr-2026,13:32:01,0.82,1
Eastern Bluebird,Sialia sialis,2026-04-25T17:31:45Z,25-Apr-2026,13:31:45,0.99,1
Eastern Bluebird,Sialia sialis,2026-04-25T17:31:28Z,25-Apr-2026,13:31:28,0.9,1
Eastern Bluebird,Sialia sialis,2026-04-25T17:31:14Z,25-Apr-2026,13:31:14,0.97,1
Eastern Bluebird,Sialia sialis,2026-04-25T17:31:08Z,25-Apr-2026,13:31:08,0.7,1
Eastern Bluebird,Sialia sialis,2026-04-25T17:31:02Z,25-Apr-2026,13:31:02,0.54,1
Eastern Bluebird,Sialia sialis,2026-04-25T17:30:55Z,25-Apr-2026,13:30:55,0.51,1
Eastern Bluebird,Sialia sialis,2026-04-25T17:30:49Z,25-Apr-2026,13:30:49,0.77,1
Eastern Bluebird,Sialia sialis,2026-04-25T17:30:36Z,25-Apr-2026,13:30:36,0.61,1
Eastern Bluebird,Sialia sialis,2026-04-25T17:30:17Z,25-Apr-2026,13:30:17,0.28,1
Veery,Catharus fuscescens,2026-04-25T17:29:11Z,25-Apr-2026,13:29:11,0.3,1
Eastern Bluebird,Sialia sialis,2026-04-25T17:28:32Z,25-Apr-2026,13:28:32,0.66,1
Eastern Bluebird,Sialia sialis,2026-04-25T17:28:22Z,25-Apr-2026,13:28:22,0.43,1
Eastern Bluebird,Sialia sialis,2026-04-25T17:28:16Z,25-Apr-2026,13:28:16,0.67,1
Hairy Woodpecker,Dryobates villosus,2026-04-25T17:21:14Z,25-Apr-2026,13:21:14,0.48,1
Pileated Woodpecker,Dryocopus pileatus,2026-04-25T17:16:32Z,25-Apr-2026,13:16:32,0.73,1
Evening Grosbeak,Coccothraustes vespertinus,2026-04-25T17:10:11Z,25-Apr-2026,13:10:11,0.58,1
Evening Grosbeak,Coccothraustes vespertinus,2026-04-25T17:10:04Z,25-Apr-2026,13:10:04,0.47,1
Evening Grosbeak,Coccothraustes vespertinus,2026-04-25T17:09:48Z,25-Apr-2026,13:09:48,0.74,1
Evening Grosbeak,Coccothraustes vespertinus,2026-04-25T17:09:41Z,25-Apr-2026,13:09:41,0.92,1
American Crow,Corvus brachyrhynchos,2026-04-25T17:07:40Z,25-Apr-2026,13:07:40,0.8,1
Song Sparrow,Melospiza melodia,2026-04-25T17:00:20Z,25-Apr-2026,13:00:20,0.8627,1
Dark-eyed Junco,Junco hyemalis,2026-04-25T16:54:41Z,25-Apr-2026,12:54:41,0.4,1
Chipping Sparrow,Spizella passerina,2026-04-25T16:51:51Z,25-Apr-2026,12:51:51,0.4,1
Palm Warbler,Setophaga palmarum,2026-04-25T16:50:57Z,25-Apr-2026,12:50:57,0.36,1
Eastern Bluebird,Sialia sialis,2026-04-25T16:50:09Z,25-Apr-2026,12:50:09,0.29,1
Chimney Swift,Chaetura pelagica,2026-04-25T16:49:50Z,25-Apr-2026,12:49:50,0.61,1
Eastern Bluebird,Sialia sialis,2026-04-25T16:45:48Z,25-Apr-2026,12:45:48,0.49,1
White-breasted Nuthatch,Sitta carolinensis,2026-04-25T16:30:44Z,25-Apr-2026,12:30:44,0.92,1
White-breasted Nuthatch,Sitta carolinensis,2026-04-25T16:30:37Z,25-Apr-2026,12:30:37,0.95,1
White-breasted Nuthatch,Sitta carolinensis,2026-04-25T16:30:31Z,25-Apr-2026,12:30:31,0.93,1
White-breasted Nuthatch,Sitta carolinensis,2026-04-25T16:30:21Z,25-Apr-2026,12:30:21,0.48,1
White-breasted Nuthatch,Sitta carolinensis,2026-04-25T16:30:15Z,25-Apr-2026,12:30:15,0.91,1
American Goldfinch,Spinus tristis,2026-04-25T16:30:12Z,25-Apr-2026,12:30:12,0.8745,1
White-breasted Nuthatch,Sitta carolinensis,2026-04-25T16:30:08Z,25-Apr-2026,12:30:08,0.36,1
White-breasted Nuthatch,Sitta carolinensis,2026-04-25T16:29:55Z,25-Apr-2026,12:29:55,0.97,1
White-breasted Nuthatch,Sitta carolinensis,2026-04-25T16:29:36Z,25-Apr-2026,12:29:36,0.31,1
White-breasted Nuthatch,Sitta carolinensis,2026-04-25T16:29:01Z,25-Apr-2026,12:29:01,0.8,1
White-breasted Nuthatch,Sitta carolinensis,2026-04-25T16:28:54Z,25-Apr-2026,12:28:54,0.94,1
White-breasted Nuthatch,Sitta carolinensis,2026-04-25T16:28:41Z,25-Apr-2026,12:28:41,0.7,1
White-breasted Nuthatch,Sitta carolinensis,2026-04-25T16:28:34Z,25-Apr-2026,12:28:34,0.64,1
White-breasted Nuthatch,Sitta carolinensis,2026-04-25T16:28:12Z,25-Apr-2026,12:28:12,0.39,1
White-breasted Nuthatch,Sitta carolinensis,2026-04-25T16:27:50Z,25-Apr-2026,12:27:50,0.67,1
White-breasted Nuthatch,Sitta carolinensis,2026-04-25T16:27:44Z,25-Apr-2026,12:27:44,0.36,1
White-breasted Nuthatch,Sitta carolinensis,2026-04-25T16:27:18Z,25-Apr-2026,12:27:18,0.37,1
White-breasted Nuthatch,Sitta carolinensis,2026-04-25T16:26:48Z,25-Apr-2026,12:26:48,0.59,1
White-breasted Nuthatch,Sitta carolinensis,2026-04-25T16:26:41Z,25-Apr-2026,12:26:41,0.67,1
White-breasted Nuthatch,Sitta carolinensis,2026-04-25T16:26:16Z,25-Apr-2026,12:26:16,0.92,1
White-breasted Nuthatch,Sitta carolinensis,2026-04-25T16:26:09Z,25-Apr-2026,12:26:09,0.43,1
White-breasted Nuthatch,Sitta carolinensis,2026-04-25T16:26:00Z,25-Apr-2026,12:26:00,0.81,1
White-breasted Nuthatch,Sitta carolinensis,2026-04-25T16:25:50Z,25-Apr-2026,12:25:50,0.8,1
White-breasted Nuthatch,Sitta carolinensis,2026-04-25T16:25:44Z,25-Apr-2026,12:25:44,0.92,1
White-breasted Nuthatch,Sitta carolinensis,2026-04-25T16:25:37Z,25-Apr-2026,12:25:37,0.83,1
Dark-eyed Junco,Junco hyemalis,2026-04-25T16:24:03Z,25-Apr-2026,12:24:03,0.7804,1
Song Sparrow,Melospiza melodia,2026-04-25T16:08:18Z,25-Apr-2026,12:08:18,0.9569,2
Song Sparrow,Melospiza melodia,2026-04-25T16:06:44Z,25-Apr-2026,12:06:44,0.9255,1
Northern Flicker,Colaptes auratus,2026-04-25T16:06:35Z,25-Apr-2026,12:06:35,0.85,1
Northern Flicker,Colaptes auratus,2026-04-25T16:06:29Z,25-Apr-2026,12:06:29,0.8,1
Northern Flicker,Colaptes auratus,2026-04-25T16:06:22Z,25-Apr-2026,12:06:22,0.8,1
Northern Flicker,Colaptes auratus,2026-04-25T16:06:03Z,25-Apr-2026,12:06:03,0.82,1
Song Sparrow,Melospiza melodia,2026-04-25T16:05:34Z,25-Apr-2026,12:05:34,0.9412,2
Song Sparrow,Melospiza melodia,2026-04-25T16:04:29Z,25-Apr-2026,12:04:29,0.8471,1
Tree Swallow,Tachycineta bicolor,2026-04-25T16:04:10Z,25-Apr-2026,12:04:10,0.4,1
Northern Flicker,Colaptes auratus,2026-04-25T16:03:51Z,25-Apr-2026,12:03:51,0.31,1
Northern Flicker,Colaptes auratus,2026-04-25T16:03:41Z,25-Apr-2026,12:03:41,0.28,1
Song Sparrow,Melospiza melodia,2026-04-25T16:03:14Z,25-Apr-2026,12:03:14,0.9686,2
Song Sparrow,Melospiza melodia,2026-04-25T16:01:00Z,25-Apr-2026,12:01:00,0.9647,1
Song Sparrow,Melospiza melodia,2026-04-25T15:55:50Z,25-Apr-2026,11:55:50,0.898,1
Song Sparrow,Melospiza melodia,2026-04-25T15:54:48Z,25-Apr-2026,11:54:48,0.8627,3
Song Sparrow,Melospiza melodia,2026-04-25T15:52:53Z,25-Apr-2026,11:52:53,0.41,1
Song Sparrow,Melospiza melodia,2026-04-25T15:52:23Z,25-Apr-2026,11:52:23,0.8157,1
Song Sparrow,Melospiza melodia,2026-04-25T15:50:34Z,25-Apr-2026,11:50:34,0.7804,1
Dark-eyed Junco,Junco hyemalis,2026-04-25T15:49:06Z,25-Apr-2026,11:49:06,0.62,1
Dark-eyed Junco,Junco hyemalis,2026-04-25T15:48:15Z,25-Apr-2026,11:48:15,0.9333,1
Song Sparrow,Melospiza melodia,2026-04-25T15:47:48Z,25-Apr-2026,11:47:48,0.8627,4
Song Sparrow,Melospiza melodia,2026-04-25T15:46:42Z,25-Apr-2026,11:46:42,0.9569,3
Northern Flicker,Colaptes auratus,2026-04-25T15:45:45Z,25-Apr-2026,11:45:45,0.42,1
Song Sparrow,Melospiza melodia,2026-04-25T15:45:16Z,25-Apr-2026,11:45:16,0.9647,1
Northern Flicker,Colaptes auratus,2026-04-25T15:45:02Z,25-Apr-2026,11:45:02,0.49,1
Song Sparrow,Melospiza melodia,2026-04-25T15:44:51Z,25-Apr-2026,11:44:51,0.33,1
Song Sparrow,Melospiza melodia,2026-04-25T15:43:18Z,25-Apr-2026,11:43:18,0.8863,1
Song Sparrow,Melospiza melodia,2026-04-25T15:42:45Z,25-Apr-2026,11:42:45,0.4,1
Common Raven,Corvus corax,2026-04-25T15:39:56Z,25-Apr-2026,11:39:56,0.33,1
Pileated Woodpecker,Dryocopus pileatus,2026-04-25T15:39:41Z,25-Apr-2026,11:39:41,0.35,1
Song Sparrow,Melospiza melodia,2026-04-25T15:29:39Z,25-Apr-2026,11:29:39,0.8863,1
Eastern Bluebird,Sialia sialis,2026-04-25T15:28:49Z,25-Apr-2026,11:28:49,0.8,1
Song Sparrow,Melospiza melodia,2026-04-25T15:27:52Z,25-Apr-2026,11:27:52,0.7804,1
Song Sparrow,Melospiza melodia,2026-04-25T15:27:09Z,25-Apr-2026,11:27:09,0.31,1
Eastern Bluebird,Sialia sialis,2026-04-25T15:25:59Z,25-Apr-2026,11:25:59,0.51,1
Eastern Bluebird,Sialia sialis,2026-04-25T15:25:43Z,25-Apr-2026,11:25:43,0.51,1
Eastern Bluebird,Sialia sialis,2026-04-25T15:25:03Z,25-Apr-2026,11:25:03,0.27,1
Eastern Bluebird,Sialia sialis,2026-04-25T15:24:57Z,25-Apr-2026,11:24:57,0.97,1
European Starling,Sturnus vulgaris,2026-04-25T15:21:19Z,25-Apr-2026,11:21:19,0.9255,1
Palm Warbler,Setophaga palmarum,2026-04-25T15:20:39Z,25-Apr-2026,11:20:39,0.97,1
Palm Warbler,Setophaga palmarum,2026-04-25T15:20:30Z,25-Apr-2026,11:20:30,0.92,1
Palm Warbler,Setophaga palmarum,2026-04-25T15:20:23Z,25-Apr-2026,11:20:23,0.31,1
White-breasted Nuthatch,Sitta carolinensis,2026-04-25T15:19:27Z,25-Apr-2026,11:19:27,0.31,1
White-breasted Nuthatch,Sitta carolinensis,2026-04-25T15:19:15Z,25-Apr-2026,11:19:15,0.88,1
White-breasted Nuthatch,Sitta carolinensis,2026-04-25T15:19:09Z,25-Apr-2026,11:19:09,0.87,1
White-breasted Nuthatch,Sitta carolinensis,2026-04-25T15:19:02Z,25-Apr-2026,11:19:02,0.67,1
White-breasted Nuthatch,Sitta carolinensis,2026-04-25T15:18:52Z,25-Apr-2026,11:18:52,0.47,1
White-breasted Nuthatch,Sitta carolinensis,2026-04-25T15:18:42Z,25-Apr-2026,11:18:42,0.77,1
Eastern Bluebird,Sialia sialis,2026-04-25T15:18:33Z,25-Apr-2026,11:18:33,0.98,1
White-breasted Nuthatch,Sitta carolinensis,2026-04-25T15:18:27Z,25-Apr-2026,11:18:27,0.84,1
White-breasted Nuthatch,Sitta carolinensis,2026-04-25T15:18:10Z,25-Apr-2026,11:18:10,0.67,1
Eastern Bluebird,Sialia sialis,2026-04-25T15:18:04Z,25-Apr-2026,11:18:04,0.98,1
Eastern Bluebird,Sialia sialis,2026-04-25T15:17:57Z,25-Apr-2026,11:17:57,0.83,1
Eastern Bluebird,Sialia sialis,2026-04-25T15:17:41Z,25-Apr-2026,11:17:41,0.89,1
Eastern Bluebird,Sialia sialis,2026-04-25T15:17:29Z,25-Apr-2026,11:17:29,0.91,1
Palm Warbler,Setophaga palmarum,2026-04-25T15:16:59Z,25-Apr-2026,11:16:59,0.39,1
Eastern Bluebird,Sialia sialis,2026-04-25T15:10:29Z,25-Apr-2026,11:10:29,0.99,1
Eastern Bluebird,Sialia sialis,2026-04-25T15:10:20Z,25-Apr-2026,11:10:20,0.94,1
Eastern Bluebird,Sialia sialis,2026-04-25T15:10:13Z,25-Apr-2026,11:10:13,0.85,1
Eastern Bluebird,Sialia sialis,2026-04-25T15:10:04Z,25-Apr-2026,11:10:04,0.99,1
Eastern Bluebird,Sialia sialis,2026-04-25T15:09:29Z,25-Apr-2026,11:09:29,0.56,1
Eastern Bluebird,Sialia sialis,2026-04-25T15:09:00Z,25-Apr-2026,11:09:00,0.97,1
Eastern Bluebird,Sialia sialis,2026-04-25T15:07:50Z,25-Apr-2026,11:07:50,0.73,1
Eastern Bluebird,Sialia sialis,2026-04-25T15:07:38Z,25-Apr-2026,11:07:38,0.29,1
Eastern Bluebird,Sialia sialis,2026-04-25T15:07:25Z,25-Apr-2026,11:07:25,0.92,1
Eastern Bluebird,Sialia sialis,2026-04-25T15:07:12Z,25-Apr-2026,11:07:12,0.38,1
Eastern Bluebird,Sialia sialis,2026-04-25T15:07:05Z,25-Apr-2026,11:07:05,0.48,1
Eastern Bluebird,Sialia sialis,2026-04-25T15:06:53Z,25-Apr-2026,11:06:53,0.46,1
Eastern Bluebird,Sialia sialis,2026-04-25T15:06:18Z,25-Apr-2026,11:06:18,0.38,1
White-breasted Nuthatch,Sitta carolinensis,2026-04-25T15:06:02Z,25-Apr-2026,11:06:02,0.56,1
Eastern Bluebird,Sialia sialis,2026-04-25T15:05:56Z,25-Apr-2026,11:05:56,0.96,1
White-breasted Nuthatch,Sitta carolinensis,2026-04-25T15:05:49Z,25-Apr-2026,11:05:49,0.96,1
White-breasted Nuthatch,Sitta carolinensis,2026-04-25T15:05:42Z,25-Apr-2026,11:05:42,0.87,1
White-breasted Nuthatch,Sitta carolinensis,2026-04-25T15:05:27Z,25-Apr-2026,11:05:27,0.55,1
White-breasted Nuthatch,Sitta carolinensis,2026-04-25T15:05:18Z,25-Apr-2026,11:05:18,0.64,1
White-breasted Nuthatch,Sitta carolinensis,2026-04-25T15:05:11Z,25-Apr-2026,11:05:11,0.78,1
White-breasted Nuthatch,Sitta carolinensis,2026-04-25T15:04:52Z,25-Apr-2026,11:04:52,0.91,1
White-breasted Nuthatch,Sitta carolinensis,2026-04-25T15:04:33Z,25-Apr-2026,11:04:33,0.93,1
White-breasted Nuthatch,Sitta carolinensis,2026-04-25T15:04:27Z,25-Apr-2026,11:04:27,0.83,1
White-breasted Nuthatch,Sitta carolinensis,2026-04-25T15:04:21Z,25-Apr-2026,11:04:21,0.77,1
White-breasted Nuthatch,Sitta carolinensis,2026-04-25T15:04:14Z,25-Apr-2026,11:04:14,0.76,1
White-breasted Nuthatch,Sitta carolinensis,2026-04-25T15:04:07Z,25-Apr-2026,11:04:07,0.43,1
White-breasted Nuthatch,Sitta carolinensis,2026-04-25T15:04:00Z,25-Apr-2026,11:04:00,0.85,1
American Crow,Corvus brachyrhynchos,2026-04-25T15:03:51Z,25-Apr-2026,11:03:51,0.39,1
White-breasted Nuthatch,Sitta carolinensis,2026-04-25T15:03:45Z,25-Apr-2026,11:03:45,0.4,1
American Crow,Corvus brachyrhynchos,2026-04-25T15:03:29Z,25-Apr-2026,11:03:29,0.8627,1
White-breasted Nuthatch,Sitta carolinensis,2026-04-25T15:03:26Z,25-Apr-2026,11:03:26,0.94,1
White-breasted Nuthatch,Sitta carolinensis,2026-04-25T15:03:16Z,25-Apr-2026,11:03:16,0.49,1
White-breasted Nuthatch,Sitta carolinensis,2026-04-25T15:03:06Z,25-Apr-2026,11:03:06,0.6,1
White-breasted Nuthatch,Sitta carolinensis,2026-04-25T15:03:00Z,25-Apr-2026,11:03:00,0.7,1
White-breasted Nuthatch,Sitta carolinensis,2026-04-25T15:02:53Z,25-Apr-2026,11:02:53,0.85,1
Song Sparrow,Melospiza melodia,2026-04-25T15:00:37Z,25-Apr-2026,11:00:37,0.7804,1
Eastern Bluebird,Sialia sialis,2026-04-25T15:00:27Z,25-Apr-2026,11:00:27,0.46,1
Eastern Bluebird,Sialia sialis,2026-04-25T14:59:49Z,25-Apr-2026,10:59:49,0.55,1
Song Sparrow,Melospiza melodia,2026-04-25T14:58:51Z,25-Apr-2026,10:58:51,0.9412,1
Song Sparrow,Melospiza melodia,2026-04-25T14:57:41Z,25-Apr-2026,10:57:41,0.949,1
Song Sparrow,Melospiza melodia,2026-04-25T14:54:40Z,25-Apr-2026,10:54:40,0.8471,2
Song Sparrow,Melospiza melodia,2026-04-25T14:53:54Z,25-Apr-2026,10:53:54,0.44,1
Song Sparrow,Melospiza melodia,2026-04-25T14:49:42Z,25-Apr-2026,10:49:42,0.8,2
American Goldfinch,Spinus tristis,2026-04-25T14:49:39Z,25-Apr-2026,10:49:39,0.7804,1
Song Sparrow,Melospiza melodia,2026-04-25T14:48:54Z,25-Apr-2026,10:48:54,0.41,1
Song Sparrow,Melospiza melodia,2026-04-25T14:48:34Z,25-Apr-2026,10:48:34,0.9529,1
American Robin,Turdus migratorius,2026-04-25T14:47:22Z,25-Apr-2026,10:47:22,0.9098,2
Dark-eyed Junco,Junco hyemalis,2026-04-25T14:44:45Z,25-Apr-2026,10:44:45,0.898,1
Dark-eyed Junco,Junco hyemalis,2026-04-25T14:43:56Z,25-Apr-2026,10:43:56,0.54,1
Dark-eyed Junco,Junco hyemalis,2026-04-25T14:43:48Z,25-Apr-2026,10:43:48,0.31,1
American Robin,Turdus migratorius,2026-04-25T14:43:03Z,25-Apr-2026,10:43:03,0.8314,1
White-breasted Nuthatch,Sitta carolinensis,2026-04-25T14:42:20Z,25-Apr-2026,10:42:20,0.89,1
White-breasted Nuthatch,Sitta carolinensis,2026-04-25T14:42:08Z,25-Apr-2026,10:42:08,0.95,1
White-breasted Nuthatch,Sitta carolinensis,2026-04-25T14:41:46Z,25-Apr-2026,10:41:46,0.75,1
American Robin,Turdus migratorius,2026-04-25T14:41:40Z,25-Apr-2026,10:41:40,0.9176,1
White-breasted Nuthatch,Sitta carolinensis,2026-04-25T14:41:36Z,25-Apr-2026,10:41:36,0.95,1
White-breasted Nuthatch,Sitta carolinensis,2026-04-25T14:41:30Z,25-Apr-2026,10:41:30,0.83,1
Chipping Sparrow,Spizella passerina,2026-04-25T14:41:23Z,25-Apr-2026,10:41:23,0.81,1
Chipping Sparrow,Spizella passerina,2026-04-25T14:41:10Z,25-Apr-2026,10:41:10,0.82,1
Chipping Sparrow,Spizella passerina,2026-04-25T14:40:54Z,25-Apr-2026,10:40:54,0.79,1
Chipping Sparrow,Spizella passerina,2026-04-25T14:40:29Z,25-Apr-2026,10:40:29,0.82,1
Chipping Sparrow,Spizella passerina,2026-04-25T14:40:16Z,25-Apr-2026,10:40:16,0.72,1
Chipping Sparrow,Spizella passerina,2026-04-25T14:40:03Z,25-Apr-2026,10:40:03,0.92,1
Chipping Sparrow,Spizella passerina,2026-04-25T14:39:39Z,25-Apr-2026,10:39:39,0.85,1
Chipping Sparrow,Spizella passerina,2026-04-25T14:39:23Z,25-Apr-2026,10:39:23,0.81,1
Chipping Sparrow,Spizella passerina,2026-04-25T14:39:17Z,25-Apr-2026,10:39:17,0.28,1
Chipping Sparrow,Spizella passerina,2026-04-25T14:38:54Z,25-Apr-2026,10:38:54,0.65,1
Chipping Sparrow,Spizella passerina,2026-04-25T14:38:45Z,25-Apr-2026,10:38:45,0.73,1
Palm Warbler,Setophaga palmarum,2026-04-25T14:38:32Z,25-Apr-2026,10:38:32,0.38,1
Chipping Sparrow,Spizella passerina,2026-04-25T14:38:04Z,25-Apr-2026,10:38:04,0.73,1
Eastern Phoebe,Sayornis phoebe,2026-04-25T14:36:48Z,25-Apr-2026,10:36:48,0.42,1
White-breasted Nuthatch,Sitta carolinensis,2026-04-25T14:35:24Z,25-Apr-2026,10:35:24,0.84,1
White-breasted Nuthatch,Sitta carolinensis,2026-04-25T14:35:02Z,25-Apr-2026,10:35:02,0.4,1
Song Sparrow,Melospiza melodia,2026-04-25T14:34:38Z,25-Apr-2026,10:34:38,0.8157,1
Song Sparrow,Melospiza melodia,2026-04-25T14:32:48Z,25-Apr-2026,10:32:48,0.8,3
Song Sparrow,Melospiza melodia,2026-04-25T14:31:36Z,25-Apr-2026,10:31:36,0.3,1
Song Sparrow,Melospiza melodia,2026-04-25T14:31:09Z,25-Apr-2026,10:31:09,0.9725,1
Song Sparrow,Melospiza melodia,2026-04-25T14:30:47Z,25-Apr-2026,10:30:47,0.26,1
Song Sparrow,Melospiza melodia,2026-04-25T14:28:33Z,25-Apr-2026,10:28:33,0.8627,3
Song Sparrow,Melospiza melodia,2026-04-25T14:26:49Z,25-Apr-2026,10:26:49,1,3
Song Sparrow,Melospiza melodia,2026-04-25T14:25:42Z,25-Apr-2026,10:25:42,0.9843,2
Song Sparrow,Melospiza melodia,2026-04-25T14:23:40Z,25-Apr-2026,10:23:40,0.8157,1
Eastern Phoebe,Sayornis phoebe,2026-04-25T14:22:24Z,25-Apr-2026,10:22:24,0.94,1
Eastern Phoebe,Sayornis phoebe,2026-04-25T14:22:17Z,25-Apr-2026,10:22:17,0.95,1
Eastern Phoebe,Sayornis phoebe,2026-04-25T14:22:10Z,25-Apr-2026,10:22:10,0.95,1
Eastern Phoebe,Sayornis phoebe,2026-04-25T14:22:03Z,25-Apr-2026,10:22:03,0.98,1
Eastern Phoebe,Sayornis phoebe,2026-04-25T14:21:57Z,25-Apr-2026,10:21:57,0.98,1
Eastern Phoebe,Sayornis phoebe,2026-04-25T14:20:49Z,25-Apr-2026,10:20:49,0.28,1
Eastern Phoebe,Sayornis phoebe,2026-04-25T14:20:42Z,25-Apr-2026,10:20:42,0.61,1
Song Sparrow,Melospiza melodia,2026-04-25T14:19:51Z,25-Apr-2026,10:19:51,0.9098,1
Eastern Phoebe,Sayornis phoebe,2026-04-25T14:19:29Z,25-Apr-2026,10:19:29,0.49,1
Eastern Phoebe,Sayornis phoebe,2026-04-25T14:19:01Z,25-Apr-2026,10:19:01,0.29,1
White-breasted Nuthatch,Sitta carolinensis,2026-04-25T14:18:54Z,25-Apr-2026,10:18:54,0.96,1
Eastern Phoebe,Sayornis phoebe,2026-04-25T14:18:48Z,25-Apr-2026,10:18:48,0.37,1
Eastern Phoebe,Sayornis phoebe,2026-04-25T14:18:41Z,25-Apr-2026,10:18:41,0.42,1
White-breasted Nuthatch,Sitta carolinensis,2026-04-25T14:17:56Z,25-Apr-2026,10:17:56,0.52,1
White-breasted Nuthatch,Sitta carolinensis,2026-04-25T14:17:40Z,25-Apr-2026,10:17:40,0.39,1
American Robin,Turdus migratorius,2026-04-25T14:16:15Z,25-Apr-2026,10:16:15,0.8863,1
Song Sparrow,Melospiza melodia,2026-04-25T14:13:32Z,25-Apr-2026,10:13:32,0.36,1
American Robin,Turdus migratorius,2026-04-25T14:10:35Z,25-Apr-2026,10:10:35,0.8471,1
American Robin,Turdus migratorius,2026-04-25T14:06:42Z,25-Apr-2026,10:06:42,0.8471,1
Eastern Phoebe,Sayornis phoebe,2026-04-25T14:02:49Z,25-Apr-2026,10:02:49,0.45,1
Eastern Phoebe,Sayornis phoebe,2026-04-25T14:02:43Z,25-Apr-2026,10:02:43,0.68,1
Eastern Phoebe,Sayornis phoebe,2026-04-25T14:02:36Z,25-Apr-2026,10:02:36,0.58,1
Eastern Phoebe,Sayornis phoebe,2026-04-25T14:02:30Z,25-Apr-2026,10:02:30,0.57,1
Eastern Phoebe,Sayornis phoebe,2026-04-25T14:02:23Z,25-Apr-2026,10:02:23,0.69,1
Eastern Phoebe,Sayornis phoebe,2026-04-25T14:02:11Z,25-Apr-2026,10:02:11,0.48,1
Eastern Phoebe,Sayornis phoebe,2026-04-25T14:02:04Z,25-Apr-2026,10:02:04,0.31,1
Eastern Phoebe,Sayornis phoebe,2026-04-25T14:01:51Z,25-Apr-2026,10:01:51,0.57,1
Eastern Phoebe,Sayornis phoebe,2026-04-25T14:01:45Z,25-Apr-2026,10:01:45,0.52,1
Eastern Phoebe,Sayornis phoebe,2026-04-25T14:01:39Z,25-Apr-2026,10:01:39,0.55,1
Eastern Phoebe,Sayornis phoebe,2026-04-25T14:01:32Z,25-Apr-2026,10:01:32,0.66,1
Eastern Phoebe,Sayornis phoebe,2026-04-25T14:01:20Z,25-Apr-2026,10:01:20,0.69,1
Eastern Phoebe,Sayornis phoebe,2026-04-25T14:01:13Z,25-Apr-2026,10:01:13,0.66,1
Eastern Phoebe,Sayornis phoebe,2026-04-25T14:01:07Z,25-Apr-2026,10:01:07,0.82,1
Tree Swallow,Tachycineta bicolor,2026-04-25T13:53:32Z,25-Apr-2026,09:53:32,0.95,1
Dark-eyed Junco,Junco hyemalis,2026-04-25T13:43:29Z,25-Apr-2026,09:43:29,0.7804,2
Dark-eyed Junco,Junco hyemalis,2026-04-25T13:43:20Z,25-Apr-2026,09:43:20,0.31,1
Gray Catbird,Dumetella carolinensis,2026-04-25T13:42:32Z,25-Apr-2026,09:42:32,0.8,1
Dark-eyed Junco,Junco hyemalis,2026-04-25T13:39:47Z,25-Apr-2026,09:39:47,0.8157,1
Northern Saw-whet Owl,Aegolius acadicus,2026-04-25T13:38:14Z,25-Apr-2026,09:38:14,0.32,1
Chimney Swift,Chaetura pelagica,2026-04-25T13:37:33Z,25-Apr-2026,09:37:33,0.36,1
Eastern Phoebe,Sayornis phoebe,2026-04-25T13:37:17Z,25-Apr-2026,09:37:17,0.45,1
Red-shouldered Hawk,Buteo lineatus,2026-04-25T13:35:25Z,25-Apr-2026,09:35:25,0.59,1
Eastern Phoebe,Sayornis phoebe,2026-04-25T13:34:30Z,25-Apr-2026,09:34:30,0.79,1
Eastern Phoebe,Sayornis phoebe,2026-04-25T13:34:23Z,25-Apr-2026,09:34:23,0.57,1
Eastern Phoebe,Sayornis phoebe,2026-04-25T13:33:58Z,25-Apr-2026,09:33:58,0.34,1
Eastern Phoebe,Sayornis phoebe,2026-04-25T13:33:32Z,25-Apr-2026,09:33:32,0.29,1
Eastern Phoebe,Sayornis phoebe,2026-04-25T13:32:57Z,25-Apr-2026,09:32:57,0.26,1
Eastern Phoebe,Sayornis phoebe,2026-04-25T13:32:46Z,25-Apr-2026,09:32:46,0.3,1
Eastern Phoebe,Sayornis phoebe,2026-04-25T13:31:35Z,25-Apr-2026,09:31:35,0.42,1
Eastern Phoebe,Sayornis phoebe,2026-04-25T13:31:29Z,25-Apr-2026,09:31:29,0.41,1
Red-shouldered Hawk,Buteo lineatus,2026-04-25T13:31:22Z,25-Apr-2026,09:31:22,0.41,1
Northern Cardinal,Cardinalis cardinalis,2026-04-25T13:30:45Z,25-Apr-2026,09:30:45,0.9412,1
Song Sparrow,Melospiza melodia,2026-04-25T13:30:35Z,25-Apr-2026,09:30:35,0.8,1
Dark-eyed Junco,Junco hyemalis,2026-04-25T13:28:35Z,25-Apr-2026,09:28:35,0.8471,1
Chipping Sparrow,Spizella passerina,2026-04-25T13:27:09Z,25-Apr-2026,09:27:09,0.61,1
Red-shouldered Hawk,Buteo lineatus,2026-04-25T13:26:52Z,25-Apr-2026,09:26:52,0.64,1
Red-shouldered Hawk,Buteo lineatus,2026-04-25T13:26:45Z,25-Apr-2026,09:26:45,0.37,1
Red-shouldered Hawk,Buteo lineatus,2026-04-25T13:26:33Z,25-Apr-2026,09:26:33,0.71,1
Red-shouldered Hawk,Buteo lineatus,2026-04-25T13:26:26Z,25-Apr-2026,09:26:26,0.48,1
Red-shouldered Hawk,Buteo lineatus,2026-04-25T13:26:20Z,25-Apr-2026,09:26:20,0.78,1
Red-shouldered Hawk,Buteo lineatus,2026-04-25T13:26:14Z,25-Apr-2026,09:26:14,0.91,1
Red-shouldered Hawk,Buteo lineatus,2026-04-25T13:26:07Z,25-Apr-2026,09:26:07,0.97,1
Red-shouldered Hawk,Buteo lineatus,2026-04-25T13:26:00Z,25-Apr-2026,09:26:00,0.97,1
Chipping Sparrow,Spizella passerina,2026-04-25T13:25:32Z,25-Apr-2026,09:25:32,0.54,1
Red-shouldered Hawk,Buteo lineatus,2026-04-25T13:24:52Z,25-Apr-2026,09:24:52,0.75,1
Red-shouldered Hawk,Buteo lineatus,2026-04-25T13:24:45Z,25-Apr-2026,09:24:45,0.54,1
Red-shouldered Hawk,Buteo lineatus,2026-04-25T13:24:32Z,25-Apr-2026,09:24:32,0.78,1
Song Sparrow,Melospiza melodia,2026-04-25T13:23:22Z,25-Apr-2026,09:23:22,0.8157,1
Tree Swallow,Tachycineta bicolor,2026-04-25T13:22:57Z,25-Apr-2026,09:22:57,0.52,1
Tree Swallow,Tachycineta bicolor,2026-04-25T13:22:50Z,25-Apr-2026,09:22:50,0.62,1
Tree Swallow,Tachycineta bicolor,2026-04-25T13:22:44Z,25-Apr-2026,09:22:44,0.32,1
Chipping Sparrow,Spizella passerina,2026-04-25T13:21:51Z,25-Apr-2026,09:21:51,0.38,1
Chipping Sparrow,Spizella passerina,2026-04-25T13:16:43Z,25-Apr-2026,09:16:43,0.26,1
Chipping Sparrow,Spizella passerina,2026-04-25T13:14:32Z,25-Apr-2026,09:14:32,0.32,1
Chipping Sparrow,Spizella passerina,2026-04-25T13:14:09Z,25-Apr-2026,09:14:09,0.44,1
Black-capped Chickadee,Poecile atricapillus,2026-04-25T13:11:43Z,25-Apr-2026,09:11:43,0.9569,1
Northern Cardinal,Cardinalis cardinalis,2026-04-25T13:09:44Z,25-Apr-2026,09:09:44,0.8157,1
Chipping Sparrow,Spizella passerina,2026-04-25T13:09:04Z,25-Apr-2026,09:09:04,0.62,1
Chipping Sparrow,Spizella passerina,2026-04-25T13:08:55Z,25-Apr-2026,09:08:55,0.3,1
Dark-eyed Junco,Junco hyemalis,2026-04-25T13:08:36Z,25-Apr-2026,09:08:36,0.47,1
Dark-eyed Junco,Junco hyemalis,2026-04-25T13:08:15Z,25-Apr-2026,09:08:15,0.53,1
Black-capped Chickadee,Poecile atricapillus,2026-04-25T13:07:07Z,25-Apr-2026,09:07:07,0.8,2
Dark-eyed Junco,Junco hyemalis,2026-04-25T13:07:01Z,25-Apr-2026,09:07:01,0.28,1
Dark-eyed Junco,Junco hyemalis,2026-04-25T13:06:48Z,25-Apr-2026,09:06:48,0.33,1
Dark-eyed Junco,Junco hyemalis,2026-04-25T13:06:22Z,25-Apr-2026,09:06:22,0.37,1
Dark-eyed Junco,Junco hyemalis,2026-04-25T13:05:39Z,25-Apr-2026,09:05:39,0.8863,1
Black-capped Chickadee,Poecile atricapillus,2026-04-25T13:05:17Z,25-Apr-2026,09:05:17,0.35,1
Black-capped Chickadee,Poecile atricapillus,2026-04-25T13:04:58Z,25-Apr-2026,09:04:58,0.898,2
Ruby-throated Hummingbird,Archilochus colubris,2026-04-25T13:04:48Z,25-Apr-2026,09:04:48,0.42,1
Common Raven,Corvus corax,2026-04-25T13:04:29Z,25-Apr-2026,09:04:29,0.3,1
Common Raven,Corvus corax,2026-04-25T13:04:22Z,25-Apr-2026,09:04:22,0.7,1
Black-capped Chickadee,Poecile atricapillus,2026-04-25T13:03:50Z,25-Apr-2026,09:03:50,0.9333,1
Purple Finch,Haemorhous purpureus,2026-04-25T13:00:03Z,25-Apr-2026,09:00:03,0.37,1
Song Sparrow,Melospiza melodia,2026-04-25T12:59:21Z,25-Apr-2026,08:59:21,0.898,3
Ovenbird,Seiurus aurocapilla,2026-04-25T12:57:47Z,25-Apr-2026,08:57:47,0.3,1
White-breasted Nuthatch,Sitta carolinensis,2026-04-25T12:56:42Z,25-Apr-2026,08:56:42,0.53,1
White-breasted Nuthatch,Sitta carolinensis,2026-04-25T12:56:29Z,25-Apr-2026,08:56:29,0.82,1
White-breasted Nuthatch,Sitta carolinensis,2026-04-25T12:55:47Z,25-Apr-2026,08:55:47,0.73,1
White-breasted Nuthatch,Sitta carolinensis,2026-04-25T12:55:41Z,25-Apr-2026,08:55:41,0.65,1
White-breasted Nuthatch,Sitta carolinensis,2026-04-25T12:54:43Z,25-Apr-2026,08:54:43,0.37,1
White-breasted Nuthatch,Sitta carolinensis,2026-04-25T12:54:37Z,25-Apr-2026,08:54:37,0.89,1
White-breasted Nuthatch,Sitta carolinensis,2026-04-25T12:54:23Z,25-Apr-2026,08:54:23,0.93,1
White-breasted Nuthatch,Sitta carolinensis,2026-04-25T12:54:13Z,25-Apr-2026,08:54:13,0.28,1
European Starling,Sturnus vulgaris,2026-04-25T12:53:01Z,25-Apr-2026,08:53:01,0.9765,1
White-breasted Nuthatch,Sitta carolinensis,2026-04-25T12:52:35Z,25-Apr-2026,08:52:35,0.66,1
White-breasted Nuthatch,Sitta carolinensis,2026-04-25T12:52:13Z,25-Apr-2026,08:52:13,0.62,1
White-breasted Nuthatch,Sitta carolinensis,2026-04-25T12:52:00Z,25-Apr-2026,08:52:00,0.71,1
American Robin,Turdus migratorius,2026-04-25T12:51:27Z,25-Apr-2026,08:51:27,0.49,1
White-breasted Nuthatch,Sitta carolinensis,2026-04-25T12:51:21Z,25-Apr-2026,08:51:21,0.42,1
House Finch,Haemorhous mexicanus,2026-04-25T12:50:21Z,25-Apr-2026,08:50:21,0.7804,1
Song Sparrow,Melospiza melodia,2026-04-25T12:49:51Z,25-Apr-2026,08:49:51,0.9725,1
Song Sparrow,Melospiza melodia,2026-04-25T12:48:38Z,25-Apr-2026,08:48:38,0.9765,2
Song Sparrow,Melospiza melodia,2026-04-25T12:47:56Z,25-Apr-2026,08:47:56,0.27,1
Tufted Titmouse,Baeolophus bicolor,2026-04-25T12:47:09Z,25-Apr-2026,08:47:09,0.9412,1
Song Sparrow,Melospiza melodia,2026-04-25T12:46:53Z,25-Apr-2026,08:46:53,0.9569,1
White-breasted Nuthatch,Sitta carolinensis,2026-04-25T12:46:18Z,25-Apr-2026,08:46:18,0.91,1
White-breasted Nuthatch,Sitta carolinensis,2026-04-25T12:46:12Z,25-Apr-2026,08:46:12,0.64,1
White-breasted Nuthatch,Sitta carolinensis,2026-04-25T12:45:47Z,25-Apr-2026,08:45:47,0.39,1
Tree Swallow,Tachycineta bicolor,2026-04-25T12:43:00Z,25-Apr-2026,08:43:00,0.3,1
Song Sparrow,Melospiza melodia,2026-04-25T12:42:50Z,25-Apr-2026,08:42:50,0.8157,1
American Goldfinch,Spinus tristis,2026-04-25T12:42:06Z,25-Apr-2026,08:42:06,0.9647,1
White-breasted Nuthatch,Sitta carolinensis,2026-04-25T12:41:26Z,25-Apr-2026,08:41:26,0.81,1
White-breasted Nuthatch,Sitta carolinensis,2026-04-25T12:41:17Z,25-Apr-2026,08:41:17,0.86,1
White-breasted Nuthatch,Sitta carolinensis,2026-04-25T12:41:11Z,25-Apr-2026,08:41:11,0.56,1
White-breasted Nuthatch,Sitta carolinensis,2026-04-25T12:40:36Z,25-Apr-2026,08:40:36,0.76,1
White-breasted Nuthatch,Sitta carolinensis,2026-04-25T12:40:29Z,25-Apr-2026,08:40:29,0.86,1
White-breasted Nuthatch,Sitta carolinensis,2026-04-25T12:40:07Z,25-Apr-2026,08:40:07,0.34,1
Veery,Catharus fuscescens,2026-04-25T12:38:39Z,25-Apr-2026,08:38:39,0.57,1
Northern Cardinal,Cardinalis cardinalis,2026-04-25T12:37:55Z,25-Apr-2026,08:37:55,0.9098,7
Green Heron,Butorides virescens,2026-04-25T12:36:36Z,25-Apr-2026,08:36:36,0.58,1
Northern Cardinal,Cardinalis cardinalis,2026-04-25T12:35:41Z,25-Apr-2026,08:35:41,0.9686,14
Northern Cardinal,Cardinalis cardinalis,2026-04-25T12:34:36Z,25-Apr-2026,08:34:36,0.9529,17
Northern Cardinal,Cardinalis cardinalis,2026-04-25T12:33:34Z,25-Apr-2026,08:33:34,0.9725,11
Northern Cardinal,Cardinalis cardinalis,2026-04-25T12:32:31Z,25-Apr-2026,08:32:31,0.8745,9
Great Crested Flycatcher,Myiarchus crinitus,2026-04-25T12:32:07Z,25-Apr-2026,08:32:07,0.31,1
Northern Cardinal,Cardinalis cardinalis,2026-04-25T12:31:28Z,25-Apr-2026,08:31:28,0.8627,1
Song Sparrow,Melospiza melodia,2026-04-25T12:30:18Z,25-Apr-2026,08:30:18,0.7804,1
Chipping Sparrow,Spizella passerina,2026-04-25T12:28:20Z,25-Apr-2026,08:28:20,0.37,1
Song Sparrow,Melospiza melodia,2026-04-25T12:28:11Z,25-Apr-2026,08:28:11,0.8745,1
Song Sparrow,Melospiza melodia,2026-04-25T12:27:10Z,25-Apr-2026,08:27:10,0.8863,1
Northern Cardinal,Cardinalis cardinalis,2026-04-25T12:27:07Z,25-Apr-2026,08:27:07,0.8157,1
Dark-eyed Junco,Junco hyemalis,2026-04-25T12:25:16Z,25-Apr-2026,08:25:16,0.34,1
Dark-eyed Junco,Junco hyemalis,2026-04-25T12:25:12Z,25-Apr-2026,08:25:12,0.8,1
White-breasted Nuthatch,Sitta carolinensis,2026-04-25T12:24:56Z,25-Apr-2026,08:24:56,0.64,1
White-breasted Nuthatch,Sitta carolinensis,2026-04-25T12:24:15Z,25-Apr-2026,08:24:15,0.53,1
White-breasted Nuthatch,Sitta carolinensis,2026-04-25T12:24:09Z,25-Apr-2026,08:24:09,0.73,1
Northern Cardinal,Cardinalis cardinalis,2026-04-25T12:24:05Z,25-Apr-2026,08:24:05,0.9176,1
White-breasted Nuthatch,Sitta carolinensis,2026-04-25T12:24:02Z,25-Apr-2026,08:24:02,0.89,1
White-breasted Nuthatch,Sitta carolinensis,2026-04-25T12:23:46Z,25-Apr-2026,08:23:46,0.26,1
Northern Cardinal,Cardinalis cardinalis,2026-04-25T12:22:30Z,25-Apr-2026,08:22:30,0.9725,5
Northern Cardinal,Cardinalis cardinalis,2026-04-25T12:20:57Z,25-Apr-2026,08:20:57,0.9412,2
Northern Cardinal,Cardinalis cardinalis,2026-04-25T12:18:59Z,25-Apr-2026,08:18:59,0.8157,2
Dark-eyed Junco,Junco hyemalis,2026-04-25T12:18:36Z,25-Apr-2026,08:18:36,0.44,1
Northern Cardinal,Cardinalis cardinalis,2026-04-25T12:17:45Z,25-Apr-2026,08:17:45,0.42,1
American Goldfinch,Spinus tristis,2026-04-25T12:17:02Z,25-Apr-2026,08:17:02,0.8157,1
Northern Cardinal,Cardinalis cardinalis,2026-04-25T12:16:59Z,25-Apr-2026,08:16:59,0.8471,1
Song Sparrow,Melospiza melodia,2026-04-25T12:16:37Z,25-Apr-2026,08:16:37,0.7804,1
American Robin,Turdus migratorius,2026-04-25T12:14:48Z,25-Apr-2026,08:14:48,0.8471,1
American Robin,Turdus migratorius,2026-04-25T12:14:15Z,25-Apr-2026,08:14:15,0.42,1
Pileated Woodpecker,Dryocopus pileatus,2026-04-25T12:11:36Z,25-Apr-2026,08:11:36,0.3,1
Northern Cardinal,Cardinalis cardinalis,2026-04-25T12:05:54Z,25-Apr-2026,08:05:54,0.9569,1
Chipping Sparrow,Spizella passerina,2026-04-25T12:02:52Z,25-Apr-2026,08:02:52,0.32,1
Chipping Sparrow,Spizella passerina,2026-04-25T12:02:12Z,25-Apr-2026,08:02:12,0.33,1
Northern Cardinal,Cardinalis cardinalis,2026-04-25T12:00:55Z,25-Apr-2026,08:00:55,0.8157,3
Purple Finch,Haemorhous purpureus,2026-04-25T12:00:39Z,25-Apr-2026,08:00:39,0.42,1
Purple Finch,Haemorhous purpureus,2026-04-25T12:00:19Z,25-Apr-2026,08:00:19,0.44,1
Northern Cardinal,Cardinalis cardinalis,2026-04-25T11:59:53Z,25-Apr-2026,07:59:53,0.9176,1
Northern Cardinal,Cardinalis cardinalis,2026-04-25T11:58:19Z,25-Apr-2026,07:58:19,0.8471,7
Tree Swallow,Tachycineta bicolor,2026-04-25T11:57:03Z,25-Apr-2026,07:57:03,0.33,1
Northern Cardinal,Cardinalis cardinalis,2026-04-25T11:56:22Z,25-Apr-2026,07:56:22,0.8471,3
Warbling Vireo,Vireo gilvus,2026-04-25T11:55:37Z,25-Apr-2026,07:55:37,0.27,1
Warbling Vireo,Vireo gilvus,2026-04-25T11:55:31Z,25-Apr-2026,07:55:31,0.4,1
Northern Cardinal,Cardinalis cardinalis,2026-04-25T11:55:21Z,25-Apr-2026,07:55:21,0.8157,6
Northern Cardinal,Cardinalis cardinalis,2026-04-25T11:54:01Z,25-Apr-2026,07:54:01,0.8745,6
Northern Cardinal,Cardinalis cardinalis,2026-04-25T11:52:55Z,25-Apr-2026,07:52:55,0.7804,7
American Robin,Turdus migratorius,2026-04-25T11:52:00Z,25-Apr-2026,07:52:00,0.7804,1
Northern Cardinal,Cardinalis cardinalis,2026-04-25T11:50:40Z,25-Apr-2026,07:50:40,0.9176,3
Northern Cardinal,Cardinalis cardinalis,2026-04-25T11:49:33Z,25-Apr-2026,07:49:33,0.9647,1
Northern Cardinal,Cardinalis cardinalis,2026-04-25T11:48:25Z,25-Apr-2026,07:48:25,0.8314,1
Northern Cardinal,Cardinalis cardinalis,2026-04-25T11:39:09Z,25-Apr-2026,07:39:09,0.8157,1
European Starling,Sturnus vulgaris,2026-04-25T11:37:10Z,25-Apr-2026,07:37:10,0.9765,1
Common Grackle,Quiscalus quiscula,2026-04-25T11:35:59Z,25-Apr-2026,07:35:59,0.8471,5
Blue Jay,Cyanocitta cristata,2026-04-25T11:35:06Z,25-Apr-2026,07:35:06,0.8,6
Blue Jay,Cyanocitta cristata,2026-04-25T11:34:38Z,25-Apr-2026,07:34:38,0.34,1
Blue Jay,Cyanocitta cristata,2026-04-25T11:34:05Z,25-Apr-2026,07:34:05,0.8314,3
Common Grackle,Quiscalus quiscula,2026-04-25T11:32:08Z,25-Apr-2026,07:32:08,0.35,1
Common Grackle,Quiscalus quiscula,2026-04-25T11:31:34Z,25-Apr-2026,07:31:34,0.9569,1
Blue Jay,Cyanocitta cristata,2026-04-25T11:31:00Z,25-Apr-2026,07:31:00,0.8627,12
Common Grackle,Quiscalus quiscula,2026-04-25T11:30:37Z,25-Apr-2026,07:30:37,0.35,1
Blue Jay,Cyanocitta cristata,2026-04-25T11:30:30Z,25-Apr-2026,07:30:30,0.32,1
Blue Jay,Cyanocitta cristata,2026-04-25T11:29:45Z,25-Apr-2026,07:29:45,0.8863,2
Tree Swallow,Tachycineta bicolor,2026-04-25T11:29:01Z,25-Apr-2026,07:29:01,0.52,1
Blue Jay,Cyanocitta cristata,2026-04-25T11:28:43Z,25-Apr-2026,07:28:43,0.5,1
Blue Jay,Cyanocitta cristata,2026-04-25T11:28:24Z,25-Apr-2026,07:28:24,0.8,6
Purple Finch,Haemorhous purpureus,2026-04-25T11:28:20Z,25-Apr-2026,07:28:20,0.7,1
Blue Jay,Cyanocitta cristata,2026-04-25T11:28:07Z,25-Apr-2026,07:28:07,0.47,1
Blue Jay,Cyanocitta cristata,2026-04-25T11:27:41Z,25-Apr-2026,07:27:41,0.54,1
Blue Jay,Cyanocitta cristata,2026-04-25T11:27:13Z,25-Apr-2026,07:27:13,0.8471,1
Purple Finch,Haemorhous purpureus,2026-04-25T11:27:10Z,25-Apr-2026,07:27:10,0.36,1
Purple Finch,Haemorhous purpureus,2026-04-25T11:26:35Z,25-Apr-2026,07:26:35,0.33,1
Purple Finch,Haemorhous purpureus,2026-04-25T11:26:29Z,25-Apr-2026,07:26:29,0.75,1
Purple Finch,Haemorhous purpureus,2026-04-25T11:26:10Z,25-Apr-2026,07:26:10,0.3,1
Purple Finch,Haemorhous purpureus,2026-04-25T11:26:03Z,25-Apr-2026,07:26:03,0.32,1
Purple Finch,Haemorhous purpureus,2026-04-25T11:25:50Z,25-Apr-2026,07:25:50,0.7,1
Purple Finch,Haemorhous purpureus,2026-04-25T11:25:40Z,25-Apr-2026,07:25:40,0.48,1
Purple Finch,Haemorhous purpureus,2026-04-25T11:25:18Z,25-Apr-2026,07:25:18,0.48,1
Purple Finch,Haemorhous purpureus,2026-04-25T11:24:52Z,25-Apr-2026,07:24:52,0.35,1
Tree Swallow,Tachycineta bicolor,2026-04-25T11:24:13Z,25-Apr-2026,07:24:13,0.43,1
Red-shouldered Hawk,Buteo lineatus,2026-04-25T11:23:44Z,25-Apr-2026,07:23:44,0.32,1
Northern Flicker,Colaptes auratus,2026-04-25T11:22:56Z,25-Apr-2026,07:22:56,0.6,1
Pileated Woodpecker,Dryocopus pileatus,2026-04-25T11:22:50Z,25-Apr-2026,07:22:50,0.47,1
Dark-eyed Junco,Junco hyemalis,2026-04-25T11:21:37Z,25-Apr-2026,07:21:37,0.9765,1
Song Sparrow,Melospiza melodia,2026-04-25T11:21:18Z,25-Apr-2026,07:21:18,0.898,1
Song Sparrow,Melospiza melodia,2026-04-25T11:21:02Z,25-Apr-2026,07:21:02,0.33,1
Evening Grosbeak,Coccothraustes vespertinus,2026-04-25T11:19:09Z,25-Apr-2026,07:19:09,0.28,1
Evening Grosbeak,Coccothraustes vespertinus,2026-04-25T11:19:00Z,25-Apr-2026,07:19:00,0.82,1
Blue Jay,Cyanocitta cristata,2026-04-25T11:18:50Z,25-Apr-2026,07:18:50,0.8157,1
Evening Grosbeak,Coccothraustes vespertinus,2026-04-25T11:18:44Z,25-Apr-2026,07:18:44,0.92,1
Blue Jay,Cyanocitta cristata,2026-04-25T11:18:31Z,25-Apr-2026,07:18:31,0.33,1
Dark-eyed Junco,Junco hyemalis,2026-04-25T11:17:09Z,25-Apr-2026,07:17:09,0.7804,1
Common Grackle,Quiscalus quiscula,2026-04-25T11:13:06Z,25-Apr-2026,07:13:06,0.8,3
Common Grackle,Quiscalus quiscula,2026-04-25T11:10:06Z,25-Apr-2026,07:10:06,0.8863,1
Song Sparrow,Melospiza melodia,2026-04-25T11:07:43Z,25-Apr-2026,07:07:43,0.8745,1
Blue Jay,Cyanocitta cristata,2026-04-25T11:07:33Z,25-Apr-2026,07:07:33,0.32,1
Blue Jay,Cyanocitta cristata,2026-04-25T11:07:30Z,25-Apr-2026,07:07:30,0.898,1
Song Sparrow,Melospiza melodia,2026-04-25T11:06:43Z,25-Apr-2026,07:06:43,0.34,1
Blue Jay,Cyanocitta cristata,2026-04-25T10:58:29Z,25-Apr-2026,06:58:29,0.27,1
White-breasted Nuthatch,Sitta carolinensis,2026-04-25T10:58:23Z,25-Apr-2026,06:58:23,0.77,1
Eastern Phoebe,Sayornis phoebe,2026-04-25T10:58:00Z,25-Apr-2026,06:58:00,0.51,1
Northern Cardinal,Cardinalis cardinalis,2026-04-25T10:56:37Z,25-Apr-2026,06:56:37,0.8471,2
Northern Cardinal,Cardinalis cardinalis,2026-04-25T10:55:51Z,25-Apr-2026,06:55:51,0.27,1
Northern Cardinal,Cardinalis cardinalis,2026-04-25T10:55:20Z,25-Apr-2026,06:55:20,0.7804,1
Broad-winged Hawk,Buteo platypterus,2026-04-25T10:53:50Z,25-Apr-2026,06:53:50,0.76,1
Blue Jay,Cyanocitta cristata,2026-04-25T10:52:31Z,25-Apr-2026,06:52:31,0.33,1
Blue Jay,Cyanocitta cristata,2026-04-25T10:52:22Z,25-Apr-2026,06:52:22,0.39,1
Blue Jay,Cyanocitta cristata,2026-04-25T10:52:19Z,25-Apr-2026,06:52:19,0.8471,8
Song Sparrow,Melospiza melodia,2026-04-25T10:52:06Z,25-Apr-2026,06:52:06,0.8157,1
Blue Jay,Cyanocitta cristata,2026-04-25T10:51:56Z,25-Apr-2026,06:51:56,0.29,1
Blue Jay,Cyanocitta cristata,2026-04-25T10:51:34Z,25-Apr-2026,06:51:34,0.3,1
Blue Jay,Cyanocitta cristata,2026-04-25T10:51:18Z,25-Apr-2026,06:51:18,0.34,1
Blue Jay,Cyanocitta cristata,2026-04-25T10:50:58Z,25-Apr-2026,06:50:58,0.8745,1
American Crow,Corvus brachyrhynchos,2026-04-25T10:49:21Z,25-Apr-2026,06:49:21,0.9412,4
American Crow,Corvus brachyrhynchos,2026-04-25T10:48:19Z,25-Apr-2026,06:48:19,0.8,6
Northern Cardinal,Cardinalis cardinalis,2026-04-25T10:47:31Z,25-Apr-2026,06:47:31,0.7804,10
American Crow,Corvus brachyrhynchos,2026-04-25T10:47:12Z,25-Apr-2026,06:47:12,0.8471,1
American Crow,Corvus brachyrhynchos,2026-04-25T10:47:02Z,25-Apr-2026,06:47:02,0.38,1
American Crow,Corvus brachyrhynchos,2026-04-25T10:46:56Z,25-Apr-2026,06:46:56,0.41,1
Northern Cardinal,Cardinalis cardinalis,2026-04-25T10:45:56Z,25-Apr-2026,06:45:56,0.9333,19
Northern Cardinal,Cardinalis cardinalis,2026-04-25T10:44:53Z,25-Apr-2026,06:44:53,0.8745,2
Gray Catbird,Dumetella carolinensis,2026-04-25T10:44:47Z,25-Apr-2026,06:44:47,0.8314,1
Northern Cardinal,Cardinalis cardinalis,2026-04-25T10:43:34Z,25-Apr-2026,06:43:34,0.898,1
White-breasted Nuthatch,Sitta carolinensis,2026-04-25T10:41:31Z,25-Apr-2026,06:41:31,0.86,1
White-breasted Nuthatch,Sitta carolinensis,2026-04-25T10:41:18Z,25-Apr-2026,06:41:18,0.38,1
White-breasted Nuthatch,Sitta carolinensis,2026-04-25T10:41:12Z,25-Apr-2026,06:41:12,0.69,1
White-breasted Nuthatch,Sitta carolinensis,2026-04-25T10:41:05Z,25-Apr-2026,06:41:05,0.83,1
White-breasted Nuthatch,Sitta carolinensis,2026-04-25T10:40:59Z,25-Apr-2026,06:40:59,0.57,1
White-breasted Nuthatch,Sitta carolinensis,2026-04-25T10:40:53Z,25-Apr-2026,06:40:53,0.45,1
Tree Swallow,Tachycineta bicolor,2026-04-25T10:40:33Z,25-Apr-2026,06:40:33,0.44,1
White-breasted Nuthatch,Sitta carolinensis,2026-04-25T10:40:27Z,25-Apr-2026,06:40:27,0.41,1
White-breasted Nuthatch,Sitta carolinensis,2026-04-25T10:40:21Z,25-Apr-2026,06:40:21,0.57,1
White-breasted Nuthatch,Sitta carolinensis,2026-04-25T10:40:14Z,25-Apr-2026,06:40:14,0.76,1
Tufted Titmouse,Baeolophus bicolor,2026-04-25T10:39:43Z,25-Apr-2026,06:39:43,0.34,1
Tufted Titmouse,Baeolophus bicolor,2026-04-25T10:39:11Z,25-Apr-2026,06:39:11,0.37,1
White-breasted Nuthatch,Sitta carolinensis,2026-04-25T10:39:04Z,25-Apr-2026,06:39:04,0.52,1
White-breasted Nuthatch,Sitta carolinensis,2026-04-25T10:38:58Z,25-Apr-2026,06:38:58,0.57,1
White-breasted Nuthatch,Sitta carolinensis,2026-04-25T10:38:51Z,25-Apr-2026,06:38:51,0.7,1
White-breasted Nuthatch,Sitta carolinensis,2026-04-25T10:38:45Z,25-Apr-2026,06:38:45,0.7,1
White-breasted Nuthatch,Sitta carolinensis,2026-04-25T10:38:39Z,25-Apr-2026,06:38:39,0.8,1
White-breasted Nuthatch,Sitta carolinensis,2026-04-25T10:38:32Z,25-Apr-2026,06:38:32,0.74,1
White-breasted Nuthatch,Sitta carolinensis,2026-04-25T10:38:26Z,25-Apr-2026,06:38:26,0.49,1
White-breasted Nuthatch,Sitta carolinensis,2026-04-25T10:38:13Z,25-Apr-2026,06:38:13,0.86,1
White-breasted Nuthatch,Sitta carolinensis,2026-04-25T10:38:07Z,25-Apr-2026,06:38:07,0.64,1
White-breasted Nuthatch,Sitta carolinensis,2026-04-25T10:38:00Z,25-Apr-2026,06:38:00,0.55,1
White-breasted Nuthatch,Sitta carolinensis,2026-04-25T10:37:54Z,25-Apr-2026,06:37:54,0.93,1
White-breasted Nuthatch,Sitta carolinensis,2026-04-25T10:37:48Z,25-Apr-2026,06:37:48,0.39,1
White-breasted Nuthatch,Sitta carolinensis,2026-04-25T10:37:34Z,25-Apr-2026,06:37:34,0.96,1
White-breasted Nuthatch,Sitta carolinensis,2026-04-25T10:37:28Z,25-Apr-2026,06:37:28,0.68,1
White-breasted Nuthatch,Sitta carolinensis,2026-04-25T10:37:21Z,25-Apr-2026,06:37:21,0.65,1
White-breasted Nuthatch,Sitta carolinensis,2026-04-25T10:37:15Z,25-Apr-2026,06:37:15,0.6,1
American Goldfinch,Spinus tristis,2026-04-25T10:34:09Z,25-Apr-2026,06:34:09,0.8627,1
Northern Cardinal,Cardinalis cardinalis,2026-04-25T10:34:06Z,25-Apr-2026,06:34:06,0.8157,2
Carolina Wren,Thryothorus ludovicianus,2026-04-25T10:33:50Z,25-Apr-2026,06:33:50,0.36,1
American Crow,Corvus brachyrhynchos,2026-04-25T10:33:30Z,25-Apr-2026,06:33:30,0.28,1
American Crow,Corvus brachyrhynchos,2026-04-25T10:33:21Z,25-Apr-2026,06:33:21,0.8,1
Northern Cardinal,Cardinalis cardinalis,2026-04-25T10:32:58Z,25-Apr-2026,06:32:58,0.8314,1
Tufted Titmouse,Baeolophus bicolor,2026-04-25T10:30:48Z,25-Apr-2026,06:30:48,0.8157,1
Blue Jay,Cyanocitta cristata,2026-04-25T10:29:16Z,25-Apr-2026,06:29:16,0.29,1
Song Sparrow,Melospiza melodia,2026-04-25T10:29:13Z,25-Apr-2026,06:29:13,0.7804,1
Red-shouldered Hawk,Buteo lineatus,2026-04-25T10:19:45Z,25-Apr-2026,06:19:45,0.62,1
Blue Jay,Cyanocitta cristata,2026-04-25T10:19:07Z,25-Apr-2026,06:19:07,0.28,1
American Crow,Corvus brachyrhynchos,2026-04-25T10:18:00Z,25-Apr-2026,06:18:00,0.8745,5
American Crow,Corvus brachyrhynchos,2026-04-25T10:17:41Z,25-Apr-2026,06:17:41,0.27,1
American Crow,Corvus brachyrhynchos,2026-04-25T10:16:40Z,25-Apr-2026,06:16:40,0.8471,1
Evening Grosbeak,Coccothraustes vespertinus,2026-04-25T10:15:25Z,25-Apr-2026,06:15:25,0.82,1
Evening Grosbeak,Coccothraustes vespertinus,2026-04-25T10:15:18Z,25-Apr-2026,06:15:18,0.95,1
Evening Grosbeak,Coccothraustes vespertinus,2026-04-25T10:15:09Z,25-Apr-2026,06:15:09,0.68,1
Evening Grosbeak,Coccothraustes vespertinus,2026-04-25T10:15:03Z,25-Apr-2026,06:15:03,0.96,1
Evening Grosbeak,Coccothraustes vespertinus,2026-04-25T10:14:49Z,25-Apr-2026,06:14:49,0.88,1
Evening Grosbeak,Coccothraustes vespertinus,2026-04-25T10:14:43Z,25-Apr-2026,06:14:43,0.9,1
Evening Grosbeak,Coccothraustes vespertinus,2026-04-25T10:14:36Z,25-Apr-2026,06:14:36,0.97,1
Evening Grosbeak,Coccothraustes vespertinus,2026-04-25T10:14:30Z,25-Apr-2026,06:14:30,0.95,1
Evening Grosbeak,Coccothraustes vespertinus,2026-04-25T10:14:24Z,25-Apr-2026,06:14:24,0.97,1
Evening Grosbeak,Coccothraustes vespertinus,2026-04-25T10:14:17Z,25-Apr-2026,06:14:17,0.75,1
Evening Grosbeak,Coccothraustes vespertinus,2026-04-25T10:14:10Z,25-Apr-2026,06:14:10,0.95,1
Evening Grosbeak,Coccothraustes vespertinus,2026-04-25T10:14:03Z,25-Apr-2026,06:14:03,0.84,1
Evening Grosbeak,Coccothraustes vespertinus,2026-04-25T10:13:54Z,25-Apr-2026,06:13:54,0.76,1
Evening Grosbeak,Coccothraustes vespertinus,2026-04-25T10:13:48Z,25-Apr-2026,06:13:48,0.97,1
Evening Grosbeak,Coccothraustes vespertinus,2026-04-25T10:13:41Z,25-Apr-2026,06:13:41,0.8,1
Evening Grosbeak,Coccothraustes vespertinus,2026-04-25T10:13:35Z,25-Apr-2026,06:13:35,0.26,1
Evening Grosbeak,Coccothraustes vespertinus,2026-04-25T10:13:26Z,25-Apr-2026,06:13:26,0.34,1
Evening Grosbeak,Coccothraustes vespertinus,2026-04-25T10:13:12Z,25-Apr-2026,06:13:12,0.78,1
Evening Grosbeak,Coccothraustes vespertinus,2026-04-25T10:13:03Z,25-Apr-2026,06:13:03,0.7,1
Evening Grosbeak,Coccothraustes vespertinus,2026-04-25T10:12:57Z,25-Apr-2026,06:12:57,0.41,1
Evening Grosbeak,Coccothraustes vespertinus,2026-04-25T10:12:50Z,25-Apr-2026,06:12:50,0.56,1
American Crow,Corvus brachyrhynchos,2026-04-25T10:12:43Z,25-Apr-2026,06:12:43,0.9176,2
Song Sparrow,Melospiza melodia,2026-04-25T10:11:16Z,25-Apr-2026,06:11:16,0.8863,1
Northern Flicker,Colaptes auratus,2026-04-25T10:10:51Z,25-Apr-2026,06:10:51,0.28,1
American Crow,Corvus brachyrhynchos,2026-04-25T10:09:35Z,25-Apr-2026,06:09:35,0.8863,5
American Crow,Corvus brachyrhynchos,2026-04-25T10:08:25Z,25-Apr-2026,06:08:25,0.8863,1
American Crow,Corvus brachyrhynchos,2026-04-25T10:06:24Z,25-Apr-2026,06:06:24,0.5,1
American Crow,Corvus brachyrhynchos,2026-04-25T10:06:21Z,25-Apr-2026,06:06:21,0.8,2
American Crow,Corvus brachyrhynchos,2026-04-25T10:04:39Z,25-Apr-2026,06:04:39,0.8627,2
American Crow,Corvus brachyrhynchos,2026-04-25T10:02:54Z,25-Apr-2026,06:02:54,0.8157,1
Evening Grosbeak,Coccothraustes vespertinus,2026-04-25T10:01:57Z,25-Apr-2026,06:01:57,0.76,1
Evening Grosbeak,Coccothraustes vespertinus,2026-04-25T10:01:51Z,25-Apr-2026,06:01:51,0.69,1
Ovenbird,Seiurus aurocapilla,2026-04-25T10:01:19Z,25-Apr-2026,06:01:19,0.32,1
Evening Grosbeak,Coccothraustes vespertinus,2026-04-25T10:01:00Z,25-Apr-2026,06:01:00,0.61,1
Northern Flicker,Colaptes auratus,2026-04-25T10:00:53Z,25-Apr-2026,06:00:53,0.74,1
Northern Flicker,Colaptes auratus,2026-04-25T10:00:47Z,25-Apr-2026,06:00:47,0.73,1
Northern Flicker,Colaptes auratus,2026-04-25T10:00:28Z,25-Apr-2026,06:00:28,0.83,1
American Robin,Turdus migratorius,2026-04-25T09:59:12Z,25-Apr-2026,05:59:12,0.3,1
American Robin,Turdus migratorius,2026-04-25T09:59:00Z,25-Apr-2026,05:59:00,0.8745,1
Song Sparrow,Melospiza melodia,2026-04-25T09:57:25Z,25-Apr-2026,05:57:25,0.8471,1
Northern Flicker,Colaptes auratus,2026-04-25T09:56:25Z,25-Apr-2026,05:56:25,0.78,1
Northern Flicker,Colaptes auratus,2026-04-25T09:55:53Z,25-Apr-2026,05:55:53,0.8,1
Northern Flicker,Colaptes auratus,2026-04-25T09:55:46Z,25-Apr-2026,05:55:46,0.55,1
Northern Flicker,Colaptes auratus,2026-04-25T09:55:30Z,25-Apr-2026,05:55:30,0.29,1
Northern Flicker,Colaptes auratus,2026-04-25T09:55:24Z,25-Apr-2026,05:55:24,0.27,1
Downy Woodpecker,Dryobates pubescens,2026-04-25T09:55:20Z,25-Apr-2026,05:55:20,0.8157,1
Northern Flicker,Colaptes auratus,2026-04-25T09:54:43Z,25-Apr-2026,05:54:43,0.54,1
Northern Flicker,Colaptes auratus,2026-04-25T09:54:17Z,25-Apr-2026,05:54:17,0.46,1
Northern Flicker,Colaptes auratus,2026-04-25T09:53:45Z,25-Apr-2026,05:53:45,0.55,1
Northern Flicker,Colaptes auratus,2026-04-25T09:53:39Z,25-Apr-2026,05:53:39,0.58,1
Barred Owl,Strix varia,2026-04-25T09:53:26Z,25-Apr-2026,05:53:26,0.35,1
Northern Flicker,Colaptes auratus,2026-04-25T09:52:53Z,25-Apr-2026,05:52:53,0.4,1
Northern Flicker,Colaptes auratus,2026-04-25T09:51:45Z,25-Apr-2026,05:51:45,0.36,1
American Robin,Turdus migratorius,2026-04-25T09:48:08Z,25-Apr-2026,05:48:08,0.8157,1
American Crow,Corvus brachyrhynchos,2026-04-25T09:47:30Z,25-Apr-2026,05:47:30,0.8314,1
Barred Owl,Strix varia,2026-04-25T09:46:50Z,25-Apr-2026,05:46:50,0.36,1
Downy Woodpecker,Dryobates pubescens,2026-04-25T09:40:10Z,25-Apr-2026,05:40:10,0.7804,1
Northern Flicker,Colaptes auratus,2026-04-25T09:38:28Z,25-Apr-2026,05:38:28,0.84,1
Northern Flicker,Colaptes auratus,2026-04-25T09:37:26Z,25-Apr-2026,05:37:26,0.96,1
Northern Flicker,Colaptes auratus,2026-04-25T09:36:06Z,25-Apr-2026,05:36:06,0.93,1
Northern Flicker,Colaptes auratus,2026-04-25T09:35:59Z,25-Apr-2026,05:35:59,0.66,1
Northern Flicker,Colaptes auratus,2026-04-25T09:35:32Z,25-Apr-2026,05:35:32,0.67,1
Black-capped Chickadee,Poecile atricapillus,2026-04-25T09:31:50Z,25-Apr-2026,05:31:50,0.8,2
White-breasted Nuthatch,Sitta carolinensis,2026-04-25T09:31:15Z,25-Apr-2026,05:31:15,0.45,1
Black-capped Chickadee,Poecile atricapillus,2026-04-25T09:30:32Z,25-Apr-2026,05:30:32,0.8471,1
Song Sparrow,Melospiza melodia,2026-04-25T09:30:13Z,25-Apr-2026,05:30:13,0.7804,1
Black-capped Chickadee,Poecile atricapillus,2026-04-25T09:30:07Z,25-Apr-2026,05:30:07,0.31,1
Eastern Phoebe,Sayornis phoebe,2026-04-25T09:28:40Z,25-Apr-2026,05:28:40,0.85,1
Eastern Phoebe,Sayornis phoebe,2026-04-25T09:28:33Z,25-Apr-2026,05:28:33,0.64,1
Eastern Phoebe,Sayornis phoebe,2026-04-25T09:28:27Z,25-Apr-2026,05:28:27,0.38,1
Eastern Phoebe,Sayornis phoebe,2026-04-25T09:28:21Z,25-Apr-2026,05:28:21,0.64,1
Eastern Phoebe,Sayornis phoebe,2026-04-25T09:28:07Z,25-Apr-2026,05:28:07,0.53,1
Eastern Phoebe,Sayornis phoebe,2026-04-25T09:28:01Z,25-Apr-2026,05:28:01,0.52,1
Eastern Phoebe,Sayornis phoebe,2026-04-25T09:27:54Z,25-Apr-2026,05:27:54,0.76,1
Eastern Phoebe,Sayornis phoebe,2026-04-25T09:27:48Z,25-Apr-2026,05:27:48,0.32,1
Eastern Phoebe,Sayornis phoebe,2026-04-25T09:27:41Z,25-Apr-2026,05:27:41,0.53,1
Eastern Phoebe,Sayornis phoebe,2026-04-25T09:27:35Z,25-Apr-2026,05:27:35,0.44,1
Eastern Phoebe,Sayornis phoebe,2026-04-25T09:27:22Z,25-Apr-2026,05:27:22,0.32,1
Eastern Phoebe,Sayornis phoebe,2026-04-25T09:27:16Z,25-Apr-2026,05:27:16,0.36,1
Eastern Phoebe,Sayornis phoebe,2026-04-25T09:27:09Z,25-Apr-2026,05:27:09,0.7,1
Eastern Phoebe,Sayornis phoebe,2026-04-25T09:27:03Z,25-Apr-2026,05:27:03,0.88,1
Eastern Phoebe,Sayornis phoebe,2026-04-25T09:26:56Z,25-Apr-2026,05:26:56,0.82,1
Eastern Phoebe,Sayornis phoebe,2026-04-25T09:26:50Z,25-Apr-2026,05:26:50,0.53,1
Eastern Phoebe,Sayornis phoebe,2026-04-25T09:26:36Z,25-Apr-2026,05:26:36,0.37,1
Eastern Phoebe,Sayornis phoebe,2026-04-25T09:26:24Z,25-Apr-2026,05:26:24,0.86,1
Eastern Phoebe,Sayornis phoebe,2026-04-25T09:26:17Z,25-Apr-2026,05:26:17,0.77,1
Eastern Phoebe,Sayornis phoebe,2026-04-25T09:26:11Z,25-Apr-2026,05:26:11,0.27,1
Eastern Phoebe,Sayornis phoebe,2026-04-25T09:25:58Z,25-Apr-2026,05:25:58,0.82,1
Eastern Phoebe,Sayornis phoebe,2026-04-25T09:25:52Z,25-Apr-2026,05:25:52,0.91,1
Eastern Phoebe,Sayornis phoebe,2026-04-25T09:25:45Z,25-Apr-2026,05:25:45,0.61,1
Eastern Phoebe,Sayornis phoebe,2026-04-25T09:25:39Z,25-Apr-2026,05:25:39,0.6,1
Eastern Phoebe,Sayornis phoebe,2026-04-25T09:25:26Z,25-Apr-2026,05:25:26,0.7,1
Eastern Phoebe,Sayornis phoebe,2026-04-25T09:25:20Z,25-Apr-2026,05:25:20,0.84,1
Eastern Phoebe,Sayornis phoebe,2026-04-25T09:25:13Z,25-Apr-2026,05:25:13,0.39,1
Eastern Phoebe,Sayornis phoebe,2026-04-25T09:25:07Z,25-Apr-2026,05:25:07,0.35,1
Eastern Phoebe,Sayornis phoebe,2026-04-25T09:25:00Z,25-Apr-2026,05:25:00,0.39,1
Eastern Phoebe,Sayornis phoebe,2026-04-25T09:24:54Z,25-Apr-2026,05:24:54,0.75,1
Eastern Phoebe,Sayornis phoebe,2026-04-25T09:24:48Z,25-Apr-2026,05:24:48,0.41,1
Eastern Phoebe,Sayornis phoebe,2026-04-25T09:24:41Z,25-Apr-2026,05:24:41,0.85,1
Eastern Phoebe,Sayornis phoebe,2026-04-25T09:24:35Z,25-Apr-2026,05:24:35,0.87,1
Eastern Phoebe,Sayornis phoebe,2026-04-25T09:24:29Z,25-Apr-2026,05:24:29,0.38,1
Eastern Phoebe,Sayornis phoebe,2026-04-25T09:24:22Z,25-Apr-2026,05:24:22,0.9,1
Eastern Phoebe,Sayornis phoebe,2026-04-25T09:24:16Z,25-Apr-2026,05:24:16,0.75,1
Eastern Phoebe,Sayornis phoebe,2026-04-25T09:24:09Z,25-Apr-2026,05:24:09,0.5,1
Eastern Phoebe,Sayornis phoebe,2026-04-25T09:23:57Z,25-Apr-2026,05:23:57,0.65,1
Eastern Phoebe,Sayornis phoebe,2026-04-25T09:23:44Z,25-Apr-2026,05:23:44,0.49,1
Eastern Phoebe,Sayornis phoebe,2026-04-25T09:23:31Z,25-Apr-2026,05:23:31,0.86,1
Eastern Phoebe,Sayornis phoebe,2026-04-25T09:23:24Z,25-Apr-2026,05:23:24,0.54,1
Eastern Phoebe,Sayornis phoebe,2026-04-25T09:23:17Z,25-Apr-2026,05:23:17,0.61,1
Eastern Phoebe,Sayornis phoebe,2026-04-25T09:23:11Z,25-Apr-2026,05:23:11,0.38,1
Eastern Phoebe,Sayornis phoebe,2026-04-25T09:23:05Z,25-Apr-2026,05:23:05,0.46,1
Eastern Phoebe,Sayornis phoebe,2026-04-25T09:22:58Z,25-Apr-2026,05:22:58,0.28,1
Eastern Phoebe,Sayornis phoebe,2026-04-25T09:22:52Z,25-Apr-2026,05:22:52,0.69,1
Eastern Phoebe,Sayornis phoebe,2026-04-25T09:22:45Z,25-Apr-2026,05:22:45,0.73,1
Eastern Phoebe,Sayornis phoebe,2026-04-25T09:22:39Z,25-Apr-2026,05:22:39,0.52,1
Eastern Phoebe,Sayornis phoebe,2026-04-25T09:22:33Z,25-Apr-2026,05:22:33,0.74,1
Eastern Phoebe,Sayornis phoebe,2026-04-25T09:22:26Z,25-Apr-2026,05:22:26,0.65,1
Eastern Phoebe,Sayornis phoebe,2026-04-25T09:22:19Z,25-Apr-2026,05:22:19,0.78,1
Eastern Phoebe,Sayornis phoebe,2026-04-25T09:22:13Z,25-Apr-2026,05:22:13,0.34,1
Eastern Phoebe,Sayornis phoebe,2026-04-25T09:22:06Z,25-Apr-2026,05:22:06,0.58,1
Eastern Phoebe,Sayornis phoebe,2026-04-25T09:22:00Z,25-Apr-2026,05:22:00,0.5,1
Eastern Phoebe,Sayornis phoebe,2026-04-25T09:21:53Z,25-Apr-2026,05:21:53,0.83,1
Eastern Phoebe,Sayornis phoebe,2026-04-25T09:21:46Z,25-Apr-2026,05:21:46,0.5,1
Eastern Phoebe,Sayornis phoebe,2026-04-25T09:21:39Z,25-Apr-2026,05:21:39,0.57,1
Eastern Phoebe,Sayornis phoebe,2026-04-25T09:21:33Z,25-Apr-2026,05:21:33,0.54,1
Eastern Phoebe,Sayornis phoebe,2026-04-25T09:21:27Z,25-Apr-2026,05:21:27,0.42,1
Eastern Phoebe,Sayornis phoebe,2026-04-25T09:21:20Z,25-Apr-2026,05:21:20,0.72,1
Eastern Phoebe,Sayornis phoebe,2026-04-25T09:21:14Z,25-Apr-2026,05:21:14,0.71,1
Eastern Phoebe,Sayornis phoebe,2026-04-25T09:21:07Z,25-Apr-2026,05:21:07,0.27,1
Eastern Phoebe,Sayornis phoebe,2026-04-25T09:21:01Z,25-Apr-2026,05:21:01,0.67,1
Eastern Phoebe,Sayornis phoebe,2026-04-25T09:20:54Z,25-Apr-2026,05:20:54,0.5,1
Eastern Phoebe,Sayornis phoebe,2026-04-25T09:20:48Z,25-Apr-2026,05:20:48,0.29,1
Eastern Phoebe,Sayornis phoebe,2026-04-25T09:20:42Z,25-Apr-2026,05:20:42,0.71,1
Eastern Phoebe,Sayornis phoebe,2026-04-25T09:20:35Z,25-Apr-2026,05:20:35,0.41,1
Eastern Phoebe,Sayornis phoebe,2026-04-25T09:20:28Z,25-Apr-2026,05:20:28,0.72,1
Eastern Phoebe,Sayornis phoebe,2026-04-25T09:20:22Z,25-Apr-2026,05:20:22,0.5,1
Eastern Phoebe,Sayornis phoebe,2026-04-25T09:20:15Z,25-Apr-2026,05:20:15,0.78,1
Eastern Phoebe,Sayornis phoebe,2026-04-25T09:20:09Z,25-Apr-2026,05:20:09,0.66,1
Eastern Phoebe,Sayornis phoebe,2026-04-25T09:20:03Z,25-Apr-2026,05:20:03,0.4,1
Eastern Phoebe,Sayornis phoebe,2026-04-25T09:19:56Z,25-Apr-2026,05:19:56,0.46,1
Eastern Phoebe,Sayornis phoebe,2026-04-25T09:19:50Z,25-Apr-2026,05:19:50,0.63,1
Eastern Phoebe,Sayornis phoebe,2026-04-25T09:19:44Z,25-Apr-2026,05:19:44,0.35,1
Eastern Phoebe,Sayornis phoebe,2026-04-25T09:19:37Z,25-Apr-2026,05:19:37,0.59,1
Eastern Phoebe,Sayornis phoebe,2026-04-25T09:19:31Z,25-Apr-2026,05:19:31,0.87,1
Eastern Phoebe,Sayornis phoebe,2026-04-25T09:19:24Z,25-Apr-2026,05:19:24,0.68,1
Eastern Phoebe,Sayornis phoebe,2026-04-25T09:19:18Z,25-Apr-2026,05:19:18,0.45,1
Eastern Phoebe,Sayornis phoebe,2026-04-25T09:19:12Z,25-Apr-2026,05:19:12,0.68,1
Eastern Phoebe,Sayornis phoebe,2026-04-25T09:19:05Z,25-Apr-2026,05:19:05,0.76,1
Eastern Phoebe,Sayornis phoebe,2026-04-25T09:18:59Z,25-Apr-2026,05:18:59,0.55,1
Eastern Phoebe,Sayornis phoebe,2026-04-25T09:18:53Z,25-Apr-2026,05:18:53,0.79,1
Eastern Phoebe,Sayornis phoebe,2026-04-25T09:18:46Z,25-Apr-2026,05:18:46,0.64,1
Eastern Phoebe,Sayornis phoebe,2026-04-25T09:18:40Z,25-Apr-2026,05:18:40,0.27,1
Eastern Phoebe,Sayornis phoebe,2026-04-25T09:18:33Z,25-Apr-2026,05:18:33,0.77,1
Eastern Phoebe,Sayornis phoebe,2026-04-25T09:18:27Z,25-Apr-2026,05:18:27,0.61,1
Eastern Phoebe,Sayornis phoebe,2026-04-25T09:18:21Z,25-Apr-2026,05:18:21,0.79,1
Eastern Phoebe,Sayornis phoebe,2026-04-25T09:18:14Z,25-Apr-2026,05:18:14,0.91,1
Eastern Phoebe,Sayornis phoebe,2026-04-25T09:18:08Z,25-Apr-2026,05:18:08,0.67,1
Eastern Phoebe,Sayornis phoebe,2026-04-25T09:17:56Z,25-Apr-2026,05:17:56,0.72,1
Eastern Phoebe,Sayornis phoebe,2026-04-25T09:17:49Z,25-Apr-2026,05:17:49,0.32,1
Eastern Phoebe,Sayornis phoebe,2026-04-25T09:17:43Z,25-Apr-2026,05:17:43,0.57,1
Eastern Phoebe,Sayornis phoebe,2026-04-25T09:17:36Z,25-Apr-2026,05:17:36,0.36,1
Eastern Phoebe,Sayornis phoebe,2026-04-25T09:17:30Z,25-Apr-2026,05:17:30,0.43,1
Eastern Phoebe,Sayornis phoebe,2026-04-25T09:17:24Z,25-Apr-2026,05:17:24,0.46,1
Eastern Phoebe,Sayornis phoebe,2026-04-25T09:17:17Z,25-Apr-2026,05:17:17,0.32,1
Eastern Phoebe,Sayornis phoebe,2026-04-25T09:17:11Z,25-Apr-2026,05:17:11,0.53,1
Eastern Phoebe,Sayornis phoebe,2026-04-25T09:17:05Z,25-Apr-2026,05:17:05,0.28,1
Eastern Phoebe,Sayornis phoebe,2026-04-25T09:16:58Z,25-Apr-2026,05:16:58,0.82,1
Eastern Phoebe,Sayornis phoebe,2026-04-25T09:16:46Z,25-Apr-2026,05:16:46,0.56,1
Eastern Phoebe,Sayornis phoebe,2026-04-25T09:16:33Z,25-Apr-2026,05:16:33,0.56,1
Eastern Phoebe,Sayornis phoebe,2026-04-25T09:16:26Z,25-Apr-2026,05:16:26,0.69,1
Eastern Phoebe,Sayornis phoebe,2026-04-25T09:16:19Z,25-Apr-2026,05:16:19,0.4,1
Eastern Phoebe,Sayornis phoebe,2026-04-25T09:16:13Z,25-Apr-2026,05:16:13,0.61,1
Eastern Phoebe,Sayornis phoebe,2026-04-25T09:16:00Z,25-Apr-2026,05:16:00,0.29,1
Eastern Phoebe,Sayornis phoebe,2026-04-25T09:15:54Z,25-Apr-2026,05:15:54,0.62,1
Eastern Phoebe,Sayornis phoebe,2026-04-25T09:15:40Z,25-Apr-2026,05:15:40,0.43,1
Eastern Phoebe,Sayornis phoebe,2026-04-25T09:15:33Z,25-Apr-2026,05:15:33,0.28,1
Eastern Phoebe,Sayornis phoebe,2026-04-25T09:15:27Z,25-Apr-2026,05:15:27,0.64,1
Eastern Phoebe,Sayornis phoebe,2026-04-25T09:15:21Z,25-Apr-2026,05:15:21,0.47,1
Eastern Phoebe,Sayornis phoebe,2026-04-25T09:15:14Z,25-Apr-2026,05:15:14,0.54,1
Eastern Phoebe,Sayornis phoebe,2026-04-25T09:15:00Z,25-Apr-2026,05:15:00,0.46,1
Eastern Phoebe,Sayornis phoebe,2026-04-25T09:14:54Z,25-Apr-2026,05:14:54,0.41,1
Eastern Phoebe,Sayornis phoebe,2026-04-25T09:14:48Z,25-Apr-2026,05:14:48,0.3,1
Eastern Phoebe,Sayornis phoebe,2026-04-25T09:14:28Z,25-Apr-2026,05:14:28,0.39,1
Eastern Phoebe,Sayornis phoebe,2026-04-25T09:14:21Z,25-Apr-2026,05:14:21,0.7,1
Eastern Phoebe,Sayornis phoebe,2026-04-25T09:14:15Z,25-Apr-2026,05:14:15,0.59,1
Eastern Phoebe,Sayornis phoebe,2026-04-25T09:14:09Z,25-Apr-2026,05:14:09,0.37,1
Eastern Phoebe,Sayornis phoebe,2026-04-25T09:14:02Z,25-Apr-2026,05:14:02,0.4,1
Eastern Phoebe,Sayornis phoebe,2026-04-25T09:13:56Z,25-Apr-2026,05:13:56,0.76,1
Eastern Phoebe,Sayornis phoebe,2026-04-25T09:13:50Z,25-Apr-2026,05:13:50,0.49,1
Eastern Phoebe,Sayornis phoebe,2026-04-25T09:13:43Z,25-Apr-2026,05:13:43,0.38,1
Eastern Phoebe,Sayornis phoebe,2026-04-25T09:13:37Z,25-Apr-2026,05:13:37,0.4,1
Eastern Phoebe,Sayornis phoebe,2026-04-25T09:13:30Z,25-Apr-2026,05:13:30,0.4,1
Eastern Phoebe,Sayornis phoebe,2026-04-25T09:13:24Z,25-Apr-2026,05:13:24,0.71,1
Eastern Phoebe,Sayornis phoebe,2026-04-25T09:13:18Z,25-Apr-2026,05:13:18,0.76,1
Eastern Phoebe,Sayornis phoebe,2026-04-25T09:13:11Z,25-Apr-2026,05:13:11,0.52,1
Eastern Phoebe,Sayornis phoebe,2026-04-25T09:13:05Z,25-Apr-2026,05:13:05,0.84,1
Eastern Phoebe,Sayornis phoebe,2026-04-25T09:12:59Z,25-Apr-2026,05:12:59,0.53,1
Eastern Phoebe,Sayornis phoebe,2026-04-25T09:12:52Z,25-Apr-2026,05:12:52,0.37,1
Eastern Phoebe,Sayornis phoebe,2026-04-25T09:12:46Z,25-Apr-2026,05:12:46,0.85,1
Eastern Phoebe,Sayornis phoebe,2026-04-25T09:12:39Z,25-Apr-2026,05:12:39,0.61,1
Eastern Phoebe,Sayornis phoebe,2026-04-25T09:12:33Z,25-Apr-2026,05:12:33,0.6,1
Eastern Phoebe,Sayornis phoebe,2026-04-25T09:12:27Z,25-Apr-2026,05:12:27,0.41,1
Eastern Phoebe,Sayornis phoebe,2026-04-25T09:12:14Z,25-Apr-2026,05:12:14,0.59,1
Eastern Phoebe,Sayornis phoebe,2026-04-25T09:12:07Z,25-Apr-2026,05:12:07,0.41,1
Eastern Phoebe,Sayornis phoebe,2026-04-25T09:12:01Z,25-Apr-2026,05:12:01,0.48,1
Barred Owl,Strix varia,2026-04-25T09:11:54Z,25-Apr-2026,05:11:54,0.65,1
Eastern Phoebe,Sayornis phoebe,2026-04-25T09:11:48Z,25-Apr-2026,05:11:48,0.53,1
Eastern Phoebe,Sayornis phoebe,2026-04-25T09:11:41Z,25-Apr-2026,05:11:41,0.7,1
Eastern Phoebe,Sayornis phoebe,2026-04-25T09:11:34Z,25-Apr-2026,05:11:34,0.69,1
Eastern Phoebe,Sayornis phoebe,2026-04-25T09:11:28Z,25-Apr-2026,05:11:28,0.71,1
Eastern Phoebe,Sayornis phoebe,2026-04-25T09:11:21Z,25-Apr-2026,05:11:21,0.71,1
Eastern Phoebe,Sayornis phoebe,2026-04-25T09:11:15Z,25-Apr-2026,05:11:15,0.73,1
Eastern Phoebe,Sayornis phoebe,2026-04-25T09:11:08Z,25-Apr-2026,05:11:08,0.38,1
Eastern Phoebe,Sayornis phoebe,2026-04-25T09:11:02Z,25-Apr-2026,05:11:02,0.71,1
Eastern Phoebe,Sayornis phoebe,2026-04-25T09:10:56Z,25-Apr-2026,05:10:56,0.47,1
Eastern Phoebe,Sayornis phoebe,2026-04-25T09:10:49Z,25-Apr-2026,05:10:49,0.46,1
Eastern Phoebe,Sayornis phoebe,2026-04-25T09:10:43Z,25-Apr-2026,05:10:43,0.39,1
Eastern Phoebe,Sayornis phoebe,2026-04-25T09:10:35Z,25-Apr-2026,05:10:35,0.53,1
Eastern Phoebe,Sayornis phoebe,2026-04-25T09:10:29Z,25-Apr-2026,05:10:29,0.66,1
Eastern Phoebe,Sayornis phoebe,2026-04-25T09:10:10Z,25-Apr-2026,05:10:10,0.32,1
Eastern Phoebe,Sayornis phoebe,2026-04-25T09:10:03Z,25-Apr-2026,05:10:03,0.27,1
Eastern Phoebe,Sayornis phoebe,2026-04-25T09:09:57Z,25-Apr-2026,05:09:57,0.44,1
Eastern Phoebe,Sayornis phoebe,2026-04-25T09:09:44Z,25-Apr-2026,05:09:44,0.87,1
Eastern Phoebe,Sayornis phoebe,2026-04-25T09:09:37Z,25-Apr-2026,05:09:37,0.8,1
Eastern Phoebe,Sayornis phoebe,2026-04-25T09:09:31Z,25-Apr-2026,05:09:31,0.4,1
Eastern Phoebe,Sayornis phoebe,2026-04-25T09:09:24Z,25-Apr-2026,05:09:24,0.39,1
Eastern Phoebe,Sayornis phoebe,2026-04-25T09:09:18Z,25-Apr-2026,05:09:18,0.74,1
Eastern Phoebe,Sayornis phoebe,2026-04-25T09:09:11Z,25-Apr-2026,05:09:11,0.65,1
Eastern Phoebe,Sayornis phoebe,2026-04-25T09:09:05Z,25-Apr-2026,05:09:05,0.8,1
Eastern Phoebe,Sayornis phoebe,2026-04-25T09:08:52Z,25-Apr-2026,05:08:52,0.57,1
Eastern Phoebe,Sayornis phoebe,2026-04-25T09:08:46Z,25-Apr-2026,05:08:46,0.92,1
Eastern Phoebe,Sayornis phoebe,2026-04-25T09:08:39Z,25-Apr-2026,05:08:39,0.78,1
Eastern Phoebe,Sayornis phoebe,2026-04-25T09:08:33Z,25-Apr-2026,05:08:33,0.74,1
Eastern Phoebe,Sayornis phoebe,2026-04-25T09:08:27Z,25-Apr-2026,05:08:27,0.64,1
Eastern Phoebe,Sayornis phoebe,2026-04-25T09:08:20Z,25-Apr-2026,05:08:20,0.6,1
Eastern Phoebe,Sayornis phoebe,2026-04-25T09:08:13Z,25-Apr-2026,05:08:13,0.95,1
Eastern Phoebe,Sayornis phoebe,2026-04-25T09:08:06Z,25-Apr-2026,05:08:06,0.71,1
Eastern Phoebe,Sayornis phoebe,2026-04-25T09:08:00Z,25-Apr-2026,05:08:00,0.79,1
Eastern Phoebe,Sayornis phoebe,2026-04-25T09:07:53Z,25-Apr-2026,05:07:53,0.77,1
Eastern Phoebe,Sayornis phoebe,2026-04-25T09:07:46Z,25-Apr-2026,05:07:46,0.59,1
Eastern Phoebe,Sayornis phoebe,2026-04-25T09:07:39Z,25-Apr-2026,05:07:39,0.63,1
Eastern Phoebe,Sayornis phoebe,2026-04-25T09:07:33Z,25-Apr-2026,05:07:33,0.4,1
Eastern Phoebe,Sayornis phoebe,2026-04-25T09:07:27Z,25-Apr-2026,05:07:27,0.58,1
Eastern Phoebe,Sayornis phoebe,2026-04-25T09:07:20Z,25-Apr-2026,05:07:20,0.67,1
Eastern Phoebe,Sayornis phoebe,2026-04-25T09:07:14Z,25-Apr-2026,05:07:14,0.53,1
Eastern Phoebe,Sayornis phoebe,2026-04-25T09:07:08Z,25-Apr-2026,05:07:08,0.85,1
Eastern Phoebe,Sayornis phoebe,2026-04-25T09:07:01Z,25-Apr-2026,05:07:01,0.67,1
Eastern Phoebe,Sayornis phoebe,2026-04-25T09:06:55Z,25-Apr-2026,05:06:55,0.81,1
Eastern Phoebe,Sayornis phoebe,2026-04-25T09:06:48Z,25-Apr-2026,05:06:48,0.72,1
Eastern Phoebe,Sayornis phoebe,2026-04-25T09:06:42Z,25-Apr-2026,05:06:42,0.85,1
Eastern Phoebe,Sayornis phoebe,2026-04-25T09:06:36Z,25-Apr-2026,05:06:36,0.67,1
Eastern Phoebe,Sayornis phoebe,2026-04-25T09:06:29Z,25-Apr-2026,05:06:29,0.67,1
Eastern Phoebe,Sayornis phoebe,2026-04-25T09:06:22Z,25-Apr-2026,05:06:22,0.45,1
Eastern Phoebe,Sayornis phoebe,2026-04-25T09:06:16Z,25-Apr-2026,05:06:16,0.64,1
Eastern Phoebe,Sayornis phoebe,2026-04-25T09:06:03Z,25-Apr-2026,05:06:03,0.62,1
Eastern Phoebe,Sayornis phoebe,2026-04-25T09:05:57Z,25-Apr-2026,05:05:57,0.94,1
Eastern Phoebe,Sayornis phoebe,2026-04-25T09:05:50Z,25-Apr-2026,05:05:50,0.31,1
Eastern Phoebe,Sayornis phoebe,2026-04-25T09:05:38Z,25-Apr-2026,05:05:38,0.9,1
Eastern Phoebe,Sayornis phoebe,2026-04-25T09:05:31Z,25-Apr-2026,05:05:31,0.45,1
Eastern Phoebe,Sayornis phoebe,2026-04-25T09:05:25Z,25-Apr-2026,05:05:25,0.7,1
Eastern Phoebe,Sayornis phoebe,2026-04-25T09:05:19Z,25-Apr-2026,05:05:19,0.62,1
Eastern Phoebe,Sayornis phoebe,2026-04-25T09:05:12Z,25-Apr-2026,05:05:12,0.36,1
Eastern Phoebe,Sayornis phoebe,2026-04-25T09:05:06Z,25-Apr-2026,05:05:06,0.87,1
Eastern Phoebe,Sayornis phoebe,2026-04-25T09:04:59Z,25-Apr-2026,05:04:59,0.36,1
Eastern Phoebe,Sayornis phoebe,2026-04-25T09:04:52Z,25-Apr-2026,05:04:52,0.8,1
Eastern Phoebe,Sayornis phoebe,2026-04-25T09:04:46Z,25-Apr-2026,05:04:46,0.81,1
Eastern Phoebe,Sayornis phoebe,2026-04-25T09:04:39Z,25-Apr-2026,05:04:39,0.89,1
Eastern Phoebe,Sayornis phoebe,2026-04-25T09:04:33Z,25-Apr-2026,05:04:33,0.92,1
Eastern Phoebe,Sayornis phoebe,2026-04-25T09:04:26Z,25-Apr-2026,05:04:26,0.55,1
Eastern Phoebe,Sayornis phoebe,2026-04-25T09:04:19Z,25-Apr-2026,05:04:19,0.52,1
Eastern Phoebe,Sayornis phoebe,2026-04-25T09:04:13Z,25-Apr-2026,05:04:13,0.36,1
Eastern Phoebe,Sayornis phoebe,2026-04-25T09:04:06Z,25-Apr-2026,05:04:06,0.58,1
Eastern Phoebe,Sayornis phoebe,2026-04-25T09:04:00Z,25-Apr-2026,05:04:00,0.56,1
Eastern Phoebe,Sayornis phoebe,2026-04-25T09:02:56Z,25-Apr-2026,05:02:56,0.3,1
American Robin,Turdus migratorius,2026-04-25T08:59:44Z,25-Apr-2026,04:59:44,0.31,1
American Robin,Turdus migratorius,2026-04-25T08:58:12Z,25-Apr-2026,04:58:12,0.3,1
Dark-eyed Junco,Junco hyemalis,2026-04-25T08:51:51Z,25-Apr-2026,04:51:51,0.44,1
American Robin,Turdus migratorius,2026-04-25T08:47:33Z,25-Apr-2026,04:47:33,0.41,1
American Woodcock,Scolopax minor,2026-04-25T08:45:26Z,25-Apr-2026,04:45:26,0.41,1
American Woodcock,Scolopax minor,2026-04-25T08:45:17Z,25-Apr-2026,04:45:17,0.85,1
American Woodcock,Scolopax minor,2026-04-25T08:45:11Z,25-Apr-2026,04:45:11,0.37,1
American Woodcock,Scolopax minor,2026-04-25T08:42:51Z,25-Apr-2026,04:42:51,0.86,1
American Woodcock,Scolopax minor,2026-04-25T08:42:36Z,25-Apr-2026,04:42:36,0.85,1
American Woodcock,Scolopax minor,2026-04-25T08:41:36Z,25-Apr-2026,04:41:36,0.35,1
American Woodcock,Scolopax minor,2026-04-25T08:40:41Z,25-Apr-2026,04:40:41,0.77,1
American Woodcock,Scolopax minor,2026-04-25T08:39:32Z,25-Apr-2026,04:39:32,0.74,1
American Woodcock,Scolopax minor,2026-04-25T08:38:24Z,25-Apr-2026,04:38:24,0.46,1
American Woodcock,Scolopax minor,2026-04-25T08:37:00Z,25-Apr-2026,04:37:00,0.5,1
American Woodcock,Scolopax minor,2026-04-25T08:36:38Z,25-Apr-2026,04:36:38,0.3,1
American Woodcock,Scolopax minor,2026-04-25T08:35:48Z,25-Apr-2026,04:35:48,0.41,1
American Woodcock,Scolopax minor,2026-04-25T08:35:32Z,25-Apr-2026,04:35:32,0.49,1
American Woodcock,Scolopax minor,2026-04-25T08:34:58Z,25-Apr-2026,04:34:58,0.75,1
American Woodcock,Scolopax minor,2026-04-25T08:34:23Z,25-Apr-2026,04:34:23,0.73,1
American Woodcock,Scolopax minor,2026-04-25T08:33:50Z,25-Apr-2026,04:33:50,0.28,1
American Woodcock,Scolopax minor,2026-04-25T08:33:24Z,25-Apr-2026,04:33:24,0.91,1
American Woodcock,Scolopax minor,2026-04-25T08:32:01Z,25-Apr-2026,04:32:01,0.59,1
American Woodcock,Scolopax minor,2026-04-25T08:31:46Z,25-Apr-2026,04:31:46,0.67,1
American Woodcock,Scolopax minor,2026-04-25T08:28:19Z,25-Apr-2026,04:28:19,0.58,1
American Woodcock,Scolopax minor,2026-04-25T08:28:12Z,25-Apr-2026,04:28:12,0.54,1
American Woodcock,Scolopax minor,2026-04-25T08:27:51Z,25-Apr-2026,04:27:51,0.77,1
American Woodcock,Scolopax minor,2026-04-25T08:27:05Z,25-Apr-2026,04:27:05,0.8,1
American Woodcock,Scolopax minor,2026-04-25T08:24:54Z,25-Apr-2026,04:24:54,0.42,1
Northern Cardinal,Cardinalis cardinalis,2026-04-25T06:53:18Z,25-Apr-2026,02:53:18,0.7804,1
Northern Cardinal,Cardinalis cardinalis,2026-04-25T06:31:55Z,25-Apr-2026,02:31:55,0.8863,1
Northern Cardinal,Cardinalis cardinalis,2026-04-25T06:03:56Z,25-Apr-2026,02:03:56,0.8,1
Northern Cardinal,Cardinalis cardinalis,2026-04-25T06:02:37Z,25-Apr-2026,02:02:37,0.8,1
Northern Cardinal,Cardinalis cardinalis,2026-04-25T05:28:33Z,25-Apr-2026,01:28:33,0.8,1
Barred Owl,Strix varia,2026-04-25T05:22:06Z,25-Apr-2026,01:22:06,0.32,1
Barred Owl,Strix varia,2026-04-25T05:20:53Z,25-Apr-2026,01:20:53,0.86,1
Barred Owl,Strix varia,2026-04-25T05:19:51Z,25-Apr-2026,01:19:51,0.8,1
Northern Cardinal,Cardinalis cardinalis,2026-04-25T04:39:46Z,25-Apr-2026,00:39:46,0.7804,1
Northern Cardinal,Cardinalis cardinalis,2026-04-25T04:24:39Z,25-Apr-2026,00:24:39,0.8314,1
American Woodcock,Scolopax minor,2026-04-25T04:16:38Z,25-Apr-2026,00:16:38,0.46,1
American Woodcock,Scolopax minor,2026-04-25T03:32:09Z,24-Apr-2026,23:32:09,0.37,1
American Woodcock,Scolopax minor,2026-04-25T03:32:03Z,24-Apr-2026,23:32:03,0.79,1
American Woodcock,Scolopax minor,2026-04-25T03:31:54Z,24-Apr-2026,23:31:54,0.56,1
American Woodcock,Scolopax minor,2026-04-25T03:31:41Z,24-Apr-2026,23:31:41,0.58,1
Northern Cardinal,Cardinalis cardinalis,2026-04-25T03:21:01Z,24-Apr-2026,23:21:01,0.7804,1
Northern Cardinal,Cardinalis cardinalis,2026-04-25T03:16:47Z,24-Apr-2026,23:16:47,0.8471,1
Northern Cardinal,Cardinalis cardinalis,2026-04-25T03:13:06Z,24-Apr-2026,23:13:06,0.7804,1
Northern Cardinal,Cardinalis cardinalis,2026-04-25T02:30:08Z,24-Apr-2026,22:30:08,0.7804,1
Northern Cardinal,Cardinalis cardinalis,2026-04-25T02:02:46Z,24-Apr-2026,22:02:46,0.8314,1
Barred Owl,Strix varia,2026-04-25T01:55:53Z,24-Apr-2026,21:55:53,0.28,1
Northern Cardinal,Cardinalis cardinalis,2026-04-25T01:30:08Z,24-Apr-2026,21:30:08,0.8,1
Northern Cardinal,Cardinalis cardinalis,2026-04-25T01:16:58Z,24-Apr-2026,21:16:58,0.7804,1
Barred Owl,Strix varia,2026-04-25T00:41:44Z,24-Apr-2026,20:41:44,0.52,1
Barred Owl,Strix varia,2026-04-25T00:41:29Z,24-Apr-2026,20:41:29,0.66,1
Northern Cardinal,Cardinalis cardinalis,2026-04-25T00:26:57Z,24-Apr-2026,20:26:57,0.8,1
American Woodcock,Scolopax minor,2026-04-25T00:21:53Z,24-Apr-2026,20:21:53,0.53,1
Northern Cardinal,Cardinalis cardinalis,2026-04-25T00:05:50Z,24-Apr-2026,20:05:50,0.8471,1
Northern Cardinal,Cardinalis cardinalis,2026-04-25T00:03:30Z,24-Apr-2026,20:03:30,0.7804,1
