Species,Scientific Name,UTC Date,Local Date,Local Time,Score,Count
American Robin,Turdus migratorius,2026-05-16T23:58:31.500000Z,16-May-2026,19:58:31,0.7974,1
American Robin,Turdus migratorius,2026-05-16T23:57:28.500000Z,16-May-2026,19:57:28,0.5925,2
American Robin,Turdus migratorius,2026-05-16T23:56:39Z,16-May-2026,19:56:39,0.9445,2
American Robin,Turdus migratorius,2026-05-16T23:55:06Z,16-May-2026,19:55:06,0.8992,3
American Robin,Turdus migratorius,2026-05-16T23:51:39Z,16-May-2026,19:51:39,0.9037,2
American Robin,Turdus migratorius,2026-05-16T23:50:40.500000Z,16-May-2026,19:50:40,0.9002,2
American Robin,Turdus migratorius,2026-05-16T23:47:06Z,16-May-2026,19:47:06,0.8917,2
American Robin,Turdus migratorius,2026-05-16T23:46:42Z,16-May-2026,19:46:42,0.8352,3
American Robin,Turdus migratorius,2026-05-16T23:46:13.500000Z,16-May-2026,19:46:13,0.8143,3
American Robin,Turdus migratorius,2026-05-16T23:38:15Z,16-May-2026,19:38:15,0.6762,1
Black-and-white Warbler,Mniotilta varia,2026-05-16T23:35:39Z,16-May-2026,19:35:39,0.914,2
Black-and-white Warbler,Mniotilta varia,2026-05-16T23:35:21Z,16-May-2026,19:35:21,0.9251,1
Black-and-white Warbler,Mniotilta varia,2026-05-16T23:34:45Z,16-May-2026,19:34:45,0.9526,1
Black-and-white Warbler,Mniotilta varia,2026-05-16T23:34:19.500000Z,16-May-2026,19:34:19,0.9164,1
Least Flycatcher,Empidonax minimus,2026-05-16T23:33:58.500000Z,16-May-2026,19:33:58,0.9109,1
Least Flycatcher,Empidonax minimus,2026-05-16T23:33:52.500000Z,16-May-2026,19:33:52,0.9035,3
Black-and-white Warbler,Mniotilta varia,2026-05-16T23:33:43.500000Z,16-May-2026,19:33:43,0.8619,1
American Robin,Turdus migratorius,2026-05-16T23:33:16.500000Z,16-May-2026,19:33:16,0.9657,1
Eastern Kingbird,Tyrannus tyrannus,2026-05-16T23:28:28.500000Z,16-May-2026,19:28:28,0.9189,1
American Tree Sparrow,Spizelloides arborea,2026-05-16T23:18:13.500000Z,16-May-2026,19:18:13,0.8449,1
Chipping Sparrow,Spizella passerina,2026-05-16T23:17:40.500000Z,16-May-2026,19:17:40,0.7815,1
American Tree Sparrow,Spizelloides arborea,2026-05-16T23:14:33Z,16-May-2026,19:14:33,0.9025,3
Chipping Sparrow,Spizella passerina,2026-05-16T23:13:37.500000Z,16-May-2026,19:13:37,0.7646,2
Chipping Sparrow,Spizella passerina,2026-05-16T23:10:30Z,16-May-2026,19:10:30,0.749,1
Chipping Sparrow,Spizella passerina,2026-05-16T23:05:55.500000Z,16-May-2026,19:05:55,0.8314,1
American Robin,Turdus migratorius,2026-05-16T23:00:55.500000Z,16-May-2026,19:00:55,0.8522,1
Brown-headed Cowbird,Molothrus ater,2026-05-16T22:59:18Z,16-May-2026,18:59:18,0.9322,1
Northern Cardinal,Cardinalis cardinalis,2026-05-16T22:54:39Z,16-May-2026,18:54:39,0.6939,1
Black-and-white Warbler,Mniotilta varia,2026-05-16T22:53:49.500000Z,16-May-2026,18:53:49,0.9361,1
Northern Cardinal,Cardinalis cardinalis,2026-05-16T22:53:31.500000Z,16-May-2026,18:53:31,0.8504,1
Common Raven,Corvus corax,2026-05-16T22:52:13.500000Z,16-May-2026,18:52:13,0.8027,1
American Robin,Turdus migratorius,2026-05-16T22:48:12Z,16-May-2026,18:48:12,0.8619,2
Northern Flicker,Colaptes auratus,2026-05-16T22:47:45Z,16-May-2026,18:47:45,0.9152,1
American Robin,Turdus migratorius,2026-05-16T22:47:36Z,16-May-2026,18:47:36,0.9068,3
American Robin,Turdus migratorius,2026-05-16T22:46:37.500000Z,16-May-2026,18:46:37,0.8687,3
American Robin,Turdus migratorius,2026-05-16T22:46:22.500000Z,16-May-2026,18:46:22,0.9054,1
American Robin,Turdus migratorius,2026-05-16T22:44:51Z,16-May-2026,18:44:51,0.8791,1
American Robin,Turdus migratorius,2026-05-16T22:44:01.500000Z,16-May-2026,18:44:01,0.9014,3
American Robin,Turdus migratorius,2026-05-16T22:43:49.500000Z,16-May-2026,18:43:49,0.876,3
American Robin,Turdus migratorius,2026-05-16T22:43:12Z,16-May-2026,18:43:12,0.9001,3
American Robin,Turdus migratorius,2026-05-16T22:42:33Z,16-May-2026,18:42:33,0.9088,1
American Robin,Turdus migratorius,2026-05-16T22:41:45Z,16-May-2026,18:41:45,0.8943,3
Pileated Woodpecker,Dryocopus pileatus,2026-05-16T22:40:54Z,16-May-2026,18:40:54,0.8641,1
American Robin,Turdus migratorius,2026-05-16T22:40:43.500000Z,16-May-2026,18:40:43,0.894,4
American Robin,Turdus migratorius,2026-05-16T22:40:25.500000Z,16-May-2026,18:40:25,0.8617,1
Sharp-shinned Hawk,Accipiter striatus,2026-05-16T22:39:34.500000Z,16-May-2026,18:39:34,0.916,1
White-breasted Nuthatch,Sitta carolinensis,2026-05-16T22:35:52.500000Z,16-May-2026,18:35:52,0.9705,1
Song Sparrow,Melospiza melodia,2026-05-16T22:35:37.500000Z,16-May-2026,18:35:37,0.8967,2
Song Sparrow,Melospiza melodia,2026-05-16T22:35:18Z,16-May-2026,18:35:18,0.9081,1
Mourning Dove,Zenaida macroura,2026-05-16T22:29:31.500000Z,16-May-2026,18:29:31,0.9266,3
Brown-headed Cowbird,Molothrus ater,2026-05-16T22:27:22.500000Z,16-May-2026,18:27:22,0.9,1
Least Flycatcher,Empidonax minimus,2026-05-16T22:27:00Z,16-May-2026,18:27:00,0.9406,1
Least Flycatcher,Empidonax minimus,2026-05-16T22:26:54Z,16-May-2026,18:26:54,0.9305,1
Least Flycatcher,Empidonax minimus,2026-05-16T22:18:55.500000Z,16-May-2026,18:18:55,0.9216,2
Least Flycatcher,Empidonax minimus,2026-05-16T22:17:31.500000Z,16-May-2026,18:17:31,0.9579,1
Song Sparrow,Melospiza melodia,2026-05-16T22:16:33Z,16-May-2026,18:16:33,0.8199,1
Least Flycatcher,Empidonax minimus,2026-05-16T22:16:10.500000Z,16-May-2026,18:16:10,0.8978,1
Song Sparrow,Melospiza melodia,2026-05-16T22:16:09Z,16-May-2026,18:16:09,0.8198,1
Brown-headed Cowbird,Molothrus ater,2026-05-16T22:15:33Z,16-May-2026,18:15:33,0.897,1
Northern Flicker,Colaptes auratus,2026-05-16T22:07:00Z,16-May-2026,18:07:00,0.9121,1
Least Flycatcher,Empidonax minimus,2026-05-16T22:06:18Z,16-May-2026,18:06:18,0.9113,2
Least Flycatcher,Empidonax minimus,2026-05-16T22:02:16.500000Z,16-May-2026,18:02:16,0.9495,1
Brown-headed Cowbird,Molothrus ater,2026-05-16T22:01:28.500000Z,16-May-2026,18:01:28,0.5596,3
Brown-headed Cowbird,Molothrus ater,2026-05-16T21:56:34.500000Z,16-May-2026,17:56:34,0.6883,1
American Robin,Turdus migratorius,2026-05-16T21:50:09Z,16-May-2026,17:50:09,0.8417,2
American Robin,Turdus migratorius,2026-05-16T21:49:42Z,16-May-2026,17:49:42,0.8464,2
Brown-headed Cowbird,Molothrus ater,2026-05-16T21:44:03Z,16-May-2026,17:44:03,0.9152,1
Black-capped Chickadee,Poecile atricapillus,2026-05-16T21:42:01.500000Z,16-May-2026,17:42:01,0.8994,1
Brown-headed Cowbird,Molothrus ater,2026-05-16T21:41:07.500000Z,16-May-2026,17:41:07,0.9849,1
Brown-headed Cowbird,Molothrus ater,2026-05-16T21:40:49.500000Z,16-May-2026,17:40:49,0.9538,1
American Robin,Turdus migratorius,2026-05-16T21:40:48Z,16-May-2026,17:40:48,0.7281,2
Black-capped Chickadee,Poecile atricapillus,2026-05-16T21:40:15Z,16-May-2026,17:40:15,0.916,1
Hairy Woodpecker,Dryobates villosus,2026-05-16T21:39:33Z,16-May-2026,17:39:33,0.7645,1
Hairy Woodpecker,Dryobates villosus,2026-05-16T21:39:01.500000Z,16-May-2026,17:39:01,0.9682,2
Hairy Woodpecker,Dryobates villosus,2026-05-16T21:38:48Z,16-May-2026,17:38:48,0.9793,4
Hairy Woodpecker,Dryobates villosus,2026-05-16T21:38:18Z,16-May-2026,17:38:18,0.9591,2
Eastern Phoebe,Sayornis phoebe,2026-05-16T21:37:00Z,16-May-2026,17:37:00,0.8708,2
Black-capped Chickadee,Poecile atricapillus,2026-05-16T21:35:58.500000Z,16-May-2026,17:35:58,0.9115,2
Black-capped Chickadee,Poecile atricapillus,2026-05-16T21:35:51Z,16-May-2026,17:35:51,0.8915,3
Brown-headed Cowbird,Molothrus ater,2026-05-16T21:35:37.500000Z,16-May-2026,17:35:37,0.9302,1
Brown-headed Cowbird,Molothrus ater,2026-05-16T21:35:19.500000Z,16-May-2026,17:35:19,0.9449,1
Northern Flicker,Colaptes auratus,2026-05-16T21:35:00Z,16-May-2026,17:35:00,0.9178,1
Northern Flicker,Colaptes auratus,2026-05-16T21:34:52.500000Z,16-May-2026,17:34:52,0.919,4
Black-capped Chickadee,Poecile atricapillus,2026-05-16T21:34:24Z,16-May-2026,17:34:24,0.9314,1
Brown-headed Cowbird,Molothrus ater,2026-05-16T21:34:09Z,16-May-2026,17:34:09,0.8446,1
Brown-headed Cowbird,Molothrus ater,2026-05-16T21:33:54Z,16-May-2026,17:33:54,0.9837,1
Black-capped Chickadee,Poecile atricapillus,2026-05-16T21:33:34.500000Z,16-May-2026,17:33:34,0.8899,2
Black-capped Chickadee,Poecile atricapillus,2026-05-16T21:32:37.500000Z,16-May-2026,17:32:37,0.9183,1
Black-capped Chickadee,Poecile atricapillus,2026-05-16T21:32:03Z,16-May-2026,17:32:03,0.8709,1
Brown Creeper,Certhia americana,2026-05-16T21:31:49.500000Z,16-May-2026,17:31:49,0.9122,1
Brown-headed Cowbird,Molothrus ater,2026-05-16T21:22:03Z,16-May-2026,17:22:03,0.8808,2
American Robin,Turdus migratorius,2026-05-16T21:21:21Z,16-May-2026,17:21:21,0.9065,1
Northern Flicker,Colaptes auratus,2026-05-16T21:21:10.500000Z,16-May-2026,17:21:10,0.9526,2
Brown-headed Cowbird,Molothrus ater,2026-05-16T21:17:15Z,16-May-2026,17:17:15,0.6602,1
American Robin,Turdus migratorius,2026-05-16T21:13:12Z,16-May-2026,17:13:12,0.8082,1
American Robin,Turdus migratorius,2026-05-16T21:10:37.500000Z,16-May-2026,17:10:37,0.5876,3
Least Flycatcher,Empidonax minimus,2026-05-16T21:10:03Z,16-May-2026,17:10:03,0.941,1
Least Flycatcher,Empidonax minimus,2026-05-16T21:09:28.500000Z,16-May-2026,17:09:28,0.9117,1
American Robin,Turdus migratorius,2026-05-16T21:08:09Z,16-May-2026,17:08:09,0.9272,1
American Robin,Turdus migratorius,2026-05-16T21:07:15Z,16-May-2026,17:07:15,0.7742,3
American Robin,Turdus migratorius,2026-05-16T21:05:51Z,16-May-2026,17:05:51,0.5667,1
Least Flycatcher,Empidonax minimus,2026-05-16T21:02:30Z,16-May-2026,17:02:30,0.9194,2
Brown-headed Cowbird,Molothrus ater,2026-05-16T21:00:42Z,16-May-2026,17:00:42,0.9159,1
Least Flycatcher,Empidonax minimus,2026-05-16T21:00:04.500000Z,16-May-2026,17:00:04,0.9325,2
Least Flycatcher,Empidonax minimus,2026-05-16T20:59:49.500000Z,16-May-2026,16:59:49,0.9151,3
Least Flycatcher,Empidonax minimus,2026-05-16T20:59:04.500000Z,16-May-2026,16:59:04,0.6943,1
Least Flycatcher,Empidonax minimus,2026-05-16T20:58:01.500000Z,16-May-2026,16:58:01,0.9115,1
Brown-headed Cowbird,Molothrus ater,2026-05-16T20:57:07.500000Z,16-May-2026,16:57:07,0.8994,1
Least Flycatcher,Empidonax minimus,2026-05-16T20:57:03Z,16-May-2026,16:57:03,0.862,1
Least Flycatcher,Empidonax minimus,2026-05-16T20:56:36Z,16-May-2026,16:56:36,0.9169,1
Least Flycatcher,Empidonax minimus,2026-05-16T20:55:43.500000Z,16-May-2026,16:55:43,0.9327,1
Least Flycatcher,Empidonax minimus,2026-05-16T20:55:16.500000Z,16-May-2026,16:55:16,0.9312,1
American Robin,Turdus migratorius,2026-05-16T20:51:55.500000Z,16-May-2026,16:51:55,0.5222,1
Least Flycatcher,Empidonax minimus,2026-05-16T20:50:34.500000Z,16-May-2026,16:50:34,0.921,1
Least Flycatcher,Empidonax minimus,2026-05-16T20:50:09Z,16-May-2026,16:50:09,0.9275,2
Least Flycatcher,Empidonax minimus,2026-05-16T20:49:10.500000Z,16-May-2026,16:49:10,0.9203,1
Least Flycatcher,Empidonax minimus,2026-05-16T20:47:07.500000Z,16-May-2026,16:47:07,0.9287,1
Least Flycatcher,Empidonax minimus,2026-05-16T20:46:31.500000Z,16-May-2026,16:46:31,0.8987,1
Least Flycatcher,Empidonax minimus,2026-05-16T20:46:07.500000Z,16-May-2026,16:46:07,0.9115,2
Least Flycatcher,Empidonax minimus,2026-05-16T20:45:42Z,16-May-2026,16:45:42,0.945,2
Least Flycatcher,Empidonax minimus,2026-05-16T20:45:04.500000Z,16-May-2026,16:45:04,0.9249,2
Least Flycatcher,Empidonax minimus,2026-05-16T20:43:43.500000Z,16-May-2026,16:43:43,0.9092,1
Least Flycatcher,Empidonax minimus,2026-05-16T20:43:13.500000Z,16-May-2026,16:43:13,0.9252,2
Mourning Dove,Zenaida macroura,2026-05-16T20:41:19.500000Z,16-May-2026,16:41:19,0.7125,1
Least Flycatcher,Empidonax minimus,2026-05-16T20:36:49.500000Z,16-May-2026,16:36:49,0.9697,1
Northern Parula,Setophaga americana,2026-05-16T20:36:01.500000Z,16-May-2026,16:36:01,0.9038,1
Least Flycatcher,Empidonax minimus,2026-05-16T20:35:18Z,16-May-2026,16:35:18,0.9161,2
Least Flycatcher,Empidonax minimus,2026-05-16T20:33:55.500000Z,16-May-2026,16:33:55,0.9242,1
Brown-headed Cowbird,Molothrus ater,2026-05-16T20:33:13.500000Z,16-May-2026,16:33:13,0.8626,1
Northern Flicker,Colaptes auratus,2026-05-16T20:31:15Z,16-May-2026,16:31:15,0.898,1
Northern Flicker,Colaptes auratus,2026-05-16T20:29:24Z,16-May-2026,16:29:24,0.9027,1
Least Flycatcher,Empidonax minimus,2026-05-16T20:29:16.500000Z,16-May-2026,16:29:16,0.9144,1
Least Flycatcher,Empidonax minimus,2026-05-16T20:28:46.500000Z,16-May-2026,16:28:46,0.5275,1
Northern Flicker,Colaptes auratus,2026-05-16T20:28:30Z,16-May-2026,16:28:30,0.8742,1
Northern Flicker,Colaptes auratus,2026-05-16T20:28:22.500000Z,16-May-2026,16:28:22,0.8764,1
Least Flycatcher,Empidonax minimus,2026-05-16T20:27:07.500000Z,16-May-2026,16:27:07,0.9042,1
Least Flycatcher,Empidonax minimus,2026-05-16T20:19:21Z,16-May-2026,16:19:21,0.9192,2
Least Flycatcher,Empidonax minimus,2026-05-16T20:18:43.500000Z,16-May-2026,16:18:43,0.8994,1
Least Flycatcher,Empidonax minimus,2026-05-16T20:18:01.500000Z,16-May-2026,16:18:01,0.9144,1
Least Flycatcher,Empidonax minimus,2026-05-16T20:17:40.500000Z,16-May-2026,16:17:40,0.916,3
Least Flycatcher,Empidonax minimus,2026-05-16T20:17:19.500000Z,16-May-2026,16:17:19,0.9061,1
Song Sparrow,Melospiza melodia,2026-05-16T20:17:07.500000Z,16-May-2026,16:17:07,0.8416,1
Least Flycatcher,Empidonax minimus,2026-05-16T20:16:28.500000Z,16-May-2026,16:16:28,0.9103,3
Least Flycatcher,Empidonax minimus,2026-05-16T20:16:10.500000Z,16-May-2026,16:16:10,0.9193,2
Least Flycatcher,Empidonax minimus,2026-05-16T20:15:42Z,16-May-2026,16:15:42,0.9212,2
Red-bellied Woodpecker,Melanerpes carolinus,2026-05-16T20:10:21Z,16-May-2026,16:10:21,0.9078,1
Red-bellied Woodpecker,Melanerpes carolinus,2026-05-16T20:09:46.500000Z,16-May-2026,16:09:46,0.8993,1
Red-bellied Woodpecker,Melanerpes carolinus,2026-05-16T20:09:07.500000Z,16-May-2026,16:09:07,0.9063,1
Red-bellied Woodpecker,Melanerpes carolinus,2026-05-16T20:06:09Z,16-May-2026,16:06:09,0.9313,1
Gray Catbird,Dumetella carolinensis,2026-05-16T20:05:55.500000Z,16-May-2026,16:05:55,0.9141,3
Red-bellied Woodpecker,Melanerpes carolinus,2026-05-16T20:05:37.500000Z,16-May-2026,16:05:37,0.9008,1
Blue Jay,Cyanocitta cristata,2026-05-16T20:04:07.500000Z,16-May-2026,16:04:07,0.8781,1
Red-bellied Woodpecker,Melanerpes carolinus,2026-05-16T20:04:03Z,16-May-2026,16:04:03,0.9026,2
Red-bellied Woodpecker,Melanerpes carolinus,2026-05-16T20:03:25.500000Z,16-May-2026,16:03:25,0.8974,1
Mourning Dove,Zenaida macroura,2026-05-16T20:02:28.500000Z,16-May-2026,16:02:28,0.9704,2
American Robin,Turdus migratorius,2026-05-16T20:02:15Z,16-May-2026,16:02:15,0.6009,1
Mourning Dove,Zenaida macroura,2026-05-16T20:02:03Z,16-May-2026,16:02:03,0.9031,1
American Robin,Turdus migratorius,2026-05-16T19:59:04.500000Z,16-May-2026,15:59:04,0.8646,3
American Tree Sparrow,Spizelloides arborea,2026-05-16T19:37:28.500000Z,16-May-2026,15:37:28,0.8827,2
Golden-crowned Kinglet,Regulus satrapa,2026-05-16T19:34:36Z,16-May-2026,15:34:36,0.7127,1
Tree Swallow,Tachycineta bicolor,2026-05-16T19:33:42Z,16-May-2026,15:33:42,0.9078,1
Broad-winged Hawk,Buteo platypterus,2026-05-16T19:31:12Z,16-May-2026,15:31:12,0.9378,1
Song Sparrow,Melospiza melodia,2026-05-16T19:30:54Z,16-May-2026,15:30:54,0.9445,1
Song Sparrow,Melospiza melodia,2026-05-16T19:30:15Z,16-May-2026,15:30:15,0.9709,1
Golden-crowned Kinglet,Regulus satrapa,2026-05-16T19:10:46.500000Z,16-May-2026,15:10:46,0.85,1
Least Flycatcher,Empidonax minimus,2026-05-16T19:03:46.500000Z,16-May-2026,15:03:46,0.914,1
Least Flycatcher,Empidonax minimus,2026-05-16T19:02:54Z,16-May-2026,15:02:54,0.9157,1
Tree Swallow,Tachycineta bicolor,2026-05-16T19:02:28.500000Z,16-May-2026,15:02:28,0.8934,1
Least Flycatcher,Empidonax minimus,2026-05-16T19:01:03Z,16-May-2026,15:01:03,0.9115,1
Least Flycatcher,Empidonax minimus,2026-05-16T19:00:30Z,16-May-2026,15:00:30,0.9222,2
Least Flycatcher,Empidonax minimus,2026-05-16T19:00:12Z,16-May-2026,15:00:12,0.9236,3
Least Flycatcher,Empidonax minimus,2026-05-16T18:59:40.500000Z,16-May-2026,14:59:40,0.9161,1
American Robin,Turdus migratorius,2026-05-16T18:49:19.500000Z,16-May-2026,14:49:19,0.854,1
Blue Jay,Cyanocitta cristata,2026-05-16T18:48:10.500000Z,16-May-2026,14:48:10,0.891,1
Brown-headed Cowbird,Molothrus ater,2026-05-16T18:47:40.500000Z,16-May-2026,14:47:40,0.8512,1
Least Flycatcher,Empidonax minimus,2026-05-16T18:46:18Z,16-May-2026,14:46:18,0.8768,1
Brown-headed Cowbird,Molothrus ater,2026-05-16T18:45:24Z,16-May-2026,14:45:24,0.683,1
Least Flycatcher,Empidonax minimus,2026-05-16T18:43:07.500000Z,16-May-2026,14:43:07,0.9295,1
Northern Parula,Setophaga americana,2026-05-16T18:42:45Z,16-May-2026,14:42:45,0.8985,1
Least Flycatcher,Empidonax minimus,2026-05-16T18:42:21Z,16-May-2026,14:42:21,0.9128,1
Northern Parula,Setophaga americana,2026-05-16T18:41:51Z,16-May-2026,14:41:51,0.8969,1
Brown-headed Cowbird,Molothrus ater,2026-05-16T18:39:43.500000Z,16-May-2026,14:39:43,0.9259,1
American Robin,Turdus migratorius,2026-05-16T18:38:45Z,16-May-2026,14:38:45,0.8977,1
Northern Parula,Setophaga americana,2026-05-16T18:36:34.500000Z,16-May-2026,14:36:34,0.9212,1
Northern Parula,Setophaga americana,2026-05-16T18:35:37.500000Z,16-May-2026,14:35:37,0.9242,1
Northern Parula,Setophaga americana,2026-05-16T18:35:06Z,16-May-2026,14:35:06,0.9158,1
Northern Parula,Setophaga americana,2026-05-16T18:34:15Z,16-May-2026,14:34:15,0.9034,1
Northern Parula,Setophaga americana,2026-05-16T18:32:49.500000Z,16-May-2026,14:32:49,0.8936,1
Northern Parula,Setophaga americana,2026-05-16T18:32:19.500000Z,16-May-2026,14:32:19,0.921,1
Northern Parula,Setophaga americana,2026-05-16T18:31:09Z,16-May-2026,14:31:09,0.8879,1
Northern Parula,Setophaga americana,2026-05-16T18:29:48Z,16-May-2026,14:29:48,0.9039,3
Northern Parula,Setophaga americana,2026-05-16T18:28:58.500000Z,16-May-2026,14:28:58,0.9298,3
Least Flycatcher,Empidonax minimus,2026-05-16T18:28:51Z,16-May-2026,14:28:51,0.8872,1
Northern Parula,Setophaga americana,2026-05-16T18:28:39Z,16-May-2026,14:28:39,0.9296,3
Least Flycatcher,Empidonax minimus,2026-05-16T18:28:25.500000Z,16-May-2026,14:28:25,0.9157,1
Northern Parula,Setophaga americana,2026-05-16T18:28:03Z,16-May-2026,14:28:03,0.9312,3
Northern Parula,Setophaga americana,2026-05-16T18:27:36Z,16-May-2026,14:27:36,0.6486,2
Tree Swallow,Tachycineta bicolor,2026-05-16T18:27:28.500000Z,16-May-2026,14:27:28,0.9374,2
Northern Parula,Setophaga americana,2026-05-16T18:27:13.500000Z,16-May-2026,14:27:13,0.9105,3
Least Flycatcher,Empidonax minimus,2026-05-16T18:27:09Z,16-May-2026,14:27:09,0.9167,2
Northern Parula,Setophaga americana,2026-05-16T18:26:54Z,16-May-2026,14:26:54,0.9064,1
Northern Parula,Setophaga americana,2026-05-16T18:25:58.500000Z,16-May-2026,14:25:58,0.8995,2
Black-throated Green Warbler,Setophaga virens,2026-05-16T18:25:54Z,16-May-2026,14:25:54,0.6704,1
Northern Parula,Setophaga americana,2026-05-16T18:25:28.500000Z,16-May-2026,14:25:28,0.9169,1
Least Flycatcher,Empidonax minimus,2026-05-16T18:25:19.500000Z,16-May-2026,14:25:19,0.918,1
Northern Parula,Setophaga americana,2026-05-16T18:25:00Z,16-May-2026,14:25:00,0.8884,3
Northern Parula,Setophaga americana,2026-05-16T18:24:45Z,16-May-2026,14:24:45,0.8852,1
White-breasted Nuthatch,Sitta carolinensis,2026-05-16T18:24:39Z,16-May-2026,14:24:39,0.9407,3
Northern Parula,Setophaga americana,2026-05-16T18:23:12Z,16-May-2026,14:23:12,0.88,2
Northern Parula,Setophaga americana,2026-05-16T18:22:28.500000Z,16-May-2026,14:22:28,0.9197,1
Northern Parula,Setophaga americana,2026-05-16T18:22:06Z,16-May-2026,14:22:06,0.9013,2
Northern Parula,Setophaga americana,2026-05-16T18:21:33Z,16-May-2026,14:21:33,0.9009,2
Northern Parula,Setophaga americana,2026-05-16T18:21:13.500000Z,16-May-2026,14:21:13,0.8903,2
Least Flycatcher,Empidonax minimus,2026-05-16T18:20:43.500000Z,16-May-2026,14:20:43,0.9165,1
Northern Parula,Setophaga americana,2026-05-16T18:20:36Z,16-May-2026,14:20:36,0.9024,3
Northern Parula,Setophaga americana,2026-05-16T18:20:22.500000Z,16-May-2026,14:20:22,0.9091,2
Least Flycatcher,Empidonax minimus,2026-05-16T18:19:54Z,16-May-2026,14:19:54,0.9085,2
Northern Parula,Setophaga americana,2026-05-16T18:19:30Z,16-May-2026,14:19:30,0.9014,4
Northern Parula,Setophaga americana,2026-05-16T18:19:09Z,16-May-2026,14:19:09,0.8796,2
Least Flycatcher,Empidonax minimus,2026-05-16T18:18:54Z,16-May-2026,14:18:54,0.9206,1
Northern Parula,Setophaga americana,2026-05-16T18:18:37.500000Z,16-May-2026,14:18:37,0.9116,1
Northern Parula,Setophaga americana,2026-05-16T18:18:12Z,16-May-2026,14:18:12,0.8767,2
Least Flycatcher,Empidonax minimus,2026-05-16T18:17:40.500000Z,16-May-2026,14:17:40,0.9169,1
Northern Parula,Setophaga americana,2026-05-16T18:17:07.500000Z,16-May-2026,14:17:07,0.9084,1
Least Flycatcher,Empidonax minimus,2026-05-16T18:17:01.500000Z,16-May-2026,14:17:01,0.9283,1
Northern Parula,Setophaga americana,2026-05-16T18:16:45Z,16-May-2026,14:16:45,0.905,1
Least Flycatcher,Empidonax minimus,2026-05-16T18:16:06Z,16-May-2026,14:16:06,0.9166,1
Least Flycatcher,Empidonax minimus,2026-05-16T18:15:45Z,16-May-2026,14:15:45,0.9252,1
Least Flycatcher,Empidonax minimus,2026-05-16T18:15:15Z,16-May-2026,14:15:15,0.9193,1
Least Flycatcher,Empidonax minimus,2026-05-16T18:14:55.500000Z,16-May-2026,14:14:55,0.9616,1
Northern Parula,Setophaga americana,2026-05-16T18:14:33Z,16-May-2026,14:14:33,0.9034,3
Least Flycatcher,Empidonax minimus,2026-05-16T18:14:21Z,16-May-2026,14:14:21,0.9249,1
Northern Parula,Setophaga americana,2026-05-16T18:14:01.500000Z,16-May-2026,14:14:01,0.8252,1
Northern Parula,Setophaga americana,2026-05-16T18:13:31.500000Z,16-May-2026,14:13:31,0.9065,1
Northern Parula,Setophaga americana,2026-05-16T18:12:51Z,16-May-2026,14:12:51,0.8271,1
Northern Parula,Setophaga americana,2026-05-16T18:11:58.500000Z,16-May-2026,14:11:58,0.9335,3
Northern Parula,Setophaga americana,2026-05-16T18:11:00Z,16-May-2026,14:11:00,0.9011,3
Northern Parula,Setophaga americana,2026-05-16T18:10:45Z,16-May-2026,14:10:45,0.8789,1
Least Flycatcher,Empidonax minimus,2026-05-16T18:10:31.500000Z,16-May-2026,14:10:31,0.9234,2
Northern Parula,Setophaga americana,2026-05-16T18:10:19.500000Z,16-May-2026,14:10:19,0.8762,1
Northern Parula,Setophaga americana,2026-05-16T18:09:48Z,16-May-2026,14:09:48,0.9454,1
Northern Parula,Setophaga americana,2026-05-16T18:09:15Z,16-May-2026,14:09:15,0.9007,1
Least Flycatcher,Empidonax minimus,2026-05-16T18:07:40.500000Z,16-May-2026,14:07:40,0.9097,2
Least Flycatcher,Empidonax minimus,2026-05-16T18:07:13.500000Z,16-May-2026,14:07:13,0.9108,1
Northern Parula,Setophaga americana,2026-05-16T18:05:15Z,16-May-2026,14:05:15,0.887,2
Northern Parula,Setophaga americana,2026-05-16T18:04:04.500000Z,16-May-2026,14:04:04,0.6415,2
Northern Parula,Setophaga americana,2026-05-16T18:03:33Z,16-May-2026,14:03:33,0.9038,1
Northern Parula,Setophaga americana,2026-05-16T18:03:16.500000Z,16-May-2026,14:03:16,0.9351,2
Northern Parula,Setophaga americana,2026-05-16T18:02:28.500000Z,16-May-2026,14:02:28,0.9073,2
Northern Parula,Setophaga americana,2026-05-16T18:02:06Z,16-May-2026,14:02:06,0.893,2
Northern Parula,Setophaga americana,2026-05-16T18:01:39Z,16-May-2026,14:01:39,0.8559,2
Northern Parula,Setophaga americana,2026-05-16T18:01:19.500000Z,16-May-2026,14:01:19,0.9163,2
Least Flycatcher,Empidonax minimus,2026-05-16T18:01:07.500000Z,16-May-2026,14:01:07,0.9174,1
Northern Parula,Setophaga americana,2026-05-16T18:00:37.500000Z,16-May-2026,14:00:37,0.9395,3
Least Flycatcher,Empidonax minimus,2026-05-16T18:00:12Z,16-May-2026,14:00:12,0.9104,2
Northern Parula,Setophaga americana,2026-05-16T18:00:01.500000Z,16-May-2026,14:00:01,0.8982,1
Northern Parula,Setophaga americana,2026-05-16T17:59:31.500000Z,16-May-2026,13:59:31,0.916,3
Northern Parula,Setophaga americana,2026-05-16T17:59:22.500000Z,16-May-2026,13:59:22,0.9599,2
Least Flycatcher,Empidonax minimus,2026-05-16T17:59:09Z,16-May-2026,13:59:09,0.9445,1
Least Flycatcher,Empidonax minimus,2026-05-16T17:58:49.500000Z,16-May-2026,13:58:49,0.9197,1
Northern Parula,Setophaga americana,2026-05-16T17:58:39Z,16-May-2026,13:58:39,0.8994,2
Northern Parula,Setophaga americana,2026-05-16T17:58:09Z,16-May-2026,13:58:09,0.919,2
Least Flycatcher,Empidonax minimus,2026-05-16T17:57:58.500000Z,16-May-2026,13:57:58,0.9353,2
Northern Parula,Setophaga americana,2026-05-16T17:57:33Z,16-May-2026,13:57:33,0.9085,2
Northern Parula,Setophaga americana,2026-05-16T17:57:09Z,16-May-2026,13:57:09,0.9082,2
Northern Parula,Setophaga americana,2026-05-16T17:56:43.500000Z,16-May-2026,13:56:43,0.8583,1
Northern Parula,Setophaga americana,2026-05-16T17:55:28.500000Z,16-May-2026,13:55:28,0.9194,2
Northern Parula,Setophaga americana,2026-05-16T17:54:45Z,16-May-2026,13:54:45,0.8728,2
Northern Parula,Setophaga americana,2026-05-16T17:54:04.500000Z,16-May-2026,13:54:04,0.9232,3
Northern Parula,Setophaga americana,2026-05-16T17:53:30Z,16-May-2026,13:53:30,0.8689,2
Least Flycatcher,Empidonax minimus,2026-05-16T17:53:12Z,16-May-2026,13:53:12,0.893,1
Northern Parula,Setophaga americana,2026-05-16T17:53:01.500000Z,16-May-2026,13:53:01,0.911,3
American Robin,Turdus migratorius,2026-05-16T17:52:49.500000Z,16-May-2026,13:52:49,0.6799,1
Northern Parula,Setophaga americana,2026-05-16T17:52:04.500000Z,16-May-2026,13:52:04,0.9015,3
Northern Parula,Setophaga americana,2026-05-16T17:51:52.500000Z,16-May-2026,13:51:52,0.8949,1
Northern Parula,Setophaga americana,2026-05-16T17:51:22.500000Z,16-May-2026,13:51:22,0.9409,1
American Robin,Turdus migratorius,2026-05-16T17:51:06Z,16-May-2026,13:51:06,0.913,1
Least Flycatcher,Empidonax minimus,2026-05-16T17:50:39Z,16-May-2026,13:50:39,0.9177,1
Northern Parula,Setophaga americana,2026-05-16T17:50:00Z,16-May-2026,13:50:00,0.8929,1
Least Flycatcher,Empidonax minimus,2026-05-16T17:49:46.500000Z,16-May-2026,13:49:46,0.9177,2
Northern Parula,Setophaga americana,2026-05-16T17:49:36Z,16-May-2026,13:49:36,0.8907,2
American Robin,Turdus migratorius,2026-05-16T17:49:19.500000Z,16-May-2026,13:49:19,0.8975,2
Northern Parula,Setophaga americana,2026-05-16T17:49:12Z,16-May-2026,13:49:12,0.8706,2
Least Flycatcher,Empidonax minimus,2026-05-16T17:49:04.500000Z,16-May-2026,13:49:04,0.936,1
American Robin,Turdus migratorius,2026-05-16T17:48:51Z,16-May-2026,13:48:51,0.9147,1
Least Flycatcher,Empidonax minimus,2026-05-16T17:48:39Z,16-May-2026,13:48:39,0.9382,3
Black-and-white Warbler,Mniotilta varia,2026-05-16T17:48:15Z,16-May-2026,13:48:15,0.9464,1
Northern Parula,Setophaga americana,2026-05-16T17:48:04.500000Z,16-May-2026,13:48:04,0.8961,2
Least Flycatcher,Empidonax minimus,2026-05-16T17:47:58.500000Z,16-May-2026,13:47:58,0.9122,2
Northern Parula,Setophaga americana,2026-05-16T17:47:31.500000Z,16-May-2026,13:47:31,0.6203,2
Northern Parula,Setophaga americana,2026-05-16T17:46:19.500000Z,16-May-2026,13:46:19,0.9108,2
Least Flycatcher,Empidonax minimus,2026-05-16T17:46:01.500000Z,16-May-2026,13:46:01,0.9263,1
Least Flycatcher,Empidonax minimus,2026-05-16T17:45:49.500000Z,16-May-2026,13:45:49,0.9236,1
Northern Parula,Setophaga americana,2026-05-16T17:45:46.500000Z,16-May-2026,13:45:46,0.8884,1
Black-and-white Warbler,Mniotilta varia,2026-05-16T17:45:12Z,16-May-2026,13:45:12,0.9177,1
Least Flycatcher,Empidonax minimus,2026-05-16T17:44:51Z,16-May-2026,13:44:51,0.9216,1
Northern Parula,Setophaga americana,2026-05-16T17:44:42Z,16-May-2026,13:44:42,0.8924,3
Northern Parula,Setophaga americana,2026-05-16T17:44:25.500000Z,16-May-2026,13:44:25,0.8861,1
Least Flycatcher,Empidonax minimus,2026-05-16T17:44:07.500000Z,16-May-2026,13:44:07,0.9129,3
Northern Parula,Setophaga americana,2026-05-16T17:43:54Z,16-May-2026,13:43:54,0.9275,3
Least Flycatcher,Empidonax minimus,2026-05-16T17:43:15Z,16-May-2026,13:43:15,0.912,2
Least Flycatcher,Empidonax minimus,2026-05-16T17:42:30Z,16-May-2026,13:42:30,0.9276,2
Black-and-white Warbler,Mniotilta varia,2026-05-16T17:42:13.500000Z,16-May-2026,13:42:13,0.9517,1
Least Flycatcher,Empidonax minimus,2026-05-16T17:42:07.500000Z,16-May-2026,13:42:07,0.9197,1
Least Flycatcher,Empidonax minimus,2026-05-16T17:40:10.500000Z,16-May-2026,13:40:10,0.9222,1
Least Flycatcher,Empidonax minimus,2026-05-16T17:39:48Z,16-May-2026,13:39:48,0.91,1
Least Flycatcher,Empidonax minimus,2026-05-16T17:39:13.500000Z,16-May-2026,13:39:13,0.928,1
Northern Parula,Setophaga americana,2026-05-16T17:39:06Z,16-May-2026,13:39:06,0.9644,1
Black-and-white Warbler,Mniotilta varia,2026-05-16T17:37:51Z,16-May-2026,13:37:51,0.9663,1
Least Flycatcher,Empidonax minimus,2026-05-16T17:34:34.500000Z,16-May-2026,13:34:34,0.9091,1
Least Flycatcher,Empidonax minimus,2026-05-16T17:32:22.500000Z,16-May-2026,13:32:22,0.9138,1
Northern Parula,Setophaga americana,2026-05-16T17:32:06Z,16-May-2026,13:32:06,0.943,1
Least Flycatcher,Empidonax minimus,2026-05-16T17:31:52.500000Z,16-May-2026,13:31:52,0.9086,2
Least Flycatcher,Empidonax minimus,2026-05-16T17:31:15Z,16-May-2026,13:31:15,0.9285,1
Black-and-white Warbler,Mniotilta varia,2026-05-16T17:30:33Z,16-May-2026,13:30:33,0.9567,1
Black-and-white Warbler,Mniotilta varia,2026-05-16T17:29:46.500000Z,16-May-2026,13:29:46,0.9078,1
Black-and-white Warbler,Mniotilta varia,2026-05-16T17:29:01.500000Z,16-May-2026,13:29:01,0.9367,1
Black-and-white Warbler,Mniotilta varia,2026-05-16T17:26:25.500000Z,16-May-2026,13:26:25,0.9276,1
Least Flycatcher,Empidonax minimus,2026-05-16T17:26:09Z,16-May-2026,13:26:09,0.9101,1
Northern Parula,Setophaga americana,2026-05-16T17:25:58.500000Z,16-May-2026,13:25:58,0.9516,1
Black-and-white Warbler,Mniotilta varia,2026-05-16T17:25:46.500000Z,16-May-2026,13:25:46,0.9386,1
Least Flycatcher,Empidonax minimus,2026-05-16T17:25:36Z,16-May-2026,13:25:36,0.9152,2
Least Flycatcher,Empidonax minimus,2026-05-16T17:25:03Z,16-May-2026,13:25:03,0.934,1
Least Flycatcher,Empidonax minimus,2026-05-16T17:24:52.500000Z,16-May-2026,13:24:52,0.9103,1
Least Flycatcher,Empidonax minimus,2026-05-16T17:24:25.500000Z,16-May-2026,13:24:25,0.9142,2
Black-and-white Warbler,Mniotilta varia,2026-05-16T17:23:45Z,16-May-2026,13:23:45,0.9173,1
Least Flycatcher,Empidonax minimus,2026-05-16T17:23:12Z,16-May-2026,13:23:12,0.9114,1
Least Flycatcher,Empidonax minimus,2026-05-16T17:21:30Z,16-May-2026,13:21:30,0.9114,2
Black-and-white Warbler,Mniotilta varia,2026-05-16T17:21:24Z,16-May-2026,13:21:24,0.9147,1
Least Flycatcher,Empidonax minimus,2026-05-16T17:21:04.500000Z,16-May-2026,13:21:04,0.9237,1
Least Flycatcher,Empidonax minimus,2026-05-16T17:20:52.500000Z,16-May-2026,13:20:52,0.9093,2
Least Flycatcher,Empidonax minimus,2026-05-16T17:20:15Z,16-May-2026,13:20:15,0.9117,1
Least Flycatcher,Empidonax minimus,2026-05-16T17:19:40.500000Z,16-May-2026,13:19:40,0.8901,1
Black-and-white Warbler,Mniotilta varia,2026-05-16T17:19:03Z,16-May-2026,13:19:03,0.9285,1
Least Flycatcher,Empidonax minimus,2026-05-16T17:17:55.500000Z,16-May-2026,13:17:55,0.923,2
Least Flycatcher,Empidonax minimus,2026-05-16T17:17:25.500000Z,16-May-2026,13:17:25,0.9261,2
Black-and-white Warbler,Mniotilta varia,2026-05-16T17:14:37.500000Z,16-May-2026,13:14:37,0.9106,1
Black-and-white Warbler,Mniotilta varia,2026-05-16T17:13:34.500000Z,16-May-2026,13:13:34,0.9065,1
Black-and-white Warbler,Mniotilta varia,2026-05-16T17:13:13.500000Z,16-May-2026,13:13:13,0.9657,1
Black-and-white Warbler,Mniotilta varia,2026-05-16T17:11:19.500000Z,16-May-2026,13:11:19,0.9011,1
Black-and-white Warbler,Mniotilta varia,2026-05-16T17:10:45Z,16-May-2026,13:10:45,0.9196,1
Northern Parula,Setophaga americana,2026-05-16T17:10:37.500000Z,16-May-2026,13:10:37,0.5485,1
Black-and-white Warbler,Mniotilta varia,2026-05-16T17:10:16.500000Z,16-May-2026,13:10:16,0.9198,1
Northern Parula,Setophaga americana,2026-05-16T17:10:06Z,16-May-2026,13:10:06,0.917,1
Black-and-white Warbler,Mniotilta varia,2026-05-16T17:09:24Z,16-May-2026,13:09:24,0.9011,1
Northern Parula,Setophaga americana,2026-05-16T17:09:13.500000Z,16-May-2026,13:09:13,0.8813,1
Least Flycatcher,Empidonax minimus,2026-05-16T17:09:01.500000Z,16-May-2026,13:09:01,0.913,2
Black-and-white Warbler,Mniotilta varia,2026-05-16T17:08:37.500000Z,16-May-2026,13:08:37,0.904,1
Least Flycatcher,Empidonax minimus,2026-05-16T17:08:30Z,16-May-2026,13:08:30,0.8936,1
Black-and-white Warbler,Mniotilta varia,2026-05-16T17:07:52.500000Z,16-May-2026,13:07:52,0.9169,1
Northern Parula,Setophaga americana,2026-05-16T17:07:40.500000Z,16-May-2026,13:07:40,0.9135,2
Least Flycatcher,Empidonax minimus,2026-05-16T17:06:15Z,16-May-2026,13:06:15,0.9126,2
Least Flycatcher,Empidonax minimus,2026-05-16T17:05:54Z,16-May-2026,13:05:54,0.9157,3
Northern Parula,Setophaga americana,2026-05-16T17:05:30Z,16-May-2026,13:05:30,0.9207,1
Black-and-white Warbler,Mniotilta varia,2026-05-16T17:05:25.500000Z,16-May-2026,13:05:25,0.9207,1
Least Flycatcher,Empidonax minimus,2026-05-16T17:04:58.500000Z,16-May-2026,13:04:58,0.9246,2
Northern Parula,Setophaga americana,2026-05-16T17:01:42Z,16-May-2026,13:01:42,0.8988,1
Northern Parula,Setophaga americana,2026-05-16T16:59:33Z,16-May-2026,12:59:33,0.9108,1
Northern Parula,Setophaga americana,2026-05-16T16:57:03Z,16-May-2026,12:57:03,0.8967,1
Northern Parula,Setophaga americana,2026-05-16T16:56:34.500000Z,16-May-2026,12:56:34,0.9029,3
Northern Parula,Setophaga americana,2026-05-16T16:56:01.500000Z,16-May-2026,12:56:01,0.8842,2
Northern Parula,Setophaga americana,2026-05-16T16:55:34.500000Z,16-May-2026,12:55:34,0.8894,3
Northern Parula,Setophaga americana,2026-05-16T16:55:03Z,16-May-2026,12:55:03,0.9171,3
Song Sparrow,Melospiza melodia,2026-05-16T16:53:51Z,16-May-2026,12:53:51,0.945,1
American Robin,Turdus migratorius,2026-05-16T16:52:03Z,16-May-2026,12:52:03,0.9426,1
Common Raven,Corvus corax,2026-05-16T16:51:34.500000Z,16-May-2026,12:51:34,0.7507,1
Northern Parula,Setophaga americana,2026-05-16T16:49:43.500000Z,16-May-2026,12:49:43,0.8881,1
Northern Parula,Setophaga americana,2026-05-16T16:49:10.500000Z,16-May-2026,12:49:10,0.7669,1
Northern Parula,Setophaga americana,2026-05-16T16:48:31.500000Z,16-May-2026,12:48:31,0.613,3
Northern Parula,Setophaga americana,2026-05-16T16:48:18Z,16-May-2026,12:48:18,0.8994,1
Least Flycatcher,Empidonax minimus,2026-05-16T16:47:36Z,16-May-2026,12:47:36,0.9363,1
Northern Parula,Setophaga americana,2026-05-16T16:47:31.500000Z,16-May-2026,12:47:31,0.8399,1
Northern Parula,Setophaga americana,2026-05-16T16:45:25.500000Z,16-May-2026,12:45:25,0.9137,1
Eastern Bluebird,Sialia sialis,2026-05-16T16:44:55.500000Z,16-May-2026,12:44:55,0.9067,1
Northern Parula,Setophaga americana,2026-05-16T16:44:09Z,16-May-2026,12:44:09,0.9182,3
Least Flycatcher,Empidonax minimus,2026-05-16T16:44:03Z,16-May-2026,12:44:03,0.9352,1
Least Flycatcher,Empidonax minimus,2026-05-16T16:43:15Z,16-May-2026,12:43:15,0.918,2
Least Flycatcher,Empidonax minimus,2026-05-16T16:42:31.500000Z,16-May-2026,12:42:31,0.8606,1
Northern Parula,Setophaga americana,2026-05-16T16:41:37.500000Z,16-May-2026,12:41:37,0.8981,2
Least Flycatcher,Empidonax minimus,2026-05-16T16:41:16.500000Z,16-May-2026,12:41:16,0.9217,2
Least Flycatcher,Empidonax minimus,2026-05-16T16:40:43.500000Z,16-May-2026,12:40:43,0.9353,1
American Crow,Corvus brachyrhynchos,2026-05-16T16:40:19.500000Z,16-May-2026,12:40:19,0.9182,1
Least Flycatcher,Empidonax minimus,2026-05-16T16:39:45Z,16-May-2026,12:39:45,0.9265,1
White-breasted Nuthatch,Sitta carolinensis,2026-05-16T16:39:36Z,16-May-2026,12:39:36,0.8885,1
Song Sparrow,Melospiza melodia,2026-05-16T16:39:03Z,16-May-2026,12:39:03,0.8907,1
Least Flycatcher,Empidonax minimus,2026-05-16T16:39:00Z,16-May-2026,12:39:00,0.9069,1
Song Sparrow,Melospiza melodia,2026-05-16T16:38:43.500000Z,16-May-2026,12:38:43,0.8891,1
Least Flycatcher,Empidonax minimus,2026-05-16T16:38:18Z,16-May-2026,12:38:18,0.913,1
Northern Parula,Setophaga americana,2026-05-16T16:38:09Z,16-May-2026,12:38:09,0.836,1
Least Flycatcher,Empidonax minimus,2026-05-16T16:37:33Z,16-May-2026,12:37:33,0.9202,1
Least Flycatcher,Empidonax minimus,2026-05-16T16:37:10.500000Z,16-May-2026,12:37:10,0.9367,2
Northern Parula,Setophaga americana,2026-05-16T16:37:01.500000Z,16-May-2026,12:37:01,0.9218,2
Black-and-white Warbler,Mniotilta varia,2026-05-16T16:36:34.500000Z,16-May-2026,12:36:34,0.9144,1
Least Flycatcher,Empidonax minimus,2026-05-16T16:36:10.500000Z,16-May-2026,12:36:10,0.9368,1
Northern Parula,Setophaga americana,2026-05-16T16:36:03Z,16-May-2026,12:36:03,0.8818,2
Northern Parula,Setophaga americana,2026-05-16T16:35:31.500000Z,16-May-2026,12:35:31,0.9201,2
Broad-winged Hawk,Buteo platypterus,2026-05-16T16:35:09Z,16-May-2026,12:35:09,0.9276,2
Least Flycatcher,Empidonax minimus,2026-05-16T16:34:45Z,16-May-2026,12:34:45,0.9227,1
Black-and-white Warbler,Mniotilta varia,2026-05-16T16:34:04.500000Z,16-May-2026,12:34:04,0.9106,1
Least Flycatcher,Empidonax minimus,2026-05-16T16:33:31.500000Z,16-May-2026,12:33:31,0.9107,1
Least Flycatcher,Empidonax minimus,2026-05-16T16:33:22.500000Z,16-May-2026,12:33:22,0.899,1
Song Sparrow,Melospiza melodia,2026-05-16T16:31:37.500000Z,16-May-2026,12:31:37,0.8989,2
Least Flycatcher,Empidonax minimus,2026-05-16T16:31:19.500000Z,16-May-2026,12:31:19,0.9075,1
Least Flycatcher,Empidonax minimus,2026-05-16T16:30:39Z,16-May-2026,12:30:39,0.9118,2
Least Flycatcher,Empidonax minimus,2026-05-16T16:30:16.500000Z,16-May-2026,12:30:16,0.915,1
Northern Parula,Setophaga americana,2026-05-16T16:30:03Z,16-May-2026,12:30:03,0.9457,1
Least Flycatcher,Empidonax minimus,2026-05-16T16:29:40.500000Z,16-May-2026,12:29:40,0.9101,3
American Robin,Turdus migratorius,2026-05-16T16:29:33Z,16-May-2026,12:29:33,0.899,1
Least Flycatcher,Empidonax minimus,2026-05-16T16:29:12Z,16-May-2026,12:29:12,0.924,2
Least Flycatcher,Empidonax minimus,2026-05-16T16:28:42Z,16-May-2026,12:28:42,0.919,2
American Robin,Turdus migratorius,2026-05-16T16:28:33Z,16-May-2026,12:28:33,0.8811,1
Least Flycatcher,Empidonax minimus,2026-05-16T16:28:21Z,16-May-2026,12:28:21,0.911,2
American Robin,Turdus migratorius,2026-05-16T16:28:01.500000Z,16-May-2026,12:28:01,0.6924,2
Least Flycatcher,Empidonax minimus,2026-05-16T16:27:46.500000Z,16-May-2026,12:27:46,0.9268,2
Least Flycatcher,Empidonax minimus,2026-05-16T16:27:25.500000Z,16-May-2026,12:27:25,0.912,2
Northern Parula,Setophaga americana,2026-05-16T16:27:07.500000Z,16-May-2026,12:27:07,0.9072,1
Least Flycatcher,Empidonax minimus,2026-05-16T16:26:28.500000Z,16-May-2026,12:26:28,0.9297,3
Northern Parula,Setophaga americana,2026-05-16T16:26:24Z,16-May-2026,12:26:24,0.9109,1
Least Flycatcher,Empidonax minimus,2026-05-16T16:26:00Z,16-May-2026,12:26:00,0.9679,1
Northern Parula,Setophaga americana,2026-05-16T16:25:55.500000Z,16-May-2026,12:25:55,0.9212,1
Least Flycatcher,Empidonax minimus,2026-05-16T16:25:34.500000Z,16-May-2026,12:25:34,0.9274,2
Least Flycatcher,Empidonax minimus,2026-05-16T16:25:13.500000Z,16-May-2026,12:25:13,0.9117,1
Black-and-white Warbler,Mniotilta varia,2026-05-16T16:24:19.500000Z,16-May-2026,12:24:19,0.9271,1
American Robin,Turdus migratorius,2026-05-16T16:24:12Z,16-May-2026,12:24:12,0.6397,1
Least Flycatcher,Empidonax minimus,2026-05-16T16:23:09Z,16-May-2026,12:23:09,0.9312,1
Least Flycatcher,Empidonax minimus,2026-05-16T16:22:34.500000Z,16-May-2026,12:22:34,0.9376,1
Northern Parula,Setophaga americana,2026-05-16T16:22:10.500000Z,16-May-2026,12:22:10,0.9014,1
Least Flycatcher,Empidonax minimus,2026-05-16T16:21:30Z,16-May-2026,12:21:30,0.9074,2
Least Flycatcher,Empidonax minimus,2026-05-16T16:21:09Z,16-May-2026,12:21:09,0.9121,1
Least Flycatcher,Empidonax minimus,2026-05-16T16:20:45Z,16-May-2026,12:20:45,0.9282,2
Least Flycatcher,Empidonax minimus,2026-05-16T16:20:09Z,16-May-2026,12:20:09,0.9058,2
Least Flycatcher,Empidonax minimus,2026-05-16T16:19:45Z,16-May-2026,12:19:45,0.9388,2
Northern Parula,Setophaga americana,2026-05-16T16:19:39Z,16-May-2026,12:19:39,0.9064,1
Least Flycatcher,Empidonax minimus,2026-05-16T16:19:07.500000Z,16-May-2026,12:19:07,0.9243,1
Least Flycatcher,Empidonax minimus,2026-05-16T16:18:40.500000Z,16-May-2026,12:18:40,0.9264,1
Least Flycatcher,Empidonax minimus,2026-05-16T16:18:06Z,16-May-2026,12:18:06,0.949,2
Least Flycatcher,Empidonax minimus,2026-05-16T16:17:46.500000Z,16-May-2026,12:17:46,0.9324,2
Least Flycatcher,Empidonax minimus,2026-05-16T16:17:07.500000Z,16-May-2026,12:17:07,0.939,3
Least Flycatcher,Empidonax minimus,2026-05-16T16:16:54Z,16-May-2026,12:16:54,0.922,1
Black-and-white Warbler,Mniotilta varia,2026-05-16T16:16:43.500000Z,16-May-2026,12:16:43,0.9289,1
Least Flycatcher,Empidonax minimus,2026-05-16T16:16:16.500000Z,16-May-2026,12:16:16,0.9183,2
Least Flycatcher,Empidonax minimus,2026-05-16T16:15:42Z,16-May-2026,12:15:42,0.9264,1
Black-and-white Warbler,Mniotilta varia,2026-05-16T16:15:37.500000Z,16-May-2026,12:15:37,0.9302,2
Chipping Sparrow,Spizella passerina,2026-05-16T16:15:25.500000Z,16-May-2026,12:15:25,0.9449,1
Least Flycatcher,Empidonax minimus,2026-05-16T16:15:15Z,16-May-2026,12:15:15,0.9144,1
American Robin,Turdus migratorius,2026-05-16T16:14:54Z,16-May-2026,12:14:54,0.7943,1
Least Flycatcher,Empidonax minimus,2026-05-16T16:13:48Z,16-May-2026,12:13:48,0.9329,1
Northern Parula,Setophaga americana,2026-05-16T16:12:37.500000Z,16-May-2026,12:12:37,0.8703,1
Northern Parula,Setophaga americana,2026-05-16T16:11:52.500000Z,16-May-2026,12:11:52,0.9199,1
Least Flycatcher,Empidonax minimus,2026-05-16T16:09:54Z,16-May-2026,12:09:54,0.8523,1
Black-and-white Warbler,Mniotilta varia,2026-05-16T16:08:33Z,16-May-2026,12:08:33,0.9457,2
Black-and-white Warbler,Mniotilta varia,2026-05-16T16:08:10.500000Z,16-May-2026,12:08:10,0.948,1
White-breasted Nuthatch,Sitta carolinensis,2026-05-16T16:06:24Z,16-May-2026,12:06:24,0.9249,1
Least Flycatcher,Empidonax minimus,2026-05-16T16:05:18Z,16-May-2026,12:05:18,0.9396,2
Least Flycatcher,Empidonax minimus,2026-05-16T16:04:46.500000Z,16-May-2026,12:04:46,0.8904,2
Black-and-white Warbler,Mniotilta varia,2026-05-16T16:04:31.500000Z,16-May-2026,12:04:31,0.9474,1
Least Flycatcher,Empidonax minimus,2026-05-16T16:04:04.500000Z,16-May-2026,12:04:04,0.9168,1
Least Flycatcher,Empidonax minimus,2026-05-16T16:03:16.500000Z,16-May-2026,12:03:16,0.904,1
Least Flycatcher,Empidonax minimus,2026-05-16T16:02:22.500000Z,16-May-2026,12:02:22,0.9127,2
Least Flycatcher,Empidonax minimus,2026-05-16T16:00:34.500000Z,16-May-2026,12:00:34,0.9278,2
Black-and-white Warbler,Mniotilta varia,2026-05-16T16:00:06Z,16-May-2026,12:00:06,0.9044,1
Least Flycatcher,Empidonax minimus,2026-05-16T16:00:03Z,16-May-2026,12:00:03,0.8983,1
Least Flycatcher,Empidonax minimus,2026-05-16T15:59:18Z,16-May-2026,11:59:18,0.9282,1
Black-and-white Warbler,Mniotilta varia,2026-05-16T15:59:09Z,16-May-2026,11:59:09,0.9158,1
Least Flycatcher,Empidonax minimus,2026-05-16T15:58:28.500000Z,16-May-2026,11:58:28,0.9179,1
Black-and-white Warbler,Mniotilta varia,2026-05-16T15:58:16.500000Z,16-May-2026,11:58:16,0.9114,1
Black-and-white Warbler,Mniotilta varia,2026-05-16T15:57:39Z,16-May-2026,11:57:39,0.9319,1
American Robin,Turdus migratorius,2026-05-16T15:57:07.500000Z,16-May-2026,11:57:07,0.8358,2
Least Flycatcher,Empidonax minimus,2026-05-16T15:56:01.500000Z,16-May-2026,11:56:01,0.924,2
American Robin,Turdus migratorius,2026-05-16T15:55:45Z,16-May-2026,11:55:45,0.954,1
Black-and-white Warbler,Mniotilta varia,2026-05-16T15:55:39Z,16-May-2026,11:55:39,0.8142,1
Least Flycatcher,Empidonax minimus,2026-05-16T15:55:16.500000Z,16-May-2026,11:55:16,0.9076,2
American Robin,Turdus migratorius,2026-05-16T15:54:31.500000Z,16-May-2026,11:54:31,0.8519,1
Least Flycatcher,Empidonax minimus,2026-05-16T15:53:15Z,16-May-2026,11:53:15,0.9252,2
Least Flycatcher,Empidonax minimus,2026-05-16T15:52:45Z,16-May-2026,11:52:45,0.9272,1
Least Flycatcher,Empidonax minimus,2026-05-16T15:52:18Z,16-May-2026,11:52:18,0.9305,2
Black-and-white Warbler,Mniotilta varia,2026-05-16T15:51:10.500000Z,16-May-2026,11:51:10,0.9512,1
Black-and-white Warbler,Mniotilta varia,2026-05-16T15:49:54Z,16-May-2026,11:49:54,0.9505,1
Least Flycatcher,Empidonax minimus,2026-05-16T15:49:39Z,16-May-2026,11:49:39,0.9222,1
Least Flycatcher,Empidonax minimus,2026-05-16T15:49:10.500000Z,16-May-2026,11:49:10,0.9511,2
Brown-headed Cowbird,Molothrus ater,2026-05-16T15:47:13.500000Z,16-May-2026,11:47:13,0.9106,1
Least Flycatcher,Empidonax minimus,2026-05-16T15:47:01.500000Z,16-May-2026,11:47:01,0.9509,1
Brown-headed Cowbird,Molothrus ater,2026-05-16T15:46:49.500000Z,16-May-2026,11:46:49,0.9087,1
Least Flycatcher,Empidonax minimus,2026-05-16T15:46:30Z,16-May-2026,11:46:30,0.9594,1
Black-and-white Warbler,Mniotilta varia,2026-05-16T15:46:24Z,16-May-2026,11:46:24,0.9321,1
Least Flycatcher,Empidonax minimus,2026-05-16T15:46:13.500000Z,16-May-2026,11:46:13,0.9078,2
Northern Flicker,Colaptes auratus,2026-05-16T15:45:25.500000Z,16-May-2026,11:45:25,0.9161,1
Black-and-white Warbler,Mniotilta varia,2026-05-16T15:45:16.500000Z,16-May-2026,11:45:16,0.951,1
Black-and-white Warbler,Mniotilta varia,2026-05-16T15:44:49.500000Z,16-May-2026,11:44:49,0.935,1
Black-and-white Warbler,Mniotilta varia,2026-05-16T15:42:22.500000Z,16-May-2026,11:42:22,0.6813,1
Tufted Titmouse,Baeolophus bicolor,2026-05-16T15:35:19.500000Z,16-May-2026,11:35:19,0.8487,1
Black-and-white Warbler,Mniotilta varia,2026-05-16T15:34:34.500000Z,16-May-2026,11:34:34,0.9267,1
Northern Flicker,Colaptes auratus,2026-05-16T15:33:58.500000Z,16-May-2026,11:33:58,0.8818,4
Northern Flicker,Colaptes auratus,2026-05-16T15:33:48Z,16-May-2026,11:33:48,0.8917,3
Black-and-white Warbler,Mniotilta varia,2026-05-16T15:32:52.500000Z,16-May-2026,11:32:52,0.9173,2
Black-and-white Warbler,Mniotilta varia,2026-05-16T15:32:06Z,16-May-2026,11:32:06,0.9517,1
Northern Flicker,Colaptes auratus,2026-05-16T15:31:58.500000Z,16-May-2026,11:31:58,0.9137,1
Northern Flicker,Colaptes auratus,2026-05-16T15:31:30Z,16-May-2026,11:31:30,0.8594,1
Northern Flicker,Colaptes auratus,2026-05-16T15:31:13.500000Z,16-May-2026,11:31:13,0.899,1
American Robin,Turdus migratorius,2026-05-16T15:30:42Z,16-May-2026,11:30:42,0.9628,2
Least Flycatcher,Empidonax minimus,2026-05-16T15:27:31.500000Z,16-May-2026,11:27:31,0.9113,1
Least Flycatcher,Empidonax minimus,2026-05-16T15:27:16.500000Z,16-May-2026,11:27:16,0.9251,1
Least Flycatcher,Empidonax minimus,2026-05-16T15:26:28.500000Z,16-May-2026,11:26:28,0.8994,1
Least Flycatcher,Empidonax minimus,2026-05-16T15:26:18Z,16-May-2026,11:26:18,0.9134,1
Least Flycatcher,Empidonax minimus,2026-05-16T15:24:39Z,16-May-2026,11:24:39,0.9124,1
Least Flycatcher,Empidonax minimus,2026-05-16T15:22:58.500000Z,16-May-2026,11:22:58,0.9358,2
Least Flycatcher,Empidonax minimus,2026-05-16T15:21:37.500000Z,16-May-2026,11:21:37,0.6587,1
Tree Swallow,Tachycineta bicolor,2026-05-16T15:21:33Z,16-May-2026,11:21:33,0.9673,2
Least Flycatcher,Empidonax minimus,2026-05-16T15:20:09Z,16-May-2026,11:20:09,0.9148,3
Least Flycatcher,Empidonax minimus,2026-05-16T15:19:34.500000Z,16-May-2026,11:19:34,0.9157,2
Least Flycatcher,Empidonax minimus,2026-05-16T15:19:15Z,16-May-2026,11:19:15,0.9143,1
Least Flycatcher,Empidonax minimus,2026-05-16T15:18:39Z,16-May-2026,11:18:39,0.9151,1
Least Flycatcher,Empidonax minimus,2026-05-16T15:17:01.500000Z,16-May-2026,11:17:01,0.9256,1
Blue Jay,Cyanocitta cristata,2026-05-16T15:16:55.500000Z,16-May-2026,11:16:55,0.569,1
Least Flycatcher,Empidonax minimus,2026-05-16T15:16:39Z,16-May-2026,11:16:39,0.908,1
Least Flycatcher,Empidonax minimus,2026-05-16T15:16:12Z,16-May-2026,11:16:12,0.9115,2
Least Flycatcher,Empidonax minimus,2026-05-16T15:15:31.500000Z,16-May-2026,11:15:31,0.9102,3
Least Flycatcher,Empidonax minimus,2026-05-16T15:15:00Z,16-May-2026,11:15:00,0.9081,2
Least Flycatcher,Empidonax minimus,2026-05-16T15:14:30Z,16-May-2026,11:14:30,0.907,2
Least Flycatcher,Empidonax minimus,2026-05-16T15:14:24Z,16-May-2026,11:14:24,0.9083,3
Black-and-white Warbler,Mniotilta varia,2026-05-16T15:13:45Z,16-May-2026,11:13:45,0.924,1
Least Flycatcher,Empidonax minimus,2026-05-16T15:13:34.500000Z,16-May-2026,11:13:34,0.9119,1
Black-and-white Warbler,Mniotilta varia,2026-05-16T15:13:09Z,16-May-2026,11:13:09,0.9186,1
Northern Flicker,Colaptes auratus,2026-05-16T15:13:01.500000Z,16-May-2026,11:13:01,0.9148,3
Least Flycatcher,Empidonax minimus,2026-05-16T15:12:49.500000Z,16-May-2026,11:12:49,0.9202,1
Least Flycatcher,Empidonax minimus,2026-05-16T15:12:22.500000Z,16-May-2026,11:12:22,0.9141,1
Black-and-white Warbler,Mniotilta varia,2026-05-16T15:12:15Z,16-May-2026,11:12:15,0.9335,1
Black-and-white Warbler,Mniotilta varia,2026-05-16T15:11:40.500000Z,16-May-2026,11:11:40,0.962,1
Black-and-white Warbler,Mniotilta varia,2026-05-16T15:11:03Z,16-May-2026,11:11:03,0.9239,2
Least Flycatcher,Empidonax minimus,2026-05-16T15:10:48Z,16-May-2026,11:10:48,0.9292,1
Black-and-white Warbler,Mniotilta varia,2026-05-16T15:10:39Z,16-May-2026,11:10:39,0.9566,1
Least Flycatcher,Empidonax minimus,2026-05-16T15:10:25.500000Z,16-May-2026,11:10:25,0.9211,2
Least Flycatcher,Empidonax minimus,2026-05-16T15:09:36Z,16-May-2026,11:09:36,0.944,1
Least Flycatcher,Empidonax minimus,2026-05-16T15:09:03Z,16-May-2026,11:09:03,0.9179,2
Least Flycatcher,Empidonax minimus,2026-05-16T15:08:43.500000Z,16-May-2026,11:08:43,0.9141,1
Common Raven,Corvus corax,2026-05-16T15:08:40.500000Z,16-May-2026,11:08:40,0.9256,1
Black-and-white Warbler,Mniotilta varia,2026-05-16T15:08:24Z,16-May-2026,11:08:24,0.9303,1
Least Flycatcher,Empidonax minimus,2026-05-16T15:08:01.500000Z,16-May-2026,11:08:01,0.9061,2
Least Flycatcher,Empidonax minimus,2026-05-16T15:07:54Z,16-May-2026,11:07:54,0.909,1
Common Raven,Corvus corax,2026-05-16T15:07:31.500000Z,16-May-2026,11:07:31,0.5464,1
Least Flycatcher,Empidonax minimus,2026-05-16T15:07:16.500000Z,16-May-2026,11:07:16,0.9039,1
Common Raven,Corvus corax,2026-05-16T15:07:10.500000Z,16-May-2026,11:07:10,0.7709,3
Common Raven,Corvus corax,2026-05-16T15:06:48Z,16-May-2026,11:06:48,0.9118,1
Least Flycatcher,Empidonax minimus,2026-05-16T15:06:43.500000Z,16-May-2026,11:06:43,0.9193,2
Least Flycatcher,Empidonax minimus,2026-05-16T15:05:48Z,16-May-2026,11:05:48,0.9139,1
Least Flycatcher,Empidonax minimus,2026-05-16T15:04:31.500000Z,16-May-2026,11:04:31,0.9343,1
Least Flycatcher,Empidonax minimus,2026-05-16T15:04:25.500000Z,16-May-2026,11:04:25,0.9088,2
Black-and-white Warbler,Mniotilta varia,2026-05-16T15:04:07.500000Z,16-May-2026,11:04:07,0.9424,1
Black-and-white Warbler,Mniotilta varia,2026-05-16T15:03:52.500000Z,16-May-2026,11:03:52,0.9552,1
Least Flycatcher,Empidonax minimus,2026-05-16T15:03:42Z,16-May-2026,11:03:42,0.9105,1
Black-and-white Warbler,Mniotilta varia,2026-05-16T15:03:12Z,16-May-2026,11:03:12,0.9149,1
Black-and-white Warbler,Mniotilta varia,2026-05-16T15:02:55.500000Z,16-May-2026,11:02:55,0.9268,1
Least Flycatcher,Empidonax minimus,2026-05-16T15:02:36Z,16-May-2026,11:02:36,0.9248,2
Least Flycatcher,Empidonax minimus,2026-05-16T15:01:58.500000Z,16-May-2026,11:01:58,0.9079,2
Least Flycatcher,Empidonax minimus,2026-05-16T15:01:54Z,16-May-2026,11:01:54,0.9167,1
Scarlet Tanager,Piranga olivacea,2026-05-16T15:01:45Z,16-May-2026,11:01:45,0.8774,1
Black-and-white Warbler,Mniotilta varia,2026-05-16T15:01:31.500000Z,16-May-2026,11:01:31,0.6864,1
Least Flycatcher,Empidonax minimus,2026-05-16T15:01:12Z,16-May-2026,11:01:12,0.93,2
Least Flycatcher,Empidonax minimus,2026-05-16T15:00:42Z,16-May-2026,11:00:42,0.9117,2
Least Flycatcher,Empidonax minimus,2026-05-16T14:59:10.500000Z,16-May-2026,10:59:10,0.9049,1
Least Flycatcher,Empidonax minimus,2026-05-16T14:57:45Z,16-May-2026,10:57:45,0.9291,2
Least Flycatcher,Empidonax minimus,2026-05-16T14:56:16.500000Z,16-May-2026,10:56:16,0.9315,2
Least Flycatcher,Empidonax minimus,2026-05-16T14:55:33Z,16-May-2026,10:55:33,0.9154,2
Least Flycatcher,Empidonax minimus,2026-05-16T14:55:07.500000Z,16-May-2026,10:55:07,0.9073,2
Eastern Phoebe,Sayornis phoebe,2026-05-16T14:54:58.500000Z,16-May-2026,10:54:58,0.8978,1
Eastern Phoebe,Sayornis phoebe,2026-05-16T14:54:45Z,16-May-2026,10:54:45,0.9363,3
Eastern Phoebe,Sayornis phoebe,2026-05-16T14:54:25.500000Z,16-May-2026,10:54:25,0.9106,2
Least Flycatcher,Empidonax minimus,2026-05-16T14:53:58.500000Z,16-May-2026,10:53:58,0.9127,1
Least Flycatcher,Empidonax minimus,2026-05-16T14:53:06Z,16-May-2026,10:53:06,0.9095,2
Least Flycatcher,Empidonax minimus,2026-05-16T14:52:48Z,16-May-2026,10:52:48,0.9054,1
Least Flycatcher,Empidonax minimus,2026-05-16T14:49:00Z,16-May-2026,10:49:00,0.9159,1
Least Flycatcher,Empidonax minimus,2026-05-16T14:48:54Z,16-May-2026,10:48:54,0.9137,1
Least Flycatcher,Empidonax minimus,2026-05-16T14:48:03Z,16-May-2026,10:48:03,0.9295,1
Least Flycatcher,Empidonax minimus,2026-05-16T14:47:55.500000Z,16-May-2026,10:47:55,0.9093,1
Black-and-white Warbler,Mniotilta varia,2026-05-16T14:47:43.500000Z,16-May-2026,10:47:43,0.904,1
Least Flycatcher,Empidonax minimus,2026-05-16T14:47:06Z,16-May-2026,10:47:06,0.9131,1
Least Flycatcher,Empidonax minimus,2026-05-16T14:46:42Z,16-May-2026,10:46:42,0.9122,2
Least Flycatcher,Empidonax minimus,2026-05-16T14:46:00Z,16-May-2026,10:46:00,0.9113,1
Least Flycatcher,Empidonax minimus,2026-05-16T14:45:31.500000Z,16-May-2026,10:45:31,0.9001,3
Least Flycatcher,Empidonax minimus,2026-05-16T14:44:07.500000Z,16-May-2026,10:44:07,0.9073,3
Black-and-white Warbler,Mniotilta varia,2026-05-16T14:43:33Z,16-May-2026,10:43:33,0.9462,1
Least Flycatcher,Empidonax minimus,2026-05-16T14:43:28.500000Z,16-May-2026,10:43:28,0.9067,1
Least Flycatcher,Empidonax minimus,2026-05-16T14:43:21Z,16-May-2026,10:43:21,0.9305,1
Least Flycatcher,Empidonax minimus,2026-05-16T14:42:28.500000Z,16-May-2026,10:42:28,0.9179,1
Least Flycatcher,Empidonax minimus,2026-05-16T14:41:45Z,16-May-2026,10:41:45,0.9166,1
Least Flycatcher,Empidonax minimus,2026-05-16T14:41:03Z,16-May-2026,10:41:03,0.9146,2
Least Flycatcher,Empidonax minimus,2026-05-16T14:40:40.500000Z,16-May-2026,10:40:40,0.9097,2
Least Flycatcher,Empidonax minimus,2026-05-16T14:40:10.500000Z,16-May-2026,10:40:10,0.9055,2
Least Flycatcher,Empidonax minimus,2026-05-16T14:39:34.500000Z,16-May-2026,10:39:34,0.9105,2
Least Flycatcher,Empidonax minimus,2026-05-16T14:38:58.500000Z,16-May-2026,10:38:58,0.9299,3
Least Flycatcher,Empidonax minimus,2026-05-16T14:38:54Z,16-May-2026,10:38:54,0.9166,1
American Robin,Turdus migratorius,2026-05-16T14:38:46.500000Z,16-May-2026,10:38:46,0.8171,2
American Robin,Turdus migratorius,2026-05-16T14:38:19.500000Z,16-May-2026,10:38:19,0.8105,1
Least Flycatcher,Empidonax minimus,2026-05-16T14:38:16.500000Z,16-May-2026,10:38:16,0.933,2
American Robin,Turdus migratorius,2026-05-16T14:37:36Z,16-May-2026,10:37:36,0.8135,1
Least Flycatcher,Empidonax minimus,2026-05-16T14:36:18Z,16-May-2026,10:36:18,0.9553,3
Least Flycatcher,Empidonax minimus,2026-05-16T14:35:48Z,16-May-2026,10:35:48,0.9034,2
Least Flycatcher,Empidonax minimus,2026-05-16T14:34:31.500000Z,16-May-2026,10:34:31,0.9135,2
Least Flycatcher,Empidonax minimus,2026-05-16T14:34:24Z,16-May-2026,10:34:24,0.9258,2
Least Flycatcher,Empidonax minimus,2026-05-16T14:33:51Z,16-May-2026,10:33:51,0.907,1
Least Flycatcher,Empidonax minimus,2026-05-16T14:33:00Z,16-May-2026,10:33:00,0.9103,1
Least Flycatcher,Empidonax minimus,2026-05-16T14:32:39Z,16-May-2026,10:32:39,0.9144,1
Song Sparrow,Melospiza melodia,2026-05-16T14:32:13.500000Z,16-May-2026,10:32:13,0.922,1
Least Flycatcher,Empidonax minimus,2026-05-16T14:32:00Z,16-May-2026,10:32:00,0.9073,2
Least Flycatcher,Empidonax minimus,2026-05-16T14:31:43.500000Z,16-May-2026,10:31:43,0.9124,2
Least Flycatcher,Empidonax minimus,2026-05-16T14:30:52.500000Z,16-May-2026,10:30:52,0.9171,1
Least Flycatcher,Empidonax minimus,2026-05-16T14:30:21Z,16-May-2026,10:30:21,0.9339,2
Least Flycatcher,Empidonax minimus,2026-05-16T14:28:42Z,16-May-2026,10:28:42,0.9149,3
Song Sparrow,Melospiza melodia,2026-05-16T14:27:25.500000Z,16-May-2026,10:27:25,0.8881,1
Least Flycatcher,Empidonax minimus,2026-05-16T14:27:16.500000Z,16-May-2026,10:27:16,0.9073,1
Least Flycatcher,Empidonax minimus,2026-05-16T14:26:37.500000Z,16-May-2026,10:26:37,0.9341,2
Least Flycatcher,Empidonax minimus,2026-05-16T14:26:10.500000Z,16-May-2026,10:26:10,0.9215,3
Least Flycatcher,Empidonax minimus,2026-05-16T14:25:51Z,16-May-2026,10:25:51,0.9305,3
Chipping Sparrow,Spizella passerina,2026-05-16T14:25:19.500000Z,16-May-2026,10:25:19,0.7868,1
Least Flycatcher,Empidonax minimus,2026-05-16T14:25:04.500000Z,16-May-2026,10:25:04,0.946,2
Least Flycatcher,Empidonax minimus,2026-05-16T14:24:40.500000Z,16-May-2026,10:24:40,0.9478,1
Least Flycatcher,Empidonax minimus,2026-05-16T14:24:09Z,16-May-2026,10:24:09,0.9158,1
Least Flycatcher,Empidonax minimus,2026-05-16T14:23:04.500000Z,16-May-2026,10:23:04,0.9192,4
Least Flycatcher,Empidonax minimus,2026-05-16T14:22:04.500000Z,16-May-2026,10:22:04,0.9225,2
Least Flycatcher,Empidonax minimus,2026-05-16T14:20:39Z,16-May-2026,10:20:39,0.9157,1
Least Flycatcher,Empidonax minimus,2026-05-16T14:20:03Z,16-May-2026,10:20:03,0.9063,1
Least Flycatcher,Empidonax minimus,2026-05-16T14:17:54Z,16-May-2026,10:17:54,0.9079,1
Least Flycatcher,Empidonax minimus,2026-05-16T14:15:43.500000Z,16-May-2026,10:15:43,0.915,3
Least Flycatcher,Empidonax minimus,2026-05-16T14:15:01.500000Z,16-May-2026,10:15:01,0.8968,2
Least Flycatcher,Empidonax minimus,2026-05-16T14:14:40.500000Z,16-May-2026,10:14:40,0.9263,2
Least Flycatcher,Empidonax minimus,2026-05-16T14:14:01.500000Z,16-May-2026,10:14:01,0.9383,2
Least Flycatcher,Empidonax minimus,2026-05-16T14:13:37.500000Z,16-May-2026,10:13:37,0.9193,3
Least Flycatcher,Empidonax minimus,2026-05-16T14:13:04.500000Z,16-May-2026,10:13:04,0.9417,2
Least Flycatcher,Empidonax minimus,2026-05-16T14:12:39Z,16-May-2026,10:12:39,0.943,3
Least Flycatcher,Empidonax minimus,2026-05-16T14:12:15Z,16-May-2026,10:12:15,0.9453,1
Least Flycatcher,Empidonax minimus,2026-05-16T14:11:42Z,16-May-2026,10:11:42,0.9371,1
Least Flycatcher,Empidonax minimus,2026-05-16T14:11:21Z,16-May-2026,10:11:21,0.9103,1
Least Flycatcher,Empidonax minimus,2026-05-16T14:09:31.500000Z,16-May-2026,10:09:31,0.9094,2
Least Flycatcher,Empidonax minimus,2026-05-16T14:08:58.500000Z,16-May-2026,10:08:58,0.9231,2
Least Flycatcher,Empidonax minimus,2026-05-16T14:08:45Z,16-May-2026,10:08:45,0.9253,1
Least Flycatcher,Empidonax minimus,2026-05-16T14:07:34.500000Z,16-May-2026,10:07:34,0.9038,2
Least Flycatcher,Empidonax minimus,2026-05-16T14:05:33Z,16-May-2026,10:05:33,0.6844,2
Least Flycatcher,Empidonax minimus,2026-05-16T14:04:48Z,16-May-2026,10:04:48,0.9061,1
Least Flycatcher,Empidonax minimus,2026-05-16T14:03:58.500000Z,16-May-2026,10:03:58,0.9359,1
Least Flycatcher,Empidonax minimus,2026-05-16T14:03:42Z,16-May-2026,10:03:42,0.8981,1
American Robin,Turdus migratorius,2026-05-16T14:03:31.500000Z,16-May-2026,10:03:31,0.849,2
Least Flycatcher,Empidonax minimus,2026-05-16T14:03:01.500000Z,16-May-2026,10:03:01,0.9174,3
Least Flycatcher,Empidonax minimus,2026-05-16T14:02:55.500000Z,16-May-2026,10:02:55,0.9067,2
Least Flycatcher,Empidonax minimus,2026-05-16T14:02:07.500000Z,16-May-2026,10:02:07,0.9265,1
Least Flycatcher,Empidonax minimus,2026-05-16T14:01:37.500000Z,16-May-2026,10:01:37,0.9128,2
Least Flycatcher,Empidonax minimus,2026-05-16T14:01:12Z,16-May-2026,10:01:12,0.9327,2
Least Flycatcher,Empidonax minimus,2026-05-16T13:59:31.500000Z,16-May-2026,09:59:31,0.9069,1
Least Flycatcher,Empidonax minimus,2026-05-16T13:59:12Z,16-May-2026,09:59:12,0.92,2
Least Flycatcher,Empidonax minimus,2026-05-16T13:56:12Z,16-May-2026,09:56:12,0.9487,3
Least Flycatcher,Empidonax minimus,2026-05-16T13:55:06Z,16-May-2026,09:55:06,0.9237,1
Least Flycatcher,Empidonax minimus,2026-05-16T13:54:43.500000Z,16-May-2026,09:54:43,0.9117,3
Least Flycatcher,Empidonax minimus,2026-05-16T13:54:19.500000Z,16-May-2026,09:54:19,0.912,1
Least Flycatcher,Empidonax minimus,2026-05-16T13:53:51Z,16-May-2026,09:53:51,0.8685,1
Blue Jay,Cyanocitta cristata,2026-05-16T13:53:01.500000Z,16-May-2026,09:53:01,0.9288,1
American Goldfinch,Spinus tristis,2026-05-16T13:52:36Z,16-May-2026,09:52:36,0.9006,2
American Goldfinch,Spinus tristis,2026-05-16T13:52:22.500000Z,16-May-2026,09:52:22,0.8619,1
Least Flycatcher,Empidonax minimus,2026-05-16T13:51:33Z,16-May-2026,09:51:33,0.9052,3
Least Flycatcher,Empidonax minimus,2026-05-16T13:50:49.500000Z,16-May-2026,09:50:49,0.9115,1
Least Flycatcher,Empidonax minimus,2026-05-16T13:49:37.500000Z,16-May-2026,09:49:37,0.9153,2
Least Flycatcher,Empidonax minimus,2026-05-16T13:48:49.500000Z,16-May-2026,09:48:49,0.9094,2
Least Flycatcher,Empidonax minimus,2026-05-16T13:48:06Z,16-May-2026,09:48:06,0.9111,2
Least Flycatcher,Empidonax minimus,2026-05-16T13:47:48Z,16-May-2026,09:47:48,0.9118,1
Least Flycatcher,Empidonax minimus,2026-05-16T13:47:24Z,16-May-2026,09:47:24,0.9247,1
Least Flycatcher,Empidonax minimus,2026-05-16T13:46:46.500000Z,16-May-2026,09:46:46,0.9064,1
Least Flycatcher,Empidonax minimus,2026-05-16T13:45:34.500000Z,16-May-2026,09:45:34,0.9259,2
Least Flycatcher,Empidonax minimus,2026-05-16T13:45:15Z,16-May-2026,09:45:15,0.9201,1
Least Flycatcher,Empidonax minimus,2026-05-16T13:43:40.500000Z,16-May-2026,09:43:40,0.917,1
Least Flycatcher,Empidonax minimus,2026-05-16T13:43:21Z,16-May-2026,09:43:21,0.9057,3
Song Sparrow,Melospiza melodia,2026-05-16T13:42:34.500000Z,16-May-2026,09:42:34,0.7793,2
Least Flycatcher,Empidonax minimus,2026-05-16T13:42:15Z,16-May-2026,09:42:15,0.9134,1
Song Sparrow,Melospiza melodia,2026-05-16T13:41:46.500000Z,16-May-2026,09:41:46,0.9801,1
Least Flycatcher,Empidonax minimus,2026-05-16T13:41:34.500000Z,16-May-2026,09:41:34,0.9285,1
Least Flycatcher,Empidonax minimus,2026-05-16T13:40:49.500000Z,16-May-2026,09:40:49,0.9301,2
Least Flycatcher,Empidonax minimus,2026-05-16T13:40:04.500000Z,16-May-2026,09:40:04,0.92,2
Least Flycatcher,Empidonax minimus,2026-05-16T13:38:43.500000Z,16-May-2026,09:38:43,0.9239,2
Least Flycatcher,Empidonax minimus,2026-05-16T13:38:22.500000Z,16-May-2026,09:38:22,0.9265,2
Least Flycatcher,Empidonax minimus,2026-05-16T13:37:24Z,16-May-2026,09:37:24,0.9199,1
Least Flycatcher,Empidonax minimus,2026-05-16T13:36:48Z,16-May-2026,09:36:48,0.9168,2
Least Flycatcher,Empidonax minimus,2026-05-16T13:35:58.500000Z,16-May-2026,09:35:58,0.9053,1
Least Flycatcher,Empidonax minimus,2026-05-16T13:35:49.500000Z,16-May-2026,09:35:49,0.9223,1
Least Flycatcher,Empidonax minimus,2026-05-16T13:34:21Z,16-May-2026,09:34:21,0.9216,2
Least Flycatcher,Empidonax minimus,2026-05-16T13:33:31.500000Z,16-May-2026,09:33:31,0.9224,4
Least Flycatcher,Empidonax minimus,2026-05-16T13:33:21Z,16-May-2026,09:33:21,0.9513,2
Least Flycatcher,Empidonax minimus,2026-05-16T13:32:31.500000Z,16-May-2026,09:32:31,0.9246,3
Least Flycatcher,Empidonax minimus,2026-05-16T13:32:12Z,16-May-2026,09:32:12,0.9505,2
Song Sparrow,Melospiza melodia,2026-05-16T13:31:52.500000Z,16-May-2026,09:31:52,0.8999,1
Least Flycatcher,Empidonax minimus,2026-05-16T13:31:37.500000Z,16-May-2026,09:31:37,0.9092,1
Least Flycatcher,Empidonax minimus,2026-05-16T13:31:01.500000Z,16-May-2026,09:31:01,0.9427,1
Least Flycatcher,Empidonax minimus,2026-05-16T13:30:45Z,16-May-2026,09:30:45,0.96,2
Least Flycatcher,Empidonax minimus,2026-05-16T13:30:19.500000Z,16-May-2026,09:30:19,0.9047,2
Least Flycatcher,Empidonax minimus,2026-05-16T13:29:43.500000Z,16-May-2026,09:29:43,0.9652,2
Least Flycatcher,Empidonax minimus,2026-05-16T13:29:03Z,16-May-2026,09:29:03,0.9111,2
Least Flycatcher,Empidonax minimus,2026-05-16T13:28:55.500000Z,16-May-2026,09:28:55,0.9375,2
Least Flycatcher,Empidonax minimus,2026-05-16T13:28:10.500000Z,16-May-2026,09:28:10,0.9218,1
Least Flycatcher,Empidonax minimus,2026-05-16T13:27:49.500000Z,16-May-2026,09:27:49,0.9196,2
Least Flycatcher,Empidonax minimus,2026-05-16T13:25:54Z,16-May-2026,09:25:54,0.9162,2
Least Flycatcher,Empidonax minimus,2026-05-16T13:24:40.500000Z,16-May-2026,09:24:40,0.9252,1
Least Flycatcher,Empidonax minimus,2026-05-16T13:24:06Z,16-May-2026,09:24:06,0.9188,2
Least Flycatcher,Empidonax minimus,2026-05-16T13:23:43.500000Z,16-May-2026,09:23:43,0.932,1
Least Flycatcher,Empidonax minimus,2026-05-16T13:22:49.500000Z,16-May-2026,09:22:49,0.9148,2
Least Flycatcher,Empidonax minimus,2026-05-16T13:22:13.500000Z,16-May-2026,09:22:13,0.9138,3
Least Flycatcher,Empidonax minimus,2026-05-16T13:21:07.500000Z,16-May-2026,09:21:07,0.9137,3
Blue-headed Vireo,Vireo solitarius,2026-05-16T13:20:43.500000Z,16-May-2026,09:20:43,0.9349,1
Least Flycatcher,Empidonax minimus,2026-05-16T13:20:30Z,16-May-2026,09:20:30,0.9219,2
Least Flycatcher,Empidonax minimus,2026-05-16T13:20:18Z,16-May-2026,09:20:18,0.9497,2
Least Flycatcher,Empidonax minimus,2026-05-16T13:19:40.500000Z,16-May-2026,09:19:40,0.938,1
Northern Parula,Setophaga americana,2026-05-16T13:19:34.500000Z,16-May-2026,09:19:34,0.9209,1
Least Flycatcher,Empidonax minimus,2026-05-16T13:19:22.500000Z,16-May-2026,09:19:22,0.9222,2
Blue-headed Vireo,Vireo solitarius,2026-05-16T13:18:45Z,16-May-2026,09:18:45,0.9224,2
Least Flycatcher,Empidonax minimus,2026-05-16T13:18:36Z,16-May-2026,09:18:36,0.9025,1
Least Flycatcher,Empidonax minimus,2026-05-16T13:18:03Z,16-May-2026,09:18:03,0.9106,3
Blue-headed Vireo,Vireo solitarius,2026-05-16T13:17:45Z,16-May-2026,09:17:45,0.9142,1
Least Flycatcher,Empidonax minimus,2026-05-16T13:17:12Z,16-May-2026,09:17:12,0.9262,2
Least Flycatcher,Empidonax minimus,2026-05-16T13:16:46.500000Z,16-May-2026,09:16:46,0.9093,2
Least Flycatcher,Empidonax minimus,2026-05-16T13:16:15Z,16-May-2026,09:16:15,0.9358,2
Blue-headed Vireo,Vireo solitarius,2026-05-16T13:15:39Z,16-May-2026,09:15:39,0.8461,3
Least Flycatcher,Empidonax minimus,2026-05-16T13:15:31.500000Z,16-May-2026,09:15:31,0.9142,2
Least Flycatcher,Empidonax minimus,2026-05-16T13:15:03Z,16-May-2026,09:15:03,0.9154,2
Least Flycatcher,Empidonax minimus,2026-05-16T13:14:30Z,16-May-2026,09:14:30,0.9258,2
Least Flycatcher,Empidonax minimus,2026-05-16T13:14:15Z,16-May-2026,09:14:15,0.97,2
American Goldfinch,Spinus tristis,2026-05-16T13:14:06Z,16-May-2026,09:14:06,0.9286,1
Least Flycatcher,Empidonax minimus,2026-05-16T13:13:34.500000Z,16-May-2026,09:13:34,0.9233,2
Least Flycatcher,Empidonax minimus,2026-05-16T13:12:31.500000Z,16-May-2026,09:12:31,0.9111,3
Least Flycatcher,Empidonax minimus,2026-05-16T13:12:16.500000Z,16-May-2026,09:12:16,0.9149,4
Least Flycatcher,Empidonax minimus,2026-05-16T13:11:33Z,16-May-2026,09:11:33,0.9282,2
Least Flycatcher,Empidonax minimus,2026-05-16T13:11:12Z,16-May-2026,09:11:12,0.9498,2
Least Flycatcher,Empidonax minimus,2026-05-16T13:10:39Z,16-May-2026,09:10:39,0.9666,1
Least Flycatcher,Empidonax minimus,2026-05-16T13:10:22.500000Z,16-May-2026,09:10:22,0.9066,4
White-breasted Nuthatch,Sitta carolinensis,2026-05-16T13:10:03Z,16-May-2026,09:10:03,0.7306,1
Least Flycatcher,Empidonax minimus,2026-05-16T13:09:48Z,16-May-2026,09:09:48,0.9341,2
Tufted Titmouse,Baeolophus bicolor,2026-05-16T13:09:16.500000Z,16-May-2026,09:09:16,0.9324,2
Least Flycatcher,Empidonax minimus,2026-05-16T13:09:10.500000Z,16-May-2026,09:09:10,0.9106,1
Black-and-white Warbler,Mniotilta varia,2026-05-16T13:09:01.500000Z,16-May-2026,09:09:01,0.9317,1
Least Flycatcher,Empidonax minimus,2026-05-16T13:08:13.500000Z,16-May-2026,09:08:13,0.9348,3
Tufted Titmouse,Baeolophus bicolor,2026-05-16T13:08:12Z,16-May-2026,09:08:12,0.9471,1
Least Flycatcher,Empidonax minimus,2026-05-16T13:07:46.500000Z,16-May-2026,09:07:46,0.9036,1
American Robin,Turdus migratorius,2026-05-16T13:07:34.500000Z,16-May-2026,09:07:34,0.6138,1
Least Flycatcher,Empidonax minimus,2026-05-16T13:07:12Z,16-May-2026,09:07:12,0.9221,3
Least Flycatcher,Empidonax minimus,2026-05-16T13:06:48Z,16-May-2026,09:06:48,0.9303,3
White-breasted Nuthatch,Sitta carolinensis,2026-05-16T13:06:36Z,16-May-2026,09:06:36,0.9661,2
Least Flycatcher,Empidonax minimus,2026-05-16T13:04:36Z,16-May-2026,09:04:36,0.9418,2
Least Flycatcher,Empidonax minimus,2026-05-16T13:03:30Z,16-May-2026,09:03:30,0.9834,1
Least Flycatcher,Empidonax minimus,2026-05-16T13:03:03Z,16-May-2026,09:03:03,0.9231,2
Least Flycatcher,Empidonax minimus,2026-05-16T13:02:24Z,16-May-2026,09:02:24,0.9282,2
Least Flycatcher,Empidonax minimus,2026-05-16T13:01:39Z,16-May-2026,09:01:39,0.9088,1
Black-and-white Warbler,Mniotilta varia,2026-05-16T13:01:24Z,16-May-2026,09:01:24,0.9339,1
Least Flycatcher,Empidonax minimus,2026-05-16T13:00:00Z,16-May-2026,09:00:00,0.9258,1
Black-and-white Warbler,Mniotilta varia,2026-05-16T12:59:34.500000Z,16-May-2026,08:59:34,0.9222,1
Least Flycatcher,Empidonax minimus,2026-05-16T12:59:06Z,16-May-2026,08:59:06,0.9551,3
Black-and-white Warbler,Mniotilta varia,2026-05-16T12:59:03Z,16-May-2026,08:59:03,0.9177,1
Least Flycatcher,Empidonax minimus,2026-05-16T12:58:36Z,16-May-2026,08:58:36,0.9432,2
Northern Parula,Setophaga americana,2026-05-16T12:58:12Z,16-May-2026,08:58:12,0.9588,1
Least Flycatcher,Empidonax minimus,2026-05-16T12:58:07.500000Z,16-May-2026,08:58:07,0.9525,3
Eastern Bluebird,Sialia sialis,2026-05-16T12:56:41Z,16-May-2026,08:56:41,0.8571,1
Black-and-white Warbler,Mniotilta varia,2026-05-16T12:55:47Z,16-May-2026,08:55:47,0.9301,1
Least Flycatcher,Empidonax minimus,2026-05-16T12:55:35Z,16-May-2026,08:55:35,0.9412,2
Northern Parula,Setophaga americana,2026-05-16T12:55:29Z,16-May-2026,08:55:29,0.6674,1
Northern Parula,Setophaga americana,2026-05-16T12:55:11Z,16-May-2026,08:55:11,0.5177,1
Black-and-white Warbler,Mniotilta varia,2026-05-16T12:54:59Z,16-May-2026,08:54:59,0.9245,2
Song Sparrow,Melospiza melodia,2026-05-16T12:54:54.500000Z,16-May-2026,08:54:54,0.8445,1
Black-and-white Warbler,Mniotilta varia,2026-05-16T12:54:08Z,16-May-2026,08:54:08,0.9095,1
Song Sparrow,Melospiza melodia,2026-05-16T12:54:02Z,16-May-2026,08:54:02,0.8449,1
Tufted Titmouse,Baeolophus bicolor,2026-05-16T12:53:59Z,16-May-2026,08:53:59,0.9157,2
Least Flycatcher,Empidonax minimus,2026-05-16T12:53:48.500000Z,16-May-2026,08:53:48,0.9229,1
Black-and-white Warbler,Mniotilta varia,2026-05-16T12:53:36.500000Z,16-May-2026,08:53:36,0.9291,2
Least Flycatcher,Empidonax minimus,2026-05-16T12:53:17Z,16-May-2026,08:53:17,0.9681,2
Black-and-white Warbler,Mniotilta varia,2026-05-16T12:53:05Z,16-May-2026,08:53:05,0.9688,2
White-breasted Nuthatch,Sitta carolinensis,2026-05-16T12:53:03.500000Z,16-May-2026,08:53:03,0.894,1
Northern Parula,Setophaga americana,2026-05-16T12:52:59Z,16-May-2026,08:52:59,0.8957,1
Black-and-white Warbler,Mniotilta varia,2026-05-16T12:52:33.500000Z,16-May-2026,08:52:33,0.9638,2
Least Flycatcher,Empidonax minimus,2026-05-16T12:52:14Z,16-May-2026,08:52:14,0.912,2
White-breasted Nuthatch,Sitta carolinensis,2026-05-16T12:52:08Z,16-May-2026,08:52:08,0.892,2
Black-and-white Warbler,Mniotilta varia,2026-05-16T12:52:00.500000Z,16-May-2026,08:52:00,0.8313,2
White-breasted Nuthatch,Sitta carolinensis,2026-05-16T12:51:48.500000Z,16-May-2026,08:51:48,0.8893,1
Black-and-white Warbler,Mniotilta varia,2026-05-16T12:51:45.500000Z,16-May-2026,08:51:45,0.902,1
Least Flycatcher,Empidonax minimus,2026-05-16T12:51:30.500000Z,16-May-2026,08:51:30,0.9312,2
Black-and-white Warbler,Mniotilta varia,2026-05-16T12:51:09.500000Z,16-May-2026,08:51:09,0.9406,2
Least Flycatcher,Empidonax minimus,2026-05-16T12:51:03.500000Z,16-May-2026,08:51:03,0.9123,2
White-breasted Nuthatch,Sitta carolinensis,2026-05-16T12:50:45.500000Z,16-May-2026,08:50:45,0.9196,2
Least Flycatcher,Empidonax minimus,2026-05-16T12:50:33.500000Z,16-May-2026,08:50:33,0.9228,2
Black-and-white Warbler,Mniotilta varia,2026-05-16T12:50:21.500000Z,16-May-2026,08:50:21,0.937,1
Northern Parula,Setophaga americana,2026-05-16T12:50:15.500000Z,16-May-2026,08:50:15,0.7884,1
Least Flycatcher,Empidonax minimus,2026-05-16T12:49:57.500000Z,16-May-2026,08:49:57,0.9003,2
Northern Parula,Setophaga americana,2026-05-16T12:49:38Z,16-May-2026,08:49:38,0.8914,1
Least Flycatcher,Empidonax minimus,2026-05-16T12:49:32Z,16-May-2026,08:49:32,0.8959,2
Least Flycatcher,Empidonax minimus,2026-05-16T12:49:21.500000Z,16-May-2026,08:49:21,0.8657,1
Tufted Titmouse,Baeolophus bicolor,2026-05-16T12:49:11Z,16-May-2026,08:49:11,0.783,1
Northern Parula,Setophaga americana,2026-05-16T12:48:57.500000Z,16-May-2026,08:48:57,0.9091,2
Least Flycatcher,Empidonax minimus,2026-05-16T12:48:41Z,16-May-2026,08:48:41,0.9221,3
Northern Parula,Setophaga americana,2026-05-16T12:48:30.500000Z,16-May-2026,08:48:30,0.908,2
Black-and-white Warbler,Mniotilta varia,2026-05-16T12:47:47Z,16-May-2026,08:47:47,0.9225,1
American Goldfinch,Spinus tristis,2026-05-16T12:46:30.500000Z,16-May-2026,08:46:30,0.9357,3
Least Flycatcher,Empidonax minimus,2026-05-16T12:46:27.500000Z,16-May-2026,08:46:27,0.912,3
Least Flycatcher,Empidonax minimus,2026-05-16T12:46:21.500000Z,16-May-2026,08:46:21,0.9025,2
American Goldfinch,Spinus tristis,2026-05-16T12:45:59Z,16-May-2026,08:45:59,0.8332,2
Least Flycatcher,Empidonax minimus,2026-05-16T12:45:38Z,16-May-2026,08:45:38,0.9207,4
American Goldfinch,Spinus tristis,2026-05-16T12:45:18.500000Z,16-May-2026,08:45:18,0.8524,2
Least Flycatcher,Empidonax minimus,2026-05-16T12:45:00.500000Z,16-May-2026,08:45:00,0.9198,3
American Goldfinch,Spinus tristis,2026-05-16T12:44:53Z,16-May-2026,08:44:53,0.8798,1
Least Flycatcher,Empidonax minimus,2026-05-16T12:44:29Z,16-May-2026,08:44:29,0.8913,2
Least Flycatcher,Empidonax minimus,2026-05-16T12:44:02Z,16-May-2026,08:44:02,0.9075,1
Least Flycatcher,Empidonax minimus,2026-05-16T12:43:50Z,16-May-2026,08:43:50,0.9049,1
Tufted Titmouse,Baeolophus bicolor,2026-05-16T12:43:38Z,16-May-2026,08:43:38,0.923,1
Northern Parula,Setophaga americana,2026-05-16T12:43:27.500000Z,16-May-2026,08:43:27,0.8326,1
Least Flycatcher,Empidonax minimus,2026-05-16T12:43:11Z,16-May-2026,08:43:11,0.8961,2
Northern Parula,Setophaga americana,2026-05-16T12:43:02Z,16-May-2026,08:43:02,0.9281,1
Northern Parula,Setophaga americana,2026-05-16T12:42:51.500000Z,16-May-2026,08:42:51,0.6862,1
Least Flycatcher,Empidonax minimus,2026-05-16T12:42:29Z,16-May-2026,08:42:29,0.906,4
Least Flycatcher,Empidonax minimus,2026-05-16T12:42:08Z,16-May-2026,08:42:08,0.9425,2
Least Flycatcher,Empidonax minimus,2026-05-16T12:41:51.500000Z,16-May-2026,08:41:51,0.726,2
White-breasted Nuthatch,Sitta carolinensis,2026-05-16T12:41:50Z,16-May-2026,08:41:50,0.7505,1
Least Flycatcher,Empidonax minimus,2026-05-16T12:41:08Z,16-May-2026,08:41:08,0.9491,2
Northern Parula,Setophaga americana,2026-05-16T12:41:03.500000Z,16-May-2026,08:41:03,0.8974,1
Black-throated Blue Warbler,Setophaga caerulescens,2026-05-16T12:40:45.500000Z,16-May-2026,08:40:45,0.8326,1
Least Flycatcher,Empidonax minimus,2026-05-16T12:40:39.500000Z,16-May-2026,08:40:39,0.8101,4
Northern Parula,Setophaga americana,2026-05-16T12:40:32Z,16-May-2026,08:40:32,0.8128,1
Tufted Titmouse,Baeolophus bicolor,2026-05-16T12:40:29Z,16-May-2026,08:40:29,0.9099,1
Least Flycatcher,Empidonax minimus,2026-05-16T12:40:12.500000Z,16-May-2026,08:40:12,0.8518,1
Tufted Titmouse,Baeolophus bicolor,2026-05-16T12:40:02Z,16-May-2026,08:40:02,0.911,2
Least Flycatcher,Empidonax minimus,2026-05-16T12:39:45.500000Z,16-May-2026,08:39:45,0.8942,3
Tufted Titmouse,Baeolophus bicolor,2026-05-16T12:39:32Z,16-May-2026,08:39:32,0.9627,1
Northern Parula,Setophaga americana,2026-05-16T12:39:27.500000Z,16-May-2026,08:39:27,0.7486,1
Tufted Titmouse,Baeolophus bicolor,2026-05-16T12:38:09.500000Z,16-May-2026,08:38:09,0.9169,3
Northern Parula,Setophaga americana,2026-05-16T12:38:02Z,16-May-2026,08:38:02,0.9135,2
Northern Parula,Setophaga americana,2026-05-16T12:37:41Z,16-May-2026,08:37:41,0.9019,2
Tufted Titmouse,Baeolophus bicolor,2026-05-16T12:37:30.500000Z,16-May-2026,08:37:30,0.8684,2
White-breasted Nuthatch,Sitta carolinensis,2026-05-16T12:37:21.500000Z,16-May-2026,08:37:21,0.9461,1
Northern Parula,Setophaga americana,2026-05-16T12:37:18.500000Z,16-May-2026,08:37:18,0.8839,1
Northern Parula,Setophaga americana,2026-05-16T12:29:39.500000Z,16-May-2026,08:29:39,0.8247,1
Black-and-white Warbler,Mniotilta varia,2026-05-16T12:29:11Z,16-May-2026,08:29:11,0.9073,1
Black-and-white Warbler,Mniotilta varia,2026-05-16T12:28:42.500000Z,16-May-2026,08:28:42,0.9373,2
Tufted Titmouse,Baeolophus bicolor,2026-05-16T12:25:48.500000Z,16-May-2026,08:25:48,0.8726,1
American Goldfinch,Spinus tristis,2026-05-16T12:25:29Z,16-May-2026,08:25:29,0.667,1
American Goldfinch,Spinus tristis,2026-05-16T12:23:33.500000Z,16-May-2026,08:23:33,0.9473,3
Black-and-white Warbler,Mniotilta varia,2026-05-16T12:21:18.500000Z,16-May-2026,08:21:18,0.9488,1
Song Sparrow,Melospiza melodia,2026-05-16T12:21:06.500000Z,16-May-2026,08:21:06,0.933,1
Black-and-white Warbler,Mniotilta varia,2026-05-16T12:18:33.500000Z,16-May-2026,08:18:33,0.5926,2
Black-and-white Warbler,Mniotilta varia,2026-05-16T12:16:05Z,16-May-2026,08:16:05,0.9194,1
American Goldfinch,Spinus tristis,2026-05-16T12:15:59Z,16-May-2026,08:15:59,0.9541,1
American Goldfinch,Spinus tristis,2026-05-16T12:15:50Z,16-May-2026,08:15:50,0.9653,2
Black-and-white Warbler,Mniotilta varia,2026-05-16T12:13:35Z,16-May-2026,08:13:35,0.949,1
Northern Parula,Setophaga americana,2026-05-16T12:13:32Z,16-May-2026,08:13:32,0.909,1
American Goldfinch,Spinus tristis,2026-05-16T12:13:17Z,16-May-2026,08:13:17,0.7816,1
American Goldfinch,Spinus tristis,2026-05-16T12:11:08Z,16-May-2026,08:11:08,0.8766,1
Black-and-white Warbler,Mniotilta varia,2026-05-16T12:10:42.500000Z,16-May-2026,08:10:42,0.9281,1
Tufted Titmouse,Baeolophus bicolor,2026-05-16T12:09:51.500000Z,16-May-2026,08:09:51,0.9274,1
Black-and-white Warbler,Mniotilta varia,2026-05-16T12:09:03.500000Z,16-May-2026,08:09:03,0.913,2
Black-and-white Warbler,Mniotilta varia,2026-05-16T12:08:36.500000Z,16-May-2026,08:08:36,0.9027,2
Tufted Titmouse,Baeolophus bicolor,2026-05-16T12:08:14Z,16-May-2026,08:08:14,0.921,1
Black-and-white Warbler,Mniotilta varia,2026-05-16T12:08:08Z,16-May-2026,08:08:08,0.9059,2
Tufted Titmouse,Baeolophus bicolor,2026-05-16T12:07:53Z,16-May-2026,08:07:53,0.9634,1
Black-and-white Warbler,Mniotilta varia,2026-05-16T12:07:48.500000Z,16-May-2026,08:07:48,0.9223,2
Northern Parula,Setophaga americana,2026-05-16T12:07:45.500000Z,16-May-2026,08:07:45,0.7696,1
Black-and-white Warbler,Mniotilta varia,2026-05-16T12:07:08Z,16-May-2026,08:07:08,0.9331,2
Black-and-white Warbler,Mniotilta varia,2026-05-16T12:06:32Z,16-May-2026,08:06:32,0.9095,2
Black-and-white Warbler,Mniotilta varia,2026-05-16T12:06:00.500000Z,16-May-2026,08:06:00,0.9313,2
Black-and-white Warbler,Mniotilta varia,2026-05-16T12:05:47Z,16-May-2026,08:05:47,0.9355,1
Black-and-white Warbler,Mniotilta varia,2026-05-16T12:03:38Z,16-May-2026,08:03:38,0.9427,2
Black-and-white Warbler,Mniotilta varia,2026-05-16T12:03:05Z,16-May-2026,08:03:05,0.9227,2
Blue Jay,Cyanocitta cristata,2026-05-16T12:02:44Z,16-May-2026,08:02:44,0.9225,1
Black-and-white Warbler,Mniotilta varia,2026-05-16T12:02:08Z,16-May-2026,08:02:08,0.9245,2
Black-and-white Warbler,Mniotilta varia,2026-05-16T12:00:59Z,16-May-2026,08:00:59,0.9363,1
Northern Cardinal,Cardinalis cardinalis,2026-05-16T12:00:44Z,16-May-2026,08:00:44,0.8453,1
Black-and-white Warbler,Mniotilta varia,2026-05-16T12:00:38Z,16-May-2026,08:00:38,0.9288,1
Black-and-white Warbler,Mniotilta varia,2026-05-16T12:00:00.500000Z,16-May-2026,08:00:00,0.9687,3
Black-and-white Warbler,Mniotilta varia,2026-05-16T11:59:32Z,16-May-2026,07:59:32,0.9305,2
Black-and-white Warbler,Mniotilta varia,2026-05-16T11:59:09.500000Z,16-May-2026,07:59:09,0.9175,1
Black-and-white Warbler,Mniotilta varia,2026-05-16T11:58:30.500000Z,16-May-2026,07:58:30,0.9209,2
Black-and-white Warbler,Mniotilta varia,2026-05-16T11:57:47Z,16-May-2026,07:57:47,0.9306,2
Black-and-white Warbler,Mniotilta varia,2026-05-16T11:57:18.500000Z,16-May-2026,07:57:18,0.9637,1
Least Flycatcher,Empidonax minimus,2026-05-16T11:57:02Z,16-May-2026,07:57:02,0.9103,2
Black-and-white Warbler,Mniotilta varia,2026-05-16T11:56:51.500000Z,16-May-2026,07:56:51,0.9103,2
Northern Cardinal,Cardinalis cardinalis,2026-05-16T11:56:33.500000Z,16-May-2026,07:56:33,0.7222,1
Black-and-white Warbler,Mniotilta varia,2026-05-16T11:56:24.500000Z,16-May-2026,07:56:24,0.9349,1
Least Flycatcher,Empidonax minimus,2026-05-16T11:56:02Z,16-May-2026,07:56:02,0.9321,1
Black-and-white Warbler,Mniotilta varia,2026-05-16T11:55:53Z,16-May-2026,07:55:53,0.8055,1
Least Flycatcher,Empidonax minimus,2026-05-16T11:54:57.500000Z,16-May-2026,07:54:57,0.9131,1
Least Flycatcher,Empidonax minimus,2026-05-16T11:54:32Z,16-May-2026,07:54:32,0.9147,3
Least Flycatcher,Empidonax minimus,2026-05-16T11:54:08Z,16-May-2026,07:54:08,0.9219,5
Black-and-white Warbler,Mniotilta varia,2026-05-16T11:53:47Z,16-May-2026,07:53:47,0.8863,2
Least Flycatcher,Empidonax minimus,2026-05-16T11:53:39.500000Z,16-May-2026,07:53:39,0.9216,2
Least Flycatcher,Empidonax minimus,2026-05-16T11:53:14Z,16-May-2026,07:53:14,0.9106,2
Black-and-white Warbler,Mniotilta varia,2026-05-16T11:53:06.500000Z,16-May-2026,07:53:06,0.9709,1
Northern Cardinal,Cardinalis cardinalis,2026-05-16T11:53:03.500000Z,16-May-2026,07:53:03,0.7249,1
Northern Cardinal,Cardinalis cardinalis,2026-05-16T11:52:47Z,16-May-2026,07:52:47,0.8133,1
Least Flycatcher,Empidonax minimus,2026-05-16T11:52:42.500000Z,16-May-2026,07:52:42,0.9305,1
Black-and-white Warbler,Mniotilta varia,2026-05-16T11:52:29Z,16-May-2026,07:52:29,0.9102,3
Least Flycatcher,Empidonax minimus,2026-05-16T11:52:02Z,16-May-2026,07:52:02,0.9275,2
Least Flycatcher,Empidonax minimus,2026-05-16T11:51:44Z,16-May-2026,07:51:44,0.9099,1
Least Flycatcher,Empidonax minimus,2026-05-16T11:51:02Z,16-May-2026,07:51:02,0.9119,3
Least Flycatcher,Empidonax minimus,2026-05-16T11:50:51.500000Z,16-May-2026,07:50:51,0.9224,2
Least Flycatcher,Empidonax minimus,2026-05-16T11:50:17Z,16-May-2026,07:50:17,0.9225,3
Ovenbird,Seiurus aurocapilla,2026-05-16T11:49:59Z,16-May-2026,07:49:59,0.8638,1
Least Flycatcher,Empidonax minimus,2026-05-16T11:49:29Z,16-May-2026,07:49:29,0.9183,2
Least Flycatcher,Empidonax minimus,2026-05-16T11:49:21.500000Z,16-May-2026,07:49:21,0.9084,3
Least Flycatcher,Empidonax minimus,2026-05-16T11:48:35Z,16-May-2026,07:48:35,0.9347,2
Least Flycatcher,Empidonax minimus,2026-05-16T11:48:24.500000Z,16-May-2026,07:48:24,0.9097,2
Least Flycatcher,Empidonax minimus,2026-05-16T11:47:53Z,16-May-2026,07:47:53,0.912,1
Black-and-white Warbler,Mniotilta varia,2026-05-16T11:47:15.500000Z,16-May-2026,07:47:15,0.9233,1
Least Flycatcher,Empidonax minimus,2026-05-16T11:47:11Z,16-May-2026,07:47:11,0.9309,2
Black-and-white Warbler,Mniotilta varia,2026-05-16T11:46:47Z,16-May-2026,07:46:47,0.915,1
Least Flycatcher,Empidonax minimus,2026-05-16T11:46:33.500000Z,16-May-2026,07:46:33,0.9033,3
Black-and-white Warbler,Mniotilta varia,2026-05-16T11:46:20Z,16-May-2026,07:46:20,0.9203,2
Least Flycatcher,Empidonax minimus,2026-05-16T11:46:09.500000Z,16-May-2026,07:46:09,0.9146,2
Ovenbird,Seiurus aurocapilla,2026-05-16T11:45:42.500000Z,16-May-2026,07:45:42,0.9038,1
Black-and-white Warbler,Mniotilta varia,2026-05-16T11:45:35Z,16-May-2026,07:45:35,0.9052,2
Least Flycatcher,Empidonax minimus,2026-05-16T11:45:27.500000Z,16-May-2026,07:45:27,0.8972,2
Least Flycatcher,Empidonax minimus,2026-05-16T11:45:20Z,16-May-2026,07:45:20,0.9178,1
Black-and-white Warbler,Mniotilta varia,2026-05-16T11:45:05Z,16-May-2026,07:45:05,0.9136,1
Black-and-white Warbler,Mniotilta varia,2026-05-16T11:44:50Z,16-May-2026,07:44:50,0.9129,1
Northern Cardinal,Cardinalis cardinalis,2026-05-16T11:44:41Z,16-May-2026,07:44:41,0.8953,1
Least Flycatcher,Empidonax minimus,2026-05-16T11:44:29Z,16-May-2026,07:44:29,0.9003,2
Black-and-white Warbler,Mniotilta varia,2026-05-16T11:44:21.500000Z,16-May-2026,07:44:21,0.9279,1
Least Flycatcher,Empidonax minimus,2026-05-16T11:44:06.500000Z,16-May-2026,07:44:06,0.9037,2
Black-and-white Warbler,Mniotilta varia,2026-05-16T11:43:51.500000Z,16-May-2026,07:43:51,0.9224,2
Least Flycatcher,Empidonax minimus,2026-05-16T11:43:41Z,16-May-2026,07:43:41,0.9218,2
Ovenbird,Seiurus aurocapilla,2026-05-16T11:43:03.500000Z,16-May-2026,07:43:03,0.9318,2
Black-and-white Warbler,Mniotilta varia,2026-05-16T11:42:59Z,16-May-2026,07:42:59,0.9217,2
Least Flycatcher,Empidonax minimus,2026-05-16T11:42:47Z,16-May-2026,07:42:47,0.93,4
Least Flycatcher,Empidonax minimus,2026-05-16T11:42:21.500000Z,16-May-2026,07:42:21,0.9545,2
Least Flycatcher,Empidonax minimus,2026-05-16T11:41:39.500000Z,16-May-2026,07:41:39,0.8999,2
Least Flycatcher,Empidonax minimus,2026-05-16T11:41:12.500000Z,16-May-2026,07:41:12,0.9061,3
Least Flycatcher,Empidonax minimus,2026-05-16T11:40:45.500000Z,16-May-2026,07:40:45,0.9114,2
Black-and-white Warbler,Mniotilta varia,2026-05-16T11:40:33.500000Z,16-May-2026,07:40:33,0.9198,1
Least Flycatcher,Empidonax minimus,2026-05-16T11:40:08Z,16-May-2026,07:40:08,0.9161,2
Black-and-white Warbler,Mniotilta varia,2026-05-16T11:39:44Z,16-May-2026,07:39:44,0.9183,1
Least Flycatcher,Empidonax minimus,2026-05-16T11:39:30.500000Z,16-May-2026,07:39:30,0.943,2
Eastern Phoebe,Sayornis phoebe,2026-05-16T11:39:27.500000Z,16-May-2026,07:39:27,0.8848,1
Eastern Phoebe,Sayornis phoebe,2026-05-16T11:39:14Z,16-May-2026,07:39:14,0.869,1
Least Flycatcher,Empidonax minimus,2026-05-16T11:39:00.500000Z,16-May-2026,07:39:00,0.9066,2
Least Flycatcher,Empidonax minimus,2026-05-16T11:38:36.500000Z,16-May-2026,07:38:36,0.913,2
Least Flycatcher,Empidonax minimus,2026-05-16T11:38:24.500000Z,16-May-2026,07:38:24,0.9168,1
Black-and-white Warbler,Mniotilta varia,2026-05-16T11:38:18.500000Z,16-May-2026,07:38:18,0.9171,1
Eastern Phoebe,Sayornis phoebe,2026-05-16T11:38:12.500000Z,16-May-2026,07:38:12,0.75,1
Eastern Phoebe,Sayornis phoebe,2026-05-16T11:37:44Z,16-May-2026,07:37:44,0.8768,1
Least Flycatcher,Empidonax minimus,2026-05-16T11:37:33.500000Z,16-May-2026,07:37:33,0.8979,2
Least Flycatcher,Empidonax minimus,2026-05-16T11:37:18.500000Z,16-May-2026,07:37:18,0.7196,2
Eastern Phoebe,Sayornis phoebe,2026-05-16T11:37:14Z,16-May-2026,07:37:14,0.7914,1
Black-and-white Warbler,Mniotilta varia,2026-05-16T11:37:08Z,16-May-2026,07:37:08,0.8025,1
Least Flycatcher,Empidonax minimus,2026-05-16T11:36:50Z,16-May-2026,07:36:50,0.9229,3
Black-and-white Warbler,Mniotilta varia,2026-05-16T11:36:45.500000Z,16-May-2026,07:36:45,0.736,1
Ovenbird,Seiurus aurocapilla,2026-05-16T11:35:09.500000Z,16-May-2026,07:35:09,0.6116,2
Black-and-white Warbler,Mniotilta varia,2026-05-16T11:33:05Z,16-May-2026,07:33:05,0.9525,2
Black-and-white Warbler,Mniotilta varia,2026-05-16T11:32:51.500000Z,16-May-2026,07:32:51,0.618,1
American Robin,Turdus migratorius,2026-05-16T11:28:51.500000Z,16-May-2026,07:28:51,0.9117,1
Black-and-white Warbler,Mniotilta varia,2026-05-16T11:28:41Z,16-May-2026,07:28:41,0.9403,2
Black-and-white Warbler,Mniotilta varia,2026-05-16T11:28:15.500000Z,16-May-2026,07:28:15,0.9353,1
Golden-crowned Kinglet,Regulus satrapa,2026-05-16T11:27:44Z,16-May-2026,07:27:44,0.5256,1
Ovenbird,Seiurus aurocapilla,2026-05-16T11:27:36.500000Z,16-May-2026,07:27:36,0.8781,1
Least Flycatcher,Empidonax minimus,2026-05-16T11:27:29Z,16-May-2026,07:27:29,0.8931,1
Black-and-white Warbler,Mniotilta varia,2026-05-16T11:27:15.500000Z,16-May-2026,07:27:15,0.9287,2
Black-and-white Warbler,Mniotilta varia,2026-05-16T11:25:38Z,16-May-2026,07:25:38,0.9362,3
Black-and-white Warbler,Mniotilta varia,2026-05-16T11:24:42.500000Z,16-May-2026,07:24:42,0.9442,1
Least Flycatcher,Empidonax minimus,2026-05-16T11:24:35Z,16-May-2026,07:24:35,0.9455,2
Black-and-white Warbler,Mniotilta varia,2026-05-16T11:24:11Z,16-May-2026,07:24:11,0.922,1
Least Flycatcher,Empidonax minimus,2026-05-16T11:23:59Z,16-May-2026,07:23:59,0.9152,3
Least Flycatcher,Empidonax minimus,2026-05-16T11:23:51.500000Z,16-May-2026,07:23:51,0.8736,2
Black-and-white Warbler,Mniotilta varia,2026-05-16T11:23:27.500000Z,16-May-2026,07:23:27,0.5482,2
Black-and-white Warbler,Mniotilta varia,2026-05-16T11:23:14Z,16-May-2026,07:23:14,0.9129,2
Least Flycatcher,Empidonax minimus,2026-05-16T11:22:47Z,16-May-2026,07:22:47,0.6329,2
Black-and-white Warbler,Mniotilta varia,2026-05-16T11:22:42.500000Z,16-May-2026,07:22:42,0.9205,1
Brown-headed Cowbird,Molothrus ater,2026-05-16T11:22:14Z,16-May-2026,07:22:14,0.9086,1
Ovenbird,Seiurus aurocapilla,2026-05-16T11:19:17Z,16-May-2026,07:19:17,0.8926,1
Black-and-white Warbler,Mniotilta varia,2026-05-16T11:19:12.500000Z,16-May-2026,07:19:12,0.929,1
Black-and-white Warbler,Mniotilta varia,2026-05-16T11:17:42.500000Z,16-May-2026,07:17:42,0.914,1
Eastern Phoebe,Sayornis phoebe,2026-05-16T11:17:02Z,16-May-2026,07:17:02,0.8173,3
Black-and-white Warbler,Mniotilta varia,2026-05-16T11:16:41Z,16-May-2026,07:16:41,0.8621,1
Black-and-white Warbler,Mniotilta varia,2026-05-16T11:16:15.500000Z,16-May-2026,07:16:15,0.83,1
Ovenbird,Seiurus aurocapilla,2026-05-16T11:15:00.500000Z,16-May-2026,07:15:00,0.8991,2
Song Sparrow,Melospiza melodia,2026-05-16T11:14:38Z,16-May-2026,07:14:38,0.8633,1
Ovenbird,Seiurus aurocapilla,2026-05-16T11:13:29Z,16-May-2026,07:13:29,0.9145,2
Ovenbird,Seiurus aurocapilla,2026-05-16T11:12:57.500000Z,16-May-2026,07:12:57,0.7042,2
Pileated Woodpecker,Dryocopus pileatus,2026-05-16T11:12:48.500000Z,16-May-2026,07:12:48,0.8359,1
Tufted Titmouse,Baeolophus bicolor,2026-05-16T11:11:20Z,16-May-2026,07:11:20,0.7701,2
Brown-headed Cowbird,Molothrus ater,2026-05-16T11:09:33.500000Z,16-May-2026,07:09:33,0.8984,1
Red-bellied Woodpecker,Melanerpes carolinus,2026-05-16T11:09:03.500000Z,16-May-2026,07:09:03,0.8759,1
Brown-headed Cowbird,Molothrus ater,2026-05-16T11:08:57.500000Z,16-May-2026,07:08:57,0.886,3
Black-and-white Warbler,Mniotilta varia,2026-05-16T11:07:36.500000Z,16-May-2026,07:07:36,0.7869,1
Eastern Phoebe,Sayornis phoebe,2026-05-16T11:07:27.500000Z,16-May-2026,07:07:27,0.9094,2
Eastern Phoebe,Sayornis phoebe,2026-05-16T11:06:48.500000Z,16-May-2026,07:06:48,0.9697,2
Eastern Phoebe,Sayornis phoebe,2026-05-16T11:06:09.500000Z,16-May-2026,07:06:09,0.8708,2
Eastern Phoebe,Sayornis phoebe,2026-05-16T11:05:21.500000Z,16-May-2026,07:05:21,0.8976,3
Eastern Phoebe,Sayornis phoebe,2026-05-16T11:04:36.500000Z,16-May-2026,07:04:36,0.8677,2
Black-and-white Warbler,Mniotilta varia,2026-05-16T11:04:32Z,16-May-2026,07:04:32,0.8629,1
Eastern Phoebe,Sayornis phoebe,2026-05-16T11:04:12.500000Z,16-May-2026,07:04:12,0.8881,2
Eastern Phoebe,Sayornis phoebe,2026-05-16T11:03:36.500000Z,16-May-2026,07:03:36,0.8178,3
Eastern Phoebe,Sayornis phoebe,2026-05-16T11:03:23Z,16-May-2026,07:03:23,0.8747,3
Eastern Phoebe,Sayornis phoebe,2026-05-16T11:02:30.500000Z,16-May-2026,07:02:30,0.9177,3
Eastern Phoebe,Sayornis phoebe,2026-05-16T11:02:23Z,16-May-2026,07:02:23,0.8948,2
Eastern Phoebe,Sayornis phoebe,2026-05-16T11:01:32Z,16-May-2026,07:01:32,0.8905,2
Black-and-white Warbler,Mniotilta varia,2026-05-16T11:00:42.500000Z,16-May-2026,07:00:42,0.9261,2
Eastern Phoebe,Sayornis phoebe,2026-05-16T11:00:27.500000Z,16-May-2026,07:00:27,0.8986,3
Eastern Phoebe,Sayornis phoebe,2026-05-16T11:00:20Z,16-May-2026,07:00:20,0.8898,1
Black-and-white Warbler,Mniotilta varia,2026-05-16T11:00:06.500000Z,16-May-2026,07:00:06,0.9303,1
Black-and-white Warbler,Mniotilta varia,2026-05-16T10:59:41Z,16-May-2026,06:59:41,0.9139,3
Black-and-white Warbler,Mniotilta varia,2026-05-16T10:59:02Z,16-May-2026,06:59:02,0.9241,2
Black-and-white Warbler,Mniotilta varia,2026-05-16T10:58:15.500000Z,16-May-2026,06:58:15,0.9413,1
Black-and-white Warbler,Mniotilta varia,2026-05-16T10:57:13.500000Z,16-May-2026,06:57:13,0.8941,3
Black-and-white Warbler,Mniotilta varia,2026-05-16T10:56:37.500000Z,16-May-2026,06:56:37,0.9143,1
Least Flycatcher,Empidonax minimus,2026-05-16T10:56:15Z,16-May-2026,06:56:15,0.8806,1
Black-and-white Warbler,Mniotilta varia,2026-05-16T10:56:03Z,16-May-2026,06:56:03,0.9114,2
Black-and-white Warbler,Mniotilta varia,2026-05-16T10:54:40.500000Z,16-May-2026,06:54:40,0.914,2
Brown-headed Cowbird,Molothrus ater,2026-05-16T10:54:16.500000Z,16-May-2026,06:54:16,0.7474,1
Black-and-white Warbler,Mniotilta varia,2026-05-16T10:54:10.500000Z,16-May-2026,06:54:10,0.8965,2
Brown-headed Cowbird,Molothrus ater,2026-05-16T10:53:31.500000Z,16-May-2026,06:53:31,0.9282,2
Black-and-white Warbler,Mniotilta varia,2026-05-16T10:53:21Z,16-May-2026,06:53:21,0.9344,1
Ovenbird,Seiurus aurocapilla,2026-05-16T10:52:25.500000Z,16-May-2026,06:52:25,0.8436,1
Least Flycatcher,Empidonax minimus,2026-05-16T10:52:12Z,16-May-2026,06:52:12,0.9611,2
Ovenbird,Seiurus aurocapilla,2026-05-16T10:51:24Z,16-May-2026,06:51:24,0.8935,1
Black-and-white Warbler,Mniotilta varia,2026-05-16T10:51:21Z,16-May-2026,06:51:21,0.9434,2
Least Flycatcher,Empidonax minimus,2026-05-16T10:51:15Z,16-May-2026,06:51:15,0.6995,1
Blue-headed Vireo,Vireo solitarius,2026-05-16T10:51:00Z,16-May-2026,06:51:00,0.9149,3
Blue-headed Vireo,Vireo solitarius,2026-05-16T10:50:45Z,16-May-2026,06:50:45,0.9373,1
Least Flycatcher,Empidonax minimus,2026-05-16T10:50:07.500000Z,16-May-2026,06:50:07,0.9065,2
Blue-headed Vireo,Vireo solitarius,2026-05-16T10:50:01.500000Z,16-May-2026,06:50:01,0.8016,1
Blue-headed Vireo,Vireo solitarius,2026-05-16T10:49:31.500000Z,16-May-2026,06:49:31,0.9122,1
Blue-headed Vireo,Vireo solitarius,2026-05-16T10:49:19.500000Z,16-May-2026,06:49:19,0.9135,2
Ovenbird,Seiurus aurocapilla,2026-05-16T10:49:03Z,16-May-2026,06:49:03,0.8941,1
Black-and-white Warbler,Mniotilta varia,2026-05-16T10:48:58.500000Z,16-May-2026,06:48:58,0.9129,1
Black-and-white Warbler,Mniotilta varia,2026-05-16T10:48:45Z,16-May-2026,06:48:45,0.924,2
Least Flycatcher,Empidonax minimus,2026-05-16T10:48:06Z,16-May-2026,06:48:06,0.9045,2
Black-and-white Warbler,Mniotilta varia,2026-05-16T10:47:58.500000Z,16-May-2026,06:47:58,0.9107,2
Ovenbird,Seiurus aurocapilla,2026-05-16T10:47:39Z,16-May-2026,06:47:39,0.6605,1
Least Flycatcher,Empidonax minimus,2026-05-16T10:47:34.500000Z,16-May-2026,06:47:34,0.9294,1
Least Flycatcher,Empidonax minimus,2026-05-16T10:47:21Z,16-May-2026,06:47:21,0.9339,2
Least Flycatcher,Empidonax minimus,2026-05-16T10:46:40.500000Z,16-May-2026,06:46:40,0.9207,3
Least Flycatcher,Empidonax minimus,2026-05-16T10:46:19.500000Z,16-May-2026,06:46:19,0.9198,2
Least Flycatcher,Empidonax minimus,2026-05-16T10:45:45Z,16-May-2026,06:45:45,0.937,2
American Goldfinch,Spinus tristis,2026-05-16T10:45:24Z,16-May-2026,06:45:24,0.6455,1
Least Flycatcher,Empidonax minimus,2026-05-16T10:45:07.500000Z,16-May-2026,06:45:07,0.9603,2
Black-and-white Warbler,Mniotilta varia,2026-05-16T10:44:51Z,16-May-2026,06:44:51,0.7158,1
Least Flycatcher,Empidonax minimus,2026-05-16T10:44:36Z,16-May-2026,06:44:36,0.9413,4
Least Flycatcher,Empidonax minimus,2026-05-16T10:44:12Z,16-May-2026,06:44:12,0.9203,3
Eastern Phoebe,Sayornis phoebe,2026-05-16T10:43:48Z,16-May-2026,06:43:48,0.9126,1
Least Flycatcher,Empidonax minimus,2026-05-16T10:43:28.500000Z,16-May-2026,06:43:28,0.9005,2
Black-and-white Warbler,Mniotilta varia,2026-05-16T10:43:24Z,16-May-2026,06:43:24,0.8935,1
Least Flycatcher,Empidonax minimus,2026-05-16T10:43:09Z,16-May-2026,06:43:09,0.9395,2
Least Flycatcher,Empidonax minimus,2026-05-16T10:42:45Z,16-May-2026,06:42:45,0.9671,3
Least Flycatcher,Empidonax minimus,2026-05-16T10:42:13.500000Z,16-May-2026,06:42:13,0.9756,3
Least Flycatcher,Empidonax minimus,2026-05-16T10:41:40.500000Z,16-May-2026,06:41:40,0.9352,2
Eastern Phoebe,Sayornis phoebe,2026-05-16T10:40:40.500000Z,16-May-2026,06:40:40,0.8651,1
Least Flycatcher,Empidonax minimus,2026-05-16T10:40:30Z,16-May-2026,06:40:30,0.8535,2
Least Flycatcher,Empidonax minimus,2026-05-16T10:40:00Z,16-May-2026,06:40:00,0.967,2
Least Flycatcher,Empidonax minimus,2026-05-16T10:39:31.500000Z,16-May-2026,06:39:31,0.9312,2
Eastern Phoebe,Sayornis phoebe,2026-05-16T10:39:24Z,16-May-2026,06:39:24,0.9439,1
Least Flycatcher,Empidonax minimus,2026-05-16T10:39:00Z,16-May-2026,06:39:00,0.957,2
Eastern Phoebe,Sayornis phoebe,2026-05-16T10:38:49.500000Z,16-May-2026,06:38:49,0.9427,1
Least Flycatcher,Empidonax minimus,2026-05-16T10:38:33Z,16-May-2026,06:38:33,0.9059,1
Black-and-white Warbler,Mniotilta varia,2026-05-16T10:37:43.500000Z,16-May-2026,06:37:43,0.9103,2
Least Flycatcher,Empidonax minimus,2026-05-16T10:37:34.500000Z,16-May-2026,06:37:34,0.9416,2
Least Flycatcher,Empidonax minimus,2026-05-16T10:37:25.500000Z,16-May-2026,06:37:25,0.8966,1
Black-and-white Warbler,Mniotilta varia,2026-05-16T10:37:15Z,16-May-2026,06:37:15,0.9236,2
Black-and-white Warbler,Mniotilta varia,2026-05-16T10:35:39Z,16-May-2026,06:35:39,0.7904,1
Black-and-white Warbler,Mniotilta varia,2026-05-16T10:34:06Z,16-May-2026,06:34:06,0.9201,2
Black-and-white Warbler,Mniotilta varia,2026-05-16T10:33:33Z,16-May-2026,06:33:33,0.9478,1
Black-and-white Warbler,Mniotilta varia,2026-05-16T10:33:03Z,16-May-2026,06:33:03,0.9284,1
American Robin,Turdus migratorius,2026-05-16T10:33:00Z,16-May-2026,06:33:00,0.7981,2
Black-and-white Warbler,Mniotilta varia,2026-05-16T10:32:37.500000Z,16-May-2026,06:32:37,0.7525,2
Least Flycatcher,Empidonax minimus,2026-05-16T10:32:28.500000Z,16-May-2026,06:32:28,0.9276,1
Black-and-white Warbler,Mniotilta varia,2026-05-16T10:32:22.500000Z,16-May-2026,06:32:22,0.9078,2
Brown-headed Cowbird,Molothrus ater,2026-05-16T10:31:12Z,16-May-2026,06:31:12,0.5825,1
Black-and-white Warbler,Mniotilta varia,2026-05-16T10:31:03Z,16-May-2026,06:31:03,0.9341,1
Black-and-white Warbler,Mniotilta varia,2026-05-16T10:30:31.500000Z,16-May-2026,06:30:31,0.9355,1
Least Flycatcher,Empidonax minimus,2026-05-16T10:30:10.500000Z,16-May-2026,06:30:10,0.753,2
Black-and-white Warbler,Mniotilta varia,2026-05-16T10:30:03Z,16-May-2026,06:30:03,0.9475,2
Least Flycatcher,Empidonax minimus,2026-05-16T10:29:55.500000Z,16-May-2026,06:29:55,0.9581,1
Black-and-white Warbler,Mniotilta varia,2026-05-16T10:29:33Z,16-May-2026,06:29:33,0.8747,2
Least Flycatcher,Empidonax minimus,2026-05-16T10:29:04.500000Z,16-May-2026,06:29:04,0.9093,1
Black-and-white Warbler,Mniotilta varia,2026-05-16T10:29:01.500000Z,16-May-2026,06:29:01,0.8973,1
Black-and-white Warbler,Mniotilta varia,2026-05-16T10:28:45Z,16-May-2026,06:28:45,0.9174,2
Black-and-white Warbler,Mniotilta varia,2026-05-16T10:28:13.500000Z,16-May-2026,06:28:13,0.937,2
Black-and-white Warbler,Mniotilta varia,2026-05-16T10:26:10.500000Z,16-May-2026,06:26:10,0.9177,1
Eastern Phoebe,Sayornis phoebe,2026-05-16T10:26:07.500000Z,16-May-2026,06:26:07,0.9459,1
Canada Warbler,Cardellina canadensis,2026-05-16T10:26:04.500000Z,16-May-2026,06:26:04,0.8787,2
Black-and-white Warbler,Mniotilta varia,2026-05-16T10:25:54Z,16-May-2026,06:25:54,0.9325,1
American Goldfinch,Spinus tristis,2026-05-16T10:25:30Z,16-May-2026,06:25:30,0.7697,1
Black-and-white Warbler,Mniotilta varia,2026-05-16T10:25:21Z,16-May-2026,06:25:21,0.9033,1
American Goldfinch,Spinus tristis,2026-05-16T10:25:12Z,16-May-2026,06:25:12,0.6045,1
Black-and-white Warbler,Mniotilta varia,2026-05-16T10:24:46.500000Z,16-May-2026,06:24:46,0.919,1
Eastern Phoebe,Sayornis phoebe,2026-05-16T10:24:31.500000Z,16-May-2026,06:24:31,0.7944,1
American Goldfinch,Spinus tristis,2026-05-16T10:24:18Z,16-May-2026,06:24:18,0.915,1
Eastern Phoebe,Sayornis phoebe,2026-05-16T10:24:07.500000Z,16-May-2026,06:24:07,0.8681,2
Black-and-white Warbler,Mniotilta varia,2026-05-16T10:24:04.500000Z,16-May-2026,06:24:04,0.963,1
Eastern Bluebird,Sialia sialis,2026-05-16T10:24:01.500000Z,16-May-2026,06:24:01,0.8765,1
Black-and-white Warbler,Mniotilta varia,2026-05-16T10:23:51Z,16-May-2026,06:23:51,0.8709,1
Eastern Phoebe,Sayornis phoebe,2026-05-16T10:23:46.500000Z,16-May-2026,06:23:46,0.9417,1
Eastern Bluebird,Sialia sialis,2026-05-16T10:23:37.500000Z,16-May-2026,06:23:37,0.9324,1
Blue-headed Vireo,Vireo solitarius,2026-05-16T10:23:34.500000Z,16-May-2026,06:23:34,0.9252,1
Blue-headed Vireo,Vireo solitarius,2026-05-16T10:23:21Z,16-May-2026,06:23:21,0.7648,1
Eastern Phoebe,Sayornis phoebe,2026-05-16T10:23:12Z,16-May-2026,06:23:12,0.82,1
Black-and-white Warbler,Mniotilta varia,2026-05-16T10:23:06Z,16-May-2026,06:23:06,0.9704,2
Black-and-white Warbler,Mniotilta varia,2026-05-16T10:22:49.500000Z,16-May-2026,06:22:49,0.9294,1
Blue-headed Vireo,Vireo solitarius,2026-05-16T10:22:43.500000Z,16-May-2026,06:22:43,0.9195,1
Black-and-white Warbler,Mniotilta varia,2026-05-16T10:22:21Z,16-May-2026,06:22:21,0.8216,1
American Redstart,Setophaga ruticilla,2026-05-16T10:22:18Z,16-May-2026,06:22:18,0.5687,1
Least Flycatcher,Empidonax minimus,2026-05-16T10:21:46.500000Z,16-May-2026,06:21:46,0.9559,1
Black-and-white Warbler,Mniotilta varia,2026-05-16T10:21:10.500000Z,16-May-2026,06:21:10,0.9074,1
Black-throated Green Warbler,Setophaga virens,2026-05-16T10:21:04.500000Z,16-May-2026,06:21:04,0.9054,1
Black-throated Green Warbler,Setophaga virens,2026-05-16T10:20:49.500000Z,16-May-2026,06:20:49,0.8966,2
American Goldfinch,Spinus tristis,2026-05-16T10:20:21Z,16-May-2026,06:20:21,0.9672,1
Black-throated Green Warbler,Setophaga virens,2026-05-16T10:20:18Z,16-May-2026,06:20:18,0.9332,1
Least Flycatcher,Empidonax minimus,2026-05-16T10:20:06Z,16-May-2026,06:20:06,0.9312,3
Black-throated Green Warbler,Setophaga virens,2026-05-16T10:19:52.500000Z,16-May-2026,06:19:52,0.8985,1
Black-and-white Warbler,Mniotilta varia,2026-05-16T10:19:45Z,16-May-2026,06:19:45,0.9284,1
Least Flycatcher,Empidonax minimus,2026-05-16T10:19:21Z,16-May-2026,06:19:21,0.5689,1
Black-and-white Warbler,Mniotilta varia,2026-05-16T10:19:00Z,16-May-2026,06:19:00,0.9224,2
Least Flycatcher,Empidonax minimus,2026-05-16T10:18:37.500000Z,16-May-2026,06:18:37,0.9009,2
Black-and-white Warbler,Mniotilta varia,2026-05-16T10:18:34.500000Z,16-May-2026,06:18:34,0.9102,2
Eastern Phoebe,Sayornis phoebe,2026-05-16T10:18:12Z,16-May-2026,06:18:12,0.5152,2
Least Flycatcher,Empidonax minimus,2026-05-16T10:18:09Z,16-May-2026,06:18:09,0.919,1
Least Flycatcher,Empidonax minimus,2026-05-16T10:17:37.500000Z,16-May-2026,06:17:37,0.9167,2
Least Flycatcher,Empidonax minimus,2026-05-16T10:17:15Z,16-May-2026,06:17:15,0.9111,1
Least Flycatcher,Empidonax minimus,2026-05-16T10:16:36Z,16-May-2026,06:16:36,0.9436,2
Least Flycatcher,Empidonax minimus,2026-05-16T10:16:16.500000Z,16-May-2026,06:16:16,0.9427,4
Eastern Phoebe,Sayornis phoebe,2026-05-16T10:16:01.500000Z,16-May-2026,06:16:01,0.8963,1
Eastern Phoebe,Sayornis phoebe,2026-05-16T10:15:54Z,16-May-2026,06:15:54,0.8447,2
Least Flycatcher,Empidonax minimus,2026-05-16T10:15:37.500000Z,16-May-2026,06:15:37,0.9122,2
Least Flycatcher,Empidonax minimus,2026-05-16T10:15:13.500000Z,16-May-2026,06:15:13,0.9078,2
Eastern Phoebe,Sayornis phoebe,2026-05-16T10:15:04.500000Z,16-May-2026,06:15:04,0.9101,2
Black-and-white Warbler,Mniotilta varia,2026-05-16T10:14:34.500000Z,16-May-2026,06:14:34,0.9004,1
Eastern Phoebe,Sayornis phoebe,2026-05-16T10:14:30Z,16-May-2026,06:14:30,0.8988,3
Black-and-white Warbler,Mniotilta varia,2026-05-16T10:14:21Z,16-May-2026,06:14:21,0.9274,1
Eastern Phoebe,Sayornis phoebe,2026-05-16T10:14:12Z,16-May-2026,06:14:12,0.8909,3
Least Flycatcher,Empidonax minimus,2026-05-16T10:13:37.500000Z,16-May-2026,06:13:37,0.5434,1
Black-and-white Warbler,Mniotilta varia,2026-05-16T10:13:36Z,16-May-2026,06:13:36,0.9563,2
Eastern Phoebe,Sayornis phoebe,2026-05-16T10:13:30Z,16-May-2026,06:13:30,0.5709,3
Black-and-white Warbler,Mniotilta varia,2026-05-16T10:12:51Z,16-May-2026,06:12:51,0.9464,1
Least Flycatcher,Empidonax minimus,2026-05-16T10:12:28.500000Z,16-May-2026,06:12:28,0.9027,1
Black-and-white Warbler,Mniotilta varia,2026-05-16T10:12:21Z,16-May-2026,06:12:21,0.9285,2
Least Flycatcher,Empidonax minimus,2026-05-16T10:12:12Z,16-May-2026,06:12:12,0.7198,2
Eastern Phoebe,Sayornis phoebe,2026-05-16T10:12:00Z,16-May-2026,06:12:00,0.8884,2
Eastern Phoebe,Sayornis phoebe,2026-05-16T10:11:37.500000Z,16-May-2026,06:11:37,0.819,2
Least Flycatcher,Empidonax minimus,2026-05-16T10:11:28.500000Z,16-May-2026,06:11:28,0.884,1
Eastern Phoebe,Sayornis phoebe,2026-05-16T10:11:25.500000Z,16-May-2026,06:11:25,0.7574,1
Least Flycatcher,Empidonax minimus,2026-05-16T10:11:01.500000Z,16-May-2026,06:11:01,0.8923,2
Least Flycatcher,Empidonax minimus,2026-05-16T10:10:43.500000Z,16-May-2026,06:10:43,0.7371,3
Black-and-white Warbler,Mniotilta varia,2026-05-16T10:10:30Z,16-May-2026,06:10:30,0.6364,1
Eastern Phoebe,Sayornis phoebe,2026-05-16T10:10:21Z,16-May-2026,06:10:21,0.9189,2
Blue-headed Vireo,Vireo solitarius,2026-05-16T10:10:13.500000Z,16-May-2026,06:10:13,0.9305,1
Black-and-white Warbler,Mniotilta varia,2026-05-16T10:10:10.500000Z,16-May-2026,06:10:10,0.6341,1
Eastern Phoebe,Sayornis phoebe,2026-05-16T10:09:52.500000Z,16-May-2026,06:09:52,0.8836,1
Least Flycatcher,Empidonax minimus,2026-05-16T10:09:46.500000Z,16-May-2026,06:09:46,0.9454,2
Black-and-white Warbler,Mniotilta varia,2026-05-16T10:09:36Z,16-May-2026,06:09:36,0.9078,1
Black-and-white Warbler,Mniotilta varia,2026-05-16T10:09:19.500000Z,16-May-2026,06:09:19,0.9394,2
Least Flycatcher,Empidonax minimus,2026-05-16T10:09:06Z,16-May-2026,06:09:06,0.8909,3
Blue-headed Vireo,Vireo solitarius,2026-05-16T10:08:52.500000Z,16-May-2026,06:08:52,0.9023,1
Black-and-white Warbler,Mniotilta varia,2026-05-16T10:08:43.500000Z,16-May-2026,06:08:43,0.8792,1
Eastern Phoebe,Sayornis phoebe,2026-05-16T10:08:39Z,16-May-2026,06:08:39,0.8678,1
Least Flycatcher,Empidonax minimus,2026-05-16T10:08:31.500000Z,16-May-2026,06:08:31,0.9261,1
Black-and-white Warbler,Mniotilta varia,2026-05-16T10:08:04.500000Z,16-May-2026,06:08:04,0.9279,2
Least Flycatcher,Empidonax minimus,2026-05-16T10:07:58.500000Z,16-May-2026,06:07:58,0.9323,2
Tufted Titmouse,Baeolophus bicolor,2026-05-16T10:07:43.500000Z,16-May-2026,06:07:43,0.8826,1
Black-and-white Warbler,Mniotilta varia,2026-05-16T10:07:37.500000Z,16-May-2026,06:07:37,0.9262,2
Eastern Phoebe,Sayornis phoebe,2026-05-16T10:07:19.500000Z,16-May-2026,06:07:19,0.5494,2
Black-and-white Warbler,Mniotilta varia,2026-05-16T10:07:12Z,16-May-2026,06:07:12,0.9163,2
Least Flycatcher,Empidonax minimus,2026-05-16T10:07:01.500000Z,16-May-2026,06:07:01,0.9219,1
Least Flycatcher,Empidonax minimus,2026-05-16T10:06:52.500000Z,16-May-2026,06:06:52,0.9452,3
Black-and-white Warbler,Mniotilta varia,2026-05-16T10:06:37.500000Z,16-May-2026,06:06:37,0.8928,1
Black-and-white Warbler,Mniotilta varia,2026-05-16T10:06:10.500000Z,16-May-2026,06:06:10,0.9168,2
Least Flycatcher,Empidonax minimus,2026-05-16T10:06:06Z,16-May-2026,06:06:06,0.8975,1
Eastern Phoebe,Sayornis phoebe,2026-05-16T10:06:01.500000Z,16-May-2026,06:06:01,0.8523,1
Black-and-white Warbler,Mniotilta varia,2026-05-16T10:05:46.500000Z,16-May-2026,06:05:46,0.9269,1
Least Flycatcher,Empidonax minimus,2026-05-16T10:05:40.500000Z,16-May-2026,06:05:40,0.9535,2
Eastern Phoebe,Sayornis phoebe,2026-05-16T10:05:24Z,16-May-2026,06:05:24,0.8703,1
Least Flycatcher,Empidonax minimus,2026-05-16T10:05:16.500000Z,16-May-2026,06:05:16,0.6209,1
American Goldfinch,Spinus tristis,2026-05-16T10:04:28.500000Z,16-May-2026,06:04:28,0.9028,1
Black-and-white Warbler,Mniotilta varia,2026-05-16T10:03:33Z,16-May-2026,06:03:33,0.9321,1
Least Flycatcher,Empidonax minimus,2026-05-16T10:02:49.500000Z,16-May-2026,06:02:49,0.976,3
Eastern Phoebe,Sayornis phoebe,2026-05-16T10:02:28.500000Z,16-May-2026,06:02:28,0.8101,2
Black-and-white Warbler,Mniotilta varia,2026-05-16T10:02:24Z,16-May-2026,06:02:24,0.7357,1
Eastern Phoebe,Sayornis phoebe,2026-05-16T10:02:19.500000Z,16-May-2026,06:02:19,0.8204,1
Least Flycatcher,Empidonax minimus,2026-05-16T10:02:03Z,16-May-2026,06:02:03,0.8267,1
Eastern Phoebe,Sayornis phoebe,2026-05-16T10:01:33Z,16-May-2026,06:01:33,0.8671,2
Least Flycatcher,Empidonax minimus,2026-05-16T10:01:30Z,16-May-2026,06:01:30,0.7935,2
Eastern Phoebe,Sayornis phoebe,2026-05-16T10:01:09Z,16-May-2026,06:01:09,0.9223,2
Eastern Phoebe,Sayornis phoebe,2026-05-16T10:00:40.500000Z,16-May-2026,06:00:40,0.9048,4
Eastern Phoebe,Sayornis phoebe,2026-05-16T09:59:40.500000Z,16-May-2026,05:59:40,0.8342,2
Least Flycatcher,Empidonax minimus,2026-05-16T09:59:37.500000Z,16-May-2026,05:59:37,0.8857,3
Eastern Phoebe,Sayornis phoebe,2026-05-16T09:59:06Z,16-May-2026,05:59:06,0.8594,1
Eastern Phoebe,Sayornis phoebe,2026-05-16T09:58:07.500000Z,16-May-2026,05:58:07,0.842,3
Least Flycatcher,Empidonax minimus,2026-05-16T09:57:48Z,16-May-2026,05:57:48,0.585,1
Eastern Phoebe,Sayornis phoebe,2026-05-16T09:57:42Z,16-May-2026,05:57:42,0.9104,2
Least Flycatcher,Empidonax minimus,2026-05-16T09:57:25.500000Z,16-May-2026,05:57:25,0.8906,1
Eastern Phoebe,Sayornis phoebe,2026-05-16T09:56:45Z,16-May-2026,05:56:45,0.8162,2
Least Flycatcher,Empidonax minimus,2026-05-16T09:56:30Z,16-May-2026,05:56:30,0.8987,3
Least Flycatcher,Empidonax minimus,2026-05-16T09:56:09Z,16-May-2026,05:56:09,0.9493,1
Eastern Phoebe,Sayornis phoebe,2026-05-16T09:56:06Z,16-May-2026,05:56:06,0.7913,2
Eastern Phoebe,Sayornis phoebe,2026-05-16T09:55:54Z,16-May-2026,05:55:54,0.7749,1
Eastern Phoebe,Sayornis phoebe,2026-05-16T09:55:15Z,16-May-2026,05:55:15,0.5901,1
American Goldfinch,Spinus tristis,2026-05-16T09:55:01.500000Z,16-May-2026,05:55:01,0.751,1
Tufted Titmouse,Baeolophus bicolor,2026-05-16T09:54:24Z,16-May-2026,05:54:24,0.8882,3
Eastern Phoebe,Sayornis phoebe,2026-05-16T09:54:00Z,16-May-2026,05:54:00,0.8839,1
Eastern Phoebe,Sayornis phoebe,2026-05-16T09:53:52.500000Z,16-May-2026,05:53:52,0.8179,1
Tufted Titmouse,Baeolophus bicolor,2026-05-16T09:53:30Z,16-May-2026,05:53:30,0.8959,2
Tufted Titmouse,Baeolophus bicolor,2026-05-16T09:53:07.500000Z,16-May-2026,05:53:07,0.8425,3
Eastern Phoebe,Sayornis phoebe,2026-05-16T09:53:01.500000Z,16-May-2026,05:53:01,0.7112,1
Tufted Titmouse,Baeolophus bicolor,2026-05-16T09:52:34.500000Z,16-May-2026,05:52:34,0.6246,2
Tufted Titmouse,Baeolophus bicolor,2026-05-16T09:51:36Z,16-May-2026,05:51:36,0.928,2
Least Flycatcher,Empidonax minimus,2026-05-16T09:50:19.500000Z,16-May-2026,05:50:19,0.9362,3
Eastern Phoebe,Sayornis phoebe,2026-05-16T09:50:06Z,16-May-2026,05:50:06,0.8474,1
Least Flycatcher,Empidonax minimus,2026-05-16T09:49:51Z,16-May-2026,05:49:51,0.8325,1
Eastern Phoebe,Sayornis phoebe,2026-05-16T09:49:37.500000Z,16-May-2026,05:49:37,0.911,2
Least Flycatcher,Empidonax minimus,2026-05-16T09:49:19.500000Z,16-May-2026,05:49:19,0.9713,1
Eastern Phoebe,Sayornis phoebe,2026-05-16T09:49:07.500000Z,16-May-2026,05:49:07,0.8101,3
Eastern Phoebe,Sayornis phoebe,2026-05-16T09:48:46.500000Z,16-May-2026,05:48:46,0.9318,2
Eastern Phoebe,Sayornis phoebe,2026-05-16T09:48:25.500000Z,16-May-2026,05:48:25,0.8953,2
Least Flycatcher,Empidonax minimus,2026-05-16T09:48:19.500000Z,16-May-2026,05:48:19,0.9121,1
Least Flycatcher,Empidonax minimus,2026-05-16T09:47:42Z,16-May-2026,05:47:42,0.9431,2
Eastern Phoebe,Sayornis phoebe,2026-05-16T09:47:37.500000Z,16-May-2026,05:47:37,0.8112,1
Eastern Phoebe,Sayornis phoebe,2026-05-16T09:47:10.500000Z,16-May-2026,05:47:10,0.6481,2
Eastern Phoebe,Sayornis phoebe,2026-05-16T09:46:12Z,16-May-2026,05:46:12,0.9281,2
Eastern Phoebe,Sayornis phoebe,2026-05-16T09:45:54Z,16-May-2026,05:45:54,0.8591,1
Black-and-white Warbler,Mniotilta varia,2026-05-16T09:45:09Z,16-May-2026,05:45:09,0.9199,1
Eastern Phoebe,Sayornis phoebe,2026-05-16T09:44:06Z,16-May-2026,05:44:06,0.9253,2
Eastern Phoebe,Sayornis phoebe,2026-05-16T09:43:00Z,16-May-2026,05:43:00,0.8115,3
Eastern Phoebe,Sayornis phoebe,2026-05-16T09:42:48Z,16-May-2026,05:42:48,0.9044,1
Black-and-white Warbler,Mniotilta varia,2026-05-16T09:41:46.500000Z,16-May-2026,05:41:46,0.907,1
Ovenbird,Seiurus aurocapilla,2026-05-16T09:40:58.500000Z,16-May-2026,05:40:58,0.6598,1
Eastern Phoebe,Sayornis phoebe,2026-05-16T09:40:28.500000Z,16-May-2026,05:40:28,0.888,4
Eastern Phoebe,Sayornis phoebe,2026-05-16T09:40:18Z,16-May-2026,05:40:18,0.9034,2
American Robin,Turdus migratorius,2026-05-16T09:40:00Z,16-May-2026,05:40:00,0.8583,1
Eastern Phoebe,Sayornis phoebe,2026-05-16T09:39:54Z,16-May-2026,05:39:54,0.8475,1
American Robin,Turdus migratorius,2026-05-16T09:39:42Z,16-May-2026,05:39:42,0.8237,1
Brown Creeper,Certhia americana,2026-05-16T09:39:30Z,16-May-2026,05:39:30,0.5339,1
American Robin,Turdus migratorius,2026-05-16T09:39:06Z,16-May-2026,05:39:06,0.8097,2
Eastern Phoebe,Sayornis phoebe,2026-05-16T09:39:00Z,16-May-2026,05:39:00,0.6682,1
American Robin,Turdus migratorius,2026-05-16T09:38:51Z,16-May-2026,05:38:51,0.8628,1
Eastern Phoebe,Sayornis phoebe,2026-05-16T09:38:10.500000Z,16-May-2026,05:38:10,0.8542,2
Eastern Phoebe,Sayornis phoebe,2026-05-16T09:37:04.500000Z,16-May-2026,05:37:04,0.8928,1
Least Flycatcher,Empidonax minimus,2026-05-16T09:36:46.500000Z,16-May-2026,05:36:46,0.9307,1
Yellow-rumped Warbler,Setophaga coronata,2026-05-16T09:36:40.500000Z,16-May-2026,05:36:40,0.7719,1
Eastern Phoebe,Sayornis phoebe,2026-05-16T09:36:34.500000Z,16-May-2026,05:36:34,0.8039,1
Eastern Phoebe,Sayornis phoebe,2026-05-16T09:35:42Z,16-May-2026,05:35:42,0.8981,2
Least Flycatcher,Empidonax minimus,2026-05-16T09:35:33Z,16-May-2026,05:35:33,0.8981,1
Black-and-white Warbler,Mniotilta varia,2026-05-16T09:35:12Z,16-May-2026,05:35:12,0.8762,1
Eastern Phoebe,Sayornis phoebe,2026-05-16T09:35:03Z,16-May-2026,05:35:03,0.5266,1
Least Flycatcher,Empidonax minimus,2026-05-16T09:34:52.500000Z,16-May-2026,05:34:52,0.9193,2
Black-and-white Warbler,Mniotilta varia,2026-05-16T09:34:36Z,16-May-2026,05:34:36,0.7969,1
Eastern Phoebe,Sayornis phoebe,2026-05-16T09:34:19.500000Z,16-May-2026,05:34:19,0.9258,1
Least Flycatcher,Empidonax minimus,2026-05-16T09:34:10.500000Z,16-May-2026,05:34:10,0.8819,1
Black-and-white Warbler,Mniotilta varia,2026-05-16T09:34:09Z,16-May-2026,05:34:09,0.5867,1
Least Flycatcher,Empidonax minimus,2026-05-16T09:33:54Z,16-May-2026,05:33:54,0.9057,2
Eastern Phoebe,Sayornis phoebe,2026-05-16T09:33:39Z,16-May-2026,05:33:39,0.9304,1
Black-and-white Warbler,Mniotilta varia,2026-05-16T09:33:36Z,16-May-2026,05:33:36,0.5287,1
Least Flycatcher,Empidonax minimus,2026-05-16T09:33:22.500000Z,16-May-2026,05:33:22,0.8622,2
Blue-headed Vireo,Vireo solitarius,2026-05-16T09:32:10.500000Z,16-May-2026,05:32:10,0.9257,1
Blue-headed Vireo,Vireo solitarius,2026-05-16T09:31:37.500000Z,16-May-2026,05:31:37,0.9464,1
Least Flycatcher,Empidonax minimus,2026-05-16T09:31:28.500000Z,16-May-2026,05:31:28,0.915,2
Least Flycatcher,Empidonax minimus,2026-05-16T09:31:13.500000Z,16-May-2026,05:31:13,0.8942,1
Blue-headed Vireo,Vireo solitarius,2026-05-16T09:30:31.500000Z,16-May-2026,05:30:31,0.9291,2
Blue-headed Vireo,Vireo solitarius,2026-05-16T09:29:54Z,16-May-2026,05:29:54,0.9537,2
Blue-headed Vireo,Vireo solitarius,2026-05-16T09:29:12Z,16-May-2026,05:29:12,0.9345,4
Least Flycatcher,Empidonax minimus,2026-05-16T09:28:46.500000Z,16-May-2026,05:28:46,0.9395,1
Blue-headed Vireo,Vireo solitarius,2026-05-16T09:28:19.500000Z,16-May-2026,05:28:19,0.9237,1
Least Flycatcher,Empidonax minimus,2026-05-16T09:27:00Z,16-May-2026,05:27:00,0.8624,1
Least Flycatcher,Empidonax minimus,2026-05-16T09:26:25.500000Z,16-May-2026,05:26:25,0.9362,1
Least Flycatcher,Empidonax minimus,2026-05-16T09:25:15Z,16-May-2026,05:25:15,0.9364,2
Least Flycatcher,Empidonax minimus,2026-05-16T09:24:48Z,16-May-2026,05:24:48,0.9029,1
Least Flycatcher,Empidonax minimus,2026-05-16T09:24:04.500000Z,16-May-2026,05:24:04,0.8938,2
Least Flycatcher,Empidonax minimus,2026-05-16T09:23:51Z,16-May-2026,05:23:51,0.948,1
Eastern Phoebe,Sayornis phoebe,2026-05-16T09:23:00Z,16-May-2026,05:23:00,0.9141,1
Eastern Phoebe,Sayornis phoebe,2026-05-16T09:21:28.500000Z,16-May-2026,05:21:28,0.9105,3
Eastern Phoebe,Sayornis phoebe,2026-05-16T09:21:15Z,16-May-2026,05:21:15,0.9625,2
Eastern Phoebe,Sayornis phoebe,2026-05-16T09:20:46.500000Z,16-May-2026,05:20:46,0.922,2
Eastern Phoebe,Sayornis phoebe,2026-05-16T09:20:24Z,16-May-2026,05:20:24,0.9421,1
Eastern Phoebe,Sayornis phoebe,2026-05-16T09:19:51Z,16-May-2026,05:19:51,0.7548,1
Tree Swallow,Tachycineta bicolor,2026-05-16T09:18:13.500000Z,16-May-2026,05:18:13,0.8563,1
Ovenbird,Seiurus aurocapilla,2026-05-16T09:17:36Z,16-May-2026,05:17:36,0.7966,1
Eastern Phoebe,Sayornis phoebe,2026-05-16T09:15:43.500000Z,16-May-2026,05:15:43,0.903,2
Eastern Phoebe,Sayornis phoebe,2026-05-16T09:15:15Z,16-May-2026,05:15:15,0.8996,4
American Goldfinch,Spinus tristis,2026-05-16T09:14:48Z,16-May-2026,05:14:48,0.9309,1
Eastern Phoebe,Sayornis phoebe,2026-05-16T09:14:45Z,16-May-2026,05:14:45,0.8919,3
Eastern Phoebe,Sayornis phoebe,2026-05-16T09:14:16.500000Z,16-May-2026,05:14:16,0.8996,1
Eastern Phoebe,Sayornis phoebe,2026-05-16T09:13:34.500000Z,16-May-2026,05:13:34,0.8935,3
Eastern Phoebe,Sayornis phoebe,2026-05-16T09:13:10.500000Z,16-May-2026,05:13:10,0.8916,2
Eastern Phoebe,Sayornis phoebe,2026-05-16T09:12:43.500000Z,16-May-2026,05:12:43,0.9246,2
Eastern Phoebe,Sayornis phoebe,2026-05-16T09:11:31.500000Z,16-May-2026,05:11:31,0.8913,4
Eastern Phoebe,Sayornis phoebe,2026-05-16T09:11:15Z,16-May-2026,05:11:15,0.9021,2
Eastern Phoebe,Sayornis phoebe,2026-05-16T09:10:51Z,16-May-2026,05:10:51,0.9002,3
Eastern Phoebe,Sayornis phoebe,2026-05-16T09:10:18Z,16-May-2026,05:10:18,0.9014,5
Eastern Phoebe,Sayornis phoebe,2026-05-16T09:09:55.500000Z,16-May-2026,05:09:55,0.9049,2
Eastern Phoebe,Sayornis phoebe,2026-05-16T09:09:07.500000Z,16-May-2026,05:09:07,0.9044,3
Eastern Phoebe,Sayornis phoebe,2026-05-16T09:08:13.500000Z,16-May-2026,05:08:13,0.9593,3
Eastern Phoebe,Sayornis phoebe,2026-05-16T09:07:43.500000Z,16-May-2026,05:07:43,0.8984,3
Eastern Phoebe,Sayornis phoebe,2026-05-16T09:07:21Z,16-May-2026,05:07:21,0.9093,2
Eastern Phoebe,Sayornis phoebe,2026-05-16T09:05:39Z,16-May-2026,05:05:39,0.9123,2
Eastern Phoebe,Sayornis phoebe,2026-05-16T09:05:07.500000Z,16-May-2026,05:05:07,0.9099,2
Eastern Phoebe,Sayornis phoebe,2026-05-16T09:04:52.500000Z,16-May-2026,05:04:52,0.9116,1
Eastern Phoebe,Sayornis phoebe,2026-05-16T09:04:00Z,16-May-2026,05:04:00,0.9069,1
Eastern Phoebe,Sayornis phoebe,2026-05-16T09:03:04.500000Z,16-May-2026,05:03:04,0.899,1
Eastern Phoebe,Sayornis phoebe,2026-05-16T09:02:48Z,16-May-2026,05:02:48,0.8985,1
Eastern Phoebe,Sayornis phoebe,2026-05-16T09:02:09Z,16-May-2026,05:02:09,0.9102,2
Eastern Phoebe,Sayornis phoebe,2026-05-16T09:01:39Z,16-May-2026,05:01:39,0.9035,1
Eastern Phoebe,Sayornis phoebe,2026-05-16T09:01:13.500000Z,16-May-2026,05:01:13,0.8991,1
Eastern Phoebe,Sayornis phoebe,2026-05-16T09:00:28.500000Z,16-May-2026,05:00:28,0.9029,1
Eastern Phoebe,Sayornis phoebe,2026-05-16T09:00:10.500000Z,16-May-2026,05:00:10,0.9033,1
Eastern Phoebe,Sayornis phoebe,2026-05-16T08:59:06Z,16-May-2026,04:59:06,0.9018,1
Eastern Phoebe,Sayornis phoebe,2026-05-16T08:58:30Z,16-May-2026,04:58:30,0.9028,1
Eastern Phoebe,Sayornis phoebe,2026-05-16T08:57:58.500000Z,16-May-2026,04:57:58,0.896,1
Eastern Phoebe,Sayornis phoebe,2026-05-16T08:57:44Z,16-May-2026,04:57:44,0.8982,1
Eastern Phoebe,Sayornis phoebe,2026-05-16T08:57:03.500000Z,16-May-2026,04:57:03,0.9001,1
Eastern Phoebe,Sayornis phoebe,2026-05-16T08:56:53Z,16-May-2026,04:56:53,0.9041,1
Eastern Phoebe,Sayornis phoebe,2026-05-16T08:56:02Z,16-May-2026,04:56:02,0.9021,1
Eastern Phoebe,Sayornis phoebe,2026-05-16T08:55:35Z,16-May-2026,04:55:35,0.8981,1
Eastern Phoebe,Sayornis phoebe,2026-05-16T08:55:20Z,16-May-2026,04:55:20,0.9101,1
Eastern Phoebe,Sayornis phoebe,2026-05-16T08:54:51.500000Z,16-May-2026,04:54:51,0.9531,1
Eastern Phoebe,Sayornis phoebe,2026-05-16T08:54:11Z,16-May-2026,04:54:11,0.9006,1
Eastern Phoebe,Sayornis phoebe,2026-05-16T08:53:39.500000Z,16-May-2026,04:53:39,0.8968,1
Eastern Phoebe,Sayornis phoebe,2026-05-16T08:53:24.500000Z,16-May-2026,04:53:24,0.899,1
Eastern Phoebe,Sayornis phoebe,2026-05-16T08:51:51.500000Z,16-May-2026,04:51:51,0.9033,1
Eastern Phoebe,Sayornis phoebe,2026-05-16T08:51:20Z,16-May-2026,04:51:20,0.9005,1
Eastern Phoebe,Sayornis phoebe,2026-05-16T08:50:35Z,16-May-2026,04:50:35,0.8972,1
Eastern Phoebe,Sayornis phoebe,2026-05-16T08:50:14Z,16-May-2026,04:50:14,0.899,1
Eastern Phoebe,Sayornis phoebe,2026-05-16T08:49:50Z,16-May-2026,04:49:50,0.9018,1
Eastern Phoebe,Sayornis phoebe,2026-05-16T08:49:24.500000Z,16-May-2026,04:49:24,0.8934,1
Eastern Phoebe,Sayornis phoebe,2026-05-16T08:48:44Z,16-May-2026,04:48:44,0.8975,1
Eastern Phoebe,Sayornis phoebe,2026-05-16T08:48:18.500000Z,16-May-2026,04:48:18,0.9047,1
Eastern Phoebe,Sayornis phoebe,2026-05-16T08:47:33.500000Z,16-May-2026,04:47:33,0.9039,1
Eastern Phoebe,Sayornis phoebe,2026-05-16T08:47:05Z,16-May-2026,04:47:05,0.8992,1
Eastern Phoebe,Sayornis phoebe,2026-05-16T08:46:30.500000Z,16-May-2026,04:46:30,0.8985,1
Eastern Phoebe,Sayornis phoebe,2026-05-16T08:46:24.500000Z,16-May-2026,04:46:24,0.9064,1
Eastern Phoebe,Sayornis phoebe,2026-05-16T08:45:53Z,16-May-2026,04:45:53,0.9081,1
Eastern Phoebe,Sayornis phoebe,2026-05-16T08:45:00.500000Z,16-May-2026,04:45:00,0.8963,1
Eastern Phoebe,Sayornis phoebe,2026-05-16T08:44:38Z,16-May-2026,04:44:38,0.8923,1
Eastern Phoebe,Sayornis phoebe,2026-05-16T08:44:24.500000Z,16-May-2026,04:44:24,0.9069,1
Eastern Phoebe,Sayornis phoebe,2026-05-16T08:43:42.500000Z,16-May-2026,04:43:42,0.8985,1
Eastern Phoebe,Sayornis phoebe,2026-05-16T08:43:09.500000Z,16-May-2026,04:43:09,0.8975,1
Eastern Phoebe,Sayornis phoebe,2026-05-16T08:42:53Z,16-May-2026,04:42:53,0.8964,1
Eastern Phoebe,Sayornis phoebe,2026-05-16T08:42:08Z,16-May-2026,04:42:08,0.8967,1
Eastern Phoebe,Sayornis phoebe,2026-05-16T08:41:47Z,16-May-2026,04:41:47,0.8937,1
Eastern Phoebe,Sayornis phoebe,2026-05-16T08:41:17Z,16-May-2026,04:41:17,0.902,1
Eastern Phoebe,Sayornis phoebe,2026-05-16T08:40:48.500000Z,16-May-2026,04:40:48,0.8995,1
Eastern Phoebe,Sayornis phoebe,2026-05-16T08:40:20Z,16-May-2026,04:40:20,0.8959,1
Eastern Phoebe,Sayornis phoebe,2026-05-16T08:39:38Z,16-May-2026,04:39:38,0.8988,1
Eastern Phoebe,Sayornis phoebe,2026-05-16T08:39:03.500000Z,16-May-2026,04:39:03,0.899,1
Eastern Phoebe,Sayornis phoebe,2026-05-16T08:38:29Z,16-May-2026,04:38:29,0.9096,1
Eastern Phoebe,Sayornis phoebe,2026-05-16T08:38:17Z,16-May-2026,04:38:17,0.9043,1
Eastern Phoebe,Sayornis phoebe,2026-05-16T08:37:30.500000Z,16-May-2026,04:37:30,0.9001,1
Eastern Phoebe,Sayornis phoebe,2026-05-16T08:37:15.500000Z,16-May-2026,04:37:15,0.8981,1
Eastern Phoebe,Sayornis phoebe,2026-05-16T08:36:32Z,16-May-2026,04:36:32,0.8939,2
Eastern Phoebe,Sayornis phoebe,2026-05-16T08:36:02Z,16-May-2026,04:36:02,0.9177,1
Eastern Phoebe,Sayornis phoebe,2026-05-16T08:35:38Z,16-May-2026,04:35:38,0.8981,1
Eastern Phoebe,Sayornis phoebe,2026-05-16T08:35:08Z,16-May-2026,04:35:08,0.9046,1
Eastern Phoebe,Sayornis phoebe,2026-05-16T08:34:42.500000Z,16-May-2026,04:34:42,0.911,1
Eastern Phoebe,Sayornis phoebe,2026-05-16T08:34:06.500000Z,16-May-2026,04:34:06,0.8927,1
Eastern Phoebe,Sayornis phoebe,2026-05-16T08:33:29Z,16-May-2026,04:33:29,0.8965,1
Eastern Phoebe,Sayornis phoebe,2026-05-16T08:33:14Z,16-May-2026,04:33:14,0.8904,1
Eastern Phoebe,Sayornis phoebe,2026-05-16T08:32:32Z,16-May-2026,04:32:32,0.8986,1
Eastern Phoebe,Sayornis phoebe,2026-05-16T08:32:06.500000Z,16-May-2026,04:32:06,0.8949,2
Eastern Phoebe,Sayornis phoebe,2026-05-16T08:31:27.500000Z,16-May-2026,04:31:27,0.898,2
Eastern Phoebe,Sayornis phoebe,2026-05-16T08:31:15.500000Z,16-May-2026,04:31:15,0.9042,1
Eastern Phoebe,Sayornis phoebe,2026-05-16T08:30:53Z,16-May-2026,04:30:53,0.9088,3
Eastern Phoebe,Sayornis phoebe,2026-05-16T08:29:57.500000Z,16-May-2026,04:29:57,0.9411,1
Eastern Phoebe,Sayornis phoebe,2026-05-16T08:29:50Z,16-May-2026,04:29:50,0.9342,2
Eastern Phoebe,Sayornis phoebe,2026-05-16T08:29:12.500000Z,16-May-2026,04:29:12,0.9276,2
Eastern Phoebe,Sayornis phoebe,2026-05-16T08:28:29Z,16-May-2026,04:28:29,0.9188,1
Eastern Phoebe,Sayornis phoebe,2026-05-16T08:28:02Z,16-May-2026,04:28:02,0.9278,1
Eastern Phoebe,Sayornis phoebe,2026-05-16T08:27:29Z,16-May-2026,04:27:29,0.9368,1
Eastern Phoebe,Sayornis phoebe,2026-05-16T08:27:15.500000Z,16-May-2026,04:27:15,0.9274,2
Eastern Phoebe,Sayornis phoebe,2026-05-16T08:26:48.500000Z,16-May-2026,04:26:48,0.931,2
Eastern Phoebe,Sayornis phoebe,2026-05-16T08:25:59Z,16-May-2026,04:25:59,0.9234,4
Eastern Phoebe,Sayornis phoebe,2026-05-16T08:25:53Z,16-May-2026,04:25:53,0.9446,1
Eastern Phoebe,Sayornis phoebe,2026-05-16T08:25:08Z,16-May-2026,04:25:08,0.9163,2
Eastern Phoebe,Sayornis phoebe,2026-05-16T08:24:45.500000Z,16-May-2026,04:24:45,0.9359,2
Eastern Phoebe,Sayornis phoebe,2026-05-16T08:24:12.500000Z,16-May-2026,04:24:12,0.9601,2
Eastern Phoebe,Sayornis phoebe,2026-05-16T08:23:54.500000Z,16-May-2026,04:23:54,0.9093,1
Tree Swallow,Tachycineta bicolor,2026-05-16T08:18:35Z,16-May-2026,04:18:35,0.9197,1
American Woodcock,Scolopax minor,2026-05-16T08:16:00.500000Z,16-May-2026,04:16:00,0.9212,2
Tree Swallow,Tachycineta bicolor,2026-05-16T08:12:32Z,16-May-2026,04:12:32,0.9144,1
American Woodcock,Scolopax minor,2026-05-16T08:12:15.500000Z,16-May-2026,04:12:15,0.8967,1
Tree Swallow,Tachycineta bicolor,2026-05-16T08:09:42.500000Z,16-May-2026,04:09:42,0.9058,2
Tree Swallow,Tachycineta bicolor,2026-05-16T08:07:14Z,16-May-2026,04:07:14,0.8957,3
American Woodcock,Scolopax minor,2026-05-16T08:03:09.500000Z,16-May-2026,04:03:09,0.8978,4
American Woodcock,Scolopax minor,2026-05-16T08:02:14Z,16-May-2026,04:02:14,0.8921,1
American Woodcock,Scolopax minor,2026-05-16T07:58:03.500000Z,16-May-2026,03:58:03,0.9097,2
American Woodcock,Scolopax minor,2026-05-16T07:56:32Z,16-May-2026,03:56:32,0.9092,2
American Woodcock,Scolopax minor,2026-05-16T07:51:42.500000Z,16-May-2026,03:51:42,0.9028,2
Barred Owl,Strix varia,2026-05-16T05:08:53Z,16-May-2026,01:08:53,0.9171,1
Barred Owl,Strix varia,2026-05-16T04:29:23Z,16-May-2026,00:29:23,0.9067,1
American Woodcock,Scolopax minor,2026-05-16T01:38:03.500000Z,15-May-2026,21:38:03,0.8732,1
American Woodcock,Scolopax minor,2026-05-16T01:05:27.500000Z,15-May-2026,21:05:27,0.9117,4
American Woodcock,Scolopax minor,2026-05-16T01:02:29Z,15-May-2026,21:02:29,0.9015,4
American Woodcock,Scolopax minor,2026-05-16T01:02:21.500000Z,15-May-2026,21:02:21,0.92,2
American Woodcock,Scolopax minor,2026-05-16T01:01:38Z,15-May-2026,21:01:38,0.9514,3
American Woodcock,Scolopax minor,2026-05-16T01:01:23Z,15-May-2026,21:01:23,0.922,2
American Woodcock,Scolopax minor,2026-05-16T00:57:57.500000Z,15-May-2026,20:57:57,0.9269,3
American Woodcock,Scolopax minor,2026-05-16T00:57:09.500000Z,15-May-2026,20:57:09,0.9018,2
American Woodcock,Scolopax minor,2026-05-16T00:56:00.500000Z,15-May-2026,20:56:00,0.917,1
American Woodcock,Scolopax minor,2026-05-16T00:55:29Z,15-May-2026,20:55:29,0.9392,1
American Woodcock,Scolopax minor,2026-05-16T00:54:29Z,15-May-2026,20:54:29,0.8059,1
American Woodcock,Scolopax minor,2026-05-16T00:52:48.500000Z,15-May-2026,20:52:48,0.9188,4
American Woodcock,Scolopax minor,2026-05-16T00:51:39.500000Z,15-May-2026,20:51:39,0.9165,4
American Woodcock,Scolopax minor,2026-05-16T00:51:20Z,15-May-2026,20:51:20,0.9189,2
American Woodcock,Scolopax minor,2026-05-16T00:50:36.500000Z,15-May-2026,20:50:36,0.9158,1
American Woodcock,Scolopax minor,2026-05-16T00:45:15.500000Z,15-May-2026,20:45:15,0.7615,1
Killdeer,Charadrius vociferus,2026-05-16T00:45:03.500000Z,15-May-2026,20:45:03,0.5425,1
American Woodcock,Scolopax minor,2026-05-16T00:44:33.500000Z,15-May-2026,20:44:33,0.9617,1
American Woodcock,Scolopax minor,2026-05-16T00:44:09.500000Z,15-May-2026,20:44:09,0.9005,1
American Woodcock,Scolopax minor,2026-05-16T00:43:44Z,15-May-2026,20:43:44,0.917,2
American Woodcock,Scolopax minor,2026-05-16T00:43:24.500000Z,15-May-2026,20:43:24,0.8794,2
Eastern Whip-poor-will,Antrostomus vociferus,2026-05-16T00:41:30.500000Z,15-May-2026,20:41:30,0.9513,1
American Woodcock,Scolopax minor,2026-05-16T00:40:35Z,15-May-2026,20:40:35,0.9128,1
American Woodcock,Scolopax minor,2026-05-16T00:39:57.500000Z,15-May-2026,20:39:57,0.8341,2
American Woodcock,Scolopax minor,2026-05-16T00:38:59Z,15-May-2026,20:38:59,0.9358,3
American Woodcock,Scolopax minor,2026-05-16T00:38:02Z,15-May-2026,20:38:02,0.9043,3
American Woodcock,Scolopax minor,2026-05-16T00:37:20Z,15-May-2026,20:37:20,0.9156,2
American Woodcock,Scolopax minor,2026-05-16T00:36:36.500000Z,15-May-2026,20:36:36,0.9287,1
American Woodcock,Scolopax minor,2026-05-16T00:36:08Z,15-May-2026,20:36:08,0.9147,2
American Woodcock,Scolopax minor,2026-05-16T00:35:05Z,15-May-2026,20:35:05,0.9083,3
American Woodcock,Scolopax minor,2026-05-16T00:34:30.500000Z,15-May-2026,20:34:30,0.8924,1
Eastern Whip-poor-will,Antrostomus vociferus,2026-05-16T00:34:11Z,15-May-2026,20:34:11,0.9511,1
Eastern Whip-poor-will,Antrostomus vociferus,2026-05-16T00:33:27.500000Z,15-May-2026,20:33:27,0.8989,1
Eastern Whip-poor-will,Antrostomus vociferus,2026-05-16T00:33:18.500000Z,15-May-2026,20:33:18,0.9545,1
American Woodcock,Scolopax minor,2026-05-16T00:33:00.500000Z,15-May-2026,20:33:00,0.752,1
American Woodcock,Scolopax minor,2026-05-16T00:32:54.500000Z,15-May-2026,20:32:54,0.9191,1
Eastern Whip-poor-will,Antrostomus vociferus,2026-05-16T00:32:29Z,15-May-2026,20:32:29,0.9082,2
Eastern Whip-poor-will,Antrostomus vociferus,2026-05-16T00:32:21.500000Z,15-May-2026,20:32:21,0.9,1
American Woodcock,Scolopax minor,2026-05-16T00:32:03.500000Z,15-May-2026,20:32:03,0.9507,1
American Robin,Turdus migratorius,2026-05-16T00:31:03.500000Z,15-May-2026,20:31:03,0.898,2
American Woodcock,Scolopax minor,2026-05-16T00:31:00.500000Z,15-May-2026,20:31:00,0.8547,2
American Robin,Turdus migratorius,2026-05-16T00:30:44Z,15-May-2026,20:30:44,0.8998,2
American Woodcock,Scolopax minor,2026-05-16T00:30:33.500000Z,15-May-2026,20:30:33,0.8892,1
American Woodcock,Scolopax minor,2026-05-16T00:28:41Z,15-May-2026,20:28:41,0.9231,2
American Woodcock,Scolopax minor,2026-05-16T00:27:11Z,15-May-2026,20:27:11,0.9281,3
Eastern Phoebe,Sayornis phoebe,2026-05-16T00:27:03.500000Z,15-May-2026,20:27:03,0.6506,1
American Woodcock,Scolopax minor,2026-05-16T00:26:11Z,15-May-2026,20:26:11,0.9136,2
American Woodcock,Scolopax minor,2026-05-16T00:25:51.500000Z,15-May-2026,20:25:51,0.9211,1
American Robin,Turdus migratorius,2026-05-16T00:25:29Z,15-May-2026,20:25:29,0.9205,1
American Robin,Turdus migratorius,2026-05-16T00:25:02Z,15-May-2026,20:25:02,0.949,2
American Woodcock,Scolopax minor,2026-05-16T00:23:33.500000Z,15-May-2026,20:23:33,0.8762,2
American Woodcock,Scolopax minor,2026-05-16T00:23:12.500000Z,15-May-2026,20:23:12,0.9144,1
Eastern Phoebe,Sayornis phoebe,2026-05-16T00:23:00.500000Z,15-May-2026,20:23:00,0.9001,2
Eastern Phoebe,Sayornis phoebe,2026-05-16T00:22:39.500000Z,15-May-2026,20:22:39,0.8993,2
Eastern Phoebe,Sayornis phoebe,2026-05-16T00:21:59Z,15-May-2026,20:21:59,0.8937,3
Eastern Phoebe,Sayornis phoebe,2026-05-16T00:21:42.500000Z,15-May-2026,20:21:42,0.9005,3
Eastern Phoebe,Sayornis phoebe,2026-05-16T00:20:57.500000Z,15-May-2026,20:20:57,0.8926,2
Eastern Phoebe,Sayornis phoebe,2026-05-16T00:20:48.500000Z,15-May-2026,20:20:48,0.9333,1
Eastern Phoebe,Sayornis phoebe,2026-05-16T00:19:57.500000Z,15-May-2026,20:19:57,0.9005,1
Eastern Phoebe,Sayornis phoebe,2026-05-16T00:19:45.500000Z,15-May-2026,20:19:45,0.8902,2
Eastern Phoebe,Sayornis phoebe,2026-05-16T00:19:17Z,15-May-2026,20:19:17,0.9082,1
Eastern Phoebe,Sayornis phoebe,2026-05-16T00:18:53Z,15-May-2026,20:18:53,0.9209,1
Eastern Phoebe,Sayornis phoebe,2026-05-16T00:17:59Z,15-May-2026,20:17:59,0.892,2
Eastern Phoebe,Sayornis phoebe,2026-05-16T00:17:50Z,15-May-2026,20:17:50,0.8884,3
Eastern Phoebe,Sayornis phoebe,2026-05-16T00:17:06.500000Z,15-May-2026,20:17:06,0.8985,3
Eastern Phoebe,Sayornis phoebe,2026-05-16T00:16:36.500000Z,15-May-2026,20:16:36,0.9124,1
Eastern Phoebe,Sayornis phoebe,2026-05-16T00:16:03.500000Z,15-May-2026,20:16:03,0.8864,3
Eastern Phoebe,Sayornis phoebe,2026-05-16T00:15:29Z,15-May-2026,20:15:29,0.9039,2
Eastern Phoebe,Sayornis phoebe,2026-05-16T00:15:05Z,15-May-2026,20:15:05,0.8939,2
Eastern Phoebe,Sayornis phoebe,2026-05-16T00:14:33.500000Z,15-May-2026,20:14:33,0.9031,1
Eastern Phoebe,Sayornis phoebe,2026-05-16T00:14:05Z,15-May-2026,20:14:05,0.9126,2
Eastern Phoebe,Sayornis phoebe,2026-05-16T00:13:02Z,15-May-2026,20:13:02,0.9344,1
Eastern Phoebe,Sayornis phoebe,2026-05-16T00:12:51.500000Z,15-May-2026,20:12:51,0.8993,1
Eastern Phoebe,Sayornis phoebe,2026-05-16T00:12:14Z,15-May-2026,20:12:14,0.8915,2
Eastern Phoebe,Sayornis phoebe,2026-05-16T00:11:42.500000Z,15-May-2026,20:11:42,0.9001,3
American Robin,Turdus migratorius,2026-05-16T00:11:21.500000Z,15-May-2026,20:11:21,0.8942,1
Eastern Phoebe,Sayornis phoebe,2026-05-16T00:11:11Z,15-May-2026,20:11:11,0.8958,2
Eastern Phoebe,Sayornis phoebe,2026-05-16T00:10:41Z,15-May-2026,20:10:41,0.8998,1
Eastern Phoebe,Sayornis phoebe,2026-05-16T00:10:18.500000Z,15-May-2026,20:10:18,0.903,3
Eastern Phoebe,Sayornis phoebe,2026-05-16T00:09:51.500000Z,15-May-2026,20:09:51,0.8906,1
Eastern Phoebe,Sayornis phoebe,2026-05-16T00:09:00.500000Z,15-May-2026,20:09:00,0.9151,1
Eastern Phoebe,Sayornis phoebe,2026-05-16T00:08:39.500000Z,15-May-2026,20:08:39,0.8954,1
American Robin,Turdus migratorius,2026-05-16T00:07:53Z,15-May-2026,20:07:53,0.8473,1
Eastern Phoebe,Sayornis phoebe,2026-05-16T00:07:39.500000Z,15-May-2026,20:07:39,0.9091,2
Eastern Phoebe,Sayornis phoebe,2026-05-16T00:07:14Z,15-May-2026,20:07:14,0.9164,1
Eastern Phoebe,Sayornis phoebe,2026-05-16T00:06:20Z,15-May-2026,20:06:20,0.8937,2
Eastern Phoebe,Sayornis phoebe,2026-05-16T00:05:53Z,15-May-2026,20:05:53,0.9012,2
Eastern Phoebe,Sayornis phoebe,2026-05-16T00:05:08Z,15-May-2026,20:05:08,0.8968,1
Eastern Phoebe,Sayornis phoebe,2026-05-16T00:04:39.500000Z,15-May-2026,20:04:39,0.9004,2
Eastern Phoebe,Sayornis phoebe,2026-05-16T00:04:20Z,15-May-2026,20:04:20,0.9044,2
Eastern Phoebe,Sayornis phoebe,2026-05-16T00:03:51.500000Z,15-May-2026,20:03:51,0.8119,1
