Species,Scientific Name,UTC Date,Local Date,Local Time,Score,Count
American Woodcock,Scolopax minor,2026-04-10T23:57:04Z,10-Apr-2026,19:57:04,0.62,1
Song Sparrow,Melospiza melodia,2026-04-10T23:52:55Z,10-Apr-2026,19:52:55,0.8471,1
American Woodcock,Scolopax minor,2026-04-10T23:52:16Z,10-Apr-2026,19:52:16,0.88,1
American Woodcock,Scolopax minor,2026-04-10T23:52:10Z,10-Apr-2026,19:52:10,0.95,1
American Woodcock,Scolopax minor,2026-04-10T23:50:22Z,10-Apr-2026,19:50:22,0.97,1
American Woodcock,Scolopax minor,2026-04-10T23:50:16Z,10-Apr-2026,19:50:16,0.94,1
American Woodcock,Scolopax minor,2026-04-10T23:49:50Z,10-Apr-2026,19:49:50,0.71,1
American Woodcock,Scolopax minor,2026-04-10T23:49:38Z,10-Apr-2026,19:49:38,0.74,1
American Woodcock,Scolopax minor,2026-04-10T23:49:22Z,10-Apr-2026,19:49:22,0.79,1
American Woodcock,Scolopax minor,2026-04-10T23:49:13Z,10-Apr-2026,19:49:13,0.45,1
American Woodcock,Scolopax minor,2026-04-10T23:48:34Z,10-Apr-2026,19:48:34,0.85,1
American Woodcock,Scolopax minor,2026-04-10T23:47:05Z,10-Apr-2026,19:47:05,0.28,1
American Woodcock,Scolopax minor,2026-04-10T23:46:56Z,10-Apr-2026,19:46:56,0.41,1
American Woodcock,Scolopax minor,2026-04-10T23:45:25Z,10-Apr-2026,19:45:25,0.75,1
American Woodcock,Scolopax minor,2026-04-10T23:45:19Z,10-Apr-2026,19:45:19,0.85,1
American Woodcock,Scolopax minor,2026-04-10T23:43:59Z,10-Apr-2026,19:43:59,0.76,1
American Woodcock,Scolopax minor,2026-04-10T23:43:53Z,10-Apr-2026,19:43:53,0.86,1
American Woodcock,Scolopax minor,2026-04-10T23:43:47Z,10-Apr-2026,19:43:47,0.8,1
American Woodcock,Scolopax minor,2026-04-10T23:43:26Z,10-Apr-2026,19:43:26,0.55,1
American Woodcock,Scolopax minor,2026-04-10T23:43:04Z,10-Apr-2026,19:43:04,0.28,1
American Woodcock,Scolopax minor,2026-04-10T23:42:29Z,10-Apr-2026,19:42:29,0.56,1
American Woodcock,Scolopax minor,2026-04-10T23:42:20Z,10-Apr-2026,19:42:20,0.85,1
American Woodcock,Scolopax minor,2026-04-10T23:42:13Z,10-Apr-2026,19:42:13,0.76,1
American Woodcock,Scolopax minor,2026-04-10T23:39:46Z,10-Apr-2026,19:39:46,0.81,1
American Woodcock,Scolopax minor,2026-04-10T23:38:37Z,10-Apr-2026,19:38:37,0.54,1
American Woodcock,Scolopax minor,2026-04-10T23:38:12Z,10-Apr-2026,19:38:12,0.63,1
American Woodcock,Scolopax minor,2026-04-10T23:37:56Z,10-Apr-2026,19:37:56,0.34,1
American Robin,Turdus migratorius,2026-04-10T23:31:47Z,10-Apr-2026,19:31:47,0.9176,5
American Woodcock,Scolopax minor,2026-04-10T23:31:20Z,10-Apr-2026,19:31:20,0.66,1
American Robin,Turdus migratorius,2026-04-10T23:28:09Z,10-Apr-2026,19:28:09,0.8157,10
American Robin,Turdus migratorius,2026-04-10T23:27:34Z,10-Apr-2026,19:27:34,0.43,1
American Robin,Turdus migratorius,2026-04-10T23:27:06Z,10-Apr-2026,19:27:06,0.898,1
American Robin,Turdus migratorius,2026-04-10T23:21:28Z,10-Apr-2026,19:21:28,0.9098,12
American Robin,Turdus migratorius,2026-04-10T23:21:22Z,10-Apr-2026,19:21:22,0.35,1
American Robin,Turdus migratorius,2026-04-10T23:20:26Z,10-Apr-2026,19:20:26,0.8745,2
American Robin,Turdus migratorius,2026-04-10T23:20:19Z,10-Apr-2026,19:20:19,0.26,1
American Robin,Turdus migratorius,2026-04-10T23:19:27Z,10-Apr-2026,19:19:27,0.44,1
American Robin,Turdus migratorius,2026-04-10T23:19:20Z,10-Apr-2026,19:19:20,0.93,1
American Robin,Turdus migratorius,2026-04-10T23:19:17Z,10-Apr-2026,19:19:17,0.8627,5
American Robin,Turdus migratorius,2026-04-10T23:18:45Z,10-Apr-2026,19:18:45,0.33,1
American Robin,Turdus migratorius,2026-04-10T23:18:32Z,10-Apr-2026,19:18:32,0.38,1
American Robin,Turdus migratorius,2026-04-10T23:17:53Z,10-Apr-2026,19:17:53,0.61,1
American Robin,Turdus migratorius,2026-04-10T23:17:40Z,10-Apr-2026,19:17:40,0.5,1
American Robin,Turdus migratorius,2026-04-10T23:17:34Z,10-Apr-2026,19:17:34,0.54,1
American Robin,Turdus migratorius,2026-04-10T23:17:08Z,10-Apr-2026,19:17:08,0.51,1
Pine Grosbeak,Pinicola enucleator,2026-04-10T23:16:34Z,10-Apr-2026,19:16:34,0.32,1
American Robin,Turdus migratorius,2026-04-10T23:16:15Z,10-Apr-2026,19:16:15,0.56,1
American Robin,Turdus migratorius,2026-04-10T23:16:08Z,10-Apr-2026,19:16:08,0.52,1
Barn Swallow,Hirundo rustica,2026-04-10T23:14:19Z,10-Apr-2026,19:14:19,0.38,1
American Robin,Turdus migratorius,2026-04-10T23:13:08Z,10-Apr-2026,19:13:08,0.8745,1
Eastern Phoebe,Sayornis phoebe,2026-04-10T23:09:28Z,10-Apr-2026,19:09:28,0.32,1
Eastern Phoebe,Sayornis phoebe,2026-04-10T23:08:56Z,10-Apr-2026,19:08:56,0.75,1
Eastern Phoebe,Sayornis phoebe,2026-04-10T23:08:28Z,10-Apr-2026,19:08:28,0.34,1
Eastern Phoebe,Sayornis phoebe,2026-04-10T23:08:21Z,10-Apr-2026,19:08:21,0.99,1
Eastern Phoebe,Sayornis phoebe,2026-04-10T23:08:01Z,10-Apr-2026,19:08:01,0.34,1
Eastern Phoebe,Sayornis phoebe,2026-04-10T23:07:46Z,10-Apr-2026,19:07:46,0.73,1
Eastern Phoebe,Sayornis phoebe,2026-04-10T23:07:38Z,10-Apr-2026,19:07:38,0.58,1
Eastern Phoebe,Sayornis phoebe,2026-04-10T23:07:25Z,10-Apr-2026,19:07:25,0.86,1
Eastern Phoebe,Sayornis phoebe,2026-04-10T23:06:20Z,10-Apr-2026,19:06:20,0.33,1
Eastern Phoebe,Sayornis phoebe,2026-04-10T23:05:09Z,10-Apr-2026,19:05:09,0.65,1
American Robin,Turdus migratorius,2026-04-10T22:53:51Z,10-Apr-2026,18:53:51,0.7804,4
American Robin,Turdus migratorius,2026-04-10T22:52:39Z,10-Apr-2026,18:52:39,0.8,6
American Robin,Turdus migratorius,2026-04-10T22:51:29Z,10-Apr-2026,18:51:29,0.898,12
American Robin,Turdus migratorius,2026-04-10T22:50:26Z,10-Apr-2026,18:50:26,0.8471,1
Common Grackle,Quiscalus quiscula,2026-04-10T22:38:20Z,10-Apr-2026,18:38:20,0.8157,1
Brown-headed Cowbird,Molothrus ater,2026-04-10T22:26:37Z,10-Apr-2026,18:26:37,0.28,1
European Starling,Sturnus vulgaris,2026-04-10T22:23:36Z,10-Apr-2026,18:23:36,0.9569,1
Belted Kingfisher,Megaceryle alcyon,2026-04-10T22:20:35Z,10-Apr-2026,18:20:35,0.67,1
Northern Cardinal,Cardinalis cardinalis,2026-04-10T22:19:47Z,10-Apr-2026,18:19:47,0.8157,1
Hairy Woodpecker,Dryobates villosus,2026-04-10T22:18:27Z,10-Apr-2026,18:18:27,0.93,1
European Starling,Sturnus vulgaris,2026-04-10T22:18:23Z,10-Apr-2026,18:18:23,0.9333,1
White-breasted Nuthatch,Sitta carolinensis,2026-04-10T22:17:16Z,10-Apr-2026,18:17:16,0.29,1
Black-capped Chickadee,Poecile atricapillus,2026-04-10T22:17:13Z,10-Apr-2026,18:17:13,0.9333,1
European Starling,Sturnus vulgaris,2026-04-10T22:17:09Z,10-Apr-2026,18:17:09,0.8745,1
Cedar Waxwing,Bombycilla cedrorum,2026-04-10T22:17:06Z,10-Apr-2026,18:17:06,0.49,1
Black-capped Chickadee,Poecile atricapillus,2026-04-10T22:15:46Z,10-Apr-2026,18:15:46,0.8627,1
American Robin,Turdus migratorius,2026-04-10T22:06:00Z,10-Apr-2026,18:06:00,0.8,1
European Starling,Sturnus vulgaris,2026-04-10T22:05:28Z,10-Apr-2026,18:05:28,0.9333,1
Black-capped Chickadee,Poecile atricapillus,2026-04-10T22:04:52Z,10-Apr-2026,18:04:52,0.9176,1
European Starling,Sturnus vulgaris,2026-04-10T22:01:26Z,10-Apr-2026,18:01:26,0.898,1
Northern Cardinal,Cardinalis cardinalis,2026-04-10T21:57:47Z,10-Apr-2026,17:57:47,0.8,4
Northern Cardinal,Cardinalis cardinalis,2026-04-10T21:56:59Z,10-Apr-2026,17:56:59,0.3,1
Hairy Woodpecker,Dryobates villosus,2026-04-10T21:56:23Z,10-Apr-2026,17:56:23,0.66,1
Northern Cardinal,Cardinalis cardinalis,2026-04-10T21:55:55Z,10-Apr-2026,17:55:55,0.7804,4
Hairy Woodpecker,Dryobates villosus,2026-04-10T21:54:47Z,10-Apr-2026,17:54:47,0.86,1
Northern Cardinal,Cardinalis cardinalis,2026-04-10T21:54:16Z,10-Apr-2026,17:54:16,0.9686,1
Black-capped Chickadee,Poecile atricapillus,2026-04-10T21:50:43Z,10-Apr-2026,17:50:43,0.8,1
American Robin,Turdus migratorius,2026-04-10T21:45:25Z,10-Apr-2026,17:45:25,0.35,1
White-breasted Nuthatch,Sitta carolinensis,2026-04-10T21:45:16Z,10-Apr-2026,17:45:16,0.54,1
White-breasted Nuthatch,Sitta carolinensis,2026-04-10T21:44:48Z,10-Apr-2026,17:44:48,0.56,1
European Starling,Sturnus vulgaris,2026-04-10T21:43:28Z,10-Apr-2026,17:43:28,0.8157,1
European Starling,Sturnus vulgaris,2026-04-10T21:40:54Z,10-Apr-2026,17:40:54,0.8627,1
American Robin,Turdus migratorius,2026-04-10T21:37:37Z,10-Apr-2026,17:37:37,0.8157,1
American Crow,Corvus brachyrhynchos,2026-04-10T21:34:04Z,10-Apr-2026,17:34:04,0.8314,1
European Starling,Sturnus vulgaris,2026-04-10T21:32:23Z,10-Apr-2026,17:32:23,0.9529,1
Hairy Woodpecker,Dryobates villosus,2026-04-10T21:28:44Z,10-Apr-2026,17:28:44,0.37,1
Hairy Woodpecker,Dryobates villosus,2026-04-10T21:28:38Z,10-Apr-2026,17:28:38,0.27,1
Hairy Woodpecker,Dryobates villosus,2026-04-10T21:28:05Z,10-Apr-2026,17:28:05,0.85,1
White-breasted Nuthatch,Sitta carolinensis,2026-04-10T21:18:40Z,10-Apr-2026,17:18:40,0.31,1
White-breasted Nuthatch,Sitta carolinensis,2026-04-10T21:13:32Z,10-Apr-2026,17:13:32,0.39,1
White-breasted Nuthatch,Sitta carolinensis,2026-04-10T21:13:26Z,10-Apr-2026,17:13:26,0.38,1
White-breasted Nuthatch,Sitta carolinensis,2026-04-10T21:13:20Z,10-Apr-2026,17:13:20,0.56,1
White-breasted Nuthatch,Sitta carolinensis,2026-04-10T21:13:07Z,10-Apr-2026,17:13:07,0.65,1
White-breasted Nuthatch,Sitta carolinensis,2026-04-10T21:13:00Z,10-Apr-2026,17:13:00,0.52,1
White-breasted Nuthatch,Sitta carolinensis,2026-04-10T21:12:54Z,10-Apr-2026,17:12:54,0.51,1
White-breasted Nuthatch,Sitta carolinensis,2026-04-10T21:12:47Z,10-Apr-2026,17:12:47,0.64,1
White-breasted Nuthatch,Sitta carolinensis,2026-04-10T21:12:41Z,10-Apr-2026,17:12:41,0.84,1
Northern Cardinal,Cardinalis cardinalis,2026-04-10T21:02:05Z,10-Apr-2026,17:02:05,0.8,3
Northern Cardinal,Cardinalis cardinalis,2026-04-10T21:00:36Z,10-Apr-2026,17:00:36,0.8745,1
Northern Flicker,Colaptes auratus,2026-04-10T21:00:20Z,10-Apr-2026,17:00:20,0.63,1
Hairy Woodpecker,Dryobates villosus,2026-04-10T20:59:26Z,10-Apr-2026,16:59:26,0.55,1
Brown Creeper,Certhia americana,2026-04-10T20:46:52Z,10-Apr-2026,16:46:52,0.68,1
European Starling,Sturnus vulgaris,2026-04-10T20:36:20Z,10-Apr-2026,16:36:20,0.8157,1
Northern Flicker,Colaptes auratus,2026-04-10T20:30:13Z,10-Apr-2026,16:30:13,0.47,1
European Starling,Sturnus vulgaris,2026-04-10T20:26:18Z,10-Apr-2026,16:26:18,0.9176,1
European Starling,Sturnus vulgaris,2026-04-10T20:23:23Z,10-Apr-2026,16:23:23,0.9412,1
European Starling,Sturnus vulgaris,2026-04-10T20:21:56Z,10-Apr-2026,16:21:56,0.898,1
European Starling,Sturnus vulgaris,2026-04-10T20:00:51Z,10-Apr-2026,16:00:51,0.9765,1
Northern Cardinal,Cardinalis cardinalis,2026-04-10T19:48:07Z,10-Apr-2026,15:48:07,0.9412,1
European Starling,Sturnus vulgaris,2026-04-10T19:46:43Z,10-Apr-2026,15:46:43,0.9098,1
European Starling,Sturnus vulgaris,2026-04-10T19:43:12Z,10-Apr-2026,15:43:12,0.8314,1
White-breasted Nuthatch,Sitta carolinensis,2026-04-10T19:41:23Z,10-Apr-2026,15:41:23,0.55,1
Pine Siskin,Spinus pinus,2026-04-10T19:41:13Z,10-Apr-2026,15:41:13,0.36,1
Song Sparrow,Melospiza melodia,2026-04-10T19:34:25Z,10-Apr-2026,15:34:25,0.8314,1
Black-capped Chickadee,Poecile atricapillus,2026-04-10T19:24:20Z,10-Apr-2026,15:24:20,0.8471,1
Northern Cardinal,Cardinalis cardinalis,2026-04-10T19:18:50Z,10-Apr-2026,15:18:50,0.9098,1
Northern Cardinal,Cardinalis cardinalis,2026-04-10T19:15:42Z,10-Apr-2026,15:15:42,0.8471,1
Eastern Phoebe,Sayornis phoebe,2026-04-10T19:06:56Z,10-Apr-2026,15:06:56,0.63,1
Eastern Phoebe,Sayornis phoebe,2026-04-10T19:06:24Z,10-Apr-2026,15:06:24,0.62,1
American Robin,Turdus migratorius,2026-04-10T19:05:34Z,10-Apr-2026,15:05:34,0.9412,1
Downy Woodpecker,Dryobates pubescens,2026-04-10T19:05:31Z,10-Apr-2026,15:05:31,0.8627,1
White-breasted Nuthatch,Sitta carolinensis,2026-04-10T19:02:49Z,10-Apr-2026,15:02:49,0.4,1
White-breasted Nuthatch,Sitta carolinensis,2026-04-10T19:02:43Z,10-Apr-2026,15:02:43,0.37,1
Pine Grosbeak,Pinicola enucleator,2026-04-10T19:00:05Z,10-Apr-2026,15:00:05,0.37,1
Eastern Bluebird,Sialia sialis,2026-04-10T18:58:59Z,10-Apr-2026,14:58:59,0.94,1
Eastern Bluebird,Sialia sialis,2026-04-10T18:58:47Z,10-Apr-2026,14:58:47,0.83,1
Green-winged Teal,Anas crecca,2026-04-10T18:57:12Z,10-Apr-2026,14:57:12,0.37,1
Common Grackle,Quiscalus quiscula,2026-04-10T18:56:00Z,10-Apr-2026,14:56:00,0.9686,1
Eastern Phoebe,Sayornis phoebe,2026-04-10T18:51:45Z,10-Apr-2026,14:51:45,0.84,1
Eastern Phoebe,Sayornis phoebe,2026-04-10T18:51:38Z,10-Apr-2026,14:51:38,0.92,1
Eastern Phoebe,Sayornis phoebe,2026-04-10T18:51:26Z,10-Apr-2026,14:51:26,0.83,1
Eastern Phoebe,Sayornis phoebe,2026-04-10T18:51:16Z,10-Apr-2026,14:51:16,0.96,1
Eastern Phoebe,Sayornis phoebe,2026-04-10T18:51:10Z,10-Apr-2026,14:51:10,0.95,1
Eastern Phoebe,Sayornis phoebe,2026-04-10T18:51:03Z,10-Apr-2026,14:51:03,0.53,1
Eastern Phoebe,Sayornis phoebe,2026-04-10T18:50:57Z,10-Apr-2026,14:50:57,0.98,1
Eastern Phoebe,Sayornis phoebe,2026-04-10T18:50:50Z,10-Apr-2026,14:50:50,0.97,1
Eastern Phoebe,Sayornis phoebe,2026-04-10T18:50:44Z,10-Apr-2026,14:50:44,0.74,1
Eastern Phoebe,Sayornis phoebe,2026-04-10T18:50:38Z,10-Apr-2026,14:50:38,0.6,1
Eastern Phoebe,Sayornis phoebe,2026-04-10T18:50:25Z,10-Apr-2026,14:50:25,0.57,1
White-breasted Nuthatch,Sitta carolinensis,2026-04-10T18:50:18Z,10-Apr-2026,14:50:18,0.27,1
Eastern Phoebe,Sayornis phoebe,2026-04-10T18:50:12Z,10-Apr-2026,14:50:12,0.61,1
Eastern Phoebe,Sayornis phoebe,2026-04-10T18:50:05Z,10-Apr-2026,14:50:05,0.95,1
Eastern Phoebe,Sayornis phoebe,2026-04-10T18:49:58Z,10-Apr-2026,14:49:58,0.86,1
Eastern Phoebe,Sayornis phoebe,2026-04-10T18:49:45Z,10-Apr-2026,14:49:45,0.57,1
Eastern Phoebe,Sayornis phoebe,2026-04-10T18:49:36Z,10-Apr-2026,14:49:36,0.95,1
Eastern Phoebe,Sayornis phoebe,2026-04-10T18:49:30Z,10-Apr-2026,14:49:30,0.93,1
Eastern Phoebe,Sayornis phoebe,2026-04-10T18:49:07Z,10-Apr-2026,14:49:07,0.93,1
Eastern Phoebe,Sayornis phoebe,2026-04-10T18:49:00Z,10-Apr-2026,14:49:00,0.91,1
Eastern Phoebe,Sayornis phoebe,2026-04-10T18:48:54Z,10-Apr-2026,14:48:54,0.83,1
Eastern Phoebe,Sayornis phoebe,2026-04-10T18:48:47Z,10-Apr-2026,14:48:47,0.93,1
Eastern Phoebe,Sayornis phoebe,2026-04-10T18:48:40Z,10-Apr-2026,14:48:40,0.9,1
American Robin,Turdus migratorius,2026-04-10T18:46:57Z,10-Apr-2026,14:46:57,0.8314,1
European Starling,Sturnus vulgaris,2026-04-10T18:44:14Z,10-Apr-2026,14:44:14,0.9333,1
European Starling,Sturnus vulgaris,2026-04-10T18:43:10Z,10-Apr-2026,14:43:10,0.7804,1
Northern Flicker,Colaptes auratus,2026-04-10T18:39:22Z,10-Apr-2026,14:39:22,0.53,1
Northern Flicker,Colaptes auratus,2026-04-10T18:39:13Z,10-Apr-2026,14:39:13,0.28,1
Eastern Phoebe,Sayornis phoebe,2026-04-10T18:36:11Z,10-Apr-2026,14:36:11,0.32,1
Blue Jay,Cyanocitta cristata,2026-04-10T18:32:19Z,10-Apr-2026,14:32:19,0.41,1
Blue Jay,Cyanocitta cristata,2026-04-10T18:32:13Z,10-Apr-2026,14:32:13,0.62,1
Blue Jay,Cyanocitta cristata,2026-04-10T18:32:09Z,10-Apr-2026,14:32:09,0.7804,1
Eastern Phoebe,Sayornis phoebe,2026-04-10T18:18:46Z,10-Apr-2026,14:18:46,0.26,1
Eastern Phoebe,Sayornis phoebe,2026-04-10T18:18:24Z,10-Apr-2026,14:18:24,0.66,1
American Crow,Corvus brachyrhynchos,2026-04-10T18:16:04Z,10-Apr-2026,14:16:04,0.8471,1
American Crow,Corvus brachyrhynchos,2026-04-10T18:12:39Z,10-Apr-2026,14:12:39,0.8627,1
Northern Flicker,Colaptes auratus,2026-04-10T18:05:46Z,10-Apr-2026,14:05:46,0.41,1
Northern Flicker,Colaptes auratus,2026-04-10T18:05:39Z,10-Apr-2026,14:05:39,0.27,1
Bohemian Waxwing,Bombycilla garrulus,2026-04-10T18:00:10Z,10-Apr-2026,14:00:10,0.4,1
Eastern Phoebe,Sayornis phoebe,2026-04-10T17:54:41Z,10-Apr-2026,13:54:41,0.46,1
Eastern Phoebe,Sayornis phoebe,2026-04-10T17:54:33Z,10-Apr-2026,13:54:33,0.78,1
Eastern Phoebe,Sayornis phoebe,2026-04-10T17:46:22Z,10-Apr-2026,13:46:22,0.71,1
Eastern Phoebe,Sayornis phoebe,2026-04-10T17:46:15Z,10-Apr-2026,13:46:15,0.62,1
White-breasted Nuthatch,Sitta carolinensis,2026-04-10T17:41:10Z,10-Apr-2026,13:41:10,0.93,1
White-breasted Nuthatch,Sitta carolinensis,2026-04-10T17:40:41Z,10-Apr-2026,13:40:41,0.78,1
White-breasted Nuthatch,Sitta carolinensis,2026-04-10T17:40:32Z,10-Apr-2026,13:40:32,0.65,1
White-breasted Nuthatch,Sitta carolinensis,2026-04-10T17:40:25Z,10-Apr-2026,13:40:25,0.84,1
White-breasted Nuthatch,Sitta carolinensis,2026-04-10T17:40:19Z,10-Apr-2026,13:40:19,0.8,1
White-breasted Nuthatch,Sitta carolinensis,2026-04-10T17:40:01Z,10-Apr-2026,13:40:01,0.73,1
White-breasted Nuthatch,Sitta carolinensis,2026-04-10T17:39:54Z,10-Apr-2026,13:39:54,0.65,1
Eastern Phoebe,Sayornis phoebe,2026-04-10T17:39:48Z,10-Apr-2026,13:39:48,0.52,1
Eastern Phoebe,Sayornis phoebe,2026-04-10T17:39:34Z,10-Apr-2026,13:39:34,0.4,1
Eastern Phoebe,Sayornis phoebe,2026-04-10T17:39:28Z,10-Apr-2026,13:39:28,0.5,1
Eastern Phoebe,Sayornis phoebe,2026-04-10T17:39:21Z,10-Apr-2026,13:39:21,0.91,1
Eastern Phoebe,Sayornis phoebe,2026-04-10T17:38:59Z,10-Apr-2026,13:38:59,0.4,1
Eastern Phoebe,Sayornis phoebe,2026-04-10T17:38:46Z,10-Apr-2026,13:38:46,0.94,1
Eastern Phoebe,Sayornis phoebe,2026-04-10T17:38:39Z,10-Apr-2026,13:38:39,0.69,1
Eastern Phoebe,Sayornis phoebe,2026-04-10T17:38:32Z,10-Apr-2026,13:38:32,0.92,1
Eastern Phoebe,Sayornis phoebe,2026-04-10T17:38:20Z,10-Apr-2026,13:38:20,0.59,1
Eastern Phoebe,Sayornis phoebe,2026-04-10T17:38:14Z,10-Apr-2026,13:38:14,0.69,1
Eastern Phoebe,Sayornis phoebe,2026-04-10T17:38:07Z,10-Apr-2026,13:38:07,0.81,1
Eastern Phoebe,Sayornis phoebe,2026-04-10T17:38:01Z,10-Apr-2026,13:38:01,0.87,1
Eastern Phoebe,Sayornis phoebe,2026-04-10T17:37:54Z,10-Apr-2026,13:37:54,0.88,1
Eastern Phoebe,Sayornis phoebe,2026-04-10T17:37:48Z,10-Apr-2026,13:37:48,0.65,1
White-breasted Nuthatch,Sitta carolinensis,2026-04-10T17:36:43Z,10-Apr-2026,13:36:43,0.68,1
White-breasted Nuthatch,Sitta carolinensis,2026-04-10T17:36:29Z,10-Apr-2026,13:36:29,0.68,1
White-breasted Nuthatch,Sitta carolinensis,2026-04-10T17:36:23Z,10-Apr-2026,13:36:23,0.64,1
White-breasted Nuthatch,Sitta carolinensis,2026-04-10T17:36:13Z,10-Apr-2026,13:36:13,0.85,1
White-breasted Nuthatch,Sitta carolinensis,2026-04-10T17:36:06Z,10-Apr-2026,13:36:06,0.92,1
White-breasted Nuthatch,Sitta carolinensis,2026-04-10T17:36:00Z,10-Apr-2026,13:36:00,0.94,1
White-breasted Nuthatch,Sitta carolinensis,2026-04-10T17:35:53Z,10-Apr-2026,13:35:53,0.32,1
White-breasted Nuthatch,Sitta carolinensis,2026-04-10T17:35:37Z,10-Apr-2026,13:35:37,0.85,1
White-breasted Nuthatch,Sitta carolinensis,2026-04-10T17:31:32Z,10-Apr-2026,13:31:32,0.68,1
White-breasted Nuthatch,Sitta carolinensis,2026-04-10T17:31:26Z,10-Apr-2026,13:31:26,0.62,1
White-breasted Nuthatch,Sitta carolinensis,2026-04-10T17:31:16Z,10-Apr-2026,13:31:16,0.76,1
White-breasted Nuthatch,Sitta carolinensis,2026-04-10T17:31:07Z,10-Apr-2026,13:31:07,0.69,1
White-breasted Nuthatch,Sitta carolinensis,2026-04-10T17:31:00Z,10-Apr-2026,13:31:00,0.59,1
White-breasted Nuthatch,Sitta carolinensis,2026-04-10T17:30:41Z,10-Apr-2026,13:30:41,0.36,1
White-breasted Nuthatch,Sitta carolinensis,2026-04-10T17:25:33Z,10-Apr-2026,13:25:33,0.37,1
Mallard,Anas platyrhynchos,2026-04-10T17:25:24Z,10-Apr-2026,13:25:24,0.27,1
White-breasted Nuthatch,Sitta carolinensis,2026-04-10T17:25:17Z,10-Apr-2026,13:25:17,0.56,1
White-breasted Nuthatch,Sitta carolinensis,2026-04-10T17:25:10Z,10-Apr-2026,13:25:10,0.83,1
White-breasted Nuthatch,Sitta carolinensis,2026-04-10T17:25:04Z,10-Apr-2026,13:25:04,0.46,1
Eastern Phoebe,Sayornis phoebe,2026-04-10T17:22:12Z,10-Apr-2026,13:22:12,0.26,1
Eastern Phoebe,Sayornis phoebe,2026-04-10T17:20:11Z,10-Apr-2026,13:20:11,0.4,1
Eastern Phoebe,Sayornis phoebe,2026-04-10T17:19:54Z,10-Apr-2026,13:19:54,0.37,1
Eastern Phoebe,Sayornis phoebe,2026-04-10T17:19:28Z,10-Apr-2026,13:19:28,0.39,1
Eastern Phoebe,Sayornis phoebe,2026-04-10T17:10:52Z,10-Apr-2026,13:10:52,0.71,1
Bohemian Waxwing,Bombycilla garrulus,2026-04-10T16:57:13Z,10-Apr-2026,12:57:13,0.33,1
Eastern Phoebe,Sayornis phoebe,2026-04-10T16:32:31Z,10-Apr-2026,12:32:31,0.78,1
Eastern Phoebe,Sayornis phoebe,2026-04-10T16:32:24Z,10-Apr-2026,12:32:24,0.69,1
Eastern Phoebe,Sayornis phoebe,2026-04-10T16:32:12Z,10-Apr-2026,12:32:12,0.83,1
Eastern Phoebe,Sayornis phoebe,2026-04-10T16:32:06Z,10-Apr-2026,12:32:06,0.95,1
Eastern Phoebe,Sayornis phoebe,2026-04-10T16:32:00Z,10-Apr-2026,12:32:00,0.91,1
Eastern Phoebe,Sayornis phoebe,2026-04-10T16:29:32Z,10-Apr-2026,12:29:32,0.3,1
Eastern Phoebe,Sayornis phoebe,2026-04-10T16:29:10Z,10-Apr-2026,12:29:10,0.46,1
Eastern Phoebe,Sayornis phoebe,2026-04-10T16:29:03Z,10-Apr-2026,12:29:03,0.62,1
Eastern Phoebe,Sayornis phoebe,2026-04-10T16:28:56Z,10-Apr-2026,12:28:56,0.67,1
Eastern Phoebe,Sayornis phoebe,2026-04-10T16:28:50Z,10-Apr-2026,12:28:50,0.78,1
Eastern Phoebe,Sayornis phoebe,2026-04-10T16:27:20Z,10-Apr-2026,12:27:20,0.3,1
Eastern Phoebe,Sayornis phoebe,2026-04-10T16:21:16Z,10-Apr-2026,12:21:16,0.67,1
Eastern Phoebe,Sayornis phoebe,2026-04-10T16:17:53Z,10-Apr-2026,12:17:53,0.85,1
Eastern Phoebe,Sayornis phoebe,2026-04-10T16:04:29Z,10-Apr-2026,12:04:29,0.28,1
Eastern Phoebe,Sayornis phoebe,2026-04-10T15:57:32Z,10-Apr-2026,11:57:32,0.88,1
American Robin,Turdus migratorius,2026-04-10T15:56:49Z,10-Apr-2026,11:56:49,0.43,1
Eastern Phoebe,Sayornis phoebe,2026-04-10T15:56:09Z,10-Apr-2026,11:56:09,0.91,1
Eastern Phoebe,Sayornis phoebe,2026-04-10T15:56:02Z,10-Apr-2026,11:56:02,0.71,1
American Crow,Corvus brachyrhynchos,2026-04-10T15:55:52Z,10-Apr-2026,11:55:52,0.8,1
American Robin,Turdus migratorius,2026-04-10T15:55:16Z,10-Apr-2026,11:55:16,0.75,1
American Robin,Turdus migratorius,2026-04-10T15:55:10Z,10-Apr-2026,11:55:10,0.68,1
Eastern Phoebe,Sayornis phoebe,2026-04-10T15:51:33Z,10-Apr-2026,11:51:33,0.96,1
Eastern Phoebe,Sayornis phoebe,2026-04-10T15:51:26Z,10-Apr-2026,11:51:26,0.96,1
Eastern Phoebe,Sayornis phoebe,2026-04-10T15:51:19Z,10-Apr-2026,11:51:19,0.71,1
Eastern Phoebe,Sayornis phoebe,2026-04-10T15:51:10Z,10-Apr-2026,11:51:10,0.61,1
Eastern Phoebe,Sayornis phoebe,2026-04-10T15:51:03Z,10-Apr-2026,11:51:03,0.48,1
Eastern Phoebe,Sayornis phoebe,2026-04-10T15:50:57Z,10-Apr-2026,11:50:57,0.57,1
Eastern Phoebe,Sayornis phoebe,2026-04-10T15:50:50Z,10-Apr-2026,11:50:50,0.61,1
Eastern Phoebe,Sayornis phoebe,2026-04-10T15:50:24Z,10-Apr-2026,11:50:24,0.38,1
Eastern Phoebe,Sayornis phoebe,2026-04-10T15:50:17Z,10-Apr-2026,11:50:17,0.67,1
Eastern Phoebe,Sayornis phoebe,2026-04-10T15:48:12Z,10-Apr-2026,11:48:12,0.76,1
Eastern Phoebe,Sayornis phoebe,2026-04-10T15:47:45Z,10-Apr-2026,11:47:45,0.66,1
Eastern Phoebe,Sayornis phoebe,2026-04-10T15:47:39Z,10-Apr-2026,11:47:39,0.41,1
White-breasted Nuthatch,Sitta carolinensis,2026-04-10T15:46:45Z,10-Apr-2026,11:46:45,0.81,1
White-breasted Nuthatch,Sitta carolinensis,2026-04-10T15:46:38Z,10-Apr-2026,11:46:38,0.62,1
White-breasted Nuthatch,Sitta carolinensis,2026-04-10T15:46:31Z,10-Apr-2026,11:46:31,0.75,1
Eastern Phoebe,Sayornis phoebe,2026-04-10T15:45:35Z,10-Apr-2026,11:45:35,0.33,1
European Starling,Sturnus vulgaris,2026-04-10T15:45:12Z,10-Apr-2026,11:45:12,0.8471,1
Eastern Phoebe,Sayornis phoebe,2026-04-10T15:45:05Z,10-Apr-2026,11:45:05,0.37,1
Eastern Phoebe,Sayornis phoebe,2026-04-10T15:44:45Z,10-Apr-2026,11:44:45,0.34,1
Eastern Phoebe,Sayornis phoebe,2026-04-10T15:44:38Z,10-Apr-2026,11:44:38,0.49,1
Brown Creeper,Certhia americana,2026-04-10T15:44:31Z,10-Apr-2026,11:44:31,0.45,1
Eastern Phoebe,Sayornis phoebe,2026-04-10T15:44:06Z,10-Apr-2026,11:44:06,0.29,1
Eastern Phoebe,Sayornis phoebe,2026-04-10T15:41:41Z,10-Apr-2026,11:41:41,0.29,1
Black-capped Chickadee,Poecile atricapillus,2026-04-10T15:41:38Z,10-Apr-2026,11:41:38,0.949,1
Eastern Phoebe,Sayornis phoebe,2026-04-10T15:41:34Z,10-Apr-2026,11:41:34,0.61,1
Eastern Phoebe,Sayornis phoebe,2026-04-10T15:41:22Z,10-Apr-2026,11:41:22,0.61,1
Eastern Phoebe,Sayornis phoebe,2026-04-10T15:41:15Z,10-Apr-2026,11:41:15,0.44,1
Eastern Phoebe,Sayornis phoebe,2026-04-10T15:41:02Z,10-Apr-2026,11:41:02,0.48,1
Eastern Phoebe,Sayornis phoebe,2026-04-10T15:40:31Z,10-Apr-2026,11:40:31,0.49,1
Eastern Phoebe,Sayornis phoebe,2026-04-10T15:40:12Z,10-Apr-2026,11:40:12,0.31,1
Eastern Phoebe,Sayornis phoebe,2026-04-10T15:39:02Z,10-Apr-2026,11:39:02,0.28,1
Eastern Phoebe,Sayornis phoebe,2026-04-10T15:36:10Z,10-Apr-2026,11:36:10,0.41,1
Eastern Phoebe,Sayornis phoebe,2026-04-10T15:35:52Z,10-Apr-2026,11:35:52,0.41,1
White-breasted Nuthatch,Sitta carolinensis,2026-04-10T15:34:44Z,10-Apr-2026,11:34:44,0.41,1
White-breasted Nuthatch,Sitta carolinensis,2026-04-10T15:34:37Z,10-Apr-2026,11:34:37,0.41,1
White-breasted Nuthatch,Sitta carolinensis,2026-04-10T15:34:22Z,10-Apr-2026,11:34:22,0.65,1
White-breasted Nuthatch,Sitta carolinensis,2026-04-10T15:33:49Z,10-Apr-2026,11:33:49,0.42,1
Yellow-bellied Sapsucker,Sphyrapicus varius,2026-04-10T15:33:13Z,10-Apr-2026,11:33:13,0.28,1
White-breasted Nuthatch,Sitta carolinensis,2026-04-10T15:32:19Z,10-Apr-2026,11:32:19,0.6,1
Eastern Phoebe,Sayornis phoebe,2026-04-10T15:29:12Z,10-Apr-2026,11:29:12,0.5,1
Eastern Phoebe,Sayornis phoebe,2026-04-10T15:28:59Z,10-Apr-2026,11:28:59,0.31,1
Eastern Phoebe,Sayornis phoebe,2026-04-10T15:28:53Z,10-Apr-2026,11:28:53,0.5,1
Eastern Phoebe,Sayornis phoebe,2026-04-10T15:28:40Z,10-Apr-2026,11:28:40,0.41,1
Eastern Phoebe,Sayornis phoebe,2026-04-10T15:28:34Z,10-Apr-2026,11:28:34,0.38,1
Eastern Phoebe,Sayornis phoebe,2026-04-10T15:26:42Z,10-Apr-2026,11:26:42,0.44,1
Eastern Phoebe,Sayornis phoebe,2026-04-10T15:26:32Z,10-Apr-2026,11:26:32,0.31,1
White-breasted Nuthatch,Sitta carolinensis,2026-04-10T15:26:25Z,10-Apr-2026,11:26:25,0.86,1
Eastern Phoebe,Sayornis phoebe,2026-04-10T15:26:19Z,10-Apr-2026,11:26:19,0.26,1
White-breasted Nuthatch,Sitta carolinensis,2026-04-10T15:25:56Z,10-Apr-2026,11:25:56,0.41,1
Eastern Phoebe,Sayornis phoebe,2026-04-10T15:25:27Z,10-Apr-2026,11:25:27,0.34,1
White-breasted Nuthatch,Sitta carolinensis,2026-04-10T15:25:13Z,10-Apr-2026,11:25:13,0.62,1
Eastern Phoebe,Sayornis phoebe,2026-04-10T15:24:57Z,10-Apr-2026,11:24:57,0.28,1
Eastern Phoebe,Sayornis phoebe,2026-04-10T15:24:51Z,10-Apr-2026,11:24:51,0.63,1
Eastern Phoebe,Sayornis phoebe,2026-04-10T15:24:44Z,10-Apr-2026,11:24:44,0.57,1
Eastern Phoebe,Sayornis phoebe,2026-04-10T15:24:38Z,10-Apr-2026,11:24:38,0.56,1
Eastern Phoebe,Sayornis phoebe,2026-04-10T15:24:31Z,10-Apr-2026,11:24:31,0.47,1
White-breasted Nuthatch,Sitta carolinensis,2026-04-10T15:24:11Z,10-Apr-2026,11:24:11,0.7,1
Eastern Phoebe,Sayornis phoebe,2026-04-10T15:24:05Z,10-Apr-2026,11:24:05,0.52,1
Eastern Phoebe,Sayornis phoebe,2026-04-10T15:23:59Z,10-Apr-2026,11:23:59,0.44,1
Eastern Phoebe,Sayornis phoebe,2026-04-10T15:23:49Z,10-Apr-2026,11:23:49,0.78,1
Eastern Phoebe,Sayornis phoebe,2026-04-10T15:23:43Z,10-Apr-2026,11:23:43,0.39,1
Eastern Phoebe,Sayornis phoebe,2026-04-10T15:23:22Z,10-Apr-2026,11:23:22,0.52,1
Eastern Phoebe,Sayornis phoebe,2026-04-10T15:23:08Z,10-Apr-2026,11:23:08,0.41,1
Eastern Phoebe,Sayornis phoebe,2026-04-10T15:21:23Z,10-Apr-2026,11:21:23,0.45,1
White-breasted Nuthatch,Sitta carolinensis,2026-04-10T15:20:54Z,10-Apr-2026,11:20:54,0.8,1
White-breasted Nuthatch,Sitta carolinensis,2026-04-10T15:20:48Z,10-Apr-2026,11:20:48,0.69,1
White-breasted Nuthatch,Sitta carolinensis,2026-04-10T15:20:35Z,10-Apr-2026,11:20:35,0.69,1
White-breasted Nuthatch,Sitta carolinensis,2026-04-10T15:20:15Z,10-Apr-2026,11:20:15,0.66,1
White-breasted Nuthatch,Sitta carolinensis,2026-04-10T15:20:02Z,10-Apr-2026,11:20:02,0.8,1
White-breasted Nuthatch,Sitta carolinensis,2026-04-10T15:19:49Z,10-Apr-2026,11:19:49,0.73,1
Eastern Phoebe,Sayornis phoebe,2026-04-10T15:19:36Z,10-Apr-2026,11:19:36,0.35,1
White-breasted Nuthatch,Sitta carolinensis,2026-04-10T15:19:23Z,10-Apr-2026,11:19:23,0.65,1
White-breasted Nuthatch,Sitta carolinensis,2026-04-10T15:19:16Z,10-Apr-2026,11:19:16,0.73,1
White-breasted Nuthatch,Sitta carolinensis,2026-04-10T15:19:09Z,10-Apr-2026,11:19:09,0.64,1
White-breasted Nuthatch,Sitta carolinensis,2026-04-10T15:19:02Z,10-Apr-2026,11:19:02,0.5,1
White-breasted Nuthatch,Sitta carolinensis,2026-04-10T15:18:51Z,10-Apr-2026,11:18:51,0.56,1
White-breasted Nuthatch,Sitta carolinensis,2026-04-10T15:18:44Z,10-Apr-2026,11:18:44,0.61,1
White-breasted Nuthatch,Sitta carolinensis,2026-04-10T15:18:34Z,10-Apr-2026,11:18:34,0.76,1
White-breasted Nuthatch,Sitta carolinensis,2026-04-10T15:18:28Z,10-Apr-2026,11:18:28,0.67,1
White-breasted Nuthatch,Sitta carolinensis,2026-04-10T15:18:21Z,10-Apr-2026,11:18:21,0.56,1
Dark-eyed Junco,Junco hyemalis,2026-04-10T15:18:05Z,10-Apr-2026,11:18:05,0.43,1
Dark-eyed Junco,Junco hyemalis,2026-04-10T15:17:58Z,10-Apr-2026,11:17:58,0.29,1
Eastern Phoebe,Sayornis phoebe,2026-04-10T15:15:12Z,10-Apr-2026,11:15:12,0.63,1
Eastern Phoebe,Sayornis phoebe,2026-04-10T15:15:05Z,10-Apr-2026,11:15:05,0.76,1
Eastern Phoebe,Sayornis phoebe,2026-04-10T15:14:51Z,10-Apr-2026,11:14:51,0.4,1
Eastern Phoebe,Sayornis phoebe,2026-04-10T15:14:38Z,10-Apr-2026,11:14:38,0.55,1
Eastern Phoebe,Sayornis phoebe,2026-04-10T15:08:43Z,10-Apr-2026,11:08:43,0.31,1
Eastern Phoebe,Sayornis phoebe,2026-04-10T15:06:02Z,10-Apr-2026,11:06:02,0.27,1
Eastern Phoebe,Sayornis phoebe,2026-04-10T15:05:21Z,10-Apr-2026,11:05:21,0.29,1
Eastern Phoebe,Sayornis phoebe,2026-04-10T15:05:14Z,10-Apr-2026,11:05:14,0.36,1
Eastern Phoebe,Sayornis phoebe,2026-04-10T15:05:08Z,10-Apr-2026,11:05:08,0.42,1
Eastern Phoebe,Sayornis phoebe,2026-04-10T15:05:01Z,10-Apr-2026,11:05:01,0.29,1
Eastern Phoebe,Sayornis phoebe,2026-04-10T15:04:54Z,10-Apr-2026,11:04:54,0.39,1
Eastern Phoebe,Sayornis phoebe,2026-04-10T15:04:47Z,10-Apr-2026,11:04:47,0.63,1
Eastern Phoebe,Sayornis phoebe,2026-04-10T15:04:11Z,10-Apr-2026,11:04:11,0.52,1
Eastern Phoebe,Sayornis phoebe,2026-04-10T15:03:35Z,10-Apr-2026,11:03:35,0.68,1
Eastern Phoebe,Sayornis phoebe,2026-04-10T15:01:19Z,10-Apr-2026,11:01:19,0.32,1
Eastern Phoebe,Sayornis phoebe,2026-04-10T15:00:31Z,10-Apr-2026,11:00:31,0.4,1
Northern Flicker,Colaptes auratus,2026-04-10T14:51:40Z,10-Apr-2026,10:51:40,0.4,1
American Goldfinch,Spinus tristis,2026-04-10T14:51:14Z,10-Apr-2026,10:51:14,0.898,1
Northern Flicker,Colaptes auratus,2026-04-10T14:51:07Z,10-Apr-2026,10:51:07,0.47,1
American Goldfinch,Spinus tristis,2026-04-10T14:51:01Z,10-Apr-2026,10:51:01,0.27,1
Eastern Phoebe,Sayornis phoebe,2026-04-10T14:48:47Z,10-Apr-2026,10:48:47,0.29,1
European Starling,Sturnus vulgaris,2026-04-10T14:47:09Z,10-Apr-2026,10:47:09,0.8,1
Eastern Phoebe,Sayornis phoebe,2026-04-10T14:47:02Z,10-Apr-2026,10:47:02,0.73,1
Eastern Phoebe,Sayornis phoebe,2026-04-10T14:46:56Z,10-Apr-2026,10:46:56,0.95,1
Eastern Phoebe,Sayornis phoebe,2026-04-10T14:46:50Z,10-Apr-2026,10:46:50,0.8,1
Eastern Phoebe,Sayornis phoebe,2026-04-10T14:46:37Z,10-Apr-2026,10:46:37,0.3,1
Eastern Phoebe,Sayornis phoebe,2026-04-10T14:46:24Z,10-Apr-2026,10:46:24,0.27,1
Eastern Phoebe,Sayornis phoebe,2026-04-10T14:46:03Z,10-Apr-2026,10:46:03,0.37,1
Eastern Phoebe,Sayornis phoebe,2026-04-10T14:45:51Z,10-Apr-2026,10:45:51,0.83,1
Eastern Phoebe,Sayornis phoebe,2026-04-10T14:45:45Z,10-Apr-2026,10:45:45,0.46,1
Eastern Phoebe,Sayornis phoebe,2026-04-10T14:45:38Z,10-Apr-2026,10:45:38,0.8,1
Eastern Phoebe,Sayornis phoebe,2026-04-10T14:45:26Z,10-Apr-2026,10:45:26,0.65,1
Eastern Phoebe,Sayornis phoebe,2026-04-10T14:45:09Z,10-Apr-2026,10:45:09,0.63,1
Eastern Phoebe,Sayornis phoebe,2026-04-10T14:44:30Z,10-Apr-2026,10:44:30,0.55,1
Eastern Phoebe,Sayornis phoebe,2026-04-10T14:44:11Z,10-Apr-2026,10:44:11,0.77,1
Eastern Phoebe,Sayornis phoebe,2026-04-10T14:44:00Z,10-Apr-2026,10:44:00,0.78,1
Eastern Phoebe,Sayornis phoebe,2026-04-10T14:43:51Z,10-Apr-2026,10:43:51,0.5,1
Eastern Phoebe,Sayornis phoebe,2026-04-10T14:43:38Z,10-Apr-2026,10:43:38,0.36,1
Eastern Phoebe,Sayornis phoebe,2026-04-10T14:43:32Z,10-Apr-2026,10:43:32,0.68,1
Eastern Phoebe,Sayornis phoebe,2026-04-10T14:43:12Z,10-Apr-2026,10:43:12,0.84,1
Eastern Phoebe,Sayornis phoebe,2026-04-10T14:43:06Z,10-Apr-2026,10:43:06,0.45,1
Eastern Phoebe,Sayornis phoebe,2026-04-10T14:42:55Z,10-Apr-2026,10:42:55,0.43,1
Eastern Phoebe,Sayornis phoebe,2026-04-10T14:42:42Z,10-Apr-2026,10:42:42,0.44,1
Eastern Phoebe,Sayornis phoebe,2026-04-10T14:42:29Z,10-Apr-2026,10:42:29,0.41,1
White-breasted Nuthatch,Sitta carolinensis,2026-04-10T14:42:22Z,10-Apr-2026,10:42:22,0.74,1
Eastern Phoebe,Sayornis phoebe,2026-04-10T14:42:15Z,10-Apr-2026,10:42:15,0.72,1
Eastern Phoebe,Sayornis phoebe,2026-04-10T14:42:09Z,10-Apr-2026,10:42:09,0.46,1
Eastern Phoebe,Sayornis phoebe,2026-04-10T14:42:03Z,10-Apr-2026,10:42:03,0.88,1
Eastern Phoebe,Sayornis phoebe,2026-04-10T14:41:56Z,10-Apr-2026,10:41:56,0.75,1
Eastern Phoebe,Sayornis phoebe,2026-04-10T14:41:50Z,10-Apr-2026,10:41:50,0.83,1
Eastern Phoebe,Sayornis phoebe,2026-04-10T14:41:37Z,10-Apr-2026,10:41:37,0.39,1
Eastern Phoebe,Sayornis phoebe,2026-04-10T14:41:30Z,10-Apr-2026,10:41:30,0.28,1
Eastern Phoebe,Sayornis phoebe,2026-04-10T14:41:18Z,10-Apr-2026,10:41:18,0.67,1
Eastern Phoebe,Sayornis phoebe,2026-04-10T14:41:11Z,10-Apr-2026,10:41:11,0.71,1
White-breasted Nuthatch,Sitta carolinensis,2026-04-10T14:40:59Z,10-Apr-2026,10:40:59,0.78,1
White-breasted Nuthatch,Sitta carolinensis,2026-04-10T14:40:52Z,10-Apr-2026,10:40:52,0.5,1
Eastern Phoebe,Sayornis phoebe,2026-04-10T14:40:43Z,10-Apr-2026,10:40:43,0.35,1
Eastern Phoebe,Sayornis phoebe,2026-04-10T14:40:36Z,10-Apr-2026,10:40:36,0.44,1
American Goldfinch,Spinus tristis,2026-04-10T14:40:24Z,10-Apr-2026,10:40:24,0.898,1
White-breasted Nuthatch,Sitta carolinensis,2026-04-10T14:40:17Z,10-Apr-2026,10:40:17,0.5,1
Eastern Phoebe,Sayornis phoebe,2026-04-10T14:31:07Z,10-Apr-2026,10:31:07,0.85,1
Eastern Phoebe,Sayornis phoebe,2026-04-10T14:31:01Z,10-Apr-2026,10:31:01,0.29,1
Eastern Phoebe,Sayornis phoebe,2026-04-10T14:30:53Z,10-Apr-2026,10:30:53,0.29,1
Eastern Phoebe,Sayornis phoebe,2026-04-10T14:30:44Z,10-Apr-2026,10:30:44,0.31,1
Eastern Phoebe,Sayornis phoebe,2026-04-10T14:30:38Z,10-Apr-2026,10:30:38,0.64,1
Eastern Phoebe,Sayornis phoebe,2026-04-10T14:30:31Z,10-Apr-2026,10:30:31,0.92,1
Eastern Phoebe,Sayornis phoebe,2026-04-10T14:30:25Z,10-Apr-2026,10:30:25,0.79,1
Eastern Phoebe,Sayornis phoebe,2026-04-10T14:30:18Z,10-Apr-2026,10:30:18,0.84,1
Eastern Phoebe,Sayornis phoebe,2026-04-10T14:30:12Z,10-Apr-2026,10:30:12,0.75,1
Song Sparrow,Melospiza melodia,2026-04-10T14:30:08Z,10-Apr-2026,10:30:08,0.8,1
Eastern Phoebe,Sayornis phoebe,2026-04-10T14:30:04Z,10-Apr-2026,10:30:04,0.83,1
Eastern Phoebe,Sayornis phoebe,2026-04-10T14:26:10Z,10-Apr-2026,10:26:10,0.9,1
Eastern Phoebe,Sayornis phoebe,2026-04-10T14:26:04Z,10-Apr-2026,10:26:04,0.76,1
Eastern Phoebe,Sayornis phoebe,2026-04-10T14:25:57Z,10-Apr-2026,10:25:57,0.69,1
Eastern Phoebe,Sayornis phoebe,2026-04-10T14:25:48Z,10-Apr-2026,10:25:48,0.8,1
Eastern Phoebe,Sayornis phoebe,2026-04-10T14:25:42Z,10-Apr-2026,10:25:42,0.68,1
Eastern Phoebe,Sayornis phoebe,2026-04-10T14:25:35Z,10-Apr-2026,10:25:35,0.63,1
Eastern Phoebe,Sayornis phoebe,2026-04-10T14:25:29Z,10-Apr-2026,10:25:29,0.62,1
Eastern Phoebe,Sayornis phoebe,2026-04-10T14:25:22Z,10-Apr-2026,10:25:22,0.38,1
Eastern Phoebe,Sayornis phoebe,2026-04-10T14:25:16Z,10-Apr-2026,10:25:16,0.72,1
Eastern Phoebe,Sayornis phoebe,2026-04-10T14:25:10Z,10-Apr-2026,10:25:10,0.69,1
Eastern Phoebe,Sayornis phoebe,2026-04-10T14:25:03Z,10-Apr-2026,10:25:03,0.74,1
Eastern Phoebe,Sayornis phoebe,2026-04-10T14:24:56Z,10-Apr-2026,10:24:56,0.56,1
Eastern Phoebe,Sayornis phoebe,2026-04-10T14:24:50Z,10-Apr-2026,10:24:50,0.78,1
Eastern Phoebe,Sayornis phoebe,2026-04-10T14:24:44Z,10-Apr-2026,10:24:44,0.75,1
Eastern Phoebe,Sayornis phoebe,2026-04-10T14:24:37Z,10-Apr-2026,10:24:37,0.88,1
Eastern Phoebe,Sayornis phoebe,2026-04-10T14:24:21Z,10-Apr-2026,10:24:21,0.88,1
Eastern Phoebe,Sayornis phoebe,2026-04-10T14:24:14Z,10-Apr-2026,10:24:14,0.83,1
Eastern Phoebe,Sayornis phoebe,2026-04-10T14:24:08Z,10-Apr-2026,10:24:08,0.91,1
Eastern Phoebe,Sayornis phoebe,2026-04-10T14:23:59Z,10-Apr-2026,10:23:59,0.93,1
Eastern Phoebe,Sayornis phoebe,2026-04-10T14:23:52Z,10-Apr-2026,10:23:52,0.81,1
Eastern Phoebe,Sayornis phoebe,2026-04-10T14:23:45Z,10-Apr-2026,10:23:45,0.88,1
Eastern Phoebe,Sayornis phoebe,2026-04-10T14:23:38Z,10-Apr-2026,10:23:38,0.93,1
Eastern Phoebe,Sayornis phoebe,2026-04-10T14:23:32Z,10-Apr-2026,10:23:32,0.93,1
Eastern Phoebe,Sayornis phoebe,2026-04-10T14:23:25Z,10-Apr-2026,10:23:25,0.77,1
Eastern Phoebe,Sayornis phoebe,2026-04-10T14:23:19Z,10-Apr-2026,10:23:19,0.55,1
Eastern Phoebe,Sayornis phoebe,2026-04-10T14:23:09Z,10-Apr-2026,10:23:09,0.79,1
European Starling,Sturnus vulgaris,2026-04-10T14:23:02Z,10-Apr-2026,10:23:02,0.8,1
Eastern Phoebe,Sayornis phoebe,2026-04-10T14:22:59Z,10-Apr-2026,10:22:59,0.64,1
Eastern Phoebe,Sayornis phoebe,2026-04-10T14:22:53Z,10-Apr-2026,10:22:53,0.38,1
Eastern Phoebe,Sayornis phoebe,2026-04-10T14:22:46Z,10-Apr-2026,10:22:46,0.28,1
Eastern Phoebe,Sayornis phoebe,2026-04-10T14:22:30Z,10-Apr-2026,10:22:30,0.54,1
Eastern Phoebe,Sayornis phoebe,2026-04-10T14:22:18Z,10-Apr-2026,10:22:18,0.72,1
Eastern Phoebe,Sayornis phoebe,2026-04-10T14:22:11Z,10-Apr-2026,10:22:11,0.77,1
Eastern Phoebe,Sayornis phoebe,2026-04-10T14:21:49Z,10-Apr-2026,10:21:49,0.51,1
Eastern Phoebe,Sayornis phoebe,2026-04-10T14:21:42Z,10-Apr-2026,10:21:42,0.33,1
Song Sparrow,Melospiza melodia,2026-04-10T14:21:19Z,10-Apr-2026,10:21:19,0.3,1
Eastern Phoebe,Sayornis phoebe,2026-04-10T14:20:10Z,10-Apr-2026,10:20:10,0.46,1
Eastern Phoebe,Sayornis phoebe,2026-04-10T14:18:48Z,10-Apr-2026,10:18:48,0.27,1
Eastern Phoebe,Sayornis phoebe,2026-04-10T14:18:28Z,10-Apr-2026,10:18:28,0.66,1
Eastern Phoebe,Sayornis phoebe,2026-04-10T14:18:22Z,10-Apr-2026,10:18:22,0.63,1
Eastern Phoebe,Sayornis phoebe,2026-04-10T14:18:08Z,10-Apr-2026,10:18:08,0.56,1
Song Sparrow,Melospiza melodia,2026-04-10T14:16:06Z,10-Apr-2026,10:16:06,0.8314,1
Song Sparrow,Melospiza melodia,2026-04-10T14:14:28Z,10-Apr-2026,10:14:28,0.9255,2
Song Sparrow,Melospiza melodia,2026-04-10T14:13:25Z,10-Apr-2026,10:13:25,0.7804,1
Eastern Phoebe,Sayornis phoebe,2026-04-10T14:11:47Z,10-Apr-2026,10:11:47,0.32,1
Eastern Phoebe,Sayornis phoebe,2026-04-10T14:11:21Z,10-Apr-2026,10:11:21,0.32,1
Eastern Phoebe,Sayornis phoebe,2026-04-10T14:11:14Z,10-Apr-2026,10:11:14,0.4,1
White-breasted Nuthatch,Sitta carolinensis,2026-04-10T14:11:01Z,10-Apr-2026,10:11:01,0.79,1
Eastern Phoebe,Sayornis phoebe,2026-04-10T14:10:48Z,10-Apr-2026,10:10:48,0.38,1
White-breasted Nuthatch,Sitta carolinensis,2026-04-10T14:10:36Z,10-Apr-2026,10:10:36,0.68,1
White-breasted Nuthatch,Sitta carolinensis,2026-04-10T14:10:29Z,10-Apr-2026,10:10:29,0.41,1
Eastern Phoebe,Sayornis phoebe,2026-04-10T14:10:23Z,10-Apr-2026,10:10:23,0.78,1
White-breasted Nuthatch,Sitta carolinensis,2026-04-10T14:10:16Z,10-Apr-2026,10:10:16,0.73,1
White-breasted Nuthatch,Sitta carolinensis,2026-04-10T14:10:10Z,10-Apr-2026,10:10:10,0.4,1
White-breasted Nuthatch,Sitta carolinensis,2026-04-10T14:10:04Z,10-Apr-2026,10:10:04,0.4,1
White-breasted Nuthatch,Sitta carolinensis,2026-04-10T14:09:57Z,10-Apr-2026,10:09:57,0.45,1
Song Sparrow,Melospiza melodia,2026-04-10T14:09:36Z,10-Apr-2026,10:09:36,0.8,1
Eastern Phoebe,Sayornis phoebe,2026-04-10T14:09:33Z,10-Apr-2026,10:09:33,0.54,1
Eastern Phoebe,Sayornis phoebe,2026-04-10T14:09:26Z,10-Apr-2026,10:09:26,0.5,1
Eastern Phoebe,Sayornis phoebe,2026-04-10T14:08:26Z,10-Apr-2026,10:08:26,0.72,1
Eastern Phoebe,Sayornis phoebe,2026-04-10T14:07:40Z,10-Apr-2026,10:07:40,0.27,1
Song Sparrow,Melospiza melodia,2026-04-10T14:07:19Z,10-Apr-2026,10:07:19,0.8,1
Eastern Phoebe,Sayornis phoebe,2026-04-10T14:06:37Z,10-Apr-2026,10:06:37,0.92,1
Eastern Phoebe,Sayornis phoebe,2026-04-10T14:06:23Z,10-Apr-2026,10:06:23,0.52,1
Eastern Phoebe,Sayornis phoebe,2026-04-10T14:05:45Z,10-Apr-2026,10:05:45,0.46,1
Eastern Phoebe,Sayornis phoebe,2026-04-10T14:05:38Z,10-Apr-2026,10:05:38,0.52,1
Eastern Phoebe,Sayornis phoebe,2026-04-10T14:05:32Z,10-Apr-2026,10:05:32,0.55,1
Eastern Phoebe,Sayornis phoebe,2026-04-10T14:05:12Z,10-Apr-2026,10:05:12,0.75,1
Northern Flicker,Colaptes auratus,2026-04-10T14:04:40Z,10-Apr-2026,10:04:40,0.76,1
Eastern Phoebe,Sayornis phoebe,2026-04-10T14:04:11Z,10-Apr-2026,10:04:11,0.32,1
Northern Flicker,Colaptes auratus,2026-04-10T14:03:31Z,10-Apr-2026,10:03:31,0.51,1
Northern Flicker,Colaptes auratus,2026-04-10T14:03:24Z,10-Apr-2026,10:03:24,0.66,1
Eastern Phoebe,Sayornis phoebe,2026-04-10T14:03:17Z,10-Apr-2026,10:03:17,0.43,1
Eastern Phoebe,Sayornis phoebe,2026-04-10T14:03:11Z,10-Apr-2026,10:03:11,0.39,1
Downy Woodpecker,Dryobates pubescens,2026-04-10T14:02:54Z,10-Apr-2026,10:02:54,0.7804,1
Eastern Phoebe,Sayornis phoebe,2026-04-10T14:02:44Z,10-Apr-2026,10:02:44,0.33,1
Northern Flicker,Colaptes auratus,2026-04-10T14:02:35Z,10-Apr-2026,10:02:35,0.52,1
Northern Flicker,Colaptes auratus,2026-04-10T14:02:28Z,10-Apr-2026,10:02:28,0.59,1
Eastern Phoebe,Sayornis phoebe,2026-04-10T14:01:41Z,10-Apr-2026,10:01:41,0.44,1
Northern Flicker,Colaptes auratus,2026-04-10T14:01:35Z,10-Apr-2026,10:01:35,0.83,1
Eastern Phoebe,Sayornis phoebe,2026-04-10T14:01:09Z,10-Apr-2026,10:01:09,0.53,1
Northern Flicker,Colaptes auratus,2026-04-10T14:01:03Z,10-Apr-2026,10:01:03,0.27,1
Eastern Phoebe,Sayornis phoebe,2026-04-10T14:00:56Z,10-Apr-2026,10:00:56,0.8,1
Eastern Phoebe,Sayornis phoebe,2026-04-10T14:00:50Z,10-Apr-2026,10:00:50,0.73,1
Eastern Phoebe,Sayornis phoebe,2026-04-10T14:00:43Z,10-Apr-2026,10:00:43,0.9,1
Eastern Phoebe,Sayornis phoebe,2026-04-10T14:00:30Z,10-Apr-2026,10:00:30,0.84,1
Eastern Phoebe,Sayornis phoebe,2026-04-10T14:00:23Z,10-Apr-2026,10:00:23,0.9,1
Eastern Phoebe,Sayornis phoebe,2026-04-10T14:00:17Z,10-Apr-2026,10:00:17,0.3,1
Eastern Phoebe,Sayornis phoebe,2026-04-10T14:00:03Z,10-Apr-2026,10:00:03,0.49,1
Downy Woodpecker,Dryobates pubescens,2026-04-10T13:59:44Z,10-Apr-2026,09:59:44,0.8627,1
Tree Swallow,Tachycineta bicolor,2026-04-10T13:59:12Z,10-Apr-2026,09:59:12,0.75,1
Northern Flicker,Colaptes auratus,2026-04-10T13:59:05Z,10-Apr-2026,09:59:05,0.46,1
Song Sparrow,Melospiza melodia,2026-04-10T13:58:49Z,10-Apr-2026,09:58:49,0.32,1
Eastern Phoebe,Sayornis phoebe,2026-04-10T13:58:34Z,10-Apr-2026,09:58:34,0.66,1
Northern Flicker,Colaptes auratus,2026-04-10T13:58:27Z,10-Apr-2026,09:58:27,0.61,1
Downy Woodpecker,Dryobates pubescens,2026-04-10T13:57:59Z,10-Apr-2026,09:57:59,0.8863,1
Northern Flicker,Colaptes auratus,2026-04-10T13:57:03Z,10-Apr-2026,09:57:03,0.38,1
Northern Flicker,Colaptes auratus,2026-04-10T13:56:25Z,10-Apr-2026,09:56:25,0.46,1
Northern Flicker,Colaptes auratus,2026-04-10T13:56:18Z,10-Apr-2026,09:56:18,0.77,1
Black-capped Chickadee,Poecile atricapillus,2026-04-10T13:55:45Z,10-Apr-2026,09:55:45,0.8157,1
Eastern Phoebe,Sayornis phoebe,2026-04-10T13:55:32Z,10-Apr-2026,09:55:32,0.58,1
Eastern Phoebe,Sayornis phoebe,2026-04-10T13:55:26Z,10-Apr-2026,09:55:26,0.51,1
Eastern Phoebe,Sayornis phoebe,2026-04-10T13:55:19Z,10-Apr-2026,09:55:19,0.36,1
Northern Flicker,Colaptes auratus,2026-04-10T13:54:16Z,10-Apr-2026,09:54:16,0.5,1
Eastern Phoebe,Sayornis phoebe,2026-04-10T13:53:50Z,10-Apr-2026,09:53:50,0.42,1
Eastern Phoebe,Sayornis phoebe,2026-04-10T13:53:01Z,10-Apr-2026,09:53:01,0.5,1
Northern Flicker,Colaptes auratus,2026-04-10T13:51:54Z,10-Apr-2026,09:51:54,0.51,1
Northern Flicker,Colaptes auratus,2026-04-10T13:51:47Z,10-Apr-2026,09:51:47,0.55,1
Northern Flicker,Colaptes auratus,2026-04-10T13:51:01Z,10-Apr-2026,09:51:01,0.37,1
Northern Flicker,Colaptes auratus,2026-04-10T13:50:55Z,10-Apr-2026,09:50:55,0.88,1
American Robin,Turdus migratorius,2026-04-10T13:50:20Z,10-Apr-2026,09:50:20,0.8314,1
European Starling,Sturnus vulgaris,2026-04-10T13:49:54Z,10-Apr-2026,09:49:54,0.8314,1
Downy Woodpecker,Dryobates pubescens,2026-04-10T13:49:34Z,10-Apr-2026,09:49:34,0.7804,2
Song Sparrow,Melospiza melodia,2026-04-10T13:49:28Z,10-Apr-2026,09:49:28,0.8471,2
Downy Woodpecker,Dryobates pubescens,2026-04-10T13:48:19Z,10-Apr-2026,09:48:19,0.31,1
Black-capped Chickadee,Poecile atricapillus,2026-04-10T13:47:15Z,10-Apr-2026,09:47:15,0.8745,7
Black-capped Chickadee,Poecile atricapillus,2026-04-10T13:46:05Z,10-Apr-2026,09:46:05,0.8745,1
Song Sparrow,Melospiza melodia,2026-04-10T13:45:41Z,10-Apr-2026,09:45:41,0.8,1
Downy Woodpecker,Dryobates pubescens,2026-04-10T13:44:29Z,10-Apr-2026,09:44:29,0.8314,1
Eastern Phoebe,Sayornis phoebe,2026-04-10T13:42:39Z,10-Apr-2026,09:42:39,0.53,1
Eastern Phoebe,Sayornis phoebe,2026-04-10T13:42:33Z,10-Apr-2026,09:42:33,0.4,1
Song Sparrow,Melospiza melodia,2026-04-10T13:40:35Z,10-Apr-2026,09:40:35,0.36,1
Eastern Phoebe,Sayornis phoebe,2026-04-10T13:38:29Z,10-Apr-2026,09:38:29,0.26,1
White-breasted Nuthatch,Sitta carolinensis,2026-04-10T13:36:20Z,10-Apr-2026,09:36:20,0.39,1
Eastern Phoebe,Sayornis phoebe,2026-04-10T13:36:01Z,10-Apr-2026,09:36:01,0.32,1
Eastern Phoebe,Sayornis phoebe,2026-04-10T13:35:22Z,10-Apr-2026,09:35:22,0.75,1
Eastern Phoebe,Sayornis phoebe,2026-04-10T13:35:09Z,10-Apr-2026,09:35:09,0.63,1
Tree Swallow,Tachycineta bicolor,2026-04-10T13:35:02Z,10-Apr-2026,09:35:02,0.93,1
Eastern Phoebe,Sayornis phoebe,2026-04-10T13:34:18Z,10-Apr-2026,09:34:18,0.35,1
Eastern Phoebe,Sayornis phoebe,2026-04-10T13:33:52Z,10-Apr-2026,09:33:52,0.76,1
Eastern Phoebe,Sayornis phoebe,2026-04-10T13:33:46Z,10-Apr-2026,09:33:46,0.35,1
Eastern Phoebe,Sayornis phoebe,2026-04-10T13:33:40Z,10-Apr-2026,09:33:40,0.38,1
American Goldfinch,Spinus tristis,2026-04-10T13:33:30Z,10-Apr-2026,09:33:30,0.7804,1
American Woodcock,Scolopax minor,2026-04-10T13:33:23Z,10-Apr-2026,09:33:23,0.3,1
Eastern Phoebe,Sayornis phoebe,2026-04-10T13:33:17Z,10-Apr-2026,09:33:17,0.47,1
Eastern Phoebe,Sayornis phoebe,2026-04-10T13:33:10Z,10-Apr-2026,09:33:10,0.59,1
Eastern Phoebe,Sayornis phoebe,2026-04-10T13:33:01Z,10-Apr-2026,09:33:01,0.8,1
Eastern Phoebe,Sayornis phoebe,2026-04-10T13:32:38Z,10-Apr-2026,09:32:38,0.6,1
Eastern Phoebe,Sayornis phoebe,2026-04-10T13:32:32Z,10-Apr-2026,09:32:32,0.7,1
Eastern Phoebe,Sayornis phoebe,2026-04-10T13:32:26Z,10-Apr-2026,09:32:26,0.44,1
Eastern Phoebe,Sayornis phoebe,2026-04-10T13:32:19Z,10-Apr-2026,09:32:19,0.34,1
Eastern Phoebe,Sayornis phoebe,2026-04-10T13:32:13Z,10-Apr-2026,09:32:13,0.54,1
Eastern Phoebe,Sayornis phoebe,2026-04-10T13:31:54Z,10-Apr-2026,09:31:54,0.7,1
Eastern Phoebe,Sayornis phoebe,2026-04-10T13:31:47Z,10-Apr-2026,09:31:47,0.29,1
Eastern Phoebe,Sayornis phoebe,2026-04-10T13:31:34Z,10-Apr-2026,09:31:34,0.81,1
Eastern Phoebe,Sayornis phoebe,2026-04-10T13:31:27Z,10-Apr-2026,09:31:27,0.77,1
Eastern Phoebe,Sayornis phoebe,2026-04-10T13:31:20Z,10-Apr-2026,09:31:20,0.78,1
Eastern Phoebe,Sayornis phoebe,2026-04-10T13:31:13Z,10-Apr-2026,09:31:13,0.51,1
Eastern Phoebe,Sayornis phoebe,2026-04-10T13:31:01Z,10-Apr-2026,09:31:01,0.28,1
Eastern Phoebe,Sayornis phoebe,2026-04-10T13:30:54Z,10-Apr-2026,09:30:54,0.43,1
Song Sparrow,Melospiza melodia,2026-04-10T13:30:51Z,10-Apr-2026,09:30:51,0.8745,1
Eastern Phoebe,Sayornis phoebe,2026-04-10T13:30:31Z,10-Apr-2026,09:30:31,0.81,1
Eastern Phoebe,Sayornis phoebe,2026-04-10T13:30:25Z,10-Apr-2026,09:30:25,0.55,1
Eastern Phoebe,Sayornis phoebe,2026-04-10T13:30:18Z,10-Apr-2026,09:30:18,0.55,1
Eastern Phoebe,Sayornis phoebe,2026-04-10T13:29:58Z,10-Apr-2026,09:29:58,0.62,1
White-breasted Nuthatch,Sitta carolinensis,2026-04-10T13:29:51Z,10-Apr-2026,09:29:51,0.68,1
Eastern Phoebe,Sayornis phoebe,2026-04-10T13:29:44Z,10-Apr-2026,09:29:44,0.36,1
Eastern Phoebe,Sayornis phoebe,2026-04-10T13:29:32Z,10-Apr-2026,09:29:32,0.79,1
Eastern Phoebe,Sayornis phoebe,2026-04-10T13:29:25Z,10-Apr-2026,09:29:25,0.51,1
Eastern Phoebe,Sayornis phoebe,2026-04-10T13:29:19Z,10-Apr-2026,09:29:19,0.59,1
Eastern Phoebe,Sayornis phoebe,2026-04-10T13:29:12Z,10-Apr-2026,09:29:12,0.41,1
Eastern Phoebe,Sayornis phoebe,2026-04-10T13:29:06Z,10-Apr-2026,09:29:06,0.66,1
Eastern Phoebe,Sayornis phoebe,2026-04-10T13:28:59Z,10-Apr-2026,09:28:59,0.69,1
Eastern Phoebe,Sayornis phoebe,2026-04-10T13:28:53Z,10-Apr-2026,09:28:53,0.6,1
Eastern Phoebe,Sayornis phoebe,2026-04-10T13:28:47Z,10-Apr-2026,09:28:47,0.61,1
Eastern Phoebe,Sayornis phoebe,2026-04-10T13:28:40Z,10-Apr-2026,09:28:40,0.62,1
Eastern Phoebe,Sayornis phoebe,2026-04-10T13:28:34Z,10-Apr-2026,09:28:34,0.71,1
Eastern Phoebe,Sayornis phoebe,2026-04-10T13:28:28Z,10-Apr-2026,09:28:28,0.66,1
Eastern Phoebe,Sayornis phoebe,2026-04-10T13:28:21Z,10-Apr-2026,09:28:21,0.46,1
Black-capped Chickadee,Poecile atricapillus,2026-04-10T13:28:18Z,10-Apr-2026,09:28:18,0.8,1
Eastern Phoebe,Sayornis phoebe,2026-04-10T13:28:14Z,10-Apr-2026,09:28:14,0.9,1
Eastern Phoebe,Sayornis phoebe,2026-04-10T13:28:08Z,10-Apr-2026,09:28:08,0.4,1
Eastern Phoebe,Sayornis phoebe,2026-04-10T13:28:01Z,10-Apr-2026,09:28:01,0.58,1
Eastern Phoebe,Sayornis phoebe,2026-04-10T13:27:51Z,10-Apr-2026,09:27:51,0.46,1
Eastern Phoebe,Sayornis phoebe,2026-04-10T13:27:38Z,10-Apr-2026,09:27:38,0.49,1
Eastern Phoebe,Sayornis phoebe,2026-04-10T13:27:31Z,10-Apr-2026,09:27:31,0.89,1
Eastern Phoebe,Sayornis phoebe,2026-04-10T13:27:25Z,10-Apr-2026,09:27:25,0.61,1
Eastern Phoebe,Sayornis phoebe,2026-04-10T13:27:18Z,10-Apr-2026,09:27:18,0.39,1
Eastern Phoebe,Sayornis phoebe,2026-04-10T13:27:12Z,10-Apr-2026,09:27:12,0.39,1
Eastern Phoebe,Sayornis phoebe,2026-04-10T13:27:05Z,10-Apr-2026,09:27:05,0.4,1
Eastern Phoebe,Sayornis phoebe,2026-04-10T13:26:52Z,10-Apr-2026,09:26:52,0.68,1
Eastern Phoebe,Sayornis phoebe,2026-04-10T13:26:46Z,10-Apr-2026,09:26:46,0.77,1
Eastern Phoebe,Sayornis phoebe,2026-04-10T13:26:39Z,10-Apr-2026,09:26:39,0.57,1
Eastern Phoebe,Sayornis phoebe,2026-04-10T13:26:32Z,10-Apr-2026,09:26:32,0.56,1
Eastern Phoebe,Sayornis phoebe,2026-04-10T13:26:26Z,10-Apr-2026,09:26:26,0.92,1
Eastern Phoebe,Sayornis phoebe,2026-04-10T13:26:19Z,10-Apr-2026,09:26:19,0.9,1
Eastern Phoebe,Sayornis phoebe,2026-04-10T13:26:13Z,10-Apr-2026,09:26:13,0.94,1
Eastern Phoebe,Sayornis phoebe,2026-04-10T13:26:07Z,10-Apr-2026,09:26:07,0.74,1
Eastern Phoebe,Sayornis phoebe,2026-04-10T13:26:00Z,10-Apr-2026,09:26:00,0.83,1
Eastern Phoebe,Sayornis phoebe,2026-04-10T13:25:48Z,10-Apr-2026,09:25:48,0.78,1
Eastern Phoebe,Sayornis phoebe,2026-04-10T13:25:41Z,10-Apr-2026,09:25:41,0.77,1
White-breasted Nuthatch,Sitta carolinensis,2026-04-10T13:25:14Z,10-Apr-2026,09:25:14,0.92,1
White-breasted Nuthatch,Sitta carolinensis,2026-04-10T13:25:02Z,10-Apr-2026,09:25:02,0.8,1
White-breasted Nuthatch,Sitta carolinensis,2026-04-10T13:24:49Z,10-Apr-2026,09:24:49,0.62,1
Eastern Phoebe,Sayornis phoebe,2026-04-10T13:24:42Z,10-Apr-2026,09:24:42,0.28,1
White-breasted Nuthatch,Sitta carolinensis,2026-04-10T13:24:36Z,10-Apr-2026,09:24:36,0.54,1
Song Sparrow,Melospiza melodia,2026-04-10T13:24:32Z,10-Apr-2026,09:24:32,0.8627,1
Swamp Sparrow,Melospiza georgiana,2026-04-10T13:23:34Z,10-Apr-2026,09:23:34,0.28,1
Swamp Sparrow,Melospiza georgiana,2026-04-10T13:23:08Z,10-Apr-2026,09:23:08,0.6,1
White-breasted Nuthatch,Sitta carolinensis,2026-04-10T13:22:32Z,10-Apr-2026,09:22:32,0.65,1
Swamp Sparrow,Melospiza georgiana,2026-04-10T13:22:26Z,10-Apr-2026,09:22:26,0.48,1
Swamp Sparrow,Melospiza georgiana,2026-04-10T13:22:19Z,10-Apr-2026,09:22:19,0.31,1
Swamp Sparrow,Melospiza georgiana,2026-04-10T13:22:13Z,10-Apr-2026,09:22:13,0.64,1
Dark-eyed Junco,Junco hyemalis,2026-04-10T13:21:59Z,10-Apr-2026,09:21:59,0.3,1
White-breasted Nuthatch,Sitta carolinensis,2026-04-10T13:21:53Z,10-Apr-2026,09:21:53,0.69,1
White-breasted Nuthatch,Sitta carolinensis,2026-04-10T13:21:47Z,10-Apr-2026,09:21:47,0.53,1
Dark-eyed Junco,Junco hyemalis,2026-04-10T13:20:47Z,10-Apr-2026,09:20:47,0.8471,2
Eastern Phoebe,Sayornis phoebe,2026-04-10T13:20:37Z,10-Apr-2026,09:20:37,0.53,1
Eastern Phoebe,Sayornis phoebe,2026-04-10T13:20:30Z,10-Apr-2026,09:20:30,0.96,1
Eastern Phoebe,Sayornis phoebe,2026-04-10T13:20:23Z,10-Apr-2026,09:20:23,0.73,1
Eastern Phoebe,Sayornis phoebe,2026-04-10T13:20:17Z,10-Apr-2026,09:20:17,0.89,1
Eastern Phoebe,Sayornis phoebe,2026-04-10T13:20:04Z,10-Apr-2026,09:20:04,0.66,1
Eastern Phoebe,Sayornis phoebe,2026-04-10T13:19:57Z,10-Apr-2026,09:19:57,0.82,1
Eastern Phoebe,Sayornis phoebe,2026-04-10T13:19:48Z,10-Apr-2026,09:19:48,0.89,1
Eastern Phoebe,Sayornis phoebe,2026-04-10T13:19:35Z,10-Apr-2026,09:19:35,0.87,1
Eastern Phoebe,Sayornis phoebe,2026-04-10T13:19:28Z,10-Apr-2026,09:19:28,0.51,1
Eastern Phoebe,Sayornis phoebe,2026-04-10T13:19:15Z,10-Apr-2026,09:19:15,0.4,1
Eastern Phoebe,Sayornis phoebe,2026-04-10T13:19:09Z,10-Apr-2026,09:19:09,0.53,1
Eastern Phoebe,Sayornis phoebe,2026-04-10T13:19:02Z,10-Apr-2026,09:19:02,0.86,1
Eastern Phoebe,Sayornis phoebe,2026-04-10T13:18:56Z,10-Apr-2026,09:18:56,0.32,1
Eastern Phoebe,Sayornis phoebe,2026-04-10T13:18:50Z,10-Apr-2026,09:18:50,0.9,1
Eastern Phoebe,Sayornis phoebe,2026-04-10T13:18:36Z,10-Apr-2026,09:18:36,0.86,1
Eastern Phoebe,Sayornis phoebe,2026-04-10T13:18:30Z,10-Apr-2026,09:18:30,0.78,1
Eastern Phoebe,Sayornis phoebe,2026-04-10T13:18:23Z,10-Apr-2026,09:18:23,0.64,1
Eastern Phoebe,Sayornis phoebe,2026-04-10T13:18:17Z,10-Apr-2026,09:18:17,0.38,1
Eastern Phoebe,Sayornis phoebe,2026-04-10T13:18:10Z,10-Apr-2026,09:18:10,0.26,1
Eastern Phoebe,Sayornis phoebe,2026-04-10T13:18:04Z,10-Apr-2026,09:18:04,0.86,1
Eastern Phoebe,Sayornis phoebe,2026-04-10T13:17:57Z,10-Apr-2026,09:17:57,0.41,1
Northern Cardinal,Cardinalis cardinalis,2026-04-10T13:17:12Z,10-Apr-2026,09:17:12,0.7804,2
Northern Cardinal,Cardinalis cardinalis,2026-04-10T13:16:03Z,10-Apr-2026,09:16:03,0.8745,2
Dark-eyed Junco,Junco hyemalis,2026-04-10T13:15:31Z,10-Apr-2026,09:15:31,0.8745,1
Northern Cardinal,Cardinalis cardinalis,2026-04-10T13:14:00Z,10-Apr-2026,09:14:00,0.8,1
Purple Finch,Haemorhous purpureus,2026-04-10T13:13:35Z,10-Apr-2026,09:13:35,0.26,1
Purple Finch,Haemorhous purpureus,2026-04-10T13:13:01Z,10-Apr-2026,09:13:01,0.34,1
Purple Finch,Haemorhous purpureus,2026-04-10T13:12:00Z,10-Apr-2026,09:12:00,0.36,1
Purple Finch,Haemorhous purpureus,2026-04-10T13:10:55Z,10-Apr-2026,09:10:55,0.32,1
Purple Finch,Haemorhous purpureus,2026-04-10T13:10:49Z,10-Apr-2026,09:10:49,0.58,1
Purple Finch,Haemorhous purpureus,2026-04-10T13:10:42Z,10-Apr-2026,09:10:42,0.28,1
American Goldfinch,Spinus tristis,2026-04-10T13:07:15Z,10-Apr-2026,09:07:15,0.8863,9
American Goldfinch,Spinus tristis,2026-04-10T13:07:11Z,10-Apr-2026,09:07:11,0.65,1
White-breasted Nuthatch,Sitta carolinensis,2026-04-10T13:07:05Z,10-Apr-2026,09:07:05,0.61,1
White-breasted Nuthatch,Sitta carolinensis,2026-04-10T13:06:46Z,10-Apr-2026,09:06:46,0.48,1
Pine Siskin,Spinus pinus,2026-04-10T13:06:26Z,10-Apr-2026,09:06:26,0.29,1
American Goldfinch,Spinus tristis,2026-04-10T13:06:20Z,10-Apr-2026,09:06:20,0.29,1
Eastern Phoebe,Sayornis phoebe,2026-04-10T13:05:54Z,10-Apr-2026,09:05:54,0.35,1
Eastern Phoebe,Sayornis phoebe,2026-04-10T13:04:56Z,10-Apr-2026,09:04:56,0.72,1
American Goldfinch,Spinus tristis,2026-04-10T13:04:15Z,10-Apr-2026,09:04:15,0.8314,2
White-breasted Nuthatch,Sitta carolinensis,2026-04-10T13:03:43Z,10-Apr-2026,09:03:43,0.31,1
American Goldfinch,Spinus tristis,2026-04-10T13:02:56Z,10-Apr-2026,09:02:56,0.7804,1
Song Sparrow,Melospiza melodia,2026-04-10T13:01:58Z,10-Apr-2026,09:01:58,0.7804,1
Eastern Phoebe,Sayornis phoebe,2026-04-10T13:00:50Z,10-Apr-2026,09:00:50,0.34,1
American Goldfinch,Spinus tristis,2026-04-10T12:58:44Z,10-Apr-2026,08:58:44,0.34,1
American Goldfinch,Spinus tristis,2026-04-10T12:58:38Z,10-Apr-2026,08:58:38,0.7,1
American Goldfinch,Spinus tristis,2026-04-10T12:58:35Z,10-Apr-2026,08:58:35,0.8157,1
Eastern Phoebe,Sayornis phoebe,2026-04-10T12:57:52Z,10-Apr-2026,08:57:52,0.49,1
American Goldfinch,Spinus tristis,2026-04-10T12:57:36Z,10-Apr-2026,08:57:36,0.39,1
Eastern Phoebe,Sayornis phoebe,2026-04-10T12:57:29Z,10-Apr-2026,08:57:29,0.36,1
Eastern Phoebe,Sayornis phoebe,2026-04-10T12:57:19Z,10-Apr-2026,08:57:19,0.45,1
American Goldfinch,Spinus tristis,2026-04-10T12:57:13Z,10-Apr-2026,08:57:13,0.8627,1
American Goldfinch,Spinus tristis,2026-04-10T12:57:06Z,10-Apr-2026,08:57:06,0.3,1
Eastern Phoebe,Sayornis phoebe,2026-04-10T12:56:53Z,10-Apr-2026,08:56:53,0.56,1
Eastern Phoebe,Sayornis phoebe,2026-04-10T12:56:47Z,10-Apr-2026,08:56:47,0.28,1
Eastern Phoebe,Sayornis phoebe,2026-04-10T12:56:34Z,10-Apr-2026,08:56:34,0.48,1
Eastern Phoebe,Sayornis phoebe,2026-04-10T12:56:28Z,10-Apr-2026,08:56:28,0.72,1
Eastern Phoebe,Sayornis phoebe,2026-04-10T12:56:21Z,10-Apr-2026,08:56:21,0.35,1
Eastern Phoebe,Sayornis phoebe,2026-04-10T12:56:15Z,10-Apr-2026,08:56:15,0.61,1
Eastern Phoebe,Sayornis phoebe,2026-04-10T12:56:08Z,10-Apr-2026,08:56:08,0.55,1
Eastern Phoebe,Sayornis phoebe,2026-04-10T12:55:55Z,10-Apr-2026,08:55:55,0.64,1
Eastern Phoebe,Sayornis phoebe,2026-04-10T12:55:39Z,10-Apr-2026,08:55:39,0.72,1
Eastern Phoebe,Sayornis phoebe,2026-04-10T12:55:33Z,10-Apr-2026,08:55:33,0.36,1
Eastern Phoebe,Sayornis phoebe,2026-04-10T12:55:26Z,10-Apr-2026,08:55:26,0.7,1
Eastern Phoebe,Sayornis phoebe,2026-04-10T12:55:06Z,10-Apr-2026,08:55:06,0.5,1
Eastern Phoebe,Sayornis phoebe,2026-04-10T12:54:54Z,10-Apr-2026,08:54:54,0.4,1
Eastern Phoebe,Sayornis phoebe,2026-04-10T12:54:47Z,10-Apr-2026,08:54:47,0.71,1
Eastern Phoebe,Sayornis phoebe,2026-04-10T12:54:38Z,10-Apr-2026,08:54:38,0.35,1
Eastern Phoebe,Sayornis phoebe,2026-04-10T12:54:28Z,10-Apr-2026,08:54:28,0.62,1
Eastern Phoebe,Sayornis phoebe,2026-04-10T12:54:15Z,10-Apr-2026,08:54:15,0.62,1
Eastern Phoebe,Sayornis phoebe,2026-04-10T12:54:09Z,10-Apr-2026,08:54:09,0.7,1
American Goldfinch,Spinus tristis,2026-04-10T12:53:46Z,10-Apr-2026,08:53:46,0.8627,1
Eastern Phoebe,Sayornis phoebe,2026-04-10T12:53:36Z,10-Apr-2026,08:53:36,0.9,1
Eastern Phoebe,Sayornis phoebe,2026-04-10T12:53:27Z,10-Apr-2026,08:53:27,0.87,1
Eastern Phoebe,Sayornis phoebe,2026-04-10T12:53:20Z,10-Apr-2026,08:53:20,0.86,1
Eastern Phoebe,Sayornis phoebe,2026-04-10T12:53:14Z,10-Apr-2026,08:53:14,0.54,1
Eastern Phoebe,Sayornis phoebe,2026-04-10T12:53:07Z,10-Apr-2026,08:53:07,0.8,1
Eastern Phoebe,Sayornis phoebe,2026-04-10T12:53:00Z,10-Apr-2026,08:53:00,0.84,1
Eastern Phoebe,Sayornis phoebe,2026-04-10T12:52:47Z,10-Apr-2026,08:52:47,0.72,1
Eastern Phoebe,Sayornis phoebe,2026-04-10T12:52:34Z,10-Apr-2026,08:52:34,0.91,1
Eastern Phoebe,Sayornis phoebe,2026-04-10T12:52:28Z,10-Apr-2026,08:52:28,0.32,1
Eastern Phoebe,Sayornis phoebe,2026-04-10T12:52:21Z,10-Apr-2026,08:52:21,0.67,1
Eastern Phoebe,Sayornis phoebe,2026-04-10T12:52:14Z,10-Apr-2026,08:52:14,0.81,1
Eastern Phoebe,Sayornis phoebe,2026-04-10T12:52:01Z,10-Apr-2026,08:52:01,0.54,1
Eastern Phoebe,Sayornis phoebe,2026-04-10T12:51:55Z,10-Apr-2026,08:51:55,0.36,1
Eastern Phoebe,Sayornis phoebe,2026-04-10T12:51:35Z,10-Apr-2026,08:51:35,0.8,1
Eastern Phoebe,Sayornis phoebe,2026-04-10T12:51:29Z,10-Apr-2026,08:51:29,0.74,1
Eastern Phoebe,Sayornis phoebe,2026-04-10T12:51:23Z,10-Apr-2026,08:51:23,0.65,1
Eastern Phoebe,Sayornis phoebe,2026-04-10T12:51:16Z,10-Apr-2026,08:51:16,0.65,1
Eastern Phoebe,Sayornis phoebe,2026-04-10T12:51:09Z,10-Apr-2026,08:51:09,0.84,1
Eastern Phoebe,Sayornis phoebe,2026-04-10T12:50:56Z,10-Apr-2026,08:50:56,0.7,1
Eastern Phoebe,Sayornis phoebe,2026-04-10T12:50:50Z,10-Apr-2026,08:50:50,0.72,1
Eastern Phoebe,Sayornis phoebe,2026-04-10T12:50:43Z,10-Apr-2026,08:50:43,0.45,1
Eastern Phoebe,Sayornis phoebe,2026-04-10T12:50:37Z,10-Apr-2026,08:50:37,0.76,1
Eastern Phoebe,Sayornis phoebe,2026-04-10T12:50:30Z,10-Apr-2026,08:50:30,0.75,1
Eastern Phoebe,Sayornis phoebe,2026-04-10T12:50:11Z,10-Apr-2026,08:50:11,0.54,1
Eastern Phoebe,Sayornis phoebe,2026-04-10T12:50:04Z,10-Apr-2026,08:50:04,0.51,1
Eastern Phoebe,Sayornis phoebe,2026-04-10T12:49:58Z,10-Apr-2026,08:49:58,0.63,1
Eastern Phoebe,Sayornis phoebe,2026-04-10T12:49:39Z,10-Apr-2026,08:49:39,0.37,1
Eastern Phoebe,Sayornis phoebe,2026-04-10T12:49:32Z,10-Apr-2026,08:49:32,0.75,1
Eastern Phoebe,Sayornis phoebe,2026-04-10T12:49:16Z,10-Apr-2026,08:49:16,0.68,1
American Goldfinch,Spinus tristis,2026-04-10T12:48:02Z,10-Apr-2026,08:48:02,0.8471,1
Blue Jay,Cyanocitta cristata,2026-04-10T12:46:50Z,10-Apr-2026,08:46:50,0.26,1
Blue Jay,Cyanocitta cristata,2026-04-10T12:43:42Z,10-Apr-2026,08:43:42,0.32,1
American Goldfinch,Spinus tristis,2026-04-10T12:42:38Z,10-Apr-2026,08:42:38,0.8471,1
Killdeer,Charadrius vociferus,2026-04-10T12:42:18Z,10-Apr-2026,08:42:18,0.3,1
Song Sparrow,Melospiza melodia,2026-04-10T12:41:14Z,10-Apr-2026,08:41:14,0.8157,1
Killdeer,Charadrius vociferus,2026-04-10T12:41:04Z,10-Apr-2026,08:41:04,0.34,1
European Starling,Sturnus vulgaris,2026-04-10T12:39:43Z,10-Apr-2026,08:39:43,0.9765,1
Pine Warbler,Setophaga pinus,2026-04-10T12:38:47Z,10-Apr-2026,08:38:47,0.26,1
Dark-eyed Junco,Junco hyemalis,2026-04-10T12:38:34Z,10-Apr-2026,08:38:34,0.8627,1
Dark-eyed Junco,Junco hyemalis,2026-04-10T12:38:27Z,10-Apr-2026,08:38:27,0.34,1
Golden-crowned Kinglet,Regulus satrapa,2026-04-10T12:38:00Z,10-Apr-2026,08:38:00,0.84,1
Killdeer,Charadrius vociferus,2026-04-10T12:37:11Z,10-Apr-2026,08:37:11,0.67,1
Killdeer,Charadrius vociferus,2026-04-10T12:36:57Z,10-Apr-2026,08:36:57,0.58,1
Killdeer,Charadrius vociferus,2026-04-10T12:36:50Z,10-Apr-2026,08:36:50,0.59,1
Killdeer,Charadrius vociferus,2026-04-10T12:36:37Z,10-Apr-2026,08:36:37,0.48,1
Killdeer,Charadrius vociferus,2026-04-10T12:35:54Z,10-Apr-2026,08:35:54,0.51,1
Killdeer,Charadrius vociferus,2026-04-10T12:35:09Z,10-Apr-2026,08:35:09,0.28,1
Eastern Phoebe,Sayornis phoebe,2026-04-10T12:34:47Z,10-Apr-2026,08:34:47,0.67,1
Eastern Phoebe,Sayornis phoebe,2026-04-10T12:34:28Z,10-Apr-2026,08:34:28,0.5,1
Eastern Phoebe,Sayornis phoebe,2026-04-10T12:34:15Z,10-Apr-2026,08:34:15,0.37,1
American Goldfinch,Spinus tristis,2026-04-10T12:32:46Z,10-Apr-2026,08:32:46,0.8157,1
Eastern Phoebe,Sayornis phoebe,2026-04-10T12:32:15Z,10-Apr-2026,08:32:15,0.39,1
Dark-eyed Junco,Junco hyemalis,2026-04-10T12:30:20Z,10-Apr-2026,08:30:20,0.8863,1
Eastern Phoebe,Sayornis phoebe,2026-04-10T12:29:51Z,10-Apr-2026,08:29:51,0.61,1
Eastern Phoebe,Sayornis phoebe,2026-04-10T12:29:31Z,10-Apr-2026,08:29:31,0.41,1
Eastern Phoebe,Sayornis phoebe,2026-04-10T12:28:43Z,10-Apr-2026,08:28:43,0.53,1
Downy Woodpecker,Dryobates pubescens,2026-04-10T12:28:31Z,10-Apr-2026,08:28:31,0.37,1
Eastern Phoebe,Sayornis phoebe,2026-04-10T12:28:18Z,10-Apr-2026,08:28:18,0.45,1
American Robin,Turdus migratorius,2026-04-10T12:27:20Z,10-Apr-2026,08:27:20,0.8,1
Eastern Phoebe,Sayornis phoebe,2026-04-10T12:25:50Z,10-Apr-2026,08:25:50,0.79,1
Eastern Phoebe,Sayornis phoebe,2026-04-10T12:25:04Z,10-Apr-2026,08:25:04,0.29,1
Eastern Phoebe,Sayornis phoebe,2026-04-10T12:24:51Z,10-Apr-2026,08:24:51,0.36,1
Eastern Phoebe,Sayornis phoebe,2026-04-10T12:24:45Z,10-Apr-2026,08:24:45,0.59,1
Eastern Phoebe,Sayornis phoebe,2026-04-10T12:24:24Z,10-Apr-2026,08:24:24,0.78,1
Eastern Phoebe,Sayornis phoebe,2026-04-10T12:23:04Z,10-Apr-2026,08:23:04,0.81,1
Eastern Phoebe,Sayornis phoebe,2026-04-10T12:22:43Z,10-Apr-2026,08:22:43,0.84,1
Eastern Phoebe,Sayornis phoebe,2026-04-10T12:22:29Z,10-Apr-2026,08:22:29,0.49,1
Eastern Phoebe,Sayornis phoebe,2026-04-10T12:22:23Z,10-Apr-2026,08:22:23,0.36,1
Eastern Phoebe,Sayornis phoebe,2026-04-10T12:22:10Z,10-Apr-2026,08:22:10,0.45,1
Pine Warbler,Setophaga pinus,2026-04-10T12:21:51Z,10-Apr-2026,08:21:51,0.57,1
Eastern Phoebe,Sayornis phoebe,2026-04-10T12:21:37Z,10-Apr-2026,08:21:37,0.73,1
Blue Jay,Cyanocitta cristata,2026-04-10T12:20:38Z,10-Apr-2026,08:20:38,0.9098,6
Purple Finch,Haemorhous purpureus,2026-04-10T12:20:21Z,10-Apr-2026,08:20:21,0.26,1
Eastern Phoebe,Sayornis phoebe,2026-04-10T12:19:55Z,10-Apr-2026,08:19:55,0.53,1
Eastern Phoebe,Sayornis phoebe,2026-04-10T12:19:48Z,10-Apr-2026,08:19:48,0.63,1
Eastern Phoebe,Sayornis phoebe,2026-04-10T12:19:38Z,10-Apr-2026,08:19:38,0.41,1
Eastern Phoebe,Sayornis phoebe,2026-04-10T12:19:32Z,10-Apr-2026,08:19:32,0.29,1
Eastern Phoebe,Sayornis phoebe,2026-04-10T12:19:25Z,10-Apr-2026,08:19:25,0.84,1
Eastern Phoebe,Sayornis phoebe,2026-04-10T12:19:18Z,10-Apr-2026,08:19:18,0.85,1
Eastern Phoebe,Sayornis phoebe,2026-04-10T12:19:11Z,10-Apr-2026,08:19:11,0.76,1
Eastern Phoebe,Sayornis phoebe,2026-04-10T12:19:01Z,10-Apr-2026,08:19:01,0.41,1
Blue Jay,Cyanocitta cristata,2026-04-10T12:18:28Z,10-Apr-2026,08:18:28,0.8,1
Eastern Phoebe,Sayornis phoebe,2026-04-10T12:18:11Z,10-Apr-2026,08:18:11,0.55,1
Eastern Phoebe,Sayornis phoebe,2026-04-10T12:17:44Z,10-Apr-2026,08:17:44,0.66,1
Eastern Phoebe,Sayornis phoebe,2026-04-10T12:17:38Z,10-Apr-2026,08:17:38,0.73,1
Eastern Phoebe,Sayornis phoebe,2026-04-10T12:17:31Z,10-Apr-2026,08:17:31,0.51,1
Eastern Phoebe,Sayornis phoebe,2026-04-10T12:17:24Z,10-Apr-2026,08:17:24,0.7,1
Eastern Phoebe,Sayornis phoebe,2026-04-10T12:17:17Z,10-Apr-2026,08:17:17,0.85,1
Eastern Phoebe,Sayornis phoebe,2026-04-10T12:17:10Z,10-Apr-2026,08:17:10,0.35,1
Eastern Phoebe,Sayornis phoebe,2026-04-10T12:17:03Z,10-Apr-2026,08:17:03,0.77,1
Eastern Phoebe,Sayornis phoebe,2026-04-10T12:16:56Z,10-Apr-2026,08:16:56,0.35,1
Eastern Phoebe,Sayornis phoebe,2026-04-10T12:16:50Z,10-Apr-2026,08:16:50,0.42,1
Eastern Phoebe,Sayornis phoebe,2026-04-10T12:16:36Z,10-Apr-2026,08:16:36,0.53,1
Eastern Phoebe,Sayornis phoebe,2026-04-10T12:16:10Z,10-Apr-2026,08:16:10,0.36,1
Eastern Phoebe,Sayornis phoebe,2026-04-10T12:16:03Z,10-Apr-2026,08:16:03,0.56,1
Eastern Phoebe,Sayornis phoebe,2026-04-10T12:15:57Z,10-Apr-2026,08:15:57,0.46,1
Eastern Phoebe,Sayornis phoebe,2026-04-10T12:15:50Z,10-Apr-2026,08:15:50,0.28,1
Eastern Phoebe,Sayornis phoebe,2026-04-10T12:15:23Z,10-Apr-2026,08:15:23,0.33,1
Eastern Phoebe,Sayornis phoebe,2026-04-10T12:15:17Z,10-Apr-2026,08:15:17,0.58,1
Eastern Phoebe,Sayornis phoebe,2026-04-10T12:15:10Z,10-Apr-2026,08:15:10,0.39,1
Eastern Phoebe,Sayornis phoebe,2026-04-10T12:15:04Z,10-Apr-2026,08:15:04,0.86,1
Eastern Phoebe,Sayornis phoebe,2026-04-10T12:14:57Z,10-Apr-2026,08:14:57,0.49,1
Eastern Phoebe,Sayornis phoebe,2026-04-10T12:14:51Z,10-Apr-2026,08:14:51,0.49,1
Eastern Phoebe,Sayornis phoebe,2026-04-10T12:14:44Z,10-Apr-2026,08:14:44,0.64,1
Eastern Phoebe,Sayornis phoebe,2026-04-10T12:14:35Z,10-Apr-2026,08:14:35,0.92,1
Eastern Phoebe,Sayornis phoebe,2026-04-10T12:14:28Z,10-Apr-2026,08:14:28,0.72,1
Eastern Phoebe,Sayornis phoebe,2026-04-10T12:14:22Z,10-Apr-2026,08:14:22,0.75,1
Eastern Phoebe,Sayornis phoebe,2026-04-10T12:14:15Z,10-Apr-2026,08:14:15,0.7,1
Eastern Phoebe,Sayornis phoebe,2026-04-10T12:14:09Z,10-Apr-2026,08:14:09,0.55,1
Eastern Phoebe,Sayornis phoebe,2026-04-10T12:14:03Z,10-Apr-2026,08:14:03,0.48,1
Eastern Phoebe,Sayornis phoebe,2026-04-10T12:13:56Z,10-Apr-2026,08:13:56,0.87,1
Eastern Phoebe,Sayornis phoebe,2026-04-10T12:13:50Z,10-Apr-2026,08:13:50,0.73,1
Eastern Phoebe,Sayornis phoebe,2026-04-10T12:13:43Z,10-Apr-2026,08:13:43,0.38,1
Eastern Phoebe,Sayornis phoebe,2026-04-10T12:13:37Z,10-Apr-2026,08:13:37,0.56,1
Eastern Phoebe,Sayornis phoebe,2026-04-10T12:13:30Z,10-Apr-2026,08:13:30,0.61,1
Eastern Phoebe,Sayornis phoebe,2026-04-10T12:13:17Z,10-Apr-2026,08:13:17,0.41,1
Eastern Phoebe,Sayornis phoebe,2026-04-10T12:13:11Z,10-Apr-2026,08:13:11,0.47,1
Eastern Phoebe,Sayornis phoebe,2026-04-10T12:13:05Z,10-Apr-2026,08:13:05,0.54,1
Eastern Phoebe,Sayornis phoebe,2026-04-10T12:12:52Z,10-Apr-2026,08:12:52,0.55,1
Eastern Phoebe,Sayornis phoebe,2026-04-10T12:12:38Z,10-Apr-2026,08:12:38,0.27,1
Eastern Phoebe,Sayornis phoebe,2026-04-10T12:12:32Z,10-Apr-2026,08:12:32,0.42,1
Eastern Phoebe,Sayornis phoebe,2026-04-10T12:12:26Z,10-Apr-2026,08:12:26,0.72,1
Eastern Phoebe,Sayornis phoebe,2026-04-10T12:12:19Z,10-Apr-2026,08:12:19,0.63,1
Eastern Phoebe,Sayornis phoebe,2026-04-10T12:12:12Z,10-Apr-2026,08:12:12,0.65,1
Eastern Phoebe,Sayornis phoebe,2026-04-10T12:12:06Z,10-Apr-2026,08:12:06,0.68,1
Eastern Phoebe,Sayornis phoebe,2026-04-10T12:11:53Z,10-Apr-2026,08:11:53,0.93,1
Eastern Phoebe,Sayornis phoebe,2026-04-10T12:11:46Z,10-Apr-2026,08:11:46,0.8,1
Eastern Phoebe,Sayornis phoebe,2026-04-10T12:11:40Z,10-Apr-2026,08:11:40,0.83,1
Eastern Phoebe,Sayornis phoebe,2026-04-10T12:11:33Z,10-Apr-2026,08:11:33,0.79,1
Eastern Phoebe,Sayornis phoebe,2026-04-10T12:10:58Z,10-Apr-2026,08:10:58,0.87,1
Eastern Phoebe,Sayornis phoebe,2026-04-10T12:10:52Z,10-Apr-2026,08:10:52,0.94,1
Eastern Phoebe,Sayornis phoebe,2026-04-10T12:09:50Z,10-Apr-2026,08:09:50,0.45,1
Dark-eyed Junco,Junco hyemalis,2026-04-10T12:09:29Z,10-Apr-2026,08:09:29,0.29,1
Eastern Phoebe,Sayornis phoebe,2026-04-10T12:09:16Z,10-Apr-2026,08:09:16,0.51,1
Eastern Phoebe,Sayornis phoebe,2026-04-10T12:09:10Z,10-Apr-2026,08:09:10,0.42,1
Eastern Phoebe,Sayornis phoebe,2026-04-10T12:09:03Z,10-Apr-2026,08:09:03,0.45,1
Eastern Phoebe,Sayornis phoebe,2026-04-10T12:08:57Z,10-Apr-2026,08:08:57,0.61,1
Eastern Phoebe,Sayornis phoebe,2026-04-10T12:08:50Z,10-Apr-2026,08:08:50,0.74,1
Eastern Phoebe,Sayornis phoebe,2026-04-10T12:08:44Z,10-Apr-2026,08:08:44,0.58,1
Eastern Phoebe,Sayornis phoebe,2026-04-10T12:08:38Z,10-Apr-2026,08:08:38,0.55,1
Eastern Phoebe,Sayornis phoebe,2026-04-10T12:08:31Z,10-Apr-2026,08:08:31,0.44,1
Eastern Phoebe,Sayornis phoebe,2026-04-10T12:08:24Z,10-Apr-2026,08:08:24,0.56,1
Eastern Phoebe,Sayornis phoebe,2026-04-10T12:08:11Z,10-Apr-2026,08:08:11,0.92,1
Eastern Phoebe,Sayornis phoebe,2026-04-10T12:08:05Z,10-Apr-2026,08:08:05,0.87,1
Eastern Phoebe,Sayornis phoebe,2026-04-10T12:07:58Z,10-Apr-2026,08:07:58,0.65,1
Eastern Phoebe,Sayornis phoebe,2026-04-10T12:07:52Z,10-Apr-2026,08:07:52,0.76,1
Eastern Phoebe,Sayornis phoebe,2026-04-10T12:07:45Z,10-Apr-2026,08:07:45,0.83,1
Downy Woodpecker,Dryobates pubescens,2026-04-10T12:07:35Z,10-Apr-2026,08:07:35,0.8157,1
Eastern Phoebe,Sayornis phoebe,2026-04-10T12:07:02Z,10-Apr-2026,08:07:02,0.39,1
Eastern Phoebe,Sayornis phoebe,2026-04-10T12:06:55Z,10-Apr-2026,08:06:55,0.64,1
Eastern Phoebe,Sayornis phoebe,2026-04-10T12:06:36Z,10-Apr-2026,08:06:36,0.67,1
Eastern Phoebe,Sayornis phoebe,2026-04-10T12:05:26Z,10-Apr-2026,08:05:26,0.68,1
Downy Woodpecker,Dryobates pubescens,2026-04-10T12:04:27Z,10-Apr-2026,08:04:27,0.9412,1
Eastern Phoebe,Sayornis phoebe,2026-04-10T12:04:14Z,10-Apr-2026,08:04:14,0.69,1
American Robin,Turdus migratorius,2026-04-10T12:03:55Z,10-Apr-2026,08:03:55,0.8157,1
Eastern Phoebe,Sayornis phoebe,2026-04-10T12:03:12Z,10-Apr-2026,08:03:12,0.59,1
Eastern Phoebe,Sayornis phoebe,2026-04-10T12:02:54Z,10-Apr-2026,08:02:54,0.73,1
Eastern Phoebe,Sayornis phoebe,2026-04-10T12:02:41Z,10-Apr-2026,08:02:41,0.63,1
Eastern Phoebe,Sayornis phoebe,2026-04-10T12:02:04Z,10-Apr-2026,08:02:04,0.8,1
Eastern Phoebe,Sayornis phoebe,2026-04-10T12:01:58Z,10-Apr-2026,08:01:58,0.46,1
Eastern Phoebe,Sayornis phoebe,2026-04-10T12:01:51Z,10-Apr-2026,08:01:51,0.58,1
Eastern Phoebe,Sayornis phoebe,2026-04-10T12:01:44Z,10-Apr-2026,08:01:44,0.81,1
Eastern Phoebe,Sayornis phoebe,2026-04-10T12:01:37Z,10-Apr-2026,08:01:37,0.37,1
Eastern Phoebe,Sayornis phoebe,2026-04-10T12:01:25Z,10-Apr-2026,08:01:25,0.83,1
Eastern Phoebe,Sayornis phoebe,2026-04-10T12:01:18Z,10-Apr-2026,08:01:18,0.61,1
Eastern Phoebe,Sayornis phoebe,2026-04-10T12:00:58Z,10-Apr-2026,08:00:58,0.59,1
Eastern Phoebe,Sayornis phoebe,2026-04-10T12:00:51Z,10-Apr-2026,08:00:51,0.32,1
Eastern Phoebe,Sayornis phoebe,2026-04-10T12:00:32Z,10-Apr-2026,08:00:32,0.56,1
Eastern Phoebe,Sayornis phoebe,2026-04-10T11:59:52Z,10-Apr-2026,07:59:52,0.43,1
Eastern Phoebe,Sayornis phoebe,2026-04-10T11:59:45Z,10-Apr-2026,07:59:45,0.53,1
Eastern Phoebe,Sayornis phoebe,2026-04-10T11:58:48Z,10-Apr-2026,07:58:48,0.43,1
Mourning Dove,Zenaida macroura,2026-04-10T11:58:20Z,10-Apr-2026,07:58:20,0.8157,1
Bohemian Waxwing,Bombycilla garrulus,2026-04-10T11:56:37Z,10-Apr-2026,07:56:37,0.33,1
Eastern Phoebe,Sayornis phoebe,2026-04-10T11:55:37Z,10-Apr-2026,07:55:37,0.66,1
Red-shouldered Hawk,Buteo lineatus,2026-04-10T11:54:32Z,10-Apr-2026,07:54:32,0.69,1
Northern Cardinal,Cardinalis cardinalis,2026-04-10T11:52:10Z,10-Apr-2026,07:52:10,0.8471,1
White-breasted Nuthatch,Sitta carolinensis,2026-04-10T11:49:12Z,10-Apr-2026,07:49:12,0.38,1
Northern Cardinal,Cardinalis cardinalis,2026-04-10T11:48:30Z,10-Apr-2026,07:48:30,0.8471,1
Eastern Phoebe,Sayornis phoebe,2026-04-10T11:48:05Z,10-Apr-2026,07:48:05,0.55,1
European Starling,Sturnus vulgaris,2026-04-10T11:47:05Z,10-Apr-2026,07:47:05,0.9412,1
Brown Creeper,Certhia americana,2026-04-10T11:46:34Z,10-Apr-2026,07:46:34,0.44,1
Brown Creeper,Certhia americana,2026-04-10T11:45:12Z,10-Apr-2026,07:45:12,0.37,1
Greater Yellowlegs,Tringa melanoleuca,2026-04-10T11:42:57Z,10-Apr-2026,07:42:57,0.28,1
Dark-eyed Junco,Junco hyemalis,2026-04-10T11:41:02Z,10-Apr-2026,07:41:02,0.54,1
Dark-eyed Junco,Junco hyemalis,2026-04-10T11:40:59Z,10-Apr-2026,07:40:59,0.9176,1
Dark-eyed Junco,Junco hyemalis,2026-04-10T11:40:52Z,10-Apr-2026,07:40:52,0.62,1
Dark-eyed Junco,Junco hyemalis,2026-04-10T11:40:33Z,10-Apr-2026,07:40:33,0.46,1
Bohemian Waxwing,Bombycilla garrulus,2026-04-10T11:38:42Z,10-Apr-2026,07:38:42,0.77,1
Blue Jay,Cyanocitta cristata,2026-04-10T11:36:40Z,10-Apr-2026,07:36:40,0.8863,1
Eastern Phoebe,Sayornis phoebe,2026-04-10T11:35:03Z,10-Apr-2026,07:35:03,0.33,1
Blue Jay,Cyanocitta cristata,2026-04-10T11:34:57Z,10-Apr-2026,07:34:57,0.26,1
Dark-eyed Junco,Junco hyemalis,2026-04-10T11:34:44Z,10-Apr-2026,07:34:44,0.27,1
American Goldfinch,Spinus tristis,2026-04-10T11:34:40Z,10-Apr-2026,07:34:40,0.8314,1
Eastern Phoebe,Sayornis phoebe,2026-04-10T11:32:30Z,10-Apr-2026,07:32:30,0.4,1
Blue Jay,Cyanocitta cristata,2026-04-10T11:31:48Z,10-Apr-2026,07:31:48,0.29,1
Blue Jay,Cyanocitta cristata,2026-04-10T11:31:44Z,10-Apr-2026,07:31:44,0.9098,4
Eastern Phoebe,Sayornis phoebe,2026-04-10T11:30:59Z,10-Apr-2026,07:30:59,0.41,1
Eastern Phoebe,Sayornis phoebe,2026-04-10T11:30:33Z,10-Apr-2026,07:30:33,0.3,1
Eastern Phoebe,Sayornis phoebe,2026-04-10T11:30:20Z,10-Apr-2026,07:30:20,0.37,1
Eastern Phoebe,Sayornis phoebe,2026-04-10T11:29:42Z,10-Apr-2026,07:29:42,0.47,1
Blue Jay,Cyanocitta cristata,2026-04-10T11:29:13Z,10-Apr-2026,07:29:13,0.8863,1
Eastern Phoebe,Sayornis phoebe,2026-04-10T11:29:00Z,10-Apr-2026,07:29:00,0.27,1
Eastern Phoebe,Sayornis phoebe,2026-04-10T11:28:54Z,10-Apr-2026,07:28:54,0.3,1
Eastern Phoebe,Sayornis phoebe,2026-04-10T11:27:53Z,10-Apr-2026,07:27:53,0.48,1
Eastern Phoebe,Sayornis phoebe,2026-04-10T11:27:33Z,10-Apr-2026,07:27:33,0.35,1
Eastern Phoebe,Sayornis phoebe,2026-04-10T11:26:52Z,10-Apr-2026,07:26:52,0.48,1
Eastern Phoebe,Sayornis phoebe,2026-04-10T11:26:46Z,10-Apr-2026,07:26:46,0.27,1
Eastern Phoebe,Sayornis phoebe,2026-04-10T11:26:39Z,10-Apr-2026,07:26:39,0.38,1
European Starling,Sturnus vulgaris,2026-04-10T11:25:00Z,10-Apr-2026,07:25:00,0.7804,1
Blue Jay,Cyanocitta cristata,2026-04-10T11:24:40Z,10-Apr-2026,07:24:40,0.8,1
Palm Warbler,Setophaga palmarum,2026-04-10T11:23:58Z,10-Apr-2026,07:23:58,0.29,1
Dark-eyed Junco,Junco hyemalis,2026-04-10T11:23:48Z,10-Apr-2026,07:23:48,0.8,1
Dark-eyed Junco,Junco hyemalis,2026-04-10T11:23:42Z,10-Apr-2026,07:23:42,0.39,1
American Crow,Corvus brachyrhynchos,2026-04-10T11:22:31Z,10-Apr-2026,07:22:31,0.31,1
American Crow,Corvus brachyrhynchos,2026-04-10T11:22:06Z,10-Apr-2026,07:22:06,0.45,1
Eastern Phoebe,Sayornis phoebe,2026-04-10T11:21:05Z,10-Apr-2026,07:21:05,0.28,1
Eastern Phoebe,Sayornis phoebe,2026-04-10T11:20:58Z,10-Apr-2026,07:20:58,0.48,1
Eastern Phoebe,Sayornis phoebe,2026-04-10T11:20:52Z,10-Apr-2026,07:20:52,0.38,1
Eastern Phoebe,Sayornis phoebe,2026-04-10T11:20:25Z,10-Apr-2026,07:20:25,0.5,1
Eastern Phoebe,Sayornis phoebe,2026-04-10T11:20:19Z,10-Apr-2026,07:20:19,0.59,1
Eastern Phoebe,Sayornis phoebe,2026-04-10T11:20:06Z,10-Apr-2026,07:20:06,0.7,1
Eastern Phoebe,Sayornis phoebe,2026-04-10T11:20:00Z,10-Apr-2026,07:20:00,0.35,1
Wild Turkey,Meleagris gallopavo,2026-04-10T11:19:53Z,10-Apr-2026,07:19:53,0.93,1
Eastern Phoebe,Sayornis phoebe,2026-04-10T11:19:40Z,10-Apr-2026,07:19:40,0.4,1
Eastern Phoebe,Sayornis phoebe,2026-04-10T11:19:15Z,10-Apr-2026,07:19:15,0.37,1
Eastern Phoebe,Sayornis phoebe,2026-04-10T11:19:01Z,10-Apr-2026,07:19:01,0.48,1
Eastern Phoebe,Sayornis phoebe,2026-04-10T11:18:55Z,10-Apr-2026,07:18:55,0.62,1
Eastern Phoebe,Sayornis phoebe,2026-04-10T11:18:42Z,10-Apr-2026,07:18:42,0.26,1
American Goldfinch,Spinus tristis,2026-04-10T11:17:53Z,10-Apr-2026,07:17:53,0.8,1
Eastern Phoebe,Sayornis phoebe,2026-04-10T11:17:37Z,10-Apr-2026,07:17:37,0.39,1
Bohemian Waxwing,Bombycilla garrulus,2026-04-10T11:16:51Z,10-Apr-2026,07:16:51,0.31,1
American Crow,Corvus brachyrhynchos,2026-04-10T11:14:39Z,10-Apr-2026,07:14:39,0.33,1
European Starling,Sturnus vulgaris,2026-04-10T11:13:48Z,10-Apr-2026,07:13:48,0.9255,1
Eastern Phoebe,Sayornis phoebe,2026-04-10T11:13:03Z,10-Apr-2026,07:13:03,0.72,1
Dark-eyed Junco,Junco hyemalis,2026-04-10T11:10:58Z,10-Apr-2026,07:10:58,0.29,1
Bohemian Waxwing,Bombycilla garrulus,2026-04-10T11:10:45Z,10-Apr-2026,07:10:45,0.44,1
Eastern Phoebe,Sayornis phoebe,2026-04-10T11:07:38Z,10-Apr-2026,07:07:38,0.37,1
Song Sparrow,Melospiza melodia,2026-04-10T11:07:03Z,10-Apr-2026,07:07:03,0.7804,1
Eastern Phoebe,Sayornis phoebe,2026-04-10T11:06:59Z,10-Apr-2026,07:06:59,0.33,1
Eastern Phoebe,Sayornis phoebe,2026-04-10T11:06:44Z,10-Apr-2026,07:06:44,0.27,1
Eastern Phoebe,Sayornis phoebe,2026-04-10T11:06:37Z,10-Apr-2026,07:06:37,0.26,1
Eastern Phoebe,Sayornis phoebe,2026-04-10T11:06:30Z,10-Apr-2026,07:06:30,0.51,1
Eastern Phoebe,Sayornis phoebe,2026-04-10T11:06:10Z,10-Apr-2026,07:06:10,0.29,1
Eastern Phoebe,Sayornis phoebe,2026-04-10T11:04:45Z,10-Apr-2026,07:04:45,0.65,1
Eastern Phoebe,Sayornis phoebe,2026-04-10T11:04:39Z,10-Apr-2026,07:04:39,0.39,1
Eastern Phoebe,Sayornis phoebe,2026-04-10T11:02:48Z,10-Apr-2026,07:02:48,0.43,1
American Robin,Turdus migratorius,2026-04-10T11:02:06Z,10-Apr-2026,07:02:06,0.8471,1
Blue Jay,Cyanocitta cristata,2026-04-10T11:00:26Z,10-Apr-2026,07:00:26,0.7804,4
Eastern Phoebe,Sayornis phoebe,2026-04-10T10:59:43Z,10-Apr-2026,06:59:43,0.53,1
Eastern Phoebe,Sayornis phoebe,2026-04-10T10:59:08Z,10-Apr-2026,06:59:08,0.37,1
Eastern Phoebe,Sayornis phoebe,2026-04-10T10:58:42Z,10-Apr-2026,06:58:42,0.27,1
Eastern Phoebe,Sayornis phoebe,2026-04-10T10:58:36Z,10-Apr-2026,06:58:36,0.38,1
Eastern Phoebe,Sayornis phoebe,2026-04-10T10:58:29Z,10-Apr-2026,06:58:29,0.3,1
Eastern Phoebe,Sayornis phoebe,2026-04-10T10:56:42Z,10-Apr-2026,06:56:42,0.6,1
Red-shouldered Hawk,Buteo lineatus,2026-04-10T10:55:48Z,10-Apr-2026,06:55:48,0.62,1
Blue Jay,Cyanocitta cristata,2026-04-10T10:55:02Z,10-Apr-2026,06:55:02,0.8314,1
Eastern Phoebe,Sayornis phoebe,2026-04-10T10:54:59Z,10-Apr-2026,06:54:59,0.38,1
Blue Jay,Cyanocitta cristata,2026-04-10T10:54:52Z,10-Apr-2026,06:54:52,0.27,1
Eastern Phoebe,Sayornis phoebe,2026-04-10T10:54:39Z,10-Apr-2026,06:54:39,0.32,1
Eastern Phoebe,Sayornis phoebe,2026-04-10T10:53:59Z,10-Apr-2026,06:53:59,0.63,1
Golden-crowned Kinglet,Regulus satrapa,2026-04-10T10:53:40Z,10-Apr-2026,06:53:40,0.45,1
Golden-crowned Kinglet,Regulus satrapa,2026-04-10T10:53:33Z,10-Apr-2026,06:53:33,0.46,1
Eastern Phoebe,Sayornis phoebe,2026-04-10T10:53:26Z,10-Apr-2026,06:53:26,0.38,1
Eastern Phoebe,Sayornis phoebe,2026-04-10T10:53:07Z,10-Apr-2026,06:53:07,0.29,1
Eastern Phoebe,Sayornis phoebe,2026-04-10T10:52:50Z,10-Apr-2026,06:52:50,0.45,1
Eastern Phoebe,Sayornis phoebe,2026-04-10T10:52:44Z,10-Apr-2026,06:52:44,0.3,1
Golden-crowned Kinglet,Regulus satrapa,2026-04-10T10:51:59Z,10-Apr-2026,06:51:59,0.32,1
Blue Jay,Cyanocitta cristata,2026-04-10T10:49:09Z,10-Apr-2026,06:49:09,0.8,1
Eastern Phoebe,Sayornis phoebe,2026-04-10T10:49:05Z,10-Apr-2026,06:49:05,0.3,1
Eastern Phoebe,Sayornis phoebe,2026-04-10T10:48:59Z,10-Apr-2026,06:48:59,0.35,1
Eastern Phoebe,Sayornis phoebe,2026-04-10T10:48:46Z,10-Apr-2026,06:48:46,0.69,1
Eastern Phoebe,Sayornis phoebe,2026-04-10T10:48:32Z,10-Apr-2026,06:48:32,0.8,1
Eastern Phoebe,Sayornis phoebe,2026-04-10T10:48:26Z,10-Apr-2026,06:48:26,0.36,1
Eastern Phoebe,Sayornis phoebe,2026-04-10T10:48:20Z,10-Apr-2026,06:48:20,0.28,1
Eastern Phoebe,Sayornis phoebe,2026-04-10T10:48:13Z,10-Apr-2026,06:48:13,0.36,1
Eastern Phoebe,Sayornis phoebe,2026-04-10T10:48:07Z,10-Apr-2026,06:48:07,0.86,1
Eastern Phoebe,Sayornis phoebe,2026-04-10T10:48:00Z,10-Apr-2026,06:48:00,0.45,1
Eastern Phoebe,Sayornis phoebe,2026-04-10T10:47:54Z,10-Apr-2026,06:47:54,0.75,1
Eastern Phoebe,Sayornis phoebe,2026-04-10T10:47:47Z,10-Apr-2026,06:47:47,0.56,1
Eastern Phoebe,Sayornis phoebe,2026-04-10T10:47:41Z,10-Apr-2026,06:47:41,0.7,1
Eastern Phoebe,Sayornis phoebe,2026-04-10T10:47:35Z,10-Apr-2026,06:47:35,0.69,1
Eastern Phoebe,Sayornis phoebe,2026-04-10T10:47:28Z,10-Apr-2026,06:47:28,0.39,1
Eastern Phoebe,Sayornis phoebe,2026-04-10T10:47:15Z,10-Apr-2026,06:47:15,0.7,1
Eastern Phoebe,Sayornis phoebe,2026-04-10T10:47:09Z,10-Apr-2026,06:47:09,0.56,1
Eastern Phoebe,Sayornis phoebe,2026-04-10T10:47:03Z,10-Apr-2026,06:47:03,0.51,1
Eastern Phoebe,Sayornis phoebe,2026-04-10T10:46:56Z,10-Apr-2026,06:46:56,0.3,1
Eastern Phoebe,Sayornis phoebe,2026-04-10T10:46:50Z,10-Apr-2026,06:46:50,0.61,1
Eastern Phoebe,Sayornis phoebe,2026-04-10T10:46:43Z,10-Apr-2026,06:46:43,0.62,1
Eastern Phoebe,Sayornis phoebe,2026-04-10T10:46:31Z,10-Apr-2026,06:46:31,0.39,1
Eastern Phoebe,Sayornis phoebe,2026-04-10T10:46:24Z,10-Apr-2026,06:46:24,0.53,1
Eastern Phoebe,Sayornis phoebe,2026-04-10T10:46:18Z,10-Apr-2026,06:46:18,0.82,1
Eastern Phoebe,Sayornis phoebe,2026-04-10T10:46:11Z,10-Apr-2026,06:46:11,0.79,1
Eastern Phoebe,Sayornis phoebe,2026-04-10T10:46:05Z,10-Apr-2026,06:46:05,0.53,1
Eastern Phoebe,Sayornis phoebe,2026-04-10T10:45:58Z,10-Apr-2026,06:45:58,0.52,1
Red-bellied Woodpecker,Melanerpes carolinus,2026-04-10T10:45:55Z,10-Apr-2026,06:45:55,0.9843,1
Eastern Phoebe,Sayornis phoebe,2026-04-10T10:45:45Z,10-Apr-2026,06:45:45,0.5,1
Eastern Phoebe,Sayornis phoebe,2026-04-10T10:45:39Z,10-Apr-2026,06:45:39,0.76,1
Eastern Phoebe,Sayornis phoebe,2026-04-10T10:45:32Z,10-Apr-2026,06:45:32,0.5,1
Eastern Phoebe,Sayornis phoebe,2026-04-10T10:45:26Z,10-Apr-2026,06:45:26,0.56,1
Eastern Phoebe,Sayornis phoebe,2026-04-10T10:45:20Z,10-Apr-2026,06:45:20,0.47,1
Eastern Phoebe,Sayornis phoebe,2026-04-10T10:45:13Z,10-Apr-2026,06:45:13,0.45,1
Eastern Phoebe,Sayornis phoebe,2026-04-10T10:45:06Z,10-Apr-2026,06:45:06,0.39,1
Black-capped Chickadee,Poecile atricapillus,2026-04-10T10:44:57Z,10-Apr-2026,06:44:57,0.8,1
Eastern Phoebe,Sayornis phoebe,2026-04-10T10:44:53Z,10-Apr-2026,06:44:53,0.76,1
Eastern Phoebe,Sayornis phoebe,2026-04-10T10:44:47Z,10-Apr-2026,06:44:47,0.52,1
Eastern Phoebe,Sayornis phoebe,2026-04-10T10:44:40Z,10-Apr-2026,06:44:40,0.55,1
Eastern Phoebe,Sayornis phoebe,2026-04-10T10:44:34Z,10-Apr-2026,06:44:34,0.32,1
Eastern Phoebe,Sayornis phoebe,2026-04-10T10:44:05Z,10-Apr-2026,06:44:05,0.32,1
Eastern Phoebe,Sayornis phoebe,2026-04-10T10:43:59Z,10-Apr-2026,06:43:59,0.6,1
Eastern Phoebe,Sayornis phoebe,2026-04-10T10:43:46Z,10-Apr-2026,06:43:46,0.83,1
Eastern Phoebe,Sayornis phoebe,2026-04-10T10:43:39Z,10-Apr-2026,06:43:39,0.44,1
Eastern Phoebe,Sayornis phoebe,2026-04-10T10:43:33Z,10-Apr-2026,06:43:33,0.58,1
Eastern Phoebe,Sayornis phoebe,2026-04-10T10:43:26Z,10-Apr-2026,06:43:26,0.67,1
Eastern Phoebe,Sayornis phoebe,2026-04-10T10:43:20Z,10-Apr-2026,06:43:20,0.6,1
Eastern Phoebe,Sayornis phoebe,2026-04-10T10:43:14Z,10-Apr-2026,06:43:14,0.64,1
Eastern Phoebe,Sayornis phoebe,2026-04-10T10:43:07Z,10-Apr-2026,06:43:07,0.85,1
Eastern Phoebe,Sayornis phoebe,2026-04-10T10:42:53Z,10-Apr-2026,06:42:53,0.57,1
Eastern Phoebe,Sayornis phoebe,2026-04-10T10:42:47Z,10-Apr-2026,06:42:47,0.55,1
Eastern Phoebe,Sayornis phoebe,2026-04-10T10:42:40Z,10-Apr-2026,06:42:40,0.5,1
Eastern Phoebe,Sayornis phoebe,2026-04-10T10:42:33Z,10-Apr-2026,06:42:33,0.72,1
Eastern Phoebe,Sayornis phoebe,2026-04-10T10:42:26Z,10-Apr-2026,06:42:26,0.3,1
Eastern Phoebe,Sayornis phoebe,2026-04-10T10:42:20Z,10-Apr-2026,06:42:20,0.73,1
Eastern Phoebe,Sayornis phoebe,2026-04-10T10:42:13Z,10-Apr-2026,06:42:13,0.67,1
Eastern Phoebe,Sayornis phoebe,2026-04-10T10:42:06Z,10-Apr-2026,06:42:06,0.58,1
Eastern Phoebe,Sayornis phoebe,2026-04-10T10:41:53Z,10-Apr-2026,06:41:53,0.83,1
Eastern Phoebe,Sayornis phoebe,2026-04-10T10:41:40Z,10-Apr-2026,06:41:40,0.81,1
Eastern Phoebe,Sayornis phoebe,2026-04-10T10:41:34Z,10-Apr-2026,06:41:34,0.82,1
Eastern Phoebe,Sayornis phoebe,2026-04-10T10:41:27Z,10-Apr-2026,06:41:27,0.35,1
Eastern Phoebe,Sayornis phoebe,2026-04-10T10:41:21Z,10-Apr-2026,06:41:21,0.7,1
Eastern Phoebe,Sayornis phoebe,2026-04-10T10:41:14Z,10-Apr-2026,06:41:14,0.84,1
Eastern Phoebe,Sayornis phoebe,2026-04-10T10:41:08Z,10-Apr-2026,06:41:08,0.7,1
Eastern Phoebe,Sayornis phoebe,2026-04-10T10:41:01Z,10-Apr-2026,06:41:01,0.71,1
Eastern Phoebe,Sayornis phoebe,2026-04-10T10:40:55Z,10-Apr-2026,06:40:55,0.42,1
Eastern Phoebe,Sayornis phoebe,2026-04-10T10:40:48Z,10-Apr-2026,06:40:48,0.5,1
Eastern Phoebe,Sayornis phoebe,2026-04-10T10:40:42Z,10-Apr-2026,06:40:42,0.65,1
Eastern Phoebe,Sayornis phoebe,2026-04-10T10:40:36Z,10-Apr-2026,06:40:36,0.69,1
Eastern Phoebe,Sayornis phoebe,2026-04-10T10:40:16Z,10-Apr-2026,06:40:16,0.41,1
Eastern Phoebe,Sayornis phoebe,2026-04-10T10:40:09Z,10-Apr-2026,06:40:09,0.68,1
Eastern Phoebe,Sayornis phoebe,2026-04-10T10:40:03Z,10-Apr-2026,06:40:03,0.84,1
Eastern Phoebe,Sayornis phoebe,2026-04-10T10:39:57Z,10-Apr-2026,06:39:57,0.48,1
Eastern Phoebe,Sayornis phoebe,2026-04-10T10:39:50Z,10-Apr-2026,06:39:50,0.27,1
Eastern Phoebe,Sayornis phoebe,2026-04-10T10:37:49Z,10-Apr-2026,06:37:49,0.31,1
Downy Woodpecker,Dryobates pubescens,2026-04-10T10:37:37Z,10-Apr-2026,06:37:37,0.7804,1
Eastern Phoebe,Sayornis phoebe,2026-04-10T10:37:27Z,10-Apr-2026,06:37:27,0.62,1
Eastern Phoebe,Sayornis phoebe,2026-04-10T10:37:14Z,10-Apr-2026,06:37:14,0.56,1
Red-bellied Woodpecker,Melanerpes carolinus,2026-04-10T10:37:07Z,10-Apr-2026,06:37:07,0.9333,1
Eastern Phoebe,Sayornis phoebe,2026-04-10T10:36:53Z,10-Apr-2026,06:36:53,0.28,1
Eastern Phoebe,Sayornis phoebe,2026-04-10T10:36:47Z,10-Apr-2026,06:36:47,0.55,1
Eastern Phoebe,Sayornis phoebe,2026-04-10T10:36:40Z,10-Apr-2026,06:36:40,0.56,1
Eastern Phoebe,Sayornis phoebe,2026-04-10T10:36:34Z,10-Apr-2026,06:36:34,0.37,1
Eastern Phoebe,Sayornis phoebe,2026-04-10T10:36:28Z,10-Apr-2026,06:36:28,0.53,1
Eastern Phoebe,Sayornis phoebe,2026-04-10T10:36:21Z,10-Apr-2026,06:36:21,0.39,1
Eastern Phoebe,Sayornis phoebe,2026-04-10T10:36:15Z,10-Apr-2026,06:36:15,0.74,1
Eastern Phoebe,Sayornis phoebe,2026-04-10T10:36:08Z,10-Apr-2026,06:36:08,0.29,1
Eastern Phoebe,Sayornis phoebe,2026-04-10T10:36:00Z,10-Apr-2026,06:36:00,0.84,1
Eastern Phoebe,Sayornis phoebe,2026-04-10T10:35:53Z,10-Apr-2026,06:35:53,0.26,1
Eastern Phoebe,Sayornis phoebe,2026-04-10T10:35:47Z,10-Apr-2026,06:35:47,0.45,1
Eastern Phoebe,Sayornis phoebe,2026-04-10T10:35:40Z,10-Apr-2026,06:35:40,0.28,1
Eastern Phoebe,Sayornis phoebe,2026-04-10T10:35:33Z,10-Apr-2026,06:35:33,0.27,1
Eastern Phoebe,Sayornis phoebe,2026-04-10T10:35:26Z,10-Apr-2026,06:35:26,0.5,1
Eastern Phoebe,Sayornis phoebe,2026-04-10T10:35:20Z,10-Apr-2026,06:35:20,0.56,1
Eastern Phoebe,Sayornis phoebe,2026-04-10T10:35:13Z,10-Apr-2026,06:35:13,0.78,1
Eastern Phoebe,Sayornis phoebe,2026-04-10T10:35:07Z,10-Apr-2026,06:35:07,0.62,1
Eastern Phoebe,Sayornis phoebe,2026-04-10T10:35:01Z,10-Apr-2026,06:35:01,0.54,1
Eastern Phoebe,Sayornis phoebe,2026-04-10T10:34:54Z,10-Apr-2026,06:34:54,0.66,1
Eastern Phoebe,Sayornis phoebe,2026-04-10T10:34:29Z,10-Apr-2026,06:34:29,0.68,1
Eastern Phoebe,Sayornis phoebe,2026-04-10T10:34:22Z,10-Apr-2026,06:34:22,0.67,1
Black-capped Chickadee,Poecile atricapillus,2026-04-10T10:33:47Z,10-Apr-2026,06:33:47,0.8627,1
Eastern Phoebe,Sayornis phoebe,2026-04-10T10:33:30Z,10-Apr-2026,06:33:30,0.35,1
Eastern Phoebe,Sayornis phoebe,2026-04-10T10:33:17Z,10-Apr-2026,06:33:17,0.72,1
Eastern Phoebe,Sayornis phoebe,2026-04-10T10:33:11Z,10-Apr-2026,06:33:11,0.82,1
Eastern Phoebe,Sayornis phoebe,2026-04-10T10:33:04Z,10-Apr-2026,06:33:04,0.76,1
Eastern Phoebe,Sayornis phoebe,2026-04-10T10:32:58Z,10-Apr-2026,06:32:58,0.89,1
Eastern Phoebe,Sayornis phoebe,2026-04-10T10:32:51Z,10-Apr-2026,06:32:51,0.91,1
Eastern Phoebe,Sayornis phoebe,2026-04-10T10:32:45Z,10-Apr-2026,06:32:45,0.82,1
Eastern Phoebe,Sayornis phoebe,2026-04-10T10:32:39Z,10-Apr-2026,06:32:39,0.93,1
Eastern Phoebe,Sayornis phoebe,2026-04-10T10:32:32Z,10-Apr-2026,06:32:32,0.85,1
Eastern Phoebe,Sayornis phoebe,2026-04-10T10:32:26Z,10-Apr-2026,06:32:26,0.79,1
Eastern Phoebe,Sayornis phoebe,2026-04-10T10:32:19Z,10-Apr-2026,06:32:19,0.89,1
Eastern Phoebe,Sayornis phoebe,2026-04-10T10:32:13Z,10-Apr-2026,06:32:13,0.84,1
Eastern Phoebe,Sayornis phoebe,2026-04-10T10:32:06Z,10-Apr-2026,06:32:06,0.8,1
Eastern Phoebe,Sayornis phoebe,2026-04-10T10:31:53Z,10-Apr-2026,06:31:53,0.41,1
European Starling,Sturnus vulgaris,2026-04-10T10:31:04Z,10-Apr-2026,06:31:04,0.8863,1
American Robin,Turdus migratorius,2026-04-10T10:30:47Z,10-Apr-2026,06:30:47,0.898,1
Red-bellied Woodpecker,Melanerpes carolinus,2026-04-10T10:30:31Z,10-Apr-2026,06:30:31,0.9765,1
Eastern Phoebe,Sayornis phoebe,2026-04-10T10:29:11Z,10-Apr-2026,06:29:11,0.7,1
Eastern Phoebe,Sayornis phoebe,2026-04-10T10:29:04Z,10-Apr-2026,06:29:04,0.67,1
Eastern Phoebe,Sayornis phoebe,2026-04-10T10:28:57Z,10-Apr-2026,06:28:57,0.81,1
Eastern Phoebe,Sayornis phoebe,2026-04-10T10:28:50Z,10-Apr-2026,06:28:50,0.63,1
Eastern Phoebe,Sayornis phoebe,2026-04-10T10:28:44Z,10-Apr-2026,06:28:44,0.52,1
Eastern Phoebe,Sayornis phoebe,2026-04-10T10:28:37Z,10-Apr-2026,06:28:37,0.89,1
Eastern Phoebe,Sayornis phoebe,2026-04-10T10:28:31Z,10-Apr-2026,06:28:31,0.9,1
Eastern Phoebe,Sayornis phoebe,2026-04-10T10:28:24Z,10-Apr-2026,06:28:24,0.26,1
Eastern Phoebe,Sayornis phoebe,2026-04-10T10:28:17Z,10-Apr-2026,06:28:17,0.87,1
Eastern Phoebe,Sayornis phoebe,2026-04-10T10:28:11Z,10-Apr-2026,06:28:11,0.36,1
Eastern Phoebe,Sayornis phoebe,2026-04-10T10:28:05Z,10-Apr-2026,06:28:05,0.62,1
Eastern Phoebe,Sayornis phoebe,2026-04-10T10:27:58Z,10-Apr-2026,06:27:58,0.6,1
Eastern Phoebe,Sayornis phoebe,2026-04-10T10:27:52Z,10-Apr-2026,06:27:52,0.7,1
Eastern Phoebe,Sayornis phoebe,2026-04-10T10:27:45Z,10-Apr-2026,06:27:45,0.71,1
Eastern Phoebe,Sayornis phoebe,2026-04-10T10:27:39Z,10-Apr-2026,06:27:39,0.36,1
Eastern Phoebe,Sayornis phoebe,2026-04-10T10:27:33Z,10-Apr-2026,06:27:33,0.71,1
Eastern Phoebe,Sayornis phoebe,2026-04-10T10:27:26Z,10-Apr-2026,06:27:26,0.72,1
Eastern Phoebe,Sayornis phoebe,2026-04-10T10:27:19Z,10-Apr-2026,06:27:19,0.32,1
Eastern Phoebe,Sayornis phoebe,2026-04-10T10:27:12Z,10-Apr-2026,06:27:12,0.46,1
Eastern Phoebe,Sayornis phoebe,2026-04-10T10:27:05Z,10-Apr-2026,06:27:05,0.73,1
Eastern Phoebe,Sayornis phoebe,2026-04-10T10:26:59Z,10-Apr-2026,06:26:59,0.5,1
Eastern Phoebe,Sayornis phoebe,2026-04-10T10:26:52Z,10-Apr-2026,06:26:52,0.87,1
Eastern Phoebe,Sayornis phoebe,2026-04-10T10:26:46Z,10-Apr-2026,06:26:46,0.62,1
Eastern Phoebe,Sayornis phoebe,2026-04-10T10:26:40Z,10-Apr-2026,06:26:40,0.89,1
Eastern Phoebe,Sayornis phoebe,2026-04-10T10:26:33Z,10-Apr-2026,06:26:33,0.76,1
Eastern Phoebe,Sayornis phoebe,2026-04-10T10:26:27Z,10-Apr-2026,06:26:27,0.39,1
Eastern Phoebe,Sayornis phoebe,2026-04-10T10:26:20Z,10-Apr-2026,06:26:20,0.93,1
Eastern Phoebe,Sayornis phoebe,2026-04-10T10:26:14Z,10-Apr-2026,06:26:14,0.76,1
Eastern Phoebe,Sayornis phoebe,2026-04-10T10:26:08Z,10-Apr-2026,06:26:08,0.78,1
Eastern Phoebe,Sayornis phoebe,2026-04-10T10:26:01Z,10-Apr-2026,06:26:01,0.54,1
Eastern Phoebe,Sayornis phoebe,2026-04-10T10:25:55Z,10-Apr-2026,06:25:55,0.35,1
Eastern Phoebe,Sayornis phoebe,2026-04-10T10:25:48Z,10-Apr-2026,06:25:48,0.68,1
Eastern Phoebe,Sayornis phoebe,2026-04-10T10:25:42Z,10-Apr-2026,06:25:42,0.54,1
Eastern Phoebe,Sayornis phoebe,2026-04-10T10:25:36Z,10-Apr-2026,06:25:36,0.76,1
Eastern Phoebe,Sayornis phoebe,2026-04-10T10:25:29Z,10-Apr-2026,06:25:29,0.87,1
Eastern Phoebe,Sayornis phoebe,2026-04-10T10:25:23Z,10-Apr-2026,06:25:23,0.35,1
Eastern Phoebe,Sayornis phoebe,2026-04-10T10:24:56Z,10-Apr-2026,06:24:56,0.49,1
Eastern Phoebe,Sayornis phoebe,2026-04-10T10:24:50Z,10-Apr-2026,06:24:50,0.74,1
Red-bellied Woodpecker,Melanerpes carolinus,2026-04-10T10:24:05Z,10-Apr-2026,06:24:05,0.9176,1
American Goldfinch,Spinus tristis,2026-04-10T10:21:01Z,10-Apr-2026,06:21:01,0.8,1
Eastern Phoebe,Sayornis phoebe,2026-04-10T10:20:12Z,10-Apr-2026,06:20:12,0.39,1
White-breasted Nuthatch,Sitta carolinensis,2026-04-10T10:17:53Z,10-Apr-2026,06:17:53,0.37,1
European Starling,Sturnus vulgaris,2026-04-10T10:15:25Z,10-Apr-2026,06:15:25,0.9176,1
Eastern Phoebe,Sayornis phoebe,2026-04-10T10:12:24Z,10-Apr-2026,06:12:24,0.53,1
American Robin,Turdus migratorius,2026-04-10T10:12:05Z,10-Apr-2026,06:12:05,0.32,1
Song Sparrow,Melospiza melodia,2026-04-10T10:10:57Z,10-Apr-2026,06:10:57,0.8,1
Eastern Phoebe,Sayornis phoebe,2026-04-10T10:10:32Z,10-Apr-2026,06:10:32,0.93,1
European Starling,Sturnus vulgaris,2026-04-10T10:10:28Z,10-Apr-2026,06:10:28,0.8863,1
Eastern Phoebe,Sayornis phoebe,2026-04-10T10:09:36Z,10-Apr-2026,06:09:36,0.36,1
Eastern Phoebe,Sayornis phoebe,2026-04-10T10:09:24Z,10-Apr-2026,06:09:24,0.4,1
Eastern Phoebe,Sayornis phoebe,2026-04-10T10:08:58Z,10-Apr-2026,06:08:58,0.44,1
Eastern Phoebe,Sayornis phoebe,2026-04-10T10:08:45Z,10-Apr-2026,06:08:45,0.85,1
Eastern Phoebe,Sayornis phoebe,2026-04-10T10:08:39Z,10-Apr-2026,06:08:39,0.54,1
Eastern Phoebe,Sayornis phoebe,2026-04-10T10:08:33Z,10-Apr-2026,06:08:33,0.5,1
Eastern Phoebe,Sayornis phoebe,2026-04-10T10:07:59Z,10-Apr-2026,06:07:59,0.56,1
Eastern Phoebe,Sayornis phoebe,2026-04-10T10:07:53Z,10-Apr-2026,06:07:53,0.33,1
Eastern Phoebe,Sayornis phoebe,2026-04-10T10:07:40Z,10-Apr-2026,06:07:40,0.62,1
Eastern Phoebe,Sayornis phoebe,2026-04-10T10:07:34Z,10-Apr-2026,06:07:34,0.73,1
Eastern Phoebe,Sayornis phoebe,2026-04-10T10:07:28Z,10-Apr-2026,06:07:28,0.28,1
Eastern Phoebe,Sayornis phoebe,2026-04-10T10:06:36Z,10-Apr-2026,06:06:36,0.29,1
Song Sparrow,Melospiza melodia,2026-04-10T10:06:33Z,10-Apr-2026,06:06:33,0.8314,1
Eastern Phoebe,Sayornis phoebe,2026-04-10T10:06:26Z,10-Apr-2026,06:06:26,0.87,1
Eastern Phoebe,Sayornis phoebe,2026-04-10T10:06:20Z,10-Apr-2026,06:06:20,0.64,1
Eastern Phoebe,Sayornis phoebe,2026-04-10T10:05:53Z,10-Apr-2026,06:05:53,0.88,1
Eastern Phoebe,Sayornis phoebe,2026-04-10T10:05:40Z,10-Apr-2026,06:05:40,0.31,1
Eastern Phoebe,Sayornis phoebe,2026-04-10T10:05:34Z,10-Apr-2026,06:05:34,0.51,1
Eastern Phoebe,Sayornis phoebe,2026-04-10T10:05:21Z,10-Apr-2026,06:05:21,0.56,1
Eastern Phoebe,Sayornis phoebe,2026-04-10T10:05:01Z,10-Apr-2026,06:05:01,0.8,1
Eastern Phoebe,Sayornis phoebe,2026-04-10T10:04:47Z,10-Apr-2026,06:04:47,0.61,1
Eastern Phoebe,Sayornis phoebe,2026-04-10T10:04:41Z,10-Apr-2026,06:04:41,0.48,1
Eastern Phoebe,Sayornis phoebe,2026-04-10T10:04:34Z,10-Apr-2026,06:04:34,0.36,1
Eastern Phoebe,Sayornis phoebe,2026-04-10T10:04:22Z,10-Apr-2026,06:04:22,0.46,1
Eastern Phoebe,Sayornis phoebe,2026-04-10T10:04:15Z,10-Apr-2026,06:04:15,0.76,1
Eastern Phoebe,Sayornis phoebe,2026-04-10T10:04:08Z,10-Apr-2026,06:04:08,0.54,1
Eastern Phoebe,Sayornis phoebe,2026-04-10T10:03:56Z,10-Apr-2026,06:03:56,0.62,1
Eastern Phoebe,Sayornis phoebe,2026-04-10T10:03:49Z,10-Apr-2026,06:03:49,0.64,1
Eastern Phoebe,Sayornis phoebe,2026-04-10T10:03:29Z,10-Apr-2026,06:03:29,0.76,1
Eastern Phoebe,Sayornis phoebe,2026-04-10T10:03:09Z,10-Apr-2026,06:03:09,0.54,1
Eastern Phoebe,Sayornis phoebe,2026-04-10T10:03:03Z,10-Apr-2026,06:03:03,0.59,1
Eastern Phoebe,Sayornis phoebe,2026-04-10T10:02:56Z,10-Apr-2026,06:02:56,0.7,1
Eastern Phoebe,Sayornis phoebe,2026-04-10T10:02:44Z,10-Apr-2026,06:02:44,0.62,1
Eastern Phoebe,Sayornis phoebe,2026-04-10T10:02:37Z,10-Apr-2026,06:02:37,0.32,1
Eastern Phoebe,Sayornis phoebe,2026-04-10T10:02:25Z,10-Apr-2026,06:02:25,0.81,1
Eastern Phoebe,Sayornis phoebe,2026-04-10T10:02:18Z,10-Apr-2026,06:02:18,0.56,1
Eastern Phoebe,Sayornis phoebe,2026-04-10T10:01:40Z,10-Apr-2026,06:01:40,0.52,1
Eastern Phoebe,Sayornis phoebe,2026-04-10T10:01:33Z,10-Apr-2026,06:01:33,0.47,1
Eastern Phoebe,Sayornis phoebe,2026-04-10T10:01:26Z,10-Apr-2026,06:01:26,0.27,1
European Starling,Sturnus vulgaris,2026-04-10T10:01:10Z,10-Apr-2026,06:01:10,0.8,2
Song Sparrow,Melospiza melodia,2026-04-10T10:00:57Z,10-Apr-2026,06:00:57,0.7804,1
Eastern Phoebe,Sayornis phoebe,2026-04-10T09:59:29Z,10-Apr-2026,05:59:29,0.31,1
Eastern Phoebe,Sayornis phoebe,2026-04-10T09:59:23Z,10-Apr-2026,05:59:23,0.29,1
Eastern Phoebe,Sayornis phoebe,2026-04-10T09:58:50Z,10-Apr-2026,05:58:50,0.27,1
Eastern Phoebe,Sayornis phoebe,2026-04-10T09:58:05Z,10-Apr-2026,05:58:05,0.26,1
Eastern Phoebe,Sayornis phoebe,2026-04-10T09:57:20Z,10-Apr-2026,05:57:20,0.32,1
European Starling,Sturnus vulgaris,2026-04-10T09:56:35Z,10-Apr-2026,05:56:35,0.9176,1
European Starling,Sturnus vulgaris,2026-04-10T09:54:56Z,10-Apr-2026,05:54:56,0.8745,1
Eastern Phoebe,Sayornis phoebe,2026-04-10T09:54:43Z,10-Apr-2026,05:54:43,0.28,1
Eastern Phoebe,Sayornis phoebe,2026-04-10T09:54:16Z,10-Apr-2026,05:54:16,0.35,1
Eastern Phoebe,Sayornis phoebe,2026-04-10T09:53:56Z,10-Apr-2026,05:53:56,0.55,1
Eastern Phoebe,Sayornis phoebe,2026-04-10T09:53:44Z,10-Apr-2026,05:53:44,0.62,1
Eastern Phoebe,Sayornis phoebe,2026-04-10T09:53:37Z,10-Apr-2026,05:53:37,0.46,1
Eastern Phoebe,Sayornis phoebe,2026-04-10T09:53:30Z,10-Apr-2026,05:53:30,0.75,1
Eastern Phoebe,Sayornis phoebe,2026-04-10T09:52:25Z,10-Apr-2026,05:52:25,0.72,1
Eastern Phoebe,Sayornis phoebe,2026-04-10T09:52:12Z,10-Apr-2026,05:52:12,0.47,1
Eastern Phoebe,Sayornis phoebe,2026-04-10T09:51:07Z,10-Apr-2026,05:51:07,0.33,1
Eastern Phoebe,Sayornis phoebe,2026-04-10T09:51:00Z,10-Apr-2026,05:51:00,0.5,1
Eastern Phoebe,Sayornis phoebe,2026-04-10T09:50:08Z,10-Apr-2026,05:50:08,0.99,1
Eastern Phoebe,Sayornis phoebe,2026-04-10T09:50:02Z,10-Apr-2026,05:50:02,0.98,1
Eastern Phoebe,Sayornis phoebe,2026-04-10T09:49:55Z,10-Apr-2026,05:49:55,0.99,1
Eastern Phoebe,Sayornis phoebe,2026-04-10T09:49:48Z,10-Apr-2026,05:49:48,0.96,1
Eastern Phoebe,Sayornis phoebe,2026-04-10T09:49:42Z,10-Apr-2026,05:49:42,0.82,1
Eastern Phoebe,Sayornis phoebe,2026-04-10T09:49:35Z,10-Apr-2026,05:49:35,0.83,1
Eastern Phoebe,Sayornis phoebe,2026-04-10T09:49:29Z,10-Apr-2026,05:49:29,0.97,1
Eastern Phoebe,Sayornis phoebe,2026-04-10T09:49:23Z,10-Apr-2026,05:49:23,0.93,1
Eastern Phoebe,Sayornis phoebe,2026-04-10T09:49:16Z,10-Apr-2026,05:49:16,0.96,1
Eastern Phoebe,Sayornis phoebe,2026-04-10T09:49:10Z,10-Apr-2026,05:49:10,0.98,1
Eastern Phoebe,Sayornis phoebe,2026-04-10T09:49:03Z,10-Apr-2026,05:49:03,0.99,1
Eastern Phoebe,Sayornis phoebe,2026-04-10T09:48:57Z,10-Apr-2026,05:48:57,0.99,1
Eastern Phoebe,Sayornis phoebe,2026-04-10T09:48:50Z,10-Apr-2026,05:48:50,0.97,1
Eastern Phoebe,Sayornis phoebe,2026-04-10T09:48:44Z,10-Apr-2026,05:48:44,0.9,1
Eastern Phoebe,Sayornis phoebe,2026-04-10T09:48:37Z,10-Apr-2026,05:48:37,0.98,1
Eastern Phoebe,Sayornis phoebe,2026-04-10T09:48:31Z,10-Apr-2026,05:48:31,0.82,1
Eastern Phoebe,Sayornis phoebe,2026-04-10T09:48:24Z,10-Apr-2026,05:48:24,0.93,1
Eastern Phoebe,Sayornis phoebe,2026-04-10T09:48:18Z,10-Apr-2026,05:48:18,0.97,1
Eastern Phoebe,Sayornis phoebe,2026-04-10T09:48:12Z,10-Apr-2026,05:48:12,0.97,1
Eastern Phoebe,Sayornis phoebe,2026-04-10T09:48:05Z,10-Apr-2026,05:48:05,0.97,1
Eastern Phoebe,Sayornis phoebe,2026-04-10T09:47:59Z,10-Apr-2026,05:47:59,0.95,1
Eastern Phoebe,Sayornis phoebe,2026-04-10T09:47:52Z,10-Apr-2026,05:47:52,0.72,1
Eastern Phoebe,Sayornis phoebe,2026-04-10T09:47:45Z,10-Apr-2026,05:47:45,0.9,1
Eastern Phoebe,Sayornis phoebe,2026-04-10T09:47:38Z,10-Apr-2026,05:47:38,0.97,1
Eastern Phoebe,Sayornis phoebe,2026-04-10T09:47:32Z,10-Apr-2026,05:47:32,0.98,1
Eastern Phoebe,Sayornis phoebe,2026-04-10T09:47:25Z,10-Apr-2026,05:47:25,0.97,1
Eastern Phoebe,Sayornis phoebe,2026-04-10T09:47:19Z,10-Apr-2026,05:47:19,0.92,1
Eastern Phoebe,Sayornis phoebe,2026-04-10T09:47:12Z,10-Apr-2026,05:47:12,0.94,1
Eastern Phoebe,Sayornis phoebe,2026-04-10T09:47:06Z,10-Apr-2026,05:47:06,0.97,1
Eastern Phoebe,Sayornis phoebe,2026-04-10T09:46:59Z,10-Apr-2026,05:46:59,0.98,1
Eastern Phoebe,Sayornis phoebe,2026-04-10T09:46:53Z,10-Apr-2026,05:46:53,0.99,1
Eastern Phoebe,Sayornis phoebe,2026-04-10T09:46:46Z,10-Apr-2026,05:46:46,0.97,1
Eastern Phoebe,Sayornis phoebe,2026-04-10T09:46:40Z,10-Apr-2026,05:46:40,0.97,1
Eastern Phoebe,Sayornis phoebe,2026-04-10T09:46:33Z,10-Apr-2026,05:46:33,0.98,1
Eastern Phoebe,Sayornis phoebe,2026-04-10T09:46:27Z,10-Apr-2026,05:46:27,0.95,1
Eastern Phoebe,Sayornis phoebe,2026-04-10T09:46:21Z,10-Apr-2026,05:46:21,0.98,1
Eastern Phoebe,Sayornis phoebe,2026-04-10T09:46:14Z,10-Apr-2026,05:46:14,0.94,1
Eastern Phoebe,Sayornis phoebe,2026-04-10T09:46:07Z,10-Apr-2026,05:46:07,0.97,1
Eastern Phoebe,Sayornis phoebe,2026-04-10T09:46:00Z,10-Apr-2026,05:46:00,0.98,1
Eastern Phoebe,Sayornis phoebe,2026-04-10T09:45:53Z,10-Apr-2026,05:45:53,0.96,1
Eastern Phoebe,Sayornis phoebe,2026-04-10T09:45:47Z,10-Apr-2026,05:45:47,0.97,1
Eastern Phoebe,Sayornis phoebe,2026-04-10T09:45:40Z,10-Apr-2026,05:45:40,0.95,1
Eastern Phoebe,Sayornis phoebe,2026-04-10T09:45:34Z,10-Apr-2026,05:45:34,0.96,1
Eastern Phoebe,Sayornis phoebe,2026-04-10T09:45:27Z,10-Apr-2026,05:45:27,0.99,1
Eastern Phoebe,Sayornis phoebe,2026-04-10T09:45:21Z,10-Apr-2026,05:45:21,0.98,1
Eastern Phoebe,Sayornis phoebe,2026-04-10T09:45:14Z,10-Apr-2026,05:45:14,0.98,1
Eastern Phoebe,Sayornis phoebe,2026-04-10T09:45:08Z,10-Apr-2026,05:45:08,0.98,1
Eastern Phoebe,Sayornis phoebe,2026-04-10T09:45:02Z,10-Apr-2026,05:45:02,0.79,1
Eastern Phoebe,Sayornis phoebe,2026-04-10T09:44:55Z,10-Apr-2026,05:44:55,0.43,1
Eastern Phoebe,Sayornis phoebe,2026-04-10T09:44:48Z,10-Apr-2026,05:44:48,0.41,1
Eastern Phoebe,Sayornis phoebe,2026-04-10T09:44:41Z,10-Apr-2026,05:44:41,0.52,1
Eastern Phoebe,Sayornis phoebe,2026-04-10T09:44:35Z,10-Apr-2026,05:44:35,0.52,1
Eastern Phoebe,Sayornis phoebe,2026-04-10T09:44:29Z,10-Apr-2026,05:44:29,0.81,1
Eastern Phoebe,Sayornis phoebe,2026-04-10T09:44:22Z,10-Apr-2026,05:44:22,0.38,1
Eastern Phoebe,Sayornis phoebe,2026-04-10T09:44:16Z,10-Apr-2026,05:44:16,0.33,1
Eastern Phoebe,Sayornis phoebe,2026-04-10T09:43:57Z,10-Apr-2026,05:43:57,0.31,1
Eastern Phoebe,Sayornis phoebe,2026-04-10T09:43:22Z,10-Apr-2026,05:43:22,0.27,1
Song Sparrow,Melospiza melodia,2026-04-10T09:34:44Z,10-Apr-2026,05:34:44,0.9569,1
American Goldfinch,Spinus tristis,2026-04-10T09:31:11Z,10-Apr-2026,05:31:11,0.7804,1
Song Sparrow,Melospiza melodia,2026-04-10T09:27:49Z,10-Apr-2026,05:27:49,0.8314,1
American Woodcock,Scolopax minor,2026-04-10T09:23:41Z,10-Apr-2026,05:23:41,0.39,1
American Woodcock,Scolopax minor,2026-04-10T09:17:35Z,10-Apr-2026,05:17:35,0.81,1
American Woodcock,Scolopax minor,2026-04-10T09:14:43Z,10-Apr-2026,05:14:43,0.61,1
American Woodcock,Scolopax minor,2026-04-10T09:11:36Z,10-Apr-2026,05:11:36,0.57,1
American Woodcock,Scolopax minor,2026-04-10T09:06:30Z,10-Apr-2026,05:06:30,0.84,1
American Woodcock,Scolopax minor,2026-04-10T08:57:21Z,10-Apr-2026,04:57:21,0.81,1
Common Redpoll,Acanthis flammea,2026-04-10T06:26:00Z,10-Apr-2026,02:26:00,0.43,1
Northern Cardinal,Cardinalis cardinalis,2026-04-10T03:11:38Z,09-Apr-2026,23:11:38,0.8157,1
