Species,Scientific Name,UTC Date,Local Date,Local Time,Score,Count
Eastern Phoebe,Sayornis phoebe,2026-05-04T23:59:55Z,04-May-2026,19:59:55,0.6,1
Eastern Phoebe,Sayornis phoebe,2026-05-04T23:59:48Z,04-May-2026,19:59:48,0.62,1
Eastern Phoebe,Sayornis phoebe,2026-05-04T23:59:42Z,04-May-2026,19:59:42,0.95,1
Eastern Phoebe,Sayornis phoebe,2026-05-04T23:59:29Z,04-May-2026,19:59:29,0.5,1
Eastern Phoebe,Sayornis phoebe,2026-05-04T23:59:19Z,04-May-2026,19:59:19,0.32,1
Eastern Phoebe,Sayornis phoebe,2026-05-04T23:59:12Z,04-May-2026,19:59:12,0.9,1
American Robin,Turdus migratorius,2026-05-04T23:59:09Z,04-May-2026,19:59:09,0.7804,1
Eastern Phoebe,Sayornis phoebe,2026-05-04T23:59:02Z,04-May-2026,19:59:02,0.88,1
Eastern Phoebe,Sayornis phoebe,2026-05-04T23:58:48Z,04-May-2026,19:58:48,0.94,1
Eastern Phoebe,Sayornis phoebe,2026-05-04T23:58:42Z,04-May-2026,19:58:42,0.73,1
Eastern Phoebe,Sayornis phoebe,2026-05-04T23:58:35Z,04-May-2026,19:58:35,0.98,1
Eastern Phoebe,Sayornis phoebe,2026-05-04T23:58:29Z,04-May-2026,19:58:29,0.95,1
Eastern Phoebe,Sayornis phoebe,2026-05-04T23:58:22Z,04-May-2026,19:58:22,0.98,1
Eastern Phoebe,Sayornis phoebe,2026-05-04T23:58:16Z,04-May-2026,19:58:16,0.65,1
Eastern Phoebe,Sayornis phoebe,2026-05-04T23:58:03Z,04-May-2026,19:58:03,0.91,1
Eastern Phoebe,Sayornis phoebe,2026-05-04T23:57:57Z,04-May-2026,19:57:57,0.91,1
Eastern Phoebe,Sayornis phoebe,2026-05-04T23:57:44Z,04-May-2026,19:57:44,0.71,1
Eastern Phoebe,Sayornis phoebe,2026-05-04T23:57:37Z,04-May-2026,19:57:37,0.85,1
Eastern Phoebe,Sayornis phoebe,2026-05-04T23:57:30Z,04-May-2026,19:57:30,0.91,1
Eastern Phoebe,Sayornis phoebe,2026-05-04T23:57:24Z,04-May-2026,19:57:24,0.96,1
American Robin,Turdus migratorius,2026-05-04T23:57:17Z,04-May-2026,19:57:17,0.66,1
Eastern Phoebe,Sayornis phoebe,2026-05-04T23:57:11Z,04-May-2026,19:57:11,0.87,1
American Robin,Turdus migratorius,2026-05-04T23:57:07Z,04-May-2026,19:57:07,0.8157,1
Eastern Phoebe,Sayornis phoebe,2026-05-04T23:57:00Z,04-May-2026,19:57:00,0.93,1
Eastern Phoebe,Sayornis phoebe,2026-05-04T23:56:54Z,04-May-2026,19:56:54,0.92,1
Eastern Phoebe,Sayornis phoebe,2026-05-04T23:56:47Z,04-May-2026,19:56:47,0.97,1
Eastern Phoebe,Sayornis phoebe,2026-05-04T23:56:41Z,04-May-2026,19:56:41,0.84,1
Eastern Phoebe,Sayornis phoebe,2026-05-04T23:56:34Z,04-May-2026,19:56:34,0.91,1
Eastern Phoebe,Sayornis phoebe,2026-05-04T23:56:27Z,04-May-2026,19:56:27,0.99,1
Eastern Phoebe,Sayornis phoebe,2026-05-04T23:56:20Z,04-May-2026,19:56:20,0.97,1
Eastern Phoebe,Sayornis phoebe,2026-05-04T23:56:14Z,04-May-2026,19:56:14,0.61,1
Eastern Phoebe,Sayornis phoebe,2026-05-04T23:56:08Z,04-May-2026,19:56:08,0.96,1
Eastern Phoebe,Sayornis phoebe,2026-05-04T23:56:01Z,04-May-2026,19:56:01,0.97,1
Eastern Phoebe,Sayornis phoebe,2026-05-04T23:55:55Z,04-May-2026,19:55:55,0.97,1
Eastern Phoebe,Sayornis phoebe,2026-05-04T23:55:48Z,04-May-2026,19:55:48,0.86,1
Eastern Phoebe,Sayornis phoebe,2026-05-04T23:55:42Z,04-May-2026,19:55:42,0.96,1
Eastern Phoebe,Sayornis phoebe,2026-05-04T23:55:35Z,04-May-2026,19:55:35,0.97,1
Eastern Phoebe,Sayornis phoebe,2026-05-04T23:55:29Z,04-May-2026,19:55:29,0.71,1
Eastern Phoebe,Sayornis phoebe,2026-05-04T23:55:16Z,04-May-2026,19:55:16,0.44,1
Eastern Phoebe,Sayornis phoebe,2026-05-04T23:55:10Z,04-May-2026,19:55:10,0.67,1
Eastern Phoebe,Sayornis phoebe,2026-05-04T23:55:03Z,04-May-2026,19:55:03,0.7,1
Eastern Phoebe,Sayornis phoebe,2026-05-04T23:54:57Z,04-May-2026,19:54:57,0.37,1
Eastern Phoebe,Sayornis phoebe,2026-05-04T23:54:44Z,04-May-2026,19:54:44,0.42,1
American Robin,Turdus migratorius,2026-05-04T23:53:38Z,04-May-2026,19:53:38,0.8471,1
Great Crested Flycatcher,Myiarchus crinitus,2026-05-04T23:52:42Z,04-May-2026,19:52:42,0.31,1
American Robin,Turdus migratorius,2026-05-04T23:52:17Z,04-May-2026,19:52:17,0.9529,1
Mourning Dove,Zenaida macroura,2026-05-04T23:47:10Z,04-May-2026,19:47:10,0.898,1
Mourning Dove,Zenaida macroura,2026-05-04T23:47:07Z,04-May-2026,19:47:07,0.27,1
Chipping Sparrow,Spizella passerina,2026-05-04T23:46:51Z,04-May-2026,19:46:51,0.28,1
Northern Flicker,Colaptes auratus,2026-05-04T23:45:43Z,04-May-2026,19:45:43,0.36,1
Mourning Dove,Zenaida macroura,2026-05-04T23:42:47Z,04-May-2026,19:42:47,0.71,1
Mourning Dove,Zenaida macroura,2026-05-04T23:42:07Z,04-May-2026,19:42:07,0.7804,3
Mourning Dove,Zenaida macroura,2026-05-04T23:41:46Z,04-May-2026,19:41:46,0.73,1
Mourning Dove,Zenaida macroura,2026-05-04T23:40:39Z,04-May-2026,19:40:39,0.91,1
Mourning Dove,Zenaida macroura,2026-05-04T23:40:35Z,04-May-2026,19:40:35,0.8627,1
Mourning Dove,Zenaida macroura,2026-05-04T23:33:22Z,04-May-2026,19:33:22,0.51,1
Mourning Dove,Zenaida macroura,2026-05-04T23:33:18Z,04-May-2026,19:33:18,0.8745,2
American Robin,Turdus migratorius,2026-05-04T23:32:44Z,04-May-2026,19:32:44,0.26,1
American Robin,Turdus migratorius,2026-05-04T23:32:40Z,04-May-2026,19:32:40,0.9412,3
American Robin,Turdus migratorius,2026-05-04T23:32:24Z,04-May-2026,19:32:24,0.88,1
Mourning Dove,Zenaida macroura,2026-05-04T23:32:11Z,04-May-2026,19:32:11,0.73,1
Mourning Dove,Zenaida macroura,2026-05-04T23:32:07Z,04-May-2026,19:32:07,0.9529,2
American Robin,Turdus migratorius,2026-05-04T23:31:55Z,04-May-2026,19:31:55,0.47,1
Mourning Dove,Zenaida macroura,2026-05-04T23:31:49Z,04-May-2026,19:31:49,0.9,1
American Robin,Turdus migratorius,2026-05-04T23:31:39Z,04-May-2026,19:31:39,0.8314,2
Mourning Dove,Zenaida macroura,2026-05-04T23:31:32Z,04-May-2026,19:31:32,0.86,1
Mourning Dove,Zenaida macroura,2026-05-04T23:31:20Z,04-May-2026,19:31:20,0.78,1
Mourning Dove,Zenaida macroura,2026-05-04T23:31:04Z,04-May-2026,19:31:04,0.8314,2
Mourning Dove,Zenaida macroura,2026-05-04T23:31:01Z,04-May-2026,19:31:01,0.53,1
Mourning Dove,Zenaida macroura,2026-05-04T23:30:35Z,04-May-2026,19:30:35,0.27,1
Mourning Dove,Zenaida macroura,2026-05-04T23:29:57Z,04-May-2026,19:29:57,0.71,1
Mourning Dove,Zenaida macroura,2026-05-04T23:29:38Z,04-May-2026,19:29:38,0.84,1
Mourning Dove,Zenaida macroura,2026-05-04T23:29:25Z,04-May-2026,19:29:25,0.73,1
Mourning Dove,Zenaida macroura,2026-05-04T23:29:12Z,04-May-2026,19:29:12,0.73,1
Mourning Dove,Zenaida macroura,2026-05-04T23:29:09Z,04-May-2026,19:29:09,0.7804,2
Mourning Dove,Zenaida macroura,2026-05-04T23:28:56Z,04-May-2026,19:28:56,0.82,1
Red-shouldered Hawk,Buteo lineatus,2026-05-04T23:28:42Z,04-May-2026,19:28:42,0.58,1
Mourning Dove,Zenaida macroura,2026-05-04T23:28:36Z,04-May-2026,19:28:36,0.89,1
Mourning Dove,Zenaida macroura,2026-05-04T23:28:23Z,04-May-2026,19:28:23,0.84,1
Song Sparrow,Melospiza melodia,2026-05-04T23:28:13Z,04-May-2026,19:28:13,0.9765,1
Mourning Dove,Zenaida macroura,2026-05-04T23:27:50Z,04-May-2026,19:27:50,0.8,2
American Robin,Turdus migratorius,2026-05-04T23:27:25Z,04-May-2026,19:27:25,0.26,1
Mourning Dove,Zenaida macroura,2026-05-04T23:26:25Z,04-May-2026,19:26:25,0.31,1
Mourning Dove,Zenaida macroura,2026-05-04T23:26:06Z,04-May-2026,19:26:06,0.76,1
Mourning Dove,Zenaida macroura,2026-05-04T23:25:50Z,04-May-2026,19:25:50,0.7,1
Mourning Dove,Zenaida macroura,2026-05-04T23:25:37Z,04-May-2026,19:25:37,0.9,1
Mourning Dove,Zenaida macroura,2026-05-04T23:25:24Z,04-May-2026,19:25:24,0.82,1
Mourning Dove,Zenaida macroura,2026-05-04T23:25:09Z,04-May-2026,19:25:09,0.68,1
Mourning Dove,Zenaida macroura,2026-05-04T23:24:52Z,04-May-2026,19:24:52,0.9529,2
American Robin,Turdus migratorius,2026-05-04T23:24:43Z,04-May-2026,19:24:43,0.7804,1
Mourning Dove,Zenaida macroura,2026-05-04T23:23:32Z,04-May-2026,19:23:32,0.83,1
Mourning Dove,Zenaida macroura,2026-05-04T23:23:10Z,04-May-2026,19:23:10,0.7804,4
Mourning Dove,Zenaida macroura,2026-05-04T23:21:25Z,04-May-2026,19:21:25,0.7804,4
Mourning Dove,Zenaida macroura,2026-05-04T23:20:54Z,04-May-2026,19:20:54,0.85,1
Mourning Dove,Zenaida macroura,2026-05-04T23:20:10Z,04-May-2026,19:20:10,0.7,1
Mourning Dove,Zenaida macroura,2026-05-04T23:19:45Z,04-May-2026,19:19:45,0.8314,5
Mourning Dove,Zenaida macroura,2026-05-04T23:19:20Z,04-May-2026,19:19:20,0.87,1
Mourning Dove,Zenaida macroura,2026-05-04T23:18:37Z,04-May-2026,19:18:37,0.8745,1
American Robin,Turdus migratorius,2026-05-04T23:17:56Z,04-May-2026,19:17:56,0.8,1
Mourning Dove,Zenaida macroura,2026-05-04T23:17:06Z,04-May-2026,19:17:06,0.84,1
Mourning Dove,Zenaida macroura,2026-05-04T23:15:34Z,04-May-2026,19:15:34,0.86,1
Mourning Dove,Zenaida macroura,2026-05-04T23:15:19Z,04-May-2026,19:15:19,0.71,1
Mourning Dove,Zenaida macroura,2026-05-04T23:14:48Z,04-May-2026,19:14:48,0.86,1
Mourning Dove,Zenaida macroura,2026-05-04T23:14:45Z,04-May-2026,19:14:45,0.7804,4
Mourning Dove,Zenaida macroura,2026-05-04T23:14:35Z,04-May-2026,19:14:35,0.58,1
Mourning Dove,Zenaida macroura,2026-05-04T23:14:00Z,04-May-2026,19:14:00,0.64,1
Red-tailed Hawk,Buteo jamaicensis,2026-05-04T23:13:44Z,04-May-2026,19:13:44,0.78,1
Mourning Dove,Zenaida macroura,2026-05-04T23:13:37Z,04-May-2026,19:13:37,0.8157,1
Mourning Dove,Zenaida macroura,2026-05-04T23:11:35Z,04-May-2026,19:11:35,0.44,1
Mourning Dove,Zenaida macroura,2026-05-04T23:11:23Z,04-May-2026,19:11:23,0.898,3
Mourning Dove,Zenaida macroura,2026-05-04T23:11:19Z,04-May-2026,19:11:19,0.81,1
Mourning Dove,Zenaida macroura,2026-05-04T23:11:07Z,04-May-2026,19:11:07,0.87,1
Mourning Dove,Zenaida macroura,2026-05-04T23:10:16Z,04-May-2026,19:10:16,0.26,1
Mourning Dove,Zenaida macroura,2026-05-04T23:09:42Z,04-May-2026,19:09:42,0.89,1
Mourning Dove,Zenaida macroura,2026-05-04T23:09:38Z,04-May-2026,19:09:38,0.7804,4
Northern Cardinal,Cardinalis cardinalis,2026-05-04T23:09:35Z,04-May-2026,19:09:35,0.8157,1
Mourning Dove,Zenaida macroura,2026-05-04T23:09:14Z,04-May-2026,19:09:14,0.72,1
Mourning Dove,Zenaida macroura,2026-05-04T23:08:55Z,04-May-2026,19:08:55,0.73,1
Mourning Dove,Zenaida macroura,2026-05-04T23:06:25Z,04-May-2026,19:06:25,0.8863,9
Mourning Dove,Zenaida macroura,2026-05-04T23:06:04Z,04-May-2026,19:06:04,0.82,1
Mourning Dove,Zenaida macroura,2026-05-04T23:05:41Z,04-May-2026,19:05:41,0.88,1
Mourning Dove,Zenaida macroura,2026-05-04T23:05:11Z,04-May-2026,19:05:11,0.8863,7
Wood Thrush,Hylocichla mustelina,2026-05-04T23:04:26Z,04-May-2026,19:04:26,0.29,1
Mourning Dove,Zenaida macroura,2026-05-04T23:04:05Z,04-May-2026,19:04:05,0.8157,4
Mourning Dove,Zenaida macroura,2026-05-04T23:03:02Z,04-May-2026,19:03:02,0.8745,7
Mourning Dove,Zenaida macroura,2026-05-04T23:02:46Z,04-May-2026,19:02:46,0.73,1
Mourning Dove,Zenaida macroura,2026-05-04T23:02:32Z,04-May-2026,19:02:32,0.42,1
Mourning Dove,Zenaida macroura,2026-05-04T23:02:01Z,04-May-2026,19:02:01,0.898,1
American Robin,Turdus migratorius,2026-05-04T23:00:59Z,04-May-2026,19:00:59,0.8745,1
Black-capped Chickadee,Poecile atricapillus,2026-05-04T22:59:16Z,04-May-2026,18:59:16,0.8314,1
Mourning Dove,Zenaida macroura,2026-05-04T22:58:59Z,04-May-2026,18:58:59,0.63,1
Mourning Dove,Zenaida macroura,2026-05-04T22:58:43Z,04-May-2026,18:58:43,0.8157,8
Mourning Dove,Zenaida macroura,2026-05-04T22:55:53Z,04-May-2026,18:55:53,0.7804,5
Mourning Dove,Zenaida macroura,2026-05-04T22:55:01Z,04-May-2026,18:55:01,0.61,1
Mourning Dove,Zenaida macroura,2026-05-04T22:54:38Z,04-May-2026,18:54:38,0.8,3
Mourning Dove,Zenaida macroura,2026-05-04T22:54:35Z,04-May-2026,18:54:35,0.54,1
American Robin,Turdus migratorius,2026-05-04T22:53:41Z,04-May-2026,18:53:41,0.8,1
Mourning Dove,Zenaida macroura,2026-05-04T22:53:37Z,04-May-2026,18:53:37,0.7804,6
Mourning Dove,Zenaida macroura,2026-05-04T22:53:14Z,04-May-2026,18:53:14,0.71,1
Mourning Dove,Zenaida macroura,2026-05-04T22:53:01Z,04-May-2026,18:53:01,0.82,1
Mourning Dove,Zenaida macroura,2026-05-04T22:52:36Z,04-May-2026,18:52:36,0.9176,2
Mourning Dove,Zenaida macroura,2026-05-04T22:51:34Z,04-May-2026,18:51:34,0.9176,6
Mourning Dove,Zenaida macroura,2026-05-04T22:50:40Z,04-May-2026,18:50:40,0.32,1
Mourning Dove,Zenaida macroura,2026-05-04T22:50:21Z,04-May-2026,18:50:21,0.42,1
Mourning Dove,Zenaida macroura,2026-05-04T22:50:14Z,04-May-2026,18:50:14,0.79,1
Mourning Dove,Zenaida macroura,2026-05-04T22:50:07Z,04-May-2026,18:50:07,0.8863,7
Mourning Dove,Zenaida macroura,2026-05-04T22:49:56Z,04-May-2026,18:49:56,0.68,1
Mourning Dove,Zenaida macroura,2026-05-04T22:49:29Z,04-May-2026,18:49:29,0.72,1
Mourning Dove,Zenaida macroura,2026-05-04T22:49:16Z,04-May-2026,18:49:16,0.93,1
Mourning Dove,Zenaida macroura,2026-05-04T22:49:01Z,04-May-2026,18:49:01,0.8157,1
Mourning Dove,Zenaida macroura,2026-05-04T22:45:51Z,04-May-2026,18:45:51,0.8,5
Mourning Dove,Zenaida macroura,2026-05-04T22:45:35Z,04-May-2026,18:45:35,0.31,1
Mourning Dove,Zenaida macroura,2026-05-04T22:44:27Z,04-May-2026,18:44:27,0.45,1
Mourning Dove,Zenaida macroura,2026-05-04T22:44:17Z,04-May-2026,18:44:17,0.8863,5
Mourning Dove,Zenaida macroura,2026-05-04T22:44:13Z,04-May-2026,18:44:13,0.68,1
Mourning Dove,Zenaida macroura,2026-05-04T22:43:34Z,04-May-2026,18:43:34,0.76,1
Mourning Dove,Zenaida macroura,2026-05-04T22:43:21Z,04-May-2026,18:43:21,0.88,1
Northern Cardinal,Cardinalis cardinalis,2026-05-04T22:43:10Z,04-May-2026,18:43:10,0.8314,1
Mourning Dove,Zenaida macroura,2026-05-04T22:42:57Z,04-May-2026,18:42:57,0.9529,5
Song Sparrow,Melospiza melodia,2026-05-04T22:42:26Z,04-May-2026,18:42:26,0.26,1
Mourning Dove,Zenaida macroura,2026-05-04T22:41:49Z,04-May-2026,18:41:49,0.8157,1
Mourning Dove,Zenaida macroura,2026-05-04T22:41:43Z,04-May-2026,18:41:43,0.81,1
Mourning Dove,Zenaida macroura,2026-05-04T22:41:16Z,04-May-2026,18:41:16,0.77,1
Mourning Dove,Zenaida macroura,2026-05-04T22:41:04Z,04-May-2026,18:41:04,0.51,1
Mourning Dove,Zenaida macroura,2026-05-04T22:40:51Z,04-May-2026,18:40:51,0.57,1
Mourning Dove,Zenaida macroura,2026-05-04T22:40:41Z,04-May-2026,18:40:41,0.9176,4
Mourning Dove,Zenaida macroura,2026-05-04T22:40:30Z,04-May-2026,18:40:30,0.6,1
Northern Cardinal,Cardinalis cardinalis,2026-05-04T22:40:23Z,04-May-2026,18:40:23,0.8745,1
Northern Flicker,Colaptes auratus,2026-05-04T22:40:08Z,04-May-2026,18:40:08,0.49,1
Mourning Dove,Zenaida macroura,2026-05-04T22:39:39Z,04-May-2026,18:39:39,0.8314,4
Mourning Dove,Zenaida macroura,2026-05-04T22:39:35Z,04-May-2026,18:39:35,0.78,1
Northern Flicker,Colaptes auratus,2026-05-04T22:39:29Z,04-May-2026,18:39:29,0.62,1
Mourning Dove,Zenaida macroura,2026-05-04T22:39:13Z,04-May-2026,18:39:13,0.5,1
Mourning Dove,Zenaida macroura,2026-05-04T22:39:07Z,04-May-2026,18:39:07,0.79,1
Northern Flicker,Colaptes auratus,2026-05-04T22:39:01Z,04-May-2026,18:39:01,0.26,1
Northern Flicker,Colaptes auratus,2026-05-04T22:38:50Z,04-May-2026,18:38:50,0.71,1
Northern Flicker,Colaptes auratus,2026-05-04T22:38:41Z,04-May-2026,18:38:41,0.78,1
Northern Flicker,Colaptes auratus,2026-05-04T22:38:34Z,04-May-2026,18:38:34,0.57,1
Mourning Dove,Zenaida macroura,2026-05-04T22:38:28Z,04-May-2026,18:38:28,0.79,1
Northern Flicker,Colaptes auratus,2026-05-04T22:37:58Z,04-May-2026,18:37:58,0.4,1
Mourning Dove,Zenaida macroura,2026-05-04T22:37:52Z,04-May-2026,18:37:52,0.8,2
Northern Flicker,Colaptes auratus,2026-05-04T22:37:45Z,04-May-2026,18:37:45,0.78,1
Mourning Dove,Zenaida macroura,2026-05-04T22:37:38Z,04-May-2026,18:37:38,0.51,1
Mourning Dove,Zenaida macroura,2026-05-04T22:37:31Z,04-May-2026,18:37:31,0.43,1
Northern Flicker,Colaptes auratus,2026-05-04T22:37:25Z,04-May-2026,18:37:25,0.65,1
Mourning Dove,Zenaida macroura,2026-05-04T22:37:16Z,04-May-2026,18:37:16,0.58,1
Northern Flicker,Colaptes auratus,2026-05-04T22:37:00Z,04-May-2026,18:37:00,0.27,1
Mourning Dove,Zenaida macroura,2026-05-04T22:36:21Z,04-May-2026,18:36:21,0.8,1
Red-bellied Woodpecker,Melanerpes carolinus,2026-05-04T22:35:55Z,04-May-2026,18:35:55,0.898,9
Red-bellied Woodpecker,Melanerpes carolinus,2026-05-04T22:34:53Z,04-May-2026,18:34:53,0.898,1
Mourning Dove,Zenaida macroura,2026-05-04T22:34:49Z,04-May-2026,18:34:49,0.76,1
Brown Creeper,Certhia americana,2026-05-04T22:27:11Z,04-May-2026,18:27:11,0.38,1
Brown-headed Cowbird,Molothrus ater,2026-05-04T22:25:22Z,04-May-2026,18:25:22,0.73,1
Song Sparrow,Melospiza melodia,2026-05-04T22:19:30Z,04-May-2026,18:19:30,0.8,1
Song Sparrow,Melospiza melodia,2026-05-04T22:14:57Z,04-May-2026,18:14:57,0.33,1
American Goldfinch,Spinus tristis,2026-05-04T22:12:00Z,04-May-2026,18:12:00,0.8471,1
Brown-headed Cowbird,Molothrus ater,2026-05-04T22:10:53Z,04-May-2026,18:10:53,0.71,1
Brown-headed Cowbird,Molothrus ater,2026-05-04T22:10:25Z,04-May-2026,18:10:25,0.74,1
White-crowned Sparrow,Zonotrichia leucophrys,2026-05-04T22:10:16Z,04-May-2026,18:10:16,0.27,1
Palm Warbler,Setophaga palmarum,2026-05-04T22:05:41Z,04-May-2026,18:05:41,0.4,1
Palm Warbler,Setophaga palmarum,2026-05-04T22:05:35Z,04-May-2026,18:05:35,0.8,1
Palm Warbler,Setophaga palmarum,2026-05-04T22:05:29Z,04-May-2026,18:05:29,0.85,1
Chipping Sparrow,Spizella passerina,2026-05-04T22:05:22Z,04-May-2026,18:05:22,0.32,1
Eastern Bluebird,Sialia sialis,2026-05-04T22:03:42Z,04-May-2026,18:03:42,0.97,1
Eastern Bluebird,Sialia sialis,2026-05-04T22:03:21Z,04-May-2026,18:03:21,0.59,1
Mourning Dove,Zenaida macroura,2026-05-04T22:02:03Z,04-May-2026,18:02:03,0.82,1
Mourning Dove,Zenaida macroura,2026-05-04T22:01:48Z,04-May-2026,18:01:48,0.8863,1
Mourning Dove,Zenaida macroura,2026-05-04T22:00:54Z,04-May-2026,18:00:54,0.6,1
Mourning Dove,Zenaida macroura,2026-05-04T22:00:21Z,04-May-2026,18:00:21,0.76,1
Mourning Dove,Zenaida macroura,2026-05-04T21:58:18Z,04-May-2026,17:58:18,0.8863,1
Black-capped Chickadee,Poecile atricapillus,2026-05-04T21:58:11Z,04-May-2026,17:58:11,0.29,1
Mourning Dove,Zenaida macroura,2026-05-04T21:56:55Z,04-May-2026,17:56:55,0.8471,2
Mourning Dove,Zenaida macroura,2026-05-04T21:55:54Z,04-May-2026,17:55:54,0.7804,1
Northern Cardinal,Cardinalis cardinalis,2026-05-04T21:51:02Z,04-May-2026,17:51:02,0.8745,10
Northern Cardinal,Cardinalis cardinalis,2026-05-04T21:49:53Z,04-May-2026,17:49:53,0.9843,2
Northern Cardinal,Cardinalis cardinalis,2026-05-04T21:49:36Z,04-May-2026,17:49:36,0.3,1
Mourning Dove,Zenaida macroura,2026-05-04T21:49:29Z,04-May-2026,17:49:29,0.8314,2
Northern Cardinal,Cardinalis cardinalis,2026-05-04T21:48:47Z,04-May-2026,17:48:47,0.949,1
Mourning Dove,Zenaida macroura,2026-05-04T21:48:07Z,04-May-2026,17:48:07,0.63,1
Northern Cardinal,Cardinalis cardinalis,2026-05-04T21:47:09Z,04-May-2026,17:47:09,0.47,1
Mourning Dove,Zenaida macroura,2026-05-04T21:46:29Z,04-May-2026,17:46:29,0.8314,1
Northern Cardinal,Cardinalis cardinalis,2026-05-04T21:46:07Z,04-May-2026,17:46:07,0.9333,1
Mourning Dove,Zenaida macroura,2026-05-04T21:43:56Z,04-May-2026,17:43:56,0.8157,1
Greater Yellowlegs,Tringa melanoleuca,2026-05-04T21:42:23Z,04-May-2026,17:42:23,0.41,1
Mourning Dove,Zenaida macroura,2026-05-04T21:42:10Z,04-May-2026,17:42:10,0.35,1
Mourning Dove,Zenaida macroura,2026-05-04T21:40:57Z,04-May-2026,17:40:57,0.66,1
Mourning Dove,Zenaida macroura,2026-05-04T21:24:28Z,04-May-2026,17:24:28,0.41,1
Mourning Dove,Zenaida macroura,2026-05-04T21:24:14Z,04-May-2026,17:24:14,0.35,1
Hairy Woodpecker,Dryobates villosus,2026-05-04T19:51:16Z,04-May-2026,15:51:16,0.52,1
White-breasted Nuthatch,Sitta carolinensis,2026-05-04T19:41:01Z,04-May-2026,15:41:01,0.59,1
Pileated Woodpecker,Dryocopus pileatus,2026-05-04T19:40:22Z,04-May-2026,15:40:22,0.41,1
White-breasted Nuthatch,Sitta carolinensis,2026-05-04T19:38:58Z,04-May-2026,15:38:58,0.3,1
White-breasted Nuthatch,Sitta carolinensis,2026-05-04T19:37:39Z,04-May-2026,15:37:39,0.61,1
White-breasted Nuthatch,Sitta carolinensis,2026-05-04T19:37:21Z,04-May-2026,15:37:21,0.85,1
White-breasted Nuthatch,Sitta carolinensis,2026-05-04T19:37:13Z,04-May-2026,15:37:13,0.86,1
American Goldfinch,Spinus tristis,2026-05-04T19:04:37Z,04-May-2026,15:04:37,0.8,1
White-breasted Nuthatch,Sitta carolinensis,2026-05-04T18:54:40Z,04-May-2026,14:54:40,0.77,1
White-breasted Nuthatch,Sitta carolinensis,2026-05-04T18:54:33Z,04-May-2026,14:54:33,0.8,1
White-breasted Nuthatch,Sitta carolinensis,2026-05-04T18:54:26Z,04-May-2026,14:54:26,0.84,1
White-breasted Nuthatch,Sitta carolinensis,2026-05-04T18:54:20Z,04-May-2026,14:54:20,0.37,1
White-breasted Nuthatch,Sitta carolinensis,2026-05-04T18:53:35Z,04-May-2026,14:53:35,0.26,1
White-breasted Nuthatch,Sitta carolinensis,2026-05-04T18:53:28Z,04-May-2026,14:53:28,0.26,1
White-breasted Nuthatch,Sitta carolinensis,2026-05-04T18:52:52Z,04-May-2026,14:52:52,0.28,1
White-breasted Nuthatch,Sitta carolinensis,2026-05-04T18:52:46Z,04-May-2026,14:52:46,0.63,1
White-breasted Nuthatch,Sitta carolinensis,2026-05-04T18:52:40Z,04-May-2026,14:52:40,0.57,1
Song Sparrow,Melospiza melodia,2026-05-04T18:52:03Z,04-May-2026,14:52:03,0.9098,1
American Robin,Turdus migratorius,2026-05-04T18:51:19Z,04-May-2026,14:51:19,0.27,1
Black-capped Chickadee,Poecile atricapillus,2026-05-04T18:44:25Z,04-May-2026,14:44:25,0.32,1
Hairy Woodpecker,Dryobates villosus,2026-05-04T18:40:38Z,04-May-2026,14:40:38,0.84,1
Palm Warbler,Setophaga palmarum,2026-05-04T18:40:24Z,04-May-2026,14:40:24,0.46,1
American Robin,Turdus migratorius,2026-05-04T18:36:23Z,04-May-2026,14:36:23,0.53,1
Pine Siskin,Spinus pinus,2026-05-04T18:31:36Z,04-May-2026,14:31:36,0.43,1
American Robin,Turdus migratorius,2026-05-04T18:31:07Z,04-May-2026,14:31:07,0.8,2
Hairy Woodpecker,Dryobates villosus,2026-05-04T18:30:42Z,04-May-2026,14:30:42,0.71,1
Downy Woodpecker,Dryobates pubescens,2026-05-04T18:30:32Z,04-May-2026,14:30:32,0.9529,1
American Robin,Turdus migratorius,2026-05-04T18:28:40Z,04-May-2026,14:28:40,0.47,1
Northern Flicker,Colaptes auratus,2026-05-04T18:28:33Z,04-May-2026,14:28:33,0.57,1
American Robin,Turdus migratorius,2026-05-04T18:28:21Z,04-May-2026,14:28:21,0.37,1
American Robin,Turdus migratorius,2026-05-04T18:28:08Z,04-May-2026,14:28:08,0.41,1
American Robin,Turdus migratorius,2026-05-04T18:28:01Z,04-May-2026,14:28:01,0.27,1
American Robin,Turdus migratorius,2026-05-04T18:27:51Z,04-May-2026,14:27:51,0.8314,10
American Robin,Turdus migratorius,2026-05-04T18:27:34Z,04-May-2026,14:27:34,0.69,1
American Robin,Turdus migratorius,2026-05-04T18:27:28Z,04-May-2026,14:27:28,0.81,1
American Robin,Turdus migratorius,2026-05-04T18:27:09Z,04-May-2026,14:27:09,0.49,1
Hairy Woodpecker,Dryobates villosus,2026-05-04T18:26:52Z,04-May-2026,14:26:52,0.92,1
Hairy Woodpecker,Dryobates villosus,2026-05-04T18:26:45Z,04-May-2026,14:26:45,0.51,1
American Robin,Turdus migratorius,2026-05-04T18:26:41Z,04-May-2026,14:26:41,0.9098,1
Tufted Titmouse,Baeolophus bicolor,2026-05-04T18:23:48Z,04-May-2026,14:23:48,0.8,1
Gray Catbird,Dumetella carolinensis,2026-05-04T18:19:43Z,04-May-2026,14:19:43,0.8314,1
Black-capped Chickadee,Poecile atricapillus,2026-05-04T18:19:08Z,04-May-2026,14:19:08,0.8157,1
American Robin,Turdus migratorius,2026-05-04T18:18:16Z,04-May-2026,14:18:16,0.8471,1
Song Sparrow,Melospiza melodia,2026-05-04T18:17:20Z,04-May-2026,14:17:20,0.8,1
Hairy Woodpecker,Dryobates villosus,2026-05-04T18:16:40Z,04-May-2026,14:16:40,0.3,1
Mourning Dove,Zenaida macroura,2026-05-04T18:15:33Z,04-May-2026,14:15:33,0.27,1
American Robin,Turdus migratorius,2026-05-04T18:15:07Z,04-May-2026,14:15:07,0.8157,1
Mourning Dove,Zenaida macroura,2026-05-04T18:14:32Z,04-May-2026,14:14:32,0.63,1
Chipping Sparrow,Spizella passerina,2026-05-04T18:14:25Z,04-May-2026,14:14:25,0.45,1
Hairy Woodpecker,Dryobates villosus,2026-05-04T18:12:06Z,04-May-2026,14:12:06,0.71,1
American Robin,Turdus migratorius,2026-05-04T18:11:59Z,04-May-2026,14:11:59,0.75,1
Hairy Woodpecker,Dryobates villosus,2026-05-04T18:11:52Z,04-May-2026,14:11:52,0.56,1
Mourning Dove,Zenaida macroura,2026-05-04T18:11:46Z,04-May-2026,14:11:46,0.51,1
Hairy Woodpecker,Dryobates villosus,2026-05-04T18:11:32Z,04-May-2026,14:11:32,0.79,1
American Robin,Turdus migratorius,2026-05-04T18:10:59Z,04-May-2026,14:10:59,0.8157,1
Mourning Dove,Zenaida macroura,2026-05-04T18:10:30Z,04-May-2026,14:10:30,0.87,1
American Robin,Turdus migratorius,2026-05-04T18:09:45Z,04-May-2026,14:09:45,0.9176,1
Mourning Dove,Zenaida macroura,2026-05-04T18:09:28Z,04-May-2026,14:09:28,0.8471,1
Downy Woodpecker,Dryobates pubescens,2026-05-04T18:08:01Z,04-May-2026,14:08:01,0.8863,1
American Robin,Turdus migratorius,2026-05-04T18:07:13Z,04-May-2026,14:07:13,0.8745,1
Bohemian Waxwing,Bombycilla garrulus,2026-05-04T18:06:42Z,04-May-2026,14:06:42,0.72,1
White-breasted Nuthatch,Sitta carolinensis,2026-05-04T18:05:56Z,04-May-2026,14:05:56,0.71,1
White-breasted Nuthatch,Sitta carolinensis,2026-05-04T18:05:49Z,04-May-2026,14:05:49,0.74,1
White-breasted Nuthatch,Sitta carolinensis,2026-05-04T18:05:43Z,04-May-2026,14:05:43,0.29,1
White-breasted Nuthatch,Sitta carolinensis,2026-05-04T18:05:36Z,04-May-2026,14:05:36,0.69,1
White-breasted Nuthatch,Sitta carolinensis,2026-05-04T18:05:29Z,04-May-2026,14:05:29,0.7,1
White-breasted Nuthatch,Sitta carolinensis,2026-05-04T18:05:22Z,04-May-2026,14:05:22,0.46,1
White-breasted Nuthatch,Sitta carolinensis,2026-05-04T18:05:16Z,04-May-2026,14:05:16,0.83,1
White-breasted Nuthatch,Sitta carolinensis,2026-05-04T18:05:09Z,04-May-2026,14:05:09,0.61,1
White-breasted Nuthatch,Sitta carolinensis,2026-05-04T18:05:01Z,04-May-2026,14:05:01,0.89,1
White-breasted Nuthatch,Sitta carolinensis,2026-05-04T18:04:55Z,04-May-2026,14:04:55,0.64,1
White-breasted Nuthatch,Sitta carolinensis,2026-05-04T18:04:48Z,04-May-2026,14:04:48,0.44,1
Common Grackle,Quiscalus quiscula,2026-05-04T18:02:48Z,04-May-2026,14:02:48,0.8314,1
Blue Jay,Cyanocitta cristata,2026-05-04T18:02:34Z,04-May-2026,14:02:34,0.54,1
Mourning Dove,Zenaida macroura,2026-05-04T18:02:16Z,04-May-2026,14:02:16,0.8863,1
Hairy Woodpecker,Dryobates villosus,2026-05-04T18:02:12Z,04-May-2026,14:02:12,0.75,1
Mourning Dove,Zenaida macroura,2026-05-04T18:00:09Z,04-May-2026,14:00:09,0.76,1
Hairy Woodpecker,Dryobates villosus,2026-05-04T17:59:56Z,04-May-2026,13:59:56,0.69,1
Northern Flicker,Colaptes auratus,2026-05-04T17:59:29Z,04-May-2026,13:59:29,0.46,1
Mourning Dove,Zenaida macroura,2026-05-04T17:58:05Z,04-May-2026,13:58:05,0.7804,1
Chimney Swift,Chaetura pelagica,2026-05-04T17:57:44Z,04-May-2026,13:57:44,0.52,1
Hairy Woodpecker,Dryobates villosus,2026-05-04T17:52:17Z,04-May-2026,13:52:17,0.3,1
Swamp Sparrow,Melospiza georgiana,2026-05-04T17:51:55Z,04-May-2026,13:51:55,0.31,1
Brown-headed Cowbird,Molothrus ater,2026-05-04T17:50:44Z,04-May-2026,13:50:44,0.27,1
American Robin,Turdus migratorius,2026-05-04T17:50:37Z,04-May-2026,13:50:37,0.8627,1
Gray Catbird,Dumetella carolinensis,2026-05-04T17:50:23Z,04-May-2026,13:50:23,0.7804,1
Hairy Woodpecker,Dryobates villosus,2026-05-04T17:50:07Z,04-May-2026,13:50:07,0.34,1
American Robin,Turdus migratorius,2026-05-04T17:49:05Z,04-May-2026,13:49:05,0.7804,1
Hairy Woodpecker,Dryobates villosus,2026-05-04T17:48:55Z,04-May-2026,13:48:55,0.42,1
Black-capped Chickadee,Poecile atricapillus,2026-05-04T17:46:25Z,04-May-2026,13:46:25,0.33,1
Red-shouldered Hawk,Buteo lineatus,2026-05-04T17:45:57Z,04-May-2026,13:45:57,0.67,1
Brown-headed Cowbird,Molothrus ater,2026-05-04T17:39:48Z,04-May-2026,13:39:48,0.74,1
Black-capped Chickadee,Poecile atricapillus,2026-05-04T17:38:42Z,04-May-2026,13:38:42,0.8627,1
Black-capped Chickadee,Poecile atricapillus,2026-05-04T17:36:36Z,04-May-2026,13:36:36,0.8314,1
American Goldfinch,Spinus tristis,2026-05-04T17:33:09Z,04-May-2026,13:33:09,0.7804,1
Eastern Bluebird,Sialia sialis,2026-05-04T17:32:18Z,04-May-2026,13:32:18,0.38,1
Northern Flicker,Colaptes auratus,2026-05-04T17:29:58Z,04-May-2026,13:29:58,0.35,1
Hairy Woodpecker,Dryobates villosus,2026-05-04T17:10:18Z,04-May-2026,13:10:18,0.44,1
Northern Flicker,Colaptes auratus,2026-05-04T17:08:40Z,04-May-2026,13:08:40,0.32,1
Northern Flicker,Colaptes auratus,2026-05-04T17:08:33Z,04-May-2026,13:08:33,0.52,1
Hairy Woodpecker,Dryobates villosus,2026-05-04T16:51:39Z,04-May-2026,12:51:39,0.6,1
American Robin,Turdus migratorius,2026-05-04T16:41:54Z,04-May-2026,12:41:54,0.7804,1
American Goldfinch,Spinus tristis,2026-05-04T16:22:05Z,04-May-2026,12:22:05,0.7804,1
Palm Warbler,Setophaga palmarum,2026-05-04T16:20:24Z,04-May-2026,12:20:24,0.29,1
Palm Warbler,Setophaga palmarum,2026-05-04T16:20:08Z,04-May-2026,12:20:08,0.26,1
Blue Jay,Cyanocitta cristata,2026-05-04T16:16:21Z,04-May-2026,12:16:21,0.42,1
Palm Warbler,Setophaga palmarum,2026-05-04T16:11:03Z,04-May-2026,12:11:03,0.51,1
Gray Catbird,Dumetella carolinensis,2026-05-04T16:10:38Z,04-May-2026,12:10:38,0.7804,1
Hairy Woodpecker,Dryobates villosus,2026-05-04T16:10:32Z,04-May-2026,12:10:32,0.29,1
Palm Warbler,Setophaga palmarum,2026-05-04T16:10:07Z,04-May-2026,12:10:07,0.26,1
Chipping Sparrow,Spizella passerina,2026-05-04T16:09:58Z,04-May-2026,12:09:58,0.39,1
Song Sparrow,Melospiza melodia,2026-05-04T16:07:06Z,04-May-2026,12:07:06,0.26,1
American Robin,Turdus migratorius,2026-05-04T16:03:44Z,04-May-2026,12:03:44,0.8157,1
Hairy Woodpecker,Dryobates villosus,2026-05-04T16:02:49Z,04-May-2026,12:02:49,0.58,1
Palm Warbler,Setophaga palmarum,2026-05-04T16:02:42Z,04-May-2026,12:02:42,0.35,1
Palm Warbler,Setophaga palmarum,2026-05-04T16:01:19Z,04-May-2026,12:01:19,0.37,1
Palm Warbler,Setophaga palmarum,2026-05-04T16:00:57Z,04-May-2026,12:00:57,0.3,1
Palm Warbler,Setophaga palmarum,2026-05-04T16:00:45Z,04-May-2026,12:00:45,0.35,1
Palm Warbler,Setophaga palmarum,2026-05-04T16:00:29Z,04-May-2026,12:00:29,0.36,1
Palm Warbler,Setophaga palmarum,2026-05-04T15:56:40Z,04-May-2026,11:56:40,0.42,1
Swamp Sparrow,Melospiza georgiana,2026-05-04T15:56:27Z,04-May-2026,11:56:27,0.27,1
Palm Warbler,Setophaga palmarum,2026-05-04T15:56:05Z,04-May-2026,11:56:05,0.29,1
Palm Warbler,Setophaga palmarum,2026-05-04T15:55:42Z,04-May-2026,11:55:42,0.72,1
Palm Warbler,Setophaga palmarum,2026-05-04T15:53:19Z,04-May-2026,11:53:19,0.31,1
Palm Warbler,Setophaga palmarum,2026-05-04T15:53:00Z,04-May-2026,11:53:00,0.38,1
Palm Warbler,Setophaga palmarum,2026-05-04T15:52:53Z,04-May-2026,11:52:53,0.63,1
Palm Warbler,Setophaga palmarum,2026-05-04T15:52:46Z,04-May-2026,11:52:46,0.45,1
Palm Warbler,Setophaga palmarum,2026-05-04T15:52:40Z,04-May-2026,11:52:40,0.54,1
American Robin,Turdus migratorius,2026-05-04T15:51:05Z,04-May-2026,11:51:05,0.8157,1
Palm Warbler,Setophaga palmarum,2026-05-04T15:50:58Z,04-May-2026,11:50:58,0.32,1
Hairy Woodpecker,Dryobates villosus,2026-05-04T15:50:31Z,04-May-2026,11:50:31,0.89,1
Palm Warbler,Setophaga palmarum,2026-05-04T15:49:42Z,04-May-2026,11:49:42,0.83,1
Palm Warbler,Setophaga palmarum,2026-05-04T15:48:37Z,04-May-2026,11:48:37,0.28,1
Palm Warbler,Setophaga palmarum,2026-05-04T15:47:57Z,04-May-2026,11:47:57,0.38,1
Palm Warbler,Setophaga palmarum,2026-05-04T15:47:50Z,04-May-2026,11:47:50,0.39,1
Palm Warbler,Setophaga palmarum,2026-05-04T15:47:36Z,04-May-2026,11:47:36,0.58,1
Palm Warbler,Setophaga palmarum,2026-05-04T15:47:23Z,04-May-2026,11:47:23,0.55,1
Palm Warbler,Setophaga palmarum,2026-05-04T15:47:10Z,04-May-2026,11:47:10,0.52,1
Eastern Bluebird,Sialia sialis,2026-05-04T15:44:32Z,04-May-2026,11:44:32,0.47,1
Black-capped Chickadee,Poecile atricapillus,2026-05-04T15:44:04Z,04-May-2026,11:44:04,0.7804,1
American Robin,Turdus migratorius,2026-05-04T15:43:07Z,04-May-2026,11:43:07,0.27,1
White-breasted Nuthatch,Sitta carolinensis,2026-05-04T15:43:00Z,04-May-2026,11:43:00,0.3,1
Black-capped Chickadee,Poecile atricapillus,2026-05-04T15:42:56Z,04-May-2026,11:42:56,0.8314,5
Hairy Woodpecker,Dryobates villosus,2026-05-04T15:42:38Z,04-May-2026,11:42:38,0.62,1
Black-capped Chickadee,Poecile atricapillus,2026-05-04T15:41:50Z,04-May-2026,11:41:50,0.8627,1
Common Grackle,Quiscalus quiscula,2026-05-04T15:41:41Z,04-May-2026,11:41:41,0.26,1
Common Grackle,Quiscalus quiscula,2026-05-04T15:41:35Z,04-May-2026,11:41:35,0.8,1
Northern Flicker,Colaptes auratus,2026-05-04T15:39:34Z,04-May-2026,11:39:34,0.43,1
Black-capped Chickadee,Poecile atricapillus,2026-05-04T15:36:52Z,04-May-2026,11:36:52,0.9529,6
Black-capped Chickadee,Poecile atricapillus,2026-05-04T15:35:55Z,04-May-2026,11:35:55,0.57,1
Black-capped Chickadee,Poecile atricapillus,2026-05-04T15:35:49Z,04-May-2026,11:35:49,0.898,1
Song Sparrow,Melospiza melodia,2026-05-04T15:35:18Z,04-May-2026,11:35:18,0.32,1
Song Sparrow,Melospiza melodia,2026-05-04T15:35:12Z,04-May-2026,11:35:12,0.8863,1
Hairy Woodpecker,Dryobates villosus,2026-05-04T15:35:06Z,04-May-2026,11:35:06,0.89,1
Hairy Woodpecker,Dryobates villosus,2026-05-04T15:35:00Z,04-May-2026,11:35:00,0.85,1
Hairy Woodpecker,Dryobates villosus,2026-05-04T15:34:54Z,04-May-2026,11:34:54,0.85,1
American Goldfinch,Spinus tristis,2026-05-04T15:34:38Z,04-May-2026,11:34:38,0.8157,1
Mourning Dove,Zenaida macroura,2026-05-04T15:33:13Z,04-May-2026,11:33:13,0.27,1
Chipping Sparrow,Spizella passerina,2026-05-04T15:28:58Z,04-May-2026,11:28:58,0.35,1
Chipping Sparrow,Spizella passerina,2026-05-04T15:28:48Z,04-May-2026,11:28:48,0.26,1
Palm Warbler,Setophaga palmarum,2026-05-04T15:28:39Z,04-May-2026,11:28:39,0.44,1
Chipping Sparrow,Spizella passerina,2026-05-04T15:28:23Z,04-May-2026,11:28:23,0.42,1
Palm Warbler,Setophaga palmarum,2026-05-04T15:28:03Z,04-May-2026,11:28:03,0.75,1
Nashville Warbler,Leiothlypis ruficapilla,2026-05-04T15:27:57Z,04-May-2026,11:27:57,0.31,1
Palm Warbler,Setophaga palmarum,2026-05-04T15:27:37Z,04-May-2026,11:27:37,0.45,1
Song Sparrow,Melospiza melodia,2026-05-04T15:26:36Z,04-May-2026,11:26:36,0.33,1
American Crow,Corvus brachyrhynchos,2026-05-04T15:24:08Z,04-May-2026,11:24:08,0.8,1
Eastern Bluebird,Sialia sialis,2026-05-04T15:22:59Z,04-May-2026,11:22:59,0.51,1
Eastern Bluebird,Sialia sialis,2026-05-04T15:22:52Z,04-May-2026,11:22:52,0.71,1
Eastern Bluebird,Sialia sialis,2026-05-04T15:22:46Z,04-May-2026,11:22:46,0.28,1
Palm Warbler,Setophaga palmarum,2026-05-04T15:22:18Z,04-May-2026,11:22:18,0.33,1
Palm Warbler,Setophaga palmarum,2026-05-04T15:21:14Z,04-May-2026,11:21:14,0.59,1
Palm Warbler,Setophaga palmarum,2026-05-04T15:20:29Z,04-May-2026,11:20:29,0.29,1
Palm Warbler,Setophaga palmarum,2026-05-04T15:20:19Z,04-May-2026,11:20:19,0.32,1
Palm Warbler,Setophaga palmarum,2026-05-04T15:19:36Z,04-May-2026,11:19:36,0.36,1
Hairy Woodpecker,Dryobates villosus,2026-05-04T15:18:09Z,04-May-2026,11:18:09,0.87,1
Bohemian Waxwing,Bombycilla garrulus,2026-05-04T15:16:31Z,04-May-2026,11:16:31,0.68,1
Palm Warbler,Setophaga palmarum,2026-05-04T15:02:22Z,04-May-2026,11:02:22,0.4,1
Palm Warbler,Setophaga palmarum,2026-05-04T15:02:07Z,04-May-2026,11:02:07,0.52,1
Northern Saw-whet Owl,Aegolius acadicus,2026-05-04T15:01:58Z,04-May-2026,11:01:58,0.32,1
Palm Warbler,Setophaga palmarum,2026-05-04T15:01:10Z,04-May-2026,11:01:10,0.38,1
Palm Warbler,Setophaga palmarum,2026-05-04T15:00:38Z,04-May-2026,11:00:38,0.27,1
Palm Warbler,Setophaga palmarum,2026-05-04T15:00:06Z,04-May-2026,11:00:06,0.28,1
Northern Cardinal,Cardinalis cardinalis,2026-05-04T15:00:02Z,04-May-2026,11:00:02,0.9176,2
Palm Warbler,Setophaga palmarum,2026-05-04T14:59:53Z,04-May-2026,10:59:53,0.28,1
Swamp Sparrow,Melospiza georgiana,2026-05-04T14:58:59Z,04-May-2026,10:58:59,0.33,1
Northern Cardinal,Cardinalis cardinalis,2026-05-04T14:58:53Z,04-May-2026,10:58:53,0.9686,1
Palm Warbler,Setophaga palmarum,2026-05-04T14:58:46Z,04-May-2026,10:58:46,0.38,1
Downy Woodpecker,Dryobates pubescens,2026-05-04T14:54:36Z,04-May-2026,10:54:36,0.8,1
American Robin,Turdus migratorius,2026-05-04T14:54:23Z,04-May-2026,10:54:23,0.7804,1
Eastern Bluebird,Sialia sialis,2026-05-04T14:50:59Z,04-May-2026,10:50:59,0.91,1
Brown Creeper,Certhia americana,2026-05-04T14:50:28Z,04-May-2026,10:50:28,0.76,1
Palm Warbler,Setophaga palmarum,2026-05-04T14:49:04Z,04-May-2026,10:49:04,0.42,1
Palm Warbler,Setophaga palmarum,2026-05-04T14:48:06Z,04-May-2026,10:48:06,0.3,1
Palm Warbler,Setophaga palmarum,2026-05-04T14:47:58Z,04-May-2026,10:47:58,0.5,1
Palm Warbler,Setophaga palmarum,2026-05-04T14:47:42Z,04-May-2026,10:47:42,0.33,1
Palm Warbler,Setophaga palmarum,2026-05-04T14:47:23Z,04-May-2026,10:47:23,0.34,1
Wood Duck,Aix sponsa,2026-05-04T14:44:56Z,04-May-2026,10:44:56,0.35,1
Palm Warbler,Setophaga palmarum,2026-05-04T14:44:44Z,04-May-2026,10:44:44,0.28,1
Palm Warbler,Setophaga palmarum,2026-05-04T14:44:37Z,04-May-2026,10:44:37,0.44,1
Palm Warbler,Setophaga palmarum,2026-05-04T14:44:27Z,04-May-2026,10:44:27,0.51,1
Palm Warbler,Setophaga palmarum,2026-05-04T14:44:20Z,04-May-2026,10:44:20,0.47,1
Palm Warbler,Setophaga palmarum,2026-05-04T14:44:01Z,04-May-2026,10:44:01,0.63,1
Palm Warbler,Setophaga palmarum,2026-05-04T14:43:51Z,04-May-2026,10:43:51,0.82,1
Palm Warbler,Setophaga palmarum,2026-05-04T14:43:32Z,04-May-2026,10:43:32,0.58,1
Hairy Woodpecker,Dryobates villosus,2026-05-04T14:43:01Z,04-May-2026,10:43:01,0.94,1
Palm Warbler,Setophaga palmarum,2026-05-04T14:42:52Z,04-May-2026,10:42:52,0.66,1
Palm Warbler,Setophaga palmarum,2026-05-04T14:41:48Z,04-May-2026,10:41:48,0.49,1
Chipping Sparrow,Spizella passerina,2026-05-04T14:41:35Z,04-May-2026,10:41:35,0.33,1
Pileated Woodpecker,Dryocopus pileatus,2026-05-04T14:40:55Z,04-May-2026,10:40:55,0.49,1
Pileated Woodpecker,Dryocopus pileatus,2026-05-04T14:40:48Z,04-May-2026,10:40:48,0.76,1
Palm Warbler,Setophaga palmarum,2026-05-04T14:40:29Z,04-May-2026,10:40:29,0.31,1
Chipping Sparrow,Spizella passerina,2026-05-04T14:40:21Z,04-May-2026,10:40:21,0.33,1
Palm Warbler,Setophaga palmarum,2026-05-04T14:40:01Z,04-May-2026,10:40:01,0.34,1
Swamp Sparrow,Melospiza georgiana,2026-05-04T14:39:54Z,04-May-2026,10:39:54,0.28,1
Palm Warbler,Setophaga palmarum,2026-05-04T14:39:42Z,04-May-2026,10:39:42,0.73,1
Palm Warbler,Setophaga palmarum,2026-05-04T14:39:28Z,04-May-2026,10:39:28,0.68,1
Palm Warbler,Setophaga palmarum,2026-05-04T14:38:21Z,04-May-2026,10:38:21,0.59,1
Palm Warbler,Setophaga palmarum,2026-05-04T14:38:01Z,04-May-2026,10:38:01,0.41,1
Palm Warbler,Setophaga palmarum,2026-05-04T14:37:45Z,04-May-2026,10:37:45,0.44,1
Palm Warbler,Setophaga palmarum,2026-05-04T14:37:35Z,04-May-2026,10:37:35,0.3,1
Palm Warbler,Setophaga palmarum,2026-05-04T14:37:22Z,04-May-2026,10:37:22,0.32,1
Palm Warbler,Setophaga palmarum,2026-05-04T14:36:32Z,04-May-2026,10:36:32,0.42,1
Palm Warbler,Setophaga palmarum,2026-05-04T14:35:57Z,04-May-2026,10:35:57,0.42,1
Palm Warbler,Setophaga palmarum,2026-05-04T14:34:55Z,04-May-2026,10:34:55,0.43,1
Palm Warbler,Setophaga palmarum,2026-05-04T14:34:45Z,04-May-2026,10:34:45,0.26,1
Palm Warbler,Setophaga palmarum,2026-05-04T14:33:51Z,04-May-2026,10:33:51,0.56,1
Bohemian Waxwing,Bombycilla garrulus,2026-05-04T14:33:39Z,04-May-2026,10:33:39,0.98,1
Palm Warbler,Setophaga palmarum,2026-05-04T14:23:49Z,04-May-2026,10:23:49,0.68,1
Belted Kingfisher,Megaceryle alcyon,2026-05-04T14:21:43Z,04-May-2026,10:21:43,0.34,1
Chipping Sparrow,Spizella passerina,2026-05-04T14:19:44Z,04-May-2026,10:19:44,0.62,1
Chipping Sparrow,Spizella passerina,2026-05-04T14:19:30Z,04-May-2026,10:19:30,0.55,1
Chipping Sparrow,Spizella passerina,2026-05-04T14:19:23Z,04-May-2026,10:19:23,0.61,1
Chipping Sparrow,Spizella passerina,2026-05-04T14:19:16Z,04-May-2026,10:19:16,0.66,1
Palm Warbler,Setophaga palmarum,2026-05-04T14:17:01Z,04-May-2026,10:17:01,0.37,1
Hairy Woodpecker,Dryobates villosus,2026-05-04T14:16:07Z,04-May-2026,10:16:07,0.71,1
Hairy Woodpecker,Dryobates villosus,2026-05-04T14:15:24Z,04-May-2026,10:15:24,0.55,1
American Robin,Turdus migratorius,2026-05-04T14:10:04Z,04-May-2026,10:10:04,0.8,1
American Robin,Turdus migratorius,2026-05-04T14:09:44Z,04-May-2026,10:09:44,0.41,1
Northern Flicker,Colaptes auratus,2026-05-04T14:09:38Z,04-May-2026,10:09:38,0.34,1
American Robin,Turdus migratorius,2026-05-04T14:05:50Z,04-May-2026,10:05:50,0.8471,3
American Robin,Turdus migratorius,2026-05-04T14:05:43Z,04-May-2026,10:05:43,0.88,1
Bohemian Waxwing,Bombycilla garrulus,2026-05-04T14:04:56Z,04-May-2026,10:04:56,0.52,1
American Robin,Turdus migratorius,2026-05-04T14:04:32Z,04-May-2026,10:04:32,0.8157,1
Chipping Sparrow,Spizella passerina,2026-05-04T14:04:12Z,04-May-2026,10:04:12,0.3,1
Northern Flicker,Colaptes auratus,2026-05-04T14:01:04Z,04-May-2026,10:01:04,0.32,1
Palm Warbler,Setophaga palmarum,2026-05-04T14:00:01Z,04-May-2026,10:00:01,0.32,1
American Robin,Turdus migratorius,2026-05-04T13:59:44Z,04-May-2026,09:59:44,0.8863,1
Palm Warbler,Setophaga palmarum,2026-05-04T13:58:55Z,04-May-2026,09:58:55,0.3,1
Palm Warbler,Setophaga palmarum,2026-05-04T13:56:53Z,04-May-2026,09:56:53,0.42,1
Palm Warbler,Setophaga palmarum,2026-05-04T13:56:34Z,04-May-2026,09:56:34,0.29,1
Palm Warbler,Setophaga palmarum,2026-05-04T13:56:27Z,04-May-2026,09:56:27,0.66,1
Palm Warbler,Setophaga palmarum,2026-05-04T13:56:11Z,04-May-2026,09:56:11,0.29,1
Palm Warbler,Setophaga palmarum,2026-05-04T13:55:39Z,04-May-2026,09:55:39,0.28,1
Palm Warbler,Setophaga palmarum,2026-05-04T13:55:29Z,04-May-2026,09:55:29,0.56,1
Palm Warbler,Setophaga palmarum,2026-05-04T13:55:15Z,04-May-2026,09:55:15,0.82,1
Palm Warbler,Setophaga palmarum,2026-05-04T13:55:09Z,04-May-2026,09:55:09,0.27,1
Palm Warbler,Setophaga palmarum,2026-05-04T13:55:02Z,04-May-2026,09:55:02,0.37,1
Swamp Sparrow,Melospiza georgiana,2026-05-04T13:54:55Z,04-May-2026,09:54:55,0.35,1
Swamp Sparrow,Melospiza georgiana,2026-05-04T13:54:48Z,04-May-2026,09:54:48,0.4,1
Swamp Sparrow,Melospiza georgiana,2026-05-04T13:54:33Z,04-May-2026,09:54:33,0.27,1
Blue Jay,Cyanocitta cristata,2026-05-04T13:53:49Z,04-May-2026,09:53:49,0.41,1
Palm Warbler,Setophaga palmarum,2026-05-04T13:49:23Z,04-May-2026,09:49:23,0.26,1
Palm Warbler,Setophaga palmarum,2026-05-04T13:49:13Z,04-May-2026,09:49:13,0.32,1
Palm Warbler,Setophaga palmarum,2026-05-04T13:48:57Z,04-May-2026,09:48:57,0.78,1
Palm Warbler,Setophaga palmarum,2026-05-04T13:48:50Z,04-May-2026,09:48:50,0.38,1
Palm Warbler,Setophaga palmarum,2026-05-04T13:48:43Z,04-May-2026,09:48:43,0.46,1
Palm Warbler,Setophaga palmarum,2026-05-04T13:48:34Z,04-May-2026,09:48:34,0.28,1
Palm Warbler,Setophaga palmarum,2026-05-04T13:48:27Z,04-May-2026,09:48:27,0.43,1
Song Sparrow,Melospiza melodia,2026-05-04T13:44:01Z,04-May-2026,09:44:01,0.9098,1
Broad-winged Hawk,Buteo platypterus,2026-05-04T13:43:55Z,04-May-2026,09:43:55,0.92,1
American Goldfinch,Spinus tristis,2026-05-04T13:42:55Z,04-May-2026,09:42:55,0.8157,1
American Robin,Turdus migratorius,2026-05-04T13:37:30Z,04-May-2026,09:37:30,0.8863,3
Chipping Sparrow,Spizella passerina,2026-05-04T13:36:07Z,04-May-2026,09:36:07,0.33,1
Palm Warbler,Setophaga palmarum,2026-05-04T13:36:00Z,04-May-2026,09:36:00,0.27,1
American Robin,Turdus migratorius,2026-05-04T13:34:08Z,04-May-2026,09:34:08,0.27,1
American Robin,Turdus migratorius,2026-05-04T13:33:52Z,04-May-2026,09:33:52,0.7804,1
American Robin,Turdus migratorius,2026-05-04T13:33:45Z,04-May-2026,09:33:45,0.69,1
American Robin,Turdus migratorius,2026-05-04T13:31:34Z,04-May-2026,09:31:34,0.46,1
American Robin,Turdus migratorius,2026-05-04T13:31:14Z,04-May-2026,09:31:14,0.41,1
American Robin,Turdus migratorius,2026-05-04T13:31:08Z,04-May-2026,09:31:08,0.53,1
Chipping Sparrow,Spizella passerina,2026-05-04T13:30:35Z,04-May-2026,09:30:35,0.33,1
American Robin,Turdus migratorius,2026-05-04T13:29:39Z,04-May-2026,09:29:39,0.8627,1
Palm Warbler,Setophaga palmarum,2026-05-04T13:29:35Z,04-May-2026,09:29:35,0.28,1
Palm Warbler,Setophaga palmarum,2026-05-04T13:29:16Z,04-May-2026,09:29:16,0.29,1
Palm Warbler,Setophaga palmarum,2026-05-04T13:29:10Z,04-May-2026,09:29:10,0.34,1
American Robin,Turdus migratorius,2026-05-04T13:28:40Z,04-May-2026,09:28:40,0.39,1
American Robin,Turdus migratorius,2026-05-04T13:27:52Z,04-May-2026,09:27:52,0.48,1
American Goldfinch,Spinus tristis,2026-05-04T13:27:37Z,04-May-2026,09:27:37,0.54,1
Tufted Titmouse,Baeolophus bicolor,2026-05-04T13:27:21Z,04-May-2026,09:27:21,0.8,1
Tufted Titmouse,Baeolophus bicolor,2026-05-04T13:22:49Z,04-May-2026,09:22:49,0.8,1
American Robin,Turdus migratorius,2026-05-04T13:22:46Z,04-May-2026,09:22:46,0.3,1
American Goldfinch,Spinus tristis,2026-05-04T13:21:19Z,04-May-2026,09:21:19,0.9176,1
Palm Warbler,Setophaga palmarum,2026-05-04T13:20:40Z,04-May-2026,09:20:40,0.38,1
Palm Warbler,Setophaga palmarum,2026-05-04T13:20:27Z,04-May-2026,09:20:27,0.31,1
Palm Warbler,Setophaga palmarum,2026-05-04T13:17:55Z,04-May-2026,09:17:55,0.33,1
Palm Warbler,Setophaga palmarum,2026-05-04T13:17:37Z,04-May-2026,09:17:37,0.35,1
Palm Warbler,Setophaga palmarum,2026-05-04T13:16:34Z,04-May-2026,09:16:34,0.37,1
Palm Warbler,Setophaga palmarum,2026-05-04T13:16:25Z,04-May-2026,09:16:25,0.37,1
Palm Warbler,Setophaga palmarum,2026-05-04T13:15:13Z,04-May-2026,09:15:13,0.42,1
Palm Warbler,Setophaga palmarum,2026-05-04T13:14:59Z,04-May-2026,09:14:59,0.3,1
Palm Warbler,Setophaga palmarum,2026-05-04T13:14:43Z,04-May-2026,09:14:43,0.49,1
Palm Warbler,Setophaga palmarum,2026-05-04T13:14:33Z,04-May-2026,09:14:33,0.37,1
Palm Warbler,Setophaga palmarum,2026-05-04T13:14:24Z,04-May-2026,09:14:24,0.48,1
Palm Warbler,Setophaga palmarum,2026-05-04T13:14:17Z,04-May-2026,09:14:17,0.54,1
Palm Warbler,Setophaga palmarum,2026-05-04T13:14:10Z,04-May-2026,09:14:10,0.48,1
Palm Warbler,Setophaga palmarum,2026-05-04T13:14:04Z,04-May-2026,09:14:04,0.35,1
Palm Warbler,Setophaga palmarum,2026-05-04T13:13:51Z,04-May-2026,09:13:51,0.36,1
Swamp Sparrow,Melospiza georgiana,2026-05-04T13:13:22Z,04-May-2026,09:13:22,0.43,1
Palm Warbler,Setophaga palmarum,2026-05-04T13:13:09Z,04-May-2026,09:13:09,0.43,1
Palm Warbler,Setophaga palmarum,2026-05-04T13:12:53Z,04-May-2026,09:12:53,0.45,1
Palm Warbler,Setophaga palmarum,2026-05-04T13:12:46Z,04-May-2026,09:12:46,0.36,1
Swamp Sparrow,Melospiza georgiana,2026-05-04T13:11:47Z,04-May-2026,09:11:47,0.3,1
Swamp Sparrow,Melospiza georgiana,2026-05-04T13:11:25Z,04-May-2026,09:11:25,0.33,1
White-breasted Nuthatch,Sitta carolinensis,2026-05-04T13:09:38Z,04-May-2026,09:09:38,0.78,1
White-breasted Nuthatch,Sitta carolinensis,2026-05-04T13:09:32Z,04-May-2026,09:09:32,0.88,1
White-breasted Nuthatch,Sitta carolinensis,2026-05-04T13:09:22Z,04-May-2026,09:09:22,0.84,1
White-breasted Nuthatch,Sitta carolinensis,2026-05-04T13:09:10Z,04-May-2026,09:09:10,0.94,1
Palm Warbler,Setophaga palmarum,2026-05-04T13:08:54Z,04-May-2026,09:08:54,0.27,1
White-breasted Nuthatch,Sitta carolinensis,2026-05-04T13:08:41Z,04-May-2026,09:08:41,0.73,1
White-breasted Nuthatch,Sitta carolinensis,2026-05-04T13:08:29Z,04-May-2026,09:08:29,0.53,1
American Robin,Turdus migratorius,2026-05-04T13:07:56Z,04-May-2026,09:07:56,0.9333,1
White-breasted Nuthatch,Sitta carolinensis,2026-05-04T13:06:53Z,04-May-2026,09:06:53,0.98,1
White-breasted Nuthatch,Sitta carolinensis,2026-05-04T13:06:33Z,04-May-2026,09:06:33,0.55,1
White-breasted Nuthatch,Sitta carolinensis,2026-05-04T13:06:26Z,04-May-2026,09:06:26,0.84,1
White-breasted Nuthatch,Sitta carolinensis,2026-05-04T13:06:20Z,04-May-2026,09:06:20,0.64,1
White-breasted Nuthatch,Sitta carolinensis,2026-05-04T13:06:13Z,04-May-2026,09:06:13,0.73,1
White-breasted Nuthatch,Sitta carolinensis,2026-05-04T13:06:07Z,04-May-2026,09:06:07,0.54,1
White-breasted Nuthatch,Sitta carolinensis,2026-05-04T13:06:00Z,04-May-2026,09:06:00,0.72,1
White-breasted Nuthatch,Sitta carolinensis,2026-05-04T13:05:54Z,04-May-2026,09:05:54,0.53,1
White-breasted Nuthatch,Sitta carolinensis,2026-05-04T13:05:47Z,04-May-2026,09:05:47,0.83,1
White-breasted Nuthatch,Sitta carolinensis,2026-05-04T13:05:41Z,04-May-2026,09:05:41,0.72,1
White-breasted Nuthatch,Sitta carolinensis,2026-05-04T13:05:34Z,04-May-2026,09:05:34,0.96,1
White-breasted Nuthatch,Sitta carolinensis,2026-05-04T13:05:26Z,04-May-2026,09:05:26,0.83,1
White-breasted Nuthatch,Sitta carolinensis,2026-05-04T13:05:20Z,04-May-2026,09:05:20,0.67,1
White-breasted Nuthatch,Sitta carolinensis,2026-05-04T13:05:14Z,04-May-2026,09:05:14,0.85,1
White-breasted Nuthatch,Sitta carolinensis,2026-05-04T13:05:08Z,04-May-2026,09:05:08,0.82,1
White-breasted Nuthatch,Sitta carolinensis,2026-05-04T13:05:01Z,04-May-2026,09:05:01,0.77,1
White-breasted Nuthatch,Sitta carolinensis,2026-05-04T13:04:55Z,04-May-2026,09:04:55,0.87,1
White-breasted Nuthatch,Sitta carolinensis,2026-05-04T13:04:49Z,04-May-2026,09:04:49,0.89,1
White-breasted Nuthatch,Sitta carolinensis,2026-05-04T13:04:42Z,04-May-2026,09:04:42,0.84,1
White-breasted Nuthatch,Sitta carolinensis,2026-05-04T13:04:36Z,04-May-2026,09:04:36,0.56,1
White-breasted Nuthatch,Sitta carolinensis,2026-05-04T13:04:29Z,04-May-2026,09:04:29,0.91,1
White-breasted Nuthatch,Sitta carolinensis,2026-05-04T13:04:23Z,04-May-2026,09:04:23,0.85,1
White-breasted Nuthatch,Sitta carolinensis,2026-05-04T13:04:16Z,04-May-2026,09:04:16,0.92,1
White-breasted Nuthatch,Sitta carolinensis,2026-05-04T13:04:10Z,04-May-2026,09:04:10,0.85,1
White-breasted Nuthatch,Sitta carolinensis,2026-05-04T13:04:03Z,04-May-2026,09:04:03,0.6,1
White-breasted Nuthatch,Sitta carolinensis,2026-05-04T13:03:56Z,04-May-2026,09:03:56,0.81,1
White-breasted Nuthatch,Sitta carolinensis,2026-05-04T13:03:50Z,04-May-2026,09:03:50,0.42,1
White-breasted Nuthatch,Sitta carolinensis,2026-05-04T13:03:43Z,04-May-2026,09:03:43,0.68,1
White-breasted Nuthatch,Sitta carolinensis,2026-05-04T13:03:37Z,04-May-2026,09:03:37,0.69,1
Rose-breasted Grosbeak,Pheucticus ludovicianus,2026-05-04T13:01:57Z,04-May-2026,09:01:57,0.27,1
White-breasted Nuthatch,Sitta carolinensis,2026-05-04T13:00:59Z,04-May-2026,09:00:59,0.95,1
White-breasted Nuthatch,Sitta carolinensis,2026-05-04T13:00:47Z,04-May-2026,09:00:47,0.83,1
White-breasted Nuthatch,Sitta carolinensis,2026-05-04T13:00:40Z,04-May-2026,09:00:40,0.82,1
White-breasted Nuthatch,Sitta carolinensis,2026-05-04T13:00:30Z,04-May-2026,09:00:30,0.94,1
White-breasted Nuthatch,Sitta carolinensis,2026-05-04T13:00:23Z,04-May-2026,09:00:23,0.86,1
White-breasted Nuthatch,Sitta carolinensis,2026-05-04T13:00:10Z,04-May-2026,09:00:10,0.59,1
White-breasted Nuthatch,Sitta carolinensis,2026-05-04T12:59:49Z,04-May-2026,08:59:49,0.43,1
White-breasted Nuthatch,Sitta carolinensis,2026-05-04T12:59:41Z,04-May-2026,08:59:41,0.5,1
White-breasted Nuthatch,Sitta carolinensis,2026-05-04T12:59:35Z,04-May-2026,08:59:35,0.55,1
White-breasted Nuthatch,Sitta carolinensis,2026-05-04T12:59:27Z,04-May-2026,08:59:27,0.91,1
White-breasted Nuthatch,Sitta carolinensis,2026-05-04T12:59:20Z,04-May-2026,08:59:20,0.34,1
White-breasted Nuthatch,Sitta carolinensis,2026-05-04T12:59:14Z,04-May-2026,08:59:14,0.48,1
White-breasted Nuthatch,Sitta carolinensis,2026-05-04T12:59:08Z,04-May-2026,08:59:08,0.93,1
White-breasted Nuthatch,Sitta carolinensis,2026-05-04T12:56:44Z,04-May-2026,08:56:44,0.59,1
Palm Warbler,Setophaga palmarum,2026-05-04T12:55:50Z,04-May-2026,08:55:50,0.27,1
Palm Warbler,Setophaga palmarum,2026-05-04T12:55:08Z,04-May-2026,08:55:08,0.33,1
White-breasted Nuthatch,Sitta carolinensis,2026-05-04T12:55:01Z,04-May-2026,08:55:01,0.33,1
Northern Mockingbird,Mimus polyglottos,2026-05-04T12:53:56Z,04-May-2026,08:53:56,0.8,1
White-breasted Nuthatch,Sitta carolinensis,2026-05-04T12:53:52Z,04-May-2026,08:53:52,0.71,1
White-breasted Nuthatch,Sitta carolinensis,2026-05-04T12:53:17Z,04-May-2026,08:53:17,0.31,1
White-breasted Nuthatch,Sitta carolinensis,2026-05-04T12:53:10Z,04-May-2026,08:53:10,0.57,1
White-breasted Nuthatch,Sitta carolinensis,2026-05-04T12:53:04Z,04-May-2026,08:53:04,0.38,1
American Robin,Turdus migratorius,2026-05-04T12:52:57Z,04-May-2026,08:52:57,0.26,1
White-breasted Nuthatch,Sitta carolinensis,2026-05-04T12:52:50Z,04-May-2026,08:52:50,0.27,1
White-breasted Nuthatch,Sitta carolinensis,2026-05-04T12:52:44Z,04-May-2026,08:52:44,0.61,1
American Robin,Turdus migratorius,2026-05-04T12:52:34Z,04-May-2026,08:52:34,0.29,1
American Robin,Turdus migratorius,2026-05-04T12:52:18Z,04-May-2026,08:52:18,0.35,1
American Robin,Turdus migratorius,2026-05-04T12:52:11Z,04-May-2026,08:52:11,0.8471,2
American Robin,Turdus migratorius,2026-05-04T12:52:08Z,04-May-2026,08:52:08,0.93,1
American Robin,Turdus migratorius,2026-05-04T12:52:01Z,04-May-2026,08:52:01,0.32,1
White-breasted Nuthatch,Sitta carolinensis,2026-05-04T12:51:55Z,04-May-2026,08:51:55,0.86,1
American Robin,Turdus migratorius,2026-05-04T12:50:22Z,04-May-2026,08:50:22,0.7804,1
White-breasted Nuthatch,Sitta carolinensis,2026-05-04T12:49:36Z,04-May-2026,08:49:36,0.64,1
White-breasted Nuthatch,Sitta carolinensis,2026-05-04T12:49:29Z,04-May-2026,08:49:29,0.39,1
Chipping Sparrow,Spizella passerina,2026-05-04T12:48:30Z,04-May-2026,08:48:30,0.26,1
Swamp Sparrow,Melospiza georgiana,2026-05-04T12:47:21Z,04-May-2026,08:47:21,0.3,1
American Robin,Turdus migratorius,2026-05-04T12:46:25Z,04-May-2026,08:46:25,0.8314,1
American Robin,Turdus migratorius,2026-05-04T12:45:40Z,04-May-2026,08:45:40,0.37,1
Palm Warbler,Setophaga palmarum,2026-05-04T12:41:41Z,04-May-2026,08:41:41,0.49,1
Palm Warbler,Setophaga palmarum,2026-05-04T12:41:26Z,04-May-2026,08:41:26,0.49,1
American Robin,Turdus migratorius,2026-05-04T12:40:27Z,04-May-2026,08:40:27,0.7804,1
Palm Warbler,Setophaga palmarum,2026-05-04T12:39:46Z,04-May-2026,08:39:46,0.44,1
Palm Warbler,Setophaga palmarum,2026-05-04T12:39:33Z,04-May-2026,08:39:33,0.27,1
Swamp Sparrow,Melospiza georgiana,2026-05-04T12:38:11Z,04-May-2026,08:38:11,0.33,1
Chipping Sparrow,Spizella passerina,2026-05-04T12:37:35Z,04-May-2026,08:37:35,0.34,1
Palm Warbler,Setophaga palmarum,2026-05-04T12:37:00Z,04-May-2026,08:37:00,0.5,1
White-breasted Nuthatch,Sitta carolinensis,2026-05-04T12:36:52Z,04-May-2026,08:36:52,0.86,1
Swamp Sparrow,Melospiza georgiana,2026-05-04T12:36:19Z,04-May-2026,08:36:19,0.4,1
Swamp Sparrow,Melospiza georgiana,2026-05-04T12:36:12Z,04-May-2026,08:36:12,0.3,1
Veery,Catharus fuscescens,2026-05-04T12:32:12Z,04-May-2026,08:32:12,0.35,1
Palm Warbler,Setophaga palmarum,2026-05-04T12:31:59Z,04-May-2026,08:31:59,0.36,1
Wood Thrush,Hylocichla mustelina,2026-05-04T12:31:47Z,04-May-2026,08:31:47,0.36,1
American Robin,Turdus migratorius,2026-05-04T12:31:34Z,04-May-2026,08:31:34,0.8745,1
American Goldfinch,Spinus tristis,2026-05-04T12:27:42Z,04-May-2026,08:27:42,0.8745,1
Northern Cardinal,Cardinalis cardinalis,2026-05-04T12:27:38Z,04-May-2026,08:27:38,0.9686,1
Palm Warbler,Setophaga palmarum,2026-05-04T12:27:12Z,04-May-2026,08:27:12,0.45,1
Palm Warbler,Setophaga palmarum,2026-05-04T12:26:58Z,04-May-2026,08:26:58,0.33,1
Palm Warbler,Setophaga palmarum,2026-05-04T12:25:42Z,04-May-2026,08:25:42,0.28,1
Palm Warbler,Setophaga palmarum,2026-05-04T12:24:04Z,04-May-2026,08:24:04,0.38,1
Eastern Phoebe,Sayornis phoebe,2026-05-04T12:23:42Z,04-May-2026,08:23:42,0.44,1
Eastern Phoebe,Sayornis phoebe,2026-05-04T12:23:29Z,04-May-2026,08:23:29,0.33,1
Eastern Phoebe,Sayornis phoebe,2026-05-04T12:23:15Z,04-May-2026,08:23:15,0.27,1
Swamp Sparrow,Melospiza georgiana,2026-05-04T12:23:09Z,04-May-2026,08:23:09,0.28,1
Eastern Phoebe,Sayornis phoebe,2026-05-04T12:23:02Z,04-May-2026,08:23:02,0.47,1
Eastern Phoebe,Sayornis phoebe,2026-05-04T12:21:57Z,04-May-2026,08:21:57,0.27,1
Eastern Phoebe,Sayornis phoebe,2026-05-04T12:21:36Z,04-May-2026,08:21:36,0.29,1
Palm Warbler,Setophaga palmarum,2026-05-04T12:13:57Z,04-May-2026,08:13:57,0.28,1
Palm Warbler,Setophaga palmarum,2026-05-04T12:13:34Z,04-May-2026,08:13:34,0.29,1
Palm Warbler,Setophaga palmarum,2026-05-04T12:13:02Z,04-May-2026,08:13:02,0.53,1
Palm Warbler,Setophaga palmarum,2026-05-04T12:12:50Z,04-May-2026,08:12:50,0.36,1
Palm Warbler,Setophaga palmarum,2026-05-04T12:11:41Z,04-May-2026,08:11:41,0.59,1
Chipping Sparrow,Spizella passerina,2026-05-04T12:08:46Z,04-May-2026,08:08:46,0.26,1
Palm Warbler,Setophaga palmarum,2026-05-04T12:00:49Z,04-May-2026,08:00:49,0.91,1
Brown-headed Cowbird,Molothrus ater,2026-05-04T12:00:29Z,04-May-2026,08:00:29,0.38,1
Palm Warbler,Setophaga palmarum,2026-05-04T12:00:02Z,04-May-2026,08:00:02,0.31,1
Chipping Sparrow,Spizella passerina,2026-05-04T11:59:54Z,04-May-2026,07:59:54,0.31,1
Palm Warbler,Setophaga palmarum,2026-05-04T11:59:25Z,04-May-2026,07:59:25,0.29,1
Evening Grosbeak,Coccothraustes vespertinus,2026-05-04T11:59:18Z,04-May-2026,07:59:18,0.91,1
American Robin,Turdus migratorius,2026-05-04T11:58:11Z,04-May-2026,07:58:11,0.8314,1
Chipping Sparrow,Spizella passerina,2026-05-04T11:57:07Z,04-May-2026,07:57:07,0.38,1
Northern Mockingbird,Mimus polyglottos,2026-05-04T11:57:03Z,04-May-2026,07:57:03,0.8157,1
American Robin,Turdus migratorius,2026-05-04T11:56:33Z,04-May-2026,07:56:33,0.8157,3
Palm Warbler,Setophaga palmarum,2026-05-04T11:56:17Z,04-May-2026,07:56:17,0.51,1
Palm Warbler,Setophaga palmarum,2026-05-04T11:55:41Z,04-May-2026,07:55:41,0.54,1
American Robin,Turdus migratorius,2026-05-04T11:55:21Z,04-May-2026,07:55:21,0.8314,1
Palm Warbler,Setophaga palmarum,2026-05-04T11:55:08Z,04-May-2026,07:55:08,0.54,1
American Robin,Turdus migratorius,2026-05-04T11:50:48Z,04-May-2026,07:50:48,0.28,1
Swamp Sparrow,Melospiza georgiana,2026-05-04T11:49:13Z,04-May-2026,07:49:13,0.27,1
Northern Flicker,Colaptes auratus,2026-05-04T11:49:01Z,04-May-2026,07:49:01,0.39,1
Chipping Sparrow,Spizella passerina,2026-05-04T11:48:46Z,04-May-2026,07:48:46,0.27,1
Palm Warbler,Setophaga palmarum,2026-05-04T11:48:23Z,04-May-2026,07:48:23,0.33,1
Palm Warbler,Setophaga palmarum,2026-05-04T11:47:30Z,04-May-2026,07:47:30,0.28,1
Palm Warbler,Setophaga palmarum,2026-05-04T11:46:56Z,04-May-2026,07:46:56,0.28,1
American Robin,Turdus migratorius,2026-05-04T11:44:06Z,04-May-2026,07:44:06,0.7804,1
Wood Thrush,Hylocichla mustelina,2026-05-04T11:43:18Z,04-May-2026,07:43:18,0.29,1
Palm Warbler,Setophaga palmarum,2026-05-04T11:42:44Z,04-May-2026,07:42:44,0.47,1
Swamp Sparrow,Melospiza georgiana,2026-05-04T11:42:17Z,04-May-2026,07:42:17,0.34,1
Swamp Sparrow,Melospiza georgiana,2026-05-04T11:42:07Z,04-May-2026,07:42:07,0.27,1
Purple Finch,Haemorhous purpureus,2026-05-04T11:37:50Z,04-May-2026,07:37:50,0.27,1
Blue Jay,Cyanocitta cristata,2026-05-04T11:32:24Z,04-May-2026,07:32:24,0.8157,1
Gray Catbird,Dumetella carolinensis,2026-05-04T11:32:04Z,04-May-2026,07:32:04,0.8157,1
Palm Warbler,Setophaga palmarum,2026-05-04T11:31:34Z,04-May-2026,07:31:34,0.56,1
Palm Warbler,Setophaga palmarum,2026-05-04T11:31:07Z,04-May-2026,07:31:07,0.46,1
Palm Warbler,Setophaga palmarum,2026-05-04T11:31:01Z,04-May-2026,07:31:01,0.33,1
Palm Warbler,Setophaga palmarum,2026-05-04T11:30:00Z,04-May-2026,07:30:00,0.27,1
Palm Warbler,Setophaga palmarum,2026-05-04T11:29:03Z,04-May-2026,07:29:03,0.36,1
Palm Warbler,Setophaga palmarum,2026-05-04T11:28:50Z,04-May-2026,07:28:50,0.65,1
Palm Warbler,Setophaga palmarum,2026-05-04T11:28:29Z,04-May-2026,07:28:29,0.36,1
Palm Warbler,Setophaga palmarum,2026-05-04T11:27:25Z,04-May-2026,07:27:25,0.33,1
Brown-headed Cowbird,Molothrus ater,2026-05-04T11:27:15Z,04-May-2026,07:27:15,0.53,1
Ruffed Grouse,Bonasa umbellus,2026-05-04T11:26:39Z,04-May-2026,07:26:39,0.26,1
American Robin,Turdus migratorius,2026-05-04T11:25:13Z,04-May-2026,07:25:13,0.9176,1
American Robin,Turdus migratorius,2026-05-04T11:25:04Z,04-May-2026,07:25:04,0.36,1
Black-capped Chickadee,Poecile atricapillus,2026-05-04T11:24:00Z,04-May-2026,07:24:00,0.7804,1
American Goldfinch,Spinus tristis,2026-05-04T11:20:32Z,04-May-2026,07:20:32,0.8314,1
Osprey,Pandion haliaetus,2026-05-04T11:18:25Z,04-May-2026,07:18:25,0.28,1
House Wren,Troglodytes aedon,2026-05-04T11:17:05Z,04-May-2026,07:17:05,0.8627,1
American Robin,Turdus migratorius,2026-05-04T11:15:27Z,04-May-2026,07:15:27,0.41,1
Mourning Dove,Zenaida macroura,2026-05-04T11:15:04Z,04-May-2026,07:15:04,0.8157,1
Palm Warbler,Setophaga palmarum,2026-05-04T11:09:02Z,04-May-2026,07:09:02,0.26,1
Wild Turkey,Meleagris gallopavo,2026-05-04T11:08:30Z,04-May-2026,07:08:30,0.6,1
Palm Warbler,Setophaga palmarum,2026-05-04T11:08:12Z,04-May-2026,07:08:12,0.6,1
Palm Warbler,Setophaga palmarum,2026-05-04T11:05:31Z,04-May-2026,07:05:31,0.32,1
Palm Warbler,Setophaga palmarum,2026-05-04T11:04:52Z,04-May-2026,07:04:52,0.26,1
Palm Warbler,Setophaga palmarum,2026-05-04T11:02:49Z,04-May-2026,07:02:49,0.33,1
Brown-headed Cowbird,Molothrus ater,2026-05-04T11:01:25Z,04-May-2026,07:01:25,0.62,1
Downy Woodpecker,Dryobates pubescens,2026-05-04T11:00:08Z,04-May-2026,07:00:08,0.9412,1
Brown Creeper,Certhia americana,2026-05-04T10:59:03Z,04-May-2026,06:59:03,0.97,1
Brown Creeper,Certhia americana,2026-05-04T10:58:47Z,04-May-2026,06:58:47,0.55,1
Brown Creeper,Certhia americana,2026-05-04T10:58:33Z,04-May-2026,06:58:33,0.98,1
Tufted Titmouse,Baeolophus bicolor,2026-05-04T10:58:29Z,04-May-2026,06:58:29,0.7804,1
Brown Creeper,Certhia americana,2026-05-04T10:58:23Z,04-May-2026,06:58:23,0.83,1
Brown Creeper,Certhia americana,2026-05-04T10:58:01Z,04-May-2026,06:58:01,0.98,1
Brown Creeper,Certhia americana,2026-05-04T10:57:49Z,04-May-2026,06:57:49,0.97,1
Brown Creeper,Certhia americana,2026-05-04T10:57:36Z,04-May-2026,06:57:36,0.96,1
Brown Creeper,Certhia americana,2026-05-04T10:57:30Z,04-May-2026,06:57:30,0.91,1
Brown Creeper,Certhia americana,2026-05-04T10:57:10Z,04-May-2026,06:57:10,0.81,1
Brown Creeper,Certhia americana,2026-05-04T10:57:04Z,04-May-2026,06:57:04,0.98,1
Brown Creeper,Certhia americana,2026-05-04T10:56:58Z,04-May-2026,06:56:58,0.94,1
Brown Creeper,Certhia americana,2026-05-04T10:56:46Z,04-May-2026,06:56:46,0.49,1
Palm Warbler,Setophaga palmarum,2026-05-04T10:56:26Z,04-May-2026,06:56:26,0.59,1
Northern Flicker,Colaptes auratus,2026-05-04T10:56:00Z,04-May-2026,06:56:00,0.38,1
Palm Warbler,Setophaga palmarum,2026-05-04T10:55:53Z,04-May-2026,06:55:53,0.31,1
Palm Warbler,Setophaga palmarum,2026-05-04T10:55:47Z,04-May-2026,06:55:47,0.26,1
Northern Flicker,Colaptes auratus,2026-05-04T10:55:34Z,04-May-2026,06:55:34,0.26,1
Brown Creeper,Certhia americana,2026-05-04T10:55:26Z,04-May-2026,06:55:26,0.5,1
Tufted Titmouse,Baeolophus bicolor,2026-05-04T10:55:19Z,04-May-2026,06:55:19,0.55,1
Northern Flicker,Colaptes auratus,2026-05-04T10:55:06Z,04-May-2026,06:55:06,0.3,1
Brown Creeper,Certhia americana,2026-05-04T10:54:58Z,04-May-2026,06:54:58,0.31,1
Palm Warbler,Setophaga palmarum,2026-05-04T10:54:52Z,04-May-2026,06:54:52,0.41,1
Tufted Titmouse,Baeolophus bicolor,2026-05-04T10:54:13Z,04-May-2026,06:54:13,0.31,1
Tufted Titmouse,Baeolophus bicolor,2026-05-04T10:54:00Z,04-May-2026,06:54:00,0.8157,10
Tufted Titmouse,Baeolophus bicolor,2026-05-04T10:53:57Z,04-May-2026,06:53:57,0.34,1
Tufted Titmouse,Baeolophus bicolor,2026-05-04T10:53:34Z,04-May-2026,06:53:34,0.81,1
Barred Owl,Strix varia,2026-05-04T10:53:19Z,04-May-2026,06:53:19,0.27,1
Tufted Titmouse,Baeolophus bicolor,2026-05-04T10:52:46Z,04-May-2026,06:52:46,0.9333,1
Brown-headed Cowbird,Molothrus ater,2026-05-04T10:52:43Z,04-May-2026,06:52:43,0.26,1
American Robin,Turdus migratorius,2026-05-04T10:52:39Z,04-May-2026,06:52:39,0.8745,1
Palm Warbler,Setophaga palmarum,2026-05-04T10:49:39Z,04-May-2026,06:49:39,0.26,1
Palm Warbler,Setophaga palmarum,2026-05-04T10:49:32Z,04-May-2026,06:49:32,0.34,1
Palm Warbler,Setophaga palmarum,2026-05-04T10:49:26Z,04-May-2026,06:49:26,0.29,1
Palm Warbler,Setophaga palmarum,2026-05-04T10:49:13Z,04-May-2026,06:49:13,0.58,1
Palm Warbler,Setophaga palmarum,2026-05-04T10:48:00Z,04-May-2026,06:48:00,0.27,1
Palm Warbler,Setophaga palmarum,2026-05-04T10:47:53Z,04-May-2026,06:47:53,0.34,1
Palm Warbler,Setophaga palmarum,2026-05-04T10:47:34Z,04-May-2026,06:47:34,0.28,1
American Robin,Turdus migratorius,2026-05-04T10:47:10Z,04-May-2026,06:47:10,0.8863,1
Palm Warbler,Setophaga palmarum,2026-05-04T10:46:11Z,04-May-2026,06:46:11,0.27,1
Palm Warbler,Setophaga palmarum,2026-05-04T10:45:32Z,04-May-2026,06:45:32,0.42,1
Northern Cardinal,Cardinalis cardinalis,2026-05-04T10:44:56Z,04-May-2026,06:44:56,0.8627,1
Palm Warbler,Setophaga palmarum,2026-05-04T10:44:52Z,04-May-2026,06:44:52,0.41,1
Tufted Titmouse,Baeolophus bicolor,2026-05-04T10:44:13Z,04-May-2026,06:44:13,0.31,1
Tufted Titmouse,Baeolophus bicolor,2026-05-04T10:43:53Z,04-May-2026,06:43:53,0.34,1
Tufted Titmouse,Baeolophus bicolor,2026-05-04T10:43:43Z,04-May-2026,06:43:43,0.9569,1
Northern Cardinal,Cardinalis cardinalis,2026-05-04T10:43:30Z,04-May-2026,06:43:30,0.8627,1
Pileated Woodpecker,Dryocopus pileatus,2026-05-04T10:43:07Z,04-May-2026,06:43:07,0.27,1
Chipping Sparrow,Spizella passerina,2026-05-04T10:42:46Z,04-May-2026,06:42:46,0.43,1
Chipping Sparrow,Spizella passerina,2026-05-04T10:42:39Z,04-May-2026,06:42:39,0.36,1
Chipping Sparrow,Spizella passerina,2026-05-04T10:42:16Z,04-May-2026,06:42:16,0.33,1
Black-billed Cuckoo,Coccyzus erythropthalmus,2026-05-04T10:41:53Z,04-May-2026,06:41:53,0.37,1
American Kestrel,Falco sparverius,2026-05-04T10:41:14Z,04-May-2026,06:41:14,0.49,1
American Crow,Corvus brachyrhynchos,2026-05-04T10:40:00Z,04-May-2026,06:40:00,0.9333,1
Tufted Titmouse,Baeolophus bicolor,2026-05-04T10:39:56Z,04-May-2026,06:39:56,0.8627,2
Tufted Titmouse,Baeolophus bicolor,2026-05-04T10:39:41Z,04-May-2026,06:39:41,0.92,1
Tufted Titmouse,Baeolophus bicolor,2026-05-04T10:39:28Z,04-May-2026,06:39:28,0.93,1
Tufted Titmouse,Baeolophus bicolor,2026-05-04T10:39:21Z,04-May-2026,06:39:21,0.92,1
Tufted Titmouse,Baeolophus bicolor,2026-05-04T10:39:07Z,04-May-2026,06:39:07,0.78,1
Tufted Titmouse,Baeolophus bicolor,2026-05-04T10:38:45Z,04-May-2026,06:38:45,0.8,1
Purple Finch,Haemorhous purpureus,2026-05-04T10:38:26Z,04-May-2026,06:38:26,0.44,1
Tufted Titmouse,Baeolophus bicolor,2026-05-04T10:38:19Z,04-May-2026,06:38:19,0.52,1
Tufted Titmouse,Baeolophus bicolor,2026-05-04T10:36:13Z,04-May-2026,06:36:13,0.8471,1
Tufted Titmouse,Baeolophus bicolor,2026-05-04T10:36:06Z,04-May-2026,06:36:06,0.47,1
Purple Finch,Haemorhous purpureus,2026-05-04T10:34:59Z,04-May-2026,06:34:59,0.82,1
Purple Finch,Haemorhous purpureus,2026-05-04T10:34:51Z,04-May-2026,06:34:51,0.65,1
Purple Finch,Haemorhous purpureus,2026-05-04T10:34:32Z,04-May-2026,06:34:32,0.83,1
Purple Finch,Haemorhous purpureus,2026-05-04T10:34:25Z,04-May-2026,06:34:25,0.58,1
Purple Finch,Haemorhous purpureus,2026-05-04T10:34:18Z,04-May-2026,06:34:18,0.36,1
Purple Finch,Haemorhous purpureus,2026-05-04T10:34:03Z,04-May-2026,06:34:03,0.49,1
Eastern Phoebe,Sayornis phoebe,2026-05-04T10:31:24Z,04-May-2026,06:31:24,0.29,1
Eastern Phoebe,Sayornis phoebe,2026-05-04T10:31:16Z,04-May-2026,06:31:16,0.43,1
Eastern Phoebe,Sayornis phoebe,2026-05-04T10:30:43Z,04-May-2026,06:30:43,0.33,1
Eastern Phoebe,Sayornis phoebe,2026-05-04T10:30:30Z,04-May-2026,06:30:30,0.43,1
Eastern Phoebe,Sayornis phoebe,2026-05-04T10:30:01Z,04-May-2026,06:30:01,0.28,1
Palm Warbler,Setophaga palmarum,2026-05-04T10:29:48Z,04-May-2026,06:29:48,0.29,1
Eastern Phoebe,Sayornis phoebe,2026-05-04T10:29:35Z,04-May-2026,06:29:35,0.85,1
Eastern Phoebe,Sayornis phoebe,2026-05-04T10:28:37Z,04-May-2026,06:28:37,0.38,1
Eastern Phoebe,Sayornis phoebe,2026-05-04T10:27:35Z,04-May-2026,06:27:35,0.73,1
Eastern Phoebe,Sayornis phoebe,2026-05-04T10:27:01Z,04-May-2026,06:27:01,0.39,1
Eastern Phoebe,Sayornis phoebe,2026-05-04T10:26:55Z,04-May-2026,06:26:55,0.32,1
Eastern Phoebe,Sayornis phoebe,2026-05-04T10:26:49Z,04-May-2026,06:26:49,0.33,1
Eastern Phoebe,Sayornis phoebe,2026-05-04T10:26:13Z,04-May-2026,06:26:13,0.41,1
Eastern Phoebe,Sayornis phoebe,2026-05-04T10:23:23Z,04-May-2026,06:23:23,0.59,1
Eastern Phoebe,Sayornis phoebe,2026-05-04T10:22:25Z,04-May-2026,06:22:25,0.35,1
White-breasted Nuthatch,Sitta carolinensis,2026-05-04T10:19:38Z,04-May-2026,06:19:38,0.32,1
Eastern Kingbird,Tyrannus tyrannus,2026-05-04T10:19:13Z,04-May-2026,06:19:13,0.55,1
Common Grackle,Quiscalus quiscula,2026-05-04T10:19:10Z,04-May-2026,06:19:10,0.7804,1
White-breasted Nuthatch,Sitta carolinensis,2026-05-04T10:18:27Z,04-May-2026,06:18:27,0.6,1
Eastern Phoebe,Sayornis phoebe,2026-05-04T10:17:59Z,04-May-2026,06:17:59,0.55,1
Eastern Phoebe,Sayornis phoebe,2026-05-04T10:17:33Z,04-May-2026,06:17:33,0.71,1
Eastern Phoebe,Sayornis phoebe,2026-05-04T10:17:20Z,04-May-2026,06:17:20,0.29,1
Eastern Phoebe,Sayornis phoebe,2026-05-04T10:17:07Z,04-May-2026,06:17:07,0.44,1
White-breasted Nuthatch,Sitta carolinensis,2026-05-04T10:16:47Z,04-May-2026,06:16:47,0.35,1
White-breasted Nuthatch,Sitta carolinensis,2026-05-04T10:16:28Z,04-May-2026,06:16:28,0.61,1
White-breasted Nuthatch,Sitta carolinensis,2026-05-04T10:16:21Z,04-May-2026,06:16:21,0.53,1
White-breasted Nuthatch,Sitta carolinensis,2026-05-04T10:16:15Z,04-May-2026,06:16:15,0.72,1
White-breasted Nuthatch,Sitta carolinensis,2026-05-04T10:16:08Z,04-May-2026,06:16:08,0.86,1
White-breasted Nuthatch,Sitta carolinensis,2026-05-04T10:16:02Z,04-May-2026,06:16:02,0.81,1
White-breasted Nuthatch,Sitta carolinensis,2026-05-04T10:15:55Z,04-May-2026,06:15:55,0.35,1
White-breasted Nuthatch,Sitta carolinensis,2026-05-04T10:15:48Z,04-May-2026,06:15:48,0.89,1
White-breasted Nuthatch,Sitta carolinensis,2026-05-04T10:15:42Z,04-May-2026,06:15:42,0.95,1
White-breasted Nuthatch,Sitta carolinensis,2026-05-04T10:15:35Z,04-May-2026,06:15:35,0.96,1
White-breasted Nuthatch,Sitta carolinensis,2026-05-04T10:15:28Z,04-May-2026,06:15:28,0.85,1
White-breasted Nuthatch,Sitta carolinensis,2026-05-04T10:15:12Z,04-May-2026,06:15:12,0.57,1
White-breasted Nuthatch,Sitta carolinensis,2026-05-04T10:15:06Z,04-May-2026,06:15:06,0.86,1
White-breasted Nuthatch,Sitta carolinensis,2026-05-04T10:14:08Z,04-May-2026,06:14:08,0.55,1
White-breasted Nuthatch,Sitta carolinensis,2026-05-04T10:13:44Z,04-May-2026,06:13:44,0.42,1
Eastern Phoebe,Sayornis phoebe,2026-05-04T10:13:32Z,04-May-2026,06:13:32,0.42,1
Eastern Phoebe,Sayornis phoebe,2026-05-04T10:13:06Z,04-May-2026,06:13:06,0.31,1
Eastern Phoebe,Sayornis phoebe,2026-05-04T10:13:00Z,04-May-2026,06:13:00,0.28,1
Eastern Phoebe,Sayornis phoebe,2026-05-04T10:12:08Z,04-May-2026,06:12:08,0.26,1
American Goldfinch,Spinus tristis,2026-05-04T10:11:36Z,04-May-2026,06:11:36,0.8627,1
Eastern Phoebe,Sayornis phoebe,2026-05-04T10:10:13Z,04-May-2026,06:10:13,0.35,1
Eastern Phoebe,Sayornis phoebe,2026-05-04T10:10:06Z,04-May-2026,06:10:06,0.42,1
Eastern Phoebe,Sayornis phoebe,2026-05-04T10:03:37Z,04-May-2026,06:03:37,0.48,1
Eastern Phoebe,Sayornis phoebe,2026-05-04T10:02:37Z,04-May-2026,06:02:37,0.52,1
Eastern Phoebe,Sayornis phoebe,2026-05-04T10:02:23Z,04-May-2026,06:02:23,0.4,1
White-breasted Nuthatch,Sitta carolinensis,2026-05-04T10:02:17Z,04-May-2026,06:02:17,0.27,1
White-breasted Nuthatch,Sitta carolinensis,2026-05-04T10:01:58Z,04-May-2026,06:01:58,0.42,1
Brown Creeper,Certhia americana,2026-05-04T10:01:51Z,04-May-2026,06:01:51,0.91,1
Brown Creeper,Certhia americana,2026-05-04T10:01:38Z,04-May-2026,06:01:38,0.49,1
Brown Creeper,Certhia americana,2026-05-04T10:01:24Z,04-May-2026,06:01:24,0.82,1
Eastern Phoebe,Sayornis phoebe,2026-05-04T10:01:18Z,04-May-2026,06:01:18,0.44,1
Eastern Phoebe,Sayornis phoebe,2026-05-04T10:00:28Z,04-May-2026,06:00:28,0.35,1
Eastern Phoebe,Sayornis phoebe,2026-05-04T09:59:23Z,04-May-2026,05:59:23,0.35,1
Eastern Phoebe,Sayornis phoebe,2026-05-04T09:59:15Z,04-May-2026,05:59:15,0.26,1
Gray Catbird,Dumetella carolinensis,2026-05-04T09:58:30Z,04-May-2026,05:58:30,0.898,1
Eastern Phoebe,Sayornis phoebe,2026-05-04T09:57:37Z,04-May-2026,05:57:37,0.34,1
Eastern Phoebe,Sayornis phoebe,2026-05-04T09:57:31Z,04-May-2026,05:57:31,0.8,1
Eastern Phoebe,Sayornis phoebe,2026-05-04T09:57:24Z,04-May-2026,05:57:24,0.73,1
Eastern Phoebe,Sayornis phoebe,2026-05-04T09:57:18Z,04-May-2026,05:57:18,0.89,1
Eastern Phoebe,Sayornis phoebe,2026-05-04T09:57:11Z,04-May-2026,05:57:11,0.28,1
Eastern Phoebe,Sayornis phoebe,2026-05-04T09:56:51Z,04-May-2026,05:56:51,0.33,1
Eastern Phoebe,Sayornis phoebe,2026-05-04T09:56:25Z,04-May-2026,05:56:25,0.35,1
Eastern Phoebe,Sayornis phoebe,2026-05-04T09:56:12Z,04-May-2026,05:56:12,0.69,1
Eastern Phoebe,Sayornis phoebe,2026-05-04T09:55:58Z,04-May-2026,05:55:58,0.63,1
Eastern Phoebe,Sayornis phoebe,2026-05-04T09:55:52Z,04-May-2026,05:55:52,0.26,1
Eastern Phoebe,Sayornis phoebe,2026-05-04T09:55:46Z,04-May-2026,05:55:46,0.37,1
Eastern Phoebe,Sayornis phoebe,2026-05-04T09:55:33Z,04-May-2026,05:55:33,0.42,1
Eastern Phoebe,Sayornis phoebe,2026-05-04T09:55:27Z,04-May-2026,05:55:27,0.73,1
Eastern Phoebe,Sayornis phoebe,2026-05-04T09:55:20Z,04-May-2026,05:55:20,0.39,1
Eastern Phoebe,Sayornis phoebe,2026-05-04T09:55:13Z,04-May-2026,05:55:13,0.55,1
Eastern Phoebe,Sayornis phoebe,2026-05-04T09:55:07Z,04-May-2026,05:55:07,0.49,1
Eastern Phoebe,Sayornis phoebe,2026-05-04T09:55:00Z,04-May-2026,05:55:00,0.4,1
Eastern Phoebe,Sayornis phoebe,2026-05-04T09:54:53Z,04-May-2026,05:54:53,0.37,1
Eastern Phoebe,Sayornis phoebe,2026-05-04T09:54:47Z,04-May-2026,05:54:47,0.67,1
Eastern Phoebe,Sayornis phoebe,2026-05-04T09:54:26Z,04-May-2026,05:54:26,0.66,1
Eastern Phoebe,Sayornis phoebe,2026-05-04T09:54:19Z,04-May-2026,05:54:19,0.54,1
Eastern Phoebe,Sayornis phoebe,2026-05-04T09:54:06Z,04-May-2026,05:54:06,0.33,1
Eastern Phoebe,Sayornis phoebe,2026-05-04T09:53:59Z,04-May-2026,05:53:59,0.76,1
Eastern Phoebe,Sayornis phoebe,2026-05-04T09:53:39Z,04-May-2026,05:53:39,0.34,1
White-breasted Nuthatch,Sitta carolinensis,2026-05-04T09:53:32Z,04-May-2026,05:53:32,0.38,1
Eastern Phoebe,Sayornis phoebe,2026-05-04T09:52:40Z,04-May-2026,05:52:40,0.36,1
Eastern Phoebe,Sayornis phoebe,2026-05-04T09:52:26Z,04-May-2026,05:52:26,0.39,1
Eastern Phoebe,Sayornis phoebe,2026-05-04T09:50:13Z,04-May-2026,05:50:13,0.26,1
Eastern Phoebe,Sayornis phoebe,2026-05-04T09:49:58Z,04-May-2026,05:49:58,0.58,1
White-breasted Nuthatch,Sitta carolinensis,2026-05-04T09:49:38Z,04-May-2026,05:49:38,0.42,1
White-breasted Nuthatch,Sitta carolinensis,2026-05-04T09:49:32Z,04-May-2026,05:49:32,0.53,1
Eastern Phoebe,Sayornis phoebe,2026-05-04T09:49:18Z,04-May-2026,05:49:18,0.33,1
White-breasted Nuthatch,Sitta carolinensis,2026-05-04T09:48:59Z,04-May-2026,05:48:59,0.74,1
White-breasted Nuthatch,Sitta carolinensis,2026-05-04T09:48:39Z,04-May-2026,05:48:39,0.56,1
White-breasted Nuthatch,Sitta carolinensis,2026-05-04T09:48:32Z,04-May-2026,05:48:32,0.9,1
White-breasted Nuthatch,Sitta carolinensis,2026-05-04T09:48:26Z,04-May-2026,05:48:26,0.47,1
Eastern Phoebe,Sayornis phoebe,2026-05-04T09:48:20Z,04-May-2026,05:48:20,0.31,1
White-breasted Nuthatch,Sitta carolinensis,2026-05-04T09:48:12Z,04-May-2026,05:48:12,0.77,1
Eastern Phoebe,Sayornis phoebe,2026-05-04T09:47:58Z,04-May-2026,05:47:58,0.29,1
Eastern Wood-Pewee,Contopus virens,2026-05-04T09:45:57Z,04-May-2026,05:45:57,0.31,1
White-breasted Nuthatch,Sitta carolinensis,2026-05-04T09:45:44Z,04-May-2026,05:45:44,0.47,1
Eastern Phoebe,Sayornis phoebe,2026-05-04T09:45:37Z,04-May-2026,05:45:37,0.37,1
Eastern Phoebe,Sayornis phoebe,2026-05-04T09:45:17Z,04-May-2026,05:45:17,0.33,1
Pileated Woodpecker,Dryocopus pileatus,2026-05-04T09:44:59Z,04-May-2026,05:44:59,0.36,1
White-breasted Nuthatch,Sitta carolinensis,2026-05-04T09:44:53Z,04-May-2026,05:44:53,0.35,1
White-breasted Nuthatch,Sitta carolinensis,2026-05-04T09:44:46Z,04-May-2026,05:44:46,0.82,1
White-breasted Nuthatch,Sitta carolinensis,2026-05-04T09:44:39Z,04-May-2026,05:44:39,0.81,1
Chipping Sparrow,Spizella passerina,2026-05-04T09:43:39Z,04-May-2026,05:43:39,0.39,1
Eastern Phoebe,Sayornis phoebe,2026-05-04T09:43:33Z,04-May-2026,05:43:33,0.28,1
Gray Catbird,Dumetella carolinensis,2026-05-04T09:42:38Z,04-May-2026,05:42:38,0.8157,1
Eastern Phoebe,Sayornis phoebe,2026-05-04T09:42:02Z,04-May-2026,05:42:02,0.27,1
Chipping Sparrow,Spizella passerina,2026-05-04T09:41:02Z,04-May-2026,05:41:02,0.34,1
Eastern Phoebe,Sayornis phoebe,2026-05-04T09:40:18Z,04-May-2026,05:40:18,0.27,1
Brown-headed Cowbird,Molothrus ater,2026-05-04T09:40:11Z,04-May-2026,05:40:11,0.48,1
Eastern Phoebe,Sayornis phoebe,2026-05-04T09:39:38Z,04-May-2026,05:39:38,0.42,1
Palm Warbler,Setophaga palmarum,2026-05-04T09:38:40Z,04-May-2026,05:38:40,0.32,1
Palm Warbler,Setophaga palmarum,2026-05-04T09:38:25Z,04-May-2026,05:38:25,0.37,1
American Goldfinch,Spinus tristis,2026-05-04T09:37:53Z,04-May-2026,05:37:53,0.58,1
American Goldfinch,Spinus tristis,2026-05-04T09:37:50Z,04-May-2026,05:37:50,0.8,1
Swamp Sparrow,Melospiza georgiana,2026-05-04T09:37:29Z,04-May-2026,05:37:29,0.3,1
European Starling,Sturnus vulgaris,2026-05-04T09:37:16Z,04-May-2026,05:37:16,0.9686,1
Mourning Dove,Zenaida macroura,2026-05-04T09:37:02Z,04-May-2026,05:37:02,0.6,1
Eastern Phoebe,Sayornis phoebe,2026-05-04T09:36:43Z,04-May-2026,05:36:43,0.39,1
Eastern Phoebe,Sayornis phoebe,2026-05-04T09:36:11Z,04-May-2026,05:36:11,0.45,1
Eastern Phoebe,Sayornis phoebe,2026-05-04T09:35:57Z,04-May-2026,05:35:57,0.31,1
Brown-headed Cowbird,Molothrus ater,2026-05-04T09:35:17Z,04-May-2026,05:35:17,0.44,1
Eastern Phoebe,Sayornis phoebe,2026-05-04T09:35:10Z,04-May-2026,05:35:10,0.49,1
Chipping Sparrow,Spizella passerina,2026-05-04T09:35:04Z,04-May-2026,05:35:04,0.26,1
Eastern Phoebe,Sayornis phoebe,2026-05-04T09:34:57Z,04-May-2026,05:34:57,0.4,1
Eastern Phoebe,Sayornis phoebe,2026-05-04T09:34:51Z,04-May-2026,05:34:51,0.31,1
Eastern Phoebe,Sayornis phoebe,2026-05-04T09:34:32Z,04-May-2026,05:34:32,0.31,1
Eastern Phoebe,Sayornis phoebe,2026-05-04T09:34:25Z,04-May-2026,05:34:25,0.29,1
Eastern Phoebe,Sayornis phoebe,2026-05-04T09:34:18Z,04-May-2026,05:34:18,0.38,1
Eastern Phoebe,Sayornis phoebe,2026-05-04T09:34:12Z,04-May-2026,05:34:12,0.41,1
Eastern Phoebe,Sayornis phoebe,2026-05-04T09:34:05Z,04-May-2026,05:34:05,0.36,1
Eastern Phoebe,Sayornis phoebe,2026-05-04T09:33:59Z,04-May-2026,05:33:59,0.35,1
Eastern Phoebe,Sayornis phoebe,2026-05-04T09:33:52Z,04-May-2026,05:33:52,0.39,1
Eastern Phoebe,Sayornis phoebe,2026-05-04T09:33:45Z,04-May-2026,05:33:45,0.29,1
Eastern Phoebe,Sayornis phoebe,2026-05-04T09:33:38Z,04-May-2026,05:33:38,0.31,1
Eastern Phoebe,Sayornis phoebe,2026-05-04T09:33:32Z,04-May-2026,05:33:32,0.26,1
Eastern Phoebe,Sayornis phoebe,2026-05-04T09:33:26Z,04-May-2026,05:33:26,0.4,1
Chipping Sparrow,Spizella passerina,2026-05-04T09:33:05Z,04-May-2026,05:33:05,0.27,1
Eastern Phoebe,Sayornis phoebe,2026-05-04T09:32:58Z,04-May-2026,05:32:58,0.31,1
American Crow,Corvus brachyrhynchos,2026-05-04T09:32:38Z,04-May-2026,05:32:38,0.4,1
Eastern Phoebe,Sayornis phoebe,2026-05-04T09:29:57Z,04-May-2026,05:29:57,0.31,1
Chipping Sparrow,Spizella passerina,2026-05-04T09:29:43Z,04-May-2026,05:29:43,0.4,1
Eastern Phoebe,Sayornis phoebe,2026-05-04T09:29:36Z,04-May-2026,05:29:36,0.29,1
Eastern Phoebe,Sayornis phoebe,2026-05-04T09:29:29Z,04-May-2026,05:29:29,0.43,1
Eastern Phoebe,Sayornis phoebe,2026-05-04T09:29:16Z,04-May-2026,05:29:16,0.56,1
Eastern Phoebe,Sayornis phoebe,2026-05-04T09:29:09Z,04-May-2026,05:29:09,0.31,1
Eastern Phoebe,Sayornis phoebe,2026-05-04T09:28:24Z,04-May-2026,05:28:24,0.98,1
Eastern Phoebe,Sayornis phoebe,2026-05-04T09:28:17Z,04-May-2026,05:28:17,0.96,1
Eastern Phoebe,Sayornis phoebe,2026-05-04T09:28:11Z,04-May-2026,05:28:11,0.97,1
Eastern Phoebe,Sayornis phoebe,2026-05-04T09:28:04Z,04-May-2026,05:28:04,0.92,1
Eastern Phoebe,Sayornis phoebe,2026-05-04T09:27:58Z,04-May-2026,05:27:58,0.63,1
Eastern Phoebe,Sayornis phoebe,2026-05-04T09:27:52Z,04-May-2026,05:27:52,0.98,1
Eastern Phoebe,Sayornis phoebe,2026-05-04T09:27:45Z,04-May-2026,05:27:45,0.97,1
Eastern Phoebe,Sayornis phoebe,2026-05-04T09:27:39Z,04-May-2026,05:27:39,0.89,1
Eastern Phoebe,Sayornis phoebe,2026-05-04T09:27:33Z,04-May-2026,05:27:33,0.95,1
Eastern Phoebe,Sayornis phoebe,2026-05-04T09:27:26Z,04-May-2026,05:27:26,0.96,1
Eastern Phoebe,Sayornis phoebe,2026-05-04T09:27:19Z,04-May-2026,05:27:19,0.93,1
Eastern Phoebe,Sayornis phoebe,2026-05-04T09:27:12Z,04-May-2026,05:27:12,0.98,1
Eastern Phoebe,Sayornis phoebe,2026-05-04T09:27:06Z,04-May-2026,05:27:06,0.99,1
Eastern Phoebe,Sayornis phoebe,2026-05-04T09:26:59Z,04-May-2026,05:26:59,0.96,1
Eastern Phoebe,Sayornis phoebe,2026-05-04T09:26:52Z,04-May-2026,05:26:52,0.97,1
Eastern Phoebe,Sayornis phoebe,2026-05-04T09:26:46Z,04-May-2026,05:26:46,0.97,1
Eastern Phoebe,Sayornis phoebe,2026-05-04T09:26:39Z,04-May-2026,05:26:39,0.96,1
Eastern Phoebe,Sayornis phoebe,2026-05-04T09:26:33Z,04-May-2026,05:26:33,0.98,1
Eastern Phoebe,Sayornis phoebe,2026-05-04T09:26:26Z,04-May-2026,05:26:26,0.93,1
Eastern Phoebe,Sayornis phoebe,2026-05-04T09:26:19Z,04-May-2026,05:26:19,0.96,1
Eastern Phoebe,Sayornis phoebe,2026-05-04T09:26:13Z,04-May-2026,05:26:13,0.98,1
Eastern Phoebe,Sayornis phoebe,2026-05-04T09:26:06Z,04-May-2026,05:26:06,0.98,1
Eastern Phoebe,Sayornis phoebe,2026-05-04T09:26:00Z,04-May-2026,05:26:00,0.97,1
Eastern Phoebe,Sayornis phoebe,2026-05-04T09:25:54Z,04-May-2026,05:25:54,0.98,1
Eastern Phoebe,Sayornis phoebe,2026-05-04T09:25:47Z,04-May-2026,05:25:47,0.97,1
Eastern Phoebe,Sayornis phoebe,2026-05-04T09:25:40Z,04-May-2026,05:25:40,0.97,1
Eastern Phoebe,Sayornis phoebe,2026-05-04T09:25:34Z,04-May-2026,05:25:34,0.95,1
Eastern Phoebe,Sayornis phoebe,2026-05-04T09:25:27Z,04-May-2026,05:25:27,0.92,1
Eastern Phoebe,Sayornis phoebe,2026-05-04T09:25:21Z,04-May-2026,05:25:21,0.92,1
Eastern Phoebe,Sayornis phoebe,2026-05-04T09:25:14Z,04-May-2026,05:25:14,0.97,1
Eastern Phoebe,Sayornis phoebe,2026-05-04T09:25:07Z,04-May-2026,05:25:07,0.99,1
Eastern Phoebe,Sayornis phoebe,2026-05-04T09:25:00Z,04-May-2026,05:25:00,0.97,1
Eastern Phoebe,Sayornis phoebe,2026-05-04T09:24:54Z,04-May-2026,05:24:54,0.99,1
Eastern Phoebe,Sayornis phoebe,2026-05-04T09:24:47Z,04-May-2026,05:24:47,0.98,1
Eastern Phoebe,Sayornis phoebe,2026-05-04T09:24:40Z,04-May-2026,05:24:40,0.99,1
Eastern Phoebe,Sayornis phoebe,2026-05-04T09:24:34Z,04-May-2026,05:24:34,0.96,1
Eastern Phoebe,Sayornis phoebe,2026-05-04T09:24:27Z,04-May-2026,05:24:27,0.94,1
Eastern Phoebe,Sayornis phoebe,2026-05-04T09:24:21Z,04-May-2026,05:24:21,0.97,1
Eastern Phoebe,Sayornis phoebe,2026-05-04T09:24:14Z,04-May-2026,05:24:14,0.97,1
Eastern Phoebe,Sayornis phoebe,2026-05-04T09:24:07Z,04-May-2026,05:24:07,0.9,1
Eastern Phoebe,Sayornis phoebe,2026-05-04T09:24:01Z,04-May-2026,05:24:01,0.96,1
Eastern Phoebe,Sayornis phoebe,2026-05-04T09:23:54Z,04-May-2026,05:23:54,0.75,1
Eastern Phoebe,Sayornis phoebe,2026-05-04T09:23:47Z,04-May-2026,05:23:47,0.85,1
Eastern Phoebe,Sayornis phoebe,2026-05-04T09:23:41Z,04-May-2026,05:23:41,0.95,1
Eastern Phoebe,Sayornis phoebe,2026-05-04T09:23:35Z,04-May-2026,05:23:35,0.99,1
Eastern Phoebe,Sayornis phoebe,2026-05-04T09:23:28Z,04-May-2026,05:23:28,0.91,1
Eastern Phoebe,Sayornis phoebe,2026-05-04T09:23:21Z,04-May-2026,05:23:21,0.9,1
Eastern Phoebe,Sayornis phoebe,2026-05-04T09:23:14Z,04-May-2026,05:23:14,0.96,1
Eastern Phoebe,Sayornis phoebe,2026-05-04T09:23:08Z,04-May-2026,05:23:08,0.96,1
Eastern Phoebe,Sayornis phoebe,2026-05-04T09:23:02Z,04-May-2026,05:23:02,0.98,1
Eastern Phoebe,Sayornis phoebe,2026-05-04T09:22:55Z,04-May-2026,05:22:55,0.97,1
Eastern Phoebe,Sayornis phoebe,2026-05-04T09:22:48Z,04-May-2026,05:22:48,0.94,1
Eastern Phoebe,Sayornis phoebe,2026-05-04T09:22:42Z,04-May-2026,05:22:42,0.97,1
Eastern Phoebe,Sayornis phoebe,2026-05-04T09:22:35Z,04-May-2026,05:22:35,0.98,1
Eastern Phoebe,Sayornis phoebe,2026-05-04T09:22:29Z,04-May-2026,05:22:29,0.96,1
Eastern Phoebe,Sayornis phoebe,2026-05-04T09:22:22Z,04-May-2026,05:22:22,0.74,1
Eastern Phoebe,Sayornis phoebe,2026-05-04T09:22:16Z,04-May-2026,05:22:16,0.94,1
Eastern Phoebe,Sayornis phoebe,2026-05-04T09:22:10Z,04-May-2026,05:22:10,0.95,1
Eastern Phoebe,Sayornis phoebe,2026-05-04T09:22:03Z,04-May-2026,05:22:03,0.93,1
Eastern Phoebe,Sayornis phoebe,2026-05-04T09:21:56Z,04-May-2026,05:21:56,0.88,1
Eastern Phoebe,Sayornis phoebe,2026-05-04T09:21:49Z,04-May-2026,05:21:49,0.93,1
Eastern Phoebe,Sayornis phoebe,2026-05-04T09:21:42Z,04-May-2026,05:21:42,0.97,1
Eastern Phoebe,Sayornis phoebe,2026-05-04T09:21:36Z,04-May-2026,05:21:36,0.99,1
Eastern Phoebe,Sayornis phoebe,2026-05-04T09:21:29Z,04-May-2026,05:21:29,0.97,1
Eastern Phoebe,Sayornis phoebe,2026-05-04T09:21:22Z,04-May-2026,05:21:22,0.95,1
Eastern Phoebe,Sayornis phoebe,2026-05-04T09:21:16Z,04-May-2026,05:21:16,0.93,1
Eastern Phoebe,Sayornis phoebe,2026-05-04T09:21:09Z,04-May-2026,05:21:09,0.93,1
Eastern Phoebe,Sayornis phoebe,2026-05-04T09:21:01Z,04-May-2026,05:21:01,0.99,1
Eastern Phoebe,Sayornis phoebe,2026-05-04T09:20:55Z,04-May-2026,05:20:55,0.98,1
Eastern Phoebe,Sayornis phoebe,2026-05-04T09:20:48Z,04-May-2026,05:20:48,0.99,1
Eastern Phoebe,Sayornis phoebe,2026-05-04T09:20:41Z,04-May-2026,05:20:41,0.9,1
Eastern Phoebe,Sayornis phoebe,2026-05-04T09:20:35Z,04-May-2026,05:20:35,0.93,1
Eastern Phoebe,Sayornis phoebe,2026-05-04T09:20:28Z,04-May-2026,05:20:28,0.98,1
Eastern Phoebe,Sayornis phoebe,2026-05-04T09:20:22Z,04-May-2026,05:20:22,0.97,1
Eastern Phoebe,Sayornis phoebe,2026-05-04T09:20:16Z,04-May-2026,05:20:16,0.96,1
Eastern Phoebe,Sayornis phoebe,2026-05-04T09:20:09Z,04-May-2026,05:20:09,0.93,1
Eastern Phoebe,Sayornis phoebe,2026-05-04T09:20:02Z,04-May-2026,05:20:02,0.98,1
Eastern Phoebe,Sayornis phoebe,2026-05-04T09:19:56Z,04-May-2026,05:19:56,0.98,1
Eastern Phoebe,Sayornis phoebe,2026-05-04T09:19:49Z,04-May-2026,05:19:49,0.87,1
Eastern Phoebe,Sayornis phoebe,2026-05-04T09:19:42Z,04-May-2026,05:19:42,0.39,1
Eastern Phoebe,Sayornis phoebe,2026-05-04T09:19:35Z,04-May-2026,05:19:35,0.97,1
Eastern Phoebe,Sayornis phoebe,2026-05-04T09:19:29Z,04-May-2026,05:19:29,0.9,1
Eastern Phoebe,Sayornis phoebe,2026-05-04T09:19:22Z,04-May-2026,05:19:22,0.29,1
Eastern Phoebe,Sayornis phoebe,2026-05-04T09:19:16Z,04-May-2026,05:19:16,0.92,1
Eastern Phoebe,Sayornis phoebe,2026-05-04T09:19:09Z,04-May-2026,05:19:09,0.9,1
Eastern Phoebe,Sayornis phoebe,2026-05-04T09:19:03Z,04-May-2026,05:19:03,0.96,1
Eastern Phoebe,Sayornis phoebe,2026-05-04T09:18:56Z,04-May-2026,05:18:56,0.98,1
Eastern Phoebe,Sayornis phoebe,2026-05-04T09:18:50Z,04-May-2026,05:18:50,0.96,1
Eastern Phoebe,Sayornis phoebe,2026-05-04T09:18:43Z,04-May-2026,05:18:43,0.97,1
Eastern Phoebe,Sayornis phoebe,2026-05-04T09:18:37Z,04-May-2026,05:18:37,0.97,1
Eastern Phoebe,Sayornis phoebe,2026-05-04T09:18:30Z,04-May-2026,05:18:30,0.96,1
Eastern Phoebe,Sayornis phoebe,2026-05-04T09:18:23Z,04-May-2026,05:18:23,0.93,1
Eastern Phoebe,Sayornis phoebe,2026-05-04T09:18:16Z,04-May-2026,05:18:16,0.97,1
Eastern Phoebe,Sayornis phoebe,2026-05-04T09:18:09Z,04-May-2026,05:18:09,0.99,1
Eastern Phoebe,Sayornis phoebe,2026-05-04T09:18:03Z,04-May-2026,05:18:03,0.94,1
Eastern Phoebe,Sayornis phoebe,2026-05-04T09:17:56Z,04-May-2026,05:17:56,0.92,1
Eastern Phoebe,Sayornis phoebe,2026-05-04T09:17:50Z,04-May-2026,05:17:50,0.98,1
Eastern Phoebe,Sayornis phoebe,2026-05-04T09:17:43Z,04-May-2026,05:17:43,0.98,1
Eastern Phoebe,Sayornis phoebe,2026-05-04T09:17:37Z,04-May-2026,05:17:37,0.89,1
Eastern Phoebe,Sayornis phoebe,2026-05-04T09:17:30Z,04-May-2026,05:17:30,0.83,1
Eastern Phoebe,Sayornis phoebe,2026-05-04T09:17:23Z,04-May-2026,05:17:23,0.98,1
Eastern Phoebe,Sayornis phoebe,2026-05-04T09:17:16Z,04-May-2026,05:17:16,0.99,1
Eastern Phoebe,Sayornis phoebe,2026-05-04T09:17:09Z,04-May-2026,05:17:09,0.94,1
Eastern Phoebe,Sayornis phoebe,2026-05-04T09:17:02Z,04-May-2026,05:17:02,0.98,1
Eastern Phoebe,Sayornis phoebe,2026-05-04T09:16:56Z,04-May-2026,05:16:56,0.97,1
Eastern Phoebe,Sayornis phoebe,2026-05-04T09:16:49Z,04-May-2026,05:16:49,0.99,1
Eastern Phoebe,Sayornis phoebe,2026-05-04T09:16:42Z,04-May-2026,05:16:42,0.88,1
Eastern Phoebe,Sayornis phoebe,2026-05-04T09:16:36Z,04-May-2026,05:16:36,0.98,1
Eastern Phoebe,Sayornis phoebe,2026-05-04T09:16:29Z,04-May-2026,05:16:29,0.98,1
Eastern Phoebe,Sayornis phoebe,2026-05-04T09:16:22Z,04-May-2026,05:16:22,0.99,1
Eastern Phoebe,Sayornis phoebe,2026-05-04T09:16:15Z,04-May-2026,05:16:15,0.97,1
Eastern Phoebe,Sayornis phoebe,2026-05-04T09:16:08Z,04-May-2026,05:16:08,0.95,1
Eastern Phoebe,Sayornis phoebe,2026-05-04T09:16:01Z,04-May-2026,05:16:01,0.98,1
Eastern Phoebe,Sayornis phoebe,2026-05-04T09:15:55Z,04-May-2026,05:15:55,0.96,1
Eastern Phoebe,Sayornis phoebe,2026-05-04T09:15:47Z,04-May-2026,05:15:47,0.99,1
Eastern Phoebe,Sayornis phoebe,2026-05-04T09:15:41Z,04-May-2026,05:15:41,0.99,1
Eastern Phoebe,Sayornis phoebe,2026-05-04T09:15:34Z,04-May-2026,05:15:34,0.99,1
Eastern Phoebe,Sayornis phoebe,2026-05-04T09:15:27Z,04-May-2026,05:15:27,0.95,1
Eastern Phoebe,Sayornis phoebe,2026-05-04T09:15:20Z,04-May-2026,05:15:20,0.96,1
Eastern Phoebe,Sayornis phoebe,2026-05-04T09:15:13Z,04-May-2026,05:15:13,0.98,1
Eastern Phoebe,Sayornis phoebe,2026-05-04T09:15:06Z,04-May-2026,05:15:06,0.98,1
Eastern Phoebe,Sayornis phoebe,2026-05-04T09:15:00Z,04-May-2026,05:15:00,0.98,1
Eastern Phoebe,Sayornis phoebe,2026-05-04T09:14:54Z,04-May-2026,05:14:54,0.99,1
Eastern Phoebe,Sayornis phoebe,2026-05-04T09:14:47Z,04-May-2026,05:14:47,0.98,1
Eastern Phoebe,Sayornis phoebe,2026-05-04T09:14:40Z,04-May-2026,05:14:40,0.98,1
Eastern Phoebe,Sayornis phoebe,2026-05-04T09:12:57Z,04-May-2026,05:12:57,0.98,1
Eastern Phoebe,Sayornis phoebe,2026-05-04T09:12:50Z,04-May-2026,05:12:50,0.91,1
Eastern Phoebe,Sayornis phoebe,2026-05-04T09:12:43Z,04-May-2026,05:12:43,0.92,1
Eastern Phoebe,Sayornis phoebe,2026-05-04T09:12:36Z,04-May-2026,05:12:36,0.98,1
Eastern Phoebe,Sayornis phoebe,2026-05-04T09:12:30Z,04-May-2026,05:12:30,0.98,1
Eastern Phoebe,Sayornis phoebe,2026-05-04T09:12:23Z,04-May-2026,05:12:23,0.96,1
Eastern Phoebe,Sayornis phoebe,2026-05-04T09:12:16Z,04-May-2026,05:12:16,0.98,1
Eastern Phoebe,Sayornis phoebe,2026-05-04T09:12:09Z,04-May-2026,05:12:09,0.97,1
Eastern Phoebe,Sayornis phoebe,2026-05-04T09:12:02Z,04-May-2026,05:12:02,0.94,1
Eastern Phoebe,Sayornis phoebe,2026-05-04T09:11:55Z,04-May-2026,05:11:55,0.98,1
Eastern Phoebe,Sayornis phoebe,2026-05-04T09:11:49Z,04-May-2026,05:11:49,0.98,1
Eastern Phoebe,Sayornis phoebe,2026-05-04T09:11:41Z,04-May-2026,05:11:41,0.97,1
Eastern Phoebe,Sayornis phoebe,2026-05-04T09:09:51Z,04-May-2026,05:09:51,0.97,1
Eastern Phoebe,Sayornis phoebe,2026-05-04T09:09:45Z,04-May-2026,05:09:45,0.98,1
Eastern Phoebe,Sayornis phoebe,2026-05-04T09:09:38Z,04-May-2026,05:09:38,0.98,1
Eastern Phoebe,Sayornis phoebe,2026-05-04T09:09:30Z,04-May-2026,05:09:30,0.98,1
Eastern Phoebe,Sayornis phoebe,2026-05-04T09:09:23Z,04-May-2026,05:09:23,0.97,1
Eastern Phoebe,Sayornis phoebe,2026-05-04T09:09:17Z,04-May-2026,05:09:17,0.97,1
Eastern Phoebe,Sayornis phoebe,2026-05-04T09:09:10Z,04-May-2026,05:09:10,0.97,1
Eastern Phoebe,Sayornis phoebe,2026-05-04T09:09:04Z,04-May-2026,05:09:04,0.96,1
Eastern Phoebe,Sayornis phoebe,2026-05-04T09:08:57Z,04-May-2026,05:08:57,0.96,1
Eastern Phoebe,Sayornis phoebe,2026-05-04T09:08:51Z,04-May-2026,05:08:51,0.96,1
Eastern Phoebe,Sayornis phoebe,2026-05-04T09:08:44Z,04-May-2026,05:08:44,0.95,1
Eastern Phoebe,Sayornis phoebe,2026-05-04T09:08:38Z,04-May-2026,05:08:38,0.98,1
Eastern Phoebe,Sayornis phoebe,2026-05-04T09:08:31Z,04-May-2026,05:08:31,0.98,1
Eastern Phoebe,Sayornis phoebe,2026-05-04T09:08:24Z,04-May-2026,05:08:24,0.93,1
Eastern Phoebe,Sayornis phoebe,2026-05-04T09:08:17Z,04-May-2026,05:08:17,0.97,1
Eastern Phoebe,Sayornis phoebe,2026-05-04T09:08:11Z,04-May-2026,05:08:11,0.92,1
Eastern Phoebe,Sayornis phoebe,2026-05-04T09:08:03Z,04-May-2026,05:08:03,0.97,1
Eastern Phoebe,Sayornis phoebe,2026-05-04T09:07:56Z,04-May-2026,05:07:56,0.97,1
Eastern Phoebe,Sayornis phoebe,2026-05-04T09:07:50Z,04-May-2026,05:07:50,0.95,1
Eastern Phoebe,Sayornis phoebe,2026-05-04T09:07:43Z,04-May-2026,05:07:43,0.91,1
Eastern Phoebe,Sayornis phoebe,2026-05-04T09:07:36Z,04-May-2026,05:07:36,0.98,1
Eastern Phoebe,Sayornis phoebe,2026-05-04T09:07:30Z,04-May-2026,05:07:30,0.98,1
Eastern Phoebe,Sayornis phoebe,2026-05-04T09:07:23Z,04-May-2026,05:07:23,0.97,1
Eastern Phoebe,Sayornis phoebe,2026-05-04T09:07:17Z,04-May-2026,05:07:17,0.99,1
Eastern Phoebe,Sayornis phoebe,2026-05-04T09:07:10Z,04-May-2026,05:07:10,0.98,1
Eastern Phoebe,Sayornis phoebe,2026-05-04T09:07:04Z,04-May-2026,05:07:04,0.95,1
Eastern Phoebe,Sayornis phoebe,2026-05-04T09:06:58Z,04-May-2026,05:06:58,0.99,1
Eastern Phoebe,Sayornis phoebe,2026-05-04T09:06:51Z,04-May-2026,05:06:51,0.98,1
Eastern Phoebe,Sayornis phoebe,2026-05-04T09:06:45Z,04-May-2026,05:06:45,0.97,1
Eastern Phoebe,Sayornis phoebe,2026-05-04T09:06:38Z,04-May-2026,05:06:38,0.92,1
Eastern Phoebe,Sayornis phoebe,2026-05-04T09:06:31Z,04-May-2026,05:06:31,0.97,1
Eastern Phoebe,Sayornis phoebe,2026-05-04T09:06:24Z,04-May-2026,05:06:24,0.87,1
Eastern Phoebe,Sayornis phoebe,2026-05-04T09:06:17Z,04-May-2026,05:06:17,0.98,1
Eastern Phoebe,Sayornis phoebe,2026-05-04T09:06:10Z,04-May-2026,05:06:10,0.96,1
Eastern Phoebe,Sayornis phoebe,2026-05-04T09:06:04Z,04-May-2026,05:06:04,0.97,1
Eastern Phoebe,Sayornis phoebe,2026-05-04T09:05:57Z,04-May-2026,05:05:57,0.95,1
Eastern Phoebe,Sayornis phoebe,2026-05-04T09:05:51Z,04-May-2026,05:05:51,0.99,1
Eastern Phoebe,Sayornis phoebe,2026-05-04T09:05:44Z,04-May-2026,05:05:44,0.99,1
Eastern Phoebe,Sayornis phoebe,2026-05-04T09:05:37Z,04-May-2026,05:05:37,0.98,1
Eastern Phoebe,Sayornis phoebe,2026-05-04T09:05:30Z,04-May-2026,05:05:30,0.88,1
Eastern Phoebe,Sayornis phoebe,2026-05-04T09:05:24Z,04-May-2026,05:05:24,0.99,1
Eastern Phoebe,Sayornis phoebe,2026-05-04T09:05:17Z,04-May-2026,05:05:17,0.93,1
Eastern Phoebe,Sayornis phoebe,2026-05-04T09:05:11Z,04-May-2026,05:05:11,0.98,1
Eastern Phoebe,Sayornis phoebe,2026-05-04T09:05:04Z,04-May-2026,05:05:04,0.98,1
Eastern Phoebe,Sayornis phoebe,2026-05-04T09:04:57Z,04-May-2026,05:04:57,0.96,1
Eastern Phoebe,Sayornis phoebe,2026-05-04T09:04:50Z,04-May-2026,05:04:50,0.97,1
Eastern Phoebe,Sayornis phoebe,2026-05-04T09:04:44Z,04-May-2026,05:04:44,0.96,1
Eastern Phoebe,Sayornis phoebe,2026-05-04T09:04:37Z,04-May-2026,05:04:37,0.95,1
Eastern Phoebe,Sayornis phoebe,2026-05-04T09:04:30Z,04-May-2026,05:04:30,0.97,1
Eastern Phoebe,Sayornis phoebe,2026-05-04T09:04:24Z,04-May-2026,05:04:24,0.98,1
Eastern Phoebe,Sayornis phoebe,2026-05-04T09:04:17Z,04-May-2026,05:04:17,0.97,1
Eastern Phoebe,Sayornis phoebe,2026-05-04T09:04:11Z,04-May-2026,05:04:11,0.98,1
Eastern Phoebe,Sayornis phoebe,2026-05-04T09:04:03Z,04-May-2026,05:04:03,0.98,1
Eastern Phoebe,Sayornis phoebe,2026-05-04T09:03:56Z,04-May-2026,05:03:56,0.93,1
Eastern Phoebe,Sayornis phoebe,2026-05-04T09:03:50Z,04-May-2026,05:03:50,0.97,1
Eastern Phoebe,Sayornis phoebe,2026-05-04T09:03:43Z,04-May-2026,05:03:43,0.93,1
Eastern Phoebe,Sayornis phoebe,2026-05-04T09:03:37Z,04-May-2026,05:03:37,0.97,1
Eastern Phoebe,Sayornis phoebe,2026-05-04T09:03:30Z,04-May-2026,05:03:30,0.96,1
Eastern Phoebe,Sayornis phoebe,2026-05-04T09:03:23Z,04-May-2026,05:03:23,0.88,1
Eastern Phoebe,Sayornis phoebe,2026-05-04T09:03:17Z,04-May-2026,05:03:17,0.99,1
Eastern Phoebe,Sayornis phoebe,2026-05-04T09:03:10Z,04-May-2026,05:03:10,0.82,1
Eastern Phoebe,Sayornis phoebe,2026-05-04T09:03:04Z,04-May-2026,05:03:04,0.92,1
Eastern Phoebe,Sayornis phoebe,2026-05-04T09:02:57Z,04-May-2026,05:02:57,0.96,1
Eastern Phoebe,Sayornis phoebe,2026-05-04T09:02:50Z,04-May-2026,05:02:50,0.99,1
Eastern Phoebe,Sayornis phoebe,2026-05-04T09:02:43Z,04-May-2026,05:02:43,0.98,1
Eastern Phoebe,Sayornis phoebe,2026-05-04T09:02:36Z,04-May-2026,05:02:36,0.97,1
Eastern Phoebe,Sayornis phoebe,2026-05-04T09:02:30Z,04-May-2026,05:02:30,0.95,1
Eastern Phoebe,Sayornis phoebe,2026-05-04T09:02:23Z,04-May-2026,05:02:23,0.97,1
Eastern Phoebe,Sayornis phoebe,2026-05-04T09:02:16Z,04-May-2026,05:02:16,0.99,1
Eastern Phoebe,Sayornis phoebe,2026-05-04T09:02:10Z,04-May-2026,05:02:10,0.98,1
Eastern Phoebe,Sayornis phoebe,2026-05-04T09:02:03Z,04-May-2026,05:02:03,0.97,1
Eastern Phoebe,Sayornis phoebe,2026-05-04T09:01:56Z,04-May-2026,05:01:56,0.99,1
Eastern Phoebe,Sayornis phoebe,2026-05-04T09:01:50Z,04-May-2026,05:01:50,0.93,1
Eastern Phoebe,Sayornis phoebe,2026-05-04T09:01:43Z,04-May-2026,05:01:43,0.96,1
Eastern Phoebe,Sayornis phoebe,2026-05-04T09:01:37Z,04-May-2026,05:01:37,0.98,1
Eastern Phoebe,Sayornis phoebe,2026-05-04T09:01:30Z,04-May-2026,05:01:30,0.98,1
Eastern Phoebe,Sayornis phoebe,2026-05-04T09:01:24Z,04-May-2026,05:01:24,0.98,1
Eastern Phoebe,Sayornis phoebe,2026-05-04T09:01:17Z,04-May-2026,05:01:17,0.94,1
Eastern Phoebe,Sayornis phoebe,2026-05-04T09:01:10Z,04-May-2026,05:01:10,0.99,1
Eastern Phoebe,Sayornis phoebe,2026-05-04T09:01:04Z,04-May-2026,05:01:04,0.87,1
Eastern Phoebe,Sayornis phoebe,2026-05-04T09:00:57Z,04-May-2026,05:00:57,0.96,1
Eastern Phoebe,Sayornis phoebe,2026-05-04T09:00:50Z,04-May-2026,05:00:50,0.98,1
Eastern Phoebe,Sayornis phoebe,2026-05-04T09:00:43Z,04-May-2026,05:00:43,0.98,1
Eastern Phoebe,Sayornis phoebe,2026-05-04T09:00:36Z,04-May-2026,05:00:36,0.28,1
Ruffed Grouse,Bonasa umbellus,2026-05-04T08:55:13Z,04-May-2026,04:55:13,0.31,1
Red-breasted Nuthatch,Sitta canadensis,2026-05-04T08:52:49Z,04-May-2026,04:52:49,0.32,1
American Robin,Turdus migratorius,2026-05-04T08:48:35Z,04-May-2026,04:48:35,0.57,1
American Robin,Turdus migratorius,2026-05-04T08:48:11Z,04-May-2026,04:48:11,0.9098,20
American Robin,Turdus migratorius,2026-05-04T08:47:56Z,04-May-2026,04:47:56,0.27,1
American Robin,Turdus migratorius,2026-05-04T08:47:08Z,04-May-2026,04:47:08,0.9412,3
American Robin,Turdus migratorius,2026-05-04T08:46:05Z,04-May-2026,04:46:05,0.3,1
American Robin,Turdus migratorius,2026-05-04T08:46:00Z,04-May-2026,04:46:00,0.7804,1
American Woodcock,Scolopax minor,2026-05-04T08:44:14Z,04-May-2026,04:44:14,0.76,1
American Woodcock,Scolopax minor,2026-05-04T08:42:47Z,04-May-2026,04:42:47,0.52,1
American Woodcock,Scolopax minor,2026-05-04T08:42:41Z,04-May-2026,04:42:41,0.64,1
American Woodcock,Scolopax minor,2026-05-04T08:42:35Z,04-May-2026,04:42:35,0.29,1
American Woodcock,Scolopax minor,2026-05-04T08:40:44Z,04-May-2026,04:40:44,0.66,1
American Woodcock,Scolopax minor,2026-05-04T08:40:19Z,04-May-2026,04:40:19,0.91,1
American Woodcock,Scolopax minor,2026-05-04T08:40:12Z,04-May-2026,04:40:12,0.93,1
American Woodcock,Scolopax minor,2026-05-04T08:40:06Z,04-May-2026,04:40:06,0.62,1
American Woodcock,Scolopax minor,2026-05-04T08:38:57Z,04-May-2026,04:38:57,0.85,1
American Woodcock,Scolopax minor,2026-05-04T08:37:56Z,04-May-2026,04:37:56,0.7,1
American Woodcock,Scolopax minor,2026-05-04T08:37:37Z,04-May-2026,04:37:37,0.75,1
American Woodcock,Scolopax minor,2026-05-04T08:36:17Z,04-May-2026,04:36:17,0.37,1
American Woodcock,Scolopax minor,2026-05-04T08:35:53Z,04-May-2026,04:35:53,0.46,1
American Woodcock,Scolopax minor,2026-05-04T08:35:26Z,04-May-2026,04:35:26,0.64,1
American Woodcock,Scolopax minor,2026-05-04T08:35:20Z,04-May-2026,04:35:20,0.72,1
American Woodcock,Scolopax minor,2026-05-04T08:31:56Z,04-May-2026,04:31:56,0.6,1
American Woodcock,Scolopax minor,2026-05-04T08:31:05Z,04-May-2026,04:31:05,0.58,1
American Woodcock,Scolopax minor,2026-05-04T08:26:55Z,04-May-2026,04:26:55,0.51,1
American Woodcock,Scolopax minor,2026-05-04T08:06:09Z,04-May-2026,04:06:09,0.88,1
American Woodcock,Scolopax minor,2026-05-04T08:05:57Z,04-May-2026,04:05:57,0.47,1
American Woodcock,Scolopax minor,2026-05-04T08:05:47Z,04-May-2026,04:05:47,0.35,1
American Woodcock,Scolopax minor,2026-05-04T08:04:53Z,04-May-2026,04:04:53,0.66,1
American Woodcock,Scolopax minor,2026-05-04T07:59:42Z,04-May-2026,03:59:42,0.31,1
American Woodcock,Scolopax minor,2026-05-04T07:58:59Z,04-May-2026,03:58:59,0.27,1
American Woodcock,Scolopax minor,2026-05-04T07:56:53Z,04-May-2026,03:56:53,0.28,1
American Woodcock,Scolopax minor,2026-05-04T07:54:52Z,04-May-2026,03:54:52,0.41,1
American Woodcock,Scolopax minor,2026-05-04T06:22:57Z,04-May-2026,02:22:57,0.52,1
American Woodcock,Scolopax minor,2026-05-04T06:22:03Z,04-May-2026,02:22:03,0.76,1
American Woodcock,Scolopax minor,2026-05-04T06:19:29Z,04-May-2026,02:19:29,0.43,1
American Woodcock,Scolopax minor,2026-05-04T06:14:33Z,04-May-2026,02:14:33,0.65,1
American Woodcock,Scolopax minor,2026-05-04T06:13:51Z,04-May-2026,02:13:51,0.62,1
American Woodcock,Scolopax minor,2026-05-04T06:06:18Z,04-May-2026,02:06:18,0.27,1
American Woodcock,Scolopax minor,2026-05-04T06:01:26Z,04-May-2026,02:01:26,0.52,1
American Woodcock,Scolopax minor,2026-05-04T05:52:17Z,04-May-2026,01:52:17,0.35,1
Barred Owl,Strix varia,2026-05-04T05:38:05Z,04-May-2026,01:38:05,0.27,1
Barred Owl,Strix varia,2026-05-04T05:35:02Z,04-May-2026,01:35:02,0.88,1
Barred Owl,Strix varia,2026-05-04T05:28:38Z,04-May-2026,01:28:38,0.93,1
Red-breasted Nuthatch,Sitta canadensis,2026-05-04T05:11:06Z,04-May-2026,01:11:06,0.27,1
American Woodcock,Scolopax minor,2026-05-04T04:49:36Z,04-May-2026,00:49:36,0.76,1
American Woodcock,Scolopax minor,2026-05-04T04:49:29Z,04-May-2026,00:49:29,0.49,1
American Woodcock,Scolopax minor,2026-05-04T04:49:23Z,04-May-2026,00:49:23,0.61,1
American Woodcock,Scolopax minor,2026-05-04T04:49:16Z,04-May-2026,00:49:16,0.34,1
American Woodcock,Scolopax minor,2026-05-04T04:49:09Z,04-May-2026,00:49:09,0.62,1
American Woodcock,Scolopax minor,2026-05-04T04:48:56Z,04-May-2026,00:48:56,0.68,1
American Woodcock,Scolopax minor,2026-05-04T04:48:49Z,04-May-2026,00:48:49,0.9,1
American Woodcock,Scolopax minor,2026-05-04T04:48:42Z,04-May-2026,00:48:42,0.53,1
American Woodcock,Scolopax minor,2026-05-04T04:48:29Z,04-May-2026,00:48:29,0.53,1
American Woodcock,Scolopax minor,2026-05-04T04:46:32Z,04-May-2026,00:46:32,0.52,1
American Woodcock,Scolopax minor,2026-05-04T04:44:21Z,04-May-2026,00:44:21,0.85,1
American Woodcock,Scolopax minor,2026-05-04T04:44:15Z,04-May-2026,00:44:15,0.67,1
American Woodcock,Scolopax minor,2026-05-04T04:44:09Z,04-May-2026,00:44:09,0.37,1
American Woodcock,Scolopax minor,2026-05-04T04:43:47Z,04-May-2026,00:43:47,0.6,1
American Woodcock,Scolopax minor,2026-05-04T04:43:41Z,04-May-2026,00:43:41,0.87,1
American Woodcock,Scolopax minor,2026-05-04T04:43:27Z,04-May-2026,00:43:27,0.26,1
American Woodcock,Scolopax minor,2026-05-04T04:39:17Z,04-May-2026,00:39:17,0.6,1
American Woodcock,Scolopax minor,2026-05-04T04:38:46Z,04-May-2026,00:38:46,0.94,1
American Woodcock,Scolopax minor,2026-05-04T04:38:21Z,04-May-2026,00:38:21,0.81,1
American Woodcock,Scolopax minor,2026-05-04T04:38:02Z,04-May-2026,00:38:02,0.36,1
American Woodcock,Scolopax minor,2026-05-04T04:37:14Z,04-May-2026,00:37:14,0.72,1
American Woodcock,Scolopax minor,2026-05-04T04:36:51Z,04-May-2026,00:36:51,0.83,1
American Woodcock,Scolopax minor,2026-05-04T04:36:14Z,04-May-2026,00:36:14,0.67,1
American Woodcock,Scolopax minor,2026-05-04T04:35:53Z,04-May-2026,00:35:53,0.6,1
American Woodcock,Scolopax minor,2026-05-04T04:35:39Z,04-May-2026,00:35:39,0.76,1
American Woodcock,Scolopax minor,2026-05-04T04:35:10Z,04-May-2026,00:35:10,0.72,1
American Woodcock,Scolopax minor,2026-05-04T04:32:28Z,04-May-2026,00:32:28,0.4,1
American Woodcock,Scolopax minor,2026-05-04T04:23:38Z,04-May-2026,00:23:38,0.26,1
American Woodcock,Scolopax minor,2026-05-04T04:22:45Z,04-May-2026,00:22:45,0.63,1
American Woodcock,Scolopax minor,2026-05-04T04:20:21Z,04-May-2026,00:20:21,0.45,1
American Woodcock,Scolopax minor,2026-05-04T04:19:06Z,04-May-2026,00:19:06,0.56,1
American Woodcock,Scolopax minor,2026-05-04T04:05:20Z,04-May-2026,00:05:20,0.54,1
American Woodcock,Scolopax minor,2026-05-04T04:03:35Z,04-May-2026,00:03:35,0.43,1
Northern Cardinal,Cardinalis cardinalis,2026-05-04T03:48:52Z,03-May-2026,23:48:52,0.8314,1
Red-breasted Nuthatch,Sitta canadensis,2026-05-04T03:23:19Z,03-May-2026,23:23:19,0.34,1
Red-breasted Nuthatch,Sitta canadensis,2026-05-04T02:00:25Z,03-May-2026,22:00:25,0.41,1
American Woodcock,Scolopax minor,2026-05-04T00:32:35Z,03-May-2026,20:32:35,0.93,1
American Woodcock,Scolopax minor,2026-05-04T00:27:36Z,03-May-2026,20:27:36,0.76,1
American Woodcock,Scolopax minor,2026-05-04T00:16:20Z,03-May-2026,20:16:20,0.29,1
