Species,Scientific Name,UTC Date,Local Date,Local Time,Score,Count
Bewick's Wren,Thryomanes bewickii,2026-04-30T23:59:58Z,30-Apr-2026,16:59:58,0.54,1
Bewick's Wren,Thryomanes bewickii,2026-04-30T23:59:05Z,30-Apr-2026,16:59:05,0.69,1
Bewick's Wren,Thryomanes bewickii,2026-04-30T23:58:58Z,30-Apr-2026,16:58:58,0.96,1
Bewick's Wren,Thryomanes bewickii,2026-04-30T23:58:39Z,30-Apr-2026,16:58:39,0.38,1
Bewick's Wren,Thryomanes bewickii,2026-04-30T23:58:19Z,30-Apr-2026,16:58:19,0.89,1
Bewick's Wren,Thryomanes bewickii,2026-04-30T23:58:13Z,30-Apr-2026,16:58:13,0.61,1
House Finch,Haemorhous mexicanus,2026-04-30T23:45:49Z,30-Apr-2026,16:45:49,0.28,1
Bewick's Wren,Thryomanes bewickii,2026-04-30T23:45:07Z,30-Apr-2026,16:45:07,0.99,1
Bewick's Wren,Thryomanes bewickii,2026-04-30T23:45:00Z,30-Apr-2026,16:45:00,0.99,1
Bewick's Wren,Thryomanes bewickii,2026-04-30T23:44:52Z,30-Apr-2026,16:44:52,0.99,1
Bewick's Wren,Thryomanes bewickii,2026-04-30T23:44:37Z,30-Apr-2026,16:44:37,0.99,1
Bewick's Wren,Thryomanes bewickii,2026-04-30T23:44:29Z,30-Apr-2026,16:44:29,0.99,1
Bewick's Wren,Thryomanes bewickii,2026-04-30T23:44:23Z,30-Apr-2026,16:44:23,0.99,1
Bewick's Wren,Thryomanes bewickii,2026-04-30T23:44:16Z,30-Apr-2026,16:44:16,0.3,1
Bewick's Wren,Thryomanes bewickii,2026-04-30T23:44:08Z,30-Apr-2026,16:44:08,0.97,1
Bewick's Wren,Thryomanes bewickii,2026-04-30T23:44:01Z,30-Apr-2026,16:44:01,0.98,1
Bewick's Wren,Thryomanes bewickii,2026-04-30T23:43:44Z,30-Apr-2026,16:43:44,0.97,1
House Finch,Haemorhous mexicanus,2026-04-30T23:42:48Z,30-Apr-2026,16:42:48,0.8471,6
Bewick's Wren,Thryomanes bewickii,2026-04-30T23:42:44Z,30-Apr-2026,16:42:44,0.9,1
MacGillivray's Warbler,Geothlypis tolmiei,2026-04-30T23:41:42Z,30-Apr-2026,16:41:42,0.35,1
House Finch,Haemorhous mexicanus,2026-04-30T23:41:38Z,30-Apr-2026,16:41:38,0.8157,1
American Robin,Turdus migratorius,2026-04-30T23:41:34Z,30-Apr-2026,16:41:34,0.41,1
Bewick's Wren,Thryomanes bewickii,2026-04-30T23:40:12Z,30-Apr-2026,16:40:12,0.35,1
Bewick's Wren,Thryomanes bewickii,2026-04-30T23:39:05Z,30-Apr-2026,16:39:05,0.77,1
Fox Sparrow,Passerella iliaca,2026-04-30T23:38:50Z,30-Apr-2026,16:38:50,0.36,1
Bewick's Wren,Thryomanes bewickii,2026-04-30T23:38:23Z,30-Apr-2026,16:38:23,0.52,1
Bewick's Wren,Thryomanes bewickii,2026-04-30T23:38:07Z,30-Apr-2026,16:38:07,0.44,1
House Finch,Haemorhous mexicanus,2026-04-30T23:36:38Z,30-Apr-2026,16:36:38,0.898,1
House Finch,Haemorhous mexicanus,2026-04-30T23:35:06Z,30-Apr-2026,16:35:06,0.8,1
Bewick's Wren,Thryomanes bewickii,2026-04-30T23:32:34Z,30-Apr-2026,16:32:34,0.72,1
Bewick's Wren,Thryomanes bewickii,2026-04-30T23:31:29Z,30-Apr-2026,16:31:29,0.64,1
Black-capped Chickadee,Poecile atricapillus,2026-04-30T23:30:22Z,30-Apr-2026,16:30:22,0.46,1
Bewick's Wren,Thryomanes bewickii,2026-04-30T23:29:26Z,30-Apr-2026,16:29:26,0.45,1
House Finch,Haemorhous mexicanus,2026-04-30T23:29:08Z,30-Apr-2026,16:29:08,0.3,1
House Finch,Haemorhous mexicanus,2026-04-30T23:28:40Z,30-Apr-2026,16:28:40,0.8157,3
House Finch,Haemorhous mexicanus,2026-04-30T23:27:18Z,30-Apr-2026,16:27:18,0.898,1
Steller's Jay,Cyanocitta stelleri,2026-04-30T23:25:16Z,30-Apr-2026,16:25:16,0.48,1
House Finch,Haemorhous mexicanus,2026-04-30T23:23:24Z,30-Apr-2026,16:23:24,0.8627,1
Bewick's Wren,Thryomanes bewickii,2026-04-30T23:21:25Z,30-Apr-2026,16:21:25,0.55,1
Bewick's Wren,Thryomanes bewickii,2026-04-30T23:21:12Z,30-Apr-2026,16:21:12,0.35,1
Bewick's Wren,Thryomanes bewickii,2026-04-30T23:20:51Z,30-Apr-2026,16:20:51,0.51,1
Bewick's Wren,Thryomanes bewickii,2026-04-30T23:20:41Z,30-Apr-2026,16:20:41,0.33,1
Downy Woodpecker,Dryobates pubescens,2026-04-30T23:12:43Z,30-Apr-2026,16:12:43,0.5,1
Downy Woodpecker,Dryobates pubescens,2026-04-30T23:12:17Z,30-Apr-2026,16:12:17,0.3,1
Black-capped Chickadee,Poecile atricapillus,2026-04-30T23:11:37Z,30-Apr-2026,16:11:37,0.8745,1
Black-capped Chickadee,Poecile atricapillus,2026-04-30T23:10:28Z,30-Apr-2026,16:10:28,0.8157,1
House Finch,Haemorhous mexicanus,2026-04-30T23:06:54Z,30-Apr-2026,16:06:54,0.7804,1
Black-capped Chickadee,Poecile atricapillus,2026-04-30T23:04:35Z,30-Apr-2026,16:04:35,0.8471,1
Black-capped Chickadee,Poecile atricapillus,2026-04-30T23:02:10Z,30-Apr-2026,16:02:10,0.3,1
Dark-eyed Junco,Junco hyemalis,2026-04-30T22:59:13Z,30-Apr-2026,15:59:13,0.65,1
Dark-eyed Junco,Junco hyemalis,2026-04-30T22:59:01Z,30-Apr-2026,15:59:01,0.71,1
Black-throated Gray Warbler,Setophaga nigrescens,2026-04-30T22:58:24Z,30-Apr-2026,15:58:24,0.34,1
House Finch,Haemorhous mexicanus,2026-04-30T22:56:59Z,30-Apr-2026,15:56:59,0.37,1
House Finch,Haemorhous mexicanus,2026-04-30T22:55:37Z,30-Apr-2026,15:55:37,0.4,1
Dark-eyed Junco,Junco hyemalis,2026-04-30T22:54:57Z,30-Apr-2026,15:54:57,0.49,1
Dark-eyed Junco,Junco hyemalis,2026-04-30T22:54:43Z,30-Apr-2026,15:54:43,0.28,1
House Finch,Haemorhous mexicanus,2026-04-30T22:54:35Z,30-Apr-2026,15:54:35,0.91,1
House Finch,Haemorhous mexicanus,2026-04-30T22:54:17Z,30-Apr-2026,15:54:17,0.898,2
Dark-eyed Junco,Junco hyemalis,2026-04-30T22:54:06Z,30-Apr-2026,15:54:06,0.54,1
House Finch,Haemorhous mexicanus,2026-04-30T22:53:15Z,30-Apr-2026,15:53:15,0.9843,1
Yellow-rumped Warbler,Setophaga coronata,2026-04-30T22:52:33Z,30-Apr-2026,15:52:33,0.35,1
House Finch,Haemorhous mexicanus,2026-04-30T22:52:02Z,30-Apr-2026,15:52:02,0.9412,1
Yellow-rumped Warbler,Setophaga coronata,2026-04-30T22:48:18Z,30-Apr-2026,15:48:18,0.39,1
White-crowned Sparrow,Zonotrichia leucophrys,2026-04-30T22:47:28Z,30-Apr-2026,15:47:28,0.35,1
Steller's Jay,Cyanocitta stelleri,2026-04-30T22:46:50Z,30-Apr-2026,15:46:50,0.9647,1
American Robin,Turdus migratorius,2026-04-30T22:44:57Z,30-Apr-2026,15:44:57,0.8314,1
American Robin,Turdus migratorius,2026-04-30T22:43:29Z,30-Apr-2026,15:43:29,0.56,1
American Robin,Turdus migratorius,2026-04-30T22:43:15Z,30-Apr-2026,15:43:15,0.27,1
House Finch,Haemorhous mexicanus,2026-04-30T22:41:31Z,30-Apr-2026,15:41:31,0.34,1
House Finch,Haemorhous mexicanus,2026-04-30T22:40:44Z,30-Apr-2026,15:40:44,0.46,1
House Finch,Haemorhous mexicanus,2026-04-30T22:39:54Z,30-Apr-2026,15:39:54,0.8314,1
House Finch,Haemorhous mexicanus,2026-04-30T22:38:31Z,30-Apr-2026,15:38:31,0.8627,1
House Finch,Haemorhous mexicanus,2026-04-30T22:38:06Z,30-Apr-2026,15:38:06,0.31,1
House Finch,Haemorhous mexicanus,2026-04-30T22:37:38Z,30-Apr-2026,15:37:38,0.48,1
American Robin,Turdus migratorius,2026-04-30T22:35:01Z,30-Apr-2026,15:35:01,0.8627,1
American Robin,Turdus migratorius,2026-04-30T22:33:04Z,30-Apr-2026,15:33:04,0.8,1
American Robin,Turdus migratorius,2026-04-30T22:26:15Z,30-Apr-2026,15:26:15,0.27,1
American Robin,Turdus migratorius,2026-04-30T22:25:55Z,30-Apr-2026,15:25:55,0.4,1
American Robin,Turdus migratorius,2026-04-30T22:24:51Z,30-Apr-2026,15:24:51,0.35,1
American Robin,Turdus migratorius,2026-04-30T22:23:05Z,30-Apr-2026,15:23:05,0.26,1
House Finch,Haemorhous mexicanus,2026-04-30T22:18:30Z,30-Apr-2026,15:18:30,0.8471,1
House Finch,Haemorhous mexicanus,2026-04-30T22:17:52Z,30-Apr-2026,15:17:52,0.32,1
House Finch,Haemorhous mexicanus,2026-04-30T22:17:12Z,30-Apr-2026,15:17:12,0.8314,1
House Finch,Haemorhous mexicanus,2026-04-30T22:09:19Z,30-Apr-2026,15:09:19,0.8314,1
House Finch,Haemorhous mexicanus,2026-04-30T22:08:03Z,30-Apr-2026,15:08:03,0.3,1
House Finch,Haemorhous mexicanus,2026-04-30T22:07:48Z,30-Apr-2026,15:07:48,0.28,1
Bewick's Wren,Thryomanes bewickii,2026-04-30T22:04:53Z,30-Apr-2026,15:04:53,0.28,1
Bewick's Wren,Thryomanes bewickii,2026-04-30T22:03:59Z,30-Apr-2026,15:03:59,0.27,1
Bewick's Wren,Thryomanes bewickii,2026-04-30T22:03:51Z,30-Apr-2026,15:03:51,0.74,1
Bewick's Wren,Thryomanes bewickii,2026-04-30T22:03:41Z,30-Apr-2026,15:03:41,0.53,1
Bewick's Wren,Thryomanes bewickii,2026-04-30T22:02:55Z,30-Apr-2026,15:02:55,0.49,1
Bewick's Wren,Thryomanes bewickii,2026-04-30T22:02:48Z,30-Apr-2026,15:02:48,0.31,1
Bewick's Wren,Thryomanes bewickii,2026-04-30T22:02:39Z,30-Apr-2026,15:02:39,0.65,1
Bewick's Wren,Thryomanes bewickii,2026-04-30T22:02:08Z,30-Apr-2026,15:02:08,0.44,1
Bewick's Wren,Thryomanes bewickii,2026-04-30T22:01:57Z,30-Apr-2026,15:01:57,0.3,1
Bewick's Wren,Thryomanes bewickii,2026-04-30T22:01:47Z,30-Apr-2026,15:01:47,0.35,1
Bewick's Wren,Thryomanes bewickii,2026-04-30T22:01:32Z,30-Apr-2026,15:01:32,0.87,1
Bewick's Wren,Thryomanes bewickii,2026-04-30T22:01:25Z,30-Apr-2026,15:01:25,0.31,1
Bewick's Wren,Thryomanes bewickii,2026-04-30T22:01:08Z,30-Apr-2026,15:01:08,0.92,1
Bewick's Wren,Thryomanes bewickii,2026-04-30T22:00:58Z,30-Apr-2026,15:00:58,0.54,1
Bewick's Wren,Thryomanes bewickii,2026-04-30T22:00:49Z,30-Apr-2026,15:00:49,0.94,1
Bewick's Wren,Thryomanes bewickii,2026-04-30T22:00:18Z,30-Apr-2026,15:00:18,0.73,1
Bewick's Wren,Thryomanes bewickii,2026-04-30T22:00:08Z,30-Apr-2026,15:00:08,0.53,1
Bewick's Wren,Thryomanes bewickii,2026-04-30T21:59:54Z,30-Apr-2026,14:59:54,0.84,1
Bewick's Wren,Thryomanes bewickii,2026-04-30T21:59:23Z,30-Apr-2026,14:59:23,0.65,1
Bewick's Wren,Thryomanes bewickii,2026-04-30T21:59:12Z,30-Apr-2026,14:59:12,0.88,1
Bewick's Wren,Thryomanes bewickii,2026-04-30T21:59:02Z,30-Apr-2026,14:59:02,0.53,1
Bewick's Wren,Thryomanes bewickii,2026-04-30T21:58:30Z,30-Apr-2026,14:58:30,0.58,1
Bewick's Wren,Thryomanes bewickii,2026-04-30T21:57:53Z,30-Apr-2026,14:57:53,0.49,1
Bewick's Wren,Thryomanes bewickii,2026-04-30T21:57:35Z,30-Apr-2026,14:57:35,0.9,1
Bewick's Wren,Thryomanes bewickii,2026-04-30T21:57:24Z,30-Apr-2026,14:57:24,0.98,1
Bewick's Wren,Thryomanes bewickii,2026-04-30T21:57:17Z,30-Apr-2026,14:57:17,0.96,1
Bewick's Wren,Thryomanes bewickii,2026-04-30T21:57:09Z,30-Apr-2026,14:57:09,0.74,1
Bewick's Wren,Thryomanes bewickii,2026-04-30T21:56:53Z,30-Apr-2026,14:56:53,0.95,1
Bewick's Wren,Thryomanes bewickii,2026-04-30T21:56:44Z,30-Apr-2026,14:56:44,0.8,1
Bewick's Wren,Thryomanes bewickii,2026-04-30T21:56:13Z,30-Apr-2026,14:56:13,0.8,1
Bewick's Wren,Thryomanes bewickii,2026-04-30T21:56:02Z,30-Apr-2026,14:56:02,0.36,1
Bewick's Wren,Thryomanes bewickii,2026-04-30T21:55:34Z,30-Apr-2026,14:55:34,0.61,1
Bewick's Wren,Thryomanes bewickii,2026-04-30T21:55:24Z,30-Apr-2026,14:55:24,0.93,1
Bewick's Wren,Thryomanes bewickii,2026-04-30T21:55:14Z,30-Apr-2026,14:55:14,0.78,1
Bewick's Wren,Thryomanes bewickii,2026-04-30T21:55:07Z,30-Apr-2026,14:55:07,0.44,1
Bewick's Wren,Thryomanes bewickii,2026-04-30T21:54:57Z,30-Apr-2026,14:54:57,0.49,1
Mourning Dove,Zenaida macroura,2026-04-30T21:54:28Z,30-Apr-2026,14:54:28,0.32,1
House Finch,Haemorhous mexicanus,2026-04-30T21:53:59Z,30-Apr-2026,14:53:59,0.3,1
House Finch,Haemorhous mexicanus,2026-04-30T21:53:43Z,30-Apr-2026,14:53:43,0.8,8
House Finch,Haemorhous mexicanus,2026-04-30T21:53:09Z,30-Apr-2026,14:53:09,0.38,1
House Finch,Haemorhous mexicanus,2026-04-30T21:52:33Z,30-Apr-2026,14:52:33,0.8157,1
House Finch,Haemorhous mexicanus,2026-04-30T21:48:35Z,30-Apr-2026,14:48:35,0.8745,1
Bewick's Wren,Thryomanes bewickii,2026-04-30T21:45:32Z,30-Apr-2026,14:45:32,0.72,1
Anna's Hummingbird,Calypte anna,2026-04-30T21:45:25Z,30-Apr-2026,14:45:25,0.9882,1
Bewick's Wren,Thryomanes bewickii,2026-04-30T21:44:57Z,30-Apr-2026,14:44:57,0.52,1
Bewick's Wren,Thryomanes bewickii,2026-04-30T21:44:34Z,30-Apr-2026,14:44:34,0.39,1
Bewick's Wren,Thryomanes bewickii,2026-04-30T21:44:24Z,30-Apr-2026,14:44:24,0.48,1
Bewick's Wren,Thryomanes bewickii,2026-04-30T21:44:14Z,30-Apr-2026,14:44:14,0.68,1
Bewick's Wren,Thryomanes bewickii,2026-04-30T21:43:58Z,30-Apr-2026,14:43:58,0.53,1
Bewick's Wren,Thryomanes bewickii,2026-04-30T21:43:39Z,30-Apr-2026,14:43:39,0.8,1
Bewick's Wren,Thryomanes bewickii,2026-04-30T21:43:03Z,30-Apr-2026,14:43:03,0.61,1
Bewick's Wren,Thryomanes bewickii,2026-04-30T21:42:46Z,30-Apr-2026,14:42:46,0.68,1
Bewick's Wren,Thryomanes bewickii,2026-04-30T21:42:36Z,30-Apr-2026,14:42:36,0.61,1
Bewick's Wren,Thryomanes bewickii,2026-04-30T21:41:42Z,30-Apr-2026,14:41:42,0.73,1
Bewick's Wren,Thryomanes bewickii,2026-04-30T21:41:23Z,30-Apr-2026,14:41:23,0.39,1
Bewick's Wren,Thryomanes bewickii,2026-04-30T21:40:57Z,30-Apr-2026,14:40:57,0.48,1
Bewick's Wren,Thryomanes bewickii,2026-04-30T21:40:41Z,30-Apr-2026,14:40:41,0.3,1
Bewick's Wren,Thryomanes bewickii,2026-04-30T21:39:37Z,30-Apr-2026,14:39:37,0.79,1
Bewick's Wren,Thryomanes bewickii,2026-04-30T21:39:30Z,30-Apr-2026,14:39:30,0.49,1
Bewick's Wren,Thryomanes bewickii,2026-04-30T21:39:17Z,30-Apr-2026,14:39:17,0.71,1
Bewick's Wren,Thryomanes bewickii,2026-04-30T21:38:57Z,30-Apr-2026,14:38:57,0.64,1
Bewick's Wren,Thryomanes bewickii,2026-04-30T21:38:37Z,30-Apr-2026,14:38:37,0.87,1
Bewick's Wren,Thryomanes bewickii,2026-04-30T21:38:27Z,30-Apr-2026,14:38:27,0.3,1
Bewick's Wren,Thryomanes bewickii,2026-04-30T21:37:52Z,30-Apr-2026,14:37:52,0.73,1
Bewick's Wren,Thryomanes bewickii,2026-04-30T21:37:36Z,30-Apr-2026,14:37:36,0.67,1
Bewick's Wren,Thryomanes bewickii,2026-04-30T21:37:29Z,30-Apr-2026,14:37:29,0.54,1
Bewick's Wren,Thryomanes bewickii,2026-04-30T21:37:13Z,30-Apr-2026,14:37:13,0.59,1
Bewick's Wren,Thryomanes bewickii,2026-04-30T21:36:44Z,30-Apr-2026,14:36:44,0.4,1
Bewick's Wren,Thryomanes bewickii,2026-04-30T21:36:37Z,30-Apr-2026,14:36:37,0.54,1
Bewick's Wren,Thryomanes bewickii,2026-04-30T21:36:13Z,30-Apr-2026,14:36:13,0.46,1
Bewick's Wren,Thryomanes bewickii,2026-04-30T21:35:45Z,30-Apr-2026,14:35:45,0.27,1
Bewick's Wren,Thryomanes bewickii,2026-04-30T21:35:29Z,30-Apr-2026,14:35:29,0.57,1
Bewick's Wren,Thryomanes bewickii,2026-04-30T21:34:34Z,30-Apr-2026,14:34:34,0.77,1
Bewick's Wren,Thryomanes bewickii,2026-04-30T21:34:27Z,30-Apr-2026,14:34:27,0.34,1
Bewick's Wren,Thryomanes bewickii,2026-04-30T21:29:56Z,30-Apr-2026,14:29:56,0.38,1
Bewick's Wren,Thryomanes bewickii,2026-04-30T21:22:05Z,30-Apr-2026,14:22:05,0.78,1
Bewick's Wren,Thryomanes bewickii,2026-04-30T21:21:40Z,30-Apr-2026,14:21:40,0.5,1
Bewick's Wren,Thryomanes bewickii,2026-04-30T21:21:34Z,30-Apr-2026,14:21:34,0.34,1
Bewick's Wren,Thryomanes bewickii,2026-04-30T21:21:24Z,30-Apr-2026,14:21:24,0.36,1
Bewick's Wren,Thryomanes bewickii,2026-04-30T21:20:56Z,30-Apr-2026,14:20:56,0.27,1
Bewick's Wren,Thryomanes bewickii,2026-04-30T21:20:48Z,30-Apr-2026,14:20:48,0.36,1
Bewick's Wren,Thryomanes bewickii,2026-04-30T21:19:51Z,30-Apr-2026,14:19:51,0.56,1
Bewick's Wren,Thryomanes bewickii,2026-04-30T21:19:09Z,30-Apr-2026,14:19:09,0.82,1
Bewick's Wren,Thryomanes bewickii,2026-04-30T21:18:24Z,30-Apr-2026,14:18:24,0.81,1
Bewick's Wren,Thryomanes bewickii,2026-04-30T21:18:18Z,30-Apr-2026,14:18:18,0.62,1
Bewick's Wren,Thryomanes bewickii,2026-04-30T21:18:10Z,30-Apr-2026,14:18:10,0.47,1
Bewick's Wren,Thryomanes bewickii,2026-04-30T21:17:27Z,30-Apr-2026,14:17:27,0.7,1
Bewick's Wren,Thryomanes bewickii,2026-04-30T21:17:13Z,30-Apr-2026,14:17:13,0.28,1
Bewick's Wren,Thryomanes bewickii,2026-04-30T21:16:46Z,30-Apr-2026,14:16:46,0.58,1
Bewick's Wren,Thryomanes bewickii,2026-04-30T21:16:37Z,30-Apr-2026,14:16:37,0.65,1
Mourning Dove,Zenaida macroura,2026-04-30T21:16:23Z,30-Apr-2026,14:16:23,0.69,1
Bewick's Wren,Thryomanes bewickii,2026-04-30T21:16:16Z,30-Apr-2026,14:16:16,0.31,1
Bewick's Wren,Thryomanes bewickii,2026-04-30T21:16:08Z,30-Apr-2026,14:16:08,0.66,1
Bewick's Wren,Thryomanes bewickii,2026-04-30T21:15:08Z,30-Apr-2026,14:15:08,0.79,1
Bewick's Wren,Thryomanes bewickii,2026-04-30T21:14:49Z,30-Apr-2026,14:14:49,0.68,1
Bewick's Wren,Thryomanes bewickii,2026-04-30T21:14:30Z,30-Apr-2026,14:14:30,0.42,1
Bewick's Wren,Thryomanes bewickii,2026-04-30T21:14:23Z,30-Apr-2026,14:14:23,0.92,1
Bewick's Wren,Thryomanes bewickii,2026-04-30T21:14:12Z,30-Apr-2026,14:14:12,0.56,1
Bewick's Wren,Thryomanes bewickii,2026-04-30T21:13:45Z,30-Apr-2026,14:13:45,0.63,1
Bewick's Wren,Thryomanes bewickii,2026-04-30T21:12:30Z,30-Apr-2026,14:12:30,0.31,1
Bewick's Wren,Thryomanes bewickii,2026-04-30T21:12:23Z,30-Apr-2026,14:12:23,0.62,1
Bewick's Wren,Thryomanes bewickii,2026-04-30T21:12:05Z,30-Apr-2026,14:12:05,0.27,1
Bewick's Wren,Thryomanes bewickii,2026-04-30T21:11:58Z,30-Apr-2026,14:11:58,0.77,1
Bewick's Wren,Thryomanes bewickii,2026-04-30T21:11:31Z,30-Apr-2026,14:11:31,0.3,1
Bewick's Wren,Thryomanes bewickii,2026-04-30T21:11:18Z,30-Apr-2026,14:11:18,0.57,1
Bewick's Wren,Thryomanes bewickii,2026-04-30T21:09:50Z,30-Apr-2026,14:09:50,0.33,1
Bewick's Wren,Thryomanes bewickii,2026-04-30T21:09:40Z,30-Apr-2026,14:09:40,0.66,1
Bewick's Wren,Thryomanes bewickii,2026-04-30T21:09:22Z,30-Apr-2026,14:09:22,0.3,1
Bewick's Wren,Thryomanes bewickii,2026-04-30T21:08:55Z,30-Apr-2026,14:08:55,0.33,1
American Crow,Corvus brachyrhynchos,2026-04-30T21:08:40Z,30-Apr-2026,14:08:40,0.38,1
Bewick's Wren,Thryomanes bewickii,2026-04-30T21:08:32Z,30-Apr-2026,14:08:32,0.42,1
Bewick's Wren,Thryomanes bewickii,2026-04-30T21:08:23Z,30-Apr-2026,14:08:23,0.34,1
American Crow,Corvus brachyrhynchos,2026-04-30T21:08:07Z,30-Apr-2026,14:08:07,0.33,1
Bewick's Wren,Thryomanes bewickii,2026-04-30T21:07:56Z,30-Apr-2026,14:07:56,0.56,1
Bewick's Wren,Thryomanes bewickii,2026-04-30T21:07:45Z,30-Apr-2026,14:07:45,0.55,1
Bewick's Wren,Thryomanes bewickii,2026-04-30T21:06:26Z,30-Apr-2026,14:06:26,0.39,1
Bewick's Wren,Thryomanes bewickii,2026-04-30T21:06:08Z,30-Apr-2026,14:06:08,0.51,1
Bewick's Wren,Thryomanes bewickii,2026-04-30T21:05:58Z,30-Apr-2026,14:05:58,0.43,1
Bewick's Wren,Thryomanes bewickii,2026-04-30T21:04:25Z,30-Apr-2026,14:04:25,0.29,1
Bewick's Wren,Thryomanes bewickii,2026-04-30T21:04:12Z,30-Apr-2026,14:04:12,0.54,1
Bewick's Wren,Thryomanes bewickii,2026-04-30T21:03:21Z,30-Apr-2026,14:03:21,0.34,1
Bewick's Wren,Thryomanes bewickii,2026-04-30T21:03:14Z,30-Apr-2026,14:03:14,0.43,1
Bewick's Wren,Thryomanes bewickii,2026-04-30T21:03:04Z,30-Apr-2026,14:03:04,0.7,1
Bewick's Wren,Thryomanes bewickii,2026-04-30T21:02:57Z,30-Apr-2026,14:02:57,0.26,1
Bewick's Wren,Thryomanes bewickii,2026-04-30T20:57:22Z,30-Apr-2026,13:57:22,0.53,1
Bewick's Wren,Thryomanes bewickii,2026-04-30T20:56:42Z,30-Apr-2026,13:56:42,0.92,1
Bewick's Wren,Thryomanes bewickii,2026-04-30T20:56:26Z,30-Apr-2026,13:56:26,0.65,1
Bewick's Wren,Thryomanes bewickii,2026-04-30T20:56:12Z,30-Apr-2026,13:56:12,0.62,1
Bewick's Wren,Thryomanes bewickii,2026-04-30T20:56:05Z,30-Apr-2026,13:56:05,0.61,1
Bewick's Wren,Thryomanes bewickii,2026-04-30T20:55:55Z,30-Apr-2026,13:55:55,0.32,1
Bewick's Wren,Thryomanes bewickii,2026-04-30T20:55:41Z,30-Apr-2026,13:55:41,0.46,1
Bewick's Wren,Thryomanes bewickii,2026-04-30T20:55:35Z,30-Apr-2026,13:55:35,0.45,1
Bewick's Wren,Thryomanes bewickii,2026-04-30T20:55:28Z,30-Apr-2026,13:55:28,0.88,1
Bewick's Wren,Thryomanes bewickii,2026-04-30T20:55:21Z,30-Apr-2026,13:55:21,0.74,1
Bewick's Wren,Thryomanes bewickii,2026-04-30T20:55:14Z,30-Apr-2026,13:55:14,0.87,1
Bewick's Wren,Thryomanes bewickii,2026-04-30T20:54:50Z,30-Apr-2026,13:54:50,0.64,1
Bewick's Wren,Thryomanes bewickii,2026-04-30T20:54:42Z,30-Apr-2026,13:54:42,0.61,1
Steller's Jay,Cyanocitta stelleri,2026-04-30T20:54:39Z,30-Apr-2026,13:54:39,0.9529,1
MacGillivray's Warbler,Geothlypis tolmiei,2026-04-30T20:54:32Z,30-Apr-2026,13:54:32,0.59,1
Bewick's Wren,Thryomanes bewickii,2026-04-30T20:54:25Z,30-Apr-2026,13:54:25,0.62,1
Steller's Jay,Cyanocitta stelleri,2026-04-30T20:54:20Z,30-Apr-2026,13:54:20,0.55,1
Bewick's Wren,Thryomanes bewickii,2026-04-30T20:54:12Z,30-Apr-2026,13:54:12,0.7,1
Bewick's Wren,Thryomanes bewickii,2026-04-30T20:54:05Z,30-Apr-2026,13:54:05,0.31,1
Bewick's Wren,Thryomanes bewickii,2026-04-30T20:53:59Z,30-Apr-2026,13:53:59,0.61,1
Steller's Jay,Cyanocitta stelleri,2026-04-30T20:53:17Z,30-Apr-2026,13:53:17,0.9333,1
Bewick's Wren,Thryomanes bewickii,2026-04-30T20:49:57Z,30-Apr-2026,13:49:57,0.52,1
American Crow,Corvus brachyrhynchos,2026-04-30T20:49:53Z,30-Apr-2026,13:49:53,0.8157,1
Bewick's Wren,Thryomanes bewickii,2026-04-30T20:44:47Z,30-Apr-2026,13:44:47,0.43,1
Bewick's Wren,Thryomanes bewickii,2026-04-30T20:43:58Z,30-Apr-2026,13:43:58,0.33,1
Bewick's Wren,Thryomanes bewickii,2026-04-30T20:43:51Z,30-Apr-2026,13:43:51,0.45,1
Bewick's Wren,Thryomanes bewickii,2026-04-30T20:43:35Z,30-Apr-2026,13:43:35,0.71,1
Fox Sparrow,Passerella iliaca,2026-04-30T20:43:21Z,30-Apr-2026,13:43:21,0.39,1
Bewick's Wren,Thryomanes bewickii,2026-04-30T20:43:14Z,30-Apr-2026,13:43:14,0.9,1
Bewick's Wren,Thryomanes bewickii,2026-04-30T20:43:06Z,30-Apr-2026,13:43:06,0.85,1
Bewick's Wren,Thryomanes bewickii,2026-04-30T20:43:00Z,30-Apr-2026,13:43:00,0.4,1
Bewick's Wren,Thryomanes bewickii,2026-04-30T20:42:46Z,30-Apr-2026,13:42:46,0.43,1
Bewick's Wren,Thryomanes bewickii,2026-04-30T20:42:31Z,30-Apr-2026,13:42:31,0.56,1
Bewick's Wren,Thryomanes bewickii,2026-04-30T20:42:24Z,30-Apr-2026,13:42:24,0.97,1
Bewick's Wren,Thryomanes bewickii,2026-04-30T20:42:17Z,30-Apr-2026,13:42:17,0.49,1
Bewick's Wren,Thryomanes bewickii,2026-04-30T20:42:09Z,30-Apr-2026,13:42:09,0.63,1
Bewick's Wren,Thryomanes bewickii,2026-04-30T20:42:02Z,30-Apr-2026,13:42:02,0.73,1
Bewick's Wren,Thryomanes bewickii,2026-04-30T20:41:54Z,30-Apr-2026,13:41:54,0.44,1
Bewick's Wren,Thryomanes bewickii,2026-04-30T20:41:43Z,30-Apr-2026,13:41:43,0.59,1
Bewick's Wren,Thryomanes bewickii,2026-04-30T20:41:17Z,30-Apr-2026,13:41:17,0.78,1
Bewick's Wren,Thryomanes bewickii,2026-04-30T20:41:05Z,30-Apr-2026,13:41:05,0.64,1
Bewick's Wren,Thryomanes bewickii,2026-04-30T20:40:56Z,30-Apr-2026,13:40:56,0.35,1
Bewick's Wren,Thryomanes bewickii,2026-04-30T20:40:33Z,30-Apr-2026,13:40:33,0.77,1
Bewick's Wren,Thryomanes bewickii,2026-04-30T20:40:26Z,30-Apr-2026,13:40:26,0.55,1
Bewick's Wren,Thryomanes bewickii,2026-04-30T20:40:12Z,30-Apr-2026,13:40:12,0.49,1
Bewick's Wren,Thryomanes bewickii,2026-04-30T20:40:05Z,30-Apr-2026,13:40:05,0.65,1
Bewick's Wren,Thryomanes bewickii,2026-04-30T20:39:49Z,30-Apr-2026,13:39:49,0.86,1
Bewick's Wren,Thryomanes bewickii,2026-04-30T20:39:38Z,30-Apr-2026,13:39:38,0.56,1
Bewick's Wren,Thryomanes bewickii,2026-04-30T20:39:29Z,30-Apr-2026,13:39:29,0.34,1
Bewick's Wren,Thryomanes bewickii,2026-04-30T20:39:22Z,30-Apr-2026,13:39:22,0.75,1
Bewick's Wren,Thryomanes bewickii,2026-04-30T20:39:14Z,30-Apr-2026,13:39:14,0.72,1
Bewick's Wren,Thryomanes bewickii,2026-04-30T20:38:47Z,30-Apr-2026,13:38:47,0.65,1
Bewick's Wren,Thryomanes bewickii,2026-04-30T20:37:18Z,30-Apr-2026,13:37:18,0.8,1
Bewick's Wren,Thryomanes bewickii,2026-04-30T20:37:11Z,30-Apr-2026,13:37:11,0.63,1
Bewick's Wren,Thryomanes bewickii,2026-04-30T20:35:48Z,30-Apr-2026,13:35:48,0.59,1
Bewick's Wren,Thryomanes bewickii,2026-04-30T20:35:41Z,30-Apr-2026,13:35:41,0.36,1
Bewick's Wren,Thryomanes bewickii,2026-04-30T20:35:33Z,30-Apr-2026,13:35:33,0.35,1
Bewick's Wren,Thryomanes bewickii,2026-04-30T20:35:27Z,30-Apr-2026,13:35:27,0.65,1
Bewick's Wren,Thryomanes bewickii,2026-04-30T20:35:20Z,30-Apr-2026,13:35:20,0.46,1
Bewick's Wren,Thryomanes bewickii,2026-04-30T20:35:13Z,30-Apr-2026,13:35:13,0.75,1
Bewick's Wren,Thryomanes bewickii,2026-04-30T20:35:05Z,30-Apr-2026,13:35:05,0.75,1
Bewick's Wren,Thryomanes bewickii,2026-04-30T20:34:56Z,30-Apr-2026,13:34:56,0.33,1
Bewick's Wren,Thryomanes bewickii,2026-04-30T20:34:48Z,30-Apr-2026,13:34:48,0.76,1
House Finch,Haemorhous mexicanus,2026-04-30T20:29:29Z,30-Apr-2026,13:29:29,0.7804,1
Bewick's Wren,Thryomanes bewickii,2026-04-30T20:27:12Z,30-Apr-2026,13:27:12,0.54,1
Bewick's Wren,Thryomanes bewickii,2026-04-30T20:27:02Z,30-Apr-2026,13:27:02,0.44,1
Song Sparrow,Melospiza melodia,2026-04-30T20:26:54Z,30-Apr-2026,13:26:54,0.8471,1
Bewick's Wren,Thryomanes bewickii,2026-04-30T20:26:47Z,30-Apr-2026,13:26:47,0.9,1
Bewick's Wren,Thryomanes bewickii,2026-04-30T20:26:41Z,30-Apr-2026,13:26:41,0.6,1
Bewick's Wren,Thryomanes bewickii,2026-04-30T20:26:35Z,30-Apr-2026,13:26:35,0.79,1
Bewick's Wren,Thryomanes bewickii,2026-04-30T20:25:12Z,30-Apr-2026,13:25:12,0.36,1
Bewick's Wren,Thryomanes bewickii,2026-04-30T20:24:44Z,30-Apr-2026,13:24:44,0.32,1
American Crow,Corvus brachyrhynchos,2026-04-30T20:23:08Z,30-Apr-2026,13:23:08,0.8745,1
Townsend's Warbler,Setophaga townsendi,2026-04-30T20:23:00Z,30-Apr-2026,13:23:00,0.42,1
Bewick's Wren,Thryomanes bewickii,2026-04-30T20:22:53Z,30-Apr-2026,13:22:53,0.39,1
Townsend's Warbler,Setophaga townsendi,2026-04-30T20:22:44Z,30-Apr-2026,13:22:44,0.55,1
Bewick's Wren,Thryomanes bewickii,2026-04-30T20:22:38Z,30-Apr-2026,13:22:38,0.64,1
Bewick's Wren,Thryomanes bewickii,2026-04-30T20:22:13Z,30-Apr-2026,13:22:13,0.28,1
Bewick's Wren,Thryomanes bewickii,2026-04-30T20:22:06Z,30-Apr-2026,13:22:06,0.4,1
Townsend's Warbler,Setophaga townsendi,2026-04-30T20:21:59Z,30-Apr-2026,13:21:59,0.58,1
Bewick's Wren,Thryomanes bewickii,2026-04-30T20:21:49Z,30-Apr-2026,13:21:49,0.59,1
Bewick's Wren,Thryomanes bewickii,2026-04-30T20:21:42Z,30-Apr-2026,13:21:42,0.69,1
Bewick's Wren,Thryomanes bewickii,2026-04-30T20:21:27Z,30-Apr-2026,13:21:27,0.76,1
Townsend's Warbler,Setophaga townsendi,2026-04-30T20:21:14Z,30-Apr-2026,13:21:14,0.48,1
Townsend's Warbler,Setophaga townsendi,2026-04-30T20:21:00Z,30-Apr-2026,13:21:00,0.38,1
Bewick's Wren,Thryomanes bewickii,2026-04-30T20:20:54Z,30-Apr-2026,13:20:54,0.43,1
Bewick's Wren,Thryomanes bewickii,2026-04-30T20:20:46Z,30-Apr-2026,13:20:46,0.94,1
Townsend's Warbler,Setophaga townsendi,2026-04-30T20:20:35Z,30-Apr-2026,13:20:35,0.54,1
Bewick's Wren,Thryomanes bewickii,2026-04-30T20:20:29Z,30-Apr-2026,13:20:29,0.62,1
Bewick's Wren,Thryomanes bewickii,2026-04-30T20:20:15Z,30-Apr-2026,13:20:15,0.47,1
Bewick's Wren,Thryomanes bewickii,2026-04-30T20:19:47Z,30-Apr-2026,13:19:47,0.38,1
Bewick's Wren,Thryomanes bewickii,2026-04-30T20:18:36Z,30-Apr-2026,13:18:36,0.89,1
Bewick's Wren,Thryomanes bewickii,2026-04-30T20:18:26Z,30-Apr-2026,13:18:26,0.66,1
Bewick's Wren,Thryomanes bewickii,2026-04-30T20:18:10Z,30-Apr-2026,13:18:10,0.84,1
Bewick's Wren,Thryomanes bewickii,2026-04-30T20:17:56Z,30-Apr-2026,13:17:56,0.81,1
Bewick's Wren,Thryomanes bewickii,2026-04-30T20:17:46Z,30-Apr-2026,13:17:46,0.97,1
Bewick's Wren,Thryomanes bewickii,2026-04-30T20:17:39Z,30-Apr-2026,13:17:39,0.95,1
Bewick's Wren,Thryomanes bewickii,2026-04-30T20:17:32Z,30-Apr-2026,13:17:32,0.92,1
Bewick's Wren,Thryomanes bewickii,2026-04-30T20:13:57Z,30-Apr-2026,13:13:57,0.43,1
Bewick's Wren,Thryomanes bewickii,2026-04-30T20:13:50Z,30-Apr-2026,13:13:50,0.35,1
Bewick's Wren,Thryomanes bewickii,2026-04-30T20:13:19Z,30-Apr-2026,13:13:19,0.32,1
Bewick's Wren,Thryomanes bewickii,2026-04-30T20:13:11Z,30-Apr-2026,13:13:11,0.3,1
Bewick's Wren,Thryomanes bewickii,2026-04-30T20:12:29Z,30-Apr-2026,13:12:29,0.31,1
Bewick's Wren,Thryomanes bewickii,2026-04-30T20:12:11Z,30-Apr-2026,13:12:11,0.41,1
Bewick's Wren,Thryomanes bewickii,2026-04-30T20:11:55Z,30-Apr-2026,13:11:55,0.28,1
Bewick's Wren,Thryomanes bewickii,2026-04-30T20:11:20Z,30-Apr-2026,13:11:20,0.29,1
Bewick's Wren,Thryomanes bewickii,2026-04-30T20:10:30Z,30-Apr-2026,13:10:30,0.61,1
Bewick's Wren,Thryomanes bewickii,2026-04-30T20:10:24Z,30-Apr-2026,13:10:24,0.33,1
Bewick's Wren,Thryomanes bewickii,2026-04-30T20:10:17Z,30-Apr-2026,13:10:17,0.54,1
Bewick's Wren,Thryomanes bewickii,2026-04-30T20:10:06Z,30-Apr-2026,13:10:06,0.41,1
Bewick's Wren,Thryomanes bewickii,2026-04-30T20:09:34Z,30-Apr-2026,13:09:34,0.42,1
Bewick's Wren,Thryomanes bewickii,2026-04-30T20:09:17Z,30-Apr-2026,13:09:17,0.29,1
Bewick's Wren,Thryomanes bewickii,2026-04-30T20:09:00Z,30-Apr-2026,13:09:00,0.28,1
Bewick's Wren,Thryomanes bewickii,2026-04-30T20:08:47Z,30-Apr-2026,13:08:47,0.4,1
Bewick's Wren,Thryomanes bewickii,2026-04-30T20:08:40Z,30-Apr-2026,13:08:40,0.34,1
American Robin,Turdus migratorius,2026-04-30T20:08:26Z,30-Apr-2026,13:08:26,0.7804,2
American Robin,Turdus migratorius,2026-04-30T20:08:04Z,30-Apr-2026,13:08:04,0.62,1
Bewick's Wren,Thryomanes bewickii,2026-04-30T20:07:29Z,30-Apr-2026,13:07:29,0.36,1
Ring-necked Pheasant,Phasianus colchicus,2026-04-30T20:07:13Z,30-Apr-2026,13:07:13,0.67,1
American Robin,Turdus migratorius,2026-04-30T20:07:09Z,30-Apr-2026,13:07:09,0.8471,1
Bewick's Wren,Thryomanes bewickii,2026-04-30T20:06:48Z,30-Apr-2026,13:06:48,0.32,1
Bewick's Wren,Thryomanes bewickii,2026-04-30T20:04:33Z,30-Apr-2026,13:04:33,0.5,1
Bewick's Wren,Thryomanes bewickii,2026-04-30T20:04:26Z,30-Apr-2026,13:04:26,0.36,1
Bewick's Wren,Thryomanes bewickii,2026-04-30T20:04:17Z,30-Apr-2026,13:04:17,0.28,1
Bewick's Wren,Thryomanes bewickii,2026-04-30T20:03:37Z,30-Apr-2026,13:03:37,0.32,1
Bewick's Wren,Thryomanes bewickii,2026-04-30T20:03:30Z,30-Apr-2026,13:03:30,0.28,1
Bewick's Wren,Thryomanes bewickii,2026-04-30T20:02:54Z,30-Apr-2026,13:02:54,0.33,1
Bewick's Wren,Thryomanes bewickii,2026-04-30T20:02:39Z,30-Apr-2026,13:02:39,0.55,1
Bewick's Wren,Thryomanes bewickii,2026-04-30T20:02:15Z,30-Apr-2026,13:02:15,0.42,1
Bewick's Wren,Thryomanes bewickii,2026-04-30T20:01:40Z,30-Apr-2026,13:01:40,0.46,1
Bewick's Wren,Thryomanes bewickii,2026-04-30T20:01:30Z,30-Apr-2026,13:01:30,0.3,1
Bewick's Wren,Thryomanes bewickii,2026-04-30T20:01:23Z,30-Apr-2026,13:01:23,0.58,1
Bewick's Wren,Thryomanes bewickii,2026-04-30T20:00:56Z,30-Apr-2026,13:00:56,0.63,1
Bewick's Wren,Thryomanes bewickii,2026-04-30T20:00:46Z,30-Apr-2026,13:00:46,0.32,1
Bewick's Wren,Thryomanes bewickii,2026-04-30T20:00:22Z,30-Apr-2026,13:00:22,0.36,1
Bewick's Wren,Thryomanes bewickii,2026-04-30T20:00:14Z,30-Apr-2026,13:00:14,0.45,1
Bewick's Wren,Thryomanes bewickii,2026-04-30T20:00:04Z,30-Apr-2026,13:00:04,0.34,1
Bewick's Wren,Thryomanes bewickii,2026-04-30T19:59:56Z,30-Apr-2026,12:59:56,0.54,1
Bewick's Wren,Thryomanes bewickii,2026-04-30T19:59:36Z,30-Apr-2026,12:59:36,0.42,1
Bewick's Wren,Thryomanes bewickii,2026-04-30T19:59:29Z,30-Apr-2026,12:59:29,0.31,1
Bewick's Wren,Thryomanes bewickii,2026-04-30T19:59:14Z,30-Apr-2026,12:59:14,0.45,1
Bewick's Wren,Thryomanes bewickii,2026-04-30T19:58:51Z,30-Apr-2026,12:58:51,0.55,1
Bewick's Wren,Thryomanes bewickii,2026-04-30T19:58:44Z,30-Apr-2026,12:58:44,0.64,1
Bewick's Wren,Thryomanes bewickii,2026-04-30T19:58:37Z,30-Apr-2026,12:58:37,0.36,1
Bewick's Wren,Thryomanes bewickii,2026-04-30T19:58:30Z,30-Apr-2026,12:58:30,0.64,1
Bewick's Wren,Thryomanes bewickii,2026-04-30T19:58:23Z,30-Apr-2026,12:58:23,0.49,1
Bewick's Wren,Thryomanes bewickii,2026-04-30T19:58:09Z,30-Apr-2026,12:58:09,0.59,1
Bewick's Wren,Thryomanes bewickii,2026-04-30T19:57:55Z,30-Apr-2026,12:57:55,0.39,1
Bewick's Wren,Thryomanes bewickii,2026-04-30T19:57:44Z,30-Apr-2026,12:57:44,0.33,1
Bewick's Wren,Thryomanes bewickii,2026-04-30T19:57:27Z,30-Apr-2026,12:57:27,0.32,1
Bewick's Wren,Thryomanes bewickii,2026-04-30T19:57:17Z,30-Apr-2026,12:57:17,0.26,1
Dark-eyed Junco,Junco hyemalis,2026-04-30T19:54:53Z,30-Apr-2026,12:54:53,0.26,1
American Crow,Corvus brachyrhynchos,2026-04-30T19:54:44Z,30-Apr-2026,12:54:44,0.8471,1
Bewick's Wren,Thryomanes bewickii,2026-04-30T19:53:50Z,30-Apr-2026,12:53:50,0.3,1
Bewick's Wren,Thryomanes bewickii,2026-04-30T19:53:43Z,30-Apr-2026,12:53:43,0.31,1
Bewick's Wren,Thryomanes bewickii,2026-04-30T19:53:36Z,30-Apr-2026,12:53:36,0.43,1
Bewick's Wren,Thryomanes bewickii,2026-04-30T19:53:29Z,30-Apr-2026,12:53:29,0.76,1
Bewick's Wren,Thryomanes bewickii,2026-04-30T19:52:51Z,30-Apr-2026,12:52:51,0.28,1
Bewick's Wren,Thryomanes bewickii,2026-04-30T19:52:41Z,30-Apr-2026,12:52:41,0.36,1
Bewick's Wren,Thryomanes bewickii,2026-04-30T19:52:22Z,30-Apr-2026,12:52:22,0.37,1
Bewick's Wren,Thryomanes bewickii,2026-04-30T19:52:09Z,30-Apr-2026,12:52:09,0.27,1
Bewick's Wren,Thryomanes bewickii,2026-04-30T19:52:00Z,30-Apr-2026,12:52:00,0.66,1
Bewick's Wren,Thryomanes bewickii,2026-04-30T19:51:10Z,30-Apr-2026,12:51:10,0.47,1
Bewick's Wren,Thryomanes bewickii,2026-04-30T19:50:54Z,30-Apr-2026,12:50:54,0.53,1
Bewick's Wren,Thryomanes bewickii,2026-04-30T19:50:44Z,30-Apr-2026,12:50:44,0.66,1
Bewick's Wren,Thryomanes bewickii,2026-04-30T19:50:34Z,30-Apr-2026,12:50:34,0.43,1
Bewick's Wren,Thryomanes bewickii,2026-04-30T19:50:26Z,30-Apr-2026,12:50:26,0.3,1
Bewick's Wren,Thryomanes bewickii,2026-04-30T19:50:13Z,30-Apr-2026,12:50:13,0.28,1
Bewick's Wren,Thryomanes bewickii,2026-04-30T19:50:06Z,30-Apr-2026,12:50:06,0.46,1
Bewick's Wren,Thryomanes bewickii,2026-04-30T19:49:53Z,30-Apr-2026,12:49:53,0.28,1
Bewick's Wren,Thryomanes bewickii,2026-04-30T19:49:46Z,30-Apr-2026,12:49:46,0.48,1
House Finch,Haemorhous mexicanus,2026-04-30T19:48:10Z,30-Apr-2026,12:48:10,0.8314,1
Bewick's Wren,Thryomanes bewickii,2026-04-30T19:46:32Z,30-Apr-2026,12:46:32,0.26,1
Bewick's Wren,Thryomanes bewickii,2026-04-30T19:46:22Z,30-Apr-2026,12:46:22,0.56,1
Bewick's Wren,Thryomanes bewickii,2026-04-30T19:45:44Z,30-Apr-2026,12:45:44,0.45,1
Bewick's Wren,Thryomanes bewickii,2026-04-30T19:45:23Z,30-Apr-2026,12:45:23,0.4,1
Bewick's Wren,Thryomanes bewickii,2026-04-30T19:45:12Z,30-Apr-2026,12:45:12,0.76,1
Bewick's Wren,Thryomanes bewickii,2026-04-30T19:43:44Z,30-Apr-2026,12:43:44,0.4,1
Bewick's Wren,Thryomanes bewickii,2026-04-30T19:43:36Z,30-Apr-2026,12:43:36,0.33,1
Bewick's Wren,Thryomanes bewickii,2026-04-30T19:43:03Z,30-Apr-2026,12:43:03,0.75,1
Bewick's Wren,Thryomanes bewickii,2026-04-30T19:38:59Z,30-Apr-2026,12:38:59,0.42,1
Bewick's Wren,Thryomanes bewickii,2026-04-30T19:38:52Z,30-Apr-2026,12:38:52,0.28,1
Bewick's Wren,Thryomanes bewickii,2026-04-30T19:38:41Z,30-Apr-2026,12:38:41,0.66,1
Bewick's Wren,Thryomanes bewickii,2026-04-30T19:38:17Z,30-Apr-2026,12:38:17,0.77,1
Bewick's Wren,Thryomanes bewickii,2026-04-30T19:38:10Z,30-Apr-2026,12:38:10,0.32,1
Bewick's Wren,Thryomanes bewickii,2026-04-30T19:38:00Z,30-Apr-2026,12:38:00,0.85,1
Bewick's Wren,Thryomanes bewickii,2026-04-30T19:37:15Z,30-Apr-2026,12:37:15,0.84,1
Bewick's Wren,Thryomanes bewickii,2026-04-30T19:37:05Z,30-Apr-2026,12:37:05,0.67,1
Bewick's Wren,Thryomanes bewickii,2026-04-30T19:36:54Z,30-Apr-2026,12:36:54,0.66,1
Bewick's Wren,Thryomanes bewickii,2026-04-30T19:36:44Z,30-Apr-2026,12:36:44,0.72,1
Bewick's Wren,Thryomanes bewickii,2026-04-30T19:35:31Z,30-Apr-2026,12:35:31,0.53,1
Black-capped Chickadee,Poecile atricapillus,2026-04-30T19:32:49Z,30-Apr-2026,12:32:49,0.37,1
Bewick's Wren,Thryomanes bewickii,2026-04-30T19:32:36Z,30-Apr-2026,12:32:36,0.64,1
Bewick's Wren,Thryomanes bewickii,2026-04-30T19:32:15Z,30-Apr-2026,12:32:15,0.82,1
Bewick's Wren,Thryomanes bewickii,2026-04-30T19:31:19Z,30-Apr-2026,12:31:19,0.54,1
Black-capped Chickadee,Poecile atricapillus,2026-04-30T19:31:08Z,30-Apr-2026,12:31:08,0.27,1
Bewick's Wren,Thryomanes bewickii,2026-04-30T19:30:59Z,30-Apr-2026,12:30:59,0.7,1
Bewick's Wren,Thryomanes bewickii,2026-04-30T19:30:52Z,30-Apr-2026,12:30:52,0.41,1
Bewick's Wren,Thryomanes bewickii,2026-04-30T19:30:45Z,30-Apr-2026,12:30:45,0.66,1
Black-capped Chickadee,Poecile atricapillus,2026-04-30T19:30:26Z,30-Apr-2026,12:30:26,0.8,1
Bewick's Wren,Thryomanes bewickii,2026-04-30T19:30:22Z,30-Apr-2026,12:30:22,0.58,1
Bewick's Wren,Thryomanes bewickii,2026-04-30T19:29:50Z,30-Apr-2026,12:29:50,0.42,1
Bewick's Wren,Thryomanes bewickii,2026-04-30T19:29:06Z,30-Apr-2026,12:29:06,0.47,1
Bewick's Wren,Thryomanes bewickii,2026-04-30T19:28:41Z,30-Apr-2026,12:28:41,0.64,1
Bewick's Wren,Thryomanes bewickii,2026-04-30T19:28:21Z,30-Apr-2026,12:28:21,0.64,1
Bewick's Wren,Thryomanes bewickii,2026-04-30T19:28:14Z,30-Apr-2026,12:28:14,0.56,1
Bewick's Wren,Thryomanes bewickii,2026-04-30T19:27:47Z,30-Apr-2026,12:27:47,0.33,1
Bewick's Wren,Thryomanes bewickii,2026-04-30T19:27:36Z,30-Apr-2026,12:27:36,0.79,1
Bewick's Wren,Thryomanes bewickii,2026-04-30T19:27:06Z,30-Apr-2026,12:27:06,0.34,1
Black-capped Chickadee,Poecile atricapillus,2026-04-30T19:26:59Z,30-Apr-2026,12:26:59,0.7804,1
Bewick's Wren,Thryomanes bewickii,2026-04-30T19:24:32Z,30-Apr-2026,12:24:32,0.63,1
Bewick's Wren,Thryomanes bewickii,2026-04-30T19:23:56Z,30-Apr-2026,12:23:56,0.36,1
Bewick's Wren,Thryomanes bewickii,2026-04-30T19:23:00Z,30-Apr-2026,12:23:00,0.64,1
Bewick's Wren,Thryomanes bewickii,2026-04-30T19:22:54Z,30-Apr-2026,12:22:54,0.28,1
Bewick's Wren,Thryomanes bewickii,2026-04-30T19:22:47Z,30-Apr-2026,12:22:47,0.37,1
American Robin,Turdus migratorius,2026-04-30T19:22:33Z,30-Apr-2026,12:22:33,0.8,1
Bewick's Wren,Thryomanes bewickii,2026-04-30T19:22:05Z,30-Apr-2026,12:22:05,0.63,1
Bewick's Wren,Thryomanes bewickii,2026-04-30T19:20:42Z,30-Apr-2026,12:20:42,0.67,1
American Robin,Turdus migratorius,2026-04-30T19:17:29Z,30-Apr-2026,12:17:29,0.7804,1
Bewick's Wren,Thryomanes bewickii,2026-04-30T19:15:47Z,30-Apr-2026,12:15:47,0.5,1
Bewick's Wren,Thryomanes bewickii,2026-04-30T19:14:45Z,30-Apr-2026,12:14:45,0.32,1
Bewick's Wren,Thryomanes bewickii,2026-04-30T19:14:29Z,30-Apr-2026,12:14:29,0.47,1
Bewick's Wren,Thryomanes bewickii,2026-04-30T19:14:22Z,30-Apr-2026,12:14:22,0.81,1
Bewick's Wren,Thryomanes bewickii,2026-04-30T19:14:00Z,30-Apr-2026,12:14:00,0.83,1
Bewick's Wren,Thryomanes bewickii,2026-04-30T19:13:44Z,30-Apr-2026,12:13:44,0.6,1
Bewick's Wren,Thryomanes bewickii,2026-04-30T19:13:12Z,30-Apr-2026,12:13:12,0.65,1
Bewick's Wren,Thryomanes bewickii,2026-04-30T19:13:05Z,30-Apr-2026,12:13:05,0.79,1
Bewick's Wren,Thryomanes bewickii,2026-04-30T19:12:59Z,30-Apr-2026,12:12:59,0.69,1
Bewick's Wren,Thryomanes bewickii,2026-04-30T19:12:30Z,30-Apr-2026,12:12:30,0.36,1
Bewick's Wren,Thryomanes bewickii,2026-04-30T19:12:23Z,30-Apr-2026,12:12:23,0.33,1
Bewick's Wren,Thryomanes bewickii,2026-04-30T19:10:38Z,30-Apr-2026,12:10:38,0.77,1
Bewick's Wren,Thryomanes bewickii,2026-04-30T19:09:26Z,30-Apr-2026,12:09:26,0.29,1
Black-capped Chickadee,Poecile atricapillus,2026-04-30T19:09:17Z,30-Apr-2026,12:09:17,0.8,1
Bewick's Wren,Thryomanes bewickii,2026-04-30T19:08:11Z,30-Apr-2026,12:08:11,0.71,1
Bewick's Wren,Thryomanes bewickii,2026-04-30T19:08:04Z,30-Apr-2026,12:08:04,0.74,1
Bewick's Wren,Thryomanes bewickii,2026-04-30T19:07:54Z,30-Apr-2026,12:07:54,0.44,1
Bewick's Wren,Thryomanes bewickii,2026-04-30T19:07:39Z,30-Apr-2026,12:07:39,0.32,1
Bewick's Wren,Thryomanes bewickii,2026-04-30T19:07:29Z,30-Apr-2026,12:07:29,0.86,1
Bewick's Wren,Thryomanes bewickii,2026-04-30T19:07:09Z,30-Apr-2026,12:07:09,0.72,1
Bewick's Wren,Thryomanes bewickii,2026-04-30T19:06:27Z,30-Apr-2026,12:06:27,0.39,1
Bewick's Wren,Thryomanes bewickii,2026-04-30T19:06:17Z,30-Apr-2026,12:06:17,0.87,1
Bewick's Wren,Thryomanes bewickii,2026-04-30T19:06:04Z,30-Apr-2026,12:06:04,0.82,1
Bewick's Wren,Thryomanes bewickii,2026-04-30T19:05:21Z,30-Apr-2026,12:05:21,0.59,1
Bewick's Wren,Thryomanes bewickii,2026-04-30T19:05:06Z,30-Apr-2026,12:05:06,0.84,1
Bewick's Wren,Thryomanes bewickii,2026-04-30T19:04:59Z,30-Apr-2026,12:04:59,0.89,1
Bewick's Wren,Thryomanes bewickii,2026-04-30T19:04:53Z,30-Apr-2026,12:04:53,0.54,1
Bewick's Wren,Thryomanes bewickii,2026-04-30T19:04:45Z,30-Apr-2026,12:04:45,0.56,1
American Crow,Corvus brachyrhynchos,2026-04-30T19:04:40Z,30-Apr-2026,12:04:40,0.898,1
Bewick's Wren,Thryomanes bewickii,2026-04-30T19:04:29Z,30-Apr-2026,12:04:29,0.61,1
Bewick's Wren,Thryomanes bewickii,2026-04-30T19:03:50Z,30-Apr-2026,12:03:50,0.91,1
Bewick's Wren,Thryomanes bewickii,2026-04-30T19:03:32Z,30-Apr-2026,12:03:32,0.7,1
Bewick's Wren,Thryomanes bewickii,2026-04-30T19:02:32Z,30-Apr-2026,12:02:32,0.49,1
Chestnut-backed Chickadee,Poecile rufescens,2026-04-30T19:02:02Z,30-Apr-2026,12:02:02,0.8863,4
Bewick's Wren,Thryomanes bewickii,2026-04-30T19:01:35Z,30-Apr-2026,12:01:35,0.37,1
Chestnut-backed Chickadee,Poecile rufescens,2026-04-30T19:01:18Z,30-Apr-2026,12:01:18,0.43,1
Chestnut-backed Chickadee,Poecile rufescens,2026-04-30T19:00:44Z,30-Apr-2026,12:00:44,0.38,1
Chestnut-backed Chickadee,Poecile rufescens,2026-04-30T19:00:32Z,30-Apr-2026,12:00:32,0.898,5
Chestnut-backed Chickadee,Poecile rufescens,2026-04-30T18:59:09Z,30-Apr-2026,11:59:09,0.45,1
Chestnut-backed Chickadee,Poecile rufescens,2026-04-30T18:58:56Z,30-Apr-2026,11:58:56,0.9961,1
Black-capped Chickadee,Poecile atricapillus,2026-04-30T18:58:30Z,30-Apr-2026,11:58:30,0.26,1
Chestnut-backed Chickadee,Poecile rufescens,2026-04-30T18:58:12Z,30-Apr-2026,11:58:12,0.28,1
Chestnut-backed Chickadee,Poecile rufescens,2026-04-30T18:57:52Z,30-Apr-2026,11:57:52,0.8627,2
Black-capped Chickadee,Poecile atricapillus,2026-04-30T18:56:15Z,30-Apr-2026,11:56:15,0.41,1
Chestnut-backed Chickadee,Poecile rufescens,2026-04-30T18:56:05Z,30-Apr-2026,11:56:05,0.58,1
Chestnut-backed Chickadee,Poecile rufescens,2026-04-30T18:55:41Z,30-Apr-2026,11:55:41,0.8627,1
Bewick's Wren,Thryomanes bewickii,2026-04-30T18:55:30Z,30-Apr-2026,11:55:30,0.37,1
Chestnut-backed Chickadee,Poecile rufescens,2026-04-30T18:54:39Z,30-Apr-2026,11:54:39,0.9725,1
Bewick's Wren,Thryomanes bewickii,2026-04-30T18:53:38Z,30-Apr-2026,11:53:38,0.43,1
Dark-eyed Junco,Junco hyemalis,2026-04-30T18:52:09Z,30-Apr-2026,11:52:09,0.26,1
American Robin,Turdus migratorius,2026-04-30T18:51:38Z,30-Apr-2026,11:51:38,0.8745,1
American Robin,Turdus migratorius,2026-04-30T18:50:50Z,30-Apr-2026,11:50:50,0.49,1
American Robin,Turdus migratorius,2026-04-30T18:50:42Z,30-Apr-2026,11:50:42,0.29,1
American Crow,Corvus brachyrhynchos,2026-04-30T18:50:39Z,30-Apr-2026,11:50:39,0.8863,1
American Crow,Corvus brachyrhynchos,2026-04-30T18:49:53Z,30-Apr-2026,11:49:53,0.4,1
Chestnut-backed Chickadee,Poecile rufescens,2026-04-30T18:47:21Z,30-Apr-2026,11:47:21,0.9804,5
House Finch,Haemorhous mexicanus,2026-04-30T18:46:11Z,30-Apr-2026,11:46:11,0.8627,1
Chestnut-backed Chickadee,Poecile rufescens,2026-04-30T18:45:08Z,30-Apr-2026,11:45:08,0.37,1
Chestnut-backed Chickadee,Poecile rufescens,2026-04-30T18:45:02Z,30-Apr-2026,11:45:02,0.9922,8
Chestnut-backed Chickadee,Poecile rufescens,2026-04-30T18:44:49Z,30-Apr-2026,11:44:49,0.51,1
Chestnut-backed Chickadee,Poecile rufescens,2026-04-30T18:44:11Z,30-Apr-2026,11:44:11,0.29,1
Chestnut-backed Chickadee,Poecile rufescens,2026-04-30T18:43:59Z,30-Apr-2026,11:43:59,0.8,1
Chestnut-backed Chickadee,Poecile rufescens,2026-04-30T18:43:32Z,30-Apr-2026,11:43:32,0.36,1
Chestnut-backed Chickadee,Poecile rufescens,2026-04-30T18:42:32Z,30-Apr-2026,11:42:32,0.9569,6
Chestnut-backed Chickadee,Poecile rufescens,2026-04-30T18:42:11Z,30-Apr-2026,11:42:11,0.35,1
House Finch,Haemorhous mexicanus,2026-04-30T18:41:08Z,30-Apr-2026,11:41:08,0.62,1
House Finch,Haemorhous mexicanus,2026-04-30T18:40:48Z,30-Apr-2026,11:40:48,0.8157,1
Anna's Hummingbird,Calypte anna,2026-04-30T18:39:37Z,30-Apr-2026,11:39:37,0.949,1
Anna's Hummingbird,Calypte anna,2026-04-30T18:38:32Z,30-Apr-2026,11:38:32,0.8745,1
Anna's Hummingbird,Calypte anna,2026-04-30T18:38:25Z,30-Apr-2026,11:38:25,0.27,1
House Finch,Haemorhous mexicanus,2026-04-30T18:38:17Z,30-Apr-2026,11:38:17,0.27,1
Chestnut-backed Chickadee,Poecile rufescens,2026-04-30T18:37:54Z,30-Apr-2026,11:37:54,0.5,1
Chestnut-backed Chickadee,Poecile rufescens,2026-04-30T18:37:37Z,30-Apr-2026,11:37:37,0.64,1
Chestnut-backed Chickadee,Poecile rufescens,2026-04-30T18:37:17Z,30-Apr-2026,11:37:17,0.9176,10
Chestnut-backed Chickadee,Poecile rufescens,2026-04-30T18:37:00Z,30-Apr-2026,11:37:00,0.4,1
Chestnut-backed Chickadee,Poecile rufescens,2026-04-30T18:36:15Z,30-Apr-2026,11:36:15,0.8863,1
Black-capped Chickadee,Poecile atricapillus,2026-04-30T18:36:08Z,30-Apr-2026,11:36:08,0.51,1
House Finch,Haemorhous mexicanus,2026-04-30T18:36:00Z,30-Apr-2026,11:36:00,0.8,6
House Finch,Haemorhous mexicanus,2026-04-30T18:35:04Z,30-Apr-2026,11:35:04,0.55,1
House Finch,Haemorhous mexicanus,2026-04-30T18:34:44Z,30-Apr-2026,11:34:44,0.49,1
House Finch,Haemorhous mexicanus,2026-04-30T18:34:36Z,30-Apr-2026,11:34:36,0.9176,1
Black-capped Chickadee,Poecile atricapillus,2026-04-30T18:34:11Z,30-Apr-2026,11:34:11,0.43,1
House Finch,Haemorhous mexicanus,2026-04-30T18:33:18Z,30-Apr-2026,11:33:18,0.9529,4
House Finch,Haemorhous mexicanus,2026-04-30T18:33:14Z,30-Apr-2026,11:33:14,0.97,1
White-crowned Sparrow,Zonotrichia leucophrys,2026-04-30T18:33:07Z,30-Apr-2026,11:33:07,0.37,1
House Finch,Haemorhous mexicanus,2026-04-30T18:31:44Z,30-Apr-2026,11:31:44,0.949,4
White-crowned Sparrow,Zonotrichia leucophrys,2026-04-30T18:30:45Z,30-Apr-2026,11:30:45,0.26,1
House Finch,Haemorhous mexicanus,2026-04-30T18:30:38Z,30-Apr-2026,11:30:38,0.8157,2
Black-capped Chickadee,Poecile atricapillus,2026-04-30T18:30:34Z,30-Apr-2026,11:30:34,0.32,1
House Finch,Haemorhous mexicanus,2026-04-30T18:29:28Z,30-Apr-2026,11:29:28,0.9176,3
House Finch,Haemorhous mexicanus,2026-04-30T18:27:56Z,30-Apr-2026,11:27:56,0.7804,2
House Finch,Haemorhous mexicanus,2026-04-30T18:27:44Z,30-Apr-2026,11:27:44,0.64,1
House Finch,Haemorhous mexicanus,2026-04-30T18:26:06Z,30-Apr-2026,11:26:06,0.8,1
House Finch,Haemorhous mexicanus,2026-04-30T18:25:31Z,30-Apr-2026,11:25:31,0.32,1
Chestnut-backed Chickadee,Poecile rufescens,2026-04-30T18:24:42Z,30-Apr-2026,11:24:42,0.8157,1
House Finch,Haemorhous mexicanus,2026-04-30T18:24:09Z,30-Apr-2026,11:24:09,0.8157,2
Chestnut-backed Chickadee,Poecile rufescens,2026-04-30T18:23:49Z,30-Apr-2026,11:23:49,0.41,1
Bewick's Wren,Thryomanes bewickii,2026-04-30T18:23:15Z,30-Apr-2026,11:23:15,0.27,1
Black-capped Chickadee,Poecile atricapillus,2026-04-30T18:23:02Z,30-Apr-2026,11:23:02,0.26,1
Chestnut-backed Chickadee,Poecile rufescens,2026-04-30T18:22:48Z,30-Apr-2026,11:22:48,0.45,1
House Finch,Haemorhous mexicanus,2026-04-30T18:20:19Z,30-Apr-2026,11:20:19,0.8157,4
Black-capped Chickadee,Poecile atricapillus,2026-04-30T18:19:28Z,30-Apr-2026,11:19:28,0.44,1
House Finch,Haemorhous mexicanus,2026-04-30T18:17:53Z,30-Apr-2026,11:17:53,0.8314,2
House Finch,Haemorhous mexicanus,2026-04-30T18:16:47Z,30-Apr-2026,11:16:47,0.8157,2
House Finch,Haemorhous mexicanus,2026-04-30T18:15:09Z,30-Apr-2026,11:15:09,0.8,1
Bewick's Wren,Thryomanes bewickii,2026-04-30T18:13:38Z,30-Apr-2026,11:13:38,0.34,1
House Finch,Haemorhous mexicanus,2026-04-30T18:13:00Z,30-Apr-2026,11:13:00,0.8,1
Black-capped Chickadee,Poecile atricapillus,2026-04-30T18:06:59Z,30-Apr-2026,11:06:59,0.4,1
Black-capped Chickadee,Poecile atricapillus,2026-04-30T18:06:51Z,30-Apr-2026,11:06:51,0.8745,1
Black-capped Chickadee,Poecile atricapillus,2026-04-30T18:06:15Z,30-Apr-2026,11:06:15,0.29,1
Black-capped Chickadee,Poecile atricapillus,2026-04-30T18:05:44Z,30-Apr-2026,11:05:44,0.36,1
Black-capped Chickadee,Poecile atricapillus,2026-04-30T18:05:18Z,30-Apr-2026,11:05:18,0.51,1
Northern Flicker,Colaptes auratus,2026-04-30T18:03:41Z,30-Apr-2026,11:03:41,0.28,1
Black-capped Chickadee,Poecile atricapillus,2026-04-30T18:02:32Z,30-Apr-2026,11:02:32,0.42,1
Bewick's Wren,Thryomanes bewickii,2026-04-30T17:53:24Z,30-Apr-2026,10:53:24,0.33,1
Bewick's Wren,Thryomanes bewickii,2026-04-30T17:53:02Z,30-Apr-2026,10:53:02,0.37,1
Bewick's Wren,Thryomanes bewickii,2026-04-30T17:52:27Z,30-Apr-2026,10:52:27,0.3,1
Black-capped Chickadee,Poecile atricapillus,2026-04-30T17:52:04Z,30-Apr-2026,10:52:04,0.4,1
Bewick's Wren,Thryomanes bewickii,2026-04-30T17:51:57Z,30-Apr-2026,10:51:57,0.46,1
Bewick's Wren,Thryomanes bewickii,2026-04-30T17:51:12Z,30-Apr-2026,10:51:12,0.56,1
American Robin,Turdus migratorius,2026-04-30T17:50:40Z,30-Apr-2026,10:50:40,0.8745,1
American Robin,Turdus migratorius,2026-04-30T17:50:13Z,30-Apr-2026,10:50:13,0.38,1
Bewick's Wren,Thryomanes bewickii,2026-04-30T17:49:51Z,30-Apr-2026,10:49:51,0.77,1
Bewick's Wren,Thryomanes bewickii,2026-04-30T17:49:44Z,30-Apr-2026,10:49:44,0.3,1
American Robin,Turdus migratorius,2026-04-30T17:49:21Z,30-Apr-2026,10:49:21,0.8471,1
Bewick's Wren,Thryomanes bewickii,2026-04-30T17:48:58Z,30-Apr-2026,10:48:58,0.48,1
Bewick's Wren,Thryomanes bewickii,2026-04-30T17:45:24Z,30-Apr-2026,10:45:24,0.44,1
Bewick's Wren,Thryomanes bewickii,2026-04-30T17:45:14Z,30-Apr-2026,10:45:14,0.36,1
American Robin,Turdus migratorius,2026-04-30T17:44:26Z,30-Apr-2026,10:44:26,0.28,1
Bewick's Wren,Thryomanes bewickii,2026-04-30T17:43:35Z,30-Apr-2026,10:43:35,0.72,1
Bewick's Wren,Thryomanes bewickii,2026-04-30T17:42:54Z,30-Apr-2026,10:42:54,0.5,1
Bewick's Wren,Thryomanes bewickii,2026-04-30T17:42:47Z,30-Apr-2026,10:42:47,0.62,1
Bewick's Wren,Thryomanes bewickii,2026-04-30T17:42:07Z,30-Apr-2026,10:42:07,0.3,1
Bewick's Wren,Thryomanes bewickii,2026-04-30T17:41:47Z,30-Apr-2026,10:41:47,0.3,1
Bewick's Wren,Thryomanes bewickii,2026-04-30T17:41:23Z,30-Apr-2026,10:41:23,0.69,1
Black-capped Chickadee,Poecile atricapillus,2026-04-30T17:41:09Z,30-Apr-2026,10:41:09,0.32,1
Bewick's Wren,Thryomanes bewickii,2026-04-30T17:40:14Z,30-Apr-2026,10:40:14,0.71,1
Yellow-rumped Warbler,Setophaga coronata,2026-04-30T17:38:50Z,30-Apr-2026,10:38:50,0.34,1
House Finch,Haemorhous mexicanus,2026-04-30T17:34:44Z,30-Apr-2026,10:34:44,0.8863,1
American Crow,Corvus brachyrhynchos,2026-04-30T17:34:37Z,30-Apr-2026,10:34:37,0.898,1
American Crow,Corvus brachyrhynchos,2026-04-30T17:34:33Z,30-Apr-2026,10:34:33,0.38,1
Bewick's Wren,Thryomanes bewickii,2026-04-30T17:33:48Z,30-Apr-2026,10:33:48,0.35,1
Bewick's Wren,Thryomanes bewickii,2026-04-30T17:33:06Z,30-Apr-2026,10:33:06,0.47,1
Bewick's Wren,Thryomanes bewickii,2026-04-30T17:32:42Z,30-Apr-2026,10:32:42,0.5,1
Bewick's Wren,Thryomanes bewickii,2026-04-30T17:32:28Z,30-Apr-2026,10:32:28,0.41,1
Bewick's Wren,Thryomanes bewickii,2026-04-30T17:32:13Z,30-Apr-2026,10:32:13,0.28,1
Bewick's Wren,Thryomanes bewickii,2026-04-30T17:32:06Z,30-Apr-2026,10:32:06,0.65,1
Bewick's Wren,Thryomanes bewickii,2026-04-30T17:31:50Z,30-Apr-2026,10:31:50,0.41,1
Bewick's Wren,Thryomanes bewickii,2026-04-30T17:31:33Z,30-Apr-2026,10:31:33,0.43,1
American Robin,Turdus migratorius,2026-04-30T17:30:06Z,30-Apr-2026,10:30:06,0.49,1
Bewick's Wren,Thryomanes bewickii,2026-04-30T17:29:42Z,30-Apr-2026,10:29:42,0.58,1
American Robin,Turdus migratorius,2026-04-30T17:29:00Z,30-Apr-2026,10:29:00,0.7804,2
Bewick's Wren,Thryomanes bewickii,2026-04-30T17:28:43Z,30-Apr-2026,10:28:43,0.49,1
Bewick's Wren,Thryomanes bewickii,2026-04-30T17:28:36Z,30-Apr-2026,10:28:36,0.83,1
Bewick's Wren,Thryomanes bewickii,2026-04-30T17:27:39Z,30-Apr-2026,10:27:39,0.61,1
Black-capped Chickadee,Poecile atricapillus,2026-04-30T17:26:57Z,30-Apr-2026,10:26:57,0.31,1
Bewick's Wren,Thryomanes bewickii,2026-04-30T17:26:40Z,30-Apr-2026,10:26:40,0.35,1
Bewick's Wren,Thryomanes bewickii,2026-04-30T17:26:33Z,30-Apr-2026,10:26:33,0.76,1
Bewick's Wren,Thryomanes bewickii,2026-04-30T17:25:24Z,30-Apr-2026,10:25:24,0.57,1
American Robin,Turdus migratorius,2026-04-30T17:24:15Z,30-Apr-2026,10:24:15,0.8,1
Bewick's Wren,Thryomanes bewickii,2026-04-30T17:23:54Z,30-Apr-2026,10:23:54,0.45,1
Bewick's Wren,Thryomanes bewickii,2026-04-30T17:23:41Z,30-Apr-2026,10:23:41,0.43,1
Bewick's Wren,Thryomanes bewickii,2026-04-30T17:23:34Z,30-Apr-2026,10:23:34,0.48,1
Black-capped Chickadee,Poecile atricapillus,2026-04-30T17:19:53Z,30-Apr-2026,10:19:53,0.8157,1
Chestnut-backed Chickadee,Poecile rufescens,2026-04-30T17:18:23Z,30-Apr-2026,10:18:23,0.26,1
Chestnut-backed Chickadee,Poecile rufescens,2026-04-30T17:17:08Z,30-Apr-2026,10:17:08,0.9569,1
House Finch,Haemorhous mexicanus,2026-04-30T17:15:57Z,30-Apr-2026,10:15:57,0.39,1
Chestnut-backed Chickadee,Poecile rufescens,2026-04-30T17:13:56Z,30-Apr-2026,10:13:56,0.35,1
Chestnut-backed Chickadee,Poecile rufescens,2026-04-30T17:12:50Z,30-Apr-2026,10:12:50,0.9098,1
House Finch,Haemorhous mexicanus,2026-04-30T17:11:20Z,30-Apr-2026,10:11:20,0.32,1
Bewick's Wren,Thryomanes bewickii,2026-04-30T17:10:23Z,30-Apr-2026,10:10:23,0.53,1
Bewick's Wren,Thryomanes bewickii,2026-04-30T17:08:08Z,30-Apr-2026,10:08:08,0.49,1
Bewick's Wren,Thryomanes bewickii,2026-04-30T17:07:29Z,30-Apr-2026,10:07:29,0.41,1
Varied Thrush,Ixoreus naevius,2026-04-30T17:06:47Z,30-Apr-2026,10:06:47,0.26,1
Bewick's Wren,Thryomanes bewickii,2026-04-30T17:04:55Z,30-Apr-2026,10:04:55,0.47,1
Bewick's Wren,Thryomanes bewickii,2026-04-30T17:04:33Z,30-Apr-2026,10:04:33,0.43,1
Bewick's Wren,Thryomanes bewickii,2026-04-30T17:04:06Z,30-Apr-2026,10:04:06,0.37,1
Bewick's Wren,Thryomanes bewickii,2026-04-30T17:03:49Z,30-Apr-2026,10:03:49,0.28,1
House Finch,Haemorhous mexicanus,2026-04-30T17:01:14Z,30-Apr-2026,10:01:14,0.7804,2
Black-capped Chickadee,Poecile atricapillus,2026-04-30T17:00:56Z,30-Apr-2026,10:00:56,0.51,1
House Finch,Haemorhous mexicanus,2026-04-30T17:00:12Z,30-Apr-2026,10:00:12,0.8157,1
Bewick's Wren,Thryomanes bewickii,2026-04-30T16:59:27Z,30-Apr-2026,09:59:27,0.31,1
Black-capped Chickadee,Poecile atricapillus,2026-04-30T16:59:17Z,30-Apr-2026,09:59:17,0.31,1
Bewick's Wren,Thryomanes bewickii,2026-04-30T16:58:59Z,30-Apr-2026,09:58:59,0.68,1
Bewick's Wren,Thryomanes bewickii,2026-04-30T16:58:29Z,30-Apr-2026,09:58:29,0.33,1
Bewick's Wren,Thryomanes bewickii,2026-04-30T16:57:26Z,30-Apr-2026,09:57:26,0.54,1
Bewick's Wren,Thryomanes bewickii,2026-04-30T16:57:15Z,30-Apr-2026,09:57:15,0.34,1
Bewick's Wren,Thryomanes bewickii,2026-04-30T16:57:09Z,30-Apr-2026,09:57:09,0.3,1
Bewick's Wren,Thryomanes bewickii,2026-04-30T16:57:02Z,30-Apr-2026,09:57:02,0.37,1
Bewick's Wren,Thryomanes bewickii,2026-04-30T16:56:44Z,30-Apr-2026,09:56:44,0.52,1
Bewick's Wren,Thryomanes bewickii,2026-04-30T16:56:14Z,30-Apr-2026,09:56:14,0.3,1
Bewick's Wren,Thryomanes bewickii,2026-04-30T16:55:56Z,30-Apr-2026,09:55:56,0.3,1
Bewick's Wren,Thryomanes bewickii,2026-04-30T16:55:08Z,30-Apr-2026,09:55:08,0.66,1
Bewick's Wren,Thryomanes bewickii,2026-04-30T16:54:43Z,30-Apr-2026,09:54:43,0.27,1
House Finch,Haemorhous mexicanus,2026-04-30T16:54:39Z,30-Apr-2026,09:54:39,0.7804,1
Bewick's Wren,Thryomanes bewickii,2026-04-30T16:53:35Z,30-Apr-2026,09:53:35,0.9,1
Bewick's Wren,Thryomanes bewickii,2026-04-30T16:53:24Z,30-Apr-2026,09:53:24,0.94,1
Bewick's Wren,Thryomanes bewickii,2026-04-30T16:53:04Z,30-Apr-2026,09:53:04,0.98,1
Bewick's Wren,Thryomanes bewickii,2026-04-30T16:52:53Z,30-Apr-2026,09:52:53,0.38,1
Bewick's Wren,Thryomanes bewickii,2026-04-30T16:52:47Z,30-Apr-2026,09:52:47,0.74,1
Bewick's Wren,Thryomanes bewickii,2026-04-30T16:52:16Z,30-Apr-2026,09:52:16,0.9,1
Bewick's Wren,Thryomanes bewickii,2026-04-30T16:52:00Z,30-Apr-2026,09:52:00,0.97,1
Bewick's Wren,Thryomanes bewickii,2026-04-30T16:51:50Z,30-Apr-2026,09:51:50,0.95,1
Bewick's Wren,Thryomanes bewickii,2026-04-30T16:51:42Z,30-Apr-2026,09:51:42,0.84,1
Bewick's Wren,Thryomanes bewickii,2026-04-30T16:51:28Z,30-Apr-2026,09:51:28,0.96,1
Anna's Hummingbird,Calypte anna,2026-04-30T16:51:23Z,30-Apr-2026,09:51:23,0.9569,1
Bewick's Wren,Thryomanes bewickii,2026-04-30T16:51:17Z,30-Apr-2026,09:51:17,0.59,1
Bewick's Wren,Thryomanes bewickii,2026-04-30T16:51:09Z,30-Apr-2026,09:51:09,0.85,1
Bewick's Wren,Thryomanes bewickii,2026-04-30T16:51:02Z,30-Apr-2026,09:51:02,0.97,1
Bewick's Wren,Thryomanes bewickii,2026-04-30T16:50:54Z,30-Apr-2026,09:50:54,0.97,1
Bewick's Wren,Thryomanes bewickii,2026-04-30T16:50:41Z,30-Apr-2026,09:50:41,0.96,1
Bewick's Wren,Thryomanes bewickii,2026-04-30T16:50:33Z,30-Apr-2026,09:50:33,0.93,1
Bewick's Wren,Thryomanes bewickii,2026-04-30T16:50:16Z,30-Apr-2026,09:50:16,0.27,1
Bewick's Wren,Thryomanes bewickii,2026-04-30T16:50:09Z,30-Apr-2026,09:50:09,0.91,1
Bewick's Wren,Thryomanes bewickii,2026-04-30T16:50:02Z,30-Apr-2026,09:50:02,0.98,1
Bewick's Wren,Thryomanes bewickii,2026-04-30T16:49:29Z,30-Apr-2026,09:49:29,0.57,1
Bewick's Wren,Thryomanes bewickii,2026-04-30T16:49:22Z,30-Apr-2026,09:49:22,0.92,1
Bewick's Wren,Thryomanes bewickii,2026-04-30T16:49:11Z,30-Apr-2026,09:49:11,0.95,1
Bewick's Wren,Thryomanes bewickii,2026-04-30T16:49:03Z,30-Apr-2026,09:49:03,0.83,1
Bewick's Wren,Thryomanes bewickii,2026-04-30T16:48:56Z,30-Apr-2026,09:48:56,0.97,1
Bewick's Wren,Thryomanes bewickii,2026-04-30T16:48:48Z,30-Apr-2026,09:48:48,0.88,1
House Finch,Haemorhous mexicanus,2026-04-30T16:48:43Z,30-Apr-2026,09:48:43,0.8627,1
Bewick's Wren,Thryomanes bewickii,2026-04-30T16:48:39Z,30-Apr-2026,09:48:39,0.92,1
Bewick's Wren,Thryomanes bewickii,2026-04-30T16:48:31Z,30-Apr-2026,09:48:31,0.91,1
Bewick's Wren,Thryomanes bewickii,2026-04-30T16:48:21Z,30-Apr-2026,09:48:21,0.48,1
Bewick's Wren,Thryomanes bewickii,2026-04-30T16:48:14Z,30-Apr-2026,09:48:14,0.92,1
Bewick's Wren,Thryomanes bewickii,2026-04-30T16:48:05Z,30-Apr-2026,09:48:05,0.69,1
Bewick's Wren,Thryomanes bewickii,2026-04-30T16:46:40Z,30-Apr-2026,09:46:40,0.32,1
Bewick's Wren,Thryomanes bewickii,2026-04-30T16:46:15Z,30-Apr-2026,09:46:15,0.91,1
Bewick's Wren,Thryomanes bewickii,2026-04-30T16:46:05Z,30-Apr-2026,09:46:05,0.94,1
Bewick's Wren,Thryomanes bewickii,2026-04-30T16:45:54Z,30-Apr-2026,09:45:54,0.71,1
Bewick's Wren,Thryomanes bewickii,2026-04-30T16:45:47Z,30-Apr-2026,09:45:47,0.96,1
Bewick's Wren,Thryomanes bewickii,2026-04-30T16:45:36Z,30-Apr-2026,09:45:36,0.32,1
Bewick's Wren,Thryomanes bewickii,2026-04-30T16:45:29Z,30-Apr-2026,09:45:29,0.45,1
Bewick's Wren,Thryomanes bewickii,2026-04-30T16:45:14Z,30-Apr-2026,09:45:14,0.47,1
Bewick's Wren,Thryomanes bewickii,2026-04-30T16:45:06Z,30-Apr-2026,09:45:06,0.97,1
Bewick's Wren,Thryomanes bewickii,2026-04-30T16:44:59Z,30-Apr-2026,09:44:59,0.94,1
Bewick's Wren,Thryomanes bewickii,2026-04-30T16:44:45Z,30-Apr-2026,09:44:45,0.26,1
Bewick's Wren,Thryomanes bewickii,2026-04-30T16:43:55Z,30-Apr-2026,09:43:55,0.55,1
Bewick's Wren,Thryomanes bewickii,2026-04-30T16:43:41Z,30-Apr-2026,09:43:41,0.49,1
Bewick's Wren,Thryomanes bewickii,2026-04-30T16:43:23Z,30-Apr-2026,09:43:23,0.95,1
Bewick's Wren,Thryomanes bewickii,2026-04-30T16:43:16Z,30-Apr-2026,09:43:16,0.75,1
Bewick's Wren,Thryomanes bewickii,2026-04-30T16:42:59Z,30-Apr-2026,09:42:59,0.98,1
Bewick's Wren,Thryomanes bewickii,2026-04-30T16:42:51Z,30-Apr-2026,09:42:51,0.95,1
Bewick's Wren,Thryomanes bewickii,2026-04-30T16:42:37Z,30-Apr-2026,09:42:37,0.9,1
Bewick's Wren,Thryomanes bewickii,2026-04-30T16:42:32Z,30-Apr-2026,09:42:32,0.68,1
Bewick's Wren,Thryomanes bewickii,2026-04-30T16:42:24Z,30-Apr-2026,09:42:24,0.49,1
Bewick's Wren,Thryomanes bewickii,2026-04-30T16:42:09Z,30-Apr-2026,09:42:09,0.73,1
Bewick's Wren,Thryomanes bewickii,2026-04-30T16:42:02Z,30-Apr-2026,09:42:02,0.95,1
Bewick's Wren,Thryomanes bewickii,2026-04-30T16:41:54Z,30-Apr-2026,09:41:54,0.28,1
Black-capped Chickadee,Poecile atricapillus,2026-04-30T16:41:41Z,30-Apr-2026,09:41:41,0.9098,1
Chestnut-backed Chickadee,Poecile rufescens,2026-04-30T16:41:08Z,30-Apr-2026,09:41:08,0.9686,1
Bewick's Wren,Thryomanes bewickii,2026-04-30T16:40:59Z,30-Apr-2026,09:40:59,0.28,1
White-throated Sparrow,Zonotrichia albicollis,2026-04-30T16:39:53Z,30-Apr-2026,09:39:53,0.51,1
White-crowned Sparrow,Zonotrichia leucophrys,2026-04-30T16:39:11Z,30-Apr-2026,09:39:11,0.32,1
Bewick's Wren,Thryomanes bewickii,2026-04-30T16:39:04Z,30-Apr-2026,09:39:04,0.26,1
Bewick's Wren,Thryomanes bewickii,2026-04-30T16:37:53Z,30-Apr-2026,09:37:53,0.34,1
Bewick's Wren,Thryomanes bewickii,2026-04-30T16:37:06Z,30-Apr-2026,09:37:06,0.34,1
Bewick's Wren,Thryomanes bewickii,2026-04-30T16:36:02Z,30-Apr-2026,09:36:02,0.43,1
Bewick's Wren,Thryomanes bewickii,2026-04-30T16:35:46Z,30-Apr-2026,09:35:46,0.36,1
Bewick's Wren,Thryomanes bewickii,2026-04-30T16:35:18Z,30-Apr-2026,09:35:18,0.36,1
Bewick's Wren,Thryomanes bewickii,2026-04-30T16:35:11Z,30-Apr-2026,09:35:11,0.51,1
Bewick's Wren,Thryomanes bewickii,2026-04-30T16:35:03Z,30-Apr-2026,09:35:03,0.51,1
Bewick's Wren,Thryomanes bewickii,2026-04-30T16:34:20Z,30-Apr-2026,09:34:20,0.46,1
Bewick's Wren,Thryomanes bewickii,2026-04-30T16:32:50Z,30-Apr-2026,09:32:50,0.33,1
Bewick's Wren,Thryomanes bewickii,2026-04-30T16:30:38Z,30-Apr-2026,09:30:38,0.36,1
House Finch,Haemorhous mexicanus,2026-04-30T16:29:38Z,30-Apr-2026,09:29:38,0.7804,1
Black-capped Chickadee,Poecile atricapillus,2026-04-30T16:29:27Z,30-Apr-2026,09:29:27,0.68,1
Black-capped Chickadee,Poecile atricapillus,2026-04-30T16:29:20Z,30-Apr-2026,09:29:20,0.29,1
Bewick's Wren,Thryomanes bewickii,2026-04-30T16:29:13Z,30-Apr-2026,09:29:13,0.27,1
Bewick's Wren,Thryomanes bewickii,2026-04-30T16:24:43Z,30-Apr-2026,09:24:43,0.3,1
Red-breasted Nuthatch,Sitta canadensis,2026-04-30T16:24:03Z,30-Apr-2026,09:24:03,0.7,1
Red-breasted Nuthatch,Sitta canadensis,2026-04-30T16:23:45Z,30-Apr-2026,09:23:45,0.58,1
Red-breasted Nuthatch,Sitta canadensis,2026-04-30T16:23:32Z,30-Apr-2026,09:23:32,0.8,1
Red-breasted Nuthatch,Sitta canadensis,2026-04-30T16:23:25Z,30-Apr-2026,09:23:25,0.82,1
Red-breasted Nuthatch,Sitta canadensis,2026-04-30T16:23:18Z,30-Apr-2026,09:23:18,0.74,1
Bewick's Wren,Thryomanes bewickii,2026-04-30T16:22:47Z,30-Apr-2026,09:22:47,0.36,1
Bewick's Wren,Thryomanes bewickii,2026-04-30T16:21:44Z,30-Apr-2026,09:21:44,0.35,1
Bewick's Wren,Thryomanes bewickii,2026-04-30T16:21:33Z,30-Apr-2026,09:21:33,0.36,1
White-crowned Sparrow,Zonotrichia leucophrys,2026-04-30T16:21:05Z,30-Apr-2026,09:21:05,0.41,1
Bewick's Wren,Thryomanes bewickii,2026-04-30T16:19:29Z,30-Apr-2026,09:19:29,0.31,1
Steller's Jay,Cyanocitta stelleri,2026-04-30T16:19:09Z,30-Apr-2026,09:19:09,0.51,1
Steller's Jay,Cyanocitta stelleri,2026-04-30T16:14:33Z,30-Apr-2026,09:14:33,0.8863,1
Steller's Jay,Cyanocitta stelleri,2026-04-30T16:14:08Z,30-Apr-2026,09:14:08,0.44,1
House Finch,Haemorhous mexicanus,2026-04-30T16:14:04Z,30-Apr-2026,09:14:04,0.8627,1
Black-capped Chickadee,Poecile atricapillus,2026-04-30T16:09:36Z,30-Apr-2026,09:09:36,0.3,1
Red-breasted Nuthatch,Sitta canadensis,2026-04-30T16:09:23Z,30-Apr-2026,09:09:23,0.85,1
Red-breasted Nuthatch,Sitta canadensis,2026-04-30T16:09:12Z,30-Apr-2026,09:09:12,0.66,1
Red-breasted Nuthatch,Sitta canadensis,2026-04-30T16:08:54Z,30-Apr-2026,09:08:54,0.9,1
Red-breasted Nuthatch,Sitta canadensis,2026-04-30T16:08:44Z,30-Apr-2026,09:08:44,0.66,1
Red-breasted Nuthatch,Sitta canadensis,2026-04-30T16:08:34Z,30-Apr-2026,09:08:34,0.9,1
Red-breasted Nuthatch,Sitta canadensis,2026-04-30T16:08:14Z,30-Apr-2026,09:08:14,0.94,1
American Robin,Turdus migratorius,2026-04-30T16:07:00Z,30-Apr-2026,09:07:00,0.29,1
American Robin,Turdus migratorius,2026-04-30T16:06:56Z,30-Apr-2026,09:06:56,0.8863,5
American Robin,Turdus migratorius,2026-04-30T16:05:44Z,30-Apr-2026,09:05:44,0.8157,1
Red-breasted Nuthatch,Sitta canadensis,2026-04-30T16:04:38Z,30-Apr-2026,09:04:38,0.28,1
Red-breasted Nuthatch,Sitta canadensis,2026-04-30T16:04:27Z,30-Apr-2026,09:04:27,0.31,1
American Robin,Turdus migratorius,2026-04-30T16:03:44Z,30-Apr-2026,09:03:44,0.8314,1
American Robin,Turdus migratorius,2026-04-30T16:02:40Z,30-Apr-2026,09:02:40,0.8745,1
American Crow,Corvus brachyrhynchos,2026-04-30T16:00:13Z,30-Apr-2026,09:00:13,0.9333,3
American Crow,Corvus brachyrhynchos,2026-04-30T15:59:54Z,30-Apr-2026,08:59:54,0.4,1
American Crow,Corvus brachyrhynchos,2026-04-30T15:59:11Z,30-Apr-2026,08:59:11,0.8471,1
American Robin,Turdus migratorius,2026-04-30T15:58:54Z,30-Apr-2026,08:58:54,0.8314,1
American Crow,Corvus brachyrhynchos,2026-04-30T15:58:02Z,30-Apr-2026,08:58:02,0.8471,1
House Finch,Haemorhous mexicanus,2026-04-30T15:54:04Z,30-Apr-2026,08:54:04,0.9725,1
Bewick's Wren,Thryomanes bewickii,2026-04-30T15:53:46Z,30-Apr-2026,08:53:46,0.26,1
Steller's Jay,Cyanocitta stelleri,2026-04-30T15:47:27Z,30-Apr-2026,08:47:27,0.8314,1
House Finch,Haemorhous mexicanus,2026-04-30T15:43:52Z,30-Apr-2026,08:43:52,0.7804,1
Black-capped Chickadee,Poecile atricapillus,2026-04-30T15:42:42Z,30-Apr-2026,08:42:42,0.31,1
Black-capped Chickadee,Poecile atricapillus,2026-04-30T15:42:27Z,30-Apr-2026,08:42:27,0.41,1
Black-capped Chickadee,Poecile atricapillus,2026-04-30T15:41:50Z,30-Apr-2026,08:41:50,0.33,1
Bewick's Wren,Thryomanes bewickii,2026-04-30T15:41:38Z,30-Apr-2026,08:41:38,0.29,1
Black-capped Chickadee,Poecile atricapillus,2026-04-30T15:41:34Z,30-Apr-2026,08:41:34,0.9647,2
Yellow-rumped Warbler,Setophaga coronata,2026-04-30T15:41:18Z,30-Apr-2026,08:41:18,0.79,1
Bewick's Wren,Thryomanes bewickii,2026-04-30T15:40:17Z,30-Apr-2026,08:40:17,0.3,1
Black-capped Chickadee,Poecile atricapillus,2026-04-30T15:40:10Z,30-Apr-2026,08:40:10,0.3,1
House Finch,Haemorhous mexicanus,2026-04-30T15:39:39Z,30-Apr-2026,08:39:39,0.66,1
Black-capped Chickadee,Poecile atricapillus,2026-04-30T15:39:17Z,30-Apr-2026,08:39:17,0.37,1
House Finch,Haemorhous mexicanus,2026-04-30T15:39:03Z,30-Apr-2026,08:39:03,0.8314,1
House Finch,Haemorhous mexicanus,2026-04-30T15:37:32Z,30-Apr-2026,08:37:32,0.8745,2
Black-capped Chickadee,Poecile atricapillus,2026-04-30T15:36:26Z,30-Apr-2026,08:36:26,0.8863,1
Black-capped Chickadee,Poecile atricapillus,2026-04-30T15:36:16Z,30-Apr-2026,08:36:16,0.31,1
House Finch,Haemorhous mexicanus,2026-04-30T15:36:12Z,30-Apr-2026,08:36:12,0.8,3
Black-capped Chickadee,Poecile atricapillus,2026-04-30T15:36:08Z,30-Apr-2026,08:36:08,0.54,1
Black-capped Chickadee,Poecile atricapillus,2026-04-30T15:35:55Z,30-Apr-2026,08:35:55,0.4,1
Black-capped Chickadee,Poecile atricapillus,2026-04-30T15:35:49Z,30-Apr-2026,08:35:49,0.28,1
Black-capped Chickadee,Poecile atricapillus,2026-04-30T15:35:20Z,30-Apr-2026,08:35:20,0.8627,1
House Finch,Haemorhous mexicanus,2026-04-30T15:35:04Z,30-Apr-2026,08:35:04,0.9098,1
Steller's Jay,Cyanocitta stelleri,2026-04-30T15:34:31Z,30-Apr-2026,08:34:31,0.9098,1
Steller's Jay,Cyanocitta stelleri,2026-04-30T15:34:24Z,30-Apr-2026,08:34:24,0.56,1
Steller's Jay,Cyanocitta stelleri,2026-04-30T15:34:04Z,30-Apr-2026,08:34:04,0.46,1
House Finch,Haemorhous mexicanus,2026-04-30T15:33:53Z,30-Apr-2026,08:33:53,0.8471,3
Steller's Jay,Cyanocitta stelleri,2026-04-30T15:33:48Z,30-Apr-2026,08:33:48,0.75,1
Black-capped Chickadee,Poecile atricapillus,2026-04-30T15:33:22Z,30-Apr-2026,08:33:22,0.8314,4
Black-capped Chickadee,Poecile atricapillus,2026-04-30T15:33:15Z,30-Apr-2026,08:33:15,0.67,1
Black-capped Chickadee,Poecile atricapillus,2026-04-30T15:32:35Z,30-Apr-2026,08:32:35,0.53,1
House Finch,Haemorhous mexicanus,2026-04-30T15:32:32Z,30-Apr-2026,08:32:32,0.9333,3
Black-capped Chickadee,Poecile atricapillus,2026-04-30T15:31:52Z,30-Apr-2026,08:31:52,0.41,1
Black-capped Chickadee,Poecile atricapillus,2026-04-30T15:31:45Z,30-Apr-2026,08:31:45,0.36,1
Black-capped Chickadee,Poecile atricapillus,2026-04-30T15:31:18Z,30-Apr-2026,08:31:18,0.39,1
Black-capped Chickadee,Poecile atricapillus,2026-04-30T15:31:08Z,30-Apr-2026,08:31:08,0.41,1
Black-capped Chickadee,Poecile atricapillus,2026-04-30T15:30:49Z,30-Apr-2026,08:30:49,0.898,5
Black-capped Chickadee,Poecile atricapillus,2026-04-30T15:30:39Z,30-Apr-2026,08:30:39,0.8,1
Black-capped Chickadee,Poecile atricapillus,2026-04-30T15:30:32Z,30-Apr-2026,08:30:32,0.37,1
Black-capped Chickadee,Poecile atricapillus,2026-04-30T15:30:12Z,30-Apr-2026,08:30:12,0.58,1
Black-capped Chickadee,Poecile atricapillus,2026-04-30T15:29:53Z,30-Apr-2026,08:29:53,0.33,1
Black-capped Chickadee,Poecile atricapillus,2026-04-30T15:29:33Z,30-Apr-2026,08:29:33,0.9333,5
Black-capped Chickadee,Poecile atricapillus,2026-04-30T15:29:28Z,30-Apr-2026,08:29:28,0.3,1
House Finch,Haemorhous mexicanus,2026-04-30T15:28:48Z,30-Apr-2026,08:28:48,0.28,1
Black-capped Chickadee,Poecile atricapillus,2026-04-30T15:28:29Z,30-Apr-2026,08:28:29,0.898,4
House Finch,Haemorhous mexicanus,2026-04-30T15:28:08Z,30-Apr-2026,08:28:08,0.92,1
Black-capped Chickadee,Poecile atricapillus,2026-04-30T15:27:39Z,30-Apr-2026,08:27:39,0.28,1
Black-capped Chickadee,Poecile atricapillus,2026-04-30T15:27:32Z,30-Apr-2026,08:27:32,0.71,1
Black-capped Chickadee,Poecile atricapillus,2026-04-30T15:27:20Z,30-Apr-2026,08:27:20,0.9098,2
House Finch,Haemorhous mexicanus,2026-04-30T15:26:39Z,30-Apr-2026,08:26:39,0.68,1
House Finch,Haemorhous mexicanus,2026-04-30T15:26:34Z,30-Apr-2026,08:26:34,0.8314,6
House Finch,Haemorhous mexicanus,2026-04-30T15:26:30Z,30-Apr-2026,08:26:30,0.64,1
Black-capped Chickadee,Poecile atricapillus,2026-04-30T15:26:23Z,30-Apr-2026,08:26:23,0.36,1
Black-capped Chickadee,Poecile atricapillus,2026-04-30T15:26:18Z,30-Apr-2026,08:26:18,0.8314,1
House Finch,Haemorhous mexicanus,2026-04-30T15:26:11Z,30-Apr-2026,08:26:11,0.81,1
House Finch,Haemorhous mexicanus,2026-04-30T15:25:29Z,30-Apr-2026,08:25:29,0.8314,1
Black-capped Chickadee,Poecile atricapillus,2026-04-30T15:24:19Z,30-Apr-2026,08:24:19,0.32,1
Mountain Chickadee,Poecile gambeli,2026-04-30T15:23:29Z,30-Apr-2026,08:23:29,0.33,1
Yellow-rumped Warbler,Setophaga coronata,2026-04-30T15:22:52Z,30-Apr-2026,08:22:52,0.34,1
House Finch,Haemorhous mexicanus,2026-04-30T15:22:48Z,30-Apr-2026,08:22:48,0.8627,1
Yellow-rumped Warbler,Setophaga coronata,2026-04-30T15:22:41Z,30-Apr-2026,08:22:41,0.49,1
Yellow-rumped Warbler,Setophaga coronata,2026-04-30T15:21:34Z,30-Apr-2026,08:21:34,0.44,1
Black-capped Chickadee,Poecile atricapillus,2026-04-30T15:21:22Z,30-Apr-2026,08:21:22,0.37,1
American Robin,Turdus migratorius,2026-04-30T15:20:48Z,30-Apr-2026,08:20:48,0.36,1
White-throated Sparrow,Zonotrichia albicollis,2026-04-30T15:18:21Z,30-Apr-2026,08:18:21,0.41,1
Peregrine Falcon,Falco peregrinus,2026-04-30T15:18:01Z,30-Apr-2026,08:18:01,0.59,1
White-throated Sparrow,Zonotrichia albicollis,2026-04-30T15:17:47Z,30-Apr-2026,08:17:47,0.27,1
House Finch,Haemorhous mexicanus,2026-04-30T15:16:56Z,30-Apr-2026,08:16:56,0.37,1
American Robin,Turdus migratorius,2026-04-30T15:16:05Z,30-Apr-2026,08:16:05,0.8471,1
Bushtit,Psaltriparus minimus,2026-04-30T15:15:41Z,30-Apr-2026,08:15:41,0.5,1
Bushtit,Psaltriparus minimus,2026-04-30T15:15:28Z,30-Apr-2026,08:15:28,0.85,1
House Finch,Haemorhous mexicanus,2026-04-30T15:14:34Z,30-Apr-2026,08:14:34,0.9333,1
American Robin,Turdus migratorius,2026-04-30T15:13:49Z,30-Apr-2026,08:13:49,0.3,1
House Finch,Haemorhous mexicanus,2026-04-30T15:13:30Z,30-Apr-2026,08:13:30,0.8471,1
House Finch,Haemorhous mexicanus,2026-04-30T15:13:26Z,30-Apr-2026,08:13:26,0.38,1
Steller's Jay,Cyanocitta stelleri,2026-04-30T15:12:51Z,30-Apr-2026,08:12:51,0.8,1
American Robin,Turdus migratorius,2026-04-30T15:12:40Z,30-Apr-2026,08:12:40,0.44,1
American Robin,Turdus migratorius,2026-04-30T15:10:13Z,30-Apr-2026,08:10:13,0.8,1
Bewick's Wren,Thryomanes bewickii,2026-04-30T15:09:51Z,30-Apr-2026,08:09:51,0.38,1
Bewick's Wren,Thryomanes bewickii,2026-04-30T15:09:29Z,30-Apr-2026,08:09:29,0.78,1
Bewick's Wren,Thryomanes bewickii,2026-04-30T15:09:14Z,30-Apr-2026,08:09:14,0.31,1
Bewick's Wren,Thryomanes bewickii,2026-04-30T15:08:55Z,30-Apr-2026,08:08:55,0.55,1
Bewick's Wren,Thryomanes bewickii,2026-04-30T15:07:23Z,30-Apr-2026,08:07:23,0.67,1
House Finch,Haemorhous mexicanus,2026-04-30T15:05:56Z,30-Apr-2026,08:05:56,0.57,1
House Finch,Haemorhous mexicanus,2026-04-30T15:04:11Z,30-Apr-2026,08:04:11,0.7804,2
Yellow-rumped Warbler,Setophaga coronata,2026-04-30T15:03:40Z,30-Apr-2026,08:03:40,0.35,1
Bewick's Wren,Thryomanes bewickii,2026-04-30T15:03:04Z,30-Apr-2026,08:03:04,0.54,1
House Finch,Haemorhous mexicanus,2026-04-30T15:02:51Z,30-Apr-2026,08:02:51,0.7804,4
House Finch,Haemorhous mexicanus,2026-04-30T15:01:33Z,30-Apr-2026,08:01:33,0.7804,4
Bewick's Wren,Thryomanes bewickii,2026-04-30T15:00:59Z,30-Apr-2026,08:00:59,0.88,1
Bewick's Wren,Thryomanes bewickii,2026-04-30T15:00:45Z,30-Apr-2026,08:00:45,0.47,1
House Finch,Haemorhous mexicanus,2026-04-30T15:00:29Z,30-Apr-2026,08:00:29,0.9529,1
Bewick's Wren,Thryomanes bewickii,2026-04-30T14:59:35Z,30-Apr-2026,07:59:35,0.48,1
Bewick's Wren,Thryomanes bewickii,2026-04-30T14:59:12Z,30-Apr-2026,07:59:12,0.36,1
Bewick's Wren,Thryomanes bewickii,2026-04-30T14:59:05Z,30-Apr-2026,07:59:05,0.55,1
Bewick's Wren,Thryomanes bewickii,2026-04-30T14:58:58Z,30-Apr-2026,07:58:58,0.59,1
Bewick's Wren,Thryomanes bewickii,2026-04-30T14:58:51Z,30-Apr-2026,07:58:51,0.47,1
Bewick's Wren,Thryomanes bewickii,2026-04-30T14:58:44Z,30-Apr-2026,07:58:44,0.52,1
Bewick's Wren,Thryomanes bewickii,2026-04-30T14:58:22Z,30-Apr-2026,07:58:22,0.3,1
Bewick's Wren,Thryomanes bewickii,2026-04-30T14:58:12Z,30-Apr-2026,07:58:12,0.3,1
Bewick's Wren,Thryomanes bewickii,2026-04-30T14:58:06Z,30-Apr-2026,07:58:06,0.37,1
Bewick's Wren,Thryomanes bewickii,2026-04-30T14:57:58Z,30-Apr-2026,07:57:58,0.29,1
House Finch,Haemorhous mexicanus,2026-04-30T14:57:19Z,30-Apr-2026,07:57:19,0.8863,1
House Finch,Haemorhous mexicanus,2026-04-30T14:57:07Z,30-Apr-2026,07:57:07,0.64,1
Bewick's Wren,Thryomanes bewickii,2026-04-30T14:57:00Z,30-Apr-2026,07:57:00,0.32,1
Bewick's Wren,Thryomanes bewickii,2026-04-30T14:56:53Z,30-Apr-2026,07:56:53,0.39,1
Bewick's Wren,Thryomanes bewickii,2026-04-30T14:56:10Z,30-Apr-2026,07:56:10,0.67,1
House Finch,Haemorhous mexicanus,2026-04-30T14:56:06Z,30-Apr-2026,07:56:06,0.8,1
Bewick's Wren,Thryomanes bewickii,2026-04-30T14:55:29Z,30-Apr-2026,07:55:29,0.27,1
House Finch,Haemorhous mexicanus,2026-04-30T14:54:03Z,30-Apr-2026,07:54:03,0.8863,3
Bewick's Wren,Thryomanes bewickii,2026-04-30T14:53:58Z,30-Apr-2026,07:53:58,0.83,1
Bewick's Wren,Thryomanes bewickii,2026-04-30T14:53:34Z,30-Apr-2026,07:53:34,0.34,1
Bewick's Wren,Thryomanes bewickii,2026-04-30T14:53:05Z,30-Apr-2026,07:53:05,0.47,1
House Finch,Haemorhous mexicanus,2026-04-30T14:52:40Z,30-Apr-2026,07:52:40,0.26,1
House Finch,Haemorhous mexicanus,2026-04-30T14:52:32Z,30-Apr-2026,07:52:32,0.8627,2
Bewick's Wren,Thryomanes bewickii,2026-04-30T14:52:28Z,30-Apr-2026,07:52:28,0.6,1
Bewick's Wren,Thryomanes bewickii,2026-04-30T14:52:13Z,30-Apr-2026,07:52:13,0.71,1
Bewick's Wren,Thryomanes bewickii,2026-04-30T14:52:03Z,30-Apr-2026,07:52:03,0.53,1
House Finch,Haemorhous mexicanus,2026-04-30T14:51:17Z,30-Apr-2026,07:51:17,0.7804,1
Bewick's Wren,Thryomanes bewickii,2026-04-30T14:51:03Z,30-Apr-2026,07:51:03,0.72,1
Bewick's Wren,Thryomanes bewickii,2026-04-30T14:50:31Z,30-Apr-2026,07:50:31,0.7,1
Bewick's Wren,Thryomanes bewickii,2026-04-30T14:50:23Z,30-Apr-2026,07:50:23,0.84,1
Bewick's Wren,Thryomanes bewickii,2026-04-30T14:50:09Z,30-Apr-2026,07:50:09,0.47,1
Bewick's Wren,Thryomanes bewickii,2026-04-30T14:49:59Z,30-Apr-2026,07:49:59,0.39,1
Bewick's Wren,Thryomanes bewickii,2026-04-30T14:49:49Z,30-Apr-2026,07:49:49,0.4,1
Orange-crowned Warbler,Leiothlypis celata,2026-04-30T14:49:43Z,30-Apr-2026,07:49:43,0.45,1
Bewick's Wren,Thryomanes bewickii,2026-04-30T14:49:28Z,30-Apr-2026,07:49:28,0.65,1
Bewick's Wren,Thryomanes bewickii,2026-04-30T14:49:22Z,30-Apr-2026,07:49:22,0.82,1
Bewick's Wren,Thryomanes bewickii,2026-04-30T14:48:54Z,30-Apr-2026,07:48:54,0.37,1
Bewick's Wren,Thryomanes bewickii,2026-04-30T14:48:26Z,30-Apr-2026,07:48:26,0.76,1
Bewick's Wren,Thryomanes bewickii,2026-04-30T14:48:19Z,30-Apr-2026,07:48:19,0.36,1
Steller's Jay,Cyanocitta stelleri,2026-04-30T14:48:15Z,30-Apr-2026,07:48:15,0.8745,1
Bewick's Wren,Thryomanes bewickii,2026-04-30T14:47:52Z,30-Apr-2026,07:47:52,0.83,1
Bewick's Wren,Thryomanes bewickii,2026-04-30T14:47:45Z,30-Apr-2026,07:47:45,0.61,1
Bewick's Wren,Thryomanes bewickii,2026-04-30T14:47:38Z,30-Apr-2026,07:47:38,0.39,1
Bewick's Wren,Thryomanes bewickii,2026-04-30T14:47:25Z,30-Apr-2026,07:47:25,0.4,1
Bewick's Wren,Thryomanes bewickii,2026-04-30T14:47:17Z,30-Apr-2026,07:47:17,0.44,1
Bewick's Wren,Thryomanes bewickii,2026-04-30T14:47:04Z,30-Apr-2026,07:47:04,0.65,1
Bewick's Wren,Thryomanes bewickii,2026-04-30T14:46:57Z,30-Apr-2026,07:46:57,0.65,1
Bewick's Wren,Thryomanes bewickii,2026-04-30T14:46:09Z,30-Apr-2026,07:46:09,0.38,1
Bewick's Wren,Thryomanes bewickii,2026-04-30T14:45:40Z,30-Apr-2026,07:45:40,0.34,1
Chestnut-backed Chickadee,Poecile rufescens,2026-04-30T14:45:06Z,30-Apr-2026,07:45:06,0.898,1
Bewick's Wren,Thryomanes bewickii,2026-04-30T14:44:14Z,30-Apr-2026,07:44:14,0.61,1
Bewick's Wren,Thryomanes bewickii,2026-04-30T14:43:45Z,30-Apr-2026,07:43:45,0.3,1
House Finch,Haemorhous mexicanus,2026-04-30T14:42:42Z,30-Apr-2026,07:42:42,0.898,2
Bewick's Wren,Thryomanes bewickii,2026-04-30T14:42:26Z,30-Apr-2026,07:42:26,0.37,1
Bewick's Wren,Thryomanes bewickii,2026-04-30T14:40:26Z,30-Apr-2026,07:40:26,0.58,1
Bewick's Wren,Thryomanes bewickii,2026-04-30T14:40:09Z,30-Apr-2026,07:40:09,0.38,1
Bewick's Wren,Thryomanes bewickii,2026-04-30T14:39:54Z,30-Apr-2026,07:39:54,0.83,1
Bewick's Wren,Thryomanes bewickii,2026-04-30T14:39:47Z,30-Apr-2026,07:39:47,0.9,1
Bewick's Wren,Thryomanes bewickii,2026-04-30T14:39:39Z,30-Apr-2026,07:39:39,0.35,1
Bewick's Wren,Thryomanes bewickii,2026-04-30T14:39:06Z,30-Apr-2026,07:39:06,0.4,1
House Finch,Haemorhous mexicanus,2026-04-30T14:39:02Z,30-Apr-2026,07:39:02,0.7804,1
Bewick's Wren,Thryomanes bewickii,2026-04-30T14:38:47Z,30-Apr-2026,07:38:47,0.55,1
House Finch,Haemorhous mexicanus,2026-04-30T14:38:01Z,30-Apr-2026,07:38:01,0.41,1
Bewick's Wren,Thryomanes bewickii,2026-04-30T14:37:44Z,30-Apr-2026,07:37:44,0.85,1
Bewick's Wren,Thryomanes bewickii,2026-04-30T14:36:17Z,30-Apr-2026,07:36:17,0.59,1
Bewick's Wren,Thryomanes bewickii,2026-04-30T14:36:02Z,30-Apr-2026,07:36:02,0.66,1
Bewick's Wren,Thryomanes bewickii,2026-04-30T14:35:40Z,30-Apr-2026,07:35:40,0.28,1
Bewick's Wren,Thryomanes bewickii,2026-04-30T14:35:01Z,30-Apr-2026,07:35:01,0.52,1
Chestnut-backed Chickadee,Poecile rufescens,2026-04-30T14:34:31Z,30-Apr-2026,07:34:31,0.29,1
Chestnut-backed Chickadee,Poecile rufescens,2026-04-30T14:34:27Z,30-Apr-2026,07:34:27,0.9333,1
Bewick's Wren,Thryomanes bewickii,2026-04-30T14:34:22Z,30-Apr-2026,07:34:22,0.34,1
Bewick's Wren,Thryomanes bewickii,2026-04-30T14:34:05Z,30-Apr-2026,07:34:05,0.38,1
Bewick's Wren,Thryomanes bewickii,2026-04-30T14:33:52Z,30-Apr-2026,07:33:52,0.47,1
Bewick's Wren,Thryomanes bewickii,2026-04-30T14:33:45Z,30-Apr-2026,07:33:45,0.27,1
Bewick's Wren,Thryomanes bewickii,2026-04-30T14:33:37Z,30-Apr-2026,07:33:37,0.33,1
Bewick's Wren,Thryomanes bewickii,2026-04-30T14:33:30Z,30-Apr-2026,07:33:30,0.79,1
Bewick's Wren,Thryomanes bewickii,2026-04-30T14:33:23Z,30-Apr-2026,07:33:23,0.41,1
Bewick's Wren,Thryomanes bewickii,2026-04-30T14:33:16Z,30-Apr-2026,07:33:16,0.73,1
Bewick's Wren,Thryomanes bewickii,2026-04-30T14:33:08Z,30-Apr-2026,07:33:08,0.82,1
Bewick's Wren,Thryomanes bewickii,2026-04-30T14:33:00Z,30-Apr-2026,07:33:00,0.35,1
Bewick's Wren,Thryomanes bewickii,2026-04-30T14:32:53Z,30-Apr-2026,07:32:53,0.46,1
Bewick's Wren,Thryomanes bewickii,2026-04-30T14:32:46Z,30-Apr-2026,07:32:46,0.72,1
Bewick's Wren,Thryomanes bewickii,2026-04-30T14:32:39Z,30-Apr-2026,07:32:39,0.45,1
Bewick's Wren,Thryomanes bewickii,2026-04-30T14:32:25Z,30-Apr-2026,07:32:25,0.37,1
Bewick's Wren,Thryomanes bewickii,2026-04-30T14:32:18Z,30-Apr-2026,07:32:18,0.64,1
Bewick's Wren,Thryomanes bewickii,2026-04-30T14:32:11Z,30-Apr-2026,07:32:11,0.92,1
Bewick's Wren,Thryomanes bewickii,2026-04-30T14:31:56Z,30-Apr-2026,07:31:56,0.86,1
Bewick's Wren,Thryomanes bewickii,2026-04-30T14:31:43Z,30-Apr-2026,07:31:43,0.84,1
Bewick's Wren,Thryomanes bewickii,2026-04-30T14:31:05Z,30-Apr-2026,07:31:05,0.5,1
Bewick's Wren,Thryomanes bewickii,2026-04-30T14:30:58Z,30-Apr-2026,07:30:58,0.49,1
Bewick's Wren,Thryomanes bewickii,2026-04-30T14:30:44Z,30-Apr-2026,07:30:44,0.71,1
Bewick's Wren,Thryomanes bewickii,2026-04-30T14:30:14Z,30-Apr-2026,07:30:14,0.68,1
Bewick's Wren,Thryomanes bewickii,2026-04-30T14:30:04Z,30-Apr-2026,07:30:04,0.33,1
Bewick's Wren,Thryomanes bewickii,2026-04-30T14:29:51Z,30-Apr-2026,07:29:51,0.43,1
Bewick's Wren,Thryomanes bewickii,2026-04-30T14:29:44Z,30-Apr-2026,07:29:44,0.31,1
Bewick's Wren,Thryomanes bewickii,2026-04-30T14:28:41Z,30-Apr-2026,07:28:41,0.43,1
House Finch,Haemorhous mexicanus,2026-04-30T14:28:22Z,30-Apr-2026,07:28:22,0.8,1
Chestnut-backed Chickadee,Poecile rufescens,2026-04-30T14:27:16Z,30-Apr-2026,07:27:16,0.45,1
Chestnut-backed Chickadee,Poecile rufescens,2026-04-30T14:27:12Z,30-Apr-2026,07:27:12,0.9922,10
Chestnut-backed Chickadee,Poecile rufescens,2026-04-30T14:27:08Z,30-Apr-2026,07:27:08,0.29,1
Bewick's Wren,Thryomanes bewickii,2026-04-30T14:26:52Z,30-Apr-2026,07:26:52,0.87,1
Chestnut-backed Chickadee,Poecile rufescens,2026-04-30T14:26:32Z,30-Apr-2026,07:26:32,0.53,1
Bewick's Wren,Thryomanes bewickii,2026-04-30T14:26:21Z,30-Apr-2026,07:26:21,0.45,1
Chestnut-backed Chickadee,Poecile rufescens,2026-04-30T14:26:06Z,30-Apr-2026,07:26:06,0.9529,10
Chestnut-backed Chickadee,Poecile rufescens,2026-04-30T14:25:52Z,30-Apr-2026,07:25:52,0.36,1
Bewick's Wren,Thryomanes bewickii,2026-04-30T14:25:36Z,30-Apr-2026,07:25:36,0.5,1
Bewick's Wren,Thryomanes bewickii,2026-04-30T14:25:21Z,30-Apr-2026,07:25:21,0.32,1
Chestnut-backed Chickadee,Poecile rufescens,2026-04-30T14:25:07Z,30-Apr-2026,07:25:07,0.53,1
Chestnut-backed Chickadee,Poecile rufescens,2026-04-30T14:25:02Z,30-Apr-2026,07:25:02,0.9098,3
Chestnut-backed Chickadee,Poecile rufescens,2026-04-30T14:24:58Z,30-Apr-2026,07:24:58,0.73,1
Chestnut-backed Chickadee,Poecile rufescens,2026-04-30T14:24:00Z,30-Apr-2026,07:24:00,0.9412,1
Bewick's Wren,Thryomanes bewickii,2026-04-30T14:22:49Z,30-Apr-2026,07:22:49,0.29,1
Bewick's Wren,Thryomanes bewickii,2026-04-30T14:22:18Z,30-Apr-2026,07:22:18,0.96,1
Bewick's Wren,Thryomanes bewickii,2026-04-30T14:22:11Z,30-Apr-2026,07:22:11,0.88,1
Bewick's Wren,Thryomanes bewickii,2026-04-30T14:21:51Z,30-Apr-2026,07:21:51,0.74,1
Bewick's Wren,Thryomanes bewickii,2026-04-30T14:21:36Z,30-Apr-2026,07:21:36,0.45,1
Bewick's Wren,Thryomanes bewickii,2026-04-30T14:21:00Z,30-Apr-2026,07:21:00,0.53,1
Bewick's Wren,Thryomanes bewickii,2026-04-30T14:20:29Z,30-Apr-2026,07:20:29,0.31,1
Black-capped Chickadee,Poecile atricapillus,2026-04-30T14:20:22Z,30-Apr-2026,07:20:22,0.38,1
Bewick's Wren,Thryomanes bewickii,2026-04-30T14:20:09Z,30-Apr-2026,07:20:09,0.59,1
Bewick's Wren,Thryomanes bewickii,2026-04-30T14:20:01Z,30-Apr-2026,07:20:01,0.55,1
Bewick's Wren,Thryomanes bewickii,2026-04-30T14:19:53Z,30-Apr-2026,07:19:53,0.29,1
Bewick's Wren,Thryomanes bewickii,2026-04-30T14:19:39Z,30-Apr-2026,07:19:39,0.44,1
Bewick's Wren,Thryomanes bewickii,2026-04-30T14:19:04Z,30-Apr-2026,07:19:04,0.31,1
Bewick's Wren,Thryomanes bewickii,2026-04-30T14:18:36Z,30-Apr-2026,07:18:36,0.41,1
Bewick's Wren,Thryomanes bewickii,2026-04-30T14:17:07Z,30-Apr-2026,07:17:07,0.36,1
Bewick's Wren,Thryomanes bewickii,2026-04-30T14:16:46Z,30-Apr-2026,07:16:46,0.36,1
Bewick's Wren,Thryomanes bewickii,2026-04-30T14:16:39Z,30-Apr-2026,07:16:39,0.95,1
Bewick's Wren,Thryomanes bewickii,2026-04-30T14:16:18Z,30-Apr-2026,07:16:18,0.71,1
MacGillivray's Warbler,Geothlypis tolmiei,2026-04-30T14:15:56Z,30-Apr-2026,07:15:56,0.47,1
Bewick's Wren,Thryomanes bewickii,2026-04-30T14:15:48Z,30-Apr-2026,07:15:48,0.61,1
Bewick's Wren,Thryomanes bewickii,2026-04-30T14:15:26Z,30-Apr-2026,07:15:26,0.93,1
Black-throated Gray Warbler,Setophaga nigrescens,2026-04-30T14:14:07Z,30-Apr-2026,07:14:07,0.54,1
Bewick's Wren,Thryomanes bewickii,2026-04-30T14:13:44Z,30-Apr-2026,07:13:44,0.33,1
Bewick's Wren,Thryomanes bewickii,2026-04-30T14:13:34Z,30-Apr-2026,07:13:34,0.51,1
House Finch,Haemorhous mexicanus,2026-04-30T14:12:53Z,30-Apr-2026,07:12:53,0.8471,1
House Finch,Haemorhous mexicanus,2026-04-30T14:12:34Z,30-Apr-2026,07:12:34,0.76,1
Chestnut-backed Chickadee,Poecile rufescens,2026-04-30T14:12:04Z,30-Apr-2026,07:12:04,0.33,1
Steller's Jay,Cyanocitta stelleri,2026-04-30T14:11:57Z,30-Apr-2026,07:11:57,0.52,1
Chestnut-backed Chickadee,Poecile rufescens,2026-04-30T14:11:50Z,30-Apr-2026,07:11:50,0.9647,3
Bewick's Wren,Thryomanes bewickii,2026-04-30T14:11:38Z,30-Apr-2026,07:11:38,0.9,1
Bewick's Wren,Thryomanes bewickii,2026-04-30T14:11:28Z,30-Apr-2026,07:11:28,0.84,1
Bewick's Wren,Thryomanes bewickii,2026-04-30T14:11:20Z,30-Apr-2026,07:11:20,0.98,1
Bewick's Wren,Thryomanes bewickii,2026-04-30T14:11:13Z,30-Apr-2026,07:11:13,0.89,1
Bewick's Wren,Thryomanes bewickii,2026-04-30T14:10:59Z,30-Apr-2026,07:10:59,0.7,1
Chestnut-backed Chickadee,Poecile rufescens,2026-04-30T14:10:51Z,30-Apr-2026,07:10:51,0.27,1
Bewick's Wren,Thryomanes bewickii,2026-04-30T14:10:44Z,30-Apr-2026,07:10:44,0.87,1
Bewick's Wren,Thryomanes bewickii,2026-04-30T14:10:09Z,30-Apr-2026,07:10:09,0.43,1
Bewick's Wren,Thryomanes bewickii,2026-04-30T14:10:02Z,30-Apr-2026,07:10:02,0.29,1
Bewick's Wren,Thryomanes bewickii,2026-04-30T14:09:41Z,30-Apr-2026,07:09:41,0.3,1
Bewick's Wren,Thryomanes bewickii,2026-04-30T14:09:32Z,30-Apr-2026,07:09:32,0.64,1
American Robin,Turdus migratorius,2026-04-30T14:09:08Z,30-Apr-2026,07:09:08,0.8157,1
American Robin,Turdus migratorius,2026-04-30T14:09:03Z,30-Apr-2026,07:09:03,0.26,1
Northern Flicker,Colaptes auratus,2026-04-30T14:08:05Z,30-Apr-2026,07:08:05,0.49,1
Northern Flicker,Colaptes auratus,2026-04-30T14:07:22Z,30-Apr-2026,07:07:22,0.54,1
Chestnut-backed Chickadee,Poecile rufescens,2026-04-30T14:06:24Z,30-Apr-2026,07:06:24,0.34,1
Chestnut-backed Chickadee,Poecile rufescens,2026-04-30T14:06:01Z,30-Apr-2026,07:06:01,0.4,1
Chestnut-backed Chickadee,Poecile rufescens,2026-04-30T14:05:44Z,30-Apr-2026,07:05:44,0.7804,1
Anna's Hummingbird,Calypte anna,2026-04-30T14:01:03Z,30-Apr-2026,07:01:03,0.9804,2
Black-capped Chickadee,Poecile atricapillus,2026-04-30T14:00:34Z,30-Apr-2026,07:00:34,0.38,1
House Finch,Haemorhous mexicanus,2026-04-30T13:59:41Z,30-Apr-2026,06:59:41,0.39,1
Steller's Jay,Cyanocitta stelleri,2026-04-30T13:57:07Z,30-Apr-2026,06:57:07,0.86,1
Anna's Hummingbird,Calypte anna,2026-04-30T13:56:05Z,30-Apr-2026,06:56:05,0.8,1
Steller's Jay,Cyanocitta stelleri,2026-04-30T13:55:54Z,30-Apr-2026,06:55:54,0.56,1
Chestnut-backed Chickadee,Poecile rufescens,2026-04-30T13:54:53Z,30-Apr-2026,06:54:53,0.7804,1
Chestnut-backed Chickadee,Poecile rufescens,2026-04-30T13:54:11Z,30-Apr-2026,06:54:11,0.34,1
Townsend's Warbler,Setophaga townsendi,2026-04-30T13:54:03Z,30-Apr-2026,06:54:03,0.51,1
House Finch,Haemorhous mexicanus,2026-04-30T13:53:56Z,30-Apr-2026,06:53:56,0.33,1
Bewick's Wren,Thryomanes bewickii,2026-04-30T13:53:33Z,30-Apr-2026,06:53:33,0.72,1
Steller's Jay,Cyanocitta stelleri,2026-04-30T13:52:42Z,30-Apr-2026,06:52:42,0.8,1
Steller's Jay,Cyanocitta stelleri,2026-04-30T13:52:38Z,30-Apr-2026,06:52:38,0.49,1
American Goldfinch,Spinus tristis,2026-04-30T13:52:10Z,30-Apr-2026,06:52:10,0.41,1
Steller's Jay,Cyanocitta stelleri,2026-04-30T13:51:54Z,30-Apr-2026,06:51:54,0.41,1
Steller's Jay,Cyanocitta stelleri,2026-04-30T13:51:22Z,30-Apr-2026,06:51:22,0.36,1
American Crow,Corvus brachyrhynchos,2026-04-30T13:50:57Z,30-Apr-2026,06:50:57,0.8471,1
Black-capped Chickadee,Poecile atricapillus,2026-04-30T13:50:22Z,30-Apr-2026,06:50:22,0.41,1
Black-capped Chickadee,Poecile atricapillus,2026-04-30T13:50:14Z,30-Apr-2026,06:50:14,0.42,1
Black-capped Chickadee,Poecile atricapillus,2026-04-30T13:49:52Z,30-Apr-2026,06:49:52,0.26,1
Black-capped Chickadee,Poecile atricapillus,2026-04-30T13:49:46Z,30-Apr-2026,06:49:46,0.34,1
Black-capped Chickadee,Poecile atricapillus,2026-04-30T13:48:43Z,30-Apr-2026,06:48:43,0.8314,1
Bewick's Wren,Thryomanes bewickii,2026-04-30T13:46:27Z,30-Apr-2026,06:46:27,0.39,1
Chestnut-backed Chickadee,Poecile rufescens,2026-04-30T13:45:42Z,30-Apr-2026,06:45:42,0.7804,1
Chestnut-backed Chickadee,Poecile rufescens,2026-04-30T13:45:35Z,30-Apr-2026,06:45:35,0.4,1
Yellow-rumped Warbler,Setophaga coronata,2026-04-30T13:43:56Z,30-Apr-2026,06:43:56,0.34,1
House Finch,Haemorhous mexicanus,2026-04-30T13:36:59Z,30-Apr-2026,06:36:59,0.9255,2
House Finch,Haemorhous mexicanus,2026-04-30T13:35:48Z,30-Apr-2026,06:35:48,0.86,1
House Finch,Haemorhous mexicanus,2026-04-30T13:35:41Z,30-Apr-2026,06:35:41,0.28,1
House Finch,Haemorhous mexicanus,2026-04-30T13:35:36Z,30-Apr-2026,06:35:36,0.9647,1
House Finch,Haemorhous mexicanus,2026-04-30T13:34:16Z,30-Apr-2026,06:34:16,0.38,1
House Finch,Haemorhous mexicanus,2026-04-30T13:34:10Z,30-Apr-2026,06:34:10,0.27,1
Black-capped Chickadee,Poecile atricapillus,2026-04-30T13:33:22Z,30-Apr-2026,06:33:22,0.8627,1
House Finch,Haemorhous mexicanus,2026-04-30T13:33:04Z,30-Apr-2026,06:33:04,0.44,1
House Finch,Haemorhous mexicanus,2026-04-30T13:32:33Z,30-Apr-2026,06:32:33,0.35,1
House Finch,Haemorhous mexicanus,2026-04-30T13:31:41Z,30-Apr-2026,06:31:41,0.8627,1
Chestnut-backed Chickadee,Poecile rufescens,2026-04-30T13:30:42Z,30-Apr-2026,06:30:42,0.28,1
Chestnut-backed Chickadee,Poecile rufescens,2026-04-30T13:25:07Z,30-Apr-2026,06:25:07,0.37,1
Chestnut-backed Chickadee,Poecile rufescens,2026-04-30T13:24:50Z,30-Apr-2026,06:24:50,0.7804,5
Chestnut-backed Chickadee,Poecile rufescens,2026-04-30T13:24:30Z,30-Apr-2026,06:24:30,0.41,1
Chestnut-backed Chickadee,Poecile rufescens,2026-04-30T13:23:47Z,30-Apr-2026,06:23:47,0.8745,1
Bewick's Wren,Thryomanes bewickii,2026-04-30T13:20:59Z,30-Apr-2026,06:20:59,0.52,1
Bewick's Wren,Thryomanes bewickii,2026-04-30T13:19:23Z,30-Apr-2026,06:19:23,0.62,1
Bewick's Wren,Thryomanes bewickii,2026-04-30T13:19:09Z,30-Apr-2026,06:19:09,0.35,1
Bewick's Wren,Thryomanes bewickii,2026-04-30T13:16:01Z,30-Apr-2026,06:16:01,0.35,1
Bewick's Wren,Thryomanes bewickii,2026-04-30T13:15:46Z,30-Apr-2026,06:15:46,0.37,1
Black-capped Chickadee,Poecile atricapillus,2026-04-30T13:14:05Z,30-Apr-2026,06:14:05,0.46,1
Black-capped Chickadee,Poecile atricapillus,2026-04-30T13:13:58Z,30-Apr-2026,06:13:58,0.41,1
Black-capped Chickadee,Poecile atricapillus,2026-04-30T13:13:21Z,30-Apr-2026,06:13:21,0.8745,1
Black-capped Chickadee,Poecile atricapillus,2026-04-30T13:13:14Z,30-Apr-2026,06:13:14,0.49,1
Black-capped Chickadee,Poecile atricapillus,2026-04-30T13:12:16Z,30-Apr-2026,06:12:16,0.7804,1
Black-capped Chickadee,Poecile atricapillus,2026-04-30T13:08:39Z,30-Apr-2026,06:08:39,0.45,1
Bewick's Wren,Thryomanes bewickii,2026-04-30T13:08:15Z,30-Apr-2026,06:08:15,0.42,1
Bewick's Wren,Thryomanes bewickii,2026-04-30T13:07:53Z,30-Apr-2026,06:07:53,0.29,1
Black-capped Chickadee,Poecile atricapillus,2026-04-30T13:05:47Z,30-Apr-2026,06:05:47,0.51,1
American Crow,Corvus brachyrhynchos,2026-04-30T13:03:15Z,30-Apr-2026,06:03:15,0.5,1
Bewick's Wren,Thryomanes bewickii,2026-04-30T13:02:06Z,30-Apr-2026,06:02:06,0.58,1
Black-capped Chickadee,Poecile atricapillus,2026-04-30T13:01:59Z,30-Apr-2026,06:01:59,0.8627,1
Mountain Chickadee,Poecile gambeli,2026-04-30T13:01:06Z,30-Apr-2026,06:01:06,0.83,1
Townsend's Warbler,Setophaga townsendi,2026-04-30T12:59:48Z,30-Apr-2026,05:59:48,0.37,1
Townsend's Warbler,Setophaga townsendi,2026-04-30T12:58:34Z,30-Apr-2026,05:58:34,0.28,1
Townsend's Warbler,Setophaga townsendi,2026-04-30T12:57:17Z,30-Apr-2026,05:57:17,0.37,1
Townsend's Warbler,Setophaga townsendi,2026-04-30T12:56:36Z,30-Apr-2026,05:56:36,0.37,1
Townsend's Warbler,Setophaga townsendi,2026-04-30T12:56:04Z,30-Apr-2026,05:56:04,0.34,1
Townsend's Warbler,Setophaga townsendi,2026-04-30T12:50:56Z,30-Apr-2026,05:50:56,0.52,1
Townsend's Warbler,Setophaga townsendi,2026-04-30T12:50:50Z,30-Apr-2026,05:50:50,0.28,1
Golden-crowned Kinglet,Regulus satrapa,2026-04-30T12:48:27Z,30-Apr-2026,05:48:27,0.33,1
Black-capped Chickadee,Poecile atricapillus,2026-04-30T12:47:40Z,30-Apr-2026,05:47:40,0.81,1
White-crowned Sparrow,Zonotrichia leucophrys,2026-04-30T12:45:58Z,30-Apr-2026,05:45:58,0.3,1
Black-capped Chickadee,Poecile atricapillus,2026-04-30T12:45:32Z,30-Apr-2026,05:45:32,0.8745,7
Black-capped Chickadee,Poecile atricapillus,2026-04-30T12:45:26Z,30-Apr-2026,05:45:26,0.34,1
Black-capped Chickadee,Poecile atricapillus,2026-04-30T12:45:10Z,30-Apr-2026,05:45:10,0.52,1
Black-capped Chickadee,Poecile atricapillus,2026-04-30T12:44:23Z,30-Apr-2026,05:44:23,0.8863,1
Bewick's Wren,Thryomanes bewickii,2026-04-30T12:43:05Z,30-Apr-2026,05:43:05,0.91,1
Bewick's Wren,Thryomanes bewickii,2026-04-30T12:42:40Z,30-Apr-2026,05:42:40,0.64,1
Black-capped Chickadee,Poecile atricapillus,2026-04-30T12:42:25Z,30-Apr-2026,05:42:25,0.54,1
Bewick's Wren,Thryomanes bewickii,2026-04-30T12:42:17Z,30-Apr-2026,05:42:17,0.45,1
Bewick's Wren,Thryomanes bewickii,2026-04-30T12:42:03Z,30-Apr-2026,05:42:03,0.46,1
Bewick's Wren,Thryomanes bewickii,2026-04-30T12:41:56Z,30-Apr-2026,05:41:56,0.95,1
Bewick's Wren,Thryomanes bewickii,2026-04-30T12:41:48Z,30-Apr-2026,05:41:48,0.52,1
Bewick's Wren,Thryomanes bewickii,2026-04-30T12:41:41Z,30-Apr-2026,05:41:41,0.95,1
Bewick's Wren,Thryomanes bewickii,2026-04-30T12:41:34Z,30-Apr-2026,05:41:34,0.68,1
Bewick's Wren,Thryomanes bewickii,2026-04-30T12:41:27Z,30-Apr-2026,05:41:27,0.78,1
Bewick's Wren,Thryomanes bewickii,2026-04-30T12:41:12Z,30-Apr-2026,05:41:12,0.74,1
Bewick's Wren,Thryomanes bewickii,2026-04-30T12:41:05Z,30-Apr-2026,05:41:05,0.38,1
Bewick's Wren,Thryomanes bewickii,2026-04-30T12:40:50Z,30-Apr-2026,05:40:50,0.75,1
Bewick's Wren,Thryomanes bewickii,2026-04-30T12:40:42Z,30-Apr-2026,05:40:42,0.92,1
Black-capped Chickadee,Poecile atricapillus,2026-04-30T12:40:37Z,30-Apr-2026,05:40:37,0.8157,1
Bewick's Wren,Thryomanes bewickii,2026-04-30T12:40:18Z,30-Apr-2026,05:40:18,0.78,1
Bewick's Wren,Thryomanes bewickii,2026-04-30T12:39:57Z,30-Apr-2026,05:39:57,0.74,1
Bewick's Wren,Thryomanes bewickii,2026-04-30T12:39:51Z,30-Apr-2026,05:39:51,0.7,1
Bewick's Wren,Thryomanes bewickii,2026-04-30T12:39:44Z,30-Apr-2026,05:39:44,0.92,1
Bewick's Wren,Thryomanes bewickii,2026-04-30T12:39:37Z,30-Apr-2026,05:39:37,0.49,1
Bewick's Wren,Thryomanes bewickii,2026-04-30T12:39:21Z,30-Apr-2026,05:39:21,0.8,1
Bewick's Wren,Thryomanes bewickii,2026-04-30T12:39:14Z,30-Apr-2026,05:39:14,0.41,1
Bewick's Wren,Thryomanes bewickii,2026-04-30T12:39:06Z,30-Apr-2026,05:39:06,0.58,1
Bewick's Wren,Thryomanes bewickii,2026-04-30T12:38:52Z,30-Apr-2026,05:38:52,0.57,1
Bewick's Wren,Thryomanes bewickii,2026-04-30T12:38:45Z,30-Apr-2026,05:38:45,0.8,1
Bewick's Wren,Thryomanes bewickii,2026-04-30T12:38:38Z,30-Apr-2026,05:38:38,0.82,1
Bewick's Wren,Thryomanes bewickii,2026-04-30T12:38:30Z,30-Apr-2026,05:38:30,0.94,1
Bewick's Wren,Thryomanes bewickii,2026-04-30T12:38:15Z,30-Apr-2026,05:38:15,0.79,1
Bewick's Wren,Thryomanes bewickii,2026-04-30T12:38:08Z,30-Apr-2026,05:38:08,0.7,1
Bewick's Wren,Thryomanes bewickii,2026-04-30T12:38:01Z,30-Apr-2026,05:38:01,0.52,1
Black-capped Chickadee,Poecile atricapillus,2026-04-30T12:37:53Z,30-Apr-2026,05:37:53,0.34,1
Bewick's Wren,Thryomanes bewickii,2026-04-30T12:37:45Z,30-Apr-2026,05:37:45,0.86,1
Bewick's Wren,Thryomanes bewickii,2026-04-30T12:37:38Z,30-Apr-2026,05:37:38,0.96,1
Bewick's Wren,Thryomanes bewickii,2026-04-30T12:37:31Z,30-Apr-2026,05:37:31,0.93,1
Bewick's Wren,Thryomanes bewickii,2026-04-30T12:37:24Z,30-Apr-2026,05:37:24,0.95,1
Bushtit,Psaltriparus minimus,2026-04-30T12:37:17Z,30-Apr-2026,05:37:17,0.32,1
Bewick's Wren,Thryomanes bewickii,2026-04-30T12:37:10Z,30-Apr-2026,05:37:10,0.68,1
Bewick's Wren,Thryomanes bewickii,2026-04-30T12:37:03Z,30-Apr-2026,05:37:03,0.94,1
Bewick's Wren,Thryomanes bewickii,2026-04-30T12:36:49Z,30-Apr-2026,05:36:49,0.72,1
Bewick's Wren,Thryomanes bewickii,2026-04-30T12:36:41Z,30-Apr-2026,05:36:41,0.91,1
Bewick's Wren,Thryomanes bewickii,2026-04-30T12:36:33Z,30-Apr-2026,05:36:33,0.52,1
Bewick's Wren,Thryomanes bewickii,2026-04-30T12:36:25Z,30-Apr-2026,05:36:25,0.9,1
Bewick's Wren,Thryomanes bewickii,2026-04-30T12:36:18Z,30-Apr-2026,05:36:18,0.73,1
Bewick's Wren,Thryomanes bewickii,2026-04-30T12:36:10Z,30-Apr-2026,05:36:10,0.94,1
Bewick's Wren,Thryomanes bewickii,2026-04-30T12:36:03Z,30-Apr-2026,05:36:03,0.82,1
Bewick's Wren,Thryomanes bewickii,2026-04-30T12:35:58Z,30-Apr-2026,05:35:58,0.95,1
Bewick's Wren,Thryomanes bewickii,2026-04-30T12:35:50Z,30-Apr-2026,05:35:50,0.53,1
Bewick's Wren,Thryomanes bewickii,2026-04-30T12:35:43Z,30-Apr-2026,05:35:43,0.51,1
Bewick's Wren,Thryomanes bewickii,2026-04-30T12:35:35Z,30-Apr-2026,05:35:35,0.96,1
Bewick's Wren,Thryomanes bewickii,2026-04-30T12:35:14Z,30-Apr-2026,05:35:14,0.88,1
Bewick's Wren,Thryomanes bewickii,2026-04-30T12:34:53Z,30-Apr-2026,05:34:53,0.73,1
Bewick's Wren,Thryomanes bewickii,2026-04-30T12:34:46Z,30-Apr-2026,05:34:46,0.8,1
Bewick's Wren,Thryomanes bewickii,2026-04-30T12:34:39Z,30-Apr-2026,05:34:39,0.97,1
Bewick's Wren,Thryomanes bewickii,2026-04-30T12:34:32Z,30-Apr-2026,05:34:32,0.91,1
Bewick's Wren,Thryomanes bewickii,2026-04-30T12:34:25Z,30-Apr-2026,05:34:25,0.78,1
Black-capped Chickadee,Poecile atricapillus,2026-04-30T12:34:17Z,30-Apr-2026,05:34:17,0.75,1
Bewick's Wren,Thryomanes bewickii,2026-04-30T12:34:10Z,30-Apr-2026,05:34:10,0.95,1
Bewick's Wren,Thryomanes bewickii,2026-04-30T12:34:03Z,30-Apr-2026,05:34:03,0.97,1
Bewick's Wren,Thryomanes bewickii,2026-04-30T12:33:49Z,30-Apr-2026,05:33:49,0.89,1
Bewick's Wren,Thryomanes bewickii,2026-04-30T12:33:34Z,30-Apr-2026,05:33:34,0.96,1
Bewick's Wren,Thryomanes bewickii,2026-04-30T12:33:12Z,30-Apr-2026,05:33:12,0.91,1
Bewick's Wren,Thryomanes bewickii,2026-04-30T12:33:04Z,30-Apr-2026,05:33:04,0.47,1
Bewick's Wren,Thryomanes bewickii,2026-04-30T12:32:56Z,30-Apr-2026,05:32:56,0.9,1
Bewick's Wren,Thryomanes bewickii,2026-04-30T12:32:48Z,30-Apr-2026,05:32:48,0.88,1
Black-capped Chickadee,Poecile atricapillus,2026-04-30T12:32:42Z,30-Apr-2026,05:32:42,0.66,1
Bewick's Wren,Thryomanes bewickii,2026-04-30T12:32:37Z,30-Apr-2026,05:32:37,0.8,1
Bewick's Wren,Thryomanes bewickii,2026-04-30T12:32:29Z,30-Apr-2026,05:32:29,0.91,1
Bewick's Wren,Thryomanes bewickii,2026-04-30T12:32:20Z,30-Apr-2026,05:32:20,0.9,1
Bewick's Wren,Thryomanes bewickii,2026-04-30T12:32:13Z,30-Apr-2026,05:32:13,0.97,1
Bewick's Wren,Thryomanes bewickii,2026-04-30T12:31:43Z,30-Apr-2026,05:31:43,0.98,1
Bewick's Wren,Thryomanes bewickii,2026-04-30T12:31:19Z,30-Apr-2026,05:31:19,0.97,1
Bewick's Wren,Thryomanes bewickii,2026-04-30T12:31:12Z,30-Apr-2026,05:31:12,0.99,1
Bewick's Wren,Thryomanes bewickii,2026-04-30T12:31:05Z,30-Apr-2026,05:31:05,0.91,1
Bewick's Wren,Thryomanes bewickii,2026-04-30T12:30:34Z,30-Apr-2026,05:30:34,0.69,1
Bewick's Wren,Thryomanes bewickii,2026-04-30T12:30:19Z,30-Apr-2026,05:30:19,0.32,1
Bewick's Wren,Thryomanes bewickii,2026-04-30T12:30:04Z,30-Apr-2026,05:30:04,0.97,1
Bewick's Wren,Thryomanes bewickii,2026-04-30T12:29:58Z,30-Apr-2026,05:29:58,0.97,1
Black-capped Chickadee,Poecile atricapillus,2026-04-30T12:29:54Z,30-Apr-2026,05:29:54,0.8157,1
Bewick's Wren,Thryomanes bewickii,2026-04-30T12:29:46Z,30-Apr-2026,05:29:46,0.98,1
Bewick's Wren,Thryomanes bewickii,2026-04-30T12:29:31Z,30-Apr-2026,05:29:31,0.99,1
Bewick's Wren,Thryomanes bewickii,2026-04-30T12:29:23Z,30-Apr-2026,05:29:23,0.98,1
Bewick's Wren,Thryomanes bewickii,2026-04-30T12:29:08Z,30-Apr-2026,05:29:08,0.55,1
Bewick's Wren,Thryomanes bewickii,2026-04-30T12:29:01Z,30-Apr-2026,05:29:01,0.87,1
Bewick's Wren,Thryomanes bewickii,2026-04-30T12:28:46Z,30-Apr-2026,05:28:46,0.98,1
Bewick's Wren,Thryomanes bewickii,2026-04-30T12:28:31Z,30-Apr-2026,05:28:31,0.73,1
Bewick's Wren,Thryomanes bewickii,2026-04-30T12:28:16Z,30-Apr-2026,05:28:16,0.83,1
Bewick's Wren,Thryomanes bewickii,2026-04-30T12:28:09Z,30-Apr-2026,05:28:09,0.35,1
Bewick's Wren,Thryomanes bewickii,2026-04-30T12:28:01Z,30-Apr-2026,05:28:01,0.9,1
Bewick's Wren,Thryomanes bewickii,2026-04-30T12:27:54Z,30-Apr-2026,05:27:54,0.4,1
Bewick's Wren,Thryomanes bewickii,2026-04-30T12:27:47Z,30-Apr-2026,05:27:47,0.98,1
Bewick's Wren,Thryomanes bewickii,2026-04-30T12:27:32Z,30-Apr-2026,05:27:32,0.36,1
Bewick's Wren,Thryomanes bewickii,2026-04-30T12:27:24Z,30-Apr-2026,05:27:24,0.26,1
Bewick's Wren,Thryomanes bewickii,2026-04-30T12:27:10Z,30-Apr-2026,05:27:10,0.86,1
Bewick's Wren,Thryomanes bewickii,2026-04-30T12:27:01Z,30-Apr-2026,05:27:01,0.44,1
Bewick's Wren,Thryomanes bewickii,2026-04-30T12:26:54Z,30-Apr-2026,05:26:54,0.82,1
Bewick's Wren,Thryomanes bewickii,2026-04-30T12:26:46Z,30-Apr-2026,05:26:46,0.92,1
Bewick's Wren,Thryomanes bewickii,2026-04-30T12:26:39Z,30-Apr-2026,05:26:39,0.75,1
Bewick's Wren,Thryomanes bewickii,2026-04-30T12:26:14Z,30-Apr-2026,05:26:14,0.49,1
Bewick's Wren,Thryomanes bewickii,2026-04-30T12:26:07Z,30-Apr-2026,05:26:07,0.95,1
Bewick's Wren,Thryomanes bewickii,2026-04-30T12:25:59Z,30-Apr-2026,05:25:59,0.96,1
Dark-eyed Junco,Junco hyemalis,2026-04-30T12:25:52Z,30-Apr-2026,05:25:52,0.37,1
Bewick's Wren,Thryomanes bewickii,2026-04-30T12:25:46Z,30-Apr-2026,05:25:46,0.28,1
Bewick's Wren,Thryomanes bewickii,2026-04-30T12:25:39Z,30-Apr-2026,05:25:39,0.47,1
Bewick's Wren,Thryomanes bewickii,2026-04-30T12:25:31Z,30-Apr-2026,05:25:31,0.97,1
Bewick's Wren,Thryomanes bewickii,2026-04-30T12:25:24Z,30-Apr-2026,05:25:24,0.34,1
Bewick's Wren,Thryomanes bewickii,2026-04-30T12:25:16Z,30-Apr-2026,05:25:16,0.76,1
Black-capped Chickadee,Poecile atricapillus,2026-04-30T12:25:12Z,30-Apr-2026,05:25:12,0.8471,1
Black-capped Chickadee,Poecile atricapillus,2026-04-30T12:25:05Z,30-Apr-2026,05:25:05,0.3,1
Bewick's Wren,Thryomanes bewickii,2026-04-30T12:24:56Z,30-Apr-2026,05:24:56,0.8,1
Bewick's Wren,Thryomanes bewickii,2026-04-30T12:24:34Z,30-Apr-2026,05:24:34,0.93,1
Bewick's Wren,Thryomanes bewickii,2026-04-30T12:24:27Z,30-Apr-2026,05:24:27,0.61,1
Bewick's Wren,Thryomanes bewickii,2026-04-30T12:24:19Z,30-Apr-2026,05:24:19,0.87,1
Bewick's Wren,Thryomanes bewickii,2026-04-30T12:24:11Z,30-Apr-2026,05:24:11,0.79,1
Bewick's Wren,Thryomanes bewickii,2026-04-30T12:24:03Z,30-Apr-2026,05:24:03,0.86,1
Bewick's Wren,Thryomanes bewickii,2026-04-30T12:23:56Z,30-Apr-2026,05:23:56,0.97,1
Bewick's Wren,Thryomanes bewickii,2026-04-30T12:23:48Z,30-Apr-2026,05:23:48,0.93,1
Bewick's Wren,Thryomanes bewickii,2026-04-30T12:23:41Z,30-Apr-2026,05:23:41,0.85,1
Bewick's Wren,Thryomanes bewickii,2026-04-30T12:23:27Z,30-Apr-2026,05:23:27,0.46,1
Bewick's Wren,Thryomanes bewickii,2026-04-30T12:23:19Z,30-Apr-2026,05:23:19,0.97,1
Bewick's Wren,Thryomanes bewickii,2026-04-30T12:23:12Z,30-Apr-2026,05:23:12,0.62,1
Bewick's Wren,Thryomanes bewickii,2026-04-30T12:22:43Z,30-Apr-2026,05:22:43,0.87,1
Bewick's Wren,Thryomanes bewickii,2026-04-30T12:22:27Z,30-Apr-2026,05:22:27,0.95,1
Bewick's Wren,Thryomanes bewickii,2026-04-30T12:22:20Z,30-Apr-2026,05:22:20,0.95,1
Bewick's Wren,Thryomanes bewickii,2026-04-30T12:22:12Z,30-Apr-2026,05:22:12,0.9,1
Bewick's Wren,Thryomanes bewickii,2026-04-30T12:22:05Z,30-Apr-2026,05:22:05,0.93,1
Bewick's Wren,Thryomanes bewickii,2026-04-30T12:21:56Z,30-Apr-2026,05:21:56,0.96,1
Bewick's Wren,Thryomanes bewickii,2026-04-30T12:21:49Z,30-Apr-2026,05:21:49,0.9,1
Bewick's Wren,Thryomanes bewickii,2026-04-30T12:21:41Z,30-Apr-2026,05:21:41,0.95,1
Bewick's Wren,Thryomanes bewickii,2026-04-30T12:21:34Z,30-Apr-2026,05:21:34,0.9,1
Bewick's Wren,Thryomanes bewickii,2026-04-30T12:21:26Z,30-Apr-2026,05:21:26,0.98,1
Bewick's Wren,Thryomanes bewickii,2026-04-30T12:21:19Z,30-Apr-2026,05:21:19,0.3,1
Bewick's Wren,Thryomanes bewickii,2026-04-30T12:21:12Z,30-Apr-2026,05:21:12,0.96,1
Bewick's Wren,Thryomanes bewickii,2026-04-30T12:20:58Z,30-Apr-2026,05:20:58,0.74,1
Bewick's Wren,Thryomanes bewickii,2026-04-30T12:20:51Z,30-Apr-2026,05:20:51,0.61,1
Bewick's Wren,Thryomanes bewickii,2026-04-30T12:20:43Z,30-Apr-2026,05:20:43,0.94,1
Bewick's Wren,Thryomanes bewickii,2026-04-30T12:20:37Z,30-Apr-2026,05:20:37,0.88,1
Bewick's Wren,Thryomanes bewickii,2026-04-30T12:20:21Z,30-Apr-2026,05:20:21,0.94,1
Bewick's Wren,Thryomanes bewickii,2026-04-30T12:20:14Z,30-Apr-2026,05:20:14,0.3,1
Bewick's Wren,Thryomanes bewickii,2026-04-30T12:20:07Z,30-Apr-2026,05:20:07,0.72,1
Bewick's Wren,Thryomanes bewickii,2026-04-30T12:19:59Z,30-Apr-2026,05:19:59,0.66,1
Bewick's Wren,Thryomanes bewickii,2026-04-30T12:19:48Z,30-Apr-2026,05:19:48,0.68,1
Bewick's Wren,Thryomanes bewickii,2026-04-30T12:19:42Z,30-Apr-2026,05:19:42,0.95,1
Bewick's Wren,Thryomanes bewickii,2026-04-30T12:19:33Z,30-Apr-2026,05:19:33,0.8,1
Bewick's Wren,Thryomanes bewickii,2026-04-30T12:19:21Z,30-Apr-2026,05:19:21,0.54,1
Bewick's Wren,Thryomanes bewickii,2026-04-30T12:19:07Z,30-Apr-2026,05:19:07,0.47,1
Bewick's Wren,Thryomanes bewickii,2026-04-30T12:18:59Z,30-Apr-2026,05:18:59,0.98,1
Bewick's Wren,Thryomanes bewickii,2026-04-30T12:18:43Z,30-Apr-2026,05:18:43,0.47,1
Bewick's Wren,Thryomanes bewickii,2026-04-30T12:18:36Z,30-Apr-2026,05:18:36,0.93,1
Bewick's Wren,Thryomanes bewickii,2026-04-30T12:18:29Z,30-Apr-2026,05:18:29,0.94,1
Bewick's Wren,Thryomanes bewickii,2026-04-30T12:18:22Z,30-Apr-2026,05:18:22,0.72,1
Bewick's Wren,Thryomanes bewickii,2026-04-30T12:18:15Z,30-Apr-2026,05:18:15,0.92,1
Bewick's Wren,Thryomanes bewickii,2026-04-30T12:18:08Z,30-Apr-2026,05:18:08,0.97,1
Bewick's Wren,Thryomanes bewickii,2026-04-30T12:18:00Z,30-Apr-2026,05:18:00,0.34,1
Bewick's Wren,Thryomanes bewickii,2026-04-30T12:17:53Z,30-Apr-2026,05:17:53,0.91,1
Bewick's Wren,Thryomanes bewickii,2026-04-30T12:17:39Z,30-Apr-2026,05:17:39,0.55,1
Bewick's Wren,Thryomanes bewickii,2026-04-30T12:17:24Z,30-Apr-2026,05:17:24,0.98,1
Bewick's Wren,Thryomanes bewickii,2026-04-30T12:17:17Z,30-Apr-2026,05:17:17,0.98,1
Bewick's Wren,Thryomanes bewickii,2026-04-30T12:17:02Z,30-Apr-2026,05:17:02,0.82,1
Black-capped Chickadee,Poecile atricapillus,2026-04-30T12:16:47Z,30-Apr-2026,05:16:47,0.48,1
Bewick's Wren,Thryomanes bewickii,2026-04-30T12:16:33Z,30-Apr-2026,05:16:33,0.78,1
Bewick's Wren,Thryomanes bewickii,2026-04-30T12:15:52Z,30-Apr-2026,05:15:52,0.92,1
Bewick's Wren,Thryomanes bewickii,2026-04-30T12:15:44Z,30-Apr-2026,05:15:44,0.98,1
Black-capped Chickadee,Poecile atricapillus,2026-04-30T12:15:21Z,30-Apr-2026,05:15:21,0.41,1
Black-capped Chickadee,Poecile atricapillus,2026-04-30T12:15:14Z,30-Apr-2026,05:15:14,0.56,1
Bewick's Wren,Thryomanes bewickii,2026-04-30T12:14:52Z,30-Apr-2026,05:14:52,0.58,1
Bewick's Wren,Thryomanes bewickii,2026-04-30T12:14:36Z,30-Apr-2026,05:14:36,0.61,1
Bewick's Wren,Thryomanes bewickii,2026-04-30T12:14:28Z,30-Apr-2026,05:14:28,0.93,1
Bewick's Wren,Thryomanes bewickii,2026-04-30T12:14:22Z,30-Apr-2026,05:14:22,0.96,1
Bewick's Wren,Thryomanes bewickii,2026-04-30T12:14:14Z,30-Apr-2026,05:14:14,0.96,1
Bewick's Wren,Thryomanes bewickii,2026-04-30T12:13:58Z,30-Apr-2026,05:13:58,0.98,1
Bewick's Wren,Thryomanes bewickii,2026-04-30T12:13:51Z,30-Apr-2026,05:13:51,0.96,1
Bewick's Wren,Thryomanes bewickii,2026-04-30T12:13:44Z,30-Apr-2026,05:13:44,0.98,1
Bewick's Wren,Thryomanes bewickii,2026-04-30T12:13:16Z,30-Apr-2026,05:13:16,0.98,1
Bewick's Wren,Thryomanes bewickii,2026-04-30T12:13:08Z,30-Apr-2026,05:13:08,0.99,1
Bewick's Wren,Thryomanes bewickii,2026-04-30T12:12:45Z,30-Apr-2026,05:12:45,0.99,1
Bewick's Wren,Thryomanes bewickii,2026-04-30T12:12:32Z,30-Apr-2026,05:12:32,0.97,1
Bewick's Wren,Thryomanes bewickii,2026-04-30T12:12:22Z,30-Apr-2026,05:12:22,0.98,1
Bewick's Wren,Thryomanes bewickii,2026-04-30T12:12:15Z,30-Apr-2026,05:12:15,0.97,1
Bewick's Wren,Thryomanes bewickii,2026-04-30T12:12:09Z,30-Apr-2026,05:12:09,0.97,1
Bewick's Wren,Thryomanes bewickii,2026-04-30T12:12:02Z,30-Apr-2026,05:12:02,0.98,1
Bewick's Wren,Thryomanes bewickii,2026-04-30T12:11:34Z,30-Apr-2026,05:11:34,0.93,1
Bewick's Wren,Thryomanes bewickii,2026-04-30T12:11:26Z,30-Apr-2026,05:11:26,0.95,1
Bewick's Wren,Thryomanes bewickii,2026-04-30T12:11:19Z,30-Apr-2026,05:11:19,0.88,1
Bewick's Wren,Thryomanes bewickii,2026-04-30T12:11:11Z,30-Apr-2026,05:11:11,0.89,1
Bewick's Wren,Thryomanes bewickii,2026-04-30T12:11:04Z,30-Apr-2026,05:11:04,0.54,1
Bewick's Wren,Thryomanes bewickii,2026-04-30T12:10:57Z,30-Apr-2026,05:10:57,0.49,1
Bewick's Wren,Thryomanes bewickii,2026-04-30T12:10:50Z,30-Apr-2026,05:10:50,0.98,1
Bewick's Wren,Thryomanes bewickii,2026-04-30T12:10:43Z,30-Apr-2026,05:10:43,0.96,1
Bewick's Wren,Thryomanes bewickii,2026-04-30T12:10:35Z,30-Apr-2026,05:10:35,0.86,1
Bewick's Wren,Thryomanes bewickii,2026-04-30T12:10:28Z,30-Apr-2026,05:10:28,0.89,1
Bewick's Wren,Thryomanes bewickii,2026-04-30T12:10:20Z,30-Apr-2026,05:10:20,0.97,1
Bewick's Wren,Thryomanes bewickii,2026-04-30T12:10:12Z,30-Apr-2026,05:10:12,0.83,1
Bewick's Wren,Thryomanes bewickii,2026-04-30T12:10:06Z,30-Apr-2026,05:10:06,0.96,1
Black-capped Chickadee,Poecile atricapillus,2026-04-30T12:10:02Z,30-Apr-2026,05:10:02,0.7804,1
Bewick's Wren,Thryomanes bewickii,2026-04-30T12:09:54Z,30-Apr-2026,05:09:54,0.98,1
Black-capped Chickadee,Poecile atricapillus,2026-04-30T12:09:44Z,30-Apr-2026,05:09:44,0.56,1
Bewick's Wren,Thryomanes bewickii,2026-04-30T12:09:33Z,30-Apr-2026,05:09:33,0.98,1
Bewick's Wren,Thryomanes bewickii,2026-04-30T12:09:26Z,30-Apr-2026,05:09:26,0.46,1
Bewick's Wren,Thryomanes bewickii,2026-04-30T12:09:18Z,30-Apr-2026,05:09:18,0.99,1
Bewick's Wren,Thryomanes bewickii,2026-04-30T12:09:12Z,30-Apr-2026,05:09:12,0.98,1
Bewick's Wren,Thryomanes bewickii,2026-04-30T12:08:54Z,30-Apr-2026,05:08:54,0.98,1
Bewick's Wren,Thryomanes bewickii,2026-04-30T12:08:47Z,30-Apr-2026,05:08:47,0.98,1
Bewick's Wren,Thryomanes bewickii,2026-04-30T12:08:32Z,30-Apr-2026,05:08:32,0.97,1
Bewick's Wren,Thryomanes bewickii,2026-04-30T12:08:11Z,30-Apr-2026,05:08:11,0.99,1
Bewick's Wren,Thryomanes bewickii,2026-04-30T12:08:03Z,30-Apr-2026,05:08:03,0.95,1
Bewick's Wren,Thryomanes bewickii,2026-04-30T12:07:56Z,30-Apr-2026,05:07:56,0.88,1
Bewick's Wren,Thryomanes bewickii,2026-04-30T12:07:48Z,30-Apr-2026,05:07:48,0.98,1
Bewick's Wren,Thryomanes bewickii,2026-04-30T12:07:30Z,30-Apr-2026,05:07:30,0.48,1
Bewick's Wren,Thryomanes bewickii,2026-04-30T12:07:23Z,30-Apr-2026,05:07:23,0.65,1
Bewick's Wren,Thryomanes bewickii,2026-04-30T12:07:16Z,30-Apr-2026,05:07:16,0.87,1
Bewick's Wren,Thryomanes bewickii,2026-04-30T12:07:06Z,30-Apr-2026,05:07:06,0.75,1
Bewick's Wren,Thryomanes bewickii,2026-04-30T12:06:50Z,30-Apr-2026,05:06:50,0.98,1
Bewick's Wren,Thryomanes bewickii,2026-04-30T12:06:40Z,30-Apr-2026,05:06:40,0.96,1
Bewick's Wren,Thryomanes bewickii,2026-04-30T12:06:32Z,30-Apr-2026,05:06:32,0.98,1
Bewick's Wren,Thryomanes bewickii,2026-04-30T12:06:25Z,30-Apr-2026,05:06:25,0.97,1
Bewick's Wren,Thryomanes bewickii,2026-04-30T12:06:18Z,30-Apr-2026,05:06:18,0.98,1
American Goldfinch,Spinus tristis,2026-04-30T12:06:11Z,30-Apr-2026,05:06:11,0.45,1
Bewick's Wren,Thryomanes bewickii,2026-04-30T12:06:04Z,30-Apr-2026,05:06:04,0.98,1
Bewick's Wren,Thryomanes bewickii,2026-04-30T12:05:54Z,30-Apr-2026,05:05:54,0.97,1
Bewick's Wren,Thryomanes bewickii,2026-04-30T12:05:40Z,30-Apr-2026,05:05:40,0.98,1
Bewick's Wren,Thryomanes bewickii,2026-04-30T12:05:29Z,30-Apr-2026,05:05:29,0.99,1
Bewick's Wren,Thryomanes bewickii,2026-04-30T12:05:10Z,30-Apr-2026,05:05:10,0.3,1
Bewick's Wren,Thryomanes bewickii,2026-04-30T12:04:33Z,30-Apr-2026,05:04:33,0.69,1
Bewick's Wren,Thryomanes bewickii,2026-04-30T12:04:27Z,30-Apr-2026,05:04:27,0.89,1
Bewick's Wren,Thryomanes bewickii,2026-04-30T12:04:17Z,30-Apr-2026,05:04:17,0.47,1
Bewick's Wren,Thryomanes bewickii,2026-04-30T12:04:09Z,30-Apr-2026,05:04:09,0.97,1
American Robin,Turdus migratorius,2026-04-30T12:04:04Z,30-Apr-2026,05:04:04,0.8157,1
Bewick's Wren,Thryomanes bewickii,2026-04-30T12:03:59Z,30-Apr-2026,05:03:59,0.86,1
Bewick's Wren,Thryomanes bewickii,2026-04-30T12:03:51Z,30-Apr-2026,05:03:51,0.94,1
Bewick's Wren,Thryomanes bewickii,2026-04-30T12:03:43Z,30-Apr-2026,05:03:43,0.93,1
Bewick's Wren,Thryomanes bewickii,2026-04-30T12:03:32Z,30-Apr-2026,05:03:32,0.95,1
Bewick's Wren,Thryomanes bewickii,2026-04-30T12:03:24Z,30-Apr-2026,05:03:24,0.82,1
Bewick's Wren,Thryomanes bewickii,2026-04-30T12:03:10Z,30-Apr-2026,05:03:10,0.92,1
Bewick's Wren,Thryomanes bewickii,2026-04-30T12:02:55Z,30-Apr-2026,05:02:55,0.92,1
Bewick's Wren,Thryomanes bewickii,2026-04-30T12:02:45Z,30-Apr-2026,05:02:45,0.89,1
Black-capped Chickadee,Poecile atricapillus,2026-04-30T12:02:37Z,30-Apr-2026,05:02:37,0.39,1
Bewick's Wren,Thryomanes bewickii,2026-04-30T12:02:26Z,30-Apr-2026,05:02:26,0.88,1
Bewick's Wren,Thryomanes bewickii,2026-04-30T12:02:18Z,30-Apr-2026,05:02:18,0.79,1
Bewick's Wren,Thryomanes bewickii,2026-04-30T12:02:08Z,30-Apr-2026,05:02:08,0.38,1
Black-capped Chickadee,Poecile atricapillus,2026-04-30T12:01:56Z,30-Apr-2026,05:01:56,0.8627,1
Bewick's Wren,Thryomanes bewickii,2026-04-30T12:01:45Z,30-Apr-2026,05:01:45,0.46,1
Bewick's Wren,Thryomanes bewickii,2026-04-30T12:01:38Z,30-Apr-2026,05:01:38,0.38,1
Bewick's Wren,Thryomanes bewickii,2026-04-30T12:01:30Z,30-Apr-2026,05:01:30,0.98,1
Bewick's Wren,Thryomanes bewickii,2026-04-30T12:01:22Z,30-Apr-2026,05:01:22,0.98,1
Bewick's Wren,Thryomanes bewickii,2026-04-30T12:01:11Z,30-Apr-2026,05:01:11,0.96,1
Bewick's Wren,Thryomanes bewickii,2026-04-30T12:01:04Z,30-Apr-2026,05:01:04,0.97,1
American Robin,Turdus migratorius,2026-04-30T12:00:45Z,30-Apr-2026,05:00:45,0.7804,1
Bewick's Wren,Thryomanes bewickii,2026-04-30T12:00:04Z,30-Apr-2026,05:00:04,0.99,1
Bewick's Wren,Thryomanes bewickii,2026-04-30T11:59:50Z,30-Apr-2026,04:59:50,0.75,1
Bewick's Wren,Thryomanes bewickii,2026-04-30T11:59:42Z,30-Apr-2026,04:59:42,0.91,1
Bewick's Wren,Thryomanes bewickii,2026-04-30T11:59:23Z,30-Apr-2026,04:59:23,0.94,1
Bewick's Wren,Thryomanes bewickii,2026-04-30T11:58:35Z,30-Apr-2026,04:58:35,0.26,1
Bewick's Wren,Thryomanes bewickii,2026-04-30T11:58:27Z,30-Apr-2026,04:58:27,0.95,1
Bewick's Wren,Thryomanes bewickii,2026-04-30T11:58:20Z,30-Apr-2026,04:58:20,0.97,1
Bewick's Wren,Thryomanes bewickii,2026-04-30T11:57:24Z,30-Apr-2026,04:57:24,0.56,1
Bewick's Wren,Thryomanes bewickii,2026-04-30T11:57:00Z,30-Apr-2026,04:57:00,0.99,1
Bewick's Wren,Thryomanes bewickii,2026-04-30T11:56:26Z,30-Apr-2026,04:56:26,0.91,1
Bewick's Wren,Thryomanes bewickii,2026-04-30T11:55:40Z,30-Apr-2026,04:55:40,0.96,1
Bewick's Wren,Thryomanes bewickii,2026-04-30T11:55:30Z,30-Apr-2026,04:55:30,0.74,1
Bewick's Wren,Thryomanes bewickii,2026-04-30T11:55:23Z,30-Apr-2026,04:55:23,0.97,1
Bewick's Wren,Thryomanes bewickii,2026-04-30T11:55:15Z,30-Apr-2026,04:55:15,0.94,1
Bewick's Wren,Thryomanes bewickii,2026-04-30T11:55:04Z,30-Apr-2026,04:55:04,0.89,1
Bewick's Wren,Thryomanes bewickii,2026-04-30T11:54:56Z,30-Apr-2026,04:54:56,0.86,1
Bewick's Wren,Thryomanes bewickii,2026-04-30T11:53:41Z,30-Apr-2026,04:53:41,0.94,1
Bewick's Wren,Thryomanes bewickii,2026-04-30T11:52:39Z,30-Apr-2026,04:52:39,0.64,1
Bewick's Wren,Thryomanes bewickii,2026-04-30T11:51:18Z,30-Apr-2026,04:51:18,0.98,1
Bewick's Wren,Thryomanes bewickii,2026-04-30T11:50:42Z,30-Apr-2026,04:50:42,0.9,1
Bewick's Wren,Thryomanes bewickii,2026-04-30T11:50:16Z,30-Apr-2026,04:50:16,0.93,1
Bewick's Wren,Thryomanes bewickii,2026-04-30T11:49:24Z,30-Apr-2026,04:49:24,0.83,1
Bewick's Wren,Thryomanes bewickii,2026-04-30T11:49:12Z,30-Apr-2026,04:49:12,0.99,1
Bewick's Wren,Thryomanes bewickii,2026-04-30T11:49:02Z,30-Apr-2026,04:49:02,0.98,1
Bewick's Wren,Thryomanes bewickii,2026-04-30T11:47:39Z,30-Apr-2026,04:47:39,0.27,1
Bewick's Wren,Thryomanes bewickii,2026-04-30T11:47:21Z,30-Apr-2026,04:47:21,0.57,1
American Robin,Turdus migratorius,2026-04-30T11:24:02Z,30-Apr-2026,04:24:02,0.34,1
Caspian Tern,Hydroprogne caspia,2026-04-30T07:07:37Z,30-Apr-2026,00:07:37,0.74,1
Caspian Tern,Hydroprogne caspia,2026-04-30T07:07:30Z,30-Apr-2026,00:07:30,0.53,1
Caspian Tern,Hydroprogne caspia,2026-04-30T07:07:23Z,30-Apr-2026,00:07:23,0.87,1
Caspian Tern,Hydroprogne caspia,2026-04-30T07:07:16Z,30-Apr-2026,00:07:16,0.97,1
Caspian Tern,Hydroprogne caspia,2026-04-30T07:07:09Z,30-Apr-2026,00:07:09,0.88,1
Caspian Tern,Hydroprogne caspia,2026-04-30T07:06:53Z,30-Apr-2026,00:06:53,0.96,1
Caspian Tern,Hydroprogne caspia,2026-04-30T07:06:32Z,30-Apr-2026,00:06:32,0.97,1
Caspian Tern,Hydroprogne caspia,2026-04-30T07:06:24Z,30-Apr-2026,00:06:24,0.99,1
Caspian Tern,Hydroprogne caspia,2026-04-30T07:05:41Z,30-Apr-2026,00:05:41,0.65,1
Caspian Tern,Hydroprogne caspia,2026-04-30T07:05:33Z,30-Apr-2026,00:05:33,0.74,1
Caspian Tern,Hydroprogne caspia,2026-04-30T07:05:05Z,30-Apr-2026,00:05:05,0.99,1
Caspian Tern,Hydroprogne caspia,2026-04-30T07:04:42Z,30-Apr-2026,00:04:42,0.99,1
Red-breasted Nuthatch,Sitta canadensis,2026-04-30T04:24:53Z,29-Apr-2026,21:24:53,0.73,1
Golden-crowned Sparrow,Zonotrichia atricapilla,2026-04-30T03:39:50Z,29-Apr-2026,20:39:50,0.33,1
American Robin,Turdus migratorius,2026-04-30T03:39:40Z,29-Apr-2026,20:39:40,0.27,1
Dark-eyed Junco,Junco hyemalis,2026-04-30T03:18:09Z,29-Apr-2026,20:18:09,0.32,1
Dark-eyed Junco,Junco hyemalis,2026-04-30T03:17:43Z,29-Apr-2026,20:17:43,0.58,1
Bewick's Wren,Thryomanes bewickii,2026-04-30T03:16:03Z,29-Apr-2026,20:16:03,0.3,1
Dark-eyed Junco,Junco hyemalis,2026-04-30T03:05:30Z,29-Apr-2026,20:05:30,0.28,1
Dark-eyed Junco,Junco hyemalis,2026-04-30T03:05:04Z,29-Apr-2026,20:05:04,0.8157,1
American Robin,Turdus migratorius,2026-04-30T03:02:14Z,29-Apr-2026,20:02:14,0.8471,1
American Robin,Turdus migratorius,2026-04-30T03:01:44Z,29-Apr-2026,20:01:44,0.34,1
American Robin,Turdus migratorius,2026-04-30T03:00:55Z,29-Apr-2026,20:00:55,0.31,1
American Robin,Turdus migratorius,2026-04-30T03:00:49Z,29-Apr-2026,20:00:49,0.8,1
American Robin,Turdus migratorius,2026-04-30T02:59:41Z,29-Apr-2026,19:59:41,0.33,1
House Finch,Haemorhous mexicanus,2026-04-30T02:58:36Z,29-Apr-2026,19:58:36,0.27,1
Black-capped Chickadee,Poecile atricapillus,2026-04-30T02:54:59Z,29-Apr-2026,19:54:59,0.8,1
Bewick's Wren,Thryomanes bewickii,2026-04-30T02:51:26Z,29-Apr-2026,19:51:26,0.26,1
House Finch,Haemorhous mexicanus,2026-04-30T02:50:25Z,29-Apr-2026,19:50:25,0.7804,1
Bushtit,Psaltriparus minimus,2026-04-30T02:48:55Z,29-Apr-2026,19:48:55,0.87,1
Bushtit,Psaltriparus minimus,2026-04-30T02:48:48Z,29-Apr-2026,19:48:48,0.77,1
Bushtit,Psaltriparus minimus,2026-04-30T02:48:41Z,29-Apr-2026,19:48:41,0.42,1
Bewick's Wren,Thryomanes bewickii,2026-04-30T02:48:19Z,29-Apr-2026,19:48:19,0.27,1
American Robin,Turdus migratorius,2026-04-30T02:45:22Z,29-Apr-2026,19:45:22,0.7804,1
Anna's Hummingbird,Calypte anna,2026-04-30T02:40:56Z,29-Apr-2026,19:40:56,0.9569,1
Anna's Hummingbird,Calypte anna,2026-04-30T02:40:51Z,29-Apr-2026,19:40:51,0.32,1
Black-capped Chickadee,Poecile atricapillus,2026-04-30T02:37:26Z,29-Apr-2026,19:37:26,0.29,1
Black-capped Chickadee,Poecile atricapillus,2026-04-30T02:36:34Z,29-Apr-2026,19:36:34,0.8,1
American Robin,Turdus migratorius,2026-04-30T02:30:48Z,29-Apr-2026,19:30:48,0.26,1
Northern Flicker,Colaptes auratus,2026-04-30T02:30:37Z,29-Apr-2026,19:30:37,0.58,1
Northern Flicker,Colaptes auratus,2026-04-30T02:30:30Z,29-Apr-2026,19:30:30,0.88,1
Northern Flicker,Colaptes auratus,2026-04-30T02:30:24Z,29-Apr-2026,19:30:24,0.58,1
Northern Flicker,Colaptes auratus,2026-04-30T02:30:17Z,29-Apr-2026,19:30:17,0.84,1
Northern Flicker,Colaptes auratus,2026-04-30T02:30:09Z,29-Apr-2026,19:30:09,0.69,1
Northern Flicker,Colaptes auratus,2026-04-30T02:30:02Z,29-Apr-2026,19:30:02,0.74,1
Bewick's Wren,Thryomanes bewickii,2026-04-30T02:29:48Z,29-Apr-2026,19:29:48,0.3,1
Bewick's Wren,Thryomanes bewickii,2026-04-30T02:29:40Z,29-Apr-2026,19:29:40,0.48,1
American Crow,Corvus brachyrhynchos,2026-04-30T02:28:48Z,29-Apr-2026,19:28:48,0.8314,1
House Finch,Haemorhous mexicanus,2026-04-30T02:28:37Z,29-Apr-2026,19:28:37,0.8627,2
American Robin,Turdus migratorius,2026-04-30T02:27:23Z,29-Apr-2026,19:27:23,0.8745,1
Bewick's Wren,Thryomanes bewickii,2026-04-30T02:27:18Z,29-Apr-2026,19:27:18,0.58,1
American Robin,Turdus migratorius,2026-04-30T02:26:54Z,29-Apr-2026,19:26:54,0.27,1
American Robin,Turdus migratorius,2026-04-30T02:25:27Z,29-Apr-2026,19:25:27,0.47,1
American Robin,Turdus migratorius,2026-04-30T02:24:23Z,29-Apr-2026,19:24:23,0.8157,1
American Robin,Turdus migratorius,2026-04-30T02:22:54Z,29-Apr-2026,19:22:54,0.32,1
Northern Flicker,Colaptes auratus,2026-04-30T02:21:47Z,29-Apr-2026,19:21:47,0.31,1
American Robin,Turdus migratorius,2026-04-30T02:21:28Z,29-Apr-2026,19:21:28,0.6,1
American Robin,Turdus migratorius,2026-04-30T02:21:00Z,29-Apr-2026,19:21:00,0.4,1
American Robin,Turdus migratorius,2026-04-30T02:20:32Z,29-Apr-2026,19:20:32,0.28,1
House Finch,Haemorhous mexicanus,2026-04-30T02:20:20Z,29-Apr-2026,19:20:20,0.8863,1
American Robin,Turdus migratorius,2026-04-30T02:20:10Z,29-Apr-2026,19:20:10,0.35,1
American Robin,Turdus migratorius,2026-04-30T02:19:41Z,29-Apr-2026,19:19:41,0.31,1
American Robin,Turdus migratorius,2026-04-30T02:19:31Z,29-Apr-2026,19:19:31,0.37,1
American Robin,Turdus migratorius,2026-04-30T02:19:03Z,29-Apr-2026,19:19:03,0.7804,2
American Robin,Turdus migratorius,2026-04-30T02:18:58Z,29-Apr-2026,19:18:58,0.35,1
American Robin,Turdus migratorius,2026-04-30T02:18:50Z,29-Apr-2026,19:18:50,0.54,1
American Robin,Turdus migratorius,2026-04-30T02:18:33Z,29-Apr-2026,19:18:33,0.38,1
American Robin,Turdus migratorius,2026-04-30T02:17:58Z,29-Apr-2026,19:17:58,0.8,1
House Finch,Haemorhous mexicanus,2026-04-30T02:16:13Z,29-Apr-2026,19:16:13,0.34,1
Bewick's Wren,Thryomanes bewickii,2026-04-30T02:15:50Z,29-Apr-2026,19:15:50,0.59,1
Bewick's Wren,Thryomanes bewickii,2026-04-30T02:15:08Z,29-Apr-2026,19:15:08,0.47,1
Bewick's Wren,Thryomanes bewickii,2026-04-30T02:15:00Z,29-Apr-2026,19:15:00,0.88,1
House Finch,Haemorhous mexicanus,2026-04-30T02:13:26Z,29-Apr-2026,19:13:26,0.8,1
American Robin,Turdus migratorius,2026-04-30T02:12:51Z,29-Apr-2026,19:12:51,0.26,1
Black-throated Gray Warbler,Setophaga nigrescens,2026-04-30T02:12:44Z,29-Apr-2026,19:12:44,0.41,1
Bewick's Wren,Thryomanes bewickii,2026-04-30T02:11:25Z,29-Apr-2026,19:11:25,0.55,1
Bewick's Wren,Thryomanes bewickii,2026-04-30T02:11:15Z,29-Apr-2026,19:11:15,0.96,1
Bewick's Wren,Thryomanes bewickii,2026-04-30T02:11:08Z,29-Apr-2026,19:11:08,0.98,1
Bewick's Wren,Thryomanes bewickii,2026-04-30T02:11:00Z,29-Apr-2026,19:11:00,0.89,1
Bewick's Wren,Thryomanes bewickii,2026-04-30T02:10:54Z,29-Apr-2026,19:10:54,0.8,1
Bewick's Wren,Thryomanes bewickii,2026-04-30T02:10:47Z,29-Apr-2026,19:10:47,0.74,1
Bewick's Wren,Thryomanes bewickii,2026-04-30T02:10:33Z,29-Apr-2026,19:10:33,0.6,1
Song Sparrow,Melospiza melodia,2026-04-30T02:10:29Z,29-Apr-2026,19:10:29,0.8,1
Bewick's Wren,Thryomanes bewickii,2026-04-30T02:10:22Z,29-Apr-2026,19:10:22,0.48,1
Bewick's Wren,Thryomanes bewickii,2026-04-30T02:10:15Z,29-Apr-2026,19:10:15,0.32,1
Trumpeter Swan,Cygnus buccinator,2026-04-30T02:10:00Z,29-Apr-2026,19:10:00,0.78,1
Bewick's Wren,Thryomanes bewickii,2026-04-30T02:09:54Z,29-Apr-2026,19:09:54,0.93,1
Bewick's Wren,Thryomanes bewickii,2026-04-30T02:09:41Z,29-Apr-2026,19:09:41,0.88,1
Bewick's Wren,Thryomanes bewickii,2026-04-30T02:08:46Z,29-Apr-2026,19:08:46,0.95,1
Bewick's Wren,Thryomanes bewickii,2026-04-30T02:08:36Z,29-Apr-2026,19:08:36,0.44,1
Bewick's Wren,Thryomanes bewickii,2026-04-30T02:08:00Z,29-Apr-2026,19:08:00,0.38,1
Bewick's Wren,Thryomanes bewickii,2026-04-30T02:07:22Z,29-Apr-2026,19:07:22,0.82,1
Bewick's Wren,Thryomanes bewickii,2026-04-30T02:07:15Z,29-Apr-2026,19:07:15,0.42,1
Bewick's Wren,Thryomanes bewickii,2026-04-30T02:06:54Z,29-Apr-2026,19:06:54,0.75,1
Bewick's Wren,Thryomanes bewickii,2026-04-30T02:06:46Z,29-Apr-2026,19:06:46,0.93,1
Bewick's Wren,Thryomanes bewickii,2026-04-30T02:06:36Z,29-Apr-2026,19:06:36,0.82,1
Bewick's Wren,Thryomanes bewickii,2026-04-30T02:06:29Z,29-Apr-2026,19:06:29,0.8,1
Bewick's Wren,Thryomanes bewickii,2026-04-30T02:06:22Z,29-Apr-2026,19:06:22,0.92,1
Bewick's Wren,Thryomanes bewickii,2026-04-30T02:06:15Z,29-Apr-2026,19:06:15,0.87,1
Bewick's Wren,Thryomanes bewickii,2026-04-30T02:05:54Z,29-Apr-2026,19:05:54,0.82,1
American Robin,Turdus migratorius,2026-04-30T02:04:29Z,29-Apr-2026,19:04:29,0.8627,1
Bewick's Wren,Thryomanes bewickii,2026-04-30T02:02:22Z,29-Apr-2026,19:02:22,0.45,1
American Robin,Turdus migratorius,2026-04-30T02:02:00Z,29-Apr-2026,19:02:00,0.8745,1
American Robin,Turdus migratorius,2026-04-30T02:01:52Z,29-Apr-2026,19:01:52,0.56,1
Bewick's Wren,Thryomanes bewickii,2026-04-30T02:01:01Z,29-Apr-2026,19:01:01,0.35,1
American Robin,Turdus migratorius,2026-04-30T02:00:40Z,29-Apr-2026,19:00:40,0.42,1
American Robin,Turdus migratorius,2026-04-30T02:00:23Z,29-Apr-2026,19:00:23,0.32,1
House Finch,Haemorhous mexicanus,2026-04-30T01:58:09Z,29-Apr-2026,18:58:09,0.9176,1
American Robin,Turdus migratorius,2026-04-30T01:56:28Z,29-Apr-2026,18:56:28,0.27,1
Northern Flicker,Colaptes auratus,2026-04-30T01:56:14Z,29-Apr-2026,18:56:14,0.85,1
Black-capped Chickadee,Poecile atricapillus,2026-04-30T01:52:28Z,29-Apr-2026,18:52:28,0.28,1
Bewick's Wren,Thryomanes bewickii,2026-04-30T01:51:57Z,29-Apr-2026,18:51:57,0.33,1
Black-capped Chickadee,Poecile atricapillus,2026-04-30T01:51:50Z,29-Apr-2026,18:51:50,0.82,1
Black-capped Chickadee,Poecile atricapillus,2026-04-30T01:51:45Z,29-Apr-2026,18:51:45,0.8,1
Bewick's Wren,Thryomanes bewickii,2026-04-30T01:49:24Z,29-Apr-2026,18:49:24,0.31,1
Bewick's Wren,Thryomanes bewickii,2026-04-30T01:48:51Z,29-Apr-2026,18:48:51,0.37,1
Black-capped Chickadee,Poecile atricapillus,2026-04-30T01:47:17Z,29-Apr-2026,18:47:17,0.29,1
American Robin,Turdus migratorius,2026-04-30T01:46:57Z,29-Apr-2026,18:46:57,0.8157,1
Bewick's Wren,Thryomanes bewickii,2026-04-30T01:46:50Z,29-Apr-2026,18:46:50,0.7,1
Bewick's Wren,Thryomanes bewickii,2026-04-30T01:46:19Z,29-Apr-2026,18:46:19,0.9,1
Bewick's Wren,Thryomanes bewickii,2026-04-30T01:46:12Z,29-Apr-2026,18:46:12,0.89,1
Bewick's Wren,Thryomanes bewickii,2026-04-30T01:45:54Z,29-Apr-2026,18:45:54,0.63,1
Bewick's Wren,Thryomanes bewickii,2026-04-30T01:45:43Z,29-Apr-2026,18:45:43,0.27,1
Bewick's Wren,Thryomanes bewickii,2026-04-30T01:45:30Z,29-Apr-2026,18:45:30,0.54,1
Bewick's Wren,Thryomanes bewickii,2026-04-30T01:44:45Z,29-Apr-2026,18:44:45,0.4,1
Bewick's Wren,Thryomanes bewickii,2026-04-30T01:44:27Z,29-Apr-2026,18:44:27,0.55,1
Bewick's Wren,Thryomanes bewickii,2026-04-30T01:44:20Z,29-Apr-2026,18:44:20,0.67,1
Bewick's Wren,Thryomanes bewickii,2026-04-30T01:43:13Z,29-Apr-2026,18:43:13,0.42,1
Bewick's Wren,Thryomanes bewickii,2026-04-30T01:41:44Z,29-Apr-2026,18:41:44,0.63,1
Bewick's Wren,Thryomanes bewickii,2026-04-30T01:41:36Z,29-Apr-2026,18:41:36,0.65,1
Bewick's Wren,Thryomanes bewickii,2026-04-30T01:41:22Z,29-Apr-2026,18:41:22,0.29,1
American Robin,Turdus migratorius,2026-04-30T01:41:15Z,29-Apr-2026,18:41:15,0.8745,1
Bewick's Wren,Thryomanes bewickii,2026-04-30T01:40:41Z,29-Apr-2026,18:40:41,0.51,1
Bewick's Wren,Thryomanes bewickii,2026-04-30T01:40:33Z,29-Apr-2026,18:40:33,0.67,1
American Robin,Turdus migratorius,2026-04-30T01:38:22Z,29-Apr-2026,18:38:22,0.9098,1
Bewick's Wren,Thryomanes bewickii,2026-04-30T01:38:11Z,29-Apr-2026,18:38:11,0.47,1
Bewick's Wren,Thryomanes bewickii,2026-04-30T01:37:36Z,29-Apr-2026,18:37:36,0.72,1
Bewick's Wren,Thryomanes bewickii,2026-04-30T01:37:07Z,29-Apr-2026,18:37:07,0.41,1
Anna's Hummingbird,Calypte anna,2026-04-30T01:33:54Z,29-Apr-2026,18:33:54,0.8,1
Black-capped Chickadee,Poecile atricapillus,2026-04-30T01:28:14Z,29-Apr-2026,18:28:14,0.47,1
Black-capped Chickadee,Poecile atricapillus,2026-04-30T01:27:38Z,29-Apr-2026,18:27:38,0.32,1
Black-capped Chickadee,Poecile atricapillus,2026-04-30T01:26:59Z,29-Apr-2026,18:26:59,0.32,1
American Robin,Turdus migratorius,2026-04-30T01:23:53Z,29-Apr-2026,18:23:53,0.32,1
American Robin,Turdus migratorius,2026-04-30T01:23:37Z,29-Apr-2026,18:23:37,0.33,1
Mourning Dove,Zenaida macroura,2026-04-30T01:22:50Z,29-Apr-2026,18:22:50,0.32,1
Bewick's Wren,Thryomanes bewickii,2026-04-30T01:22:03Z,29-Apr-2026,18:22:03,0.31,1
Bewick's Wren,Thryomanes bewickii,2026-04-30T01:21:46Z,29-Apr-2026,18:21:46,0.59,1
Bewick's Wren,Thryomanes bewickii,2026-04-30T01:20:47Z,29-Apr-2026,18:20:47,0.28,1
Bewick's Wren,Thryomanes bewickii,2026-04-30T01:20:14Z,29-Apr-2026,18:20:14,0.6,1
American Robin,Turdus migratorius,2026-04-30T01:12:41Z,29-Apr-2026,18:12:41,0.37,1
House Finch,Haemorhous mexicanus,2026-04-30T01:11:37Z,29-Apr-2026,18:11:37,0.47,1
House Finch,Haemorhous mexicanus,2026-04-30T01:10:44Z,29-Apr-2026,18:10:44,0.8,1
Bewick's Wren,Thryomanes bewickii,2026-04-30T01:10:17Z,29-Apr-2026,18:10:17,0.62,1
Bewick's Wren,Thryomanes bewickii,2026-04-30T01:10:08Z,29-Apr-2026,18:10:08,0.81,1
Bewick's Wren,Thryomanes bewickii,2026-04-30T01:09:53Z,29-Apr-2026,18:09:53,0.82,1
Bewick's Wren,Thryomanes bewickii,2026-04-30T01:09:12Z,29-Apr-2026,18:09:12,0.26,1
Bewick's Wren,Thryomanes bewickii,2026-04-30T01:08:57Z,29-Apr-2026,18:08:57,0.73,1
Bewick's Wren,Thryomanes bewickii,2026-04-30T01:08:50Z,29-Apr-2026,18:08:50,0.7,1
Bewick's Wren,Thryomanes bewickii,2026-04-30T01:08:43Z,29-Apr-2026,18:08:43,0.48,1
Bewick's Wren,Thryomanes bewickii,2026-04-30T01:08:35Z,29-Apr-2026,18:08:35,0.6,1
Bewick's Wren,Thryomanes bewickii,2026-04-30T01:08:01Z,29-Apr-2026,18:08:01,0.87,1
Bewick's Wren,Thryomanes bewickii,2026-04-30T01:07:54Z,29-Apr-2026,18:07:54,0.52,1
Bewick's Wren,Thryomanes bewickii,2026-04-30T01:07:47Z,29-Apr-2026,18:07:47,0.65,1
Bewick's Wren,Thryomanes bewickii,2026-04-30T01:07:40Z,29-Apr-2026,18:07:40,0.92,1
Bewick's Wren,Thryomanes bewickii,2026-04-30T01:07:26Z,29-Apr-2026,18:07:26,0.49,1
Bewick's Wren,Thryomanes bewickii,2026-04-30T01:07:11Z,29-Apr-2026,18:07:11,0.85,1
Bewick's Wren,Thryomanes bewickii,2026-04-30T01:07:04Z,29-Apr-2026,18:07:04,0.76,1
Bewick's Wren,Thryomanes bewickii,2026-04-30T01:05:29Z,29-Apr-2026,18:05:29,0.6,1
Brown Creeper,Certhia americana,2026-04-30T01:05:19Z,29-Apr-2026,18:05:19,0.29,1
Bewick's Wren,Thryomanes bewickii,2026-04-30T01:05:12Z,29-Apr-2026,18:05:12,0.6,1
Bewick's Wren,Thryomanes bewickii,2026-04-30T01:05:01Z,29-Apr-2026,18:05:01,0.66,1
Bewick's Wren,Thryomanes bewickii,2026-04-30T01:04:32Z,29-Apr-2026,18:04:32,0.34,1
Bewick's Wren,Thryomanes bewickii,2026-04-30T01:04:22Z,29-Apr-2026,18:04:22,0.59,1
Bewick's Wren,Thryomanes bewickii,2026-04-30T01:04:16Z,29-Apr-2026,18:04:16,0.68,1
Bewick's Wren,Thryomanes bewickii,2026-04-30T01:04:03Z,29-Apr-2026,18:04:03,0.32,1
Bewick's Wren,Thryomanes bewickii,2026-04-30T01:03:55Z,29-Apr-2026,18:03:55,0.82,1
Bewick's Wren,Thryomanes bewickii,2026-04-30T01:03:17Z,29-Apr-2026,18:03:17,0.42,1
American Robin,Turdus migratorius,2026-04-30T01:01:29Z,29-Apr-2026,18:01:29,0.8314,1
American Robin,Turdus migratorius,2026-04-30T01:01:05Z,29-Apr-2026,18:01:05,0.44,1
Red-breasted Nuthatch,Sitta canadensis,2026-04-30T01:00:34Z,29-Apr-2026,18:00:34,0.31,1
American Robin,Turdus migratorius,2026-04-30T01:00:24Z,29-Apr-2026,18:00:24,0.35,1
American Robin,Turdus migratorius,2026-04-30T00:58:38Z,29-Apr-2026,17:58:38,0.3,1
American Robin,Turdus migratorius,2026-04-30T00:58:07Z,29-Apr-2026,17:58:07,0.26,1
Bewick's Wren,Thryomanes bewickii,2026-04-30T00:54:53Z,29-Apr-2026,17:54:53,0.48,1
Bewick's Wren,Thryomanes bewickii,2026-04-30T00:54:22Z,29-Apr-2026,17:54:22,0.33,1
Bewick's Wren,Thryomanes bewickii,2026-04-30T00:54:04Z,29-Apr-2026,17:54:04,0.83,1
Bewick's Wren,Thryomanes bewickii,2026-04-30T00:53:52Z,29-Apr-2026,17:53:52,0.33,1
American Robin,Turdus migratorius,2026-04-30T00:53:21Z,29-Apr-2026,17:53:21,0.8314,1
American Robin,Turdus migratorius,2026-04-30T00:53:14Z,29-Apr-2026,17:53:14,0.31,1
American Crow,Corvus brachyrhynchos,2026-04-30T00:50:25Z,29-Apr-2026,17:50:25,0.8863,1
American Robin,Turdus migratorius,2026-04-30T00:48:04Z,29-Apr-2026,17:48:04,0.38,1
American Robin,Turdus migratorius,2026-04-30T00:46:31Z,29-Apr-2026,17:46:31,0.7804,1
American Robin,Turdus migratorius,2026-04-30T00:44:38Z,29-Apr-2026,17:44:38,0.34,1
Bewick's Wren,Thryomanes bewickii,2026-04-30T00:42:56Z,29-Apr-2026,17:42:56,0.76,1
Bewick's Wren,Thryomanes bewickii,2026-04-30T00:42:47Z,29-Apr-2026,17:42:47,0.43,1
Bewick's Wren,Thryomanes bewickii,2026-04-30T00:42:34Z,29-Apr-2026,17:42:34,0.49,1
Bewick's Wren,Thryomanes bewickii,2026-04-30T00:42:26Z,29-Apr-2026,17:42:26,0.72,1
Bewick's Wren,Thryomanes bewickii,2026-04-30T00:41:37Z,29-Apr-2026,17:41:37,0.33,1
Bewick's Wren,Thryomanes bewickii,2026-04-30T00:41:27Z,29-Apr-2026,17:41:27,0.55,1
Bewick's Wren,Thryomanes bewickii,2026-04-30T00:41:19Z,29-Apr-2026,17:41:19,0.46,1
Bewick's Wren,Thryomanes bewickii,2026-04-30T00:41:12Z,29-Apr-2026,17:41:12,0.66,1
Bewick's Wren,Thryomanes bewickii,2026-04-30T00:41:04Z,29-Apr-2026,17:41:04,0.8,1
Bewick's Wren,Thryomanes bewickii,2026-04-30T00:40:57Z,29-Apr-2026,17:40:57,0.72,1
Bewick's Wren,Thryomanes bewickii,2026-04-30T00:40:50Z,29-Apr-2026,17:40:50,0.72,1
Bewick's Wren,Thryomanes bewickii,2026-04-30T00:40:36Z,29-Apr-2026,17:40:36,0.66,1
Bewick's Wren,Thryomanes bewickii,2026-04-30T00:40:28Z,29-Apr-2026,17:40:28,0.62,1
Bewick's Wren,Thryomanes bewickii,2026-04-30T00:40:13Z,29-Apr-2026,17:40:13,0.77,1
Bewick's Wren,Thryomanes bewickii,2026-04-30T00:40:06Z,29-Apr-2026,17:40:06,0.68,1
Bewick's Wren,Thryomanes bewickii,2026-04-30T00:39:59Z,29-Apr-2026,17:39:59,0.42,1
Bewick's Wren,Thryomanes bewickii,2026-04-30T00:39:37Z,29-Apr-2026,17:39:37,0.31,1
Bewick's Wren,Thryomanes bewickii,2026-04-30T00:39:23Z,29-Apr-2026,17:39:23,0.56,1
Bewick's Wren,Thryomanes bewickii,2026-04-30T00:39:16Z,29-Apr-2026,17:39:16,0.74,1
Bewick's Wren,Thryomanes bewickii,2026-04-30T00:39:05Z,29-Apr-2026,17:39:05,0.48,1
Bewick's Wren,Thryomanes bewickii,2026-04-30T00:38:44Z,29-Apr-2026,17:38:44,0.56,1
Bewick's Wren,Thryomanes bewickii,2026-04-30T00:38:22Z,29-Apr-2026,17:38:22,0.83,1
Bewick's Wren,Thryomanes bewickii,2026-04-30T00:38:08Z,29-Apr-2026,17:38:08,0.6,1
Bewick's Wren,Thryomanes bewickii,2026-04-30T00:37:41Z,29-Apr-2026,17:37:41,0.54,1
Bewick's Wren,Thryomanes bewickii,2026-04-30T00:37:34Z,29-Apr-2026,17:37:34,0.81,1
Bewick's Wren,Thryomanes bewickii,2026-04-30T00:37:28Z,29-Apr-2026,17:37:28,0.58,1
Mountain Chickadee,Poecile gambeli,2026-04-30T00:34:19Z,29-Apr-2026,17:34:19,0.3,1
Mountain Chickadee,Poecile gambeli,2026-04-30T00:33:44Z,29-Apr-2026,17:33:44,0.62,1
Black-capped Chickadee,Poecile atricapillus,2026-04-30T00:33:31Z,29-Apr-2026,17:33:31,0.52,1
Black-capped Chickadee,Poecile atricapillus,2026-04-30T00:33:22Z,29-Apr-2026,17:33:22,0.8,1
Bewick's Wren,Thryomanes bewickii,2026-04-30T00:28:11Z,29-Apr-2026,17:28:11,0.57,1
Bewick's Wren,Thryomanes bewickii,2026-04-30T00:27:55Z,29-Apr-2026,17:27:55,0.6,1
Bewick's Wren,Thryomanes bewickii,2026-04-30T00:27:45Z,29-Apr-2026,17:27:45,0.39,1
Bewick's Wren,Thryomanes bewickii,2026-04-30T00:27:30Z,29-Apr-2026,17:27:30,0.38,1
Bewick's Wren,Thryomanes bewickii,2026-04-30T00:27:23Z,29-Apr-2026,17:27:23,0.49,1
Bewick's Wren,Thryomanes bewickii,2026-04-30T00:27:02Z,29-Apr-2026,17:27:02,0.57,1
Bewick's Wren,Thryomanes bewickii,2026-04-30T00:26:55Z,29-Apr-2026,17:26:55,0.41,1
Bewick's Wren,Thryomanes bewickii,2026-04-30T00:26:45Z,29-Apr-2026,17:26:45,0.52,1
Bewick's Wren,Thryomanes bewickii,2026-04-30T00:26:29Z,29-Apr-2026,17:26:29,0.38,1
Bewick's Wren,Thryomanes bewickii,2026-04-30T00:25:54Z,29-Apr-2026,17:25:54,0.3,1
Bewick's Wren,Thryomanes bewickii,2026-04-30T00:25:40Z,29-Apr-2026,17:25:40,0.71,1
Bewick's Wren,Thryomanes bewickii,2026-04-30T00:25:33Z,29-Apr-2026,17:25:33,0.52,1
Bewick's Wren,Thryomanes bewickii,2026-04-30T00:25:26Z,29-Apr-2026,17:25:26,0.38,1
Bewick's Wren,Thryomanes bewickii,2026-04-30T00:25:19Z,29-Apr-2026,17:25:19,0.49,1
Bewick's Wren,Thryomanes bewickii,2026-04-30T00:24:55Z,29-Apr-2026,17:24:55,0.37,1
Bewick's Wren,Thryomanes bewickii,2026-04-30T00:24:24Z,29-Apr-2026,17:24:24,0.84,1
Bewick's Wren,Thryomanes bewickii,2026-04-30T00:24:16Z,29-Apr-2026,17:24:16,0.61,1
Bewick's Wren,Thryomanes bewickii,2026-04-30T00:23:46Z,29-Apr-2026,17:23:46,0.55,1
Bewick's Wren,Thryomanes bewickii,2026-04-30T00:23:17Z,29-Apr-2026,17:23:17,0.39,1
Bewick's Wren,Thryomanes bewickii,2026-04-30T00:23:10Z,29-Apr-2026,17:23:10,0.38,1
Bewick's Wren,Thryomanes bewickii,2026-04-30T00:23:00Z,29-Apr-2026,17:23:00,0.31,1
Bewick's Wren,Thryomanes bewickii,2026-04-30T00:22:52Z,29-Apr-2026,17:22:52,0.7,1
Bewick's Wren,Thryomanes bewickii,2026-04-30T00:22:42Z,29-Apr-2026,17:22:42,0.33,1
Bewick's Wren,Thryomanes bewickii,2026-04-30T00:22:29Z,29-Apr-2026,17:22:29,0.44,1
Bewick's Wren,Thryomanes bewickii,2026-04-30T00:22:21Z,29-Apr-2026,17:22:21,0.48,1
Bewick's Wren,Thryomanes bewickii,2026-04-30T00:22:07Z,29-Apr-2026,17:22:07,0.51,1
Bewick's Wren,Thryomanes bewickii,2026-04-30T00:21:59Z,29-Apr-2026,17:21:59,0.29,1
Bewick's Wren,Thryomanes bewickii,2026-04-30T00:21:52Z,29-Apr-2026,17:21:52,0.61,1
Bewick's Wren,Thryomanes bewickii,2026-04-30T00:21:35Z,29-Apr-2026,17:21:35,0.36,1
Bewick's Wren,Thryomanes bewickii,2026-04-30T00:21:25Z,29-Apr-2026,17:21:25,0.41,1
Bewick's Wren,Thryomanes bewickii,2026-04-30T00:21:14Z,29-Apr-2026,17:21:14,0.34,1
Bushtit,Psaltriparus minimus,2026-04-30T00:17:47Z,29-Apr-2026,17:17:47,0.62,1
Bewick's Wren,Thryomanes bewickii,2026-04-30T00:15:15Z,29-Apr-2026,17:15:15,0.47,1
Bewick's Wren,Thryomanes bewickii,2026-04-30T00:15:08Z,29-Apr-2026,17:15:08,0.56,1
Bewick's Wren,Thryomanes bewickii,2026-04-30T00:14:31Z,29-Apr-2026,17:14:31,0.32,1
Bewick's Wren,Thryomanes bewickii,2026-04-30T00:13:56Z,29-Apr-2026,17:13:56,0.42,1
Bewick's Wren,Thryomanes bewickii,2026-04-30T00:13:37Z,29-Apr-2026,17:13:37,0.39,1
Bewick's Wren,Thryomanes bewickii,2026-04-30T00:13:30Z,29-Apr-2026,17:13:30,0.46,1
Bewick's Wren,Thryomanes bewickii,2026-04-30T00:13:22Z,29-Apr-2026,17:13:22,0.63,1
Bewick's Wren,Thryomanes bewickii,2026-04-30T00:13:07Z,29-Apr-2026,17:13:07,0.4,1
Bewick's Wren,Thryomanes bewickii,2026-04-30T00:12:38Z,29-Apr-2026,17:12:38,0.61,1
Bewick's Wren,Thryomanes bewickii,2026-04-30T00:12:09Z,29-Apr-2026,17:12:09,0.51,1
Bewick's Wren,Thryomanes bewickii,2026-04-30T00:12:01Z,29-Apr-2026,17:12:01,0.4,1
