Species,Scientific Name,UTC Date,Local Date,Local Time,Score,Count
Bewick's Wren,Thryomanes bewickii,2026-04-26T23:59:54Z,26-Apr-2026,16:59:54,0.85,1
Chestnut-backed Chickadee,Poecile rufescens,2026-04-26T23:59:47Z,26-Apr-2026,16:59:47,0.9255,3
Bewick's Wren,Thryomanes bewickii,2026-04-26T23:59:40Z,26-Apr-2026,16:59:40,0.28,1
Chestnut-backed Chickadee,Poecile rufescens,2026-04-26T23:59:12Z,26-Apr-2026,16:59:12,0.35,1
Mountain Chickadee,Poecile gambeli,2026-04-26T23:58:16Z,26-Apr-2026,16:58:16,0.31,1
Chestnut-backed Chickadee,Poecile rufescens,2026-04-26T23:57:39Z,26-Apr-2026,16:57:39,0.49,1
Bewick's Wren,Thryomanes bewickii,2026-04-26T23:55:59Z,26-Apr-2026,16:55:59,0.27,1
Bewick's Wren,Thryomanes bewickii,2026-04-26T23:55:45Z,26-Apr-2026,16:55:45,0.31,1
Bewick's Wren,Thryomanes bewickii,2026-04-26T23:55:38Z,26-Apr-2026,16:55:38,0.28,1
Mountain Chickadee,Poecile gambeli,2026-04-26T23:54:14Z,26-Apr-2026,16:54:14,0.28,1
Mountain Chickadee,Poecile gambeli,2026-04-26T23:54:06Z,26-Apr-2026,16:54:06,0.62,1
Mountain Chickadee,Poecile gambeli,2026-04-26T23:53:56Z,26-Apr-2026,16:53:56,0.38,1
Chestnut-backed Chickadee,Poecile rufescens,2026-04-26T23:53:10Z,26-Apr-2026,16:53:10,0.45,1
Chestnut-backed Chickadee,Poecile rufescens,2026-04-26T23:52:32Z,26-Apr-2026,16:52:32,0.8745,1
House Finch,Haemorhous mexicanus,2026-04-26T23:51:31Z,26-Apr-2026,16:51:31,0.29,1
American Crow,Corvus brachyrhynchos,2026-04-26T23:50:11Z,26-Apr-2026,16:50:11,0.8314,1
Chestnut-backed Chickadee,Poecile rufescens,2026-04-26T23:49:31Z,26-Apr-2026,16:49:31,0.39,1
Golden-crowned Kinglet,Regulus satrapa,2026-04-26T23:48:46Z,26-Apr-2026,16:48:46,0.29,1
Chestnut-backed Chickadee,Poecile rufescens,2026-04-26T23:48:18Z,26-Apr-2026,16:48:18,0.7804,2
Chestnut-backed Chickadee,Poecile rufescens,2026-04-26T23:46:59Z,26-Apr-2026,16:46:59,0.7804,1
Bewick's Wren,Thryomanes bewickii,2026-04-26T23:45:56Z,26-Apr-2026,16:45:56,0.77,1
Bewick's Wren,Thryomanes bewickii,2026-04-26T23:45:32Z,26-Apr-2026,16:45:32,0.3,1
Bewick's Wren,Thryomanes bewickii,2026-04-26T23:45:18Z,26-Apr-2026,16:45:18,0.42,1
Bewick's Wren,Thryomanes bewickii,2026-04-26T23:45:04Z,26-Apr-2026,16:45:04,0.56,1
Bewick's Wren,Thryomanes bewickii,2026-04-26T23:44:45Z,26-Apr-2026,16:44:45,0.78,1
Bewick's Wren,Thryomanes bewickii,2026-04-26T23:44:37Z,26-Apr-2026,16:44:37,0.86,1
Bewick's Wren,Thryomanes bewickii,2026-04-26T23:44:06Z,26-Apr-2026,16:44:06,0.72,1
Bewick's Wren,Thryomanes bewickii,2026-04-26T23:43:18Z,26-Apr-2026,16:43:18,0.63,1
Bewick's Wren,Thryomanes bewickii,2026-04-26T23:42:48Z,26-Apr-2026,16:42:48,0.36,1
Bewick's Wren,Thryomanes bewickii,2026-04-26T23:42:41Z,26-Apr-2026,16:42:41,0.47,1
Bewick's Wren,Thryomanes bewickii,2026-04-26T23:42:27Z,26-Apr-2026,16:42:27,0.65,1
Bewick's Wren,Thryomanes bewickii,2026-04-26T23:42:21Z,26-Apr-2026,16:42:21,0.48,1
Chestnut-backed Chickadee,Poecile rufescens,2026-04-26T23:42:13Z,26-Apr-2026,16:42:13,0.32,1
Chestnut-backed Chickadee,Poecile rufescens,2026-04-26T23:38:41Z,26-Apr-2026,16:38:41,0.8,1
Bewick's Wren,Thryomanes bewickii,2026-04-26T23:38:08Z,26-Apr-2026,16:38:08,0.85,1
Bewick's Wren,Thryomanes bewickii,2026-04-26T23:38:02Z,26-Apr-2026,16:38:02,0.93,1
Bewick's Wren,Thryomanes bewickii,2026-04-26T23:37:51Z,26-Apr-2026,16:37:51,0.7,1
Bewick's Wren,Thryomanes bewickii,2026-04-26T23:37:41Z,26-Apr-2026,16:37:41,0.89,1
Bewick's Wren,Thryomanes bewickii,2026-04-26T23:37:34Z,26-Apr-2026,16:37:34,0.59,1
Bewick's Wren,Thryomanes bewickii,2026-04-26T23:37:27Z,26-Apr-2026,16:37:27,0.54,1
American Goldfinch,Spinus tristis,2026-04-26T23:36:52Z,26-Apr-2026,16:36:52,0.8863,1
Bewick's Wren,Thryomanes bewickii,2026-04-26T23:36:48Z,26-Apr-2026,16:36:48,0.63,1
Bewick's Wren,Thryomanes bewickii,2026-04-26T23:36:33Z,26-Apr-2026,16:36:33,0.86,1
Bewick's Wren,Thryomanes bewickii,2026-04-26T23:36:27Z,26-Apr-2026,16:36:27,0.89,1
Bewick's Wren,Thryomanes bewickii,2026-04-26T23:36:05Z,26-Apr-2026,16:36:05,0.67,1
House Finch,Haemorhous mexicanus,2026-04-26T23:35:45Z,26-Apr-2026,16:35:45,0.8314,1
American Robin,Turdus migratorius,2026-04-26T23:34:28Z,26-Apr-2026,16:34:28,0.35,1
American Robin,Turdus migratorius,2026-04-26T23:32:06Z,26-Apr-2026,16:32:06,0.27,1
American Robin,Turdus migratorius,2026-04-26T23:31:57Z,26-Apr-2026,16:31:57,0.28,1
Chestnut-backed Chickadee,Poecile rufescens,2026-04-26T23:29:53Z,26-Apr-2026,16:29:53,0.52,1
Chestnut-backed Chickadee,Poecile rufescens,2026-04-26T23:28:51Z,26-Apr-2026,16:28:51,0.41,1
Chestnut-backed Chickadee,Poecile rufescens,2026-04-26T23:28:43Z,26-Apr-2026,16:28:43,0.41,1
Bewick's Wren,Thryomanes bewickii,2026-04-26T23:27:54Z,26-Apr-2026,16:27:54,0.39,1
Chestnut-backed Chickadee,Poecile rufescens,2026-04-26T23:26:37Z,26-Apr-2026,16:26:37,0.8745,1
Chestnut-backed Chickadee,Poecile rufescens,2026-04-26T23:26:19Z,26-Apr-2026,16:26:19,0.35,1
American Robin,Turdus migratorius,2026-04-26T23:24:40Z,26-Apr-2026,16:24:40,0.8314,1
Mallard,Anas platyrhynchos,2026-04-26T23:22:12Z,26-Apr-2026,16:22:12,0.29,1
Yellow-rumped Warbler,Setophaga coronata,2026-04-26T23:22:04Z,26-Apr-2026,16:22:04,0.29,1
American Robin,Turdus migratorius,2026-04-26T23:18:04Z,26-Apr-2026,16:18:04,0.32,1
American Robin,Turdus migratorius,2026-04-26T23:17:07Z,26-Apr-2026,16:17:07,0.8314,1
American Robin,Turdus migratorius,2026-04-26T23:16:36Z,26-Apr-2026,16:16:36,0.27,1
House Finch,Haemorhous mexicanus,2026-04-26T23:15:26Z,26-Apr-2026,16:15:26,0.7804,1
American Crow,Corvus brachyrhynchos,2026-04-26T23:13:49Z,26-Apr-2026,16:13:49,0.8157,1
American Robin,Turdus migratorius,2026-04-26T23:12:49Z,26-Apr-2026,16:12:49,0.47,1
American Robin,Turdus migratorius,2026-04-26T23:12:41Z,26-Apr-2026,16:12:41,0.31,1
House Finch,Haemorhous mexicanus,2026-04-26T23:08:54Z,26-Apr-2026,16:08:54,0.47,1
Barred Owl,Strix varia,2026-04-26T23:08:28Z,26-Apr-2026,16:08:28,0.56,1
American Crow,Corvus brachyrhynchos,2026-04-26T23:08:18Z,26-Apr-2026,16:08:18,0.8471,1
American Robin,Turdus migratorius,2026-04-26T23:07:52Z,26-Apr-2026,16:07:52,0.33,1
American Crow,Corvus brachyrhynchos,2026-04-26T23:03:17Z,26-Apr-2026,16:03:17,0.8863,1
House Finch,Haemorhous mexicanus,2026-04-26T23:03:00Z,26-Apr-2026,16:03:00,0.8863,1
House Finch,Haemorhous mexicanus,2026-04-26T23:01:46Z,26-Apr-2026,16:01:46,0.7804,6
House Finch,Haemorhous mexicanus,2026-04-26T23:00:43Z,26-Apr-2026,16:00:43,0.8157,2
House Finch,Haemorhous mexicanus,2026-04-26T22:58:37Z,26-Apr-2026,15:58:37,0.8,1
House Finch,Haemorhous mexicanus,2026-04-26T22:57:57Z,26-Apr-2026,15:57:57,0.32,1
Black-capped Chickadee,Poecile atricapillus,2026-04-26T22:57:22Z,26-Apr-2026,15:57:22,0.8627,2
Black-capped Chickadee,Poecile atricapillus,2026-04-26T22:56:45Z,26-Apr-2026,15:56:45,0.54,1
American Crow,Corvus brachyrhynchos,2026-04-26T22:56:12Z,26-Apr-2026,15:56:12,0.29,1
Black-capped Chickadee,Poecile atricapillus,2026-04-26T22:55:49Z,26-Apr-2026,15:55:49,0.7804,1
House Finch,Haemorhous mexicanus,2026-04-26T22:53:51Z,26-Apr-2026,15:53:51,0.7804,1
Downy Woodpecker,Dryobates pubescens,2026-04-26T22:53:02Z,26-Apr-2026,15:53:02,0.33,1
American Crow,Corvus brachyrhynchos,2026-04-26T22:50:40Z,26-Apr-2026,15:50:40,0.29,1
Bewick's Wren,Thryomanes bewickii,2026-04-26T22:45:51Z,26-Apr-2026,15:45:51,0.35,1
Bewick's Wren,Thryomanes bewickii,2026-04-26T22:45:43Z,26-Apr-2026,15:45:43,0.26,1
Bewick's Wren,Thryomanes bewickii,2026-04-26T22:44:57Z,26-Apr-2026,15:44:57,0.4,1
Bewick's Wren,Thryomanes bewickii,2026-04-26T22:44:28Z,26-Apr-2026,15:44:28,0.35,1
Bewick's Wren,Thryomanes bewickii,2026-04-26T22:44:12Z,26-Apr-2026,15:44:12,0.36,1
Bewick's Wren,Thryomanes bewickii,2026-04-26T22:43:36Z,26-Apr-2026,15:43:36,0.31,1
Bewick's Wren,Thryomanes bewickii,2026-04-26T22:43:16Z,26-Apr-2026,15:43:16,0.57,1
Bewick's Wren,Thryomanes bewickii,2026-04-26T22:41:23Z,26-Apr-2026,15:41:23,0.32,1
American Crow,Corvus brachyrhynchos,2026-04-26T22:41:15Z,26-Apr-2026,15:41:15,0.34,1
Bewick's Wren,Thryomanes bewickii,2026-04-26T22:41:08Z,26-Apr-2026,15:41:08,0.44,1
Black-capped Chickadee,Poecile atricapillus,2026-04-26T22:39:59Z,26-Apr-2026,15:39:59,0.7804,2
Downy Woodpecker,Dryobates pubescens,2026-04-26T22:39:53Z,26-Apr-2026,15:39:53,0.36,1
House Finch,Haemorhous mexicanus,2026-04-26T22:39:42Z,26-Apr-2026,15:39:42,0.8863,1
Yellow-rumped Warbler,Setophaga coronata,2026-04-26T22:38:45Z,26-Apr-2026,15:38:45,0.28,1
Black-throated Gray Warbler,Setophaga nigrescens,2026-04-26T22:37:44Z,26-Apr-2026,15:37:44,0.28,1
Yellow-rumped Warbler,Setophaga coronata,2026-04-26T22:37:34Z,26-Apr-2026,15:37:34,0.31,1
House Finch,Haemorhous mexicanus,2026-04-26T22:37:27Z,26-Apr-2026,15:37:27,0.7804,3
Black-capped Chickadee,Poecile atricapillus,2026-04-26T22:37:23Z,26-Apr-2026,15:37:23,0.7804,1
Downy Woodpecker,Dryobates pubescens,2026-04-26T22:36:54Z,26-Apr-2026,15:36:54,0.87,1
Mallard,Anas platyrhynchos,2026-04-26T22:36:16Z,26-Apr-2026,15:36:16,0.34,1
Downy Woodpecker,Dryobates pubescens,2026-04-26T22:35:52Z,26-Apr-2026,15:35:52,0.41,1
Yellow-rumped Warbler,Setophaga coronata,2026-04-26T22:35:01Z,26-Apr-2026,15:35:01,0.47,1
House Finch,Haemorhous mexicanus,2026-04-26T22:34:13Z,26-Apr-2026,15:34:13,0.34,1
House Finch,Haemorhous mexicanus,2026-04-26T22:33:14Z,26-Apr-2026,15:33:14,0.8471,1
Black-capped Chickadee,Poecile atricapillus,2026-04-26T22:32:36Z,26-Apr-2026,15:32:36,0.8,1
Mountain Chickadee,Poecile gambeli,2026-04-26T22:32:22Z,26-Apr-2026,15:32:22,0.53,1
Downy Woodpecker,Dryobates pubescens,2026-04-26T22:31:18Z,26-Apr-2026,15:31:18,0.8314,1
Black-capped Chickadee,Poecile atricapillus,2026-04-26T22:30:56Z,26-Apr-2026,15:30:56,0.8627,1
Black-capped Chickadee,Poecile atricapillus,2026-04-26T22:30:24Z,26-Apr-2026,15:30:24,0.52,1
Dark-eyed Junco,Junco hyemalis,2026-04-26T22:28:18Z,26-Apr-2026,15:28:18,0.55,1
Black-capped Chickadee,Poecile atricapillus,2026-04-26T22:26:03Z,26-Apr-2026,15:26:03,0.8627,1
Mountain Chickadee,Poecile gambeli,2026-04-26T22:25:01Z,26-Apr-2026,15:25:01,0.54,1
Black-capped Chickadee,Poecile atricapillus,2026-04-26T22:24:09Z,26-Apr-2026,15:24:09,0.7804,1
House Finch,Haemorhous mexicanus,2026-04-26T22:21:31Z,26-Apr-2026,15:21:31,0.9412,6
Barn Owl,Tyto alba,2026-04-26T22:21:27Z,26-Apr-2026,15:21:27,0.38,1
House Finch,Haemorhous mexicanus,2026-04-26T22:20:56Z,26-Apr-2026,15:20:56,0.29,1
House Finch,Haemorhous mexicanus,2026-04-26T22:20:43Z,26-Apr-2026,15:20:43,0.5,1
House Finch,Haemorhous mexicanus,2026-04-26T22:20:28Z,26-Apr-2026,15:20:28,0.9098,1
Black-capped Chickadee,Poecile atricapillus,2026-04-26T22:20:16Z,26-Apr-2026,15:20:16,0.7804,1
Orange-crowned Warbler,Leiothlypis celata,2026-04-26T22:18:48Z,26-Apr-2026,15:18:48,0.26,1
Orange-crowned Warbler,Leiothlypis celata,2026-04-26T22:18:41Z,26-Apr-2026,15:18:41,0.3,1
Bewick's Wren,Thryomanes bewickii,2026-04-26T22:18:04Z,26-Apr-2026,15:18:04,0.38,1
House Finch,Haemorhous mexicanus,2026-04-26T22:17:31Z,26-Apr-2026,15:17:31,0.8745,2
House Finch,Haemorhous mexicanus,2026-04-26T22:16:45Z,26-Apr-2026,15:16:45,0.39,1
House Finch,Haemorhous mexicanus,2026-04-26T22:16:09Z,26-Apr-2026,15:16:09,0.8157,1
Black-capped Chickadee,Poecile atricapillus,2026-04-26T22:15:52Z,26-Apr-2026,15:15:52,0.8,1
House Finch,Haemorhous mexicanus,2026-04-26T22:14:01Z,26-Apr-2026,15:14:01,0.8314,1
House Finch,Haemorhous mexicanus,2026-04-26T22:13:26Z,26-Apr-2026,15:13:26,0.6,1
Chestnut-backed Chickadee,Poecile rufescens,2026-04-26T22:13:13Z,26-Apr-2026,15:13:13,0.63,1
White-crowned Sparrow,Zonotrichia leucophrys,2026-04-26T22:11:37Z,26-Apr-2026,15:11:37,0.26,1
Dark-eyed Junco,Junco hyemalis,2026-04-26T22:11:23Z,26-Apr-2026,15:11:23,0.63,1
Dark-eyed Junco,Junco hyemalis,2026-04-26T22:10:23Z,26-Apr-2026,15:10:23,0.39,1
Dark-eyed Junco,Junco hyemalis,2026-04-26T22:10:17Z,26-Apr-2026,15:10:17,0.3,1
House Finch,Haemorhous mexicanus,2026-04-26T22:06:34Z,26-Apr-2026,15:06:34,0.8863,2
House Finch,Haemorhous mexicanus,2026-04-26T22:06:27Z,26-Apr-2026,15:06:27,0.34,1
House Finch,Haemorhous mexicanus,2026-04-26T22:06:21Z,26-Apr-2026,15:06:21,0.35,1
Yellow-rumped Warbler,Setophaga coronata,2026-04-26T22:05:47Z,26-Apr-2026,15:05:47,0.35,1
Dark-eyed Junco,Junco hyemalis,2026-04-26T22:05:04Z,26-Apr-2026,15:05:04,0.36,1
House Finch,Haemorhous mexicanus,2026-04-26T22:04:38Z,26-Apr-2026,15:04:38,0.8157,1
House Finch,Haemorhous mexicanus,2026-04-26T22:02:12Z,26-Apr-2026,15:02:12,0.28,1
Black-capped Chickadee,Poecile atricapillus,2026-04-26T22:01:49Z,26-Apr-2026,15:01:49,0.8627,3
Bewick's Wren,Thryomanes bewickii,2026-04-26T22:00:37Z,26-Apr-2026,15:00:37,0.44,1
American Crow,Corvus brachyrhynchos,2026-04-26T22:00:33Z,26-Apr-2026,15:00:33,0.8863,1
American Crow,Corvus brachyrhynchos,2026-04-26T22:00:28Z,26-Apr-2026,15:00:28,0.27,1
House Finch,Haemorhous mexicanus,2026-04-26T21:58:11Z,26-Apr-2026,14:58:11,0.8157,1
American Crow,Corvus brachyrhynchos,2026-04-26T21:57:22Z,26-Apr-2026,14:57:22,0.8157,1
Bushtit,Psaltriparus minimus,2026-04-26T21:57:11Z,26-Apr-2026,14:57:11,0.29,1
Townsend's Warbler,Setophaga townsendi,2026-04-26T21:56:34Z,26-Apr-2026,14:56:34,0.54,1
American Crow,Corvus brachyrhynchos,2026-04-26T21:56:17Z,26-Apr-2026,14:56:17,0.36,1
American Crow,Corvus brachyrhynchos,2026-04-26T21:56:10Z,26-Apr-2026,14:56:10,0.8863,1
Black-capped Chickadee,Poecile atricapillus,2026-04-26T21:55:23Z,26-Apr-2026,14:55:23,0.48,1
Black-capped Chickadee,Poecile atricapillus,2026-04-26T21:55:12Z,26-Apr-2026,14:55:12,0.9333,1
Chestnut-backed Chickadee,Poecile rufescens,2026-04-26T21:48:49Z,26-Apr-2026,14:48:49,0.37,1
House Finch,Haemorhous mexicanus,2026-04-26T21:48:35Z,26-Apr-2026,14:48:35,0.8,1
Chestnut-backed Chickadee,Poecile rufescens,2026-04-26T21:48:20Z,26-Apr-2026,14:48:20,0.8745,3
Chestnut-backed Chickadee,Poecile rufescens,2026-04-26T21:47:47Z,26-Apr-2026,14:47:47,0.3,1
Chestnut-backed Chickadee,Poecile rufescens,2026-04-26T21:47:11Z,26-Apr-2026,14:47:11,0.65,1
Chestnut-backed Chickadee,Poecile rufescens,2026-04-26T21:46:32Z,26-Apr-2026,14:46:32,0.8471,6
Chestnut-backed Chickadee,Poecile rufescens,2026-04-26T21:46:16Z,26-Apr-2026,14:46:16,0.63,1
Chestnut-backed Chickadee,Poecile rufescens,2026-04-26T21:46:00Z,26-Apr-2026,14:46:00,0.35,1
Chestnut-backed Chickadee,Poecile rufescens,2026-04-26T21:45:32Z,26-Apr-2026,14:45:32,0.28,1
Chestnut-backed Chickadee,Poecile rufescens,2026-04-26T21:45:23Z,26-Apr-2026,14:45:23,0.7804,2
Chestnut-backed Chickadee,Poecile rufescens,2026-04-26T21:44:16Z,26-Apr-2026,14:44:16,0.8,1
American Goldfinch,Spinus tristis,2026-04-26T21:43:16Z,26-Apr-2026,14:43:16,0.8157,1
Chestnut-backed Chickadee,Poecile rufescens,2026-04-26T21:43:05Z,26-Apr-2026,14:43:05,0.9333,3
Chestnut-backed Chickadee,Poecile rufescens,2026-04-26T21:42:57Z,26-Apr-2026,14:42:57,0.38,1
Chestnut-backed Chickadee,Poecile rufescens,2026-04-26T21:41:54Z,26-Apr-2026,14:41:54,0.8314,5
Chestnut-backed Chickadee,Poecile rufescens,2026-04-26T21:41:46Z,26-Apr-2026,14:41:46,0.6,1
Chestnut-backed Chickadee,Poecile rufescens,2026-04-26T21:41:15Z,26-Apr-2026,14:41:15,0.63,1
Chestnut-backed Chickadee,Poecile rufescens,2026-04-26T21:40:53Z,26-Apr-2026,14:40:53,0.8157,1
Chestnut-backed Chickadee,Poecile rufescens,2026-04-26T21:40:49Z,26-Apr-2026,14:40:49,0.46,1
American Crow,Corvus brachyrhynchos,2026-04-26T21:39:52Z,26-Apr-2026,14:39:52,0.8,1
Mountain Chickadee,Poecile gambeli,2026-04-26T21:39:28Z,26-Apr-2026,14:39:28,0.39,1
Chestnut-backed Chickadee,Poecile rufescens,2026-04-26T21:39:11Z,26-Apr-2026,14:39:11,0.26,1
Chestnut-backed Chickadee,Poecile rufescens,2026-04-26T21:38:20Z,26-Apr-2026,14:38:20,0.898,1
House Finch,Haemorhous mexicanus,2026-04-26T21:33:43Z,26-Apr-2026,14:33:43,0.42,1
House Finch,Haemorhous mexicanus,2026-04-26T21:33:11Z,26-Apr-2026,14:33:11,0.7804,3
House Finch,Haemorhous mexicanus,2026-04-26T21:32:05Z,26-Apr-2026,14:32:05,0.41,1
House Finch,Haemorhous mexicanus,2026-04-26T21:31:47Z,26-Apr-2026,14:31:47,0.9255,1
Downy Woodpecker,Dryobates pubescens,2026-04-26T21:31:10Z,26-Apr-2026,14:31:10,0.36,1
House Finch,Haemorhous mexicanus,2026-04-26T21:30:22Z,26-Apr-2026,14:30:22,0.8157,3
House Finch,Haemorhous mexicanus,2026-04-26T21:29:19Z,26-Apr-2026,14:29:19,0.8745,3
House Finch,Haemorhous mexicanus,2026-04-26T21:28:09Z,26-Apr-2026,14:28:09,0.9255,1
House Finch,Haemorhous mexicanus,2026-04-26T21:27:59Z,26-Apr-2026,14:27:59,0.51,1
House Finch,Haemorhous mexicanus,2026-04-26T21:24:13Z,26-Apr-2026,14:24:13,0.8157,1
House Finch,Haemorhous mexicanus,2026-04-26T21:23:02Z,26-Apr-2026,14:23:02,0.8314,1
Chestnut-backed Chickadee,Poecile rufescens,2026-04-26T21:22:18Z,26-Apr-2026,14:22:18,0.8863,1
Chestnut-backed Chickadee,Poecile rufescens,2026-04-26T21:21:05Z,26-Apr-2026,14:21:05,0.26,1
Chestnut-backed Chickadee,Poecile rufescens,2026-04-26T21:20:31Z,26-Apr-2026,14:20:31,0.8471,1
House Finch,Haemorhous mexicanus,2026-04-26T21:19:48Z,26-Apr-2026,14:19:48,0.8627,2
Chestnut-backed Chickadee,Poecile rufescens,2026-04-26T21:18:29Z,26-Apr-2026,14:18:29,0.8157,1
House Finch,Haemorhous mexicanus,2026-04-26T21:18:08Z,26-Apr-2026,14:18:08,0.7804,9
House Finch,Haemorhous mexicanus,2026-04-26T21:16:55Z,26-Apr-2026,14:16:55,0.8471,1
Chestnut-backed Chickadee,Poecile rufescens,2026-04-26T21:15:55Z,26-Apr-2026,14:15:55,0.9647,2
House Finch,Haemorhous mexicanus,2026-04-26T21:15:38Z,26-Apr-2026,14:15:38,0.27,1
Chestnut-backed Chickadee,Poecile rufescens,2026-04-26T21:15:19Z,26-Apr-2026,14:15:19,0.47,1
Chestnut-backed Chickadee,Poecile rufescens,2026-04-26T21:15:11Z,26-Apr-2026,14:15:11,0.38,1
Chestnut-backed Chickadee,Poecile rufescens,2026-04-26T21:14:36Z,26-Apr-2026,14:14:36,0.9098,1
House Finch,Haemorhous mexicanus,2026-04-26T21:13:49Z,26-Apr-2026,14:13:49,0.8314,1
Chestnut-backed Chickadee,Poecile rufescens,2026-04-26T21:12:59Z,26-Apr-2026,14:12:59,0.8627,1
Chestnut-backed Chickadee,Poecile rufescens,2026-04-26T21:12:32Z,26-Apr-2026,14:12:32,0.54,1
Chestnut-backed Chickadee,Poecile rufescens,2026-04-26T21:09:43Z,26-Apr-2026,14:09:43,0.8863,1
House Finch,Haemorhous mexicanus,2026-04-26T21:03:23Z,26-Apr-2026,14:03:23,0.8471,1
Chestnut-backed Chickadee,Poecile rufescens,2026-04-26T20:53:33Z,26-Apr-2026,13:53:33,0.8157,1
House Finch,Haemorhous mexicanus,2026-04-26T20:52:31Z,26-Apr-2026,13:52:31,0.9176,6
Bewick's Wren,Thryomanes bewickii,2026-04-26T20:48:54Z,26-Apr-2026,13:48:54,0.37,1
Fox Sparrow,Passerella iliaca,2026-04-26T20:48:28Z,26-Apr-2026,13:48:28,0.37,1
House Finch,Haemorhous mexicanus,2026-04-26T20:48:24Z,26-Apr-2026,13:48:24,0.8157,1
American Crow,Corvus brachyrhynchos,2026-04-26T20:46:42Z,26-Apr-2026,13:46:42,0.8745,1
Dark-eyed Junco,Junco hyemalis,2026-04-26T20:46:19Z,26-Apr-2026,13:46:19,0.34,1
Orange-crowned Warbler,Leiothlypis celata,2026-04-26T20:44:49Z,26-Apr-2026,13:44:49,0.28,1
Dark-eyed Junco,Junco hyemalis,2026-04-26T20:43:56Z,26-Apr-2026,13:43:56,0.3,1
House Finch,Haemorhous mexicanus,2026-04-26T20:42:35Z,26-Apr-2026,13:42:35,0.9255,2
Bewick's Wren,Thryomanes bewickii,2026-04-26T20:41:53Z,26-Apr-2026,13:41:53,0.5,1
Bewick's Wren,Thryomanes bewickii,2026-04-26T20:41:39Z,26-Apr-2026,13:41:39,0.27,1
House Finch,Haemorhous mexicanus,2026-04-26T20:41:25Z,26-Apr-2026,13:41:25,0.8157,1
Bewick's Wren,Thryomanes bewickii,2026-04-26T20:40:13Z,26-Apr-2026,13:40:13,0.33,1
Bewick's Wren,Thryomanes bewickii,2026-04-26T20:36:42Z,26-Apr-2026,13:36:42,0.38,1
Bewick's Wren,Thryomanes bewickii,2026-04-26T20:36:34Z,26-Apr-2026,13:36:34,0.31,1
Bewick's Wren,Thryomanes bewickii,2026-04-26T20:36:21Z,26-Apr-2026,13:36:21,0.27,1
Mountain Chickadee,Poecile gambeli,2026-04-26T20:33:57Z,26-Apr-2026,13:33:57,0.33,1
Black-capped Chickadee,Poecile atricapillus,2026-04-26T20:33:30Z,26-Apr-2026,13:33:30,0.8157,1
Varied Thrush,Ixoreus naevius,2026-04-26T20:32:56Z,26-Apr-2026,13:32:56,0.27,1
House Finch,Haemorhous mexicanus,2026-04-26T20:31:54Z,26-Apr-2026,13:31:54,0.9333,1
Bewick's Wren,Thryomanes bewickii,2026-04-26T20:29:59Z,26-Apr-2026,13:29:59,0.44,1
Bewick's Wren,Thryomanes bewickii,2026-04-26T20:29:16Z,26-Apr-2026,13:29:16,0.3,1
Chestnut-backed Chickadee,Poecile rufescens,2026-04-26T20:20:45Z,26-Apr-2026,13:20:45,0.9647,3
Anna's Hummingbird,Calypte anna,2026-04-26T20:19:30Z,26-Apr-2026,13:19:30,0.49,1
Chestnut-backed Chickadee,Poecile rufescens,2026-04-26T20:19:10Z,26-Apr-2026,13:19:10,0.8627,1
Chestnut-backed Chickadee,Poecile rufescens,2026-04-26T20:17:40Z,26-Apr-2026,13:17:40,0.7804,1
Black-capped Chickadee,Poecile atricapillus,2026-04-26T20:15:04Z,26-Apr-2026,13:15:04,0.8745,1
American Crow,Corvus brachyrhynchos,2026-04-26T20:14:09Z,26-Apr-2026,13:14:09,0.8,1
Black-capped Chickadee,Poecile atricapillus,2026-04-26T20:13:42Z,26-Apr-2026,13:13:42,0.43,1
Dark-eyed Junco,Junco hyemalis,2026-04-26T20:13:16Z,26-Apr-2026,13:13:16,0.39,1
Black-capped Chickadee,Poecile atricapillus,2026-04-26T20:10:28Z,26-Apr-2026,13:10:28,0.27,1
House Finch,Haemorhous mexicanus,2026-04-26T20:09:20Z,26-Apr-2026,13:09:20,0.9412,2
House Finch,Haemorhous mexicanus,2026-04-26T20:09:15Z,26-Apr-2026,13:09:15,0.42,1
House Finch,Haemorhous mexicanus,2026-04-26T20:08:43Z,26-Apr-2026,13:08:43,0.57,1
House Finch,Haemorhous mexicanus,2026-04-26T20:08:07Z,26-Apr-2026,13:08:07,0.8627,1
Black-capped Chickadee,Poecile atricapillus,2026-04-26T20:07:44Z,26-Apr-2026,13:07:44,0.28,1
Bewick's Wren,Thryomanes bewickii,2026-04-26T20:07:37Z,26-Apr-2026,13:07:37,0.39,1
Bewick's Wren,Thryomanes bewickii,2026-04-26T20:05:55Z,26-Apr-2026,13:05:55,0.33,1
House Finch,Haemorhous mexicanus,2026-04-26T20:05:38Z,26-Apr-2026,13:05:38,0.7804,2
Bewick's Wren,Thryomanes bewickii,2026-04-26T20:05:27Z,26-Apr-2026,13:05:27,0.38,1
House Finch,Haemorhous mexicanus,2026-04-26T20:04:36Z,26-Apr-2026,13:04:36,0.9176,2
Bushtit,Psaltriparus minimus,2026-04-26T20:04:13Z,26-Apr-2026,13:04:13,0.3,1
Golden-crowned Kinglet,Regulus satrapa,2026-04-26T20:03:38Z,26-Apr-2026,13:03:38,0.26,1
House Finch,Haemorhous mexicanus,2026-04-26T20:03:10Z,26-Apr-2026,13:03:10,0.3,1
House Finch,Haemorhous mexicanus,2026-04-26T20:03:06Z,26-Apr-2026,13:03:06,0.8471,1
Black-capped Chickadee,Poecile atricapillus,2026-04-26T20:02:58Z,26-Apr-2026,13:02:58,0.28,1
Bewick's Wren,Thryomanes bewickii,2026-04-26T20:01:43Z,26-Apr-2026,13:01:43,0.35,1
Bewick's Wren,Thryomanes bewickii,2026-04-26T20:01:28Z,26-Apr-2026,13:01:28,0.92,1
Bewick's Wren,Thryomanes bewickii,2026-04-26T20:01:07Z,26-Apr-2026,13:01:07,0.69,1
Mountain Chickadee,Poecile gambeli,2026-04-26T19:58:49Z,26-Apr-2026,12:58:49,0.38,1
Mountain Chickadee,Poecile gambeli,2026-04-26T19:58:42Z,26-Apr-2026,12:58:42,0.33,1
Black-capped Chickadee,Poecile atricapillus,2026-04-26T19:58:29Z,26-Apr-2026,12:58:29,0.8157,1
Black-capped Chickadee,Poecile atricapillus,2026-04-26T19:58:16Z,26-Apr-2026,12:58:16,0.42,1
Bewick's Wren,Thryomanes bewickii,2026-04-26T19:57:54Z,26-Apr-2026,12:57:54,0.85,1
Black-capped Chickadee,Poecile atricapillus,2026-04-26T19:56:52Z,26-Apr-2026,12:56:52,0.61,1
Black-capped Chickadee,Poecile atricapillus,2026-04-26T19:56:48Z,26-Apr-2026,12:56:48,0.8471,2
Black-capped Chickadee,Poecile atricapillus,2026-04-26T19:56:42Z,26-Apr-2026,12:56:42,0.51,1
Black-capped Chickadee,Poecile atricapillus,2026-04-26T19:56:21Z,26-Apr-2026,12:56:21,0.27,1
Black-capped Chickadee,Poecile atricapillus,2026-04-26T19:56:07Z,26-Apr-2026,12:56:07,0.43,1
Black-capped Chickadee,Poecile atricapillus,2026-04-26T19:55:45Z,26-Apr-2026,12:55:45,0.28,1
Bewick's Wren,Thryomanes bewickii,2026-04-26T19:54:56Z,26-Apr-2026,12:54:56,0.29,1
Bewick's Wren,Thryomanes bewickii,2026-04-26T19:52:56Z,26-Apr-2026,12:52:56,0.45,1
Black-capped Chickadee,Poecile atricapillus,2026-04-26T19:52:43Z,26-Apr-2026,12:52:43,0.56,1
Black-capped Chickadee,Poecile atricapillus,2026-04-26T19:52:16Z,26-Apr-2026,12:52:16,0.7804,1
Black-capped Chickadee,Poecile atricapillus,2026-04-26T19:51:55Z,26-Apr-2026,12:51:55,0.52,1
Bewick's Wren,Thryomanes bewickii,2026-04-26T19:51:04Z,26-Apr-2026,12:51:04,0.27,1
Bewick's Wren,Thryomanes bewickii,2026-04-26T19:50:50Z,26-Apr-2026,12:50:50,0.36,1
House Finch,Haemorhous mexicanus,2026-04-26T19:50:13Z,26-Apr-2026,12:50:13,0.27,1
Orange-crowned Warbler,Leiothlypis celata,2026-04-26T19:46:38Z,26-Apr-2026,12:46:38,0.38,1
Black-capped Chickadee,Poecile atricapillus,2026-04-26T19:46:20Z,26-Apr-2026,12:46:20,0.28,1
Downy Woodpecker,Dryobates pubescens,2026-04-26T19:45:19Z,26-Apr-2026,12:45:19,0.28,1
Bewick's Wren,Thryomanes bewickii,2026-04-26T19:44:45Z,26-Apr-2026,12:44:45,0.46,1
Bewick's Wren,Thryomanes bewickii,2026-04-26T19:44:16Z,26-Apr-2026,12:44:16,0.67,1
Anna's Hummingbird,Calypte anna,2026-04-26T19:44:13Z,26-Apr-2026,12:44:13,0.8745,1
American Robin,Turdus migratorius,2026-04-26T19:43:40Z,26-Apr-2026,12:43:40,0.44,1
Bewick's Wren,Thryomanes bewickii,2026-04-26T19:41:12Z,26-Apr-2026,12:41:12,0.74,1
Bewick's Wren,Thryomanes bewickii,2026-04-26T19:40:30Z,26-Apr-2026,12:40:30,0.28,1
Bewick's Wren,Thryomanes bewickii,2026-04-26T19:39:50Z,26-Apr-2026,12:39:50,0.27,1
Bewick's Wren,Thryomanes bewickii,2026-04-26T19:39:16Z,26-Apr-2026,12:39:16,0.44,1
Bewick's Wren,Thryomanes bewickii,2026-04-26T19:34:52Z,26-Apr-2026,12:34:52,0.84,1
Bewick's Wren,Thryomanes bewickii,2026-04-26T19:34:44Z,26-Apr-2026,12:34:44,0.26,1
House Finch,Haemorhous mexicanus,2026-04-26T19:32:19Z,26-Apr-2026,12:32:19,0.7804,1
Bewick's Wren,Thryomanes bewickii,2026-04-26T19:32:11Z,26-Apr-2026,12:32:11,0.44,1
Bewick's Wren,Thryomanes bewickii,2026-04-26T19:31:58Z,26-Apr-2026,12:31:58,0.35,1
Bewick's Wren,Thryomanes bewickii,2026-04-26T19:31:50Z,26-Apr-2026,12:31:50,0.47,1
Black-capped Chickadee,Poecile atricapillus,2026-04-26T19:30:58Z,26-Apr-2026,12:30:58,0.27,1
Black-capped Chickadee,Poecile atricapillus,2026-04-26T19:30:51Z,26-Apr-2026,12:30:51,0.31,1
Black-capped Chickadee,Poecile atricapillus,2026-04-26T19:30:44Z,26-Apr-2026,12:30:44,0.29,1
Black-capped Chickadee,Poecile atricapillus,2026-04-26T19:30:37Z,26-Apr-2026,12:30:37,0.3,1
Bewick's Wren,Thryomanes bewickii,2026-04-26T19:29:45Z,26-Apr-2026,12:29:45,0.77,1
Bewick's Wren,Thryomanes bewickii,2026-04-26T19:29:23Z,26-Apr-2026,12:29:23,0.33,1
House Finch,Haemorhous mexicanus,2026-04-26T19:28:23Z,26-Apr-2026,12:28:23,0.8,2
White-throated Sparrow,Zonotrichia albicollis,2026-04-26T19:26:05Z,26-Apr-2026,12:26:05,0.28,1
House Finch,Haemorhous mexicanus,2026-04-26T19:25:15Z,26-Apr-2026,12:25:15,0.8745,1
American Crow,Corvus brachyrhynchos,2026-04-26T19:24:47Z,26-Apr-2026,12:24:47,0.8471,1
House Finch,Haemorhous mexicanus,2026-04-26T19:24:08Z,26-Apr-2026,12:24:08,0.8471,4
House Finch,Haemorhous mexicanus,2026-04-26T19:24:03Z,26-Apr-2026,12:24:03,0.29,1
House Finch,Haemorhous mexicanus,2026-04-26T19:23:01Z,26-Apr-2026,12:23:01,0.9176,1
American Robin,Turdus migratorius,2026-04-26T19:22:37Z,26-Apr-2026,12:22:37,0.7804,1
Bewick's Wren,Thryomanes bewickii,2026-04-26T19:18:45Z,26-Apr-2026,12:18:45,0.35,1
House Finch,Haemorhous mexicanus,2026-04-26T19:18:41Z,26-Apr-2026,12:18:41,0.7804,1
Steller's Jay,Cyanocitta stelleri,2026-04-26T19:17:25Z,26-Apr-2026,12:17:25,0.27,1
Steller's Jay,Cyanocitta stelleri,2026-04-26T19:17:08Z,26-Apr-2026,12:17:08,0.949,1
Bewick's Wren,Thryomanes bewickii,2026-04-26T19:14:35Z,26-Apr-2026,12:14:35,0.56,1
Bewick's Wren,Thryomanes bewickii,2026-04-26T19:14:11Z,26-Apr-2026,12:14:11,0.52,1
Bewick's Wren,Thryomanes bewickii,2026-04-26T19:13:39Z,26-Apr-2026,12:13:39,0.62,1
Bewick's Wren,Thryomanes bewickii,2026-04-26T19:13:32Z,26-Apr-2026,12:13:32,0.27,1
Bewick's Wren,Thryomanes bewickii,2026-04-26T19:13:13Z,26-Apr-2026,12:13:13,0.61,1
Bewick's Wren,Thryomanes bewickii,2026-04-26T19:12:59Z,26-Apr-2026,12:12:59,0.3,1
Bewick's Wren,Thryomanes bewickii,2026-04-26T19:12:16Z,26-Apr-2026,12:12:16,0.32,1
Bewick's Wren,Thryomanes bewickii,2026-04-26T19:11:56Z,26-Apr-2026,12:11:56,0.59,1
Bewick's Wren,Thryomanes bewickii,2026-04-26T19:11:15Z,26-Apr-2026,12:11:15,0.52,1
Bewick's Wren,Thryomanes bewickii,2026-04-26T19:10:15Z,26-Apr-2026,12:10:15,0.63,1
Bewick's Wren,Thryomanes bewickii,2026-04-26T19:08:41Z,26-Apr-2026,12:08:41,0.74,1
Bewick's Wren,Thryomanes bewickii,2026-04-26T19:07:20Z,26-Apr-2026,12:07:20,0.77,1
House Finch,Haemorhous mexicanus,2026-04-26T19:06:38Z,26-Apr-2026,12:06:38,0.8745,2
House Finch,Haemorhous mexicanus,2026-04-26T19:04:35Z,26-Apr-2026,12:04:35,0.8,10
House Finch,Haemorhous mexicanus,2026-04-26T19:02:46Z,26-Apr-2026,12:02:46,0.54,1
House Finch,Haemorhous mexicanus,2026-04-26T19:01:42Z,26-Apr-2026,12:01:42,0.63,1
House Finch,Haemorhous mexicanus,2026-04-26T19:01:20Z,26-Apr-2026,12:01:20,0.52,1
House Finch,Haemorhous mexicanus,2026-04-26T19:01:16Z,26-Apr-2026,12:01:16,0.9412,6
House Finch,Haemorhous mexicanus,2026-04-26T19:00:13Z,26-Apr-2026,12:00:13,0.9843,1
Chestnut-backed Chickadee,Poecile rufescens,2026-04-26T18:57:39Z,26-Apr-2026,11:57:39,0.8863,1
House Finch,Haemorhous mexicanus,2026-04-26T18:57:30Z,26-Apr-2026,11:57:30,0.9686,1
Red-breasted Nuthatch,Sitta canadensis,2026-04-26T18:55:42Z,26-Apr-2026,11:55:42,0.35,1
Bewick's Wren,Thryomanes bewickii,2026-04-26T18:52:07Z,26-Apr-2026,11:52:07,0.37,1
Bewick's Wren,Thryomanes bewickii,2026-04-26T18:51:59Z,26-Apr-2026,11:51:59,0.6,1
Bewick's Wren,Thryomanes bewickii,2026-04-26T18:50:59Z,26-Apr-2026,11:50:59,0.39,1
Bewick's Wren,Thryomanes bewickii,2026-04-26T18:50:49Z,26-Apr-2026,11:50:49,0.82,1
Bewick's Wren,Thryomanes bewickii,2026-04-26T18:50:08Z,26-Apr-2026,11:50:08,0.6,1
Red-breasted Nuthatch,Sitta canadensis,2026-04-26T18:48:40Z,26-Apr-2026,11:48:40,0.77,1
Bewick's Wren,Thryomanes bewickii,2026-04-26T18:47:03Z,26-Apr-2026,11:47:03,0.28,1
Bewick's Wren,Thryomanes bewickii,2026-04-26T18:46:04Z,26-Apr-2026,11:46:04,0.57,1
Bewick's Wren,Thryomanes bewickii,2026-04-26T18:45:57Z,26-Apr-2026,11:45:57,0.27,1
Bewick's Wren,Thryomanes bewickii,2026-04-26T18:45:50Z,26-Apr-2026,11:45:50,0.29,1
Bewick's Wren,Thryomanes bewickii,2026-04-26T18:45:14Z,26-Apr-2026,11:45:14,0.53,1
Bewick's Wren,Thryomanes bewickii,2026-04-26T18:44:54Z,26-Apr-2026,11:44:54,0.36,1
Bewick's Wren,Thryomanes bewickii,2026-04-26T18:44:47Z,26-Apr-2026,11:44:47,0.38,1
Bewick's Wren,Thryomanes bewickii,2026-04-26T18:44:18Z,26-Apr-2026,11:44:18,0.32,1
Chestnut-backed Chickadee,Poecile rufescens,2026-04-26T18:44:06Z,26-Apr-2026,11:44:06,0.8471,1
Chestnut-backed Chickadee,Poecile rufescens,2026-04-26T18:43:44Z,26-Apr-2026,11:43:44,0.27,1
Black-capped Chickadee,Poecile atricapillus,2026-04-26T18:43:40Z,26-Apr-2026,11:43:40,0.8,1
Bewick's Wren,Thryomanes bewickii,2026-04-26T18:43:37Z,26-Apr-2026,11:43:37,0.28,1
Bewick's Wren,Thryomanes bewickii,2026-04-26T18:42:52Z,26-Apr-2026,11:42:52,0.28,1
Bewick's Wren,Thryomanes bewickii,2026-04-26T18:42:42Z,26-Apr-2026,11:42:42,0.31,1
Chestnut-backed Chickadee,Poecile rufescens,2026-04-26T18:41:04Z,26-Apr-2026,11:41:04,0.29,1
Chestnut-backed Chickadee,Poecile rufescens,2026-04-26T18:40:29Z,26-Apr-2026,11:40:29,0.39,1
Bewick's Wren,Thryomanes bewickii,2026-04-26T18:40:11Z,26-Apr-2026,11:40:11,0.45,1
Chestnut-backed Chickadee,Poecile rufescens,2026-04-26T18:40:07Z,26-Apr-2026,11:40:07,0.8314,1
Chestnut-backed Chickadee,Poecile rufescens,2026-04-26T18:39:01Z,26-Apr-2026,11:39:01,0.29,1
Chestnut-backed Chickadee,Poecile rufescens,2026-04-26T18:38:42Z,26-Apr-2026,11:38:42,0.898,4
Chestnut-backed Chickadee,Poecile rufescens,2026-04-26T18:38:01Z,26-Apr-2026,11:38:01,0.32,1
Bewick's Wren,Thryomanes bewickii,2026-04-26T18:37:41Z,26-Apr-2026,11:37:41,0.54,1
MacGillivray's Warbler,Geothlypis tolmiei,2026-04-26T18:37:27Z,26-Apr-2026,11:37:27,0.26,1
Chestnut-backed Chickadee,Poecile rufescens,2026-04-26T18:36:59Z,26-Apr-2026,11:36:59,0.898,1
Chestnut-backed Chickadee,Poecile rufescens,2026-04-26T18:36:52Z,26-Apr-2026,11:36:52,0.4,1
American Robin,Turdus migratorius,2026-04-26T18:36:39Z,26-Apr-2026,11:36:39,0.38,1
Bewick's Wren,Thryomanes bewickii,2026-04-26T18:34:18Z,26-Apr-2026,11:34:18,0.38,1
Steller's Jay,Cyanocitta stelleri,2026-04-26T18:33:45Z,26-Apr-2026,11:33:45,0.43,1
MacGillivray's Warbler,Geothlypis tolmiei,2026-04-26T18:32:33Z,26-Apr-2026,11:32:33,0.27,1
MacGillivray's Warbler,Geothlypis tolmiei,2026-04-26T18:31:59Z,26-Apr-2026,11:31:59,0.36,1
House Finch,Haemorhous mexicanus,2026-04-26T18:31:51Z,26-Apr-2026,11:31:51,0.9255,1
Bewick's Wren,Thryomanes bewickii,2026-04-26T18:29:23Z,26-Apr-2026,11:29:23,0.26,1
Bewick's Wren,Thryomanes bewickii,2026-04-26T18:25:22Z,26-Apr-2026,11:25:22,0.27,1
Bewick's Wren,Thryomanes bewickii,2026-04-26T18:25:03Z,26-Apr-2026,11:25:03,0.49,1
Bewick's Wren,Thryomanes bewickii,2026-04-26T18:24:56Z,26-Apr-2026,11:24:56,0.34,1
Bewick's Wren,Thryomanes bewickii,2026-04-26T18:24:33Z,26-Apr-2026,11:24:33,0.42,1
MacGillivray's Warbler,Geothlypis tolmiei,2026-04-26T18:24:01Z,26-Apr-2026,11:24:01,0.47,1
House Finch,Haemorhous mexicanus,2026-04-26T18:22:59Z,26-Apr-2026,11:22:59,0.56,1
Bewick's Wren,Thryomanes bewickii,2026-04-26T18:22:00Z,26-Apr-2026,11:22:00,0.26,1
Bewick's Wren,Thryomanes bewickii,2026-04-26T18:21:54Z,26-Apr-2026,11:21:54,0.72,1
Bewick's Wren,Thryomanes bewickii,2026-04-26T18:21:46Z,26-Apr-2026,11:21:46,0.44,1
Red-breasted Nuthatch,Sitta canadensis,2026-04-26T18:19:19Z,26-Apr-2026,11:19:19,0.32,1
Red-breasted Nuthatch,Sitta canadensis,2026-04-26T18:18:27Z,26-Apr-2026,11:18:27,0.85,1
American Robin,Turdus migratorius,2026-04-26T18:15:35Z,26-Apr-2026,11:15:35,0.33,1
House Finch,Haemorhous mexicanus,2026-04-26T18:15:09Z,26-Apr-2026,11:15:09,0.7804,1
American Crow,Corvus brachyrhynchos,2026-04-26T18:14:21Z,26-Apr-2026,11:14:21,0.8157,1
House Finch,Haemorhous mexicanus,2026-04-26T18:13:57Z,26-Apr-2026,11:13:57,0.46,1
White-crowned Sparrow,Zonotrichia leucophrys,2026-04-26T18:11:40Z,26-Apr-2026,11:11:40,0.45,1
American Robin,Turdus migratorius,2026-04-26T18:11:23Z,26-Apr-2026,11:11:23,0.26,1
American Robin,Turdus migratorius,2026-04-26T18:07:49Z,26-Apr-2026,11:07:49,0.34,1
White-crowned Sparrow,Zonotrichia leucophrys,2026-04-26T18:06:31Z,26-Apr-2026,11:06:31,0.45,1
White-crowned Sparrow,Zonotrichia leucophrys,2026-04-26T18:06:14Z,26-Apr-2026,11:06:14,0.28,1
White-crowned Sparrow,Zonotrichia leucophrys,2026-04-26T18:05:02Z,26-Apr-2026,11:05:02,0.47,1
White-crowned Sparrow,Zonotrichia leucophrys,2026-04-26T18:04:55Z,26-Apr-2026,11:04:55,0.44,1
White-crowned Sparrow,Zonotrichia leucophrys,2026-04-26T18:04:48Z,26-Apr-2026,11:04:48,0.38,1
White-crowned Sparrow,Zonotrichia leucophrys,2026-04-26T18:02:47Z,26-Apr-2026,11:02:47,0.57,1
White-crowned Sparrow,Zonotrichia leucophrys,2026-04-26T18:02:40Z,26-Apr-2026,11:02:40,0.8,1
White-crowned Sparrow,Zonotrichia leucophrys,2026-04-26T18:02:32Z,26-Apr-2026,11:02:32,0.3,1
White-crowned Sparrow,Zonotrichia leucophrys,2026-04-26T18:02:26Z,26-Apr-2026,11:02:26,0.28,1
House Finch,Haemorhous mexicanus,2026-04-26T18:01:39Z,26-Apr-2026,11:01:39,0.8,1
House Finch,Haemorhous mexicanus,2026-04-26T18:00:20Z,26-Apr-2026,11:00:20,0.7804,1
House Finch,Haemorhous mexicanus,2026-04-26T17:57:09Z,26-Apr-2026,10:57:09,0.8,1
Chestnut-backed Chickadee,Poecile rufescens,2026-04-26T17:54:54Z,26-Apr-2026,10:54:54,0.9255,7
Chestnut-backed Chickadee,Poecile rufescens,2026-04-26T17:54:06Z,26-Apr-2026,10:54:06,0.34,1
Chestnut-backed Chickadee,Poecile rufescens,2026-04-26T17:52:45Z,26-Apr-2026,10:52:45,0.9686,7
Townsend's Warbler,Setophaga townsendi,2026-04-26T17:51:52Z,26-Apr-2026,10:51:52,0.27,1
Chestnut-backed Chickadee,Poecile rufescens,2026-04-26T17:51:24Z,26-Apr-2026,10:51:24,0.9686,6
Red-breasted Nuthatch,Sitta canadensis,2026-04-26T17:51:17Z,26-Apr-2026,10:51:17,0.29,1
Red-breasted Nuthatch,Sitta canadensis,2026-04-26T17:50:16Z,26-Apr-2026,10:50:16,0.59,1
Chestnut-backed Chickadee,Poecile rufescens,2026-04-26T17:50:09Z,26-Apr-2026,10:50:09,0.56,1
Chestnut-backed Chickadee,Poecile rufescens,2026-04-26T17:50:03Z,26-Apr-2026,10:50:03,0.67,1
Chestnut-backed Chickadee,Poecile rufescens,2026-04-26T17:49:55Z,26-Apr-2026,10:49:55,0.38,1
Chestnut-backed Chickadee,Poecile rufescens,2026-04-26T17:49:22Z,26-Apr-2026,10:49:22,0.65,1
Chestnut-backed Chickadee,Poecile rufescens,2026-04-26T17:49:07Z,26-Apr-2026,10:49:07,0.65,1
Chestnut-backed Chickadee,Poecile rufescens,2026-04-26T17:49:02Z,26-Apr-2026,10:49:02,0.8157,3
Chestnut-backed Chickadee,Poecile rufescens,2026-04-26T17:48:58Z,26-Apr-2026,10:48:58,0.5,1
Chestnut-backed Chickadee,Poecile rufescens,2026-04-26T17:48:13Z,26-Apr-2026,10:48:13,0.53,1
House Finch,Haemorhous mexicanus,2026-04-26T17:47:25Z,26-Apr-2026,10:47:25,0.8157,2
House Finch,Haemorhous mexicanus,2026-04-26T17:47:17Z,26-Apr-2026,10:47:17,0.31,1
House Finch,Haemorhous mexicanus,2026-04-26T17:45:57Z,26-Apr-2026,10:45:57,0.7804,1
Bewick's Wren,Thryomanes bewickii,2026-04-26T17:45:11Z,26-Apr-2026,10:45:11,0.5,1
Bewick's Wren,Thryomanes bewickii,2026-04-26T17:43:46Z,26-Apr-2026,10:43:46,0.63,1
House Finch,Haemorhous mexicanus,2026-04-26T17:43:27Z,26-Apr-2026,10:43:27,0.28,1
House Finch,Haemorhous mexicanus,2026-04-26T17:43:14Z,26-Apr-2026,10:43:14,0.34,1
Chestnut-backed Chickadee,Poecile rufescens,2026-04-26T17:43:03Z,26-Apr-2026,10:43:03,0.42,1
House Finch,Haemorhous mexicanus,2026-04-26T17:42:54Z,26-Apr-2026,10:42:54,0.44,1
House Finch,Haemorhous mexicanus,2026-04-26T17:42:12Z,26-Apr-2026,10:42:12,0.46,1
Chestnut-backed Chickadee,Poecile rufescens,2026-04-26T17:41:31Z,26-Apr-2026,10:41:31,0.898,1
Mountain Chickadee,Poecile gambeli,2026-04-26T17:41:21Z,26-Apr-2026,10:41:21,0.34,1
Bewick's Wren,Thryomanes bewickii,2026-04-26T17:41:14Z,26-Apr-2026,10:41:14,0.81,1
Bewick's Wren,Thryomanes bewickii,2026-04-26T17:41:04Z,26-Apr-2026,10:41:04,0.46,1
Chestnut-backed Chickadee,Poecile rufescens,2026-04-26T17:40:25Z,26-Apr-2026,10:40:25,0.9098,3
Bewick's Wren,Thryomanes bewickii,2026-04-26T17:40:14Z,26-Apr-2026,10:40:14,0.73,1
Bewick's Wren,Thryomanes bewickii,2026-04-26T17:39:49Z,26-Apr-2026,10:39:49,0.4,1
Bewick's Wren,Thryomanes bewickii,2026-04-26T17:39:36Z,26-Apr-2026,10:39:36,0.76,1
Chestnut-backed Chickadee,Poecile rufescens,2026-04-26T17:39:21Z,26-Apr-2026,10:39:21,0.898,1
Bewick's Wren,Thryomanes bewickii,2026-04-26T17:39:18Z,26-Apr-2026,10:39:18,0.26,1
Chestnut-backed Chickadee,Poecile rufescens,2026-04-26T17:39:10Z,26-Apr-2026,10:39:10,0.32,1
Bewick's Wren,Thryomanes bewickii,2026-04-26T17:38:46Z,26-Apr-2026,10:38:46,0.26,1
Bewick's Wren,Thryomanes bewickii,2026-04-26T17:38:33Z,26-Apr-2026,10:38:33,0.73,1
Chestnut-backed Chickadee,Poecile rufescens,2026-04-26T17:38:06Z,26-Apr-2026,10:38:06,0.9529,4
Bewick's Wren,Thryomanes bewickii,2026-04-26T17:37:49Z,26-Apr-2026,10:37:49,0.73,1
Bewick's Wren,Thryomanes bewickii,2026-04-26T17:37:38Z,26-Apr-2026,10:37:38,0.77,1
Bewick's Wren,Thryomanes bewickii,2026-04-26T17:37:32Z,26-Apr-2026,10:37:32,0.31,1
Chestnut-backed Chickadee,Poecile rufescens,2026-04-26T17:36:31Z,26-Apr-2026,10:36:31,0.9961,7
Bewick's Wren,Thryomanes bewickii,2026-04-26T17:36:17Z,26-Apr-2026,10:36:17,0.36,1
Bewick's Wren,Thryomanes bewickii,2026-04-26T17:36:10Z,26-Apr-2026,10:36:10,0.39,1
Chestnut-backed Chickadee,Poecile rufescens,2026-04-26T17:35:30Z,26-Apr-2026,10:35:30,0.9412,1
Black-capped Chickadee,Poecile atricapillus,2026-04-26T17:35:23Z,26-Apr-2026,10:35:23,0.7804,1
Bewick's Wren,Thryomanes bewickii,2026-04-26T17:35:02Z,26-Apr-2026,10:35:02,0.34,1
Bewick's Wren,Thryomanes bewickii,2026-04-26T17:34:50Z,26-Apr-2026,10:34:50,0.63,1
Bewick's Wren,Thryomanes bewickii,2026-04-26T17:32:10Z,26-Apr-2026,10:32:10,0.5,1
Bewick's Wren,Thryomanes bewickii,2026-04-26T17:31:27Z,26-Apr-2026,10:31:27,0.61,1
Bewick's Wren,Thryomanes bewickii,2026-04-26T17:30:59Z,26-Apr-2026,10:30:59,0.3,1
Bewick's Wren,Thryomanes bewickii,2026-04-26T17:30:31Z,26-Apr-2026,10:30:31,0.4,1
House Finch,Haemorhous mexicanus,2026-04-26T17:30:10Z,26-Apr-2026,10:30:10,0.29,1
House Finch,Haemorhous mexicanus,2026-04-26T17:30:03Z,26-Apr-2026,10:30:03,0.8157,1
House Finch,Haemorhous mexicanus,2026-04-26T17:29:49Z,26-Apr-2026,10:29:49,0.29,1
Chestnut-backed Chickadee,Poecile rufescens,2026-04-26T17:28:49Z,26-Apr-2026,10:28:49,0.9647,1
House Finch,Haemorhous mexicanus,2026-04-26T17:28:23Z,26-Apr-2026,10:28:23,0.7804,1
Bewick's Wren,Thryomanes bewickii,2026-04-26T17:26:18Z,26-Apr-2026,10:26:18,0.69,1
Bewick's Wren,Thryomanes bewickii,2026-04-26T17:26:07Z,26-Apr-2026,10:26:07,0.56,1
Bewick's Wren,Thryomanes bewickii,2026-04-26T17:25:59Z,26-Apr-2026,10:25:59,0.71,1
Bewick's Wren,Thryomanes bewickii,2026-04-26T17:25:53Z,26-Apr-2026,10:25:53,0.73,1
Chestnut-backed Chickadee,Poecile rufescens,2026-04-26T17:25:38Z,26-Apr-2026,10:25:38,0.8863,5
Anna's Hummingbird,Calypte anna,2026-04-26T17:25:20Z,26-Apr-2026,10:25:20,0.9412,1
Bewick's Wren,Thryomanes bewickii,2026-04-26T17:24:45Z,26-Apr-2026,10:24:45,0.64,1
Bewick's Wren,Thryomanes bewickii,2026-04-26T17:24:19Z,26-Apr-2026,10:24:19,0.33,1
Bewick's Wren,Thryomanes bewickii,2026-04-26T17:23:51Z,26-Apr-2026,10:23:51,0.55,1
Chestnut-backed Chickadee,Poecile rufescens,2026-04-26T17:23:47Z,26-Apr-2026,10:23:47,0.8627,1
Bewick's Wren,Thryomanes bewickii,2026-04-26T17:22:45Z,26-Apr-2026,10:22:45,0.33,1
Bewick's Wren,Thryomanes bewickii,2026-04-26T17:22:38Z,26-Apr-2026,10:22:38,0.64,1
Merlin,Falco columbarius,2026-04-26T17:21:59Z,26-Apr-2026,10:21:59,0.92,1
Bewick's Wren,Thryomanes bewickii,2026-04-26T17:21:32Z,26-Apr-2026,10:21:32,0.36,1
Bewick's Wren,Thryomanes bewickii,2026-04-26T17:21:25Z,26-Apr-2026,10:21:25,0.44,1
Bewick's Wren,Thryomanes bewickii,2026-04-26T17:21:05Z,26-Apr-2026,10:21:05,0.26,1
Chestnut-backed Chickadee,Poecile rufescens,2026-04-26T17:20:53Z,26-Apr-2026,10:20:53,0.8,2
Bewick's Wren,Thryomanes bewickii,2026-04-26T17:20:30Z,26-Apr-2026,10:20:30,0.32,1
Bewick's Wren,Thryomanes bewickii,2026-04-26T17:20:13Z,26-Apr-2026,10:20:13,0.31,1
Bewick's Wren,Thryomanes bewickii,2026-04-26T17:19:56Z,26-Apr-2026,10:19:56,0.67,1
Bewick's Wren,Thryomanes bewickii,2026-04-26T17:19:12Z,26-Apr-2026,10:19:12,0.48,1
Chestnut-backed Chickadee,Poecile rufescens,2026-04-26T17:19:02Z,26-Apr-2026,10:19:02,0.42,1
Chestnut-backed Chickadee,Poecile rufescens,2026-04-26T17:18:36Z,26-Apr-2026,10:18:36,0.9333,4
Bewick's Wren,Thryomanes bewickii,2026-04-26T17:17:49Z,26-Apr-2026,10:17:49,0.35,1
Chestnut-backed Chickadee,Poecile rufescens,2026-04-26T17:17:20Z,26-Apr-2026,10:17:20,0.31,1
Chestnut-backed Chickadee,Poecile rufescens,2026-04-26T17:16:27Z,26-Apr-2026,10:16:27,0.8471,6
Chestnut-backed Chickadee,Poecile rufescens,2026-04-26T17:16:22Z,26-Apr-2026,10:16:22,0.3,1
Chestnut-backed Chickadee,Poecile rufescens,2026-04-26T17:15:40Z,26-Apr-2026,10:15:40,0.41,1
Chestnut-backed Chickadee,Poecile rufescens,2026-04-26T17:15:26Z,26-Apr-2026,10:15:26,0.9686,6
Chestnut-backed Chickadee,Poecile rufescens,2026-04-26T17:15:16Z,26-Apr-2026,10:15:16,0.26,1
Bewick's Wren,Thryomanes bewickii,2026-04-26T17:14:40Z,26-Apr-2026,10:14:40,0.38,1
Chestnut-backed Chickadee,Poecile rufescens,2026-04-26T17:14:25Z,26-Apr-2026,10:14:25,0.7804,4
Bewick's Wren,Thryomanes bewickii,2026-04-26T17:13:18Z,26-Apr-2026,10:13:18,0.31,1
Chestnut-backed Chickadee,Poecile rufescens,2026-04-26T17:13:14Z,26-Apr-2026,10:13:14,0.8157,3
Chestnut-backed Chickadee,Poecile rufescens,2026-04-26T17:12:29Z,26-Apr-2026,10:12:29,0.26,1
Chestnut-backed Chickadee,Poecile rufescens,2026-04-26T17:12:19Z,26-Apr-2026,10:12:19,0.29,1
Chestnut-backed Chickadee,Poecile rufescens,2026-04-26T17:12:12Z,26-Apr-2026,10:12:12,0.27,1
Chestnut-backed Chickadee,Poecile rufescens,2026-04-26T17:11:49Z,26-Apr-2026,10:11:49,0.68,1
Chestnut-backed Chickadee,Poecile rufescens,2026-04-26T17:11:45Z,26-Apr-2026,10:11:45,0.9765,4
Chestnut-backed Chickadee,Poecile rufescens,2026-04-26T17:10:39Z,26-Apr-2026,10:10:39,0.9098,1
Bewick's Wren,Thryomanes bewickii,2026-04-26T17:07:51Z,26-Apr-2026,10:07:51,0.35,1
Bewick's Wren,Thryomanes bewickii,2026-04-26T17:07:24Z,26-Apr-2026,10:07:24,0.34,1
Chestnut-backed Chickadee,Poecile rufescens,2026-04-26T17:03:55Z,26-Apr-2026,10:03:55,0.898,2
Chestnut-backed Chickadee,Poecile rufescens,2026-04-26T17:03:51Z,26-Apr-2026,10:03:51,0.42,1
Chestnut-backed Chickadee,Poecile rufescens,2026-04-26T17:02:38Z,26-Apr-2026,10:02:38,0.9725,1
Bewick's Wren,Thryomanes bewickii,2026-04-26T17:01:37Z,26-Apr-2026,10:01:37,0.38,1
Bushtit,Psaltriparus minimus,2026-04-26T16:59:42Z,26-Apr-2026,09:59:42,0.77,1
Bushtit,Psaltriparus minimus,2026-04-26T16:59:23Z,26-Apr-2026,09:59:23,0.44,1
Mourning Dove,Zenaida macroura,2026-04-26T16:58:39Z,26-Apr-2026,09:58:39,0.44,1
Bewick's Wren,Thryomanes bewickii,2026-04-26T16:58:29Z,26-Apr-2026,09:58:29,0.29,1
House Finch,Haemorhous mexicanus,2026-04-26T16:55:51Z,26-Apr-2026,09:55:51,0.29,1
American Robin,Turdus migratorius,2026-04-26T16:55:08Z,26-Apr-2026,09:55:08,0.56,1
House Finch,Haemorhous mexicanus,2026-04-26T16:55:01Z,26-Apr-2026,09:55:01,0.38,1
House Finch,Haemorhous mexicanus,2026-04-26T16:54:27Z,26-Apr-2026,09:54:27,0.43,1
House Finch,Haemorhous mexicanus,2026-04-26T16:54:19Z,26-Apr-2026,09:54:19,0.8157,2
American Robin,Turdus migratorius,2026-04-26T16:54:11Z,26-Apr-2026,09:54:11,0.3,1
House Finch,Haemorhous mexicanus,2026-04-26T16:53:51Z,26-Apr-2026,09:53:51,0.4,1
Bewick's Wren,Thryomanes bewickii,2026-04-26T16:53:25Z,26-Apr-2026,09:53:25,0.62,1
Bewick's Wren,Thryomanes bewickii,2026-04-26T16:53:08Z,26-Apr-2026,09:53:08,0.96,1
Bewick's Wren,Thryomanes bewickii,2026-04-26T16:52:38Z,26-Apr-2026,09:52:38,0.83,1
Bewick's Wren,Thryomanes bewickii,2026-04-26T16:52:11Z,26-Apr-2026,09:52:11,0.87,1
House Finch,Haemorhous mexicanus,2026-04-26T16:51:46Z,26-Apr-2026,09:51:46,0.8745,3
House Finch,Haemorhous mexicanus,2026-04-26T16:50:49Z,26-Apr-2026,09:50:49,0.42,1
House Finch,Haemorhous mexicanus,2026-04-26T16:50:35Z,26-Apr-2026,09:50:35,0.48,1
House Finch,Haemorhous mexicanus,2026-04-26T16:50:23Z,26-Apr-2026,09:50:23,0.9176,1
House Finch,Haemorhous mexicanus,2026-04-26T16:49:57Z,26-Apr-2026,09:49:57,0.26,1
Bewick's Wren,Thryomanes bewickii,2026-04-26T16:49:50Z,26-Apr-2026,09:49:50,0.75,1
Bewick's Wren,Thryomanes bewickii,2026-04-26T16:49:44Z,26-Apr-2026,09:49:44,0.72,1
Bewick's Wren,Thryomanes bewickii,2026-04-26T16:48:55Z,26-Apr-2026,09:48:55,0.26,1
Bewick's Wren,Thryomanes bewickii,2026-04-26T16:48:48Z,26-Apr-2026,09:48:48,0.93,1
Bewick's Wren,Thryomanes bewickii,2026-04-26T16:48:34Z,26-Apr-2026,09:48:34,0.95,1
Bewick's Wren,Thryomanes bewickii,2026-04-26T16:48:26Z,26-Apr-2026,09:48:26,0.96,1
Bewick's Wren,Thryomanes bewickii,2026-04-26T16:48:15Z,26-Apr-2026,09:48:15,0.99,1
Bewick's Wren,Thryomanes bewickii,2026-04-26T16:48:07Z,26-Apr-2026,09:48:07,0.26,1
Bewick's Wren,Thryomanes bewickii,2026-04-26T16:48:00Z,26-Apr-2026,09:48:00,0.91,1
Bewick's Wren,Thryomanes bewickii,2026-04-26T16:47:49Z,26-Apr-2026,09:47:49,0.73,1
Bewick's Wren,Thryomanes bewickii,2026-04-26T16:47:35Z,26-Apr-2026,09:47:35,0.84,1
Bewick's Wren,Thryomanes bewickii,2026-04-26T16:47:19Z,26-Apr-2026,09:47:19,0.95,1
Bewick's Wren,Thryomanes bewickii,2026-04-26T16:47:12Z,26-Apr-2026,09:47:12,0.94,1
Bewick's Wren,Thryomanes bewickii,2026-04-26T16:47:04Z,26-Apr-2026,09:47:04,0.98,1
Bewick's Wren,Thryomanes bewickii,2026-04-26T16:46:56Z,26-Apr-2026,09:46:56,0.98,1
Bewick's Wren,Thryomanes bewickii,2026-04-26T16:46:49Z,26-Apr-2026,09:46:49,0.92,1
Bewick's Wren,Thryomanes bewickii,2026-04-26T16:46:43Z,26-Apr-2026,09:46:43,0.99,1
Bewick's Wren,Thryomanes bewickii,2026-04-26T16:46:38Z,26-Apr-2026,09:46:38,0.99,1
Bewick's Wren,Thryomanes bewickii,2026-04-26T16:46:21Z,26-Apr-2026,09:46:21,0.98,1
Bewick's Wren,Thryomanes bewickii,2026-04-26T16:46:00Z,26-Apr-2026,09:46:00,0.99,1
Bewick's Wren,Thryomanes bewickii,2026-04-26T16:45:52Z,26-Apr-2026,09:45:52,0.89,1
Bewick's Wren,Thryomanes bewickii,2026-04-26T16:45:44Z,26-Apr-2026,09:45:44,0.93,1
Bewick's Wren,Thryomanes bewickii,2026-04-26T16:45:26Z,26-Apr-2026,09:45:26,0.88,1
Bewick's Wren,Thryomanes bewickii,2026-04-26T16:45:19Z,26-Apr-2026,09:45:19,0.81,1
Bewick's Wren,Thryomanes bewickii,2026-04-26T16:45:11Z,26-Apr-2026,09:45:11,0.88,1
Bewick's Wren,Thryomanes bewickii,2026-04-26T16:45:04Z,26-Apr-2026,09:45:04,0.97,1
Bewick's Wren,Thryomanes bewickii,2026-04-26T16:44:41Z,26-Apr-2026,09:44:41,0.98,1
Bewick's Wren,Thryomanes bewickii,2026-04-26T16:44:34Z,26-Apr-2026,09:44:34,0.99,1
Bewick's Wren,Thryomanes bewickii,2026-04-26T16:44:26Z,26-Apr-2026,09:44:26,0.53,1
Bewick's Wren,Thryomanes bewickii,2026-04-26T16:44:19Z,26-Apr-2026,09:44:19,0.53,1
Bewick's Wren,Thryomanes bewickii,2026-04-26T16:44:11Z,26-Apr-2026,09:44:11,0.33,1
Black-capped Chickadee,Poecile atricapillus,2026-04-26T16:44:04Z,26-Apr-2026,09:44:04,0.4,1
American Robin,Turdus migratorius,2026-04-26T16:42:48Z,26-Apr-2026,09:42:48,0.26,1
Bewick's Wren,Thryomanes bewickii,2026-04-26T16:42:40Z,26-Apr-2026,09:42:40,0.94,1
Bewick's Wren,Thryomanes bewickii,2026-04-26T16:42:33Z,26-Apr-2026,09:42:33,0.37,1
Steller's Jay,Cyanocitta stelleri,2026-04-26T16:41:45Z,26-Apr-2026,09:41:45,0.8627,1
American Robin,Turdus migratorius,2026-04-26T16:40:46Z,26-Apr-2026,09:40:46,0.41,1
American Crow,Corvus brachyrhynchos,2026-04-26T16:40:28Z,26-Apr-2026,09:40:28,0.8,1
Townsend's Warbler,Setophaga townsendi,2026-04-26T16:40:06Z,26-Apr-2026,09:40:06,0.31,1
American Robin,Turdus migratorius,2026-04-26T16:39:52Z,26-Apr-2026,09:39:52,0.8,1
American Crow,Corvus brachyrhynchos,2026-04-26T16:39:38Z,26-Apr-2026,09:39:38,0.3,1
Black-capped Chickadee,Poecile atricapillus,2026-04-26T16:39:07Z,26-Apr-2026,09:39:07,0.9255,1
Black-capped Chickadee,Poecile atricapillus,2026-04-26T16:38:58Z,26-Apr-2026,09:38:58,0.35,1
Black-capped Chickadee,Poecile atricapillus,2026-04-26T16:38:50Z,26-Apr-2026,09:38:50,0.62,1
Townsend's Warbler,Setophaga townsendi,2026-04-26T16:38:33Z,26-Apr-2026,09:38:33,0.43,1
Steller's Jay,Cyanocitta stelleri,2026-04-26T16:38:28Z,26-Apr-2026,09:38:28,0.9569,9
Steller's Jay,Cyanocitta stelleri,2026-04-26T16:37:55Z,26-Apr-2026,09:37:55,0.27,1
Steller's Jay,Cyanocitta stelleri,2026-04-26T16:37:45Z,26-Apr-2026,09:37:45,0.84,1
Steller's Jay,Cyanocitta stelleri,2026-04-26T16:37:26Z,26-Apr-2026,09:37:26,0.9255,6
Steller's Jay,Cyanocitta stelleri,2026-04-26T16:37:07Z,26-Apr-2026,09:37:07,0.56,1
Townsend's Warbler,Setophaga townsendi,2026-04-26T16:37:00Z,26-Apr-2026,09:37:00,0.29,1
Steller's Jay,Cyanocitta stelleri,2026-04-26T16:36:50Z,26-Apr-2026,09:36:50,0.68,1
Chestnut-backed Chickadee,Poecile rufescens,2026-04-26T16:36:34Z,26-Apr-2026,09:36:34,0.38,1
Townsend's Warbler,Setophaga townsendi,2026-04-26T16:36:27Z,26-Apr-2026,09:36:27,0.31,1
Steller's Jay,Cyanocitta stelleri,2026-04-26T16:36:22Z,26-Apr-2026,09:36:22,0.9098,13
Steller's Jay,Cyanocitta stelleri,2026-04-26T16:36:18Z,26-Apr-2026,09:36:18,0.8,1
Steller's Jay,Cyanocitta stelleri,2026-04-26T16:36:00Z,26-Apr-2026,09:36:00,0.35,1
Townsend's Warbler,Setophaga townsendi,2026-04-26T16:35:50Z,26-Apr-2026,09:35:50,0.87,1
Chestnut-backed Chickadee,Poecile rufescens,2026-04-26T16:35:46Z,26-Apr-2026,09:35:46,0.8627,4
Steller's Jay,Cyanocitta stelleri,2026-04-26T16:35:04Z,26-Apr-2026,09:35:04,0.7,1
Steller's Jay,Cyanocitta stelleri,2026-04-26T16:34:33Z,26-Apr-2026,09:34:33,0.8745,3
Chestnut-backed Chickadee,Poecile rufescens,2026-04-26T16:34:28Z,26-Apr-2026,09:34:28,0.35,1
Chestnut-backed Chickadee,Poecile rufescens,2026-04-26T16:34:00Z,26-Apr-2026,09:34:00,0.8745,3
Steller's Jay,Cyanocitta stelleri,2026-04-26T16:33:14Z,26-Apr-2026,09:33:14,0.8,1
Chestnut-backed Chickadee,Poecile rufescens,2026-04-26T16:32:58Z,26-Apr-2026,09:32:58,0.43,1
Bushtit,Psaltriparus minimus,2026-04-26T16:32:46Z,26-Apr-2026,09:32:46,0.78,1
Chestnut-backed Chickadee,Poecile rufescens,2026-04-26T16:32:28Z,26-Apr-2026,09:32:28,0.9765,10
Chestnut-backed Chickadee,Poecile rufescens,2026-04-26T16:31:51Z,26-Apr-2026,09:31:51,0.56,1
Townsend's Warbler,Setophaga townsendi,2026-04-26T16:31:41Z,26-Apr-2026,09:31:41,0.55,1
Chestnut-backed Chickadee,Poecile rufescens,2026-04-26T16:31:16Z,26-Apr-2026,09:31:16,0.898,11
Chestnut-backed Chickadee,Poecile rufescens,2026-04-26T16:31:10Z,26-Apr-2026,09:31:10,0.38,1
Steller's Jay,Cyanocitta stelleri,2026-04-26T16:30:30Z,26-Apr-2026,09:30:30,0.8745,1
Chestnut-backed Chickadee,Poecile rufescens,2026-04-26T16:30:11Z,26-Apr-2026,09:30:11,0.9686,5
Chestnut-backed Chickadee,Poecile rufescens,2026-04-26T16:29:09Z,26-Apr-2026,09:29:09,0.31,1
Chestnut-backed Chickadee,Poecile rufescens,2026-04-26T16:29:04Z,26-Apr-2026,09:29:04,0.8863,1
Black-capped Chickadee,Poecile atricapillus,2026-04-26T16:28:49Z,26-Apr-2026,09:28:49,0.8627,1
Red-breasted Nuthatch,Sitta canadensis,2026-04-26T16:28:44Z,26-Apr-2026,09:28:44,0.29,1
Red-breasted Nuthatch,Sitta canadensis,2026-04-26T16:28:28Z,26-Apr-2026,09:28:28,0.6,1
Bewick's Wren,Thryomanes bewickii,2026-04-26T16:28:21Z,26-Apr-2026,09:28:21,0.58,1
Townsend's Warbler,Setophaga townsendi,2026-04-26T16:28:13Z,26-Apr-2026,09:28:13,0.29,1
Townsend's Warbler,Setophaga townsendi,2026-04-26T16:27:59Z,26-Apr-2026,09:27:59,0.54,1
Bewick's Wren,Thryomanes bewickii,2026-04-26T16:26:36Z,26-Apr-2026,09:26:36,0.33,1
Townsend's Warbler,Setophaga townsendi,2026-04-26T16:26:25Z,26-Apr-2026,09:26:25,0.26,1
American Crow,Corvus brachyrhynchos,2026-04-26T16:26:10Z,26-Apr-2026,09:26:10,0.26,1
Townsend's Warbler,Setophaga townsendi,2026-04-26T16:25:57Z,26-Apr-2026,09:25:57,0.36,1
Black-capped Chickadee,Poecile atricapillus,2026-04-26T16:25:53Z,26-Apr-2026,09:25:53,0.8157,1
Townsend's Warbler,Setophaga townsendi,2026-04-26T16:25:38Z,26-Apr-2026,09:25:38,0.46,1
Townsend's Warbler,Setophaga townsendi,2026-04-26T16:25:24Z,26-Apr-2026,09:25:24,0.61,1
Chestnut-backed Chickadee,Poecile rufescens,2026-04-26T16:24:44Z,26-Apr-2026,09:24:44,0.55,1
Chestnut-backed Chickadee,Poecile rufescens,2026-04-26T16:24:38Z,26-Apr-2026,09:24:38,0.9922,4
Townsend's Warbler,Setophaga townsendi,2026-04-26T16:24:33Z,26-Apr-2026,09:24:33,0.57,1
Townsend's Warbler,Setophaga townsendi,2026-04-26T16:23:52Z,26-Apr-2026,09:23:52,0.64,1
Chestnut-backed Chickadee,Poecile rufescens,2026-04-26T16:23:30Z,26-Apr-2026,09:23:30,0.3,1
Chestnut-backed Chickadee,Poecile rufescens,2026-04-26T16:23:03Z,26-Apr-2026,09:23:03,0.34,1
Townsend's Warbler,Setophaga townsendi,2026-04-26T16:22:48Z,26-Apr-2026,09:22:48,0.33,1
Bewick's Wren,Thryomanes bewickii,2026-04-26T16:22:43Z,26-Apr-2026,09:22:43,0.36,1
Bewick's Wren,Thryomanes bewickii,2026-04-26T16:22:36Z,26-Apr-2026,09:22:36,0.81,1
Steller's Jay,Cyanocitta stelleri,2026-04-26T16:22:25Z,26-Apr-2026,09:22:25,0.62,1
Townsend's Warbler,Setophaga townsendi,2026-04-26T16:22:18Z,26-Apr-2026,09:22:18,0.56,1
Townsend's Warbler,Setophaga townsendi,2026-04-26T16:22:11Z,26-Apr-2026,09:22:11,0.47,1
Chestnut-backed Chickadee,Poecile rufescens,2026-04-26T16:22:05Z,26-Apr-2026,09:22:05,0.36,1
Chestnut-backed Chickadee,Poecile rufescens,2026-04-26T16:21:57Z,26-Apr-2026,09:21:57,0.61,1
Townsend's Warbler,Setophaga townsendi,2026-04-26T16:21:27Z,26-Apr-2026,09:21:27,0.29,1
Townsend's Warbler,Setophaga townsendi,2026-04-26T16:21:20Z,26-Apr-2026,09:21:20,0.56,1
Chestnut-backed Chickadee,Poecile rufescens,2026-04-26T16:20:46Z,26-Apr-2026,09:20:46,0.8157,1
American Crow,Corvus brachyrhynchos,2026-04-26T16:19:42Z,26-Apr-2026,09:19:42,0.39,1
Townsend's Warbler,Setophaga townsendi,2026-04-26T16:19:06Z,26-Apr-2026,09:19:06,0.46,1
Chestnut-backed Chickadee,Poecile rufescens,2026-04-26T16:19:02Z,26-Apr-2026,09:19:02,0.8314,1
Townsend's Warbler,Setophaga townsendi,2026-04-26T16:18:54Z,26-Apr-2026,09:18:54,0.28,1
Townsend's Warbler,Setophaga townsendi,2026-04-26T16:18:24Z,26-Apr-2026,09:18:24,0.74,1
Chestnut-backed Chickadee,Poecile rufescens,2026-04-26T16:18:00Z,26-Apr-2026,09:18:00,0.3,1
Chestnut-backed Chickadee,Poecile rufescens,2026-04-26T16:17:54Z,26-Apr-2026,09:17:54,0.3,1
Steller's Jay,Cyanocitta stelleri,2026-04-26T16:17:47Z,26-Apr-2026,09:17:47,0.77,1
Bewick's Wren,Thryomanes bewickii,2026-04-26T16:17:40Z,26-Apr-2026,09:17:40,0.28,1
Chestnut-backed Chickadee,Poecile rufescens,2026-04-26T16:17:18Z,26-Apr-2026,09:17:18,0.65,1
Steller's Jay,Cyanocitta stelleri,2026-04-26T16:17:14Z,26-Apr-2026,09:17:14,0.9569,1
Chestnut-backed Chickadee,Poecile rufescens,2026-04-26T16:17:03Z,26-Apr-2026,09:17:03,0.28,1
Chestnut-backed Chickadee,Poecile rufescens,2026-04-26T16:16:59Z,26-Apr-2026,09:16:59,0.7804,1
Chestnut-backed Chickadee,Poecile rufescens,2026-04-26T16:16:55Z,26-Apr-2026,09:16:55,0.37,1
Townsend's Warbler,Setophaga townsendi,2026-04-26T16:16:33Z,26-Apr-2026,09:16:33,0.42,1
Townsend's Warbler,Setophaga townsendi,2026-04-26T16:16:26Z,26-Apr-2026,09:16:26,0.46,1
Townsend's Warbler,Setophaga townsendi,2026-04-26T16:16:05Z,26-Apr-2026,09:16:05,0.37,1
Townsend's Warbler,Setophaga townsendi,2026-04-26T16:15:54Z,26-Apr-2026,09:15:54,0.28,1
Townsend's Warbler,Setophaga townsendi,2026-04-26T16:15:46Z,26-Apr-2026,09:15:46,0.26,1
Townsend's Warbler,Setophaga townsendi,2026-04-26T16:15:35Z,26-Apr-2026,09:15:35,0.35,1
Steller's Jay,Cyanocitta stelleri,2026-04-26T16:14:19Z,26-Apr-2026,09:14:19,0.36,1
Bewick's Wren,Thryomanes bewickii,2026-04-26T16:14:05Z,26-Apr-2026,09:14:05,0.6,1
Steller's Jay,Cyanocitta stelleri,2026-04-26T16:13:18Z,26-Apr-2026,09:13:18,0.32,1
House Finch,Haemorhous mexicanus,2026-04-26T16:13:14Z,26-Apr-2026,09:13:14,0.7804,2
Steller's Jay,Cyanocitta stelleri,2026-04-26T16:13:08Z,26-Apr-2026,09:13:08,0.9569,1
Steller's Jay,Cyanocitta stelleri,2026-04-26T16:13:02Z,26-Apr-2026,09:13:02,0.54,1
Golden-crowned Sparrow,Zonotrichia atricapilla,2026-04-26T16:12:48Z,26-Apr-2026,09:12:48,0.31,1
White-crowned Sparrow,Zonotrichia leucophrys,2026-04-26T16:12:34Z,26-Apr-2026,09:12:34,0.36,1
White-crowned Sparrow,Zonotrichia leucophrys,2026-04-26T16:12:27Z,26-Apr-2026,09:12:27,0.75,1
Bewick's Wren,Thryomanes bewickii,2026-04-26T16:12:20Z,26-Apr-2026,09:12:20,0.27,1
House Finch,Haemorhous mexicanus,2026-04-26T16:10:36Z,26-Apr-2026,09:10:36,0.7804,1
Mountain Chickadee,Poecile gambeli,2026-04-26T16:09:58Z,26-Apr-2026,09:09:58,0.3,1
Bewick's Wren,Thryomanes bewickii,2026-04-26T16:09:27Z,26-Apr-2026,09:09:27,0.33,1
Bewick's Wren,Thryomanes bewickii,2026-04-26T16:09:14Z,26-Apr-2026,09:09:14,0.83,1
Bewick's Wren,Thryomanes bewickii,2026-04-26T16:09:01Z,26-Apr-2026,09:09:01,0.57,1
Bewick's Wren,Thryomanes bewickii,2026-04-26T16:08:37Z,26-Apr-2026,09:08:37,0.36,1
Bewick's Wren,Thryomanes bewickii,2026-04-26T16:08:29Z,26-Apr-2026,09:08:29,0.44,1
Bewick's Wren,Thryomanes bewickii,2026-04-26T16:08:22Z,26-Apr-2026,09:08:22,0.33,1
Black-capped Chickadee,Poecile atricapillus,2026-04-26T16:07:31Z,26-Apr-2026,09:07:31,0.8157,1
Bewick's Wren,Thryomanes bewickii,2026-04-26T16:07:23Z,26-Apr-2026,09:07:23,0.73,1
Bewick's Wren,Thryomanes bewickii,2026-04-26T16:06:56Z,26-Apr-2026,09:06:56,0.34,1
Bewick's Wren,Thryomanes bewickii,2026-04-26T16:06:45Z,26-Apr-2026,09:06:45,0.26,1
Bewick's Wren,Thryomanes bewickii,2026-04-26T16:06:13Z,26-Apr-2026,09:06:13,0.32,1
Bewick's Wren,Thryomanes bewickii,2026-04-26T16:05:38Z,26-Apr-2026,09:05:38,0.36,1
Bewick's Wren,Thryomanes bewickii,2026-04-26T16:05:32Z,26-Apr-2026,09:05:32,0.74,1
House Finch,Haemorhous mexicanus,2026-04-26T16:05:25Z,26-Apr-2026,09:05:25,0.58,1
House Finch,Haemorhous mexicanus,2026-04-26T16:05:20Z,26-Apr-2026,09:05:20,0.8745,1
Bewick's Wren,Thryomanes bewickii,2026-04-26T16:05:13Z,26-Apr-2026,09:05:13,0.63,1
Bewick's Wren,Thryomanes bewickii,2026-04-26T16:02:31Z,26-Apr-2026,09:02:31,0.34,1
Bewick's Wren,Thryomanes bewickii,2026-04-26T16:01:21Z,26-Apr-2026,09:01:21,0.48,1
Bewick's Wren,Thryomanes bewickii,2026-04-26T16:01:14Z,26-Apr-2026,09:01:14,0.48,1
Steller's Jay,Cyanocitta stelleri,2026-04-26T16:00:55Z,26-Apr-2026,09:00:55,0.32,1
Bewick's Wren,Thryomanes bewickii,2026-04-26T16:00:45Z,26-Apr-2026,09:00:45,0.46,1
Steller's Jay,Cyanocitta stelleri,2026-04-26T16:00:37Z,26-Apr-2026,09:00:37,0.49,1
Bewick's Wren,Thryomanes bewickii,2026-04-26T16:00:28Z,26-Apr-2026,09:00:28,0.29,1
Steller's Jay,Cyanocitta stelleri,2026-04-26T16:00:08Z,26-Apr-2026,09:00:08,0.8157,1
Steller's Jay,Cyanocitta stelleri,2026-04-26T15:59:46Z,26-Apr-2026,08:59:46,0.47,1
Steller's Jay,Cyanocitta stelleri,2026-04-26T15:59:09Z,26-Apr-2026,08:59:09,0.38,1
Steller's Jay,Cyanocitta stelleri,2026-04-26T15:59:05Z,26-Apr-2026,08:59:05,0.7804,1
Bewick's Wren,Thryomanes bewickii,2026-04-26T15:57:38Z,26-Apr-2026,08:57:38,0.6,1
Bewick's Wren,Thryomanes bewickii,2026-04-26T15:57:26Z,26-Apr-2026,08:57:26,0.34,1
Northern Flicker,Colaptes auratus,2026-04-26T15:57:19Z,26-Apr-2026,08:57:19,0.38,1
Northern Flicker,Colaptes auratus,2026-04-26T15:57:06Z,26-Apr-2026,08:57:06,0.82,1
Northern Flicker,Colaptes auratus,2026-04-26T15:56:51Z,26-Apr-2026,08:56:51,0.38,1
Northern Flicker,Colaptes auratus,2026-04-26T15:56:19Z,26-Apr-2026,08:56:19,0.87,1
Steller's Jay,Cyanocitta stelleri,2026-04-26T15:56:08Z,26-Apr-2026,08:56:08,0.85,1
Steller's Jay,Cyanocitta stelleri,2026-04-26T15:55:54Z,26-Apr-2026,08:55:54,0.63,1
Steller's Jay,Cyanocitta stelleri,2026-04-26T15:55:47Z,26-Apr-2026,08:55:47,0.88,1
Steller's Jay,Cyanocitta stelleri,2026-04-26T15:55:39Z,26-Apr-2026,08:55:39,0.97,1
Bewick's Wren,Thryomanes bewickii,2026-04-26T15:55:24Z,26-Apr-2026,08:55:24,0.4,1
Steller's Jay,Cyanocitta stelleri,2026-04-26T15:54:59Z,26-Apr-2026,08:54:59,0.949,1
Northern Flicker,Colaptes auratus,2026-04-26T15:54:40Z,26-Apr-2026,08:54:40,0.35,1
Steller's Jay,Cyanocitta stelleri,2026-04-26T15:54:12Z,26-Apr-2026,08:54:12,0.34,1
Steller's Jay,Cyanocitta stelleri,2026-04-26T15:54:05Z,26-Apr-2026,08:54:05,0.73,1
Bewick's Wren,Thryomanes bewickii,2026-04-26T15:53:57Z,26-Apr-2026,08:53:57,0.6,1
Steller's Jay,Cyanocitta stelleri,2026-04-26T15:53:35Z,26-Apr-2026,08:53:35,0.74,1
Chestnut-backed Chickadee,Poecile rufescens,2026-04-26T15:52:55Z,26-Apr-2026,08:52:55,0.9765,2
Steller's Jay,Cyanocitta stelleri,2026-04-26T15:52:25Z,26-Apr-2026,08:52:25,0.61,1
Steller's Jay,Cyanocitta stelleri,2026-04-26T15:52:21Z,26-Apr-2026,08:52:21,0.7804,1
Chestnut-backed Chickadee,Poecile rufescens,2026-04-26T15:51:28Z,26-Apr-2026,08:51:28,0.8,7
Chestnut-backed Chickadee,Poecile rufescens,2026-04-26T15:51:09Z,26-Apr-2026,08:51:09,0.34,1
Black-capped Chickadee,Poecile atricapillus,2026-04-26T15:50:25Z,26-Apr-2026,08:50:25,0.84,1
Black-capped Chickadee,Poecile atricapillus,2026-04-26T15:50:20Z,26-Apr-2026,08:50:20,0.8471,1
Black-capped Chickadee,Poecile atricapillus,2026-04-26T15:50:14Z,26-Apr-2026,08:50:14,0.58,1
Chestnut-backed Chickadee,Poecile rufescens,2026-04-26T15:49:55Z,26-Apr-2026,08:49:55,0.4,1
Chestnut-backed Chickadee,Poecile rufescens,2026-04-26T15:49:37Z,26-Apr-2026,08:49:37,0.39,1
Chestnut-backed Chickadee,Poecile rufescens,2026-04-26T15:49:17Z,26-Apr-2026,08:49:17,0.9412,3
Chestnut-backed Chickadee,Poecile rufescens,2026-04-26T15:48:03Z,26-Apr-2026,08:48:03,0.8314,4
Chestnut-backed Chickadee,Poecile rufescens,2026-04-26T15:47:05Z,26-Apr-2026,08:47:05,0.45,1
Chestnut-backed Chickadee,Poecile rufescens,2026-04-26T15:46:54Z,26-Apr-2026,08:46:54,0.26,1
Chestnut-backed Chickadee,Poecile rufescens,2026-04-26T15:46:44Z,26-Apr-2026,08:46:44,0.32,1
Chestnut-backed Chickadee,Poecile rufescens,2026-04-26T15:46:25Z,26-Apr-2026,08:46:25,0.8,2
Chestnut-backed Chickadee,Poecile rufescens,2026-04-26T15:45:09Z,26-Apr-2026,08:45:09,0.43,1
Chestnut-backed Chickadee,Poecile rufescens,2026-04-26T15:43:21Z,26-Apr-2026,08:43:21,0.9647,5
Chestnut-backed Chickadee,Poecile rufescens,2026-04-26T15:42:59Z,26-Apr-2026,08:42:59,0.28,1
Anna's Hummingbird,Calypte anna,2026-04-26T15:42:55Z,26-Apr-2026,08:42:55,0.8471,1
Chestnut-backed Chickadee,Poecile rufescens,2026-04-26T15:42:27Z,26-Apr-2026,08:42:27,0.61,1
Chestnut-backed Chickadee,Poecile rufescens,2026-04-26T15:42:06Z,26-Apr-2026,08:42:06,0.8314,3
Anna's Hummingbird,Calypte anna,2026-04-26T15:41:49Z,26-Apr-2026,08:41:49,0.9569,1
Chestnut-backed Chickadee,Poecile rufescens,2026-04-26T15:40:40Z,26-Apr-2026,08:40:40,0.9098,1
Chestnut-backed Chickadee,Poecile rufescens,2026-04-26T15:37:27Z,26-Apr-2026,08:37:27,0.69,1
Chestnut-backed Chickadee,Poecile rufescens,2026-04-26T15:37:20Z,26-Apr-2026,08:37:20,0.84,1
Mountain Chickadee,Poecile gambeli,2026-04-26T15:37:06Z,26-Apr-2026,08:37:06,0.57,1
House Finch,Haemorhous mexicanus,2026-04-26T15:36:55Z,26-Apr-2026,08:36:55,0.8157,1
Chestnut-backed Chickadee,Poecile rufescens,2026-04-26T15:36:46Z,26-Apr-2026,08:36:46,0.8745,6
Chestnut-backed Chickadee,Poecile rufescens,2026-04-26T15:36:42Z,26-Apr-2026,08:36:42,0.26,1
Chestnut-backed Chickadee,Poecile rufescens,2026-04-26T15:35:59Z,26-Apr-2026,08:35:59,0.4,1
Chestnut-backed Chickadee,Poecile rufescens,2026-04-26T15:35:52Z,26-Apr-2026,08:35:52,0.44,1
Bewick's Wren,Thryomanes bewickii,2026-04-26T15:35:25Z,26-Apr-2026,08:35:25,0.31,1
Chestnut-backed Chickadee,Poecile rufescens,2026-04-26T15:35:21Z,26-Apr-2026,08:35:21,0.8,1
House Finch,Haemorhous mexicanus,2026-04-26T15:33:06Z,26-Apr-2026,08:33:06,0.86,1
House Finch,Haemorhous mexicanus,2026-04-26T15:32:46Z,26-Apr-2026,08:32:46,0.8314,1
Bewick's Wren,Thryomanes bewickii,2026-04-26T15:31:40Z,26-Apr-2026,08:31:40,0.45,1
Bewick's Wren,Thryomanes bewickii,2026-04-26T15:30:22Z,26-Apr-2026,08:30:22,0.31,1
Bewick's Wren,Thryomanes bewickii,2026-04-26T15:30:03Z,26-Apr-2026,08:30:03,0.3,1
Bewick's Wren,Thryomanes bewickii,2026-04-26T15:29:45Z,26-Apr-2026,08:29:45,0.3,1
Black-capped Chickadee,Poecile atricapillus,2026-04-26T15:27:03Z,26-Apr-2026,08:27:03,0.9333,1
Bewick's Wren,Thryomanes bewickii,2026-04-26T15:26:23Z,26-Apr-2026,08:26:23,0.44,1
Bewick's Wren,Thryomanes bewickii,2026-04-26T15:23:25Z,26-Apr-2026,08:23:25,0.51,1
Downy Woodpecker,Dryobates pubescens,2026-04-26T15:21:52Z,26-Apr-2026,08:21:52,0.42,1
Black-capped Chickadee,Poecile atricapillus,2026-04-26T15:21:45Z,26-Apr-2026,08:21:45,0.8471,1
Bewick's Wren,Thryomanes bewickii,2026-04-26T15:21:14Z,26-Apr-2026,08:21:14,0.66,1
Bewick's Wren,Thryomanes bewickii,2026-04-26T15:21:07Z,26-Apr-2026,08:21:07,0.62,1
Dark-eyed Junco,Junco hyemalis,2026-04-26T15:20:23Z,26-Apr-2026,08:20:23,0.49,1
Dark-eyed Junco,Junco hyemalis,2026-04-26T15:20:07Z,26-Apr-2026,08:20:07,0.61,1
Steller's Jay,Cyanocitta stelleri,2026-04-26T15:19:05Z,26-Apr-2026,08:19:05,0.27,1
Steller's Jay,Cyanocitta stelleri,2026-04-26T15:18:52Z,26-Apr-2026,08:18:52,0.67,1
Steller's Jay,Cyanocitta stelleri,2026-04-26T15:18:48Z,26-Apr-2026,08:18:48,0.8,1
Steller's Jay,Cyanocitta stelleri,2026-04-26T15:18:41Z,26-Apr-2026,08:18:41,0.8,1
Steller's Jay,Cyanocitta stelleri,2026-04-26T15:18:33Z,26-Apr-2026,08:18:33,0.34,1
Steller's Jay,Cyanocitta stelleri,2026-04-26T15:18:10Z,26-Apr-2026,08:18:10,0.9,1
Steller's Jay,Cyanocitta stelleri,2026-04-26T15:17:47Z,26-Apr-2026,08:17:47,0.75,1
Steller's Jay,Cyanocitta stelleri,2026-04-26T15:17:11Z,26-Apr-2026,08:17:11,0.35,1
Steller's Jay,Cyanocitta stelleri,2026-04-26T15:17:07Z,26-Apr-2026,08:17:07,0.9176,3
Steller's Jay,Cyanocitta stelleri,2026-04-26T15:17:00Z,26-Apr-2026,08:17:00,0.9,1
Steller's Jay,Cyanocitta stelleri,2026-04-26T15:16:41Z,26-Apr-2026,08:16:41,0.64,1
Steller's Jay,Cyanocitta stelleri,2026-04-26T15:16:16Z,26-Apr-2026,08:16:16,0.84,1
Steller's Jay,Cyanocitta stelleri,2026-04-26T15:15:32Z,26-Apr-2026,08:15:32,0.8627,4
European Starling,Sturnus vulgaris,2026-04-26T15:15:27Z,26-Apr-2026,08:15:27,0.7804,1
Steller's Jay,Cyanocitta stelleri,2026-04-26T15:15:03Z,26-Apr-2026,08:15:03,0.58,1
Steller's Jay,Cyanocitta stelleri,2026-04-26T15:14:25Z,26-Apr-2026,08:14:25,0.8,3
Steller's Jay,Cyanocitta stelleri,2026-04-26T15:14:21Z,26-Apr-2026,08:14:21,0.78,1
Steller's Jay,Cyanocitta stelleri,2026-04-26T15:14:14Z,26-Apr-2026,08:14:14,0.6,1
Steller's Jay,Cyanocitta stelleri,2026-04-26T15:12:59Z,26-Apr-2026,08:12:59,0.8627,1
House Finch,Haemorhous mexicanus,2026-04-26T15:12:51Z,26-Apr-2026,08:12:51,0.8314,1
Bewick's Wren,Thryomanes bewickii,2026-04-26T15:12:27Z,26-Apr-2026,08:12:27,0.32,1
Steller's Jay,Cyanocitta stelleri,2026-04-26T15:11:33Z,26-Apr-2026,08:11:33,0.8471,1
Steller's Jay,Cyanocitta stelleri,2026-04-26T15:11:28Z,26-Apr-2026,08:11:28,0.35,1
Bewick's Wren,Thryomanes bewickii,2026-04-26T15:10:36Z,26-Apr-2026,08:10:36,0.27,1
Bewick's Wren,Thryomanes bewickii,2026-04-26T15:10:26Z,26-Apr-2026,08:10:26,0.26,1
Bewick's Wren,Thryomanes bewickii,2026-04-26T15:06:31Z,26-Apr-2026,08:06:31,0.55,1
Bewick's Wren,Thryomanes bewickii,2026-04-26T15:04:30Z,26-Apr-2026,08:04:30,0.33,1
Black-capped Chickadee,Poecile atricapillus,2026-04-26T15:00:18Z,26-Apr-2026,08:00:18,0.8863,1
Bewick's Wren,Thryomanes bewickii,2026-04-26T14:58:36Z,26-Apr-2026,07:58:36,0.53,1
Black-capped Chickadee,Poecile atricapillus,2026-04-26T14:57:53Z,26-Apr-2026,07:57:53,0.38,1
Black-capped Chickadee,Poecile atricapillus,2026-04-26T14:57:48Z,26-Apr-2026,07:57:48,0.8314,1
Anna's Hummingbird,Calypte anna,2026-04-26T14:56:53Z,26-Apr-2026,07:56:53,0.8627,1
White-crowned Sparrow,Zonotrichia leucophrys,2026-04-26T14:55:03Z,26-Apr-2026,07:55:03,0.3,1
Anna's Hummingbird,Calypte anna,2026-04-26T14:53:22Z,26-Apr-2026,07:53:22,0.8157,1
Steller's Jay,Cyanocitta stelleri,2026-04-26T14:53:13Z,26-Apr-2026,07:53:13,0.33,1
Black-capped Chickadee,Poecile atricapillus,2026-04-26T14:52:19Z,26-Apr-2026,07:52:19,0.8157,1
Bewick's Wren,Thryomanes bewickii,2026-04-26T14:49:18Z,26-Apr-2026,07:49:18,0.48,1
Bewick's Wren,Thryomanes bewickii,2026-04-26T14:48:13Z,26-Apr-2026,07:48:13,0.32,1
Black-capped Chickadee,Poecile atricapillus,2026-04-26T14:47:07Z,26-Apr-2026,07:47:07,0.8471,1
Bewick's Wren,Thryomanes bewickii,2026-04-26T14:46:00Z,26-Apr-2026,07:46:00,0.57,1
Bewick's Wren,Thryomanes bewickii,2026-04-26T14:45:53Z,26-Apr-2026,07:45:53,0.3,1
Mountain Chickadee,Poecile gambeli,2026-04-26T14:45:02Z,26-Apr-2026,07:45:02,0.8,1
House Finch,Haemorhous mexicanus,2026-04-26T14:43:21Z,26-Apr-2026,07:43:21,0.8,1
Black-capped Chickadee,Poecile atricapillus,2026-04-26T14:42:08Z,26-Apr-2026,07:42:08,0.29,1
Black-capped Chickadee,Poecile atricapillus,2026-04-26T14:41:54Z,26-Apr-2026,07:41:54,0.8627,1
Mountain Chickadee,Poecile gambeli,2026-04-26T14:40:44Z,26-Apr-2026,07:40:44,0.28,1
American Crow,Corvus brachyrhynchos,2026-04-26T14:38:49Z,26-Apr-2026,07:38:49,0.7804,1
Bewick's Wren,Thryomanes bewickii,2026-04-26T14:35:42Z,26-Apr-2026,07:35:42,0.3,1
House Finch,Haemorhous mexicanus,2026-04-26T14:35:29Z,26-Apr-2026,07:35:29,0.27,1
Chestnut-backed Chickadee,Poecile rufescens,2026-04-26T14:33:56Z,26-Apr-2026,07:33:56,0.9765,6
Bewick's Wren,Thryomanes bewickii,2026-04-26T14:33:38Z,26-Apr-2026,07:33:38,0.35,1
Bewick's Wren,Thryomanes bewickii,2026-04-26T14:33:31Z,26-Apr-2026,07:33:31,0.43,1
Bewick's Wren,Thryomanes bewickii,2026-04-26T14:31:02Z,26-Apr-2026,07:31:02,0.86,1
Chestnut-backed Chickadee,Poecile rufescens,2026-04-26T14:30:54Z,26-Apr-2026,07:30:54,0.8745,1
Bewick's Wren,Thryomanes bewickii,2026-04-26T14:29:48Z,26-Apr-2026,07:29:48,0.33,1
Ruffed Grouse,Bonasa umbellus,2026-04-26T14:29:39Z,26-Apr-2026,07:29:39,0.27,1
Chestnut-backed Chickadee,Poecile rufescens,2026-04-26T14:28:11Z,26-Apr-2026,07:28:11,0.898,1
White-crowned Sparrow,Zonotrichia leucophrys,2026-04-26T14:27:46Z,26-Apr-2026,07:27:46,0.63,1
Chestnut-backed Chickadee,Poecile rufescens,2026-04-26T14:26:41Z,26-Apr-2026,07:26:41,0.9529,1
Bewick's Wren,Thryomanes bewickii,2026-04-26T14:24:38Z,26-Apr-2026,07:24:38,0.32,1
Bewick's Wren,Thryomanes bewickii,2026-04-26T14:20:49Z,26-Apr-2026,07:20:49,0.26,1
House Finch,Haemorhous mexicanus,2026-04-26T14:17:23Z,26-Apr-2026,07:17:23,0.8471,1
Red-breasted Nuthatch,Sitta canadensis,2026-04-26T14:16:45Z,26-Apr-2026,07:16:45,0.3,1
Red-breasted Nuthatch,Sitta canadensis,2026-04-26T14:16:38Z,26-Apr-2026,07:16:38,0.62,1
Red-breasted Nuthatch,Sitta canadensis,2026-04-26T14:16:14Z,26-Apr-2026,07:16:14,0.51,1
Red-breasted Nuthatch,Sitta canadensis,2026-04-26T14:15:38Z,26-Apr-2026,07:15:38,0.54,1
Red-breasted Nuthatch,Sitta canadensis,2026-04-26T14:15:31Z,26-Apr-2026,07:15:31,0.59,1
Red-breasted Nuthatch,Sitta canadensis,2026-04-26T14:15:21Z,26-Apr-2026,07:15:21,0.43,1
Red-breasted Nuthatch,Sitta canadensis,2026-04-26T14:15:13Z,26-Apr-2026,07:15:13,0.3,1
Chestnut-backed Chickadee,Poecile rufescens,2026-04-26T14:13:47Z,26-Apr-2026,07:13:47,0.3,1
Bewick's Wren,Thryomanes bewickii,2026-04-26T14:13:16Z,26-Apr-2026,07:13:16,0.77,1
Bewick's Wren,Thryomanes bewickii,2026-04-26T14:12:30Z,26-Apr-2026,07:12:30,0.75,1
Bewick's Wren,Thryomanes bewickii,2026-04-26T14:12:17Z,26-Apr-2026,07:12:17,0.34,1
Bewick's Wren,Thryomanes bewickii,2026-04-26T14:11:45Z,26-Apr-2026,07:11:45,0.37,1
Bewick's Wren,Thryomanes bewickii,2026-04-26T14:11:11Z,26-Apr-2026,07:11:11,0.35,1
Chestnut-backed Chickadee,Poecile rufescens,2026-04-26T14:10:55Z,26-Apr-2026,07:10:55,0.8745,4
Bewick's Wren,Thryomanes bewickii,2026-04-26T14:10:41Z,26-Apr-2026,07:10:41,0.29,1
Chestnut-backed Chickadee,Poecile rufescens,2026-04-26T14:09:56Z,26-Apr-2026,07:09:56,0.42,1
Chestnut-backed Chickadee,Poecile rufescens,2026-04-26T14:09:16Z,26-Apr-2026,07:09:16,0.8,1
Chestnut-backed Chickadee,Poecile rufescens,2026-04-26T14:09:12Z,26-Apr-2026,07:09:12,0.42,1
Black-capped Chickadee,Poecile atricapillus,2026-04-26T14:07:08Z,26-Apr-2026,07:07:08,0.31,1
Bewick's Wren,Thryomanes bewickii,2026-04-26T14:06:33Z,26-Apr-2026,07:06:33,0.55,1
Bewick's Wren,Thryomanes bewickii,2026-04-26T14:06:15Z,26-Apr-2026,07:06:15,0.26,1
Bewick's Wren,Thryomanes bewickii,2026-04-26T14:05:51Z,26-Apr-2026,07:05:51,0.39,1
Bewick's Wren,Thryomanes bewickii,2026-04-26T14:05:44Z,26-Apr-2026,07:05:44,0.43,1
Bewick's Wren,Thryomanes bewickii,2026-04-26T14:05:12Z,26-Apr-2026,07:05:12,0.49,1
Bewick's Wren,Thryomanes bewickii,2026-04-26T14:04:30Z,26-Apr-2026,07:04:30,0.55,1
Bewick's Wren,Thryomanes bewickii,2026-04-26T14:03:47Z,26-Apr-2026,07:03:47,0.27,1
Chestnut-backed Chickadee,Poecile rufescens,2026-04-26T14:03:43Z,26-Apr-2026,07:03:43,0.8,1
Bewick's Wren,Thryomanes bewickii,2026-04-26T14:02:35Z,26-Apr-2026,07:02:35,0.26,1
American Robin,Turdus migratorius,2026-04-26T13:57:25Z,26-Apr-2026,06:57:25,0.8627,1
Chestnut-backed Chickadee,Poecile rufescens,2026-04-26T13:56:47Z,26-Apr-2026,06:56:47,0.8157,1
American Robin,Turdus migratorius,2026-04-26T13:56:18Z,26-Apr-2026,06:56:18,0.28,1
Bewick's Wren,Thryomanes bewickii,2026-04-26T13:54:30Z,26-Apr-2026,06:54:30,0.27,1
Chestnut-backed Chickadee,Poecile rufescens,2026-04-26T13:53:36Z,26-Apr-2026,06:53:36,0.898,1
Black-capped Chickadee,Poecile atricapillus,2026-04-26T13:42:22Z,26-Apr-2026,06:42:22,0.8157,1
House Finch,Haemorhous mexicanus,2026-04-26T13:42:14Z,26-Apr-2026,06:42:14,0.8471,1
House Finch,Haemorhous mexicanus,2026-04-26T13:41:33Z,26-Apr-2026,06:41:33,0.44,1
Merlin,Falco columbarius,2026-04-26T13:41:12Z,26-Apr-2026,06:41:12,0.97,1
American Robin,Turdus migratorius,2026-04-26T13:39:40Z,26-Apr-2026,06:39:40,0.7804,1
Chestnut-backed Chickadee,Poecile rufescens,2026-04-26T13:36:27Z,26-Apr-2026,06:36:27,0.27,1
Chestnut-backed Chickadee,Poecile rufescens,2026-04-26T13:36:11Z,26-Apr-2026,06:36:11,0.8627,1
Chestnut-backed Chickadee,Poecile rufescens,2026-04-26T13:34:57Z,26-Apr-2026,06:34:57,0.29,1
Chestnut-backed Chickadee,Poecile rufescens,2026-04-26T13:34:53Z,26-Apr-2026,06:34:53,0.8471,10
American Robin,Turdus migratorius,2026-04-26T13:34:30Z,26-Apr-2026,06:34:30,0.61,1
Chestnut-backed Chickadee,Poecile rufescens,2026-04-26T13:33:52Z,26-Apr-2026,06:33:52,0.8863,4
Chestnut-backed Chickadee,Poecile rufescens,2026-04-26T13:32:50Z,26-Apr-2026,06:32:50,0.8471,1
Chestnut-backed Chickadee,Poecile rufescens,2026-04-26T13:30:50Z,26-Apr-2026,06:30:50,0.8745,1
Chestnut-backed Chickadee,Poecile rufescens,2026-04-26T13:29:37Z,26-Apr-2026,06:29:37,0.8627,4
Chestnut-backed Chickadee,Poecile rufescens,2026-04-26T13:28:43Z,26-Apr-2026,06:28:43,0.42,1
Chestnut-backed Chickadee,Poecile rufescens,2026-04-26T13:27:39Z,26-Apr-2026,06:27:39,0.8627,1
Chestnut-backed Chickadee,Poecile rufescens,2026-04-26T13:27:35Z,26-Apr-2026,06:27:35,0.3,1
Yellow-rumped Warbler,Setophaga coronata,2026-04-26T13:27:21Z,26-Apr-2026,06:27:21,0.72,1
Yellow-rumped Warbler,Setophaga coronata,2026-04-26T13:27:13Z,26-Apr-2026,06:27:13,0.6,1
MacGillivray's Warbler,Geothlypis tolmiei,2026-04-26T13:27:06Z,26-Apr-2026,06:27:06,0.42,1
MacGillivray's Warbler,Geothlypis tolmiei,2026-04-26T13:26:59Z,26-Apr-2026,06:26:59,0.4,1
Yellow-rumped Warbler,Setophaga coronata,2026-04-26T13:26:37Z,26-Apr-2026,06:26:37,0.3,1
Yellow-rumped Warbler,Setophaga coronata,2026-04-26T13:26:08Z,26-Apr-2026,06:26:08,0.26,1
House Finch,Haemorhous mexicanus,2026-04-26T13:24:46Z,26-Apr-2026,06:24:46,0.26,1
House Finch,Haemorhous mexicanus,2026-04-26T13:20:49Z,26-Apr-2026,06:20:49,0.898,1
Mountain Chickadee,Poecile gambeli,2026-04-26T13:18:06Z,26-Apr-2026,06:18:06,0.54,1
Bewick's Wren,Thryomanes bewickii,2026-04-26T13:17:45Z,26-Apr-2026,06:17:45,0.52,1
House Finch,Haemorhous mexicanus,2026-04-26T13:12:11Z,26-Apr-2026,06:12:11,0.8314,3
House Finch,Haemorhous mexicanus,2026-04-26T13:11:00Z,26-Apr-2026,06:11:00,0.8745,1
House Finch,Haemorhous mexicanus,2026-04-26T13:10:47Z,26-Apr-2026,06:10:47,0.36,1
Black-capped Chickadee,Poecile atricapillus,2026-04-26T13:03:08Z,26-Apr-2026,06:03:08,0.8863,1
Black-capped Chickadee,Poecile atricapillus,2026-04-26T13:02:55Z,26-Apr-2026,06:02:55,0.3,1
Black-capped Chickadee,Poecile atricapillus,2026-04-26T12:57:45Z,26-Apr-2026,05:57:45,0.39,1
Fox Sparrow,Passerella iliaca,2026-04-26T12:53:05Z,26-Apr-2026,05:53:05,0.44,1
Bewick's Wren,Thryomanes bewickii,2026-04-26T12:52:51Z,26-Apr-2026,05:52:51,0.38,1
Bewick's Wren,Thryomanes bewickii,2026-04-26T12:52:16Z,26-Apr-2026,05:52:16,0.6,1
Bewick's Wren,Thryomanes bewickii,2026-04-26T12:52:08Z,26-Apr-2026,05:52:08,0.63,1
Bewick's Wren,Thryomanes bewickii,2026-04-26T12:51:44Z,26-Apr-2026,05:51:44,0.85,1
Bewick's Wren,Thryomanes bewickii,2026-04-26T12:51:31Z,26-Apr-2026,05:51:31,0.41,1
Bewick's Wren,Thryomanes bewickii,2026-04-26T12:51:12Z,26-Apr-2026,05:51:12,0.91,1
Bewick's Wren,Thryomanes bewickii,2026-04-26T12:50:56Z,26-Apr-2026,05:50:56,0.95,1
Bewick's Wren,Thryomanes bewickii,2026-04-26T12:50:39Z,26-Apr-2026,05:50:39,0.86,1
Bewick's Wren,Thryomanes bewickii,2026-04-26T12:50:11Z,26-Apr-2026,05:50:11,0.97,1
Bewick's Wren,Thryomanes bewickii,2026-04-26T12:50:04Z,26-Apr-2026,05:50:04,0.94,1
Fox Sparrow,Passerella iliaca,2026-04-26T12:49:56Z,26-Apr-2026,05:49:56,0.4,1
Bewick's Wren,Thryomanes bewickii,2026-04-26T12:49:48Z,26-Apr-2026,05:49:48,0.78,1
Bewick's Wren,Thryomanes bewickii,2026-04-26T12:49:40Z,26-Apr-2026,05:49:40,0.97,1
Bewick's Wren,Thryomanes bewickii,2026-04-26T12:49:24Z,26-Apr-2026,05:49:24,0.89,1
Bewick's Wren,Thryomanes bewickii,2026-04-26T12:49:17Z,26-Apr-2026,05:49:17,0.98,1
Bewick's Wren,Thryomanes bewickii,2026-04-26T12:49:12Z,26-Apr-2026,05:49:12,0.66,1
Bewick's Wren,Thryomanes bewickii,2026-04-26T12:48:54Z,26-Apr-2026,05:48:54,0.91,1
Bewick's Wren,Thryomanes bewickii,2026-04-26T12:48:18Z,26-Apr-2026,05:48:18,0.98,1
Bewick's Wren,Thryomanes bewickii,2026-04-26T12:48:04Z,26-Apr-2026,05:48:04,0.91,1
Black-capped Chickadee,Poecile atricapillus,2026-04-26T12:47:48Z,26-Apr-2026,05:47:48,0.31,1
Bewick's Wren,Thryomanes bewickii,2026-04-26T12:47:33Z,26-Apr-2026,05:47:33,0.79,1
Bewick's Wren,Thryomanes bewickii,2026-04-26T12:47:27Z,26-Apr-2026,05:47:27,0.96,1
Bewick's Wren,Thryomanes bewickii,2026-04-26T12:47:20Z,26-Apr-2026,05:47:20,0.99,1
Bewick's Wren,Thryomanes bewickii,2026-04-26T12:47:13Z,26-Apr-2026,05:47:13,0.97,1
Bewick's Wren,Thryomanes bewickii,2026-04-26T12:47:07Z,26-Apr-2026,05:47:07,0.98,1
Bewick's Wren,Thryomanes bewickii,2026-04-26T12:46:59Z,26-Apr-2026,05:46:59,0.29,1
Bewick's Wren,Thryomanes bewickii,2026-04-26T12:46:44Z,26-Apr-2026,05:46:44,0.26,1
Bewick's Wren,Thryomanes bewickii,2026-04-26T12:46:33Z,26-Apr-2026,05:46:33,0.89,1
Bewick's Wren,Thryomanes bewickii,2026-04-26T12:46:24Z,26-Apr-2026,05:46:24,0.59,1
Black-capped Chickadee,Poecile atricapillus,2026-04-26T12:46:04Z,26-Apr-2026,05:46:04,0.55,1
Bewick's Wren,Thryomanes bewickii,2026-04-26T12:45:56Z,26-Apr-2026,05:45:56,0.89,1
Black-capped Chickadee,Poecile atricapillus,2026-04-26T12:45:49Z,26-Apr-2026,05:45:49,0.8157,2
Bewick's Wren,Thryomanes bewickii,2026-04-26T12:45:42Z,26-Apr-2026,05:45:42,0.71,1
Bewick's Wren,Thryomanes bewickii,2026-04-26T12:45:34Z,26-Apr-2026,05:45:34,0.31,1
Bewick's Wren,Thryomanes bewickii,2026-04-26T12:45:21Z,26-Apr-2026,05:45:21,0.62,1
Bewick's Wren,Thryomanes bewickii,2026-04-26T12:45:14Z,26-Apr-2026,05:45:14,0.28,1
Bewick's Wren,Thryomanes bewickii,2026-04-26T12:45:06Z,26-Apr-2026,05:45:06,0.81,1
Bewick's Wren,Thryomanes bewickii,2026-04-26T12:44:58Z,26-Apr-2026,05:44:58,0.63,1
Bewick's Wren,Thryomanes bewickii,2026-04-26T12:44:44Z,26-Apr-2026,05:44:44,0.97,1
Bewick's Wren,Thryomanes bewickii,2026-04-26T12:44:33Z,26-Apr-2026,05:44:33,0.96,1
Bewick's Wren,Thryomanes bewickii,2026-04-26T12:44:26Z,26-Apr-2026,05:44:26,0.95,1
Black-capped Chickadee,Poecile atricapillus,2026-04-26T12:44:07Z,26-Apr-2026,05:44:07,0.27,1
Bewick's Wren,Thryomanes bewickii,2026-04-26T12:44:00Z,26-Apr-2026,05:44:00,0.51,1
Black-capped Chickadee,Poecile atricapillus,2026-04-26T12:43:52Z,26-Apr-2026,05:43:52,0.8745,1
Bewick's Wren,Thryomanes bewickii,2026-04-26T12:43:45Z,26-Apr-2026,05:43:45,0.71,1
Bewick's Wren,Thryomanes bewickii,2026-04-26T12:43:37Z,26-Apr-2026,05:43:37,0.96,1
Bewick's Wren,Thryomanes bewickii,2026-04-26T12:43:23Z,26-Apr-2026,05:43:23,0.43,1
Bewick's Wren,Thryomanes bewickii,2026-04-26T12:42:59Z,26-Apr-2026,05:42:59,0.9,1
Bewick's Wren,Thryomanes bewickii,2026-04-26T12:42:51Z,26-Apr-2026,05:42:51,0.88,1
Bewick's Wren,Thryomanes bewickii,2026-04-26T12:42:44Z,26-Apr-2026,05:42:44,0.71,1
Bewick's Wren,Thryomanes bewickii,2026-04-26T12:42:36Z,26-Apr-2026,05:42:36,0.95,1
Bewick's Wren,Thryomanes bewickii,2026-04-26T12:42:28Z,26-Apr-2026,05:42:28,0.94,1
Black-capped Chickadee,Poecile atricapillus,2026-04-26T12:42:21Z,26-Apr-2026,05:42:21,0.58,1
Bewick's Wren,Thryomanes bewickii,2026-04-26T12:42:15Z,26-Apr-2026,05:42:15,0.97,1
Bewick's Wren,Thryomanes bewickii,2026-04-26T12:42:07Z,26-Apr-2026,05:42:07,0.98,1
Bewick's Wren,Thryomanes bewickii,2026-04-26T12:42:00Z,26-Apr-2026,05:42:00,0.95,1
Bewick's Wren,Thryomanes bewickii,2026-04-26T12:41:52Z,26-Apr-2026,05:41:52,0.96,1
Bewick's Wren,Thryomanes bewickii,2026-04-26T12:41:44Z,26-Apr-2026,05:41:44,0.96,1
Bewick's Wren,Thryomanes bewickii,2026-04-26T12:41:37Z,26-Apr-2026,05:41:37,0.94,1
Bewick's Wren,Thryomanes bewickii,2026-04-26T12:41:29Z,26-Apr-2026,05:41:29,0.84,1
Bewick's Wren,Thryomanes bewickii,2026-04-26T12:41:22Z,26-Apr-2026,05:41:22,0.71,1
Bewick's Wren,Thryomanes bewickii,2026-04-26T12:41:14Z,26-Apr-2026,05:41:14,0.83,1
Bewick's Wren,Thryomanes bewickii,2026-04-26T12:41:06Z,26-Apr-2026,05:41:06,0.82,1
Bewick's Wren,Thryomanes bewickii,2026-04-26T12:40:59Z,26-Apr-2026,05:40:59,0.58,1
Bewick's Wren,Thryomanes bewickii,2026-04-26T12:40:51Z,26-Apr-2026,05:40:51,0.95,1
Bewick's Wren,Thryomanes bewickii,2026-04-26T12:40:43Z,26-Apr-2026,05:40:43,0.92,1
Bewick's Wren,Thryomanes bewickii,2026-04-26T12:40:28Z,26-Apr-2026,05:40:28,0.59,1
Bewick's Wren,Thryomanes bewickii,2026-04-26T12:40:19Z,26-Apr-2026,05:40:19,0.91,1
Bewick's Wren,Thryomanes bewickii,2026-04-26T12:40:11Z,26-Apr-2026,05:40:11,0.56,1
Bewick's Wren,Thryomanes bewickii,2026-04-26T12:40:04Z,26-Apr-2026,05:40:04,0.98,1
Bewick's Wren,Thryomanes bewickii,2026-04-26T12:39:57Z,26-Apr-2026,05:39:57,0.66,1
Bewick's Wren,Thryomanes bewickii,2026-04-26T12:39:52Z,26-Apr-2026,05:39:52,0.98,1
Bewick's Wren,Thryomanes bewickii,2026-04-26T12:39:45Z,26-Apr-2026,05:39:45,0.98,1
Bewick's Wren,Thryomanes bewickii,2026-04-26T12:39:37Z,26-Apr-2026,05:39:37,0.99,1
Bewick's Wren,Thryomanes bewickii,2026-04-26T12:39:26Z,26-Apr-2026,05:39:26,0.94,1
Bewick's Wren,Thryomanes bewickii,2026-04-26T12:39:18Z,26-Apr-2026,05:39:18,0.87,1
Bewick's Wren,Thryomanes bewickii,2026-04-26T12:39:12Z,26-Apr-2026,05:39:12,0.98,1
Bewick's Wren,Thryomanes bewickii,2026-04-26T12:39:05Z,26-Apr-2026,05:39:05,0.95,1
Bewick's Wren,Thryomanes bewickii,2026-04-26T12:38:58Z,26-Apr-2026,05:38:58,0.97,1
Bewick's Wren,Thryomanes bewickii,2026-04-26T12:38:36Z,26-Apr-2026,05:38:36,0.99,1
Bewick's Wren,Thryomanes bewickii,2026-04-26T12:38:30Z,26-Apr-2026,05:38:30,0.98,1
Bewick's Wren,Thryomanes bewickii,2026-04-26T12:38:24Z,26-Apr-2026,05:38:24,0.96,1
Bewick's Wren,Thryomanes bewickii,2026-04-26T12:38:16Z,26-Apr-2026,05:38:16,0.85,1
Bewick's Wren,Thryomanes bewickii,2026-04-26T12:38:09Z,26-Apr-2026,05:38:09,0.33,1
Bewick's Wren,Thryomanes bewickii,2026-04-26T12:38:01Z,26-Apr-2026,05:38:01,0.75,1
Bewick's Wren,Thryomanes bewickii,2026-04-26T12:37:53Z,26-Apr-2026,05:37:53,0.28,1
Bewick's Wren,Thryomanes bewickii,2026-04-26T12:37:45Z,26-Apr-2026,05:37:45,0.87,1
Bewick's Wren,Thryomanes bewickii,2026-04-26T12:37:37Z,26-Apr-2026,05:37:37,0.93,1
Bewick's Wren,Thryomanes bewickii,2026-04-26T12:37:21Z,26-Apr-2026,05:37:21,0.91,1
Bewick's Wren,Thryomanes bewickii,2026-04-26T12:37:14Z,26-Apr-2026,05:37:14,0.94,1
Bewick's Wren,Thryomanes bewickii,2026-04-26T12:37:06Z,26-Apr-2026,05:37:06,0.95,1
Bewick's Wren,Thryomanes bewickii,2026-04-26T12:36:59Z,26-Apr-2026,05:36:59,0.97,1
Bewick's Wren,Thryomanes bewickii,2026-04-26T12:36:52Z,26-Apr-2026,05:36:52,0.86,1
Bewick's Wren,Thryomanes bewickii,2026-04-26T12:36:45Z,26-Apr-2026,05:36:45,0.97,1
Bewick's Wren,Thryomanes bewickii,2026-04-26T12:36:37Z,26-Apr-2026,05:36:37,0.94,1
Bewick's Wren,Thryomanes bewickii,2026-04-26T12:36:29Z,26-Apr-2026,05:36:29,0.97,1
Bewick's Wren,Thryomanes bewickii,2026-04-26T12:36:24Z,26-Apr-2026,05:36:24,0.92,1
Bewick's Wren,Thryomanes bewickii,2026-04-26T12:36:17Z,26-Apr-2026,05:36:17,0.98,1
Bewick's Wren,Thryomanes bewickii,2026-04-26T12:36:12Z,26-Apr-2026,05:36:12,0.99,1
Bewick's Wren,Thryomanes bewickii,2026-04-26T12:36:00Z,26-Apr-2026,05:36:00,0.94,1
Bewick's Wren,Thryomanes bewickii,2026-04-26T12:35:52Z,26-Apr-2026,05:35:52,0.39,1
Bewick's Wren,Thryomanes bewickii,2026-04-26T12:35:44Z,26-Apr-2026,05:35:44,0.94,1
Bewick's Wren,Thryomanes bewickii,2026-04-26T12:35:36Z,26-Apr-2026,05:35:36,0.26,1
Bewick's Wren,Thryomanes bewickii,2026-04-26T12:35:28Z,26-Apr-2026,05:35:28,0.27,1
Bewick's Wren,Thryomanes bewickii,2026-04-26T12:35:21Z,26-Apr-2026,05:35:21,0.71,1
Black-capped Chickadee,Poecile atricapillus,2026-04-26T12:35:08Z,26-Apr-2026,05:35:08,0.8314,1
Bewick's Wren,Thryomanes bewickii,2026-04-26T12:34:54Z,26-Apr-2026,05:34:54,0.29,1
Bewick's Wren,Thryomanes bewickii,2026-04-26T12:34:40Z,26-Apr-2026,05:34:40,0.49,1
Bewick's Wren,Thryomanes bewickii,2026-04-26T12:34:03Z,26-Apr-2026,05:34:03,0.8,1
Bewick's Wren,Thryomanes bewickii,2026-04-26T12:33:55Z,26-Apr-2026,05:33:55,0.35,1
Bewick's Wren,Thryomanes bewickii,2026-04-26T12:33:47Z,26-Apr-2026,05:33:47,0.71,1
Bewick's Wren,Thryomanes bewickii,2026-04-26T12:33:40Z,26-Apr-2026,05:33:40,0.49,1
Bewick's Wren,Thryomanes bewickii,2026-04-26T12:33:26Z,26-Apr-2026,05:33:26,0.79,1
Bewick's Wren,Thryomanes bewickii,2026-04-26T12:33:19Z,26-Apr-2026,05:33:19,0.34,1
Bewick's Wren,Thryomanes bewickii,2026-04-26T12:33:11Z,26-Apr-2026,05:33:11,0.28,1
Bewick's Wren,Thryomanes bewickii,2026-04-26T12:33:04Z,26-Apr-2026,05:33:04,0.67,1
Bewick's Wren,Thryomanes bewickii,2026-04-26T12:32:48Z,26-Apr-2026,05:32:48,0.87,1
Bewick's Wren,Thryomanes bewickii,2026-04-26T12:32:41Z,26-Apr-2026,05:32:41,0.38,1
Bewick's Wren,Thryomanes bewickii,2026-04-26T12:32:34Z,26-Apr-2026,05:32:34,0.77,1
Bewick's Wren,Thryomanes bewickii,2026-04-26T12:32:19Z,26-Apr-2026,05:32:19,0.45,1
Bewick's Wren,Thryomanes bewickii,2026-04-26T12:32:06Z,26-Apr-2026,05:32:06,0.53,1
Bewick's Wren,Thryomanes bewickii,2026-04-26T12:31:57Z,26-Apr-2026,05:31:57,0.81,1
Bewick's Wren,Thryomanes bewickii,2026-04-26T12:31:43Z,26-Apr-2026,05:31:43,0.28,1
Bewick's Wren,Thryomanes bewickii,2026-04-26T12:31:36Z,26-Apr-2026,05:31:36,0.62,1
Bewick's Wren,Thryomanes bewickii,2026-04-26T12:31:22Z,26-Apr-2026,05:31:22,0.31,1
Bewick's Wren,Thryomanes bewickii,2026-04-26T12:31:15Z,26-Apr-2026,05:31:15,0.97,1
Bewick's Wren,Thryomanes bewickii,2026-04-26T12:31:00Z,26-Apr-2026,05:31:00,0.88,1
Bewick's Wren,Thryomanes bewickii,2026-04-26T12:30:53Z,26-Apr-2026,05:30:53,0.81,1
Bewick's Wren,Thryomanes bewickii,2026-04-26T12:30:45Z,26-Apr-2026,05:30:45,0.89,1
Bewick's Wren,Thryomanes bewickii,2026-04-26T12:30:38Z,26-Apr-2026,05:30:38,0.44,1
Bewick's Wren,Thryomanes bewickii,2026-04-26T12:30:30Z,26-Apr-2026,05:30:30,0.86,1
Bewick's Wren,Thryomanes bewickii,2026-04-26T12:30:22Z,26-Apr-2026,05:30:22,0.89,1
Bewick's Wren,Thryomanes bewickii,2026-04-26T12:30:15Z,26-Apr-2026,05:30:15,0.42,1
Bewick's Wren,Thryomanes bewickii,2026-04-26T12:30:08Z,26-Apr-2026,05:30:08,0.64,1
Bewick's Wren,Thryomanes bewickii,2026-04-26T12:30:01Z,26-Apr-2026,05:30:01,0.88,1
Bewick's Wren,Thryomanes bewickii,2026-04-26T12:29:53Z,26-Apr-2026,05:29:53,0.82,1
Bewick's Wren,Thryomanes bewickii,2026-04-26T12:29:45Z,26-Apr-2026,05:29:45,0.7,1
Bewick's Wren,Thryomanes bewickii,2026-04-26T12:29:38Z,26-Apr-2026,05:29:38,0.91,1
Bewick's Wren,Thryomanes bewickii,2026-04-26T12:29:31Z,26-Apr-2026,05:29:31,0.62,1
Bewick's Wren,Thryomanes bewickii,2026-04-26T12:29:17Z,26-Apr-2026,05:29:17,0.68,1
Bewick's Wren,Thryomanes bewickii,2026-04-26T12:28:56Z,26-Apr-2026,05:28:56,0.7,1
Bewick's Wren,Thryomanes bewickii,2026-04-26T12:28:48Z,26-Apr-2026,05:28:48,0.95,1
Bewick's Wren,Thryomanes bewickii,2026-04-26T12:28:41Z,26-Apr-2026,05:28:41,0.92,1
Bewick's Wren,Thryomanes bewickii,2026-04-26T12:28:33Z,26-Apr-2026,05:28:33,0.95,1
Bewick's Wren,Thryomanes bewickii,2026-04-26T12:28:27Z,26-Apr-2026,05:28:27,0.72,1
Bewick's Wren,Thryomanes bewickii,2026-04-26T12:28:20Z,26-Apr-2026,05:28:20,0.98,1
Bewick's Wren,Thryomanes bewickii,2026-04-26T12:28:13Z,26-Apr-2026,05:28:13,0.56,1
Bewick's Wren,Thryomanes bewickii,2026-04-26T12:28:06Z,26-Apr-2026,05:28:06,0.98,1
Bewick's Wren,Thryomanes bewickii,2026-04-26T12:27:59Z,26-Apr-2026,05:27:59,0.97,1
Bewick's Wren,Thryomanes bewickii,2026-04-26T12:27:52Z,26-Apr-2026,05:27:52,0.77,1
Bewick's Wren,Thryomanes bewickii,2026-04-26T12:27:44Z,26-Apr-2026,05:27:44,0.94,1
Bewick's Wren,Thryomanes bewickii,2026-04-26T12:27:36Z,26-Apr-2026,05:27:36,0.83,1
Bewick's Wren,Thryomanes bewickii,2026-04-26T12:27:28Z,26-Apr-2026,05:27:28,0.96,1
Bewick's Wren,Thryomanes bewickii,2026-04-26T12:27:21Z,26-Apr-2026,05:27:21,0.99,1
Bewick's Wren,Thryomanes bewickii,2026-04-26T12:27:13Z,26-Apr-2026,05:27:13,0.97,1
Bewick's Wren,Thryomanes bewickii,2026-04-26T12:27:07Z,26-Apr-2026,05:27:07,0.93,1
Bewick's Wren,Thryomanes bewickii,2026-04-26T12:26:59Z,26-Apr-2026,05:26:59,0.63,1
Bewick's Wren,Thryomanes bewickii,2026-04-26T12:26:52Z,26-Apr-2026,05:26:52,0.96,1
Bewick's Wren,Thryomanes bewickii,2026-04-26T12:26:44Z,26-Apr-2026,05:26:44,0.86,1
Bewick's Wren,Thryomanes bewickii,2026-04-26T12:26:37Z,26-Apr-2026,05:26:37,0.72,1
Bewick's Wren,Thryomanes bewickii,2026-04-26T12:26:30Z,26-Apr-2026,05:26:30,0.9,1
Bewick's Wren,Thryomanes bewickii,2026-04-26T12:26:23Z,26-Apr-2026,05:26:23,0.83,1
Bewick's Wren,Thryomanes bewickii,2026-04-26T12:26:16Z,26-Apr-2026,05:26:16,0.98,1
Bewick's Wren,Thryomanes bewickii,2026-04-26T12:26:09Z,26-Apr-2026,05:26:09,0.96,1
Bewick's Wren,Thryomanes bewickii,2026-04-26T12:26:02Z,26-Apr-2026,05:26:02,0.95,1
Bewick's Wren,Thryomanes bewickii,2026-04-26T12:25:47Z,26-Apr-2026,05:25:47,0.91,1
Bewick's Wren,Thryomanes bewickii,2026-04-26T12:25:39Z,26-Apr-2026,05:25:39,0.57,1
Bewick's Wren,Thryomanes bewickii,2026-04-26T12:25:32Z,26-Apr-2026,05:25:32,0.99,1
Bewick's Wren,Thryomanes bewickii,2026-04-26T12:25:25Z,26-Apr-2026,05:25:25,0.97,1
Bewick's Wren,Thryomanes bewickii,2026-04-26T12:25:17Z,26-Apr-2026,05:25:17,0.92,1
Bewick's Wren,Thryomanes bewickii,2026-04-26T12:25:11Z,26-Apr-2026,05:25:11,0.47,1
Bewick's Wren,Thryomanes bewickii,2026-04-26T12:25:03Z,26-Apr-2026,05:25:03,0.98,1
Bewick's Wren,Thryomanes bewickii,2026-04-26T12:24:56Z,26-Apr-2026,05:24:56,0.35,1
Bewick's Wren,Thryomanes bewickii,2026-04-26T12:24:49Z,26-Apr-2026,05:24:49,0.9,1
Bewick's Wren,Thryomanes bewickii,2026-04-26T12:24:42Z,26-Apr-2026,05:24:42,0.8,1
Bewick's Wren,Thryomanes bewickii,2026-04-26T12:24:34Z,26-Apr-2026,05:24:34,0.71,1
Dark-eyed Junco,Junco hyemalis,2026-04-26T12:24:27Z,26-Apr-2026,05:24:27,0.41,1
Bewick's Wren,Thryomanes bewickii,2026-04-26T12:24:19Z,26-Apr-2026,05:24:19,0.9,1
Bewick's Wren,Thryomanes bewickii,2026-04-26T12:24:11Z,26-Apr-2026,05:24:11,0.96,1
Bewick's Wren,Thryomanes bewickii,2026-04-26T12:24:05Z,26-Apr-2026,05:24:05,0.94,1
Bewick's Wren,Thryomanes bewickii,2026-04-26T12:23:57Z,26-Apr-2026,05:23:57,0.36,1
Bewick's Wren,Thryomanes bewickii,2026-04-26T12:23:50Z,26-Apr-2026,05:23:50,0.48,1
Bewick's Wren,Thryomanes bewickii,2026-04-26T12:23:43Z,26-Apr-2026,05:23:43,0.97,1
Bewick's Wren,Thryomanes bewickii,2026-04-26T12:23:37Z,26-Apr-2026,05:23:37,0.95,1
Bewick's Wren,Thryomanes bewickii,2026-04-26T12:23:14Z,26-Apr-2026,05:23:14,0.9,1
Bewick's Wren,Thryomanes bewickii,2026-04-26T12:23:08Z,26-Apr-2026,05:23:08,0.51,1
Song Sparrow,Melospiza melodia,2026-04-26T12:22:50Z,26-Apr-2026,05:22:50,0.8471,1
Bewick's Wren,Thryomanes bewickii,2026-04-26T12:22:38Z,26-Apr-2026,05:22:38,0.67,1
Bewick's Wren,Thryomanes bewickii,2026-04-26T12:22:32Z,26-Apr-2026,05:22:32,0.47,1
Bewick's Wren,Thryomanes bewickii,2026-04-26T12:22:03Z,26-Apr-2026,05:22:03,0.91,1
Bewick's Wren,Thryomanes bewickii,2026-04-26T12:21:48Z,26-Apr-2026,05:21:48,0.29,1
Bewick's Wren,Thryomanes bewickii,2026-04-26T12:21:25Z,26-Apr-2026,05:21:25,0.95,1
Bewick's Wren,Thryomanes bewickii,2026-04-26T12:21:18Z,26-Apr-2026,05:21:18,0.74,1
Bewick's Wren,Thryomanes bewickii,2026-04-26T12:21:10Z,26-Apr-2026,05:21:10,0.88,1
Bewick's Wren,Thryomanes bewickii,2026-04-26T12:20:56Z,26-Apr-2026,05:20:56,0.9,1
Bewick's Wren,Thryomanes bewickii,2026-04-26T12:20:49Z,26-Apr-2026,05:20:49,0.73,1
Bewick's Wren,Thryomanes bewickii,2026-04-26T12:20:42Z,26-Apr-2026,05:20:42,0.89,1
Bewick's Wren,Thryomanes bewickii,2026-04-26T12:20:34Z,26-Apr-2026,05:20:34,0.78,1
Bewick's Wren,Thryomanes bewickii,2026-04-26T12:20:26Z,26-Apr-2026,05:20:26,0.34,1
Bewick's Wren,Thryomanes bewickii,2026-04-26T12:20:04Z,26-Apr-2026,05:20:04,0.9,1
Bewick's Wren,Thryomanes bewickii,2026-04-26T12:19:57Z,26-Apr-2026,05:19:57,0.31,1
Bewick's Wren,Thryomanes bewickii,2026-04-26T12:19:50Z,26-Apr-2026,05:19:50,0.82,1
Song Sparrow,Melospiza melodia,2026-04-26T12:19:45Z,26-Apr-2026,05:19:45,0.7804,1
Bewick's Wren,Thryomanes bewickii,2026-04-26T12:19:39Z,26-Apr-2026,05:19:39,0.73,1
Bewick's Wren,Thryomanes bewickii,2026-04-26T12:19:31Z,26-Apr-2026,05:19:31,0.72,1
Bewick's Wren,Thryomanes bewickii,2026-04-26T12:19:24Z,26-Apr-2026,05:19:24,0.87,1
Bewick's Wren,Thryomanes bewickii,2026-04-26T12:19:17Z,26-Apr-2026,05:19:17,0.8,1
Bewick's Wren,Thryomanes bewickii,2026-04-26T12:19:03Z,26-Apr-2026,05:19:03,0.82,1
Bewick's Wren,Thryomanes bewickii,2026-04-26T12:18:56Z,26-Apr-2026,05:18:56,0.79,1
Bewick's Wren,Thryomanes bewickii,2026-04-26T12:18:49Z,26-Apr-2026,05:18:49,0.88,1
Bewick's Wren,Thryomanes bewickii,2026-04-26T12:18:40Z,26-Apr-2026,05:18:40,0.88,1
Bewick's Wren,Thryomanes bewickii,2026-04-26T12:18:33Z,26-Apr-2026,05:18:33,0.37,1
Bewick's Wren,Thryomanes bewickii,2026-04-26T12:18:12Z,26-Apr-2026,05:18:12,0.7,1
Bewick's Wren,Thryomanes bewickii,2026-04-26T12:18:04Z,26-Apr-2026,05:18:04,0.98,1
Bewick's Wren,Thryomanes bewickii,2026-04-26T12:17:57Z,26-Apr-2026,05:17:57,0.88,1
Bewick's Wren,Thryomanes bewickii,2026-04-26T12:17:42Z,26-Apr-2026,05:17:42,0.92,1
Bewick's Wren,Thryomanes bewickii,2026-04-26T12:17:35Z,26-Apr-2026,05:17:35,0.98,1
Bewick's Wren,Thryomanes bewickii,2026-04-26T12:17:24Z,26-Apr-2026,05:17:24,0.67,1
Bewick's Wren,Thryomanes bewickii,2026-04-26T12:17:17Z,26-Apr-2026,05:17:17,0.96,1
Bewick's Wren,Thryomanes bewickii,2026-04-26T12:17:10Z,26-Apr-2026,05:17:10,0.97,1
Bewick's Wren,Thryomanes bewickii,2026-04-26T12:17:03Z,26-Apr-2026,05:17:03,0.93,1
Bewick's Wren,Thryomanes bewickii,2026-04-26T12:16:55Z,26-Apr-2026,05:16:55,0.97,1
Bewick's Wren,Thryomanes bewickii,2026-04-26T12:16:48Z,26-Apr-2026,05:16:48,0.92,1
Bewick's Wren,Thryomanes bewickii,2026-04-26T12:16:42Z,26-Apr-2026,05:16:42,0.51,1
Bewick's Wren,Thryomanes bewickii,2026-04-26T12:16:25Z,26-Apr-2026,05:16:25,0.51,1
Bewick's Wren,Thryomanes bewickii,2026-04-26T12:16:18Z,26-Apr-2026,05:16:18,0.94,1
Bewick's Wren,Thryomanes bewickii,2026-04-26T12:16:11Z,26-Apr-2026,05:16:11,0.9,1
Bewick's Wren,Thryomanes bewickii,2026-04-26T12:16:04Z,26-Apr-2026,05:16:04,0.85,1
Bewick's Wren,Thryomanes bewickii,2026-04-26T12:15:56Z,26-Apr-2026,05:15:56,0.95,1
Bewick's Wren,Thryomanes bewickii,2026-04-26T12:15:49Z,26-Apr-2026,05:15:49,0.47,1
Bewick's Wren,Thryomanes bewickii,2026-04-26T12:15:35Z,26-Apr-2026,05:15:35,0.53,1
Bewick's Wren,Thryomanes bewickii,2026-04-26T12:15:28Z,26-Apr-2026,05:15:28,0.96,1
Bewick's Wren,Thryomanes bewickii,2026-04-26T12:15:21Z,26-Apr-2026,05:15:21,0.68,1
Bewick's Wren,Thryomanes bewickii,2026-04-26T12:15:13Z,26-Apr-2026,05:15:13,0.75,1
Bewick's Wren,Thryomanes bewickii,2026-04-26T12:15:05Z,26-Apr-2026,05:15:05,0.98,1
Bewick's Wren,Thryomanes bewickii,2026-04-26T12:14:55Z,26-Apr-2026,05:14:55,0.99,1
Bewick's Wren,Thryomanes bewickii,2026-04-26T12:14:45Z,26-Apr-2026,05:14:45,0.9,1
Bewick's Wren,Thryomanes bewickii,2026-04-26T12:14:38Z,26-Apr-2026,05:14:38,0.28,1
Bewick's Wren,Thryomanes bewickii,2026-04-26T12:14:30Z,26-Apr-2026,05:14:30,0.98,1
Bewick's Wren,Thryomanes bewickii,2026-04-26T12:14:22Z,26-Apr-2026,05:14:22,0.98,1
Bewick's Wren,Thryomanes bewickii,2026-04-26T12:14:12Z,26-Apr-2026,05:14:12,0.98,1
Bewick's Wren,Thryomanes bewickii,2026-04-26T12:14:04Z,26-Apr-2026,05:14:04,0.86,1
Bewick's Wren,Thryomanes bewickii,2026-04-26T12:13:51Z,26-Apr-2026,05:13:51,0.99,1
Bewick's Wren,Thryomanes bewickii,2026-04-26T12:13:21Z,26-Apr-2026,05:13:21,0.99,1
Bewick's Wren,Thryomanes bewickii,2026-04-26T12:13:14Z,26-Apr-2026,05:13:14,0.63,1
Bewick's Wren,Thryomanes bewickii,2026-04-26T12:13:06Z,26-Apr-2026,05:13:06,0.99,1
Bewick's Wren,Thryomanes bewickii,2026-04-26T12:12:54Z,26-Apr-2026,05:12:54,0.88,1
Bewick's Wren,Thryomanes bewickii,2026-04-26T12:12:40Z,26-Apr-2026,05:12:40,0.99,1
Bewick's Wren,Thryomanes bewickii,2026-04-26T12:12:30Z,26-Apr-2026,05:12:30,0.87,1
Bewick's Wren,Thryomanes bewickii,2026-04-26T12:12:23Z,26-Apr-2026,05:12:23,0.99,1
Bewick's Wren,Thryomanes bewickii,2026-04-26T12:12:05Z,26-Apr-2026,05:12:05,0.99,1
Bewick's Wren,Thryomanes bewickii,2026-04-26T12:11:55Z,26-Apr-2026,05:11:55,0.97,1
Bewick's Wren,Thryomanes bewickii,2026-04-26T12:11:41Z,26-Apr-2026,05:11:41,0.97,1
Bewick's Wren,Thryomanes bewickii,2026-04-26T12:11:30Z,26-Apr-2026,05:11:30,0.92,1
Bewick's Wren,Thryomanes bewickii,2026-04-26T12:11:15Z,26-Apr-2026,05:11:15,0.97,1
Bewick's Wren,Thryomanes bewickii,2026-04-26T12:11:05Z,26-Apr-2026,05:11:05,0.54,1
Bewick's Wren,Thryomanes bewickii,2026-04-26T12:10:55Z,26-Apr-2026,05:10:55,0.97,1
Bewick's Wren,Thryomanes bewickii,2026-04-26T12:10:48Z,26-Apr-2026,05:10:48,0.95,1
Bewick's Wren,Thryomanes bewickii,2026-04-26T12:10:40Z,26-Apr-2026,05:10:40,0.84,1
Bewick's Wren,Thryomanes bewickii,2026-04-26T12:10:33Z,26-Apr-2026,05:10:33,0.95,1
Bewick's Wren,Thryomanes bewickii,2026-04-26T12:10:26Z,26-Apr-2026,05:10:26,0.99,1
Bewick's Wren,Thryomanes bewickii,2026-04-26T12:10:18Z,26-Apr-2026,05:10:18,0.9,1
Bewick's Wren,Thryomanes bewickii,2026-04-26T12:10:08Z,26-Apr-2026,05:10:08,0.99,1
Bewick's Wren,Thryomanes bewickii,2026-04-26T12:09:53Z,26-Apr-2026,05:09:53,0.92,1
Bewick's Wren,Thryomanes bewickii,2026-04-26T12:09:44Z,26-Apr-2026,05:09:44,0.3,1
Bewick's Wren,Thryomanes bewickii,2026-04-26T12:09:36Z,26-Apr-2026,05:09:36,0.74,1
Bewick's Wren,Thryomanes bewickii,2026-04-26T12:09:26Z,26-Apr-2026,05:09:26,0.91,1
Bewick's Wren,Thryomanes bewickii,2026-04-26T12:09:10Z,26-Apr-2026,05:09:10,0.85,1
Bewick's Wren,Thryomanes bewickii,2026-04-26T12:08:56Z,26-Apr-2026,05:08:56,0.83,1
Bewick's Wren,Thryomanes bewickii,2026-04-26T12:08:49Z,26-Apr-2026,05:08:49,0.71,1
Bewick's Wren,Thryomanes bewickii,2026-04-26T12:08:36Z,26-Apr-2026,05:08:36,0.93,1
Bewick's Wren,Thryomanes bewickii,2026-04-26T12:08:25Z,26-Apr-2026,05:08:25,0.95,1
Bewick's Wren,Thryomanes bewickii,2026-04-26T12:08:14Z,26-Apr-2026,05:08:14,0.69,1
Bewick's Wren,Thryomanes bewickii,2026-04-26T12:08:04Z,26-Apr-2026,05:08:04,0.97,1
Bewick's Wren,Thryomanes bewickii,2026-04-26T12:07:57Z,26-Apr-2026,05:07:57,0.93,1
Bewick's Wren,Thryomanes bewickii,2026-04-26T12:07:49Z,26-Apr-2026,05:07:49,0.96,1
Bewick's Wren,Thryomanes bewickii,2026-04-26T12:07:42Z,26-Apr-2026,05:07:42,0.92,1
Bewick's Wren,Thryomanes bewickii,2026-04-26T12:07:23Z,26-Apr-2026,05:07:23,0.98,1
Bewick's Wren,Thryomanes bewickii,2026-04-26T12:07:15Z,26-Apr-2026,05:07:15,0.96,1
Bewick's Wren,Thryomanes bewickii,2026-04-26T12:07:05Z,26-Apr-2026,05:07:05,0.5,1
Bewick's Wren,Thryomanes bewickii,2026-04-26T12:06:55Z,26-Apr-2026,05:06:55,0.92,1
Bewick's Wren,Thryomanes bewickii,2026-04-26T12:06:48Z,26-Apr-2026,05:06:48,0.95,1
Bewick's Wren,Thryomanes bewickii,2026-04-26T12:06:40Z,26-Apr-2026,05:06:40,0.94,1
Bewick's Wren,Thryomanes bewickii,2026-04-26T12:06:20Z,26-Apr-2026,05:06:20,0.93,1
Bewick's Wren,Thryomanes bewickii,2026-04-26T12:05:31Z,26-Apr-2026,05:05:31,0.93,1
Bewick's Wren,Thryomanes bewickii,2026-04-26T12:05:05Z,26-Apr-2026,05:05:05,0.96,1
Bewick's Wren,Thryomanes bewickii,2026-04-26T12:04:37Z,26-Apr-2026,05:04:37,0.85,1
Bewick's Wren,Thryomanes bewickii,2026-04-26T12:04:27Z,26-Apr-2026,05:04:27,0.89,1
Bewick's Wren,Thryomanes bewickii,2026-04-26T12:04:03Z,26-Apr-2026,05:04:03,0.66,1
Bewick's Wren,Thryomanes bewickii,2026-04-26T12:03:56Z,26-Apr-2026,05:03:56,0.98,1
Bewick's Wren,Thryomanes bewickii,2026-04-26T12:03:48Z,26-Apr-2026,05:03:48,0.96,1
Bewick's Wren,Thryomanes bewickii,2026-04-26T12:02:54Z,26-Apr-2026,05:02:54,0.36,1
Bewick's Wren,Thryomanes bewickii,2026-04-26T12:01:48Z,26-Apr-2026,05:01:48,0.97,1
Bewick's Wren,Thryomanes bewickii,2026-04-26T12:01:41Z,26-Apr-2026,05:01:41,0.95,1
Bewick's Wren,Thryomanes bewickii,2026-04-26T12:00:52Z,26-Apr-2026,05:00:52,0.7,1
Bewick's Wren,Thryomanes bewickii,2026-04-26T12:00:24Z,26-Apr-2026,05:00:24,0.99,1
Bewick's Wren,Thryomanes bewickii,2026-04-26T11:59:22Z,26-Apr-2026,04:59:22,0.99,1
Bewick's Wren,Thryomanes bewickii,2026-04-26T11:59:13Z,26-Apr-2026,04:59:13,0.97,1
Bewick's Wren,Thryomanes bewickii,2026-04-26T11:59:05Z,26-Apr-2026,04:59:05,0.97,1
Bewick's Wren,Thryomanes bewickii,2026-04-26T11:58:51Z,26-Apr-2026,04:58:51,0.99,1
Bewick's Wren,Thryomanes bewickii,2026-04-26T11:58:09Z,26-Apr-2026,04:58:09,0.98,1
Bewick's Wren,Thryomanes bewickii,2026-04-26T11:58:01Z,26-Apr-2026,04:58:01,0.98,1
Red-breasted Nuthatch,Sitta canadensis,2026-04-26T11:51:26Z,26-Apr-2026,04:51:26,0.31,1
American Robin,Turdus migratorius,2026-04-26T11:38:13Z,26-Apr-2026,04:38:13,0.7804,1
American Robin,Turdus migratorius,2026-04-26T11:22:47Z,26-Apr-2026,04:22:47,0.8,1
American Robin,Turdus migratorius,2026-04-26T10:55:15Z,26-Apr-2026,03:55:15,0.27,1
American Robin,Turdus migratorius,2026-04-26T10:50:35Z,26-Apr-2026,03:50:35,0.31,1
American Robin,Turdus migratorius,2026-04-26T10:50:20Z,26-Apr-2026,03:50:20,0.26,1
American Robin,Turdus migratorius,2026-04-26T10:49:50Z,26-Apr-2026,03:49:50,0.7804,2
American Robin,Turdus migratorius,2026-04-26T10:48:02Z,26-Apr-2026,03:48:02,0.8471,1
American Robin,Turdus migratorius,2026-04-26T10:46:39Z,26-Apr-2026,03:46:39,0.8314,1
Spotted Sandpiper,Actitis macularius,2026-04-26T09:22:58Z,26-Apr-2026,02:22:58,0.36,1
Barn Owl,Tyto alba,2026-04-26T08:11:32Z,26-Apr-2026,01:11:32,0.99,1
Barn Owl,Tyto alba,2026-04-26T08:11:07Z,26-Apr-2026,01:11:07,0.58,1
Barn Owl,Tyto alba,2026-04-26T04:30:59Z,25-Apr-2026,21:30:59,0.3,1
Ring-necked Pheasant,Phasianus colchicus,2026-04-26T04:12:04Z,25-Apr-2026,21:12:04,0.55,1
Anna's Hummingbird,Calypte anna,2026-04-26T03:46:16Z,25-Apr-2026,20:46:16,0.7804,1
Ring-necked Pheasant,Phasianus colchicus,2026-04-26T03:28:08Z,25-Apr-2026,20:28:08,0.26,1
American Crow,Corvus brachyrhynchos,2026-04-26T03:24:01Z,25-Apr-2026,20:24:01,0.8471,1
American Crow,Corvus brachyrhynchos,2026-04-26T03:22:13Z,25-Apr-2026,20:22:13,0.8314,2
American Crow,Corvus brachyrhynchos,2026-04-26T03:17:08Z,25-Apr-2026,20:17:08,0.8745,1
Barn Owl,Tyto alba,2026-04-26T03:12:25Z,25-Apr-2026,20:12:25,0.55,1
Dark-eyed Junco,Junco hyemalis,2026-04-26T03:10:42Z,25-Apr-2026,20:10:42,0.26,1
American Robin,Turdus migratorius,2026-04-26T03:10:01Z,25-Apr-2026,20:10:01,0.64,1
American Crow,Corvus brachyrhynchos,2026-04-26T03:09:36Z,25-Apr-2026,20:09:36,0.28,1
American Robin,Turdus migratorius,2026-04-26T03:09:29Z,25-Apr-2026,20:09:29,0.28,1
American Robin,Turdus migratorius,2026-04-26T03:09:03Z,25-Apr-2026,20:09:03,0.37,1
American Robin,Turdus migratorius,2026-04-26T03:08:54Z,25-Apr-2026,20:08:54,0.73,1
American Robin,Turdus migratorius,2026-04-26T03:08:43Z,25-Apr-2026,20:08:43,0.28,1
American Robin,Turdus migratorius,2026-04-26T03:07:15Z,25-Apr-2026,20:07:15,0.29,1
American Crow,Corvus brachyrhynchos,2026-04-26T03:04:52Z,25-Apr-2026,20:04:52,0.3,1
American Crow,Corvus brachyrhynchos,2026-04-26T03:04:48Z,25-Apr-2026,20:04:48,0.8863,3
American Crow,Corvus brachyrhynchos,2026-04-26T03:02:37Z,25-Apr-2026,20:02:37,0.44,1
Anna's Hummingbird,Calypte anna,2026-04-26T02:56:37Z,25-Apr-2026,19:56:37,0.9922,1
American Crow,Corvus brachyrhynchos,2026-04-26T02:55:16Z,25-Apr-2026,19:55:16,0.8157,1
Bewick's Wren,Thryomanes bewickii,2026-04-26T02:52:05Z,25-Apr-2026,19:52:05,0.66,1
Bewick's Wren,Thryomanes bewickii,2026-04-26T02:51:52Z,25-Apr-2026,19:51:52,0.62,1
Bewick's Wren,Thryomanes bewickii,2026-04-26T02:51:46Z,25-Apr-2026,19:51:46,0.43,1
Bewick's Wren,Thryomanes bewickii,2026-04-26T02:51:02Z,25-Apr-2026,19:51:02,0.41,1
Bewick's Wren,Thryomanes bewickii,2026-04-26T02:50:55Z,25-Apr-2026,19:50:55,0.5,1
Bewick's Wren,Thryomanes bewickii,2026-04-26T02:49:56Z,25-Apr-2026,19:49:56,0.45,1
American Robin,Turdus migratorius,2026-04-26T02:49:15Z,25-Apr-2026,19:49:15,0.26,1
American Robin,Turdus migratorius,2026-04-26T02:48:53Z,25-Apr-2026,19:48:53,0.36,1
Mountain Chickadee,Poecile gambeli,2026-04-26T02:40:57Z,25-Apr-2026,19:40:57,0.3,1
Black-capped Chickadee,Poecile atricapillus,2026-04-26T02:38:33Z,25-Apr-2026,19:38:33,0.8314,1
Downy Woodpecker,Dryobates pubescens,2026-04-26T02:36:09Z,25-Apr-2026,19:36:09,0.38,1
Black-capped Chickadee,Poecile atricapillus,2026-04-26T02:34:28Z,25-Apr-2026,19:34:28,0.8471,5
Downy Woodpecker,Dryobates pubescens,2026-04-26T02:33:43Z,25-Apr-2026,19:33:43,0.28,1
Downy Woodpecker,Dryobates pubescens,2026-04-26T02:33:36Z,25-Apr-2026,19:33:36,0.7804,1
Downy Woodpecker,Dryobates pubescens,2026-04-26T02:33:31Z,25-Apr-2026,19:33:31,0.48,1
Black-capped Chickadee,Poecile atricapillus,2026-04-26T02:33:16Z,25-Apr-2026,19:33:16,0.8157,2
American Crow,Corvus brachyrhynchos,2026-04-26T02:32:09Z,25-Apr-2026,19:32:09,0.9255,3
Black-capped Chickadee,Poecile atricapillus,2026-04-26T02:31:53Z,25-Apr-2026,19:31:53,0.7804,1
Downy Woodpecker,Dryobates pubescens,2026-04-26T02:31:09Z,25-Apr-2026,19:31:09,0.7,1
Black-capped Chickadee,Poecile atricapillus,2026-04-26T02:30:16Z,25-Apr-2026,19:30:16,0.8627,1
American Crow,Corvus brachyrhynchos,2026-04-26T02:29:43Z,25-Apr-2026,19:29:43,0.8471,1
American Crow,Corvus brachyrhynchos,2026-04-26T02:28:04Z,25-Apr-2026,19:28:04,0.9412,1
Black-capped Chickadee,Poecile atricapillus,2026-04-26T02:27:02Z,25-Apr-2026,19:27:02,0.9569,1
American Crow,Corvus brachyrhynchos,2026-04-26T02:26:51Z,25-Apr-2026,19:26:51,0.8314,1
Bewick's Wren,Thryomanes bewickii,2026-04-26T02:11:52Z,25-Apr-2026,19:11:52,0.32,1
Bewick's Wren,Thryomanes bewickii,2026-04-26T02:11:42Z,25-Apr-2026,19:11:42,0.31,1
Bewick's Wren,Thryomanes bewickii,2026-04-26T02:11:02Z,25-Apr-2026,19:11:02,0.44,1
Bewick's Wren,Thryomanes bewickii,2026-04-26T02:10:32Z,25-Apr-2026,19:10:32,0.38,1
American Crow,Corvus brachyrhynchos,2026-04-26T02:07:25Z,25-Apr-2026,19:07:25,0.8157,1
Red-breasted Nuthatch,Sitta canadensis,2026-04-26T02:07:06Z,25-Apr-2026,19:07:06,0.82,1
Red-breasted Nuthatch,Sitta canadensis,2026-04-26T02:06:59Z,25-Apr-2026,19:06:59,0.43,1
Red-breasted Nuthatch,Sitta canadensis,2026-04-26T02:06:20Z,25-Apr-2026,19:06:20,0.79,1
Red-breasted Nuthatch,Sitta canadensis,2026-04-26T02:06:13Z,25-Apr-2026,19:06:13,0.33,1
Mountain Chickadee,Poecile gambeli,2026-04-26T02:05:05Z,25-Apr-2026,19:05:05,0.45,1
Mountain Chickadee,Poecile gambeli,2026-04-26T02:04:58Z,25-Apr-2026,19:04:58,0.33,1
Mountain Chickadee,Poecile gambeli,2026-04-26T02:04:52Z,25-Apr-2026,19:04:52,0.76,1
Mountain Chickadee,Poecile gambeli,2026-04-26T02:04:45Z,25-Apr-2026,19:04:45,0.31,1
Mountain Chickadee,Poecile gambeli,2026-04-26T02:04:37Z,25-Apr-2026,19:04:37,0.42,1
House Finch,Haemorhous mexicanus,2026-04-26T02:04:16Z,25-Apr-2026,19:04:16,0.29,1
Mountain Chickadee,Poecile gambeli,2026-04-26T02:03:55Z,25-Apr-2026,19:03:55,0.45,1
Mountain Chickadee,Poecile gambeli,2026-04-26T02:03:49Z,25-Apr-2026,19:03:49,0.69,1
Bewick's Wren,Thryomanes bewickii,2026-04-26T02:03:35Z,25-Apr-2026,19:03:35,0.37,1
Black-capped Chickadee,Poecile atricapillus,2026-04-26T02:03:24Z,25-Apr-2026,19:03:24,0.8157,1
Mountain Chickadee,Poecile gambeli,2026-04-26T02:03:07Z,25-Apr-2026,19:03:07,0.52,1
Bewick's Wren,Thryomanes bewickii,2026-04-26T02:02:08Z,25-Apr-2026,19:02:08,0.33,1
American Robin,Turdus migratorius,2026-04-26T02:01:41Z,25-Apr-2026,19:01:41,0.35,1
American Robin,Turdus migratorius,2026-04-26T02:00:11Z,25-Apr-2026,19:00:11,0.37,1
American Robin,Turdus migratorius,2026-04-26T01:59:18Z,25-Apr-2026,18:59:18,0.41,1
American Robin,Turdus migratorius,2026-04-26T01:59:04Z,25-Apr-2026,18:59:04,0.8157,1
American Robin,Turdus migratorius,2026-04-26T01:58:53Z,25-Apr-2026,18:58:53,0.45,1
Chestnut-backed Chickadee,Poecile rufescens,2026-04-26T01:56:05Z,25-Apr-2026,18:56:05,0.41,1
American Robin,Turdus migratorius,2026-04-26T01:55:08Z,25-Apr-2026,18:55:08,0.28,1
American Robin,Turdus migratorius,2026-04-26T01:55:01Z,25-Apr-2026,18:55:01,0.39,1
Chestnut-backed Chickadee,Poecile rufescens,2026-04-26T01:52:20Z,25-Apr-2026,18:52:20,0.3,1
Chestnut-backed Chickadee,Poecile rufescens,2026-04-26T01:52:16Z,25-Apr-2026,18:52:16,0.9412,2
Black-capped Chickadee,Poecile atricapillus,2026-04-26T01:48:33Z,25-Apr-2026,18:48:33,0.8314,1
Chestnut-backed Chickadee,Poecile rufescens,2026-04-26T01:47:29Z,25-Apr-2026,18:47:29,0.54,1
Chestnut-backed Chickadee,Poecile rufescens,2026-04-26T01:47:16Z,25-Apr-2026,18:47:16,0.34,1
Chestnut-backed Chickadee,Poecile rufescens,2026-04-26T01:46:46Z,25-Apr-2026,18:46:46,0.8,1
Chestnut-backed Chickadee,Poecile rufescens,2026-04-26T01:46:33Z,25-Apr-2026,18:46:33,0.6,1
American Robin,Turdus migratorius,2026-04-26T01:46:27Z,25-Apr-2026,18:46:27,0.8314,1
Chestnut-backed Chickadee,Poecile rufescens,2026-04-26T01:46:19Z,25-Apr-2026,18:46:19,0.29,1
Chestnut-backed Chickadee,Poecile rufescens,2026-04-26T01:46:02Z,25-Apr-2026,18:46:02,0.33,1
Chestnut-backed Chickadee,Poecile rufescens,2026-04-26T01:45:49Z,25-Apr-2026,18:45:49,0.41,1
Anna's Hummingbird,Calypte anna,2026-04-26T01:43:53Z,25-Apr-2026,18:43:53,0.8745,1
Northern Flicker,Colaptes auratus,2026-04-26T01:43:24Z,25-Apr-2026,18:43:24,0.66,1
Northern Flicker,Colaptes auratus,2026-04-26T01:42:55Z,25-Apr-2026,18:42:55,0.66,1
Bewick's Wren,Thryomanes bewickii,2026-04-26T01:40:59Z,25-Apr-2026,18:40:59,0.55,1
Bewick's Wren,Thryomanes bewickii,2026-04-26T01:40:31Z,25-Apr-2026,18:40:31,0.67,1
Bewick's Wren,Thryomanes bewickii,2026-04-26T01:40:13Z,25-Apr-2026,18:40:13,0.63,1
White-crowned Sparrow,Zonotrichia leucophrys,2026-04-26T01:39:10Z,25-Apr-2026,18:39:10,0.29,1
Chestnut-backed Chickadee,Poecile rufescens,2026-04-26T01:38:39Z,25-Apr-2026,18:38:39,0.8745,1
American Robin,Turdus migratorius,2026-04-26T01:35:22Z,25-Apr-2026,18:35:22,0.8157,2
Chestnut-backed Chickadee,Poecile rufescens,2026-04-26T01:35:06Z,25-Apr-2026,18:35:06,0.32,1
House Finch,Haemorhous mexicanus,2026-04-26T01:34:24Z,25-Apr-2026,18:34:24,0.36,1
Chestnut-backed Chickadee,Poecile rufescens,2026-04-26T01:34:14Z,25-Apr-2026,18:34:14,0.8,1
American Robin,Turdus migratorius,2026-04-26T01:33:12Z,25-Apr-2026,18:33:12,0.7804,2
American Robin,Turdus migratorius,2026-04-26T01:33:02Z,25-Apr-2026,18:33:02,0.39,1
Chestnut-backed Chickadee,Poecile rufescens,2026-04-26T01:32:51Z,25-Apr-2026,18:32:51,0.35,1
House Finch,Haemorhous mexicanus,2026-04-26T01:31:38Z,25-Apr-2026,18:31:38,0.8627,1
American Robin,Turdus migratorius,2026-04-26T01:31:14Z,25-Apr-2026,18:31:14,0.44,1
American Robin,Turdus migratorius,2026-04-26T01:30:39Z,25-Apr-2026,18:30:39,0.34,1
American Robin,Turdus migratorius,2026-04-26T01:30:33Z,25-Apr-2026,18:30:33,0.7804,1
Bewick's Wren,Thryomanes bewickii,2026-04-26T01:29:55Z,25-Apr-2026,18:29:55,0.8,1
Bewick's Wren,Thryomanes bewickii,2026-04-26T01:29:49Z,25-Apr-2026,18:29:49,0.53,1
Bewick's Wren,Thryomanes bewickii,2026-04-26T01:29:41Z,25-Apr-2026,18:29:41,0.76,1
Bewick's Wren,Thryomanes bewickii,2026-04-26T01:29:35Z,25-Apr-2026,18:29:35,0.51,1
Bewick's Wren,Thryomanes bewickii,2026-04-26T01:29:28Z,25-Apr-2026,18:29:28,0.67,1
Bewick's Wren,Thryomanes bewickii,2026-04-26T01:29:21Z,25-Apr-2026,18:29:21,0.41,1
Bewick's Wren,Thryomanes bewickii,2026-04-26T01:29:13Z,25-Apr-2026,18:29:13,0.4,1
Bewick's Wren,Thryomanes bewickii,2026-04-26T01:27:51Z,25-Apr-2026,18:27:51,0.94,1
Bewick's Wren,Thryomanes bewickii,2026-04-26T01:27:43Z,25-Apr-2026,18:27:43,0.98,1
Bewick's Wren,Thryomanes bewickii,2026-04-26T01:27:36Z,25-Apr-2026,18:27:36,0.95,1
Bewick's Wren,Thryomanes bewickii,2026-04-26T01:27:29Z,25-Apr-2026,18:27:29,0.88,1
Bewick's Wren,Thryomanes bewickii,2026-04-26T01:27:22Z,25-Apr-2026,18:27:22,0.95,1
Bewick's Wren,Thryomanes bewickii,2026-04-26T01:27:15Z,25-Apr-2026,18:27:15,0.97,1
Bewick's Wren,Thryomanes bewickii,2026-04-26T01:27:01Z,25-Apr-2026,18:27:01,0.86,1
American Robin,Turdus migratorius,2026-04-26T01:26:23Z,25-Apr-2026,18:26:23,0.7804,1
American Robin,Turdus migratorius,2026-04-26T01:26:08Z,25-Apr-2026,18:26:08,0.3,1
Bewick's Wren,Thryomanes bewickii,2026-04-26T01:25:55Z,25-Apr-2026,18:25:55,0.97,1
Bewick's Wren,Thryomanes bewickii,2026-04-26T01:25:47Z,25-Apr-2026,18:25:47,0.61,1
Bewick's Wren,Thryomanes bewickii,2026-04-26T01:25:33Z,25-Apr-2026,18:25:33,0.91,1
Bewick's Wren,Thryomanes bewickii,2026-04-26T01:25:25Z,25-Apr-2026,18:25:25,0.98,1
American Robin,Turdus migratorius,2026-04-26T01:19:11Z,25-Apr-2026,18:19:11,0.51,1
American Robin,Turdus migratorius,2026-04-26T01:18:56Z,25-Apr-2026,18:18:56,0.26,1
Chestnut-backed Chickadee,Poecile rufescens,2026-04-26T01:15:59Z,25-Apr-2026,18:15:59,0.46,1
Bewick's Wren,Thryomanes bewickii,2026-04-26T01:11:14Z,25-Apr-2026,18:11:14,0.67,1
Bewick's Wren,Thryomanes bewickii,2026-04-26T01:10:50Z,25-Apr-2026,18:10:50,0.62,1
Bewick's Wren,Thryomanes bewickii,2026-04-26T01:10:37Z,25-Apr-2026,18:10:37,0.97,1
Bewick's Wren,Thryomanes bewickii,2026-04-26T01:10:29Z,25-Apr-2026,18:10:29,0.55,1
Bewick's Wren,Thryomanes bewickii,2026-04-26T01:10:23Z,25-Apr-2026,18:10:23,0.75,1
Chestnut-backed Chickadee,Poecile rufescens,2026-04-26T01:09:24Z,25-Apr-2026,18:09:24,0.9255,2
Chestnut-backed Chickadee,Poecile rufescens,2026-04-26T01:08:55Z,25-Apr-2026,18:08:55,0.51,1
Chestnut-backed Chickadee,Poecile rufescens,2026-04-26T01:08:29Z,25-Apr-2026,18:08:29,0.29,1
Mountain Chickadee,Poecile gambeli,2026-04-26T01:08:19Z,25-Apr-2026,18:08:19,0.31,1
Chestnut-backed Chickadee,Poecile rufescens,2026-04-26T01:08:15Z,25-Apr-2026,18:08:15,0.7804,1
Bewick's Wren,Thryomanes bewickii,2026-04-26T01:08:05Z,25-Apr-2026,18:08:05,0.46,1
Chestnut-backed Chickadee,Poecile rufescens,2026-04-26T01:07:41Z,25-Apr-2026,18:07:41,0.49,1
Bewick's Wren,Thryomanes bewickii,2026-04-26T01:07:13Z,25-Apr-2026,18:07:13,0.77,1
Bewick's Wren,Thryomanes bewickii,2026-04-26T01:07:05Z,25-Apr-2026,18:07:05,0.97,1
Bewick's Wren,Thryomanes bewickii,2026-04-26T01:06:52Z,25-Apr-2026,18:06:52,0.95,1
Bewick's Wren,Thryomanes bewickii,2026-04-26T01:06:45Z,25-Apr-2026,18:06:45,0.89,1
Bewick's Wren,Thryomanes bewickii,2026-04-26T01:06:25Z,25-Apr-2026,18:06:25,0.86,1
Bewick's Wren,Thryomanes bewickii,2026-04-26T01:06:18Z,25-Apr-2026,18:06:18,0.49,1
Chestnut-backed Chickadee,Poecile rufescens,2026-04-26T01:05:05Z,25-Apr-2026,18:05:05,0.29,1
Bewick's Wren,Thryomanes bewickii,2026-04-26T01:04:58Z,25-Apr-2026,18:04:58,0.78,1
Bewick's Wren,Thryomanes bewickii,2026-04-26T01:04:00Z,25-Apr-2026,18:04:00,0.75,1
Bewick's Wren,Thryomanes bewickii,2026-04-26T01:03:49Z,25-Apr-2026,18:03:49,0.96,1
Bewick's Wren,Thryomanes bewickii,2026-04-26T01:03:40Z,25-Apr-2026,18:03:40,0.86,1
Bewick's Wren,Thryomanes bewickii,2026-04-26T01:03:33Z,25-Apr-2026,18:03:33,0.49,1
Bewick's Wren,Thryomanes bewickii,2026-04-26T01:03:16Z,25-Apr-2026,18:03:16,0.95,1
Bewick's Wren,Thryomanes bewickii,2026-04-26T01:03:05Z,25-Apr-2026,18:03:05,0.64,1
Bewick's Wren,Thryomanes bewickii,2026-04-26T01:02:58Z,25-Apr-2026,18:02:58,0.95,1
Bewick's Wren,Thryomanes bewickii,2026-04-26T01:02:48Z,25-Apr-2026,18:02:48,0.81,1
Bewick's Wren,Thryomanes bewickii,2026-04-26T01:02:41Z,25-Apr-2026,18:02:41,0.75,1
Bewick's Wren,Thryomanes bewickii,2026-04-26T01:02:34Z,25-Apr-2026,18:02:34,0.66,1
Bewick's Wren,Thryomanes bewickii,2026-04-26T01:02:19Z,25-Apr-2026,18:02:19,0.93,1
Bewick's Wren,Thryomanes bewickii,2026-04-26T01:02:00Z,25-Apr-2026,18:02:00,0.79,1
Bewick's Wren,Thryomanes bewickii,2026-04-26T01:01:53Z,25-Apr-2026,18:01:53,0.43,1
Bewick's Wren,Thryomanes bewickii,2026-04-26T01:01:25Z,25-Apr-2026,18:01:25,0.87,1
Bewick's Wren,Thryomanes bewickii,2026-04-26T01:01:10Z,25-Apr-2026,18:01:10,0.93,1
Bewick's Wren,Thryomanes bewickii,2026-04-26T01:01:02Z,25-Apr-2026,18:01:02,0.99,1
Bewick's Wren,Thryomanes bewickii,2026-04-26T01:00:55Z,25-Apr-2026,18:00:55,0.94,1
Chestnut-backed Chickadee,Poecile rufescens,2026-04-26T00:52:58Z,25-Apr-2026,17:52:58,0.8863,1
Dark-eyed Junco,Junco hyemalis,2026-04-26T00:46:35Z,25-Apr-2026,17:46:35,0.8157,1
Chestnut-backed Chickadee,Poecile rufescens,2026-04-26T00:37:20Z,25-Apr-2026,17:37:20,0.77,1
Chestnut-backed Chickadee,Poecile rufescens,2026-04-26T00:36:41Z,25-Apr-2026,17:36:41,0.9529,2
Chestnut-backed Chickadee,Poecile rufescens,2026-04-26T00:36:37Z,25-Apr-2026,17:36:37,0.46,1
Chestnut-backed Chickadee,Poecile rufescens,2026-04-26T00:35:34Z,25-Apr-2026,17:35:34,0.8471,1
White-crowned Sparrow,Zonotrichia leucophrys,2026-04-26T00:34:49Z,25-Apr-2026,17:34:49,0.38,1
Bewick's Wren,Thryomanes bewickii,2026-04-26T00:34:31Z,25-Apr-2026,17:34:31,0.37,1
Bewick's Wren,Thryomanes bewickii,2026-04-26T00:34:19Z,25-Apr-2026,17:34:19,0.3,1
Bewick's Wren,Thryomanes bewickii,2026-04-26T00:33:36Z,25-Apr-2026,17:33:36,0.64,1
European Starling,Sturnus vulgaris,2026-04-26T00:32:56Z,25-Apr-2026,17:32:56,0.54,1
Bewick's Wren,Thryomanes bewickii,2026-04-26T00:31:44Z,25-Apr-2026,17:31:44,0.5,1
Bewick's Wren,Thryomanes bewickii,2026-04-26T00:31:14Z,25-Apr-2026,17:31:14,0.45,1
Bewick's Wren,Thryomanes bewickii,2026-04-26T00:31:07Z,25-Apr-2026,17:31:07,0.67,1
Bewick's Wren,Thryomanes bewickii,2026-04-26T00:30:58Z,25-Apr-2026,17:30:58,0.99,1
Bewick's Wren,Thryomanes bewickii,2026-04-26T00:30:51Z,25-Apr-2026,17:30:51,0.99,1
European Starling,Sturnus vulgaris,2026-04-26T00:30:20Z,25-Apr-2026,17:30:20,0.71,1
Bewick's Wren,Thryomanes bewickii,2026-04-26T00:30:12Z,25-Apr-2026,17:30:12,0.8,1
European Starling,Sturnus vulgaris,2026-04-26T00:29:52Z,25-Apr-2026,17:29:52,0.29,1
Bewick's Wren,Thryomanes bewickii,2026-04-26T00:29:46Z,25-Apr-2026,17:29:46,0.71,1
Bewick's Wren,Thryomanes bewickii,2026-04-26T00:29:31Z,25-Apr-2026,17:29:31,0.34,1
Bewick's Wren,Thryomanes bewickii,2026-04-26T00:29:17Z,25-Apr-2026,17:29:17,0.99,1
Bewick's Wren,Thryomanes bewickii,2026-04-26T00:29:03Z,25-Apr-2026,17:29:03,0.99,1
Bewick's Wren,Thryomanes bewickii,2026-04-26T00:28:56Z,25-Apr-2026,17:28:56,0.88,1
Bewick's Wren,Thryomanes bewickii,2026-04-26T00:28:43Z,25-Apr-2026,17:28:43,0.33,1
Bewick's Wren,Thryomanes bewickii,2026-04-26T00:28:22Z,25-Apr-2026,17:28:22,0.99,1
Bewick's Wren,Thryomanes bewickii,2026-04-26T00:28:14Z,25-Apr-2026,17:28:14,0.96,1
Bewick's Wren,Thryomanes bewickii,2026-04-26T00:27:58Z,25-Apr-2026,17:27:58,0.37,1
Bewick's Wren,Thryomanes bewickii,2026-04-26T00:27:50Z,25-Apr-2026,17:27:50,0.99,1
Bewick's Wren,Thryomanes bewickii,2026-04-26T00:27:37Z,25-Apr-2026,17:27:37,0.99,1
Bewick's Wren,Thryomanes bewickii,2026-04-26T00:27:29Z,25-Apr-2026,17:27:29,0.99,1
Bewick's Wren,Thryomanes bewickii,2026-04-26T00:27:22Z,25-Apr-2026,17:27:22,0.99,1
Bewick's Wren,Thryomanes bewickii,2026-04-26T00:27:04Z,25-Apr-2026,17:27:04,0.84,1
Bewick's Wren,Thryomanes bewickii,2026-04-26T00:26:56Z,25-Apr-2026,17:26:56,0.99,1
Bewick's Wren,Thryomanes bewickii,2026-04-26T00:26:41Z,25-Apr-2026,17:26:41,0.99,1
Bewick's Wren,Thryomanes bewickii,2026-04-26T00:26:34Z,25-Apr-2026,17:26:34,0.3,1
Bewick's Wren,Thryomanes bewickii,2026-04-26T00:26:26Z,25-Apr-2026,17:26:26,0.99,1
European Starling,Sturnus vulgaris,2026-04-26T00:26:19Z,25-Apr-2026,17:26:19,0.41,1
Bewick's Wren,Thryomanes bewickii,2026-04-26T00:26:12Z,25-Apr-2026,17:26:12,0.99,1
Bewick's Wren,Thryomanes bewickii,2026-04-26T00:26:05Z,25-Apr-2026,17:26:05,0.42,1
Bewick's Wren,Thryomanes bewickii,2026-04-26T00:25:52Z,25-Apr-2026,17:25:52,0.26,1
Bewick's Wren,Thryomanes bewickii,2026-04-26T00:25:44Z,25-Apr-2026,17:25:44,0.98,1
Bewick's Wren,Thryomanes bewickii,2026-04-26T00:25:29Z,25-Apr-2026,17:25:29,0.98,1
Bewick's Wren,Thryomanes bewickii,2026-04-26T00:25:22Z,25-Apr-2026,17:25:22,0.98,1
Bewick's Wren,Thryomanes bewickii,2026-04-26T00:24:55Z,25-Apr-2026,17:24:55,0.99,1
Bewick's Wren,Thryomanes bewickii,2026-04-26T00:24:49Z,25-Apr-2026,17:24:49,0.95,1
Bewick's Wren,Thryomanes bewickii,2026-04-26T00:24:13Z,25-Apr-2026,17:24:13,0.78,1
Bewick's Wren,Thryomanes bewickii,2026-04-26T00:23:38Z,25-Apr-2026,17:23:38,0.44,1
Bewick's Wren,Thryomanes bewickii,2026-04-26T00:23:22Z,25-Apr-2026,17:23:22,0.35,1
Bewick's Wren,Thryomanes bewickii,2026-04-26T00:23:15Z,25-Apr-2026,17:23:15,0.54,1
Bewick's Wren,Thryomanes bewickii,2026-04-26T00:22:58Z,25-Apr-2026,17:22:58,0.58,1
Bewick's Wren,Thryomanes bewickii,2026-04-26T00:19:31Z,25-Apr-2026,17:19:31,0.94,1
Bewick's Wren,Thryomanes bewickii,2026-04-26T00:19:21Z,25-Apr-2026,17:19:21,0.68,1
Bewick's Wren,Thryomanes bewickii,2026-04-26T00:19:13Z,25-Apr-2026,17:19:13,0.96,1
Bewick's Wren,Thryomanes bewickii,2026-04-26T00:18:59Z,25-Apr-2026,17:18:59,0.81,1
Bewick's Wren,Thryomanes bewickii,2026-04-26T00:18:52Z,25-Apr-2026,17:18:52,0.69,1
Bewick's Wren,Thryomanes bewickii,2026-04-26T00:18:45Z,25-Apr-2026,17:18:45,0.64,1
Bewick's Wren,Thryomanes bewickii,2026-04-26T00:18:38Z,25-Apr-2026,17:18:38,0.38,1
Bewick's Wren,Thryomanes bewickii,2026-04-26T00:18:23Z,25-Apr-2026,17:18:23,0.9,1
Bewick's Wren,Thryomanes bewickii,2026-04-26T00:18:13Z,25-Apr-2026,17:18:13,0.68,1
Bewick's Wren,Thryomanes bewickii,2026-04-26T00:17:51Z,25-Apr-2026,17:17:51,0.91,1
Bewick's Wren,Thryomanes bewickii,2026-04-26T00:17:44Z,25-Apr-2026,17:17:44,0.59,1
Bewick's Wren,Thryomanes bewickii,2026-04-26T00:17:26Z,25-Apr-2026,17:17:26,0.84,1
House Finch,Haemorhous mexicanus,2026-04-26T00:16:29Z,25-Apr-2026,17:16:29,0.8157,1
Bushtit,Psaltriparus minimus,2026-04-26T00:11:50Z,25-Apr-2026,17:11:50,0.28,1
Bushtit,Psaltriparus minimus,2026-04-26T00:11:12Z,25-Apr-2026,17:11:12,0.52,1
Bushtit,Psaltriparus minimus,2026-04-26T00:11:02Z,25-Apr-2026,17:11:02,0.5,1
Bushtit,Psaltriparus minimus,2026-04-26T00:10:55Z,25-Apr-2026,17:10:55,0.31,1
Cedar Waxwing,Bombycilla cedrorum,2026-04-26T00:10:41Z,25-Apr-2026,17:10:41,0.36,1
Cedar Waxwing,Bombycilla cedrorum,2026-04-26T00:10:28Z,25-Apr-2026,17:10:28,0.28,1
Cedar Waxwing,Bombycilla cedrorum,2026-04-26T00:10:21Z,25-Apr-2026,17:10:21,0.33,1
Bewick's Wren,Thryomanes bewickii,2026-04-26T00:09:21Z,25-Apr-2026,17:09:21,0.41,1
Bewick's Wren,Thryomanes bewickii,2026-04-26T00:09:08Z,25-Apr-2026,17:09:08,0.37,1
Bushtit,Psaltriparus minimus,2026-04-26T00:07:26Z,25-Apr-2026,17:07:26,0.54,1
Anna's Hummingbird,Calypte anna,2026-04-26T00:07:03Z,25-Apr-2026,17:07:03,0.55,1
Bewick's Wren,Thryomanes bewickii,2026-04-26T00:06:20Z,25-Apr-2026,17:06:20,0.28,1
Bewick's Wren,Thryomanes bewickii,2026-04-26T00:06:13Z,25-Apr-2026,17:06:13,0.34,1
Bewick's Wren,Thryomanes bewickii,2026-04-26T00:06:06Z,25-Apr-2026,17:06:06,0.45,1
Bushtit,Psaltriparus minimus,2026-04-26T00:04:20Z,25-Apr-2026,17:04:20,0.92,1
Bushtit,Psaltriparus minimus,2026-04-26T00:04:13Z,25-Apr-2026,17:04:13,0.61,1
Bushtit,Psaltriparus minimus,2026-04-26T00:04:05Z,25-Apr-2026,17:04:05,0.75,1
Bushtit,Psaltriparus minimus,2026-04-26T00:03:58Z,25-Apr-2026,17:03:58,0.73,1
Red-breasted Nuthatch,Sitta canadensis,2026-04-26T00:02:38Z,25-Apr-2026,17:02:38,0.26,1
Anna's Hummingbird,Calypte anna,2026-04-26T00:01:42Z,25-Apr-2026,17:01:42,0.41,1
Chestnut-backed Chickadee,Poecile rufescens,2026-04-26T00:01:26Z,25-Apr-2026,17:01:26,0.45,1
