Species,Scientific Name,UTC Date,Local Date,Local Time,Score,Count
Downy Woodpecker,Dryobates pubescens,2026-04-10T23:59:43Z,10-Apr-2026,16:59:43,0.38,1
Black-capped Chickadee,Poecile atricapillus,2026-04-10T23:59:09Z,10-Apr-2026,16:59:09,0.7804,2
Downy Woodpecker,Dryobates pubescens,2026-04-10T23:59:02Z,10-Apr-2026,16:59:02,0.39,1
Downy Woodpecker,Dryobates pubescens,2026-04-10T23:58:34Z,10-Apr-2026,16:58:34,0.37,1
American Crow,Corvus brachyrhynchos,2026-04-10T23:58:21Z,10-Apr-2026,16:58:21,0.41,1
American Crow,Corvus brachyrhynchos,2026-04-10T23:57:34Z,10-Apr-2026,16:57:34,0.7804,1
Steller's Jay,Cyanocitta stelleri,2026-04-10T23:57:29Z,10-Apr-2026,16:57:29,0.32,1
Steller's Jay,Cyanocitta stelleri,2026-04-10T23:57:22Z,10-Apr-2026,16:57:22,0.8863,1
Steller's Jay,Cyanocitta stelleri,2026-04-10T23:57:12Z,10-Apr-2026,16:57:12,0.53,1
Black-capped Chickadee,Poecile atricapillus,2026-04-10T23:55:35Z,10-Apr-2026,16:55:35,0.9255,2
Black-capped Chickadee,Poecile atricapillus,2026-04-10T23:55:29Z,10-Apr-2026,16:55:29,0.41,1
Black-capped Chickadee,Poecile atricapillus,2026-04-10T23:54:06Z,10-Apr-2026,16:54:06,0.9412,1
Black-capped Chickadee,Poecile atricapillus,2026-04-10T23:54:00Z,10-Apr-2026,16:54:00,0.28,1
Steller's Jay,Cyanocitta stelleri,2026-04-10T23:51:17Z,10-Apr-2026,16:51:17,0.8314,4
Steller's Jay,Cyanocitta stelleri,2026-04-10T23:51:12Z,10-Apr-2026,16:51:12,0.7,1
House Finch,Haemorhous mexicanus,2026-04-10T23:51:07Z,10-Apr-2026,16:51:07,0.8314,1
Steller's Jay,Cyanocitta stelleri,2026-04-10T23:50:32Z,10-Apr-2026,16:50:32,0.33,1
Steller's Jay,Cyanocitta stelleri,2026-04-10T23:49:59Z,10-Apr-2026,16:49:59,0.9255,2
Steller's Jay,Cyanocitta stelleri,2026-04-10T23:49:04Z,10-Apr-2026,16:49:04,0.86,1
Steller's Jay,Cyanocitta stelleri,2026-04-10T23:48:53Z,10-Apr-2026,16:48:53,0.898,1
Steller's Jay,Cyanocitta stelleri,2026-04-10T23:48:40Z,10-Apr-2026,16:48:40,0.71,1
Steller's Jay,Cyanocitta stelleri,2026-04-10T23:48:16Z,10-Apr-2026,16:48:16,0.57,1
American Crow,Corvus brachyrhynchos,2026-04-10T23:47:16Z,10-Apr-2026,16:47:16,0.8314,1
American Robin,Turdus migratorius,2026-04-10T23:45:15Z,10-Apr-2026,16:45:15,0.26,1
Black-capped Chickadee,Poecile atricapillus,2026-04-10T23:35:08Z,10-Apr-2026,16:35:08,0.8471,1
Black-capped Chickadee,Poecile atricapillus,2026-04-10T23:33:36Z,10-Apr-2026,16:33:36,0.8,1
Black-capped Chickadee,Poecile atricapillus,2026-04-10T23:31:26Z,10-Apr-2026,16:31:26,0.7804,2
Black-capped Chickadee,Poecile atricapillus,2026-04-10T23:30:09Z,10-Apr-2026,16:30:09,0.8314,1
Black-capped Chickadee,Poecile atricapillus,2026-04-10T23:15:48Z,10-Apr-2026,16:15:48,0.31,1
Black-capped Chickadee,Poecile atricapillus,2026-04-10T23:15:23Z,10-Apr-2026,16:15:23,0.8314,1
Downy Woodpecker,Dryobates pubescens,2026-04-10T23:15:20Z,10-Apr-2026,16:15:20,0.31,1
Marsh Wren,Cistothorus palustris,2026-04-10T23:14:36Z,10-Apr-2026,16:14:36,0.37,1
Black-capped Chickadee,Poecile atricapillus,2026-04-10T23:13:29Z,10-Apr-2026,16:13:29,0.29,1
Black-capped Chickadee,Poecile atricapillus,2026-04-10T23:13:07Z,10-Apr-2026,16:13:07,0.69,1
Black-capped Chickadee,Poecile atricapillus,2026-04-10T23:12:33Z,10-Apr-2026,16:12:33,0.9686,5
Black-capped Chickadee,Poecile atricapillus,2026-04-10T23:12:01Z,10-Apr-2026,16:12:01,0.28,1
Black-capped Chickadee,Poecile atricapillus,2026-04-10T23:11:30Z,10-Apr-2026,16:11:30,0.43,1
Black-capped Chickadee,Poecile atricapillus,2026-04-10T23:11:27Z,10-Apr-2026,16:11:27,0.9255,5
Black-capped Chickadee,Poecile atricapillus,2026-04-10T23:10:01Z,10-Apr-2026,16:10:01,0.9098,1
Orange-crowned Warbler,Leiothlypis celata,2026-04-10T23:09:29Z,10-Apr-2026,16:09:29,0.43,1
Dark-eyed Junco,Junco hyemalis,2026-04-10T23:07:52Z,10-Apr-2026,16:07:52,0.7804,1
Downy Woodpecker,Dryobates pubescens,2026-04-10T23:07:29Z,10-Apr-2026,16:07:29,0.65,1
Black-capped Chickadee,Poecile atricapillus,2026-04-10T23:00:27Z,10-Apr-2026,16:00:27,0.8863,3
Black-capped Chickadee,Poecile atricapillus,2026-04-10T22:58:51Z,10-Apr-2026,15:58:51,0.8627,3
American Crow,Corvus brachyrhynchos,2026-04-10T22:58:31Z,10-Apr-2026,15:58:31,0.8157,1
Black-capped Chickadee,Poecile atricapillus,2026-04-10T22:55:14Z,10-Apr-2026,15:55:14,0.8157,1
American Robin,Turdus migratorius,2026-04-10T22:53:57Z,10-Apr-2026,15:53:57,0.3,1
American Robin,Turdus migratorius,2026-04-10T22:53:49Z,10-Apr-2026,15:53:49,0.7804,1
American Robin,Turdus migratorius,2026-04-10T22:52:47Z,10-Apr-2026,15:52:47,0.51,1
American Robin,Turdus migratorius,2026-04-10T22:52:35Z,10-Apr-2026,15:52:35,0.8745,1
Black-capped Chickadee,Poecile atricapillus,2026-04-10T22:51:46Z,10-Apr-2026,15:51:46,0.7804,6
Black-capped Chickadee,Poecile atricapillus,2026-04-10T22:51:24Z,10-Apr-2026,15:51:24,0.35,1
American Robin,Turdus migratorius,2026-04-10T22:51:13Z,10-Apr-2026,15:51:13,0.8157,1
Black-capped Chickadee,Poecile atricapillus,2026-04-10T22:50:59Z,10-Apr-2026,15:50:59,0.57,1
Black-capped Chickadee,Poecile atricapillus,2026-04-10T22:50:44Z,10-Apr-2026,15:50:44,0.8627,1
American Crow,Corvus brachyrhynchos,2026-04-10T22:48:46Z,10-Apr-2026,15:48:46,0.8314,1
Northern Flicker,Colaptes auratus,2026-04-10T22:45:30Z,10-Apr-2026,15:45:30,0.35,1
Black-capped Chickadee,Poecile atricapillus,2026-04-10T22:40:29Z,10-Apr-2026,15:40:29,0.33,1
Black-capped Chickadee,Poecile atricapillus,2026-04-10T22:39:07Z,10-Apr-2026,15:39:07,0.7804,5
Black-capped Chickadee,Poecile atricapillus,2026-04-10T22:37:29Z,10-Apr-2026,15:37:29,0.7804,4
Black-capped Chickadee,Poecile atricapillus,2026-04-10T22:36:26Z,10-Apr-2026,15:36:26,0.7804,7
Black-capped Chickadee,Poecile atricapillus,2026-04-10T22:35:17Z,10-Apr-2026,15:35:17,0.8157,1
Black-capped Chickadee,Poecile atricapillus,2026-04-10T22:34:03Z,10-Apr-2026,15:34:03,0.8,2
Bewick's Wren,Thryomanes bewickii,2026-04-10T22:32:41Z,10-Apr-2026,15:32:41,0.92,1
Bewick's Wren,Thryomanes bewickii,2026-04-10T22:32:32Z,10-Apr-2026,15:32:32,0.72,1
Black-capped Chickadee,Poecile atricapillus,2026-04-10T22:30:50Z,10-Apr-2026,15:30:50,0.8314,1
Steller's Jay,Cyanocitta stelleri,2026-04-10T22:18:27Z,10-Apr-2026,15:18:27,0.56,1
Golden-crowned Kinglet,Regulus satrapa,2026-04-10T22:15:59Z,10-Apr-2026,15:15:59,0.45,1
American Crow,Corvus brachyrhynchos,2026-04-10T22:15:03Z,10-Apr-2026,15:15:03,0.9176,1
Bewick's Wren,Thryomanes bewickii,2026-04-10T22:14:18Z,10-Apr-2026,15:14:18,0.88,1
American Crow,Corvus brachyrhynchos,2026-04-10T22:11:41Z,10-Apr-2026,15:11:41,0.8863,1
Bewick's Wren,Thryomanes bewickii,2026-04-10T22:06:21Z,10-Apr-2026,15:06:21,0.39,1
Bewick's Wren,Thryomanes bewickii,2026-04-10T22:06:05Z,10-Apr-2026,15:06:05,0.68,1
Bewick's Wren,Thryomanes bewickii,2026-04-10T22:05:58Z,10-Apr-2026,15:05:58,0.92,1
Bewick's Wren,Thryomanes bewickii,2026-04-10T22:05:41Z,10-Apr-2026,15:05:41,0.78,1
Bewick's Wren,Thryomanes bewickii,2026-04-10T22:04:59Z,10-Apr-2026,15:04:59,0.87,1
Bewick's Wren,Thryomanes bewickii,2026-04-10T22:04:52Z,10-Apr-2026,15:04:52,0.82,1
Bewick's Wren,Thryomanes bewickii,2026-04-10T22:04:43Z,10-Apr-2026,15:04:43,0.97,1
Bewick's Wren,Thryomanes bewickii,2026-04-10T22:04:36Z,10-Apr-2026,15:04:36,0.86,1
Bewick's Wren,Thryomanes bewickii,2026-04-10T22:04:29Z,10-Apr-2026,15:04:29,0.93,1
Bewick's Wren,Thryomanes bewickii,2026-04-10T22:04:05Z,10-Apr-2026,15:04:05,0.29,1
Bewick's Wren,Thryomanes bewickii,2026-04-10T22:03:58Z,10-Apr-2026,15:03:58,0.53,1
Bewick's Wren,Thryomanes bewickii,2026-04-10T22:03:52Z,10-Apr-2026,15:03:52,0.72,1
Bewick's Wren,Thryomanes bewickii,2026-04-10T22:03:44Z,10-Apr-2026,15:03:44,0.71,1
Bewick's Wren,Thryomanes bewickii,2026-04-10T22:03:37Z,10-Apr-2026,15:03:37,0.33,1
Bewick's Wren,Thryomanes bewickii,2026-04-10T22:03:29Z,10-Apr-2026,15:03:29,0.97,1
Bewick's Wren,Thryomanes bewickii,2026-04-10T22:03:22Z,10-Apr-2026,15:03:22,0.62,1
Bewick's Wren,Thryomanes bewickii,2026-04-10T22:03:15Z,10-Apr-2026,15:03:15,0.84,1
Bewick's Wren,Thryomanes bewickii,2026-04-10T22:03:06Z,10-Apr-2026,15:03:06,0.85,1
Bewick's Wren,Thryomanes bewickii,2026-04-10T22:03:00Z,10-Apr-2026,15:03:00,0.95,1
Bewick's Wren,Thryomanes bewickii,2026-04-10T22:02:51Z,10-Apr-2026,15:02:51,0.5,1
Bewick's Wren,Thryomanes bewickii,2026-04-10T22:02:33Z,10-Apr-2026,15:02:33,0.9,1
Bewick's Wren,Thryomanes bewickii,2026-04-10T22:02:25Z,10-Apr-2026,15:02:25,0.76,1
Bewick's Wren,Thryomanes bewickii,2026-04-10T22:02:14Z,10-Apr-2026,15:02:14,0.27,1
Bewick's Wren,Thryomanes bewickii,2026-04-10T22:02:07Z,10-Apr-2026,15:02:07,0.83,1
Bewick's Wren,Thryomanes bewickii,2026-04-10T22:01:59Z,10-Apr-2026,15:01:59,0.86,1
Bewick's Wren,Thryomanes bewickii,2026-04-10T22:01:52Z,10-Apr-2026,15:01:52,0.82,1
Bewick's Wren,Thryomanes bewickii,2026-04-10T22:01:46Z,10-Apr-2026,15:01:46,0.92,1
American Crow,Corvus brachyrhynchos,2026-04-10T22:01:11Z,10-Apr-2026,15:01:11,0.9176,1
American Crow,Corvus brachyrhynchos,2026-04-10T21:59:41Z,10-Apr-2026,14:59:41,0.39,1
American Crow,Corvus brachyrhynchos,2026-04-10T21:59:27Z,10-Apr-2026,14:59:27,0.36,1
Cooper's Hawk,Accipiter cooperii,2026-04-10T21:57:29Z,10-Apr-2026,14:57:29,0.96,1
Cooper's Hawk,Accipiter cooperii,2026-04-10T21:57:02Z,10-Apr-2026,14:57:02,0.71,1
Bewick's Wren,Thryomanes bewickii,2026-04-10T21:56:49Z,10-Apr-2026,14:56:49,0.34,1
Bewick's Wren,Thryomanes bewickii,2026-04-10T21:56:42Z,10-Apr-2026,14:56:42,0.92,1
Bewick's Wren,Thryomanes bewickii,2026-04-10T21:56:36Z,10-Apr-2026,14:56:36,0.94,1
American Crow,Corvus brachyrhynchos,2026-04-10T21:53:09Z,10-Apr-2026,14:53:09,0.36,1
House Finch,Haemorhous mexicanus,2026-04-10T21:52:53Z,10-Apr-2026,14:52:53,0.7804,3
House Finch,Haemorhous mexicanus,2026-04-10T21:51:35Z,10-Apr-2026,14:51:35,0.8471,2
House Finch,Haemorhous mexicanus,2026-04-10T21:49:56Z,10-Apr-2026,14:49:56,0.8,1
Steller's Jay,Cyanocitta stelleri,2026-04-10T21:47:36Z,10-Apr-2026,14:47:36,0.76,1
Steller's Jay,Cyanocitta stelleri,2026-04-10T21:47:32Z,10-Apr-2026,14:47:32,0.8471,1
Bushtit,Psaltriparus minimus,2026-04-10T21:47:02Z,10-Apr-2026,14:47:02,0.66,1
Bushtit,Psaltriparus minimus,2026-04-10T21:46:55Z,10-Apr-2026,14:46:55,0.97,1
Bushtit,Psaltriparus minimus,2026-04-10T21:46:25Z,10-Apr-2026,14:46:25,0.8,1
Bushtit,Psaltriparus minimus,2026-04-10T21:46:11Z,10-Apr-2026,14:46:11,0.93,1
Bushtit,Psaltriparus minimus,2026-04-10T21:46:04Z,10-Apr-2026,14:46:04,0.91,1
Bushtit,Psaltriparus minimus,2026-04-10T21:45:55Z,10-Apr-2026,14:45:55,0.98,1
Bushtit,Psaltriparus minimus,2026-04-10T21:45:46Z,10-Apr-2026,14:45:46,0.99,1
Black-capped Chickadee,Poecile atricapillus,2026-04-10T21:45:12Z,10-Apr-2026,14:45:12,0.31,1
Black-capped Chickadee,Poecile atricapillus,2026-04-10T21:45:07Z,10-Apr-2026,14:45:07,0.8,1
Bushtit,Psaltriparus minimus,2026-04-10T21:44:59Z,10-Apr-2026,14:44:59,0.79,1
Bushtit,Psaltriparus minimus,2026-04-10T21:44:52Z,10-Apr-2026,14:44:52,0.57,1
Bushtit,Psaltriparus minimus,2026-04-10T21:44:45Z,10-Apr-2026,14:44:45,0.76,1
Black-capped Chickadee,Poecile atricapillus,2026-04-10T21:44:01Z,10-Apr-2026,14:44:01,0.8314,1
Black-capped Chickadee,Poecile atricapillus,2026-04-10T21:42:57Z,10-Apr-2026,14:42:57,0.898,5
Black-capped Chickadee,Poecile atricapillus,2026-04-10T21:40:20Z,10-Apr-2026,14:40:20,0.8627,1
Cooper's Hawk,Accipiter cooperii,2026-04-10T21:38:41Z,10-Apr-2026,14:38:41,0.67,1
House Finch,Haemorhous mexicanus,2026-04-10T21:37:39Z,10-Apr-2026,14:37:39,0.59,1
Black Phoebe,Sayornis nigricans,2026-04-10T21:35:09Z,10-Apr-2026,14:35:09,0.8157,1
House Finch,Haemorhous mexicanus,2026-04-10T21:34:44Z,10-Apr-2026,14:34:44,0.26,1
House Finch,Haemorhous mexicanus,2026-04-10T21:34:38Z,10-Apr-2026,14:34:38,0.28,1
House Finch,Haemorhous mexicanus,2026-04-10T21:30:33Z,10-Apr-2026,14:30:33,0.48,1
House Finch,Haemorhous mexicanus,2026-04-10T21:29:29Z,10-Apr-2026,14:29:29,0.9333,2
Cooper's Hawk,Accipiter cooperii,2026-04-10T21:29:01Z,10-Apr-2026,14:29:01,0.96,1
House Finch,Haemorhous mexicanus,2026-04-10T21:28:24Z,10-Apr-2026,14:28:24,0.8471,1
Cooper's Hawk,Accipiter cooperii,2026-04-10T21:27:57Z,10-Apr-2026,14:27:57,0.44,1
House Finch,Haemorhous mexicanus,2026-04-10T21:26:46Z,10-Apr-2026,14:26:46,0.31,1
Black-capped Chickadee,Poecile atricapillus,2026-04-10T21:26:31Z,10-Apr-2026,14:26:31,0.41,1
Black-capped Chickadee,Poecile atricapillus,2026-04-10T21:26:27Z,10-Apr-2026,14:26:27,0.9333,7
Black-capped Chickadee,Poecile atricapillus,2026-04-10T21:25:55Z,10-Apr-2026,14:25:55,0.32,1
Black-capped Chickadee,Poecile atricapillus,2026-04-10T21:25:37Z,10-Apr-2026,14:25:37,0.3,1
Black-capped Chickadee,Poecile atricapillus,2026-04-10T21:25:13Z,10-Apr-2026,14:25:13,0.8745,1
Black-capped Chickadee,Poecile atricapillus,2026-04-10T21:25:08Z,10-Apr-2026,14:25:08,0.36,1
Black-capped Chickadee,Poecile atricapillus,2026-04-10T21:24:20Z,10-Apr-2026,14:24:20,0.54,1
Black-capped Chickadee,Poecile atricapillus,2026-04-10T21:24:02Z,10-Apr-2026,14:24:02,0.43,1
Black-capped Chickadee,Poecile atricapillus,2026-04-10T21:23:37Z,10-Apr-2026,14:23:37,0.61,1
Black-capped Chickadee,Poecile atricapillus,2026-04-10T21:23:29Z,10-Apr-2026,14:23:29,0.41,1
Black-capped Chickadee,Poecile atricapillus,2026-04-10T21:23:04Z,10-Apr-2026,14:23:04,0.8863,3
Black-capped Chickadee,Poecile atricapillus,2026-04-10T21:22:16Z,10-Apr-2026,14:22:16,0.62,1
Black-capped Chickadee,Poecile atricapillus,2026-04-10T21:22:01Z,10-Apr-2026,14:22:01,0.7804,6
Black-capped Chickadee,Poecile atricapillus,2026-04-10T21:21:00Z,10-Apr-2026,14:21:00,0.54,1
Mountain Chickadee,Poecile gambeli,2026-04-10T21:20:53Z,10-Apr-2026,14:20:53,0.9,1
Mountain Chickadee,Poecile gambeli,2026-04-10T21:20:46Z,10-Apr-2026,14:20:46,0.3,1
Downy Woodpecker,Dryobates pubescens,2026-04-10T21:20:39Z,10-Apr-2026,14:20:39,0.48,1
Black-capped Chickadee,Poecile atricapillus,2026-04-10T21:20:27Z,10-Apr-2026,14:20:27,0.36,1
Black-capped Chickadee,Poecile atricapillus,2026-04-10T21:20:14Z,10-Apr-2026,14:20:14,0.32,1
Black-capped Chickadee,Poecile atricapillus,2026-04-10T21:19:39Z,10-Apr-2026,14:19:39,0.8471,12
Downy Woodpecker,Dryobates pubescens,2026-04-10T21:19:28Z,10-Apr-2026,14:19:28,0.36,1
Downy Woodpecker,Dryobates pubescens,2026-04-10T21:19:09Z,10-Apr-2026,14:19:09,0.5,1
Black-capped Chickadee,Poecile atricapillus,2026-04-10T21:18:30Z,10-Apr-2026,14:18:30,0.42,1
Black-capped Chickadee,Poecile atricapillus,2026-04-10T21:17:52Z,10-Apr-2026,14:17:52,0.898,1
Bewick's Wren,Thryomanes bewickii,2026-04-10T21:15:45Z,10-Apr-2026,14:15:45,0.52,1
Chestnut-backed Chickadee,Poecile rufescens,2026-04-10T21:13:43Z,10-Apr-2026,14:13:43,0.56,1
Chestnut-backed Chickadee,Poecile rufescens,2026-04-10T21:13:29Z,10-Apr-2026,14:13:29,0.949,1
Golden-crowned Kinglet,Regulus satrapa,2026-04-10T21:09:17Z,10-Apr-2026,14:09:17,0.56,1
Steller's Jay,Cyanocitta stelleri,2026-04-10T21:07:45Z,10-Apr-2026,14:07:45,0.58,1
Steller's Jay,Cyanocitta stelleri,2026-04-10T21:07:18Z,10-Apr-2026,14:07:18,0.59,1
Steller's Jay,Cyanocitta stelleri,2026-04-10T21:06:22Z,10-Apr-2026,14:06:22,0.44,1
Steller's Jay,Cyanocitta stelleri,2026-04-10T21:06:09Z,10-Apr-2026,14:06:09,0.6,1
Steller's Jay,Cyanocitta stelleri,2026-04-10T21:05:03Z,10-Apr-2026,14:05:03,0.94,1
Dark-eyed Junco,Junco hyemalis,2026-04-10T21:04:52Z,10-Apr-2026,14:04:52,0.35,1
Dark-eyed Junco,Junco hyemalis,2026-04-10T21:04:09Z,10-Apr-2026,14:04:09,0.26,1
Dark-eyed Junco,Junco hyemalis,2026-04-10T21:03:47Z,10-Apr-2026,14:03:47,0.55,1
Steller's Jay,Cyanocitta stelleri,2026-04-10T21:03:36Z,10-Apr-2026,14:03:36,0.47,1
Steller's Jay,Cyanocitta stelleri,2026-04-10T21:03:26Z,10-Apr-2026,14:03:26,0.8,1
Steller's Jay,Cyanocitta stelleri,2026-04-10T21:03:16Z,10-Apr-2026,14:03:16,0.59,1
Steller's Jay,Cyanocitta stelleri,2026-04-10T21:03:09Z,10-Apr-2026,14:03:09,0.8314,1
Bushtit,Psaltriparus minimus,2026-04-10T21:00:21Z,10-Apr-2026,14:00:21,0.48,1
Black-capped Chickadee,Poecile atricapillus,2026-04-10T20:59:27Z,10-Apr-2026,13:59:27,0.8,1
American Crow,Corvus brachyrhynchos,2026-04-10T20:58:19Z,10-Apr-2026,13:58:19,0.8314,1
Bushtit,Psaltriparus minimus,2026-04-10T20:58:05Z,10-Apr-2026,13:58:05,0.68,1
Bushtit,Psaltriparus minimus,2026-04-10T20:57:58Z,10-Apr-2026,13:57:58,0.58,1
Bushtit,Psaltriparus minimus,2026-04-10T20:57:38Z,10-Apr-2026,13:57:38,0.79,1
American Crow,Corvus brachyrhynchos,2026-04-10T20:56:20Z,10-Apr-2026,13:56:20,0.8157,1
Steller's Jay,Cyanocitta stelleri,2026-04-10T20:55:20Z,10-Apr-2026,13:55:20,0.54,1
Steller's Jay,Cyanocitta stelleri,2026-04-10T20:54:50Z,10-Apr-2026,13:54:50,0.94,1
Steller's Jay,Cyanocitta stelleri,2026-04-10T20:54:44Z,10-Apr-2026,13:54:44,0.9098,1
Bewick's Wren,Thryomanes bewickii,2026-04-10T20:53:36Z,10-Apr-2026,13:53:36,0.61,1
Bewick's Wren,Thryomanes bewickii,2026-04-10T20:53:29Z,10-Apr-2026,13:53:29,0.31,1
American Crow,Corvus brachyrhynchos,2026-04-10T20:52:46Z,10-Apr-2026,13:52:46,0.7804,1
Chestnut-backed Chickadee,Poecile rufescens,2026-04-10T20:52:21Z,10-Apr-2026,13:52:21,0.8627,20
Chestnut-backed Chickadee,Poecile rufescens,2026-04-10T20:51:03Z,10-Apr-2026,13:51:03,1,1
Black-capped Chickadee,Poecile atricapillus,2026-04-10T20:50:06Z,10-Apr-2026,13:50:06,0.38,1
Black-capped Chickadee,Poecile atricapillus,2026-04-10T20:49:52Z,10-Apr-2026,13:49:52,0.39,1
Black-capped Chickadee,Poecile atricapillus,2026-04-10T20:49:41Z,10-Apr-2026,13:49:41,0.9098,5
Bushtit,Psaltriparus minimus,2026-04-10T20:48:42Z,10-Apr-2026,13:48:42,0.67,1
Bushtit,Psaltriparus minimus,2026-04-10T20:48:09Z,10-Apr-2026,13:48:09,0.94,1
Black-capped Chickadee,Poecile atricapillus,2026-04-10T20:47:49Z,10-Apr-2026,13:47:49,0.8627,1
House Finch,Haemorhous mexicanus,2026-04-10T20:45:35Z,10-Apr-2026,13:45:35,0.7804,4
Bushtit,Psaltriparus minimus,2026-04-10T20:45:31Z,10-Apr-2026,13:45:31,0.46,1
House Finch,Haemorhous mexicanus,2026-04-10T20:44:34Z,10-Apr-2026,13:44:34,0.8471,1
Bushtit,Psaltriparus minimus,2026-04-10T20:43:56Z,10-Apr-2026,13:43:56,0.67,1
Bushtit,Psaltriparus minimus,2026-04-10T20:43:33Z,10-Apr-2026,13:43:33,0.93,1
Bushtit,Psaltriparus minimus,2026-04-10T20:43:25Z,10-Apr-2026,13:43:25,0.34,1
House Finch,Haemorhous mexicanus,2026-04-10T20:43:08Z,10-Apr-2026,13:43:08,0.8,4
House Finch,Haemorhous mexicanus,2026-04-10T20:42:46Z,10-Apr-2026,13:42:46,0.58,1
Black-capped Chickadee,Poecile atricapillus,2026-04-10T20:42:43Z,10-Apr-2026,13:42:43,0.8,1
House Finch,Haemorhous mexicanus,2026-04-10T20:42:29Z,10-Apr-2026,13:42:29,0.31,1
House Finch,Haemorhous mexicanus,2026-04-10T20:41:30Z,10-Apr-2026,13:41:30,0.8745,1
Chestnut-backed Chickadee,Poecile rufescens,2026-04-10T20:41:16Z,10-Apr-2026,13:41:16,0.8,11
Chestnut-backed Chickadee,Poecile rufescens,2026-04-10T20:41:09Z,10-Apr-2026,13:41:09,0.46,1
Chestnut-backed Chickadee,Poecile rufescens,2026-04-10T20:41:00Z,10-Apr-2026,13:41:00,0.58,1
Chestnut-backed Chickadee,Poecile rufescens,2026-04-10T20:40:51Z,10-Apr-2026,13:40:51,0.27,1
House Finch,Haemorhous mexicanus,2026-04-10T20:40:38Z,10-Apr-2026,13:40:38,0.3,1
House Finch,Haemorhous mexicanus,2026-04-10T20:40:24Z,10-Apr-2026,13:40:24,0.8471,2
Chestnut-backed Chickadee,Poecile rufescens,2026-04-10T20:40:16Z,10-Apr-2026,13:40:16,0.59,1
Chestnut-backed Chickadee,Poecile rufescens,2026-04-10T20:40:03Z,10-Apr-2026,13:40:03,0.9098,1
House Finch,Haemorhous mexicanus,2026-04-10T20:39:18Z,10-Apr-2026,13:39:18,0.8471,8
House Finch,Haemorhous mexicanus,2026-04-10T20:37:52Z,10-Apr-2026,13:37:52,0.27,1
House Finch,Haemorhous mexicanus,2026-04-10T20:37:03Z,10-Apr-2026,13:37:03,0.7804,7
House Finch,Haemorhous mexicanus,2026-04-10T20:35:55Z,10-Apr-2026,13:35:55,0.8863,3
Black-capped Chickadee,Poecile atricapillus,2026-04-10T20:35:51Z,10-Apr-2026,13:35:51,0.55,1
House Finch,Haemorhous mexicanus,2026-04-10T20:34:42Z,10-Apr-2026,13:34:42,0.898,1
House Finch,Haemorhous mexicanus,2026-04-10T20:34:34Z,10-Apr-2026,13:34:34,0.42,1
Mountain Chickadee,Poecile gambeli,2026-04-10T20:33:56Z,10-Apr-2026,13:33:56,0.35,1
Black-capped Chickadee,Poecile atricapillus,2026-04-10T20:33:49Z,10-Apr-2026,13:33:49,0.8314,1
House Finch,Haemorhous mexicanus,2026-04-10T20:32:27Z,10-Apr-2026,13:32:27,0.8627,3
House Finch,Haemorhous mexicanus,2026-04-10T20:31:13Z,10-Apr-2026,13:31:13,0.898,1
Fox Sparrow,Passerella iliaca,2026-04-10T20:27:40Z,10-Apr-2026,13:27:40,0.53,1
Bewick's Wren,Thryomanes bewickii,2026-04-10T20:27:32Z,10-Apr-2026,13:27:32,0.99,1
House Finch,Haemorhous mexicanus,2026-04-10T20:27:28Z,10-Apr-2026,13:27:28,0.8314,1
Bewick's Wren,Thryomanes bewickii,2026-04-10T20:27:20Z,10-Apr-2026,13:27:20,0.98,1
Bewick's Wren,Thryomanes bewickii,2026-04-10T20:27:13Z,10-Apr-2026,13:27:13,0.99,1
Bewick's Wren,Thryomanes bewickii,2026-04-10T20:27:07Z,10-Apr-2026,13:27:07,0.82,1
Bewick's Wren,Thryomanes bewickii,2026-04-10T20:26:50Z,10-Apr-2026,13:26:50,0.93,1
Bewick's Wren,Thryomanes bewickii,2026-04-10T20:26:40Z,10-Apr-2026,13:26:40,0.35,1
Steller's Jay,Cyanocitta stelleri,2026-04-10T20:26:36Z,10-Apr-2026,13:26:36,0.8157,1
Bewick's Wren,Thryomanes bewickii,2026-04-10T20:26:28Z,10-Apr-2026,13:26:28,0.91,1
Bewick's Wren,Thryomanes bewickii,2026-04-10T20:26:14Z,10-Apr-2026,13:26:14,0.82,1
Bewick's Wren,Thryomanes bewickii,2026-04-10T20:25:32Z,10-Apr-2026,13:25:32,0.89,1
Bewick's Wren,Thryomanes bewickii,2026-04-10T20:25:11Z,10-Apr-2026,13:25:11,0.95,1
Bewick's Wren,Thryomanes bewickii,2026-04-10T20:25:03Z,10-Apr-2026,13:25:03,0.95,1
Bewick's Wren,Thryomanes bewickii,2026-04-10T20:24:57Z,10-Apr-2026,13:24:57,0.94,1
Bewick's Wren,Thryomanes bewickii,2026-04-10T20:24:42Z,10-Apr-2026,13:24:42,0.38,1
Bewick's Wren,Thryomanes bewickii,2026-04-10T20:24:35Z,10-Apr-2026,13:24:35,0.93,1
Bewick's Wren,Thryomanes bewickii,2026-04-10T20:24:28Z,10-Apr-2026,13:24:28,0.43,1
Bewick's Wren,Thryomanes bewickii,2026-04-10T20:24:20Z,10-Apr-2026,13:24:20,0.97,1
Bewick's Wren,Thryomanes bewickii,2026-04-10T20:24:13Z,10-Apr-2026,13:24:13,0.99,1
Bewick's Wren,Thryomanes bewickii,2026-04-10T20:23:58Z,10-Apr-2026,13:23:58,0.94,1
Bewick's Wren,Thryomanes bewickii,2026-04-10T20:23:51Z,10-Apr-2026,13:23:51,0.98,1
Bewick's Wren,Thryomanes bewickii,2026-04-10T20:23:36Z,10-Apr-2026,13:23:36,0.54,1
Bewick's Wren,Thryomanes bewickii,2026-04-10T20:23:28Z,10-Apr-2026,13:23:28,0.91,1
Bewick's Wren,Thryomanes bewickii,2026-04-10T20:23:21Z,10-Apr-2026,13:23:21,0.97,1
Dark-eyed Junco,Junco hyemalis,2026-04-10T20:21:31Z,10-Apr-2026,13:21:31,0.45,1
Bewick's Wren,Thryomanes bewickii,2026-04-10T20:19:40Z,10-Apr-2026,13:19:40,0.96,1
Bewick's Wren,Thryomanes bewickii,2026-04-10T20:18:57Z,10-Apr-2026,13:18:57,0.69,1
Bewick's Wren,Thryomanes bewickii,2026-04-10T20:18:16Z,10-Apr-2026,13:18:16,0.76,1
Bewick's Wren,Thryomanes bewickii,2026-04-10T20:18:01Z,10-Apr-2026,13:18:01,0.98,1
Bewick's Wren,Thryomanes bewickii,2026-04-10T20:17:55Z,10-Apr-2026,13:17:55,0.97,1
Bewick's Wren,Thryomanes bewickii,2026-04-10T20:17:42Z,10-Apr-2026,13:17:42,0.98,1
Bewick's Wren,Thryomanes bewickii,2026-04-10T20:17:34Z,10-Apr-2026,13:17:34,0.77,1
Violet-green Swallow,Tachycineta thalassina,2026-04-10T20:17:27Z,10-Apr-2026,13:17:27,0.51,1
Violet-green Swallow,Tachycineta thalassina,2026-04-10T20:16:47Z,10-Apr-2026,13:16:47,0.59,1
Dark-eyed Junco,Junco hyemalis,2026-04-10T20:15:12Z,10-Apr-2026,13:15:12,0.54,1
Dark-eyed Junco,Junco hyemalis,2026-04-10T20:14:48Z,10-Apr-2026,13:14:48,0.38,1
Bewick's Wren,Thryomanes bewickii,2026-04-10T20:14:03Z,10-Apr-2026,13:14:03,0.98,1
Bewick's Wren,Thryomanes bewickii,2026-04-10T20:13:56Z,10-Apr-2026,13:13:56,0.94,1
Bewick's Wren,Thryomanes bewickii,2026-04-10T20:13:49Z,10-Apr-2026,13:13:49,0.88,1
Bewick's Wren,Thryomanes bewickii,2026-04-10T20:13:41Z,10-Apr-2026,13:13:41,0.87,1
Bewick's Wren,Thryomanes bewickii,2026-04-10T20:13:31Z,10-Apr-2026,13:13:31,0.97,1
Bewick's Wren,Thryomanes bewickii,2026-04-10T20:13:24Z,10-Apr-2026,13:13:24,0.97,1
Bewick's Wren,Thryomanes bewickii,2026-04-10T20:13:18Z,10-Apr-2026,13:13:18,0.83,1
Bewick's Wren,Thryomanes bewickii,2026-04-10T20:13:10Z,10-Apr-2026,13:13:10,0.82,1
Bewick's Wren,Thryomanes bewickii,2026-04-10T20:13:02Z,10-Apr-2026,13:13:02,0.89,1
Bewick's Wren,Thryomanes bewickii,2026-04-10T20:12:52Z,10-Apr-2026,13:12:52,0.96,1
Bewick's Wren,Thryomanes bewickii,2026-04-10T20:12:45Z,10-Apr-2026,13:12:45,0.89,1
Red-breasted Nuthatch,Sitta canadensis,2026-04-10T20:11:19Z,10-Apr-2026,13:11:19,0.53,1
Dark-eyed Junco,Junco hyemalis,2026-04-10T20:11:03Z,10-Apr-2026,13:11:03,0.27,1
Dark-eyed Junco,Junco hyemalis,2026-04-10T20:10:55Z,10-Apr-2026,13:10:55,0.66,1
Dark-eyed Junco,Junco hyemalis,2026-04-10T20:10:21Z,10-Apr-2026,13:10:21,0.31,1
Dark-eyed Junco,Junco hyemalis,2026-04-10T20:10:14Z,10-Apr-2026,13:10:14,0.28,1
House Finch,Haemorhous mexicanus,2026-04-10T20:10:02Z,10-Apr-2026,13:10:02,0.7804,3
House Finch,Haemorhous mexicanus,2026-04-10T20:08:10Z,10-Apr-2026,13:08:10,0.8157,1
American Crow,Corvus brachyrhynchos,2026-04-10T20:07:30Z,10-Apr-2026,13:07:30,0.8157,1
Black-capped Chickadee,Poecile atricapillus,2026-04-10T20:06:36Z,10-Apr-2026,13:06:36,0.8314,3
Black-capped Chickadee,Poecile atricapillus,2026-04-10T20:04:36Z,10-Apr-2026,13:04:36,0.7804,4
Black-capped Chickadee,Poecile atricapillus,2026-04-10T20:04:16Z,10-Apr-2026,13:04:16,0.28,1
Mountain Chickadee,Poecile gambeli,2026-04-10T20:04:09Z,10-Apr-2026,13:04:09,0.4,1
Bewick's Wren,Thryomanes bewickii,2026-04-10T20:03:36Z,10-Apr-2026,13:03:36,0.34,1
Black-capped Chickadee,Poecile atricapillus,2026-04-10T20:03:25Z,10-Apr-2026,13:03:25,0.8471,1
Bewick's Wren,Thryomanes bewickii,2026-04-10T20:02:00Z,10-Apr-2026,13:02:00,0.53,1
Black-capped Chickadee,Poecile atricapillus,2026-04-10T20:01:41Z,10-Apr-2026,13:01:41,0.9098,1
Bewick's Wren,Thryomanes bewickii,2026-04-10T20:01:12Z,10-Apr-2026,13:01:12,0.26,1
Bewick's Wren,Thryomanes bewickii,2026-04-10T20:00:54Z,10-Apr-2026,13:00:54,0.93,1
American Goldfinch,Spinus tristis,2026-04-10T20:00:51Z,10-Apr-2026,13:00:51,0.7804,1
Bewick's Wren,Thryomanes bewickii,2026-04-10T20:00:43Z,10-Apr-2026,13:00:43,0.64,1
Bewick's Wren,Thryomanes bewickii,2026-04-10T20:00:37Z,10-Apr-2026,13:00:37,0.52,1
Bewick's Wren,Thryomanes bewickii,2026-04-10T20:00:29Z,10-Apr-2026,13:00:29,0.71,1
Bewick's Wren,Thryomanes bewickii,2026-04-10T20:00:24Z,10-Apr-2026,13:00:24,0.55,1
Bewick's Wren,Thryomanes bewickii,2026-04-10T19:59:48Z,10-Apr-2026,12:59:48,0.83,1
Bewick's Wren,Thryomanes bewickii,2026-04-10T19:59:42Z,10-Apr-2026,12:59:42,0.78,1
Bewick's Wren,Thryomanes bewickii,2026-04-10T19:59:34Z,10-Apr-2026,12:59:34,0.71,1
Bewick's Wren,Thryomanes bewickii,2026-04-10T19:59:04Z,10-Apr-2026,12:59:04,0.62,1
Bewick's Wren,Thryomanes bewickii,2026-04-10T19:58:57Z,10-Apr-2026,12:58:57,0.4,1
Bewick's Wren,Thryomanes bewickii,2026-04-10T19:58:50Z,10-Apr-2026,12:58:50,0.89,1
Chestnut-backed Chickadee,Poecile rufescens,2026-04-10T19:58:22Z,10-Apr-2026,12:58:22,0.8,2
Bewick's Wren,Thryomanes bewickii,2026-04-10T19:58:14Z,10-Apr-2026,12:58:14,0.39,1
Bushtit,Psaltriparus minimus,2026-04-10T19:58:07Z,10-Apr-2026,12:58:07,0.32,1
Bewick's Wren,Thryomanes bewickii,2026-04-10T19:58:00Z,10-Apr-2026,12:58:00,0.49,1
Bewick's Wren,Thryomanes bewickii,2026-04-10T19:57:20Z,10-Apr-2026,12:57:20,0.52,1
Chestnut-backed Chickadee,Poecile rufescens,2026-04-10T19:57:16Z,10-Apr-2026,12:57:16,0.8314,2
House Finch,Haemorhous mexicanus,2026-04-10T19:56:06Z,10-Apr-2026,12:56:06,0.8157,1
Chestnut-backed Chickadee,Poecile rufescens,2026-04-10T19:55:11Z,10-Apr-2026,12:55:11,0.9255,1
Black-capped Chickadee,Poecile atricapillus,2026-04-10T19:54:49Z,10-Apr-2026,12:54:49,0.26,1
Chestnut-backed Chickadee,Poecile rufescens,2026-04-10T19:54:42Z,10-Apr-2026,12:54:42,0.4,1
Dark-eyed Junco,Junco hyemalis,2026-04-10T19:52:42Z,10-Apr-2026,12:52:42,0.52,1
Dark-eyed Junco,Junco hyemalis,2026-04-10T19:51:04Z,10-Apr-2026,12:51:04,0.38,1
Dark-eyed Junco,Junco hyemalis,2026-04-10T19:50:48Z,10-Apr-2026,12:50:48,0.47,1
Dark-eyed Junco,Junco hyemalis,2026-04-10T19:50:24Z,10-Apr-2026,12:50:24,0.58,1
American Crow,Corvus brachyrhynchos,2026-04-10T19:50:19Z,10-Apr-2026,12:50:19,0.7804,1
Dark-eyed Junco,Junco hyemalis,2026-04-10T19:50:16Z,10-Apr-2026,12:50:16,0.33,1
Dark-eyed Junco,Junco hyemalis,2026-04-10T19:50:00Z,10-Apr-2026,12:50:00,0.61,1
Dark-eyed Junco,Junco hyemalis,2026-04-10T19:49:38Z,10-Apr-2026,12:49:38,0.32,1
Dark-eyed Junco,Junco hyemalis,2026-04-10T19:49:28Z,10-Apr-2026,12:49:28,0.43,1
Dark-eyed Junco,Junco hyemalis,2026-04-10T19:49:24Z,10-Apr-2026,12:49:24,0.8314,1
Dark-eyed Junco,Junco hyemalis,2026-04-10T19:49:14Z,10-Apr-2026,12:49:14,0.34,1
American Crow,Corvus brachyrhynchos,2026-04-10T19:49:10Z,10-Apr-2026,12:49:10,0.8,1
Dark-eyed Junco,Junco hyemalis,2026-04-10T19:48:55Z,10-Apr-2026,12:48:55,0.29,1
Dark-eyed Junco,Junco hyemalis,2026-04-10T19:48:45Z,10-Apr-2026,12:48:45,0.34,1
Dark-eyed Junco,Junco hyemalis,2026-04-10T19:48:30Z,10-Apr-2026,12:48:30,0.55,1
Dark-eyed Junco,Junco hyemalis,2026-04-10T19:48:02Z,10-Apr-2026,12:48:02,0.69,1
Dark-eyed Junco,Junco hyemalis,2026-04-10T19:47:08Z,10-Apr-2026,12:47:08,0.4,1
Black-capped Chickadee,Poecile atricapillus,2026-04-10T19:46:41Z,10-Apr-2026,12:46:41,0.37,1
Black-capped Chickadee,Poecile atricapillus,2026-04-10T19:46:34Z,10-Apr-2026,12:46:34,0.73,1
Black-capped Chickadee,Poecile atricapillus,2026-04-10T19:46:26Z,10-Apr-2026,12:46:26,0.27,1
Black-capped Chickadee,Poecile atricapillus,2026-04-10T19:46:11Z,10-Apr-2026,12:46:11,0.8,4
Chestnut-backed Chickadee,Poecile rufescens,2026-04-10T19:45:46Z,10-Apr-2026,12:45:46,0.26,1
Black-capped Chickadee,Poecile atricapillus,2026-04-10T19:45:35Z,10-Apr-2026,12:45:35,0.31,1
Chestnut-backed Chickadee,Poecile rufescens,2026-04-10T19:45:25Z,10-Apr-2026,12:45:25,0.36,1
Chestnut-backed Chickadee,Poecile rufescens,2026-04-10T19:45:21Z,10-Apr-2026,12:45:21,0.9529,1
Chestnut-backed Chickadee,Poecile rufescens,2026-04-10T19:45:14Z,10-Apr-2026,12:45:14,0.41,1
Black-capped Chickadee,Poecile atricapillus,2026-04-10T19:44:56Z,10-Apr-2026,12:44:56,0.33,1
Black-capped Chickadee,Poecile atricapillus,2026-04-10T19:44:31Z,10-Apr-2026,12:44:31,0.39,1
Black-capped Chickadee,Poecile atricapillus,2026-04-10T19:44:03Z,10-Apr-2026,12:44:03,0.8157,1
Black-capped Chickadee,Poecile atricapillus,2026-04-10T19:43:13Z,10-Apr-2026,12:43:13,0.32,1
American Crow,Corvus brachyrhynchos,2026-04-10T19:41:50Z,10-Apr-2026,12:41:50,0.8471,1
House Finch,Haemorhous mexicanus,2026-04-10T19:41:09Z,10-Apr-2026,12:41:09,0.33,1
House Finch,Haemorhous mexicanus,2026-04-10T19:40:59Z,10-Apr-2026,12:40:59,0.7804,1
Black-capped Chickadee,Poecile atricapillus,2026-04-10T19:39:58Z,10-Apr-2026,12:39:58,0.8471,3
Black-capped Chickadee,Poecile atricapillus,2026-04-10T19:39:46Z,10-Apr-2026,12:39:46,0.26,1
Black-capped Chickadee,Poecile atricapillus,2026-04-10T19:35:11Z,10-Apr-2026,12:35:11,0.29,1
Black-capped Chickadee,Poecile atricapillus,2026-04-10T19:34:52Z,10-Apr-2026,12:34:52,0.8471,2
Black-capped Chickadee,Poecile atricapillus,2026-04-10T19:33:07Z,10-Apr-2026,12:33:07,0.8471,7
Black-capped Chickadee,Poecile atricapillus,2026-04-10T19:32:41Z,10-Apr-2026,12:32:41,0.42,1
Black-capped Chickadee,Poecile atricapillus,2026-04-10T19:31:59Z,10-Apr-2026,12:31:59,0.8745,9
Black-capped Chickadee,Poecile atricapillus,2026-04-10T19:31:55Z,10-Apr-2026,12:31:55,0.33,1
Black-capped Chickadee,Poecile atricapillus,2026-04-10T19:31:33Z,10-Apr-2026,12:31:33,0.61,1
Black-capped Chickadee,Poecile atricapillus,2026-04-10T19:31:26Z,10-Apr-2026,12:31:26,0.59,1
Black-capped Chickadee,Poecile atricapillus,2026-04-10T19:30:49Z,10-Apr-2026,12:30:49,0.7804,6
Black-capped Chickadee,Poecile atricapillus,2026-04-10T19:29:41Z,10-Apr-2026,12:29:41,0.37,1
Black-capped Chickadee,Poecile atricapillus,2026-04-10T19:29:34Z,10-Apr-2026,12:29:34,0.57,1
Black-capped Chickadee,Poecile atricapillus,2026-04-10T19:29:30Z,10-Apr-2026,12:29:30,0.898,9
Black-capped Chickadee,Poecile atricapillus,2026-04-10T19:29:19Z,10-Apr-2026,12:29:19,0.45,1
Mountain Chickadee,Poecile gambeli,2026-04-10T19:28:49Z,10-Apr-2026,12:28:49,0.27,1
Black-capped Chickadee,Poecile atricapillus,2026-04-10T19:28:24Z,10-Apr-2026,12:28:24,0.8627,2
Black-capped Chickadee,Poecile atricapillus,2026-04-10T19:28:09Z,10-Apr-2026,12:28:09,0.29,1
Black-capped Chickadee,Poecile atricapillus,2026-04-10T19:26:37Z,10-Apr-2026,12:26:37,0.7804,1
House Finch,Haemorhous mexicanus,2026-04-10T19:26:05Z,10-Apr-2026,12:26:05,0.7804,1
House Finch,Haemorhous mexicanus,2026-04-10T19:24:42Z,10-Apr-2026,12:24:42,0.7804,1
Red Crossbill,Loxia curvirostra,2026-04-10T19:23:55Z,10-Apr-2026,12:23:55,0.53,1
House Finch,Haemorhous mexicanus,2026-04-10T19:23:11Z,10-Apr-2026,12:23:11,0.4,1
House Finch,Haemorhous mexicanus,2026-04-10T19:20:45Z,10-Apr-2026,12:20:45,0.8157,1
Chestnut-backed Chickadee,Poecile rufescens,2026-04-10T19:20:37Z,10-Apr-2026,12:20:37,0.57,1
Black-capped Chickadee,Poecile atricapillus,2026-04-10T19:16:54Z,10-Apr-2026,12:16:54,0.898,2
Black-capped Chickadee,Poecile atricapillus,2026-04-10T19:15:01Z,10-Apr-2026,12:15:01,0.8627,1
Black-capped Chickadee,Poecile atricapillus,2026-04-10T19:13:20Z,10-Apr-2026,12:13:20,0.8,1
House Finch,Haemorhous mexicanus,2026-04-10T19:12:38Z,10-Apr-2026,12:12:38,0.9333,3
Black-capped Chickadee,Poecile atricapillus,2026-04-10T19:10:52Z,10-Apr-2026,12:10:52,0.8157,1
House Finch,Haemorhous mexicanus,2026-04-10T19:09:35Z,10-Apr-2026,12:09:35,0.46,1
House Finch,Haemorhous mexicanus,2026-04-10T19:08:49Z,10-Apr-2026,12:08:49,0.7804,2
House Finch,Haemorhous mexicanus,2026-04-10T19:06:19Z,10-Apr-2026,12:06:19,0.8471,1
Black-capped Chickadee,Poecile atricapillus,2026-04-10T19:05:53Z,10-Apr-2026,12:05:53,0.8314,2
House Finch,Haemorhous mexicanus,2026-04-10T19:05:42Z,10-Apr-2026,12:05:42,0.66,1
House Finch,Haemorhous mexicanus,2026-04-10T19:04:24Z,10-Apr-2026,12:04:24,0.28,1
Black-capped Chickadee,Poecile atricapillus,2026-04-10T19:03:35Z,10-Apr-2026,12:03:35,0.8863,1
Bushtit,Psaltriparus minimus,2026-04-10T19:02:22Z,10-Apr-2026,12:02:22,0.91,1
Bushtit,Psaltriparus minimus,2026-04-10T19:02:09Z,10-Apr-2026,12:02:09,0.68,1
House Finch,Haemorhous mexicanus,2026-04-10T19:00:41Z,10-Apr-2026,12:00:41,0.7804,1
Black-capped Chickadee,Poecile atricapillus,2026-04-10T18:58:28Z,10-Apr-2026,11:58:28,0.59,1
House Finch,Haemorhous mexicanus,2026-04-10T18:57:47Z,10-Apr-2026,11:57:47,0.7804,1
Dark-eyed Junco,Junco hyemalis,2026-04-10T18:43:31Z,10-Apr-2026,11:43:31,0.7804,1
American Crow,Corvus brachyrhynchos,2026-04-10T18:43:06Z,10-Apr-2026,11:43:06,0.898,1
Chestnut-backed Chickadee,Poecile rufescens,2026-04-10T18:40:43Z,10-Apr-2026,11:40:43,0.8745,6
Dark-eyed Junco,Junco hyemalis,2026-04-10T18:40:19Z,10-Apr-2026,11:40:19,0.26,1
Chestnut-backed Chickadee,Poecile rufescens,2026-04-10T18:39:10Z,10-Apr-2026,11:39:10,0.7804,1
Downy Woodpecker,Dryobates pubescens,2026-04-10T18:39:03Z,10-Apr-2026,11:39:03,0.36,1
Orange-crowned Warbler,Leiothlypis celata,2026-04-10T18:38:36Z,10-Apr-2026,11:38:36,0.36,1
American Crow,Corvus brachyrhynchos,2026-04-10T18:38:13Z,10-Apr-2026,11:38:13,0.36,1
American Crow,Corvus brachyrhynchos,2026-04-10T18:36:54Z,10-Apr-2026,11:36:54,0.8157,1
Black-capped Chickadee,Poecile atricapillus,2026-04-10T18:36:28Z,10-Apr-2026,11:36:28,0.8471,2
Black-capped Chickadee,Poecile atricapillus,2026-04-10T18:36:14Z,10-Apr-2026,11:36:14,0.48,1
Black-capped Chickadee,Poecile atricapillus,2026-04-10T18:35:39Z,10-Apr-2026,11:35:39,0.28,1
Black-capped Chickadee,Poecile atricapillus,2026-04-10T18:35:31Z,10-Apr-2026,11:35:31,0.33,1
Black-capped Chickadee,Poecile atricapillus,2026-04-10T18:35:20Z,10-Apr-2026,11:35:20,0.54,1
Black-capped Chickadee,Poecile atricapillus,2026-04-10T18:34:59Z,10-Apr-2026,11:34:59,0.28,1
Black-capped Chickadee,Poecile atricapillus,2026-04-10T18:34:52Z,10-Apr-2026,11:34:52,0.5,1
American Robin,Turdus migratorius,2026-04-10T18:33:08Z,10-Apr-2026,11:33:08,0.8314,1
Chestnut-backed Chickadee,Poecile rufescens,2026-04-10T18:32:43Z,10-Apr-2026,11:32:43,0.34,1
Chestnut-backed Chickadee,Poecile rufescens,2026-04-10T18:32:39Z,10-Apr-2026,11:32:39,0.7804,1
Black-capped Chickadee,Poecile atricapillus,2026-04-10T18:31:31Z,10-Apr-2026,11:31:31,0.29,1
White-crowned Sparrow,Zonotrichia leucophrys,2026-04-10T18:31:13Z,10-Apr-2026,11:31:13,0.48,1
White-crowned Sparrow,Zonotrichia leucophrys,2026-04-10T18:30:51Z,10-Apr-2026,11:30:51,0.51,1
Black-capped Chickadee,Poecile atricapillus,2026-04-10T18:30:02Z,10-Apr-2026,11:30:02,0.61,1
House Finch,Haemorhous mexicanus,2026-04-10T18:29:58Z,10-Apr-2026,11:29:58,0.8,1
Black-capped Chickadee,Poecile atricapillus,2026-04-10T18:29:02Z,10-Apr-2026,11:29:02,0.32,1
Black-capped Chickadee,Poecile atricapillus,2026-04-10T18:28:19Z,10-Apr-2026,11:28:19,0.8745,1
Dark-eyed Junco,Junco hyemalis,2026-04-10T18:26:20Z,10-Apr-2026,11:26:20,0.55,1
House Finch,Haemorhous mexicanus,2026-04-10T18:26:07Z,10-Apr-2026,11:26:07,0.9098,1
House Finch,Haemorhous mexicanus,2026-04-10T18:25:06Z,10-Apr-2026,11:25:06,0.3,1
House Finch,Haemorhous mexicanus,2026-04-10T18:24:58Z,10-Apr-2026,11:24:58,0.28,1
Black-capped Chickadee,Poecile atricapillus,2026-04-10T18:24:35Z,10-Apr-2026,11:24:35,0.4,1
Black-capped Chickadee,Poecile atricapillus,2026-04-10T18:24:21Z,10-Apr-2026,11:24:21,0.8314,5
Black-capped Chickadee,Poecile atricapillus,2026-04-10T18:23:02Z,10-Apr-2026,11:23:02,0.8471,1
Black-capped Chickadee,Poecile atricapillus,2026-04-10T18:22:55Z,10-Apr-2026,11:22:55,0.28,1
Black-capped Chickadee,Poecile atricapillus,2026-04-10T18:22:47Z,10-Apr-2026,11:22:47,0.29,1
Black-capped Chickadee,Poecile atricapillus,2026-04-10T18:22:40Z,10-Apr-2026,11:22:40,0.3,1
House Finch,Haemorhous mexicanus,2026-04-10T18:22:16Z,10-Apr-2026,11:22:16,0.7804,1
American Crow,Corvus brachyrhynchos,2026-04-10T18:20:57Z,10-Apr-2026,11:20:57,0.33,1
Steller's Jay,Cyanocitta stelleri,2026-04-10T18:20:28Z,10-Apr-2026,11:20:28,0.44,1
American Crow,Corvus brachyrhynchos,2026-04-10T18:18:24Z,10-Apr-2026,11:18:24,0.8471,1
Black-capped Chickadee,Poecile atricapillus,2026-04-10T18:17:10Z,10-Apr-2026,11:17:10,0.8,1
American Crow,Corvus brachyrhynchos,2026-04-10T18:15:05Z,10-Apr-2026,11:15:05,0.7804,1
Black-capped Chickadee,Poecile atricapillus,2026-04-10T18:14:58Z,10-Apr-2026,11:14:58,0.32,1
American Crow,Corvus brachyrhynchos,2026-04-10T18:12:59Z,10-Apr-2026,11:12:59,0.8314,1
Dark-eyed Junco,Junco hyemalis,2026-04-10T18:08:33Z,10-Apr-2026,11:08:33,0.8314,1
Golden-crowned Kinglet,Regulus satrapa,2026-04-10T18:07:57Z,10-Apr-2026,11:07:57,0.33,1
Downy Woodpecker,Dryobates pubescens,2026-04-10T18:06:17Z,10-Apr-2026,11:06:17,0.36,1
Chestnut-backed Chickadee,Poecile rufescens,2026-04-10T18:06:10Z,10-Apr-2026,11:06:10,0.7804,1
Black-capped Chickadee,Poecile atricapillus,2026-04-10T18:05:35Z,10-Apr-2026,11:05:35,0.7804,1
Dark-eyed Junco,Junco hyemalis,2026-04-10T18:02:45Z,10-Apr-2026,11:02:45,0.8157,1
Steller's Jay,Cyanocitta stelleri,2026-04-10T18:02:19Z,10-Apr-2026,11:02:19,0.77,1
Steller's Jay,Cyanocitta stelleri,2026-04-10T17:59:55Z,10-Apr-2026,10:59:55,0.8157,1
Gadwall,Mareca strepera,2026-04-10T17:55:59Z,10-Apr-2026,10:55:59,0.82,1
Dark-eyed Junco,Junco hyemalis,2026-04-10T17:53:52Z,10-Apr-2026,10:53:52,0.61,1
Dark-eyed Junco,Junco hyemalis,2026-04-10T17:53:29Z,10-Apr-2026,10:53:29,0.3,1
Dark-eyed Junco,Junco hyemalis,2026-04-10T17:53:22Z,10-Apr-2026,10:53:22,0.51,1
Dark-eyed Junco,Junco hyemalis,2026-04-10T17:53:06Z,10-Apr-2026,10:53:06,0.8471,1
Dark-eyed Junco,Junco hyemalis,2026-04-10T17:46:11Z,10-Apr-2026,10:46:11,0.63,1
American Robin,Turdus migratorius,2026-04-10T17:44:55Z,10-Apr-2026,10:44:55,0.7804,1
Steller's Jay,Cyanocitta stelleri,2026-04-10T17:39:48Z,10-Apr-2026,10:39:48,0.31,1
Steller's Jay,Cyanocitta stelleri,2026-04-10T17:39:27Z,10-Apr-2026,10:39:27,0.898,1
Dark-eyed Junco,Junco hyemalis,2026-04-10T17:36:29Z,10-Apr-2026,10:36:29,0.8863,1
Dark-eyed Junco,Junco hyemalis,2026-04-10T17:35:46Z,10-Apr-2026,10:35:46,0.34,1
American Robin,Turdus migratorius,2026-04-10T17:35:23Z,10-Apr-2026,10:35:23,0.29,1
American Robin,Turdus migratorius,2026-04-10T17:35:08Z,10-Apr-2026,10:35:08,0.27,1
Black-capped Chickadee,Poecile atricapillus,2026-04-10T17:32:47Z,10-Apr-2026,10:32:47,0.8,3
Mountain Chickadee,Poecile gambeli,2026-04-10T17:31:50Z,10-Apr-2026,10:31:50,0.37,1
Black-capped Chickadee,Poecile atricapillus,2026-04-10T17:31:43Z,10-Apr-2026,10:31:43,0.8627,1
Dark-eyed Junco,Junco hyemalis,2026-04-10T17:30:41Z,10-Apr-2026,10:30:41,0.8,1
American Crow,Corvus brachyrhynchos,2026-04-10T17:29:22Z,10-Apr-2026,10:29:22,0.8863,1
House Finch,Haemorhous mexicanus,2026-04-10T17:28:14Z,10-Apr-2026,10:28:14,0.8745,3
House Finch,Haemorhous mexicanus,2026-04-10T17:26:23Z,10-Apr-2026,10:26:23,0.8471,1
Dark-eyed Junco,Junco hyemalis,2026-04-10T17:25:52Z,10-Apr-2026,10:25:52,0.3,1
House Finch,Haemorhous mexicanus,2026-04-10T17:25:10Z,10-Apr-2026,10:25:10,0.8157,1
House Finch,Haemorhous mexicanus,2026-04-10T17:24:52Z,10-Apr-2026,10:24:52,0.34,1
Bewick's Wren,Thryomanes bewickii,2026-04-10T17:21:29Z,10-Apr-2026,10:21:29,0.39,1
American Crow,Corvus brachyrhynchos,2026-04-10T17:18:18Z,10-Apr-2026,10:18:18,0.36,1
Black-capped Chickadee,Poecile atricapillus,2026-04-10T17:16:39Z,10-Apr-2026,10:16:39,0.42,1
American Robin,Turdus migratorius,2026-04-10T17:15:51Z,10-Apr-2026,10:15:51,0.8745,4
American Robin,Turdus migratorius,2026-04-10T17:14:10Z,10-Apr-2026,10:14:10,0.35,1
Steller's Jay,Cyanocitta stelleri,2026-04-10T17:12:30Z,10-Apr-2026,10:12:30,0.3,1
Dark-eyed Junco,Junco hyemalis,2026-04-10T17:12:15Z,10-Apr-2026,10:12:15,0.38,1
Steller's Jay,Cyanocitta stelleri,2026-04-10T17:11:46Z,10-Apr-2026,10:11:46,0.64,1
Steller's Jay,Cyanocitta stelleri,2026-04-10T17:11:26Z,10-Apr-2026,10:11:26,0.67,1
Steller's Jay,Cyanocitta stelleri,2026-04-10T17:11:01Z,10-Apr-2026,10:11:01,0.77,1
Steller's Jay,Cyanocitta stelleri,2026-04-10T17:10:57Z,10-Apr-2026,10:10:57,0.9098,1
American Robin,Turdus migratorius,2026-04-10T17:10:51Z,10-Apr-2026,10:10:51,0.9333,2
American Robin,Turdus migratorius,2026-04-10T17:09:39Z,10-Apr-2026,10:09:39,0.8,2
Yellow-rumped Warbler,Setophaga coronata,2026-04-10T17:08:54Z,10-Apr-2026,10:08:54,0.37,1
Black-capped Chickadee,Poecile atricapillus,2026-04-10T17:06:49Z,10-Apr-2026,10:06:49,0.8,1
Dark-eyed Junco,Junco hyemalis,2026-04-10T17:06:00Z,10-Apr-2026,10:06:00,0.26,1
American Robin,Turdus migratorius,2026-04-10T17:05:52Z,10-Apr-2026,10:05:52,0.29,1
American Robin,Turdus migratorius,2026-04-10T17:05:36Z,10-Apr-2026,10:05:36,0.8,1
American Crow,Corvus brachyrhynchos,2026-04-10T17:03:59Z,10-Apr-2026,10:03:59,0.9176,1
Black-capped Chickadee,Poecile atricapillus,2026-04-10T17:03:13Z,10-Apr-2026,10:03:13,0.8314,5
Black-capped Chickadee,Poecile atricapillus,2026-04-10T17:02:53Z,10-Apr-2026,10:02:53,0.34,1
Steller's Jay,Cyanocitta stelleri,2026-04-10T17:02:33Z,10-Apr-2026,10:02:33,0.8157,2
Steller's Jay,Cyanocitta stelleri,2026-04-10T17:02:29Z,10-Apr-2026,10:02:29,0.3,1
Steller's Jay,Cyanocitta stelleri,2026-04-10T17:01:31Z,10-Apr-2026,10:01:31,0.9333,1
Black-capped Chickadee,Poecile atricapillus,2026-04-10T17:01:09Z,10-Apr-2026,10:01:09,0.32,1
Black-capped Chickadee,Poecile atricapillus,2026-04-10T17:00:26Z,10-Apr-2026,10:00:26,0.27,1
Black-capped Chickadee,Poecile atricapillus,2026-04-10T16:59:59Z,10-Apr-2026,09:59:59,0.4,1
Black-capped Chickadee,Poecile atricapillus,2026-04-10T16:59:47Z,10-Apr-2026,09:59:47,0.8745,1
Ruby-crowned Kinglet,Corthylio calendula,2026-04-10T16:59:38Z,10-Apr-2026,09:59:38,0.26,1
Ruby-crowned Kinglet,Corthylio calendula,2026-04-10T16:59:30Z,10-Apr-2026,09:59:30,0.35,1
Ruby-crowned Kinglet,Corthylio calendula,2026-04-10T16:59:23Z,10-Apr-2026,09:59:23,0.67,1
Ruby-crowned Kinglet,Corthylio calendula,2026-04-10T16:59:16Z,10-Apr-2026,09:59:16,0.99,1
Ruby-crowned Kinglet,Corthylio calendula,2026-04-10T16:58:53Z,10-Apr-2026,09:58:53,0.95,1
Black-capped Chickadee,Poecile atricapillus,2026-04-10T16:57:35Z,10-Apr-2026,09:57:35,0.8471,5
Black-capped Chickadee,Poecile atricapillus,2026-04-10T16:56:58Z,10-Apr-2026,09:56:58,0.35,1
Black-capped Chickadee,Poecile atricapillus,2026-04-10T16:56:47Z,10-Apr-2026,09:56:47,0.32,1
Black-capped Chickadee,Poecile atricapillus,2026-04-10T16:56:06Z,10-Apr-2026,09:56:06,0.7804,4
Black-capped Chickadee,Poecile atricapillus,2026-04-10T16:55:52Z,10-Apr-2026,09:55:52,0.47,1
Black-capped Chickadee,Poecile atricapillus,2026-04-10T16:55:29Z,10-Apr-2026,09:55:29,0.75,1
Black-capped Chickadee,Poecile atricapillus,2026-04-10T16:54:51Z,10-Apr-2026,09:54:51,0.8157,1
Steller's Jay,Cyanocitta stelleri,2026-04-10T16:54:46Z,10-Apr-2026,09:54:46,0.8157,3
Steller's Jay,Cyanocitta stelleri,2026-04-10T16:52:48Z,10-Apr-2026,09:52:48,0.8314,1
Steller's Jay,Cyanocitta stelleri,2026-04-10T16:52:35Z,10-Apr-2026,09:52:35,0.65,1
American Robin,Turdus migratorius,2026-04-10T16:52:31Z,10-Apr-2026,09:52:31,0.8627,1
American Robin,Turdus migratorius,2026-04-10T16:51:48Z,10-Apr-2026,09:51:48,0.4,1
American Robin,Turdus migratorius,2026-04-10T16:51:12Z,10-Apr-2026,09:51:12,0.9176,7
American Robin,Turdus migratorius,2026-04-10T16:51:06Z,10-Apr-2026,09:51:06,0.68,1
American Robin,Turdus migratorius,2026-04-10T16:50:58Z,10-Apr-2026,09:50:58,0.33,1
American Robin,Turdus migratorius,2026-04-10T16:50:44Z,10-Apr-2026,09:50:44,0.49,1
American Robin,Turdus migratorius,2026-04-10T16:50:23Z,10-Apr-2026,09:50:23,0.4,1
American Robin,Turdus migratorius,2026-04-10T16:49:58Z,10-Apr-2026,09:49:58,0.8157,8
American Robin,Turdus migratorius,2026-04-10T16:49:51Z,10-Apr-2026,09:49:51,0.46,1
American Robin,Turdus migratorius,2026-04-10T16:48:55Z,10-Apr-2026,09:48:55,0.898,2
American Robin,Turdus migratorius,2026-04-10T16:48:47Z,10-Apr-2026,09:48:47,0.27,1
American Robin,Turdus migratorius,2026-04-10T16:48:41Z,10-Apr-2026,09:48:41,0.32,1
Ruby-crowned Kinglet,Corthylio calendula,2026-04-10T16:48:06Z,10-Apr-2026,09:48:06,0.26,1
American Robin,Turdus migratorius,2026-04-10T16:47:24Z,10-Apr-2026,09:47:24,0.8863,1
Steller's Jay,Cyanocitta stelleri,2026-04-10T16:47:17Z,10-Apr-2026,09:47:17,0.54,1
American Robin,Turdus migratorius,2026-04-10T16:44:15Z,10-Apr-2026,09:44:15,0.8314,4
American Robin,Turdus migratorius,2026-04-10T16:44:03Z,10-Apr-2026,09:44:03,0.5,1
American Robin,Turdus migratorius,2026-04-10T16:43:39Z,10-Apr-2026,09:43:39,0.33,1
American Robin,Turdus migratorius,2026-04-10T16:43:09Z,10-Apr-2026,09:43:09,0.8314,5
American Robin,Turdus migratorius,2026-04-10T16:43:05Z,10-Apr-2026,09:43:05,0.41,1
American Robin,Turdus migratorius,2026-04-10T16:42:49Z,10-Apr-2026,09:42:49,0.26,1
American Robin,Turdus migratorius,2026-04-10T16:42:27Z,10-Apr-2026,09:42:27,0.27,1
American Robin,Turdus migratorius,2026-04-10T16:42:06Z,10-Apr-2026,09:42:06,0.33,1
American Robin,Turdus migratorius,2026-04-10T16:41:59Z,10-Apr-2026,09:41:59,0.28,1
American Robin,Turdus migratorius,2026-04-10T16:41:52Z,10-Apr-2026,09:41:52,0.33,1
American Robin,Turdus migratorius,2026-04-10T16:41:38Z,10-Apr-2026,09:41:38,0.28,1
American Robin,Turdus migratorius,2026-04-10T16:41:09Z,10-Apr-2026,09:41:09,0.8745,8
House Finch,Haemorhous mexicanus,2026-04-10T16:40:08Z,10-Apr-2026,09:40:08,0.31,1
American Robin,Turdus migratorius,2026-04-10T16:40:04Z,10-Apr-2026,09:40:04,0.8863,4
American Robin,Turdus migratorius,2026-04-10T16:39:52Z,10-Apr-2026,09:39:52,0.32,1
American Robin,Turdus migratorius,2026-04-10T16:39:45Z,10-Apr-2026,09:39:45,0.54,1
American Robin,Turdus migratorius,2026-04-10T16:39:34Z,10-Apr-2026,09:39:34,0.42,1
American Robin,Turdus migratorius,2026-04-10T16:38:59Z,10-Apr-2026,09:38:59,0.8157,2
American Robin,Turdus migratorius,2026-04-10T16:38:36Z,10-Apr-2026,09:38:36,0.36,1
American Robin,Turdus migratorius,2026-04-10T16:38:21Z,10-Apr-2026,09:38:21,0.32,1
American Robin,Turdus migratorius,2026-04-10T16:38:03Z,10-Apr-2026,09:38:03,0.42,1
American Robin,Turdus migratorius,2026-04-10T16:37:46Z,10-Apr-2026,09:37:46,0.58,1
American Robin,Turdus migratorius,2026-04-10T16:37:23Z,10-Apr-2026,09:37:23,0.8471,7
House Finch,Haemorhous mexicanus,2026-04-10T16:37:18Z,10-Apr-2026,09:37:18,0.31,1
American Robin,Turdus migratorius,2026-04-10T16:36:05Z,10-Apr-2026,09:36:05,0.9098,1
American Robin,Turdus migratorius,2026-04-10T16:36:00Z,10-Apr-2026,09:36:00,0.33,1
American Robin,Turdus migratorius,2026-04-10T16:34:41Z,10-Apr-2026,09:34:41,0.7804,2
House Finch,Haemorhous mexicanus,2026-04-10T16:33:14Z,10-Apr-2026,09:33:14,0.8863,1
American Robin,Turdus migratorius,2026-04-10T16:32:45Z,10-Apr-2026,09:32:45,0.8157,1
House Finch,Haemorhous mexicanus,2026-04-10T16:31:54Z,10-Apr-2026,09:31:54,0.33,1
American Robin,Turdus migratorius,2026-04-10T16:31:38Z,10-Apr-2026,09:31:38,0.8471,1
Mourning Dove,Zenaida macroura,2026-04-10T16:30:56Z,10-Apr-2026,09:30:56,0.6,1
American Goldfinch,Spinus tristis,2026-04-10T16:28:52Z,10-Apr-2026,09:28:52,0.67,1
American Goldfinch,Spinus tristis,2026-04-10T16:28:40Z,10-Apr-2026,09:28:40,0.8314,1
Dark-eyed Junco,Junco hyemalis,2026-04-10T16:28:01Z,10-Apr-2026,09:28:01,0.8157,1
House Finch,Haemorhous mexicanus,2026-04-10T16:24:31Z,10-Apr-2026,09:24:31,0.3,1
House Finch,Haemorhous mexicanus,2026-04-10T16:24:02Z,10-Apr-2026,09:24:02,0.59,1
House Finch,Haemorhous mexicanus,2026-04-10T16:23:44Z,10-Apr-2026,09:23:44,0.8,1
House Finch,Haemorhous mexicanus,2026-04-10T16:23:39Z,10-Apr-2026,09:23:39,0.26,1
Song Sparrow,Melospiza melodia,2026-04-10T16:22:01Z,10-Apr-2026,09:22:01,0.8,1
Steller's Jay,Cyanocitta stelleri,2026-04-10T16:18:39Z,10-Apr-2026,09:18:39,0.9098,1
House Finch,Haemorhous mexicanus,2026-04-10T16:14:57Z,10-Apr-2026,09:14:57,0.7804,1
American Robin,Turdus migratorius,2026-04-10T16:14:12Z,10-Apr-2026,09:14:12,0.7804,1
Song Sparrow,Melospiza melodia,2026-04-10T16:13:03Z,10-Apr-2026,09:13:03,0.9255,2
Song Sparrow,Melospiza melodia,2026-04-10T16:11:57Z,10-Apr-2026,09:11:57,0.9098,1
Song Sparrow,Melospiza melodia,2026-04-10T16:10:39Z,10-Apr-2026,09:10:39,0.8157,1
Violet-green Swallow,Tachycineta thalassina,2026-04-10T16:09:00Z,10-Apr-2026,09:09:00,0.87,1
Violet-green Swallow,Tachycineta thalassina,2026-04-10T16:08:49Z,10-Apr-2026,09:08:49,0.48,1
Steller's Jay,Cyanocitta stelleri,2026-04-10T16:07:21Z,10-Apr-2026,09:07:21,0.42,1
Steller's Jay,Cyanocitta stelleri,2026-04-10T16:06:25Z,10-Apr-2026,09:06:25,0.9176,1
Downy Woodpecker,Dryobates pubescens,2026-04-10T16:03:43Z,10-Apr-2026,09:03:43,0.8471,1
Mountain Chickadee,Poecile gambeli,2026-04-10T16:01:24Z,10-Apr-2026,09:01:24,0.3,1
Black-capped Chickadee,Poecile atricapillus,2026-04-10T16:00:49Z,10-Apr-2026,09:00:49,0.7804,2
House Finch,Haemorhous mexicanus,2026-04-10T16:00:16Z,10-Apr-2026,09:00:16,0.35,1
House Finch,Haemorhous mexicanus,2026-04-10T16:00:12Z,10-Apr-2026,09:00:12,0.8627,2
House Finch,Haemorhous mexicanus,2026-04-10T15:58:40Z,10-Apr-2026,08:58:40,0.9412,1
Black-capped Chickadee,Poecile atricapillus,2026-04-10T15:57:15Z,10-Apr-2026,08:57:15,0.8314,1
Black-capped Chickadee,Poecile atricapillus,2026-04-10T15:57:04Z,10-Apr-2026,08:57:04,0.27,1
Black-capped Chickadee,Poecile atricapillus,2026-04-10T15:56:13Z,10-Apr-2026,08:56:13,0.45,1
American Robin,Turdus migratorius,2026-04-10T15:54:23Z,10-Apr-2026,08:54:23,0.8157,4
Ruby-crowned Kinglet,Corthylio calendula,2026-04-10T15:52:38Z,10-Apr-2026,08:52:38,0.28,1
American Robin,Turdus migratorius,2026-04-10T15:52:18Z,10-Apr-2026,08:52:18,0.8627,8
American Robin,Turdus migratorius,2026-04-10T15:51:56Z,10-Apr-2026,08:51:56,0.32,1
Ruby-crowned Kinglet,Corthylio calendula,2026-04-10T15:51:32Z,10-Apr-2026,08:51:32,0.47,1
American Robin,Turdus migratorius,2026-04-10T15:51:11Z,10-Apr-2026,08:51:11,0.8,11
American Robin,Turdus migratorius,2026-04-10T15:49:23Z,10-Apr-2026,08:49:23,0.9647,1
House Finch,Haemorhous mexicanus,2026-04-10T15:48:54Z,10-Apr-2026,08:48:54,0.46,1
Black-capped Chickadee,Poecile atricapillus,2026-04-10T15:48:40Z,10-Apr-2026,08:48:40,0.28,1
Black-capped Chickadee,Poecile atricapillus,2026-04-10T15:48:27Z,10-Apr-2026,08:48:27,0.8,6
Black-capped Chickadee,Poecile atricapillus,2026-04-10T15:48:20Z,10-Apr-2026,08:48:20,0.33,1
Bewick's Wren,Thryomanes bewickii,2026-04-10T15:48:13Z,10-Apr-2026,08:48:13,0.26,1
Black-capped Chickadee,Poecile atricapillus,2026-04-10T15:47:58Z,10-Apr-2026,08:47:58,0.51,1
Black-capped Chickadee,Poecile atricapillus,2026-04-10T15:47:24Z,10-Apr-2026,08:47:24,0.8471,1
Bewick's Wren,Thryomanes bewickii,2026-04-10T15:46:39Z,10-Apr-2026,08:46:39,0.68,1
Bewick's Wren,Thryomanes bewickii,2026-04-10T15:46:15Z,10-Apr-2026,08:46:15,0.41,1
Bewick's Wren,Thryomanes bewickii,2026-04-10T15:46:09Z,10-Apr-2026,08:46:09,0.46,1
Bewick's Wren,Thryomanes bewickii,2026-04-10T15:46:01Z,10-Apr-2026,08:46:01,0.7,1
Bewick's Wren,Thryomanes bewickii,2026-04-10T15:44:13Z,10-Apr-2026,08:44:13,0.3,1
Bald Eagle,Haliaeetus leucocephalus,2026-04-10T15:44:02Z,10-Apr-2026,08:44:02,0.45,1
Bewick's Wren,Thryomanes bewickii,2026-04-10T15:41:55Z,10-Apr-2026,08:41:55,0.57,1
Bewick's Wren,Thryomanes bewickii,2026-04-10T15:41:48Z,10-Apr-2026,08:41:48,0.5,1
Bewick's Wren,Thryomanes bewickii,2026-04-10T15:41:41Z,10-Apr-2026,08:41:41,0.75,1
Bewick's Wren,Thryomanes bewickii,2026-04-10T15:41:33Z,10-Apr-2026,08:41:33,0.3,1
Black-capped Chickadee,Poecile atricapillus,2026-04-10T15:41:27Z,10-Apr-2026,08:41:27,0.7,1
Black-capped Chickadee,Poecile atricapillus,2026-04-10T15:41:22Z,10-Apr-2026,08:41:22,0.8471,1
Black-capped Chickadee,Poecile atricapillus,2026-04-10T15:41:03Z,10-Apr-2026,08:41:03,0.28,1
Bewick's Wren,Thryomanes bewickii,2026-04-10T15:40:50Z,10-Apr-2026,08:40:50,0.44,1
Bewick's Wren,Thryomanes bewickii,2026-04-10T15:40:38Z,10-Apr-2026,08:40:38,0.97,1
Bewick's Wren,Thryomanes bewickii,2026-04-10T15:40:20Z,10-Apr-2026,08:40:20,0.56,1
Black-capped Chickadee,Poecile atricapillus,2026-04-10T15:40:07Z,10-Apr-2026,08:40:07,0.8,1
Bewick's Wren,Thryomanes bewickii,2026-04-10T15:39:22Z,10-Apr-2026,08:39:22,0.37,1
Bewick's Wren,Thryomanes bewickii,2026-04-10T15:38:57Z,10-Apr-2026,08:38:57,0.61,1
American Robin,Turdus migratorius,2026-04-10T15:38:53Z,10-Apr-2026,08:38:53,0.7804,4
American Robin,Turdus migratorius,2026-04-10T15:38:19Z,10-Apr-2026,08:38:19,0.3,1
Bewick's Wren,Thryomanes bewickii,2026-04-10T15:38:09Z,10-Apr-2026,08:38:09,0.48,1
American Robin,Turdus migratorius,2026-04-10T15:38:02Z,10-Apr-2026,08:38:02,0.26,1
American Robin,Turdus migratorius,2026-04-10T15:37:39Z,10-Apr-2026,08:37:39,0.8745,1
Bewick's Wren,Thryomanes bewickii,2026-04-10T15:37:34Z,10-Apr-2026,08:37:34,0.6,1
Bewick's Wren,Thryomanes bewickii,2026-04-10T15:37:20Z,10-Apr-2026,08:37:20,0.57,1
Bewick's Wren,Thryomanes bewickii,2026-04-10T15:37:13Z,10-Apr-2026,08:37:13,0.81,1
Bewick's Wren,Thryomanes bewickii,2026-04-10T15:37:06Z,10-Apr-2026,08:37:06,0.3,1
Bewick's Wren,Thryomanes bewickii,2026-04-10T15:36:59Z,10-Apr-2026,08:36:59,0.79,1
Bewick's Wren,Thryomanes bewickii,2026-04-10T15:36:52Z,10-Apr-2026,08:36:52,0.83,1
Bewick's Wren,Thryomanes bewickii,2026-04-10T15:36:14Z,10-Apr-2026,08:36:14,0.52,1
Bewick's Wren,Thryomanes bewickii,2026-04-10T15:36:08Z,10-Apr-2026,08:36:08,0.32,1
Bewick's Wren,Thryomanes bewickii,2026-04-10T15:36:00Z,10-Apr-2026,08:36:00,0.33,1
Downy Woodpecker,Dryobates pubescens,2026-04-10T15:35:52Z,10-Apr-2026,08:35:52,0.31,1
Bewick's Wren,Thryomanes bewickii,2026-04-10T15:35:47Z,10-Apr-2026,08:35:47,0.7,1
Bewick's Wren,Thryomanes bewickii,2026-04-10T15:35:37Z,10-Apr-2026,08:35:37,0.6,1
Black-capped Chickadee,Poecile atricapillus,2026-04-10T15:35:23Z,10-Apr-2026,08:35:23,0.9412,1
Bewick's Wren,Thryomanes bewickii,2026-04-10T15:35:18Z,10-Apr-2026,08:35:18,0.36,1
Bewick's Wren,Thryomanes bewickii,2026-04-10T15:35:03Z,10-Apr-2026,08:35:03,0.28,1
Bewick's Wren,Thryomanes bewickii,2026-04-10T15:34:56Z,10-Apr-2026,08:34:56,0.59,1
American Robin,Turdus migratorius,2026-04-10T15:34:44Z,10-Apr-2026,08:34:44,0.8314,1
Bewick's Wren,Thryomanes bewickii,2026-04-10T15:34:18Z,10-Apr-2026,08:34:18,0.34,1
Bewick's Wren,Thryomanes bewickii,2026-04-10T15:33:35Z,10-Apr-2026,08:33:35,0.96,1
Bewick's Wren,Thryomanes bewickii,2026-04-10T15:33:20Z,10-Apr-2026,08:33:20,0.93,1
Bewick's Wren,Thryomanes bewickii,2026-04-10T15:33:12Z,10-Apr-2026,08:33:12,0.98,1
Bewick's Wren,Thryomanes bewickii,2026-04-10T15:33:05Z,10-Apr-2026,08:33:05,0.95,1
Bewick's Wren,Thryomanes bewickii,2026-04-10T15:32:50Z,10-Apr-2026,08:32:50,0.97,1
Bewick's Wren,Thryomanes bewickii,2026-04-10T15:32:45Z,10-Apr-2026,08:32:45,0.98,1
Bewick's Wren,Thryomanes bewickii,2026-04-10T15:32:37Z,10-Apr-2026,08:32:37,0.97,1
Bewick's Wren,Thryomanes bewickii,2026-04-10T15:32:29Z,10-Apr-2026,08:32:29,0.81,1
Bewick's Wren,Thryomanes bewickii,2026-04-10T15:32:12Z,10-Apr-2026,08:32:12,0.99,1
Steller's Jay,Cyanocitta stelleri,2026-04-10T15:32:08Z,10-Apr-2026,08:32:08,0.8863,1
Bewick's Wren,Thryomanes bewickii,2026-04-10T15:31:54Z,10-Apr-2026,08:31:54,0.41,1
Bewick's Wren,Thryomanes bewickii,2026-04-10T15:31:48Z,10-Apr-2026,08:31:48,0.99,1
Ruby-crowned Kinglet,Corthylio calendula,2026-04-10T15:31:33Z,10-Apr-2026,08:31:33,0.96,1
Bewick's Wren,Thryomanes bewickii,2026-04-10T15:31:20Z,10-Apr-2026,08:31:20,0.97,1
Bewick's Wren,Thryomanes bewickii,2026-04-10T15:31:10Z,10-Apr-2026,08:31:10,0.95,1
Bewick's Wren,Thryomanes bewickii,2026-04-10T15:31:02Z,10-Apr-2026,08:31:02,0.53,1
Ruby-crowned Kinglet,Corthylio calendula,2026-04-10T15:30:52Z,10-Apr-2026,08:30:52,0.61,1
Bewick's Wren,Thryomanes bewickii,2026-04-10T15:30:38Z,10-Apr-2026,08:30:38,0.75,1
Bewick's Wren,Thryomanes bewickii,2026-04-10T15:30:31Z,10-Apr-2026,08:30:31,0.59,1
Ruby-crowned Kinglet,Corthylio calendula,2026-04-10T15:28:47Z,10-Apr-2026,08:28:47,0.57,1
Ruby-crowned Kinglet,Corthylio calendula,2026-04-10T15:28:02Z,10-Apr-2026,08:28:02,0.68,1
Ruby-crowned Kinglet,Corthylio calendula,2026-04-10T15:27:55Z,10-Apr-2026,08:27:55,0.92,1
Ruby-crowned Kinglet,Corthylio calendula,2026-04-10T15:27:48Z,10-Apr-2026,08:27:48,0.97,1
Ruby-crowned Kinglet,Corthylio calendula,2026-04-10T15:27:27Z,10-Apr-2026,08:27:27,0.99,1
Ruby-crowned Kinglet,Corthylio calendula,2026-04-10T15:27:20Z,10-Apr-2026,08:27:20,0.99,1
Ruby-crowned Kinglet,Corthylio calendula,2026-04-10T15:27:13Z,10-Apr-2026,08:27:13,0.97,1
Ruby-crowned Kinglet,Corthylio calendula,2026-04-10T15:26:59Z,10-Apr-2026,08:26:59,0.58,1
Ruby-crowned Kinglet,Corthylio calendula,2026-04-10T15:26:30Z,10-Apr-2026,08:26:30,0.85,1
Ruby-crowned Kinglet,Corthylio calendula,2026-04-10T15:26:22Z,10-Apr-2026,08:26:22,0.79,1
Ruby-crowned Kinglet,Corthylio calendula,2026-04-10T15:26:15Z,10-Apr-2026,08:26:15,0.38,1
Ruby-crowned Kinglet,Corthylio calendula,2026-04-10T15:26:08Z,10-Apr-2026,08:26:08,0.88,1
Ruby-crowned Kinglet,Corthylio calendula,2026-04-10T15:26:00Z,10-Apr-2026,08:26:00,0.29,1
Ruby-crowned Kinglet,Corthylio calendula,2026-04-10T15:25:53Z,10-Apr-2026,08:25:53,0.35,1
Ruby-crowned Kinglet,Corthylio calendula,2026-04-10T15:25:45Z,10-Apr-2026,08:25:45,0.95,1
Ruby-crowned Kinglet,Corthylio calendula,2026-04-10T15:25:38Z,10-Apr-2026,08:25:38,0.92,1
House Finch,Haemorhous mexicanus,2026-04-10T15:25:25Z,10-Apr-2026,08:25:25,0.9098,3
House Finch,Haemorhous mexicanus,2026-04-10T15:24:00Z,10-Apr-2026,08:24:00,0.8157,1
American Robin,Turdus migratorius,2026-04-10T15:22:36Z,10-Apr-2026,08:22:36,0.8157,1
American Robin,Turdus migratorius,2026-04-10T15:22:08Z,10-Apr-2026,08:22:08,0.28,1
American Robin,Turdus migratorius,2026-04-10T15:20:22Z,10-Apr-2026,08:20:22,0.7804,1
American Robin,Turdus migratorius,2026-04-10T15:18:37Z,10-Apr-2026,08:18:37,0.33,1
House Finch,Haemorhous mexicanus,2026-04-10T15:18:30Z,10-Apr-2026,08:18:30,0.898,3
American Robin,Turdus migratorius,2026-04-10T15:18:19Z,10-Apr-2026,08:18:19,0.26,1
House Finch,Haemorhous mexicanus,2026-04-10T15:17:54Z,10-Apr-2026,08:17:54,0.43,1
House Finch,Haemorhous mexicanus,2026-04-10T15:17:27Z,10-Apr-2026,08:17:27,0.898,2
American Crow,Corvus brachyrhynchos,2026-04-10T15:16:42Z,10-Apr-2026,08:16:42,0.8,1
House Finch,Haemorhous mexicanus,2026-04-10T15:15:47Z,10-Apr-2026,08:15:47,0.8314,6
House Finch,Haemorhous mexicanus,2026-04-10T15:14:44Z,10-Apr-2026,08:14:44,0.8314,5
Yellow-rumped Warbler,Setophaga coronata,2026-04-10T15:13:46Z,10-Apr-2026,08:13:46,0.27,1
House Finch,Haemorhous mexicanus,2026-04-10T15:13:41Z,10-Apr-2026,08:13:41,0.8627,2
House Finch,Haemorhous mexicanus,2026-04-10T15:12:42Z,10-Apr-2026,08:12:42,0.32,1
House Finch,Haemorhous mexicanus,2026-04-10T15:12:38Z,10-Apr-2026,08:12:38,0.8471,1
American Robin,Turdus migratorius,2026-04-10T15:12:33Z,10-Apr-2026,08:12:33,0.949,9
American Robin,Turdus migratorius,2026-04-10T15:12:14Z,10-Apr-2026,08:12:14,0.54,1
American Robin,Turdus migratorius,2026-04-10T15:12:08Z,10-Apr-2026,08:12:08,0.54,1
American Robin,Turdus migratorius,2026-04-10T15:11:47Z,10-Apr-2026,08:11:47,0.3,1
American Robin,Turdus migratorius,2026-04-10T15:11:41Z,10-Apr-2026,08:11:41,0.38,1
American Robin,Turdus migratorius,2026-04-10T15:11:31Z,10-Apr-2026,08:11:31,0.33,1
American Robin,Turdus migratorius,2026-04-10T15:11:23Z,10-Apr-2026,08:11:23,0.8745,1
American Robin,Turdus migratorius,2026-04-10T15:09:20Z,10-Apr-2026,08:09:20,0.8745,2
American Robin,Turdus migratorius,2026-04-10T15:08:57Z,10-Apr-2026,08:08:57,0.26,1
Bewick's Wren,Thryomanes bewickii,2026-04-10T15:08:42Z,10-Apr-2026,08:08:42,0.59,1
Black-throated Gray Warbler,Setophaga nigrescens,2026-04-10T15:08:32Z,10-Apr-2026,08:08:32,0.45,1
American Robin,Turdus migratorius,2026-04-10T15:07:30Z,10-Apr-2026,08:07:30,0.79,1
American Robin,Turdus migratorius,2026-04-10T15:07:03Z,10-Apr-2026,08:07:03,0.3,1
American Robin,Turdus migratorius,2026-04-10T15:06:49Z,10-Apr-2026,08:06:49,0.8627,1
American Robin,Turdus migratorius,2026-04-10T15:02:35Z,10-Apr-2026,08:02:35,0.8745,2
Downy Woodpecker,Dryobates pubescens,2026-04-10T14:59:20Z,10-Apr-2026,07:59:20,0.39,1
American Robin,Turdus migratorius,2026-04-10T14:59:12Z,10-Apr-2026,07:59:12,0.8,2
Bushtit,Psaltriparus minimus,2026-04-10T14:58:19Z,10-Apr-2026,07:58:19,0.29,1
Downy Woodpecker,Dryobates pubescens,2026-04-10T14:57:47Z,10-Apr-2026,07:57:47,0.4,1
Black-capped Chickadee,Poecile atricapillus,2026-04-10T14:57:33Z,10-Apr-2026,07:57:33,0.26,1
House Finch,Haemorhous mexicanus,2026-04-10T14:56:37Z,10-Apr-2026,07:56:37,0.38,1
Downy Woodpecker,Dryobates pubescens,2026-04-10T14:56:08Z,10-Apr-2026,07:56:08,0.31,1
House Finch,Haemorhous mexicanus,2026-04-10T14:55:03Z,10-Apr-2026,07:55:03,0.61,1
American Robin,Turdus migratorius,2026-04-10T14:54:09Z,10-Apr-2026,07:54:09,0.34,1
American Robin,Turdus migratorius,2026-04-10T14:54:03Z,10-Apr-2026,07:54:03,0.29,1
American Robin,Turdus migratorius,2026-04-10T14:53:49Z,10-Apr-2026,07:53:49,0.3,1
American Robin,Turdus migratorius,2026-04-10T14:53:43Z,10-Apr-2026,07:53:43,0.37,1
American Robin,Turdus migratorius,2026-04-10T14:53:29Z,10-Apr-2026,07:53:29,0.898,1
Ruby-crowned Kinglet,Corthylio calendula,2026-04-10T14:53:11Z,10-Apr-2026,07:53:11,0.44,1
House Finch,Haemorhous mexicanus,2026-04-10T14:52:50Z,10-Apr-2026,07:52:50,0.56,1
House Finch,Haemorhous mexicanus,2026-04-10T14:52:45Z,10-Apr-2026,07:52:45,0.8157,1
Orange-crowned Warbler,Leiothlypis celata,2026-04-10T14:51:18Z,10-Apr-2026,07:51:18,0.31,1
House Finch,Haemorhous mexicanus,2026-04-10T14:50:38Z,10-Apr-2026,07:50:38,0.8745,6
House Finch,Haemorhous mexicanus,2026-04-10T14:49:32Z,10-Apr-2026,07:49:32,0.7804,1
Anna's Hummingbird,Calypte anna,2026-04-10T14:48:32Z,10-Apr-2026,07:48:32,0.9765,1
Steller's Jay,Cyanocitta stelleri,2026-04-10T14:48:09Z,10-Apr-2026,07:48:09,0.8314,1
House Finch,Haemorhous mexicanus,2026-04-10T14:47:01Z,10-Apr-2026,07:47:01,0.34,1
Anna's Hummingbird,Calypte anna,2026-04-10T14:46:49Z,10-Apr-2026,07:46:49,0.8745,1
European Starling,Sturnus vulgaris,2026-04-10T14:46:41Z,10-Apr-2026,07:46:41,0.8471,1
Downy Woodpecker,Dryobates pubescens,2026-04-10T14:45:35Z,10-Apr-2026,07:45:35,0.45,1
Black-capped Chickadee,Poecile atricapillus,2026-04-10T14:45:28Z,10-Apr-2026,07:45:28,0.44,1
Downy Woodpecker,Dryobates pubescens,2026-04-10T14:45:18Z,10-Apr-2026,07:45:18,0.26,1
Mountain Chickadee,Poecile gambeli,2026-04-10T14:45:01Z,10-Apr-2026,07:45:01,0.37,1
House Finch,Haemorhous mexicanus,2026-04-10T14:44:23Z,10-Apr-2026,07:44:23,0.8314,2
House Finch,Haemorhous mexicanus,2026-04-10T14:44:13Z,10-Apr-2026,07:44:13,0.26,1
American Crow,Corvus brachyrhynchos,2026-04-10T14:43:59Z,10-Apr-2026,07:43:59,0.8314,1
Black-capped Chickadee,Poecile atricapillus,2026-04-10T14:43:29Z,10-Apr-2026,07:43:29,0.9176,1
House Finch,Haemorhous mexicanus,2026-04-10T14:43:14Z,10-Apr-2026,07:43:14,0.29,1
House Finch,Haemorhous mexicanus,2026-04-10T14:42:24Z,10-Apr-2026,07:42:24,0.7804,1
American Robin,Turdus migratorius,2026-04-10T14:38:53Z,10-Apr-2026,07:38:53,0.31,1
American Robin,Turdus migratorius,2026-04-10T14:37:20Z,10-Apr-2026,07:37:20,0.48,1
American Robin,Turdus migratorius,2026-04-10T14:37:10Z,10-Apr-2026,07:37:10,0.45,1
American Robin,Turdus migratorius,2026-04-10T14:36:34Z,10-Apr-2026,07:36:34,0.898,1
Dark-eyed Junco,Junco hyemalis,2026-04-10T14:34:25Z,10-Apr-2026,07:34:25,0.32,1
Black-capped Chickadee,Poecile atricapillus,2026-04-10T14:32:21Z,10-Apr-2026,07:32:21,0.43,1
Black-capped Chickadee,Poecile atricapillus,2026-04-10T14:31:58Z,10-Apr-2026,07:31:58,0.8471,2
Dark-eyed Junco,Junco hyemalis,2026-04-10T14:30:57Z,10-Apr-2026,07:30:57,0.47,1
Dark-eyed Junco,Junco hyemalis,2026-04-10T14:30:03Z,10-Apr-2026,07:30:03,0.32,1
Yellow-rumped Warbler,Setophaga coronata,2026-04-10T14:29:04Z,10-Apr-2026,07:29:04,0.67,1
Dark-eyed Junco,Junco hyemalis,2026-04-10T14:28:50Z,10-Apr-2026,07:28:50,0.28,1
Dark-eyed Junco,Junco hyemalis,2026-04-10T14:28:36Z,10-Apr-2026,07:28:36,0.51,1
American Robin,Turdus migratorius,2026-04-10T14:26:16Z,10-Apr-2026,07:26:16,0.28,1
American Robin,Turdus migratorius,2026-04-10T14:25:58Z,10-Apr-2026,07:25:58,0.41,1
American Robin,Turdus migratorius,2026-04-10T14:25:34Z,10-Apr-2026,07:25:34,0.31,1
American Robin,Turdus migratorius,2026-04-10T14:25:05Z,10-Apr-2026,07:25:05,0.7804,1
American Robin,Turdus migratorius,2026-04-10T14:24:57Z,10-Apr-2026,07:24:57,0.28,1
American Robin,Turdus migratorius,2026-04-10T14:24:36Z,10-Apr-2026,07:24:36,0.47,1
American Robin,Turdus migratorius,2026-04-10T14:24:30Z,10-Apr-2026,07:24:30,0.44,1
Black-capped Chickadee,Poecile atricapillus,2026-04-10T14:23:20Z,10-Apr-2026,07:23:20,0.7804,1
Black-capped Chickadee,Poecile atricapillus,2026-04-10T14:23:12Z,10-Apr-2026,07:23:12,0.63,1
Golden-crowned Kinglet,Regulus satrapa,2026-04-10T14:22:39Z,10-Apr-2026,07:22:39,0.36,1
Golden-crowned Kinglet,Regulus satrapa,2026-04-10T14:21:57Z,10-Apr-2026,07:21:57,0.56,1
Dark-eyed Junco,Junco hyemalis,2026-04-10T14:17:02Z,10-Apr-2026,07:17:02,0.49,1
American Robin,Turdus migratorius,2026-04-10T14:16:22Z,10-Apr-2026,07:16:22,0.27,1
Golden-crowned Kinglet,Regulus satrapa,2026-04-10T14:16:09Z,10-Apr-2026,07:16:09,0.56,1
Black-capped Chickadee,Poecile atricapillus,2026-04-10T14:13:17Z,10-Apr-2026,07:13:17,0.28,1
House Finch,Haemorhous mexicanus,2026-04-10T14:13:06Z,10-Apr-2026,07:13:06,0.7804,1
Dark-eyed Junco,Junco hyemalis,2026-04-10T14:12:51Z,10-Apr-2026,07:12:51,0.43,1
Dark-eyed Junco,Junco hyemalis,2026-04-10T14:12:47Z,10-Apr-2026,07:12:47,0.8157,1
Dark-eyed Junco,Junco hyemalis,2026-04-10T14:12:41Z,10-Apr-2026,07:12:41,0.28,1
Black-capped Chickadee,Poecile atricapillus,2026-04-10T14:11:46Z,10-Apr-2026,07:11:46,0.29,1
Black-capped Chickadee,Poecile atricapillus,2026-04-10T14:11:26Z,10-Apr-2026,07:11:26,0.8745,1
American Crow,Corvus brachyrhynchos,2026-04-10T14:09:14Z,10-Apr-2026,07:09:14,0.8314,1
American Robin,Turdus migratorius,2026-04-10T14:05:15Z,10-Apr-2026,07:05:15,0.8,1
Bewick's Wren,Thryomanes bewickii,2026-04-10T14:04:49Z,10-Apr-2026,07:04:49,0.34,1
House Finch,Haemorhous mexicanus,2026-04-10T14:02:25Z,10-Apr-2026,07:02:25,0.8627,2
House Finch,Haemorhous mexicanus,2026-04-10T14:01:21Z,10-Apr-2026,07:01:21,0.8745,1
Ruby-crowned Kinglet,Corthylio calendula,2026-04-10T14:00:03Z,10-Apr-2026,07:00:03,0.96,1
House Finch,Haemorhous mexicanus,2026-04-10T13:59:59Z,10-Apr-2026,06:59:59,0.8157,3
Ruby-crowned Kinglet,Corthylio calendula,2026-04-10T13:59:51Z,10-Apr-2026,06:59:51,0.87,1
Ruby-crowned Kinglet,Corthylio calendula,2026-04-10T13:59:38Z,10-Apr-2026,06:59:38,0.97,1
Ruby-crowned Kinglet,Corthylio calendula,2026-04-10T13:59:16Z,10-Apr-2026,06:59:16,0.98,1
Ruby-crowned Kinglet,Corthylio calendula,2026-04-10T13:59:08Z,10-Apr-2026,06:59:08,0.98,1
House Finch,Haemorhous mexicanus,2026-04-10T13:58:14Z,10-Apr-2026,06:58:14,0.8157,3
American Robin,Turdus migratorius,2026-04-10T13:56:59Z,10-Apr-2026,06:56:59,0.8314,1
American Robin,Turdus migratorius,2026-04-10T13:56:12Z,10-Apr-2026,06:56:12,0.26,1
Mountain Chickadee,Poecile gambeli,2026-04-10T13:55:57Z,10-Apr-2026,06:55:57,0.33,1
American Robin,Turdus migratorius,2026-04-10T13:54:49Z,10-Apr-2026,06:54:49,0.29,1
House Finch,Haemorhous mexicanus,2026-04-10T13:54:23Z,10-Apr-2026,06:54:23,0.9176,1
American Robin,Turdus migratorius,2026-04-10T13:54:11Z,10-Apr-2026,06:54:11,0.8,2
American Robin,Turdus migratorius,2026-04-10T13:53:33Z,10-Apr-2026,06:53:33,0.29,1
American Robin,Turdus migratorius,2026-04-10T13:53:25Z,10-Apr-2026,06:53:25,0.45,1
American Robin,Turdus migratorius,2026-04-10T13:53:06Z,10-Apr-2026,06:53:06,0.8,1
Black-capped Chickadee,Poecile atricapillus,2026-04-10T13:52:26Z,10-Apr-2026,06:52:26,0.3,1
Black-capped Chickadee,Poecile atricapillus,2026-04-10T13:51:55Z,10-Apr-2026,06:51:55,0.8863,4
Black-capped Chickadee,Poecile atricapillus,2026-04-10T13:51:43Z,10-Apr-2026,06:51:43,0.55,1
Mountain Chickadee,Poecile gambeli,2026-04-10T13:51:01Z,10-Apr-2026,06:51:01,0.3,1
Black-capped Chickadee,Poecile atricapillus,2026-04-10T13:50:46Z,10-Apr-2026,06:50:46,0.81,1
Black-capped Chickadee,Poecile atricapillus,2026-04-10T13:50:38Z,10-Apr-2026,06:50:38,0.8863,1
American Robin,Turdus migratorius,2026-04-10T13:50:27Z,10-Apr-2026,06:50:27,0.37,1
House Finch,Haemorhous mexicanus,2026-04-10T13:48:10Z,10-Apr-2026,06:48:10,0.7804,1
Bewick's Wren,Thryomanes bewickii,2026-04-10T13:46:54Z,10-Apr-2026,06:46:54,0.36,1
Bewick's Wren,Thryomanes bewickii,2026-04-10T13:46:41Z,10-Apr-2026,06:46:41,0.28,1
Bewick's Wren,Thryomanes bewickii,2026-04-10T13:46:10Z,10-Apr-2026,06:46:10,0.3,1
Bewick's Wren,Thryomanes bewickii,2026-04-10T13:45:45Z,10-Apr-2026,06:45:45,0.28,1
Bewick's Wren,Thryomanes bewickii,2026-04-10T13:45:38Z,10-Apr-2026,06:45:38,0.77,1
Cooper's Hawk,Accipiter cooperii,2026-04-10T13:45:10Z,10-Apr-2026,06:45:10,0.9,1
Cooper's Hawk,Accipiter cooperii,2026-04-10T13:44:32Z,10-Apr-2026,06:44:32,0.44,1
Ruby-crowned Kinglet,Corthylio calendula,2026-04-10T13:39:44Z,10-Apr-2026,06:39:44,0.58,1
Ruby-crowned Kinglet,Corthylio calendula,2026-04-10T13:39:37Z,10-Apr-2026,06:39:37,0.99,1
Ruby-crowned Kinglet,Corthylio calendula,2026-04-10T13:39:29Z,10-Apr-2026,06:39:29,0.97,1
Ruby-crowned Kinglet,Corthylio calendula,2026-04-10T13:39:22Z,10-Apr-2026,06:39:22,0.98,1
Pacific-slope Flycatcher,Empidonax difficilis,2026-04-10T13:39:16Z,10-Apr-2026,06:39:16,0.71,1
Ruby-crowned Kinglet,Corthylio calendula,2026-04-10T13:39:01Z,10-Apr-2026,06:39:01,0.8,1
Ruby-crowned Kinglet,Corthylio calendula,2026-04-10T13:38:46Z,10-Apr-2026,06:38:46,0.43,1
Bewick's Wren,Thryomanes bewickii,2026-04-10T13:36:29Z,10-Apr-2026,06:36:29,0.76,1
Varied Thrush,Ixoreus naevius,2026-04-10T13:30:39Z,10-Apr-2026,06:30:39,0.3,1
Steller's Jay,Cyanocitta stelleri,2026-04-10T13:28:02Z,10-Apr-2026,06:28:02,0.26,1
Steller's Jay,Cyanocitta stelleri,2026-04-10T13:27:50Z,10-Apr-2026,06:27:50,0.7804,1
American Robin,Turdus migratorius,2026-04-10T13:19:31Z,10-Apr-2026,06:19:31,0.28,1
American Robin,Turdus migratorius,2026-04-10T13:19:20Z,10-Apr-2026,06:19:20,0.8471,1
American Robin,Turdus migratorius,2026-04-10T13:19:09Z,10-Apr-2026,06:19:09,0.31,1
American Robin,Turdus migratorius,2026-04-10T13:18:29Z,10-Apr-2026,06:18:29,0.29,1
American Robin,Turdus migratorius,2026-04-10T13:18:21Z,10-Apr-2026,06:18:21,0.27,1
Black-capped Chickadee,Poecile atricapillus,2026-04-10T13:18:07Z,10-Apr-2026,06:18:07,0.26,1
American Robin,Turdus migratorius,2026-04-10T13:16:54Z,10-Apr-2026,06:16:54,0.8,1
American Robin,Turdus migratorius,2026-04-10T13:15:37Z,10-Apr-2026,06:15:37,0.49,1
White-throated Sparrow,Zonotrichia albicollis,2026-04-10T13:14:40Z,10-Apr-2026,06:14:40,0.62,1
Dark-eyed Junco,Junco hyemalis,2026-04-10T13:13:54Z,10-Apr-2026,06:13:54,0.6,1
American Robin,Turdus migratorius,2026-04-10T13:12:45Z,10-Apr-2026,06:12:45,0.28,1
American Robin,Turdus migratorius,2026-04-10T13:12:38Z,10-Apr-2026,06:12:38,0.31,1
American Robin,Turdus migratorius,2026-04-10T13:10:52Z,10-Apr-2026,06:10:52,0.8314,2
American Robin,Turdus migratorius,2026-04-10T13:09:44Z,10-Apr-2026,06:09:44,0.7804,3
Dark-eyed Junco,Junco hyemalis,2026-04-10T13:08:26Z,10-Apr-2026,06:08:26,0.87,1
Dark-eyed Junco,Junco hyemalis,2026-04-10T13:08:19Z,10-Apr-2026,06:08:19,0.92,1
Dark-eyed Junco,Junco hyemalis,2026-04-10T13:08:11Z,10-Apr-2026,06:08:11,0.88,1
Steller's Jay,Cyanocitta stelleri,2026-04-10T13:06:54Z,10-Apr-2026,06:06:54,0.29,1
Steller's Jay,Cyanocitta stelleri,2026-04-10T13:06:48Z,10-Apr-2026,06:06:48,0.47,1
American Robin,Turdus migratorius,2026-04-10T13:05:13Z,10-Apr-2026,06:05:13,0.28,1
American Robin,Turdus migratorius,2026-04-10T13:05:06Z,10-Apr-2026,06:05:06,0.8471,2
American Robin,Turdus migratorius,2026-04-10T13:03:38Z,10-Apr-2026,06:03:38,0.8471,1
American Robin,Turdus migratorius,2026-04-10T13:03:34Z,10-Apr-2026,06:03:34,0.33,1
Dark-eyed Junco,Junco hyemalis,2026-04-10T13:02:45Z,10-Apr-2026,06:02:45,0.44,1
Dark-eyed Junco,Junco hyemalis,2026-04-10T13:02:38Z,10-Apr-2026,06:02:38,0.36,1
American Robin,Turdus migratorius,2026-04-10T13:02:15Z,10-Apr-2026,06:02:15,0.35,1
American Robin,Turdus migratorius,2026-04-10T13:00:45Z,10-Apr-2026,06:00:45,0.34,1
American Robin,Turdus migratorius,2026-04-10T12:59:54Z,10-Apr-2026,05:59:54,0.55,1
American Robin,Turdus migratorius,2026-04-10T12:59:47Z,10-Apr-2026,05:59:47,0.37,1
American Robin,Turdus migratorius,2026-04-10T12:59:43Z,10-Apr-2026,05:59:43,0.8471,10
American Robin,Turdus migratorius,2026-04-10T12:59:38Z,10-Apr-2026,05:59:38,0.66,1
American Robin,Turdus migratorius,2026-04-10T12:58:56Z,10-Apr-2026,05:58:56,0.32,1
American Robin,Turdus migratorius,2026-04-10T12:58:35Z,10-Apr-2026,05:58:35,0.8157,1
American Robin,Turdus migratorius,2026-04-10T12:58:06Z,10-Apr-2026,05:58:06,0.26,1
American Robin,Turdus migratorius,2026-04-10T12:57:51Z,10-Apr-2026,05:57:51,0.35,1
American Robin,Turdus migratorius,2026-04-10T12:57:44Z,10-Apr-2026,05:57:44,0.33,1
American Robin,Turdus migratorius,2026-04-10T12:57:35Z,10-Apr-2026,05:57:35,0.38,1
American Robin,Turdus migratorius,2026-04-10T12:50:47Z,10-Apr-2026,05:50:47,0.34,1
American Robin,Turdus migratorius,2026-04-10T12:49:06Z,10-Apr-2026,05:49:06,0.26,1
American Robin,Turdus migratorius,2026-04-10T12:47:41Z,10-Apr-2026,05:47:41,0.8627,3
American Robin,Turdus migratorius,2026-04-10T12:46:50Z,10-Apr-2026,05:46:50,0.45,1
American Robin,Turdus migratorius,2026-04-10T12:46:32Z,10-Apr-2026,05:46:32,0.9098,5
American Robin,Turdus migratorius,2026-04-10T12:42:51Z,10-Apr-2026,05:42:51,0.59,1
American Robin,Turdus migratorius,2026-04-10T12:42:06Z,10-Apr-2026,05:42:06,0.9333,10
American Robin,Turdus migratorius,2026-04-10T12:41:29Z,10-Apr-2026,05:41:29,0.56,1
American Robin,Turdus migratorius,2026-04-10T12:41:08Z,10-Apr-2026,05:41:08,0.39,1
American Robin,Turdus migratorius,2026-04-10T12:41:04Z,10-Apr-2026,05:41:04,0.9098,1
American Robin,Turdus migratorius,2026-04-10T12:39:43Z,10-Apr-2026,05:39:43,0.8745,1
American Robin,Turdus migratorius,2026-04-10T12:39:39Z,10-Apr-2026,05:39:39,0.4,1
American Robin,Turdus migratorius,2026-04-10T12:37:20Z,10-Apr-2026,05:37:20,0.8314,1
American Robin,Turdus migratorius,2026-04-10T12:36:16Z,10-Apr-2026,05:36:16,0.29,1
American Robin,Turdus migratorius,2026-04-10T12:35:59Z,10-Apr-2026,05:35:59,0.26,1
American Robin,Turdus migratorius,2026-04-10T12:35:35Z,10-Apr-2026,05:35:35,0.28,1
American Robin,Turdus migratorius,2026-04-10T12:35:28Z,10-Apr-2026,05:35:28,0.48,1
American Robin,Turdus migratorius,2026-04-10T12:35:10Z,10-Apr-2026,05:35:10,0.26,1
American Robin,Turdus migratorius,2026-04-10T12:30:32Z,10-Apr-2026,05:30:32,0.31,1
Dark-eyed Junco,Junco hyemalis,2026-04-10T12:30:24Z,10-Apr-2026,05:30:24,0.3,1
American Robin,Turdus migratorius,2026-04-10T12:30:10Z,10-Apr-2026,05:30:10,0.35,1
American Robin,Turdus migratorius,2026-04-10T12:29:31Z,10-Apr-2026,05:29:31,0.7804,1
American Robin,Turdus migratorius,2026-04-10T12:28:12Z,10-Apr-2026,05:28:12,0.27,1
American Robin,Turdus migratorius,2026-04-10T12:27:32Z,10-Apr-2026,05:27:32,0.33,1
American Robin,Turdus migratorius,2026-04-10T12:27:18Z,10-Apr-2026,05:27:18,0.7804,3
American Robin,Turdus migratorius,2026-04-10T12:26:12Z,10-Apr-2026,05:26:12,0.8,2
White-throated Sparrow,Zonotrichia albicollis,2026-04-10T12:25:26Z,10-Apr-2026,05:25:26,0.34,1
American Robin,Turdus migratorius,2026-04-10T12:24:45Z,10-Apr-2026,05:24:45,0.35,1
American Robin,Turdus migratorius,2026-04-10T12:24:09Z,10-Apr-2026,05:24:09,0.53,1
American Robin,Turdus migratorius,2026-04-10T12:23:20Z,10-Apr-2026,05:23:20,0.26,1
American Robin,Turdus migratorius,2026-04-10T12:22:58Z,10-Apr-2026,05:22:58,0.8157,5
American Robin,Turdus migratorius,2026-04-10T12:21:34Z,10-Apr-2026,05:21:34,0.8157,1
American Robin,Turdus migratorius,2026-04-10T12:20:37Z,10-Apr-2026,05:20:37,0.35,1
American Robin,Turdus migratorius,2026-04-10T12:20:29Z,10-Apr-2026,05:20:29,0.29,1
American Robin,Turdus migratorius,2026-04-10T12:20:23Z,10-Apr-2026,05:20:23,0.43,1
American Robin,Turdus migratorius,2026-04-10T12:19:51Z,10-Apr-2026,05:19:51,0.27,1
American Robin,Turdus migratorius,2026-04-10T12:19:44Z,10-Apr-2026,05:19:44,0.31,1
American Robin,Turdus migratorius,2026-04-10T12:19:38Z,10-Apr-2026,05:19:38,0.28,1
American Robin,Turdus migratorius,2026-04-10T12:18:25Z,10-Apr-2026,05:18:25,0.26,1
American Robin,Turdus migratorius,2026-04-10T12:17:45Z,10-Apr-2026,05:17:45,0.8,2
American Robin,Turdus migratorius,2026-04-10T12:17:32Z,10-Apr-2026,05:17:32,0.39,1
American Robin,Turdus migratorius,2026-04-10T12:14:38Z,10-Apr-2026,05:14:38,0.28,1
American Robin,Turdus migratorius,2026-04-10T12:14:17Z,10-Apr-2026,05:14:17,0.27,1
American Robin,Turdus migratorius,2026-04-10T12:14:13Z,10-Apr-2026,05:14:13,0.8314,4
American Robin,Turdus migratorius,2026-04-10T12:13:24Z,10-Apr-2026,05:13:24,0.32,1
American Robin,Turdus migratorius,2026-04-10T12:13:11Z,10-Apr-2026,05:13:11,0.8157,1
American Robin,Turdus migratorius,2026-04-10T12:12:31Z,10-Apr-2026,05:12:31,0.27,1
American Robin,Turdus migratorius,2026-04-10T12:11:52Z,10-Apr-2026,05:11:52,0.39,1
American Robin,Turdus migratorius,2026-04-10T12:11:11Z,10-Apr-2026,05:11:11,0.39,1
American Robin,Turdus migratorius,2026-04-10T12:07:12Z,10-Apr-2026,05:07:12,0.7804,1
American Robin,Turdus migratorius,2026-04-10T11:30:00Z,10-Apr-2026,04:30:00,0.7804,1
Dark-eyed Junco,Junco hyemalis,2026-04-10T11:14:25Z,10-Apr-2026,04:14:25,0.39,1
Barn Owl,Tyto alba,2026-04-10T10:33:16Z,10-Apr-2026,03:33:16,0.35,1
Barn Owl,Tyto alba,2026-04-10T10:32:54Z,10-Apr-2026,03:32:54,0.34,1
Red-breasted Nuthatch,Sitta canadensis,2026-04-10T04:31:51Z,09-Apr-2026,21:31:51,0.35,1
Barn Owl,Tyto alba,2026-04-10T04:31:03Z,09-Apr-2026,21:31:03,0.55,1
Ring-necked Pheasant,Phasianus colchicus,2026-04-10T03:53:59Z,09-Apr-2026,20:53:59,0.63,1
Ring-necked Pheasant,Phasianus colchicus,2026-04-10T03:53:45Z,09-Apr-2026,20:53:45,0.26,1
American Robin,Turdus migratorius,2026-04-10T03:22:11Z,09-Apr-2026,20:22:11,0.32,1
American Robin,Turdus migratorius,2026-04-10T03:22:03Z,09-Apr-2026,20:22:03,0.39,1
Steller's Jay,Cyanocitta stelleri,2026-04-10T03:18:06Z,09-Apr-2026,20:18:06,0.3,1
Rufous Hummingbird,Selasphorus rufus,2026-04-10T03:14:21Z,09-Apr-2026,20:14:21,0.33,1
American Robin,Turdus migratorius,2026-04-10T03:14:11Z,09-Apr-2026,20:14:11,0.27,1
American Robin,Turdus migratorius,2026-04-10T03:13:09Z,09-Apr-2026,20:13:09,0.8627,2
American Robin,Turdus migratorius,2026-04-10T03:12:04Z,09-Apr-2026,20:12:04,0.7804,1
American Robin,Turdus migratorius,2026-04-10T03:11:17Z,09-Apr-2026,20:11:17,0.34,1
American Robin,Turdus migratorius,2026-04-10T03:11:10Z,09-Apr-2026,20:11:10,0.26,1
Bewick's Wren,Thryomanes bewickii,2026-04-10T02:59:44Z,09-Apr-2026,19:59:44,0.77,1
Bewick's Wren,Thryomanes bewickii,2026-04-10T02:59:37Z,09-Apr-2026,19:59:37,0.93,1
American Robin,Turdus migratorius,2026-04-10T02:58:55Z,09-Apr-2026,19:58:55,0.8157,2
American Robin,Turdus migratorius,2026-04-10T02:57:43Z,09-Apr-2026,19:57:43,0.6,1
American Robin,Turdus migratorius,2026-04-10T02:57:31Z,09-Apr-2026,19:57:31,0.55,1
American Robin,Turdus migratorius,2026-04-10T02:57:21Z,09-Apr-2026,19:57:21,0.32,1
American Robin,Turdus migratorius,2026-04-10T02:57:07Z,09-Apr-2026,19:57:07,0.32,1
American Robin,Turdus migratorius,2026-04-10T02:56:29Z,09-Apr-2026,19:56:29,0.29,1
American Robin,Turdus migratorius,2026-04-10T02:55:07Z,09-Apr-2026,19:55:07,0.34,1
American Robin,Turdus migratorius,2026-04-10T02:55:00Z,09-Apr-2026,19:55:00,0.56,1
American Robin,Turdus migratorius,2026-04-10T02:54:22Z,09-Apr-2026,19:54:22,0.7804,1
American Robin,Turdus migratorius,2026-04-10T02:54:14Z,09-Apr-2026,19:54:14,0.38,1
American Robin,Turdus migratorius,2026-04-10T02:54:08Z,09-Apr-2026,19:54:08,0.55,1
American Robin,Turdus migratorius,2026-04-10T02:53:52Z,09-Apr-2026,19:53:52,0.28,1
American Robin,Turdus migratorius,2026-04-10T02:53:29Z,09-Apr-2026,19:53:29,0.34,1
Hermit Thrush,Catharus guttatus,2026-04-10T02:53:15Z,09-Apr-2026,19:53:15,0.27,1
American Robin,Turdus migratorius,2026-04-10T02:53:11Z,09-Apr-2026,19:53:11,0.8471,2
American Robin,Turdus migratorius,2026-04-10T02:53:06Z,09-Apr-2026,19:53:06,0.33,1
American Robin,Turdus migratorius,2026-04-10T02:53:01Z,09-Apr-2026,19:53:01,0.45,1
American Robin,Turdus migratorius,2026-04-10T02:52:54Z,09-Apr-2026,19:52:54,0.34,1
American Robin,Turdus migratorius,2026-04-10T02:52:44Z,09-Apr-2026,19:52:44,0.55,1
American Robin,Turdus migratorius,2026-04-10T02:51:29Z,09-Apr-2026,19:51:29,0.41,1
American Robin,Turdus migratorius,2026-04-10T02:51:25Z,09-Apr-2026,19:51:25,0.8471,4
American Robin,Turdus migratorius,2026-04-10T02:51:11Z,09-Apr-2026,19:51:11,0.34,1
American Robin,Turdus migratorius,2026-04-10T02:50:43Z,09-Apr-2026,19:50:43,0.29,1
American Robin,Turdus migratorius,2026-04-10T02:49:54Z,09-Apr-2026,19:49:54,0.64,1
American Robin,Turdus migratorius,2026-04-10T02:49:36Z,09-Apr-2026,19:49:36,0.8314,1
American Robin,Turdus migratorius,2026-04-10T02:49:24Z,09-Apr-2026,19:49:24,0.41,1
American Robin,Turdus migratorius,2026-04-10T02:49:17Z,09-Apr-2026,19:49:17,0.42,1
American Robin,Turdus migratorius,2026-04-10T02:48:30Z,09-Apr-2026,19:48:30,0.49,1
American Robin,Turdus migratorius,2026-04-10T02:48:22Z,09-Apr-2026,19:48:22,0.8157,3
American Robin,Turdus migratorius,2026-04-10T02:47:59Z,09-Apr-2026,19:47:59,0.59,1
American Robin,Turdus migratorius,2026-04-10T02:47:38Z,09-Apr-2026,19:47:38,0.4,1
American Robin,Turdus migratorius,2026-04-10T02:47:14Z,09-Apr-2026,19:47:14,0.7804,4
American Robin,Turdus migratorius,2026-04-10T02:47:08Z,09-Apr-2026,19:47:08,0.26,1
American Robin,Turdus migratorius,2026-04-10T02:46:44Z,09-Apr-2026,19:46:44,0.3,1
American Robin,Turdus migratorius,2026-04-10T02:45:53Z,09-Apr-2026,19:45:53,0.55,1
American Robin,Turdus migratorius,2026-04-10T02:45:25Z,09-Apr-2026,19:45:25,0.8471,3
American Robin,Turdus migratorius,2026-04-10T02:44:58Z,09-Apr-2026,19:44:58,0.6,1
American Robin,Turdus migratorius,2026-04-10T02:44:33Z,09-Apr-2026,19:44:33,0.37,1
American Robin,Turdus migratorius,2026-04-10T02:44:19Z,09-Apr-2026,19:44:19,0.7,1
American Robin,Turdus migratorius,2026-04-10T02:42:11Z,09-Apr-2026,19:42:11,0.8863,10
American Robin,Turdus migratorius,2026-04-10T02:41:44Z,09-Apr-2026,19:41:44,0.29,1
American Robin,Turdus migratorius,2026-04-10T02:41:10Z,09-Apr-2026,19:41:10,0.8157,12
American Robin,Turdus migratorius,2026-04-10T02:40:04Z,09-Apr-2026,19:40:04,0.8863,6
American Robin,Turdus migratorius,2026-04-10T02:39:22Z,09-Apr-2026,19:39:22,0.69,1
American Robin,Turdus migratorius,2026-04-10T02:39:08Z,09-Apr-2026,19:39:08,0.27,1
American Robin,Turdus migratorius,2026-04-10T02:39:01Z,09-Apr-2026,19:39:01,0.8471,11
American Robin,Turdus migratorius,2026-04-10T02:38:46Z,09-Apr-2026,19:38:46,0.29,1
American Robin,Turdus migratorius,2026-04-10T02:37:47Z,09-Apr-2026,19:37:47,0.43,1
American Robin,Turdus migratorius,2026-04-10T02:37:43Z,09-Apr-2026,19:37:43,0.8,5
American Robin,Turdus migratorius,2026-04-10T02:37:23Z,09-Apr-2026,19:37:23,0.64,1
Bewick's Wren,Thryomanes bewickii,2026-04-10T02:37:10Z,09-Apr-2026,19:37:10,0.66,1
American Robin,Turdus migratorius,2026-04-10T02:36:29Z,09-Apr-2026,19:36:29,0.8314,1
Bewick's Wren,Thryomanes bewickii,2026-04-10T02:36:15Z,09-Apr-2026,19:36:15,0.3,1
Bewick's Wren,Thryomanes bewickii,2026-04-10T02:36:10Z,09-Apr-2026,19:36:10,0.96,1
Bewick's Wren,Thryomanes bewickii,2026-04-10T02:36:02Z,09-Apr-2026,19:36:02,0.97,1
Bald Eagle,Haliaeetus leucocephalus,2026-04-10T02:35:11Z,09-Apr-2026,19:35:11,0.38,1
American Robin,Turdus migratorius,2026-04-10T02:33:36Z,09-Apr-2026,19:33:36,0.32,1
American Robin,Turdus migratorius,2026-04-10T02:32:47Z,09-Apr-2026,19:32:47,0.47,1
Black-capped Chickadee,Poecile atricapillus,2026-04-10T02:32:20Z,09-Apr-2026,19:32:20,0.26,1
American Robin,Turdus migratorius,2026-04-10T02:29:13Z,09-Apr-2026,19:29:13,0.8745,1
House Finch,Haemorhous mexicanus,2026-04-10T02:27:51Z,09-Apr-2026,19:27:51,0.8471,1
Chestnut-backed Chickadee,Poecile rufescens,2026-04-10T02:26:44Z,09-Apr-2026,19:26:44,0.898,1
Bewick's Wren,Thryomanes bewickii,2026-04-10T02:25:58Z,09-Apr-2026,19:25:58,0.73,1
Black-capped Chickadee,Poecile atricapillus,2026-04-10T02:25:37Z,09-Apr-2026,19:25:37,0.32,1
Bewick's Wren,Thryomanes bewickii,2026-04-10T02:25:30Z,09-Apr-2026,19:25:30,0.74,1
Bewick's Wren,Thryomanes bewickii,2026-04-10T02:25:15Z,09-Apr-2026,19:25:15,0.59,1
Bewick's Wren,Thryomanes bewickii,2026-04-10T02:25:08Z,09-Apr-2026,19:25:08,0.47,1
Black-capped Chickadee,Poecile atricapillus,2026-04-10T02:24:43Z,09-Apr-2026,19:24:43,0.8157,8
Black-capped Chickadee,Poecile atricapillus,2026-04-10T02:24:03Z,09-Apr-2026,19:24:03,0.27,1
Black-capped Chickadee,Poecile atricapillus,2026-04-10T02:23:34Z,09-Apr-2026,19:23:34,0.898,7
Chestnut-backed Chickadee,Poecile rufescens,2026-04-10T02:23:23Z,09-Apr-2026,19:23:23,0.36,1
Chestnut-backed Chickadee,Poecile rufescens,2026-04-10T02:22:44Z,09-Apr-2026,19:22:44,0.8,1
Black-capped Chickadee,Poecile atricapillus,2026-04-10T02:22:23Z,09-Apr-2026,19:22:23,0.8,1
Yellow-rumped Warbler,Setophaga coronata,2026-04-10T02:22:19Z,09-Apr-2026,19:22:19,0.27,1
Downy Woodpecker,Dryobates pubescens,2026-04-10T02:22:04Z,09-Apr-2026,19:22:04,0.27,1
American Crow,Corvus brachyrhynchos,2026-04-10T02:21:55Z,09-Apr-2026,19:21:55,0.32,1
Black-capped Chickadee,Poecile atricapillus,2026-04-10T02:21:08Z,09-Apr-2026,19:21:08,0.27,1
Downy Woodpecker,Dryobates pubescens,2026-04-10T02:21:01Z,09-Apr-2026,19:21:01,0.38,1
Black-capped Chickadee,Poecile atricapillus,2026-04-10T02:20:49Z,09-Apr-2026,19:20:49,0.7804,1
American Robin,Turdus migratorius,2026-04-10T02:20:38Z,09-Apr-2026,19:20:38,0.41,1
American Robin,Turdus migratorius,2026-04-10T02:20:22Z,09-Apr-2026,19:20:22,0.9098,6
American Robin,Turdus migratorius,2026-04-10T02:20:13Z,09-Apr-2026,19:20:13,0.34,1
American Robin,Turdus migratorius,2026-04-10T02:19:19Z,09-Apr-2026,19:19:19,0.8745,3
American Robin,Turdus migratorius,2026-04-10T02:19:10Z,09-Apr-2026,19:19:10,0.57,1
American Robin,Turdus migratorius,2026-04-10T02:18:14Z,09-Apr-2026,19:18:14,0.8157,8
Chestnut-backed Chickadee,Poecile rufescens,2026-04-10T02:18:02Z,09-Apr-2026,19:18:02,0.39,1
Chestnut-backed Chickadee,Poecile rufescens,2026-04-10T02:17:55Z,09-Apr-2026,19:17:55,0.7804,3
American Robin,Turdus migratorius,2026-04-10T02:17:28Z,09-Apr-2026,19:17:28,0.4,1
Chestnut-backed Chickadee,Poecile rufescens,2026-04-10T02:17:18Z,09-Apr-2026,19:17:18,0.41,1
American Robin,Turdus migratorius,2026-04-10T02:17:11Z,09-Apr-2026,19:17:11,0.8627,3
Chestnut-backed Chickadee,Poecile rufescens,2026-04-10T02:17:03Z,09-Apr-2026,19:17:03,0.79,1
American Robin,Turdus migratorius,2026-04-10T02:16:55Z,09-Apr-2026,19:16:55,0.74,1
American Robin,Turdus migratorius,2026-04-10T02:16:45Z,09-Apr-2026,19:16:45,0.66,1
Chestnut-backed Chickadee,Poecile rufescens,2026-04-10T02:16:41Z,09-Apr-2026,19:16:41,0.8627,12
Chestnut-backed Chickadee,Poecile rufescens,2026-04-10T02:16:34Z,09-Apr-2026,19:16:34,0.72,1
American Robin,Turdus migratorius,2026-04-10T02:16:28Z,09-Apr-2026,19:16:28,0.31,1
American Robin,Turdus migratorius,2026-04-10T02:15:49Z,09-Apr-2026,19:15:49,0.7,1
Chestnut-backed Chickadee,Poecile rufescens,2026-04-10T02:15:42Z,09-Apr-2026,19:15:42,0.78,1
Chestnut-backed Chickadee,Poecile rufescens,2026-04-10T02:15:34Z,09-Apr-2026,19:15:34,0.9255,1
American Robin,Turdus migratorius,2026-04-10T02:15:26Z,09-Apr-2026,19:15:26,0.61,1
American Robin,Turdus migratorius,2026-04-10T02:15:16Z,09-Apr-2026,19:15:16,0.51,1
American Robin,Turdus migratorius,2026-04-10T02:15:06Z,09-Apr-2026,19:15:06,0.8157,8
American Robin,Turdus migratorius,2026-04-10T02:14:41Z,09-Apr-2026,19:14:41,0.54,1
American Robin,Turdus migratorius,2026-04-10T02:14:31Z,09-Apr-2026,19:14:31,0.37,1
American Robin,Turdus migratorius,2026-04-10T02:14:21Z,09-Apr-2026,19:14:21,0.7,1
American Robin,Turdus migratorius,2026-04-10T02:14:14Z,09-Apr-2026,19:14:14,0.53,1
American Robin,Turdus migratorius,2026-04-10T02:13:47Z,09-Apr-2026,19:13:47,0.8,7
American Robin,Turdus migratorius,2026-04-10T02:12:34Z,09-Apr-2026,19:12:34,0.8314,5
American Robin,Turdus migratorius,2026-04-10T02:11:42Z,09-Apr-2026,19:11:42,0.31,1
American Robin,Turdus migratorius,2026-04-10T02:11:31Z,09-Apr-2026,19:11:31,0.7804,4
American Robin,Turdus migratorius,2026-04-10T02:11:02Z,09-Apr-2026,19:11:02,0.32,1
American Robin,Turdus migratorius,2026-04-10T02:10:26Z,09-Apr-2026,19:10:26,0.8157,6
American Robin,Turdus migratorius,2026-04-10T02:10:16Z,09-Apr-2026,19:10:16,0.69,1
American Robin,Turdus migratorius,2026-04-10T02:09:30Z,09-Apr-2026,19:09:30,0.29,1
American Robin,Turdus migratorius,2026-04-10T02:09:25Z,09-Apr-2026,19:09:25,0.898,1
Dark-eyed Junco,Junco hyemalis,2026-04-10T02:09:16Z,09-Apr-2026,19:09:16,0.76,1
Dark-eyed Junco,Junco hyemalis,2026-04-10T02:09:08Z,09-Apr-2026,19:09:08,0.6,1
Steller's Jay,Cyanocitta stelleri,2026-04-10T02:05:26Z,09-Apr-2026,19:05:26,0.8,3
Black-capped Chickadee,Poecile atricapillus,2026-04-10T02:04:42Z,09-Apr-2026,19:04:42,0.28,1
Mountain Chickadee,Poecile gambeli,2026-04-10T02:04:32Z,09-Apr-2026,19:04:32,0.29,1
Black-capped Chickadee,Poecile atricapillus,2026-04-10T02:03:48Z,09-Apr-2026,19:03:48,0.28,1
Black-capped Chickadee,Poecile atricapillus,2026-04-10T02:03:03Z,09-Apr-2026,19:03:03,0.8,1
Steller's Jay,Cyanocitta stelleri,2026-04-10T02:00:08Z,09-Apr-2026,19:00:08,0.67,1
Steller's Jay,Cyanocitta stelleri,2026-04-10T01:59:56Z,09-Apr-2026,18:59:56,0.898,1
Black-capped Chickadee,Poecile atricapillus,2026-04-10T01:58:15Z,09-Apr-2026,18:58:15,0.8314,7
Black-capped Chickadee,Poecile atricapillus,2026-04-10T01:57:09Z,09-Apr-2026,18:57:09,0.8314,6
Black-capped Chickadee,Poecile atricapillus,2026-04-10T01:56:06Z,09-Apr-2026,18:56:06,0.9176,1
Steller's Jay,Cyanocitta stelleri,2026-04-10T01:55:12Z,09-Apr-2026,18:55:12,0.8157,1
Bewick's Wren,Thryomanes bewickii,2026-04-10T01:54:56Z,09-Apr-2026,18:54:56,0.58,1
Steller's Jay,Cyanocitta stelleri,2026-04-10T01:54:49Z,09-Apr-2026,18:54:49,0.45,1
House Finch,Haemorhous mexicanus,2026-04-10T01:52:41Z,09-Apr-2026,18:52:41,0.7804,1
Bewick's Wren,Thryomanes bewickii,2026-04-10T01:48:13Z,09-Apr-2026,18:48:13,0.35,1
Bewick's Wren,Thryomanes bewickii,2026-04-10T01:47:56Z,09-Apr-2026,18:47:56,0.3,1
Bewick's Wren,Thryomanes bewickii,2026-04-10T01:47:00Z,09-Apr-2026,18:47:00,0.27,1
Bewick's Wren,Thryomanes bewickii,2026-04-10T01:46:43Z,09-Apr-2026,18:46:43,0.43,1
Bewick's Wren,Thryomanes bewickii,2026-04-10T01:46:33Z,09-Apr-2026,18:46:33,0.44,1
Bewick's Wren,Thryomanes bewickii,2026-04-10T01:45:29Z,09-Apr-2026,18:45:29,0.38,1
Bushtit,Psaltriparus minimus,2026-04-10T01:44:45Z,09-Apr-2026,18:44:45,0.48,1
Black-capped Chickadee,Poecile atricapillus,2026-04-10T01:44:33Z,09-Apr-2026,18:44:33,0.8471,9
Bushtit,Psaltriparus minimus,2026-04-10T01:44:15Z,09-Apr-2026,18:44:15,0.27,1
Bushtit,Psaltriparus minimus,2026-04-10T01:43:49Z,09-Apr-2026,18:43:49,0.47,1
Mountain Chickadee,Poecile gambeli,2026-04-10T01:42:54Z,09-Apr-2026,18:42:54,0.6,1
Bushtit,Psaltriparus minimus,2026-04-10T01:42:44Z,09-Apr-2026,18:42:44,0.77,1
Black-capped Chickadee,Poecile atricapillus,2026-04-10T01:42:28Z,09-Apr-2026,18:42:28,0.35,1
Black-capped Chickadee,Poecile atricapillus,2026-04-10T01:42:24Z,09-Apr-2026,18:42:24,0.9333,3
Bushtit,Psaltriparus minimus,2026-04-10T01:41:23Z,09-Apr-2026,18:41:23,0.3,1
Black-capped Chickadee,Poecile atricapillus,2026-04-10T01:41:18Z,09-Apr-2026,18:41:18,0.9255,1
Bushtit,Psaltriparus minimus,2026-04-10T01:41:11Z,09-Apr-2026,18:41:11,0.83,1
Bushtit,Psaltriparus minimus,2026-04-10T01:41:04Z,09-Apr-2026,18:41:04,0.95,1
Bushtit,Psaltriparus minimus,2026-04-10T01:40:58Z,09-Apr-2026,18:40:58,0.62,1
Bushtit,Psaltriparus minimus,2026-04-10T01:40:51Z,09-Apr-2026,18:40:51,0.65,1
Bushtit,Psaltriparus minimus,2026-04-10T01:40:44Z,09-Apr-2026,18:40:44,0.94,1
Bushtit,Psaltriparus minimus,2026-04-10T01:40:37Z,09-Apr-2026,18:40:37,0.98,1
Bushtit,Psaltriparus minimus,2026-04-10T01:40:22Z,09-Apr-2026,18:40:22,0.42,1
Bushtit,Psaltriparus minimus,2026-04-10T01:40:15Z,09-Apr-2026,18:40:15,0.96,1
Anna's Hummingbird,Calypte anna,2026-04-10T01:40:10Z,09-Apr-2026,18:40:10,0.7804,1
Bushtit,Psaltriparus minimus,2026-04-10T01:40:06Z,09-Apr-2026,18:40:06,0.43,1
Black-capped Chickadee,Poecile atricapillus,2026-04-10T01:40:02Z,09-Apr-2026,18:40:02,0.8,1
Black-capped Chickadee,Poecile atricapillus,2026-04-10T01:38:46Z,09-Apr-2026,18:38:46,0.8627,5
Black-capped Chickadee,Poecile atricapillus,2026-04-10T01:37:36Z,09-Apr-2026,18:37:36,0.44,1
Bushtit,Psaltriparus minimus,2026-04-10T01:37:26Z,09-Apr-2026,18:37:26,0.3,1
Bushtit,Psaltriparus minimus,2026-04-10T01:36:36Z,09-Apr-2026,18:36:36,0.46,1
Black-capped Chickadee,Poecile atricapillus,2026-04-10T01:36:32Z,09-Apr-2026,18:36:32,0.7804,1
American Goldfinch,Spinus tristis,2026-04-10T01:35:50Z,09-Apr-2026,18:35:50,0.54,1
Bushtit,Psaltriparus minimus,2026-04-10T01:34:27Z,09-Apr-2026,18:34:27,0.47,1
Bushtit,Psaltriparus minimus,2026-04-10T01:34:19Z,09-Apr-2026,18:34:19,0.9,1
Bushtit,Psaltriparus minimus,2026-04-10T01:32:43Z,09-Apr-2026,18:32:43,0.91,1
Bushtit,Psaltriparus minimus,2026-04-10T01:32:28Z,09-Apr-2026,18:32:28,0.68,1
Bushtit,Psaltriparus minimus,2026-04-10T01:32:19Z,09-Apr-2026,18:32:19,0.9,1
Bald Eagle,Haliaeetus leucocephalus,2026-04-10T01:32:11Z,09-Apr-2026,18:32:11,0.55,1
Bushtit,Psaltriparus minimus,2026-04-10T01:31:55Z,09-Apr-2026,18:31:55,0.5,1
Bushtit,Psaltriparus minimus,2026-04-10T01:31:48Z,09-Apr-2026,18:31:48,0.85,1
Bushtit,Psaltriparus minimus,2026-04-10T01:31:41Z,09-Apr-2026,18:31:41,0.85,1
American Robin,Turdus migratorius,2026-04-10T01:31:31Z,09-Apr-2026,18:31:31,0.32,1
Bushtit,Psaltriparus minimus,2026-04-10T01:31:11Z,09-Apr-2026,18:31:11,0.31,1
Bewick's Wren,Thryomanes bewickii,2026-04-10T01:30:33Z,09-Apr-2026,18:30:33,0.95,1
Bewick's Wren,Thryomanes bewickii,2026-04-10T01:30:26Z,09-Apr-2026,18:30:26,0.94,1
Bewick's Wren,Thryomanes bewickii,2026-04-10T01:30:18Z,09-Apr-2026,18:30:18,0.37,1
Bewick's Wren,Thryomanes bewickii,2026-04-10T01:30:03Z,09-Apr-2026,18:30:03,0.96,1
Bewick's Wren,Thryomanes bewickii,2026-04-10T01:29:56Z,09-Apr-2026,18:29:56,0.56,1
Bushtit,Psaltriparus minimus,2026-04-10T01:29:49Z,09-Apr-2026,18:29:49,0.42,1
Anna's Hummingbird,Calypte anna,2026-04-10T01:29:00Z,09-Apr-2026,18:29:00,0.7804,1
Bushtit,Psaltriparus minimus,2026-04-10T01:28:53Z,09-Apr-2026,18:28:53,0.54,1
American Crow,Corvus brachyrhynchos,2026-04-10T01:28:35Z,09-Apr-2026,18:28:35,0.8314,5
American Crow,Corvus brachyrhynchos,2026-04-10T01:27:34Z,09-Apr-2026,18:27:34,0.8863,1
American Crow,Corvus brachyrhynchos,2026-04-10T01:27:30Z,09-Apr-2026,18:27:30,0.49,1
House Finch,Haemorhous mexicanus,2026-04-10T01:27:10Z,09-Apr-2026,18:27:10,0.46,1
House Finch,Haemorhous mexicanus,2026-04-10T01:27:00Z,09-Apr-2026,18:27:00,0.9412,1
Northern Flicker,Colaptes auratus,2026-04-10T01:26:17Z,09-Apr-2026,18:26:17,0.52,1
Northern Flicker,Colaptes auratus,2026-04-10T01:25:54Z,09-Apr-2026,18:25:54,0.42,1
Bushtit,Psaltriparus minimus,2026-04-10T01:22:46Z,09-Apr-2026,18:22:46,0.29,1
American Robin,Turdus migratorius,2026-04-10T01:22:15Z,09-Apr-2026,18:22:15,0.9529,1
House Finch,Haemorhous mexicanus,2026-04-10T01:21:58Z,09-Apr-2026,18:21:58,0.8,1
Anna's Hummingbird,Calypte anna,2026-04-10T01:20:16Z,09-Apr-2026,18:20:16,0.7804,1
Bushtit,Psaltriparus minimus,2026-04-10T01:20:09Z,09-Apr-2026,18:20:09,0.5,1
Bushtit,Psaltriparus minimus,2026-04-10T01:19:33Z,09-Apr-2026,18:19:33,0.28,1
House Finch,Haemorhous mexicanus,2026-04-10T01:19:22Z,09-Apr-2026,18:19:22,0.898,1
Bushtit,Psaltriparus minimus,2026-04-10T01:19:00Z,09-Apr-2026,18:19:00,0.84,1
Anna's Hummingbird,Calypte anna,2026-04-10T01:18:55Z,09-Apr-2026,18:18:55,0.7804,1
Chestnut-backed Chickadee,Poecile rufescens,2026-04-10T01:18:44Z,09-Apr-2026,18:18:44,0.31,1
Chestnut-backed Chickadee,Poecile rufescens,2026-04-10T01:18:13Z,09-Apr-2026,18:18:13,0.8627,3
Bushtit,Psaltriparus minimus,2026-04-10T01:17:40Z,09-Apr-2026,18:17:40,0.83,1
Steller's Jay,Cyanocitta stelleri,2026-04-10T01:17:36Z,09-Apr-2026,18:17:36,0.8157,1
Bushtit,Psaltriparus minimus,2026-04-10T01:17:17Z,09-Apr-2026,18:17:17,0.65,1
Bushtit,Psaltriparus minimus,2026-04-10T01:16:59Z,09-Apr-2026,18:16:59,0.67,1
Chestnut-backed Chickadee,Poecile rufescens,2026-04-10T01:16:39Z,09-Apr-2026,18:16:39,0.28,1
Chestnut-backed Chickadee,Poecile rufescens,2026-04-10T01:16:29Z,09-Apr-2026,18:16:29,0.9843,8
Bushtit,Psaltriparus minimus,2026-04-10T01:16:04Z,09-Apr-2026,18:16:04,0.26,1
Chestnut-backed Chickadee,Poecile rufescens,2026-04-10T01:15:36Z,09-Apr-2026,18:15:36,0.4,1
Chestnut-backed Chickadee,Poecile rufescens,2026-04-10T01:15:25Z,09-Apr-2026,18:15:25,0.8314,1
American Robin,Turdus migratorius,2026-04-10T01:15:21Z,09-Apr-2026,18:15:21,0.8157,1
House Finch,Haemorhous mexicanus,2026-04-10T01:14:32Z,09-Apr-2026,18:14:32,0.8157,1
House Finch,Haemorhous mexicanus,2026-04-10T01:13:47Z,09-Apr-2026,18:13:47,0.37,1
Dark-eyed Junco,Junco hyemalis,2026-04-10T01:13:17Z,09-Apr-2026,18:13:17,0.35,1
American Robin,Turdus migratorius,2026-04-10T01:12:57Z,09-Apr-2026,18:12:57,0.3,1
American Robin,Turdus migratorius,2026-04-10T01:12:50Z,09-Apr-2026,18:12:50,0.3,1
Black-capped Chickadee,Poecile atricapillus,2026-04-10T01:09:25Z,09-Apr-2026,18:09:25,0.8157,1
American Robin,Turdus migratorius,2026-04-10T01:03:52Z,09-Apr-2026,18:03:52,0.26,1
Bewick's Wren,Thryomanes bewickii,2026-04-10T01:03:30Z,09-Apr-2026,18:03:30,0.93,1
Bewick's Wren,Thryomanes bewickii,2026-04-10T01:03:23Z,09-Apr-2026,18:03:23,0.83,1
Bewick's Wren,Thryomanes bewickii,2026-04-10T01:03:10Z,09-Apr-2026,18:03:10,0.51,1
Bewick's Wren,Thryomanes bewickii,2026-04-10T01:02:57Z,09-Apr-2026,18:02:57,0.26,1
Bewick's Wren,Thryomanes bewickii,2026-04-10T01:02:28Z,09-Apr-2026,18:02:28,0.65,1
Bewick's Wren,Thryomanes bewickii,2026-04-10T01:02:14Z,09-Apr-2026,18:02:14,0.5,1
Bewick's Wren,Thryomanes bewickii,2026-04-10T01:01:49Z,09-Apr-2026,18:01:49,0.33,1
Bewick's Wren,Thryomanes bewickii,2026-04-10T01:01:41Z,09-Apr-2026,18:01:41,0.56,1
Bewick's Wren,Thryomanes bewickii,2026-04-10T01:01:29Z,09-Apr-2026,18:01:29,0.64,1
Bewick's Wren,Thryomanes bewickii,2026-04-10T01:01:18Z,09-Apr-2026,18:01:18,0.78,1
Bewick's Wren,Thryomanes bewickii,2026-04-10T01:01:08Z,09-Apr-2026,18:01:08,0.76,1
Bewick's Wren,Thryomanes bewickii,2026-04-10T01:01:01Z,09-Apr-2026,18:01:01,0.65,1
Bewick's Wren,Thryomanes bewickii,2026-04-10T01:00:54Z,09-Apr-2026,18:00:54,0.35,1
Bewick's Wren,Thryomanes bewickii,2026-04-10T01:00:46Z,09-Apr-2026,18:00:46,0.55,1
Bewick's Wren,Thryomanes bewickii,2026-04-10T01:00:35Z,09-Apr-2026,18:00:35,0.7,1
Bewick's Wren,Thryomanes bewickii,2026-04-10T01:00:27Z,09-Apr-2026,18:00:27,0.31,1
Bewick's Wren,Thryomanes bewickii,2026-04-10T01:00:10Z,09-Apr-2026,18:00:10,0.81,1
American Robin,Turdus migratorius,2026-04-10T00:58:53Z,09-Apr-2026,17:58:53,0.29,1
American Robin,Turdus migratorius,2026-04-10T00:58:45Z,09-Apr-2026,17:58:45,0.28,1
House Finch,Haemorhous mexicanus,2026-04-10T00:58:42Z,09-Apr-2026,17:58:42,0.8,1
American Robin,Turdus migratorius,2026-04-10T00:57:58Z,09-Apr-2026,17:57:58,0.7804,1
House Finch,Haemorhous mexicanus,2026-04-10T00:57:36Z,09-Apr-2026,17:57:36,0.28,1
Dark-eyed Junco,Junco hyemalis,2026-04-10T00:55:28Z,09-Apr-2026,17:55:28,0.8,1
Bewick's Wren,Thryomanes bewickii,2026-04-10T00:55:21Z,09-Apr-2026,17:55:21,0.29,1
Dark-eyed Junco,Junco hyemalis,2026-04-10T00:55:15Z,09-Apr-2026,17:55:15,0.35,1
Bewick's Wren,Thryomanes bewickii,2026-04-10T00:55:07Z,09-Apr-2026,17:55:07,0.27,1
Bewick's Wren,Thryomanes bewickii,2026-04-10T00:55:00Z,09-Apr-2026,17:55:00,0.34,1
Bewick's Wren,Thryomanes bewickii,2026-04-10T00:54:53Z,09-Apr-2026,17:54:53,0.47,1
Bewick's Wren,Thryomanes bewickii,2026-04-10T00:54:24Z,09-Apr-2026,17:54:24,0.74,1
Bewick's Wren,Thryomanes bewickii,2026-04-10T00:54:08Z,09-Apr-2026,17:54:08,0.77,1
Bewick's Wren,Thryomanes bewickii,2026-04-10T00:53:34Z,09-Apr-2026,17:53:34,0.96,1
Chestnut-backed Chickadee,Poecile rufescens,2026-04-10T00:51:30Z,09-Apr-2026,17:51:30,0.34,1
Chestnut-backed Chickadee,Poecile rufescens,2026-04-10T00:51:25Z,09-Apr-2026,17:51:25,0.8471,7
American Robin,Turdus migratorius,2026-04-10T00:51:00Z,09-Apr-2026,17:51:00,0.39,1
American Robin,Turdus migratorius,2026-04-10T00:50:47Z,09-Apr-2026,17:50:47,0.26,1
Dark-eyed Junco,Junco hyemalis,2026-04-10T00:50:05Z,09-Apr-2026,17:50:05,0.37,1
Chestnut-backed Chickadee,Poecile rufescens,2026-04-10T00:49:45Z,09-Apr-2026,17:49:45,0.35,1
Chestnut-backed Chickadee,Poecile rufescens,2026-04-10T00:49:28Z,09-Apr-2026,17:49:28,0.949,1
Chestnut-backed Chickadee,Poecile rufescens,2026-04-10T00:49:23Z,09-Apr-2026,17:49:23,0.57,1
Chestnut-backed Chickadee,Poecile rufescens,2026-04-10T00:49:09Z,09-Apr-2026,17:49:09,0.7,1
Chestnut-backed Chickadee,Poecile rufescens,2026-04-10T00:48:25Z,09-Apr-2026,17:48:25,0.9412,1
Black-capped Chickadee,Poecile atricapillus,2026-04-10T00:48:12Z,09-Apr-2026,17:48:12,0.42,1
Black-capped Chickadee,Poecile atricapillus,2026-04-10T00:47:06Z,09-Apr-2026,17:47:06,0.8627,1
Chestnut-backed Chickadee,Poecile rufescens,2026-04-10T00:46:34Z,09-Apr-2026,17:46:34,0.8157,2
Chestnut-backed Chickadee,Poecile rufescens,2026-04-10T00:45:25Z,09-Apr-2026,17:45:25,0.7804,6
Northern Flicker,Colaptes auratus,2026-04-10T00:44:16Z,09-Apr-2026,17:44:16,0.4,1
Chestnut-backed Chickadee,Poecile rufescens,2026-04-10T00:43:54Z,09-Apr-2026,17:43:54,0.8863,16
Chestnut-backed Chickadee,Poecile rufescens,2026-04-10T00:43:47Z,09-Apr-2026,17:43:47,0.28,1
Northern Flicker,Colaptes auratus,2026-04-10T00:43:24Z,09-Apr-2026,17:43:24,0.5,1
Northern Flicker,Colaptes auratus,2026-04-10T00:43:17Z,09-Apr-2026,17:43:17,0.53,1
Chestnut-backed Chickadee,Poecile rufescens,2026-04-10T00:42:12Z,09-Apr-2026,17:42:12,0.8157,1
Dark-eyed Junco,Junco hyemalis,2026-04-10T00:41:47Z,09-Apr-2026,17:41:47,0.27,1
Northern Flicker,Colaptes auratus,2026-04-10T00:40:55Z,09-Apr-2026,17:40:55,0.61,1
Dark-eyed Junco,Junco hyemalis,2026-04-10T00:40:34Z,09-Apr-2026,17:40:34,0.48,1
Dark-eyed Junco,Junco hyemalis,2026-04-10T00:40:28Z,09-Apr-2026,17:40:28,0.26,1
Northern Flicker,Colaptes auratus,2026-04-10T00:40:04Z,09-Apr-2026,17:40:04,0.64,1
Northern Flicker,Colaptes auratus,2026-04-10T00:39:51Z,09-Apr-2026,17:39:51,0.55,1
Northern Flicker,Colaptes auratus,2026-04-10T00:38:19Z,09-Apr-2026,17:38:19,0.64,1
Bushtit,Psaltriparus minimus,2026-04-10T00:36:24Z,09-Apr-2026,17:36:24,0.61,1
Steller's Jay,Cyanocitta stelleri,2026-04-10T00:35:48Z,09-Apr-2026,17:35:48,0.69,1
Chestnut-backed Chickadee,Poecile rufescens,2026-04-10T00:35:40Z,09-Apr-2026,17:35:40,0.32,1
Steller's Jay,Cyanocitta stelleri,2026-04-10T00:35:34Z,09-Apr-2026,17:35:34,0.41,1
Dark-eyed Junco,Junco hyemalis,2026-04-10T00:35:27Z,09-Apr-2026,17:35:27,0.36,1
Black-capped Chickadee,Poecile atricapillus,2026-04-10T00:35:20Z,09-Apr-2026,17:35:20,0.9098,1
Dark-eyed Junco,Junco hyemalis,2026-04-10T00:34:42Z,09-Apr-2026,17:34:42,0.7,1
Dark-eyed Junco,Junco hyemalis,2026-04-10T00:34:35Z,09-Apr-2026,17:34:35,0.51,1
Dark-eyed Junco,Junco hyemalis,2026-04-10T00:34:21Z,09-Apr-2026,17:34:21,0.45,1
Bewick's Wren,Thryomanes bewickii,2026-04-10T00:32:09Z,09-Apr-2026,17:32:09,0.75,1
Black-capped Chickadee,Poecile atricapillus,2026-04-10T00:31:39Z,09-Apr-2026,17:31:39,0.39,1
Bewick's Wren,Thryomanes bewickii,2026-04-10T00:31:33Z,09-Apr-2026,17:31:33,0.34,1
Bewick's Wren,Thryomanes bewickii,2026-04-10T00:31:26Z,09-Apr-2026,17:31:26,0.76,1
Bewick's Wren,Thryomanes bewickii,2026-04-10T00:31:04Z,09-Apr-2026,17:31:04,0.59,1
Bewick's Wren,Thryomanes bewickii,2026-04-10T00:30:54Z,09-Apr-2026,17:30:54,0.48,1
Bewick's Wren,Thryomanes bewickii,2026-04-10T00:30:26Z,09-Apr-2026,17:30:26,0.71,1
Bewick's Wren,Thryomanes bewickii,2026-04-10T00:30:05Z,09-Apr-2026,17:30:05,0.83,1
Bewick's Wren,Thryomanes bewickii,2026-04-10T00:29:55Z,09-Apr-2026,17:29:55,0.55,1
Bewick's Wren,Thryomanes bewickii,2026-04-10T00:29:47Z,09-Apr-2026,17:29:47,0.42,1
Bewick's Wren,Thryomanes bewickii,2026-04-10T00:29:33Z,09-Apr-2026,17:29:33,0.33,1
Bewick's Wren,Thryomanes bewickii,2026-04-10T00:29:26Z,09-Apr-2026,17:29:26,0.66,1
Bewick's Wren,Thryomanes bewickii,2026-04-10T00:29:11Z,09-Apr-2026,17:29:11,0.28,1
Bewick's Wren,Thryomanes bewickii,2026-04-10T00:29:04Z,09-Apr-2026,17:29:04,0.78,1
Bewick's Wren,Thryomanes bewickii,2026-04-10T00:28:43Z,09-Apr-2026,17:28:43,0.76,1
Bewick's Wren,Thryomanes bewickii,2026-04-10T00:28:15Z,09-Apr-2026,17:28:15,0.74,1
Bewick's Wren,Thryomanes bewickii,2026-04-10T00:28:09Z,09-Apr-2026,17:28:09,0.59,1
Bewick's Wren,Thryomanes bewickii,2026-04-10T00:27:47Z,09-Apr-2026,17:27:47,0.42,1
Bushtit,Psaltriparus minimus,2026-04-10T00:27:40Z,09-Apr-2026,17:27:40,0.36,1
Bushtit,Psaltriparus minimus,2026-04-10T00:27:33Z,09-Apr-2026,17:27:33,0.29,1
Bewick's Wren,Thryomanes bewickii,2026-04-10T00:27:19Z,09-Apr-2026,17:27:19,0.27,1
Anna's Hummingbird,Calypte anna,2026-04-10T00:26:32Z,09-Apr-2026,17:26:32,0.8745,1
Anna's Hummingbird,Calypte anna,2026-04-10T00:26:11Z,09-Apr-2026,17:26:11,0.28,1
Bushtit,Psaltriparus minimus,2026-04-10T00:25:34Z,09-Apr-2026,17:25:34,0.66,1
Barn Owl,Tyto alba,2026-04-10T00:24:08Z,09-Apr-2026,17:24:08,0.3,1
Bushtit,Psaltriparus minimus,2026-04-10T00:20:48Z,09-Apr-2026,17:20:48,0.97,1
Bushtit,Psaltriparus minimus,2026-04-10T00:20:42Z,09-Apr-2026,17:20:42,0.94,1
Bushtit,Psaltriparus minimus,2026-04-10T00:20:35Z,09-Apr-2026,17:20:35,0.65,1
Bushtit,Psaltriparus minimus,2026-04-10T00:20:28Z,09-Apr-2026,17:20:28,0.9,1
Bushtit,Psaltriparus minimus,2026-04-10T00:20:12Z,09-Apr-2026,17:20:12,0.32,1
Bewick's Wren,Thryomanes bewickii,2026-04-10T00:18:22Z,09-Apr-2026,17:18:22,0.5,1
Bewick's Wren,Thryomanes bewickii,2026-04-10T00:18:06Z,09-Apr-2026,17:18:06,0.54,1
Bewick's Wren,Thryomanes bewickii,2026-04-10T00:17:56Z,09-Apr-2026,17:17:56,0.48,1
Bewick's Wren,Thryomanes bewickii,2026-04-10T00:17:14Z,09-Apr-2026,17:17:14,0.62,1
Bewick's Wren,Thryomanes bewickii,2026-04-10T00:17:06Z,09-Apr-2026,17:17:06,0.5,1
Bewick's Wren,Thryomanes bewickii,2026-04-10T00:17:00Z,09-Apr-2026,17:17:00,0.42,1
Bewick's Wren,Thryomanes bewickii,2026-04-10T00:16:53Z,09-Apr-2026,17:16:53,0.51,1
Bewick's Wren,Thryomanes bewickii,2026-04-10T00:16:32Z,09-Apr-2026,17:16:32,0.32,1
Bewick's Wren,Thryomanes bewickii,2026-04-10T00:16:25Z,09-Apr-2026,17:16:25,0.49,1
Bewick's Wren,Thryomanes bewickii,2026-04-10T00:16:15Z,09-Apr-2026,17:16:15,0.54,1
Bewick's Wren,Thryomanes bewickii,2026-04-10T00:16:09Z,09-Apr-2026,17:16:09,0.64,1
Bewick's Wren,Thryomanes bewickii,2026-04-10T00:16:02Z,09-Apr-2026,17:16:02,0.59,1
Bewick's Wren,Thryomanes bewickii,2026-04-10T00:15:49Z,09-Apr-2026,17:15:49,0.75,1
Red-breasted Nuthatch,Sitta canadensis,2026-04-10T00:08:35Z,09-Apr-2026,17:08:35,0.43,1
Dark-eyed Junco,Junco hyemalis,2026-04-10T00:05:44Z,09-Apr-2026,17:05:44,0.66,1
Dark-eyed Junco,Junco hyemalis,2026-04-10T00:05:24Z,09-Apr-2026,17:05:24,0.33,1
Dark-eyed Junco,Junco hyemalis,2026-04-10T00:05:18Z,09-Apr-2026,17:05:18,0.31,1
Dark-eyed Junco,Junco hyemalis,2026-04-10T00:05:03Z,09-Apr-2026,17:05:03,0.3,1
Dark-eyed Junco,Junco hyemalis,2026-04-10T00:04:24Z,09-Apr-2026,17:04:24,0.28,1
Dark-eyed Junco,Junco hyemalis,2026-04-10T00:04:04Z,09-Apr-2026,17:04:04,0.32,1
Dark-eyed Junco,Junco hyemalis,2026-04-10T00:03:57Z,09-Apr-2026,17:03:57,0.27,1
Orange-crowned Warbler,Leiothlypis celata,2026-04-10T00:02:10Z,09-Apr-2026,17:02:10,0.38,1
Dark-eyed Junco,Junco hyemalis,2026-04-10T00:01:19Z,09-Apr-2026,17:01:19,0.44,1
