Species,Scientific Name,UTC Date,Local Date,Local Time,Score,Count
Black-capped Chickadee,Poecile atricapillus,2026-04-21T23:59:27Z,21-Apr-2026,16:59:27,0.69,1
Black-capped Chickadee,Poecile atricapillus,2026-04-21T23:58:56Z,21-Apr-2026,16:58:56,0.8157,2
Black-capped Chickadee,Poecile atricapillus,2026-04-21T23:57:35Z,21-Apr-2026,16:57:35,0.8471,4
Dark-eyed Junco,Junco hyemalis,2026-04-21T23:56:51Z,21-Apr-2026,16:56:51,0.36,1
Black-capped Chickadee,Poecile atricapillus,2026-04-21T23:55:22Z,21-Apr-2026,16:55:22,0.7804,2
Downy Woodpecker,Dryobates pubescens,2026-04-21T23:55:15Z,21-Apr-2026,16:55:15,0.31,1
Chestnut-backed Chickadee,Poecile rufescens,2026-04-21T23:54:50Z,21-Apr-2026,16:54:50,0.9412,1
Black-capped Chickadee,Poecile atricapillus,2026-04-21T23:54:12Z,21-Apr-2026,16:54:12,0.8,1
Mountain Chickadee,Poecile gambeli,2026-04-21T23:53:02Z,21-Apr-2026,16:53:02,0.28,1
House Finch,Haemorhous mexicanus,2026-04-21T23:52:41Z,21-Apr-2026,16:52:41,0.8863,2
House Finch,Haemorhous mexicanus,2026-04-21T23:50:16Z,21-Apr-2026,16:50:16,0.7804,1
Chestnut-backed Chickadee,Poecile rufescens,2026-04-21T23:50:05Z,21-Apr-2026,16:50:05,0.9176,1
Chestnut-backed Chickadee,Poecile rufescens,2026-04-21T23:48:21Z,21-Apr-2026,16:48:21,0.6,1
Chestnut-backed Chickadee,Poecile rufescens,2026-04-21T23:48:13Z,21-Apr-2026,16:48:13,0.9647,12
Chestnut-backed Chickadee,Poecile rufescens,2026-04-21T23:47:03Z,21-Apr-2026,16:47:03,0.9176,9
American Robin,Turdus migratorius,2026-04-21T23:46:21Z,21-Apr-2026,16:46:21,0.8,1
Chestnut-backed Chickadee,Poecile rufescens,2026-04-21T23:46:07Z,21-Apr-2026,16:46:07,0.57,1
Chestnut-backed Chickadee,Poecile rufescens,2026-04-21T23:46:00Z,21-Apr-2026,16:46:00,0.9412,6
Chestnut-backed Chickadee,Poecile rufescens,2026-04-21T23:44:57Z,21-Apr-2026,16:44:57,0.9333,1
American Robin,Turdus migratorius,2026-04-21T23:42:42Z,21-Apr-2026,16:42:42,0.28,1
Mountain Chickadee,Poecile gambeli,2026-04-21T23:39:28Z,21-Apr-2026,16:39:28,0.27,1
American Robin,Turdus migratorius,2026-04-21T23:33:45Z,21-Apr-2026,16:33:45,0.35,1
House Finch,Haemorhous mexicanus,2026-04-21T23:31:12Z,21-Apr-2026,16:31:12,0.65,1
Bewick's Wren,Thryomanes bewickii,2026-04-21T23:28:02Z,21-Apr-2026,16:28:02,0.33,1
Downy Woodpecker,Dryobates pubescens,2026-04-21T23:26:55Z,21-Apr-2026,16:26:55,0.35,1
Dark-eyed Junco,Junco hyemalis,2026-04-21T23:14:00Z,21-Apr-2026,16:14:00,0.36,1
Bewick's Wren,Thryomanes bewickii,2026-04-21T23:06:09Z,21-Apr-2026,16:06:09,0.3,1
Orange-crowned Warbler,Leiothlypis celata,2026-04-21T23:01:12Z,21-Apr-2026,16:01:12,0.29,1
Black-capped Chickadee,Poecile atricapillus,2026-04-21T22:58:19Z,21-Apr-2026,15:58:19,0.8314,4
Black-capped Chickadee,Poecile atricapillus,2026-04-21T22:57:48Z,21-Apr-2026,15:57:48,0.46,1
Black-capped Chickadee,Poecile atricapillus,2026-04-21T22:57:18Z,21-Apr-2026,15:57:18,0.9176,1
Black-capped Chickadee,Poecile atricapillus,2026-04-21T22:56:36Z,21-Apr-2026,15:56:36,0.39,1
American Crow,Corvus brachyrhynchos,2026-04-21T22:43:48Z,21-Apr-2026,15:43:48,0.28,1
American Crow,Corvus brachyrhynchos,2026-04-21T22:41:15Z,21-Apr-2026,15:41:15,0.7804,1
Dark-eyed Junco,Junco hyemalis,2026-04-21T22:25:45Z,21-Apr-2026,15:25:45,0.38,1
House Finch,Haemorhous mexicanus,2026-04-21T22:14:54Z,21-Apr-2026,15:14:54,0.8157,3
House Finch,Haemorhous mexicanus,2026-04-21T22:14:12Z,21-Apr-2026,15:14:12,0.28,1
Chestnut-backed Chickadee,Poecile rufescens,2026-04-21T22:14:00Z,21-Apr-2026,15:14:00,0.38,1
House Finch,Haemorhous mexicanus,2026-04-21T22:13:26Z,21-Apr-2026,15:13:26,0.7804,1
Black-capped Chickadee,Poecile atricapillus,2026-04-21T22:12:58Z,21-Apr-2026,15:12:58,0.41,1
Black-capped Chickadee,Poecile atricapillus,2026-04-21T22:12:38Z,21-Apr-2026,15:12:38,0.8863,1
House Finch,Haemorhous mexicanus,2026-04-21T22:12:28Z,21-Apr-2026,15:12:28,0.41,1
Black-capped Chickadee,Poecile atricapillus,2026-04-21T22:11:35Z,21-Apr-2026,15:11:35,0.8314,2
Chipping Sparrow,Spizella passerina,2026-04-21T22:10:55Z,21-Apr-2026,15:10:55,0.41,1
Black-capped Chickadee,Poecile atricapillus,2026-04-21T22:10:27Z,21-Apr-2026,15:10:27,0.8,2
Black-capped Chickadee,Poecile atricapillus,2026-04-21T22:09:43Z,21-Apr-2026,15:09:43,0.62,1
Black-capped Chickadee,Poecile atricapillus,2026-04-21T22:09:19Z,21-Apr-2026,15:09:19,0.8157,3
Black-capped Chickadee,Poecile atricapillus,2026-04-21T22:07:54Z,21-Apr-2026,15:07:54,0.8745,1
Chestnut-backed Chickadee,Poecile rufescens,2026-04-21T22:06:31Z,21-Apr-2026,15:06:31,0.56,1
Chestnut-backed Chickadee,Poecile rufescens,2026-04-21T22:06:24Z,21-Apr-2026,15:06:24,0.949,4
Chestnut-backed Chickadee,Poecile rufescens,2026-04-21T22:05:52Z,21-Apr-2026,15:05:52,0.32,1
Chestnut-backed Chickadee,Poecile rufescens,2026-04-21T22:05:13Z,21-Apr-2026,15:05:13,0.8157,1
Chestnut-backed Chickadee,Poecile rufescens,2026-04-21T22:05:00Z,21-Apr-2026,15:05:00,0.59,1
Chestnut-backed Chickadee,Poecile rufescens,2026-04-21T22:04:47Z,21-Apr-2026,15:04:47,0.66,1
Chestnut-backed Chickadee,Poecile rufescens,2026-04-21T22:04:40Z,21-Apr-2026,15:04:40,0.45,1
Chestnut-backed Chickadee,Poecile rufescens,2026-04-21T22:04:05Z,21-Apr-2026,15:04:05,0.8471,7
American Crow,Corvus brachyrhynchos,2026-04-21T22:03:36Z,21-Apr-2026,15:03:36,0.7804,4
Chestnut-backed Chickadee,Poecile rufescens,2026-04-21T22:03:17Z,21-Apr-2026,15:03:17,0.27,1
Chestnut-backed Chickadee,Poecile rufescens,2026-04-21T22:03:04Z,21-Apr-2026,15:03:04,0.44,1
Chestnut-backed Chickadee,Poecile rufescens,2026-04-21T22:02:49Z,21-Apr-2026,15:02:49,0.8627,5
Chestnut-backed Chickadee,Poecile rufescens,2026-04-21T22:02:39Z,21-Apr-2026,15:02:39,0.45,1
Chestnut-backed Chickadee,Poecile rufescens,2026-04-21T22:02:32Z,21-Apr-2026,15:02:32,0.47,1
Chestnut-backed Chickadee,Poecile rufescens,2026-04-21T22:01:58Z,21-Apr-2026,15:01:58,0.46,1
Chestnut-backed Chickadee,Poecile rufescens,2026-04-21T22:01:33Z,21-Apr-2026,15:01:33,0.29,1
Chestnut-backed Chickadee,Poecile rufescens,2026-04-21T22:01:27Z,21-Apr-2026,15:01:27,0.9412,8
Chestnut-backed Chickadee,Poecile rufescens,2026-04-21T22:01:11Z,21-Apr-2026,15:01:11,0.47,1
Chestnut-backed Chickadee,Poecile rufescens,2026-04-21T22:00:23Z,21-Apr-2026,15:00:23,0.8863,3
Chestnut-backed Chickadee,Poecile rufescens,2026-04-21T21:58:23Z,21-Apr-2026,14:58:23,0.79,1
Chestnut-backed Chickadee,Poecile rufescens,2026-04-21T21:58:12Z,21-Apr-2026,14:58:12,0.54,1
Chestnut-backed Chickadee,Poecile rufescens,2026-04-21T21:57:20Z,21-Apr-2026,14:57:20,0.9686,1
American Crow,Corvus brachyrhynchos,2026-04-21T21:55:41Z,21-Apr-2026,14:55:41,0.8745,1
Chestnut-backed Chickadee,Poecile rufescens,2026-04-21T21:54:18Z,21-Apr-2026,14:54:18,0.64,1
Chestnut-backed Chickadee,Poecile rufescens,2026-04-21T21:54:11Z,21-Apr-2026,14:54:11,0.9529,5
Chestnut-backed Chickadee,Poecile rufescens,2026-04-21T21:53:08Z,21-Apr-2026,14:53:08,0.8157,1
American Crow,Corvus brachyrhynchos,2026-04-21T21:50:59Z,21-Apr-2026,14:50:59,0.8863,1
Chestnut-backed Chickadee,Poecile rufescens,2026-04-21T21:48:59Z,21-Apr-2026,14:48:59,0.34,1
Chestnut-backed Chickadee,Poecile rufescens,2026-04-21T21:47:54Z,21-Apr-2026,14:47:54,0.8627,1
Bewick's Wren,Thryomanes bewickii,2026-04-21T21:46:34Z,21-Apr-2026,14:46:34,0.37,1
Bewick's Wren,Thryomanes bewickii,2026-04-21T21:46:26Z,21-Apr-2026,14:46:26,0.49,1
Bewick's Wren,Thryomanes bewickii,2026-04-21T21:43:40Z,21-Apr-2026,14:43:40,0.36,1
Dark-eyed Junco,Junco hyemalis,2026-04-21T21:42:05Z,21-Apr-2026,14:42:05,0.4,1
Red-breasted Nuthatch,Sitta canadensis,2026-04-21T21:40:14Z,21-Apr-2026,14:40:14,0.55,1
American Robin,Turdus migratorius,2026-04-21T21:37:24Z,21-Apr-2026,14:37:24,0.46,1
American Crow,Corvus brachyrhynchos,2026-04-21T21:36:37Z,21-Apr-2026,14:36:37,0.8,1
Bewick's Wren,Thryomanes bewickii,2026-04-21T21:25:47Z,21-Apr-2026,14:25:47,0.33,1
Dark-eyed Junco,Junco hyemalis,2026-04-21T21:24:56Z,21-Apr-2026,14:24:56,0.57,1
Bewick's Wren,Thryomanes bewickii,2026-04-21T21:24:22Z,21-Apr-2026,14:24:22,0.67,1
Black-capped Chickadee,Poecile atricapillus,2026-04-21T21:23:34Z,21-Apr-2026,14:23:34,0.46,1
Black-capped Chickadee,Poecile atricapillus,2026-04-21T21:23:27Z,21-Apr-2026,14:23:27,0.29,1
Black-capped Chickadee,Poecile atricapillus,2026-04-21T21:23:23Z,21-Apr-2026,14:23:23,0.8863,1
Chestnut-backed Chickadee,Poecile rufescens,2026-04-21T21:22:35Z,21-Apr-2026,14:22:35,0.36,1
Black-capped Chickadee,Poecile atricapillus,2026-04-21T21:21:39Z,21-Apr-2026,14:21:39,0.898,1
Mountain Chickadee,Poecile gambeli,2026-04-21T21:21:32Z,21-Apr-2026,14:21:32,0.34,1
Mountain Chickadee,Poecile gambeli,2026-04-21T21:19:51Z,21-Apr-2026,14:19:51,0.28,1
Black-capped Chickadee,Poecile atricapillus,2026-04-21T21:19:28Z,21-Apr-2026,14:19:28,0.8863,1
Black-capped Chickadee,Poecile atricapillus,2026-04-21T21:19:25Z,21-Apr-2026,14:19:25,0.46,1
House Finch,Haemorhous mexicanus,2026-04-21T21:16:44Z,21-Apr-2026,14:16:44,0.7804,1
Downy Woodpecker,Dryobates pubescens,2026-04-21T21:14:59Z,21-Apr-2026,14:14:59,0.6,1
Downy Woodpecker,Dryobates pubescens,2026-04-21T21:14:39Z,21-Apr-2026,14:14:39,0.34,1
House Finch,Haemorhous mexicanus,2026-04-21T21:13:25Z,21-Apr-2026,14:13:25,0.8471,1
House Finch,Haemorhous mexicanus,2026-04-21T21:11:01Z,21-Apr-2026,14:11:01,0.27,1
Dark-eyed Junco,Junco hyemalis,2026-04-21T21:10:06Z,21-Apr-2026,14:10:06,0.29,1
House Finch,Haemorhous mexicanus,2026-04-21T21:09:08Z,21-Apr-2026,14:09:08,0.8314,1
Dark-eyed Junco,Junco hyemalis,2026-04-21T21:08:48Z,21-Apr-2026,14:08:48,0.29,1
Song Sparrow,Melospiza melodia,2026-04-21T21:08:15Z,21-Apr-2026,14:08:15,0.35,1
House Finch,Haemorhous mexicanus,2026-04-21T21:05:04Z,21-Apr-2026,14:05:04,0.7804,1
Anna's Hummingbird,Calypte anna,2026-04-21T21:02:50Z,21-Apr-2026,14:02:50,0.9098,1
House Finch,Haemorhous mexicanus,2026-04-21T21:00:28Z,21-Apr-2026,14:00:28,0.33,1
House Finch,Haemorhous mexicanus,2026-04-21T20:59:09Z,21-Apr-2026,13:59:09,0.8,2
Chestnut-backed Chickadee,Poecile rufescens,2026-04-21T20:56:46Z,21-Apr-2026,13:56:46,0.9176,7
Chestnut-backed Chickadee,Poecile rufescens,2026-04-21T20:56:12Z,21-Apr-2026,13:56:12,0.34,1
Chestnut-backed Chickadee,Poecile rufescens,2026-04-21T20:55:49Z,21-Apr-2026,13:55:49,0.31,1
Chestnut-backed Chickadee,Poecile rufescens,2026-04-21T20:55:45Z,21-Apr-2026,13:55:45,0.7804,1
House Finch,Haemorhous mexicanus,2026-04-21T20:54:03Z,21-Apr-2026,13:54:03,0.8157,2
House Finch,Haemorhous mexicanus,2026-04-21T20:50:37Z,21-Apr-2026,13:50:37,0.8745,2
House Finch,Haemorhous mexicanus,2026-04-21T20:49:23Z,21-Apr-2026,13:49:23,0.8471,6
House Finch,Haemorhous mexicanus,2026-04-21T20:48:13Z,21-Apr-2026,13:48:13,0.8471,1
Chestnut-backed Chickadee,Poecile rufescens,2026-04-21T20:45:21Z,21-Apr-2026,13:45:21,0.33,1
Chestnut-backed Chickadee,Poecile rufescens,2026-04-21T20:44:58Z,21-Apr-2026,13:44:58,0.8471,1
House Finch,Haemorhous mexicanus,2026-04-21T20:44:45Z,21-Apr-2026,13:44:45,0.8745,1
Chestnut-backed Chickadee,Poecile rufescens,2026-04-21T20:43:46Z,21-Apr-2026,13:43:46,0.9765,5
Downy Woodpecker,Dryobates pubescens,2026-04-21T20:43:33Z,21-Apr-2026,13:43:33,0.89,1
House Finch,Haemorhous mexicanus,2026-04-21T20:41:10Z,21-Apr-2026,13:41:10,0.6,1
Black-capped Chickadee,Poecile atricapillus,2026-04-21T20:40:27Z,21-Apr-2026,13:40:27,0.9333,3
House Finch,Haemorhous mexicanus,2026-04-21T20:40:19Z,21-Apr-2026,13:40:19,0.9176,4
Downy Woodpecker,Dryobates pubescens,2026-04-21T20:39:43Z,21-Apr-2026,13:39:43,0.43,1
House Finch,Haemorhous mexicanus,2026-04-21T20:39:16Z,21-Apr-2026,13:39:16,0.8471,1
Black-capped Chickadee,Poecile atricapillus,2026-04-21T20:38:48Z,21-Apr-2026,13:38:48,0.37,1
Black-capped Chickadee,Poecile atricapillus,2026-04-21T20:38:40Z,21-Apr-2026,13:38:40,0.56,1
Black-capped Chickadee,Poecile atricapillus,2026-04-21T20:38:17Z,21-Apr-2026,13:38:17,0.9529,1
Black-capped Chickadee,Poecile atricapillus,2026-04-21T20:38:12Z,21-Apr-2026,13:38:12,0.79,1
Chestnut-backed Chickadee,Poecile rufescens,2026-04-21T20:38:05Z,21-Apr-2026,13:38:05,0.72,1
Chestnut-backed Chickadee,Poecile rufescens,2026-04-21T20:37:40Z,21-Apr-2026,13:37:40,0.9569,1
Chestnut-backed Chickadee,Poecile rufescens,2026-04-21T20:37:19Z,21-Apr-2026,13:37:19,0.44,1
House Finch,Haemorhous mexicanus,2026-04-21T20:37:14Z,21-Apr-2026,13:37:14,0.7804,5
House Finch,Haemorhous mexicanus,2026-04-21T20:36:10Z,21-Apr-2026,13:36:10,0.7804,3
House Finch,Haemorhous mexicanus,2026-04-21T20:35:06Z,21-Apr-2026,13:35:06,0.8863,1
American Robin,Turdus migratorius,2026-04-21T20:34:58Z,21-Apr-2026,13:34:58,0.4,1
American Robin,Turdus migratorius,2026-04-21T20:34:31Z,21-Apr-2026,13:34:31,0.37,1
House Finch,Haemorhous mexicanus,2026-04-21T20:33:54Z,21-Apr-2026,13:33:54,0.8,1
House Finch,Haemorhous mexicanus,2026-04-21T20:33:36Z,21-Apr-2026,13:33:36,0.26,1
House Finch,Haemorhous mexicanus,2026-04-21T20:33:01Z,21-Apr-2026,13:33:01,0.34,1
House Finch,Haemorhous mexicanus,2026-04-21T20:32:49Z,21-Apr-2026,13:32:49,0.7804,2
House Finch,Haemorhous mexicanus,2026-04-21T20:31:46Z,21-Apr-2026,13:31:46,0.27,1
House Finch,Haemorhous mexicanus,2026-04-21T20:30:53Z,21-Apr-2026,13:30:53,0.8627,2
House Finch,Haemorhous mexicanus,2026-04-21T20:30:49Z,21-Apr-2026,13:30:49,0.29,1
House Finch,Haemorhous mexicanus,2026-04-21T20:30:12Z,21-Apr-2026,13:30:12,0.29,1
House Finch,Haemorhous mexicanus,2026-04-21T20:29:24Z,21-Apr-2026,13:29:24,0.8627,2
American Robin,Turdus migratorius,2026-04-21T20:28:35Z,21-Apr-2026,13:28:35,0.31,1
Chestnut-backed Chickadee,Poecile rufescens,2026-04-21T20:27:32Z,21-Apr-2026,13:27:32,0.7804,1
House Finch,Haemorhous mexicanus,2026-04-21T20:26:15Z,21-Apr-2026,13:26:15,0.898,1
Chestnut-backed Chickadee,Poecile rufescens,2026-04-21T20:26:04Z,21-Apr-2026,13:26:04,0.8745,1
Chestnut-backed Chickadee,Poecile rufescens,2026-04-21T20:25:24Z,21-Apr-2026,13:25:24,0.52,1
Chestnut-backed Chickadee,Poecile rufescens,2026-04-21T20:22:42Z,21-Apr-2026,13:22:42,0.9804,4
American Robin,Turdus migratorius,2026-04-21T20:21:58Z,21-Apr-2026,13:21:58,0.8627,1
Chestnut-backed Chickadee,Poecile rufescens,2026-04-21T20:21:25Z,21-Apr-2026,13:21:25,0.8157,4
House Finch,Haemorhous mexicanus,2026-04-21T20:20:57Z,21-Apr-2026,13:20:57,0.71,1
House Finch,Haemorhous mexicanus,2026-04-21T20:20:09Z,21-Apr-2026,13:20:09,0.47,1
Chestnut-backed Chickadee,Poecile rufescens,2026-04-21T20:19:42Z,21-Apr-2026,13:19:42,0.77,1
American Robin,Turdus migratorius,2026-04-21T20:19:35Z,21-Apr-2026,13:19:35,0.26,1
Chestnut-backed Chickadee,Poecile rufescens,2026-04-21T20:19:27Z,21-Apr-2026,13:19:27,0.37,1
American Robin,Turdus migratorius,2026-04-21T20:19:04Z,21-Apr-2026,13:19:04,0.8157,1
Chestnut-backed Chickadee,Poecile rufescens,2026-04-21T20:18:55Z,21-Apr-2026,13:18:55,0.7804,3
American Robin,Turdus migratorius,2026-04-21T20:18:48Z,21-Apr-2026,13:18:48,0.27,1
Chestnut-backed Chickadee,Poecile rufescens,2026-04-21T20:17:47Z,21-Apr-2026,13:17:47,0.8745,4
Chestnut-backed Chickadee,Poecile rufescens,2026-04-21T20:17:33Z,21-Apr-2026,13:17:33,0.36,1
Chestnut-backed Chickadee,Poecile rufescens,2026-04-21T20:16:39Z,21-Apr-2026,13:16:39,0.28,1
Chestnut-backed Chickadee,Poecile rufescens,2026-04-21T20:16:32Z,21-Apr-2026,13:16:32,0.78,1
Chestnut-backed Chickadee,Poecile rufescens,2026-04-21T20:16:27Z,21-Apr-2026,13:16:27,0.7804,1
House Finch,Haemorhous mexicanus,2026-04-21T20:13:21Z,21-Apr-2026,13:13:21,0.8157,1
American Robin,Turdus migratorius,2026-04-21T20:07:59Z,21-Apr-2026,13:07:59,0.47,1
American Robin,Turdus migratorius,2026-04-21T20:07:27Z,21-Apr-2026,13:07:27,0.62,1
American Robin,Turdus migratorius,2026-04-21T20:07:15Z,21-Apr-2026,13:07:15,0.7804,2
House Finch,Haemorhous mexicanus,2026-04-21T20:05:20Z,21-Apr-2026,13:05:20,0.8314,1
American Robin,Turdus migratorius,2026-04-21T20:05:11Z,21-Apr-2026,13:05:11,0.9255,1
Chestnut-backed Chickadee,Poecile rufescens,2026-04-21T20:03:50Z,21-Apr-2026,13:03:50,0.9333,8
House Finch,Haemorhous mexicanus,2026-04-21T20:03:16Z,21-Apr-2026,13:03:16,0.32,1
Chestnut-backed Chickadee,Poecile rufescens,2026-04-21T20:02:49Z,21-Apr-2026,13:02:49,0.9529,8
Dark-eyed Junco,Junco hyemalis,2026-04-21T20:02:45Z,21-Apr-2026,13:02:45,0.55,1
Chestnut-backed Chickadee,Poecile rufescens,2026-04-21T20:01:57Z,21-Apr-2026,13:01:57,0.46,1
Chestnut-backed Chickadee,Poecile rufescens,2026-04-21T20:01:44Z,21-Apr-2026,13:01:44,0.8471,5
Chestnut-backed Chickadee,Poecile rufescens,2026-04-21T20:01:36Z,21-Apr-2026,13:01:36,0.49,1
Chestnut-backed Chickadee,Poecile rufescens,2026-04-21T20:00:40Z,21-Apr-2026,13:00:40,0.8314,2
Chestnut-backed Chickadee,Poecile rufescens,2026-04-21T20:00:33Z,21-Apr-2026,13:00:33,0.56,1
Chestnut-backed Chickadee,Poecile rufescens,2026-04-21T20:00:12Z,21-Apr-2026,13:00:12,0.48,1
Chestnut-backed Chickadee,Poecile rufescens,2026-04-21T19:59:39Z,21-Apr-2026,12:59:39,0.8745,7
Chestnut-backed Chickadee,Poecile rufescens,2026-04-21T19:58:36Z,21-Apr-2026,12:58:36,0.9176,3
Dark-eyed Junco,Junco hyemalis,2026-04-21T19:58:19Z,21-Apr-2026,12:58:19,0.32,1
Dark-eyed Junco,Junco hyemalis,2026-04-21T19:58:06Z,21-Apr-2026,12:58:06,0.38,1
American Crow,Corvus brachyrhynchos,2026-04-21T19:57:59Z,21-Apr-2026,12:57:59,0.8471,1
Chestnut-backed Chickadee,Poecile rufescens,2026-04-21T19:57:34Z,21-Apr-2026,12:57:34,0.9412,6
Chestnut-backed Chickadee,Poecile rufescens,2026-04-21T19:56:26Z,21-Apr-2026,12:56:26,0.9765,9
Dark-eyed Junco,Junco hyemalis,2026-04-21T19:56:19Z,21-Apr-2026,12:56:19,0.37,1
Dark-eyed Junco,Junco hyemalis,2026-04-21T19:56:06Z,21-Apr-2026,12:56:06,0.6,1
Dark-eyed Junco,Junco hyemalis,2026-04-21T19:55:40Z,21-Apr-2026,12:55:40,0.27,1
Chestnut-backed Chickadee,Poecile rufescens,2026-04-21T19:55:04Z,21-Apr-2026,12:55:04,0.9804,1
Dark-eyed Junco,Junco hyemalis,2026-04-21T19:53:33Z,21-Apr-2026,12:53:33,0.32,1
Dark-eyed Junco,Junco hyemalis,2026-04-21T19:52:10Z,21-Apr-2026,12:52:10,0.39,1
Dark-eyed Junco,Junco hyemalis,2026-04-21T19:51:40Z,21-Apr-2026,12:51:40,0.28,1
Dark-eyed Junco,Junco hyemalis,2026-04-21T19:51:33Z,21-Apr-2026,12:51:33,0.53,1
Dark-eyed Junco,Junco hyemalis,2026-04-21T19:51:16Z,21-Apr-2026,12:51:16,0.3,1
Red-breasted Nuthatch,Sitta canadensis,2026-04-21T19:46:42Z,21-Apr-2026,12:46:42,0.28,1
Bewick's Wren,Thryomanes bewickii,2026-04-21T19:42:23Z,21-Apr-2026,12:42:23,0.58,1
Dark-eyed Junco,Junco hyemalis,2026-04-21T19:41:58Z,21-Apr-2026,12:41:58,0.7804,1
Dark-eyed Junco,Junco hyemalis,2026-04-21T19:41:20Z,21-Apr-2026,12:41:20,0.44,1
Bewick's Wren,Thryomanes bewickii,2026-04-21T19:39:24Z,21-Apr-2026,12:39:24,0.76,1
Bewick's Wren,Thryomanes bewickii,2026-04-21T19:38:16Z,21-Apr-2026,12:38:16,0.64,1
Bewick's Wren,Thryomanes bewickii,2026-04-21T19:38:06Z,21-Apr-2026,12:38:06,0.27,1
Steller's Jay,Cyanocitta stelleri,2026-04-21T19:37:03Z,21-Apr-2026,12:37:03,0.8157,1
House Finch,Haemorhous mexicanus,2026-04-21T19:36:34Z,21-Apr-2026,12:36:34,0.949,5
House Finch,Haemorhous mexicanus,2026-04-21T19:36:20Z,21-Apr-2026,12:36:20,0.26,1
Bewick's Wren,Thryomanes bewickii,2026-04-21T19:35:50Z,21-Apr-2026,12:35:50,0.36,1
House Finch,Haemorhous mexicanus,2026-04-21T19:35:45Z,21-Apr-2026,12:35:45,0.47,1
House Finch,Haemorhous mexicanus,2026-04-21T19:35:12Z,21-Apr-2026,12:35:12,0.8,1
Bewick's Wren,Thryomanes bewickii,2026-04-21T19:34:43Z,21-Apr-2026,12:34:43,0.31,1
Black-capped Chickadee,Poecile atricapillus,2026-04-21T19:34:36Z,21-Apr-2026,12:34:36,0.8471,1
Black-capped Chickadee,Poecile atricapillus,2026-04-21T19:33:34Z,21-Apr-2026,12:33:34,0.45,1
Black-capped Chickadee,Poecile atricapillus,2026-04-21T19:33:27Z,21-Apr-2026,12:33:27,0.8,1
Evening Grosbeak,Coccothraustes vespertinus,2026-04-21T19:32:55Z,21-Apr-2026,12:32:55,0.29,1
House Finch,Haemorhous mexicanus,2026-04-21T19:31:14Z,21-Apr-2026,12:31:14,0.8471,2
House Finch,Haemorhous mexicanus,2026-04-21T19:30:12Z,21-Apr-2026,12:30:12,0.26,1
House Finch,Haemorhous mexicanus,2026-04-21T19:29:00Z,21-Apr-2026,12:29:00,0.8157,1
Bewick's Wren,Thryomanes bewickii,2026-04-21T19:28:49Z,21-Apr-2026,12:28:49,0.46,1
Bewick's Wren,Thryomanes bewickii,2026-04-21T19:28:34Z,21-Apr-2026,12:28:34,0.36,1
Bewick's Wren,Thryomanes bewickii,2026-04-21T19:28:11Z,21-Apr-2026,12:28:11,0.71,1
Bushtit,Psaltriparus minimus,2026-04-21T19:27:42Z,21-Apr-2026,12:27:42,0.96,1
Bushtit,Psaltriparus minimus,2026-04-21T19:27:36Z,21-Apr-2026,12:27:36,0.95,1
Bushtit,Psaltriparus minimus,2026-04-21T19:27:29Z,21-Apr-2026,12:27:29,0.99,1
Bewick's Wren,Thryomanes bewickii,2026-04-21T19:27:22Z,21-Apr-2026,12:27:22,0.35,1
Bushtit,Psaltriparus minimus,2026-04-21T19:27:15Z,21-Apr-2026,12:27:15,0.97,1
Bushtit,Psaltriparus minimus,2026-04-21T19:27:07Z,21-Apr-2026,12:27:07,0.87,1
Bushtit,Psaltriparus minimus,2026-04-21T19:27:00Z,21-Apr-2026,12:27:00,0.93,1
Bewick's Wren,Thryomanes bewickii,2026-04-21T19:26:53Z,21-Apr-2026,12:26:53,0.75,1
Bewick's Wren,Thryomanes bewickii,2026-04-21T19:26:45Z,21-Apr-2026,12:26:45,0.53,1
Bewick's Wren,Thryomanes bewickii,2026-04-21T19:26:39Z,21-Apr-2026,12:26:39,0.61,1
Bewick's Wren,Thryomanes bewickii,2026-04-21T19:26:03Z,21-Apr-2026,12:26:03,0.57,1
Bewick's Wren,Thryomanes bewickii,2026-04-21T19:25:39Z,21-Apr-2026,12:25:39,0.8,1
Bewick's Wren,Thryomanes bewickii,2026-04-21T19:25:29Z,21-Apr-2026,12:25:29,0.49,1
House Finch,Haemorhous mexicanus,2026-04-21T19:24:54Z,21-Apr-2026,12:24:54,0.8157,1
Anna's Hummingbird,Calypte anna,2026-04-21T19:24:15Z,21-Apr-2026,12:24:15,0.9098,1
House Finch,Haemorhous mexicanus,2026-04-21T19:23:48Z,21-Apr-2026,12:23:48,0.8157,1
Black-capped Chickadee,Poecile atricapillus,2026-04-21T19:23:37Z,21-Apr-2026,12:23:37,0.49,1
House Finch,Haemorhous mexicanus,2026-04-21T19:22:43Z,21-Apr-2026,12:22:43,0.41,1
Hammond's Flycatcher,Empidonax hammondii,2026-04-21T19:21:06Z,21-Apr-2026,12:21:06,0.45,1
Black-capped Chickadee,Poecile atricapillus,2026-04-21T19:20:35Z,21-Apr-2026,12:20:35,0.9098,1
American Robin,Turdus migratorius,2026-04-21T19:15:54Z,21-Apr-2026,12:15:54,0.34,1
Bewick's Wren,Thryomanes bewickii,2026-04-21T19:14:49Z,21-Apr-2026,12:14:49,0.41,1
Bewick's Wren,Thryomanes bewickii,2026-04-21T19:14:42Z,21-Apr-2026,12:14:42,0.47,1
Bewick's Wren,Thryomanes bewickii,2026-04-21T19:13:07Z,21-Apr-2026,12:13:07,0.69,1
Bewick's Wren,Thryomanes bewickii,2026-04-21T19:12:27Z,21-Apr-2026,12:12:27,0.27,1
Bewick's Wren,Thryomanes bewickii,2026-04-21T19:12:20Z,21-Apr-2026,12:12:20,0.35,1
Dark-eyed Junco,Junco hyemalis,2026-04-21T19:11:51Z,21-Apr-2026,12:11:51,0.28,1
Dark-eyed Junco,Junco hyemalis,2026-04-21T19:11:44Z,21-Apr-2026,12:11:44,0.27,1
Bewick's Wren,Thryomanes bewickii,2026-04-21T19:11:37Z,21-Apr-2026,12:11:37,0.26,1
Bewick's Wren,Thryomanes bewickii,2026-04-21T19:11:17Z,21-Apr-2026,12:11:17,0.49,1
Bewick's Wren,Thryomanes bewickii,2026-04-21T19:11:10Z,21-Apr-2026,12:11:10,0.33,1
Black-capped Chickadee,Poecile atricapillus,2026-04-21T19:07:17Z,21-Apr-2026,12:07:17,0.8471,1
House Finch,Haemorhous mexicanus,2026-04-21T19:06:39Z,21-Apr-2026,12:06:39,0.42,1
Dark-eyed Junco,Junco hyemalis,2026-04-21T19:05:21Z,21-Apr-2026,12:05:21,0.53,1
Chestnut-backed Chickadee,Poecile rufescens,2026-04-21T19:05:01Z,21-Apr-2026,12:05:01,0.31,1
Chestnut-backed Chickadee,Poecile rufescens,2026-04-21T19:04:54Z,21-Apr-2026,12:04:54,0.27,1
Dark-eyed Junco,Junco hyemalis,2026-04-21T19:04:39Z,21-Apr-2026,12:04:39,0.41,1
Chestnut-backed Chickadee,Poecile rufescens,2026-04-21T19:04:19Z,21-Apr-2026,12:04:19,0.8745,3
Chestnut-backed Chickadee,Poecile rufescens,2026-04-21T19:03:07Z,21-Apr-2026,12:03:07,0.8314,2
House Finch,Haemorhous mexicanus,2026-04-21T19:03:01Z,21-Apr-2026,12:03:01,0.81,1
Chestnut-backed Chickadee,Poecile rufescens,2026-04-21T19:02:51Z,21-Apr-2026,12:02:51,0.41,1
House Finch,Haemorhous mexicanus,2026-04-21T19:02:43Z,21-Apr-2026,12:02:43,0.8314,2
Chestnut-backed Chickadee,Poecile rufescens,2026-04-21T19:01:44Z,21-Apr-2026,12:01:44,0.9255,1
Orange-crowned Warbler,Leiothlypis celata,2026-04-21T19:01:25Z,21-Apr-2026,12:01:25,0.27,1
Chestnut-backed Chickadee,Poecile rufescens,2026-04-21T19:01:00Z,21-Apr-2026,12:01:00,0.26,1
House Finch,Haemorhous mexicanus,2026-04-21T19:00:12Z,21-Apr-2026,12:00:12,0.8471,1
Chestnut-backed Chickadee,Poecile rufescens,2026-04-21T18:59:57Z,21-Apr-2026,11:59:57,0.29,1
Chestnut-backed Chickadee,Poecile rufescens,2026-04-21T18:59:48Z,21-Apr-2026,11:59:48,0.8157,4
Chestnut-backed Chickadee,Poecile rufescens,2026-04-21T18:59:25Z,21-Apr-2026,11:59:25,0.37,1
Chestnut-backed Chickadee,Poecile rufescens,2026-04-21T18:59:00Z,21-Apr-2026,11:59:00,0.64,1
Chestnut-backed Chickadee,Poecile rufescens,2026-04-21T18:58:26Z,21-Apr-2026,11:58:26,0.9412,3
House Finch,Haemorhous mexicanus,2026-04-21T18:58:15Z,21-Apr-2026,11:58:15,0.28,1
Chestnut-backed Chickadee,Poecile rufescens,2026-04-21T18:57:09Z,21-Apr-2026,11:57:09,0.49,1
Chestnut-backed Chickadee,Poecile rufescens,2026-04-21T18:57:02Z,21-Apr-2026,11:57:02,0.8471,2
Chestnut-backed Chickadee,Poecile rufescens,2026-04-21T18:56:00Z,21-Apr-2026,11:56:00,0.8627,2
Chestnut-backed Chickadee,Poecile rufescens,2026-04-21T18:54:00Z,21-Apr-2026,11:54:00,0.9647,4
House Finch,Haemorhous mexicanus,2026-04-21T18:53:16Z,21-Apr-2026,11:53:16,0.8157,1
Chestnut-backed Chickadee,Poecile rufescens,2026-04-21T18:52:45Z,21-Apr-2026,11:52:45,0.36,1
Chestnut-backed Chickadee,Poecile rufescens,2026-04-21T18:52:33Z,21-Apr-2026,11:52:33,0.9176,2
Chestnut-backed Chickadee,Poecile rufescens,2026-04-21T18:51:31Z,21-Apr-2026,11:51:31,0.9765,6
Dark-eyed Junco,Junco hyemalis,2026-04-21T18:50:50Z,21-Apr-2026,11:50:50,0.28,1
House Finch,Haemorhous mexicanus,2026-04-21T18:50:46Z,21-Apr-2026,11:50:46,0.7804,1
Chestnut-backed Chickadee,Poecile rufescens,2026-04-21T18:50:19Z,21-Apr-2026,11:50:19,0.53,1
Chestnut-backed Chickadee,Poecile rufescens,2026-04-21T18:49:51Z,21-Apr-2026,11:49:51,0.9412,6
Chestnut-backed Chickadee,Poecile rufescens,2026-04-21T18:48:50Z,21-Apr-2026,11:48:50,0.8627,13
Chestnut-backed Chickadee,Poecile rufescens,2026-04-21T18:47:48Z,21-Apr-2026,11:47:48,0.9922,11
Chestnut-backed Chickadee,Poecile rufescens,2026-04-21T18:47:24Z,21-Apr-2026,11:47:24,0.3,1
Chestnut-backed Chickadee,Poecile rufescens,2026-04-21T18:46:25Z,21-Apr-2026,11:46:25,0.8863,14
Chestnut-backed Chickadee,Poecile rufescens,2026-04-21T18:46:21Z,21-Apr-2026,11:46:21,0.47,1
Chestnut-backed Chickadee,Poecile rufescens,2026-04-21T18:45:19Z,21-Apr-2026,11:45:19,0.9843,6
Chestnut-backed Chickadee,Poecile rufescens,2026-04-21T18:44:18Z,21-Apr-2026,11:44:18,0.9765,2
Bushtit,Psaltriparus minimus,2026-04-21T18:42:11Z,21-Apr-2026,11:42:11,0.46,1
Bushtit,Psaltriparus minimus,2026-04-21T18:42:04Z,21-Apr-2026,11:42:04,0.97,1
Bushtit,Psaltriparus minimus,2026-04-21T18:41:57Z,21-Apr-2026,11:41:57,0.98,1
Bushtit,Psaltriparus minimus,2026-04-21T18:41:50Z,21-Apr-2026,11:41:50,0.94,1
Bushtit,Psaltriparus minimus,2026-04-21T18:41:43Z,21-Apr-2026,11:41:43,0.95,1
Bushtit,Psaltriparus minimus,2026-04-21T18:41:36Z,21-Apr-2026,11:41:36,0.99,1
Chestnut-backed Chickadee,Poecile rufescens,2026-04-21T18:41:21Z,21-Apr-2026,11:41:21,0.26,1
Chestnut-backed Chickadee,Poecile rufescens,2026-04-21T18:40:50Z,21-Apr-2026,11:40:50,0.8314,2
Chestnut-backed Chickadee,Poecile rufescens,2026-04-21T18:36:54Z,21-Apr-2026,11:36:54,0.898,7
American Robin,Turdus migratorius,2026-04-21T18:35:41Z,21-Apr-2026,11:35:41,0.51,1
Chestnut-backed Chickadee,Poecile rufescens,2026-04-21T18:35:37Z,21-Apr-2026,11:35:37,0.8471,1
Chestnut-backed Chickadee,Poecile rufescens,2026-04-21T18:34:25Z,21-Apr-2026,11:34:25,0.47,1
Chestnut-backed Chickadee,Poecile rufescens,2026-04-21T18:34:00Z,21-Apr-2026,11:34:00,0.9333,4
American Robin,Turdus migratorius,2026-04-21T18:32:43Z,21-Apr-2026,11:32:43,0.32,1
American Robin,Turdus migratorius,2026-04-21T18:32:27Z,21-Apr-2026,11:32:27,0.48,1
Chestnut-backed Chickadee,Poecile rufescens,2026-04-21T18:32:23Z,21-Apr-2026,11:32:23,0.8157,1
Chestnut-backed Chickadee,Poecile rufescens,2026-04-21T18:32:09Z,21-Apr-2026,11:32:09,0.63,1
Chestnut-backed Chickadee,Poecile rufescens,2026-04-21T18:30:46Z,21-Apr-2026,11:30:46,0.7804,2
Bewick's Wren,Thryomanes bewickii,2026-04-21T18:30:11Z,21-Apr-2026,11:30:11,0.32,1
Chestnut-backed Chickadee,Poecile rufescens,2026-04-21T18:29:08Z,21-Apr-2026,11:29:08,0.9333,1
Bewick's Wren,Thryomanes bewickii,2026-04-21T18:28:57Z,21-Apr-2026,11:28:57,0.39,1
Black-capped Chickadee,Poecile atricapillus,2026-04-21T18:28:19Z,21-Apr-2026,11:28:19,0.8,1
Black-capped Chickadee,Poecile atricapillus,2026-04-21T18:28:12Z,21-Apr-2026,11:28:12,0.93,1
Mountain Chickadee,Poecile gambeli,2026-04-21T18:28:01Z,21-Apr-2026,11:28:01,0.55,1
Black-capped Chickadee,Poecile atricapillus,2026-04-21T18:27:57Z,21-Apr-2026,11:27:57,0.8627,1
Bewick's Wren,Thryomanes bewickii,2026-04-21T18:27:39Z,21-Apr-2026,11:27:39,0.46,1
Bewick's Wren,Thryomanes bewickii,2026-04-21T18:27:32Z,21-Apr-2026,11:27:32,0.67,1
Bewick's Wren,Thryomanes bewickii,2026-04-21T18:27:23Z,21-Apr-2026,11:27:23,0.31,1
Bewick's Wren,Thryomanes bewickii,2026-04-21T18:27:08Z,21-Apr-2026,11:27:08,0.41,1
Orange-crowned Warbler,Leiothlypis celata,2026-04-21T18:26:52Z,21-Apr-2026,11:26:52,0.28,1
House Finch,Haemorhous mexicanus,2026-04-21T18:23:30Z,21-Apr-2026,11:23:30,0.8745,1
Chestnut-backed Chickadee,Poecile rufescens,2026-04-21T18:23:24Z,21-Apr-2026,11:23:24,0.27,1
Chestnut-backed Chickadee,Poecile rufescens,2026-04-21T18:22:48Z,21-Apr-2026,11:22:48,0.41,1
Chestnut-backed Chickadee,Poecile rufescens,2026-04-21T18:22:37Z,21-Apr-2026,11:22:37,0.949,1
Chestnut-backed Chickadee,Poecile rufescens,2026-04-21T18:21:00Z,21-Apr-2026,11:21:00,0.8471,1
Bewick's Wren,Thryomanes bewickii,2026-04-21T18:19:22Z,21-Apr-2026,11:19:22,0.34,1
Bewick's Wren,Thryomanes bewickii,2026-04-21T18:18:42Z,21-Apr-2026,11:18:42,0.27,1
Bewick's Wren,Thryomanes bewickii,2026-04-21T18:18:31Z,21-Apr-2026,11:18:31,0.27,1
House Finch,Haemorhous mexicanus,2026-04-21T18:17:27Z,21-Apr-2026,11:17:27,0.8745,1
Bewick's Wren,Thryomanes bewickii,2026-04-21T18:16:24Z,21-Apr-2026,11:16:24,0.3,1
Bewick's Wren,Thryomanes bewickii,2026-04-21T18:16:18Z,21-Apr-2026,11:16:18,0.27,1
Bewick's Wren,Thryomanes bewickii,2026-04-21T18:16:11Z,21-Apr-2026,11:16:11,0.42,1
Bewick's Wren,Thryomanes bewickii,2026-04-21T18:15:40Z,21-Apr-2026,11:15:40,0.49,1
Dark-eyed Junco,Junco hyemalis,2026-04-21T18:13:43Z,21-Apr-2026,11:13:43,0.27,1
Bewick's Wren,Thryomanes bewickii,2026-04-21T18:11:58Z,21-Apr-2026,11:11:58,0.53,1
Bewick's Wren,Thryomanes bewickii,2026-04-21T18:11:50Z,21-Apr-2026,11:11:50,0.34,1
Bewick's Wren,Thryomanes bewickii,2026-04-21T18:11:39Z,21-Apr-2026,11:11:39,0.8,1
Chestnut-backed Chickadee,Poecile rufescens,2026-04-21T18:10:11Z,21-Apr-2026,11:10:11,0.9255,7
Chestnut-backed Chickadee,Poecile rufescens,2026-04-21T18:09:09Z,21-Apr-2026,11:09:09,0.9569,10
Chestnut-backed Chickadee,Poecile rufescens,2026-04-21T18:08:07Z,21-Apr-2026,11:08:07,0.8471,4
Chestnut-backed Chickadee,Poecile rufescens,2026-04-21T18:07:03Z,21-Apr-2026,11:07:03,0.9176,2
Chestnut-backed Chickadee,Poecile rufescens,2026-04-21T18:06:56Z,21-Apr-2026,11:06:56,0.28,1
Chestnut-backed Chickadee,Poecile rufescens,2026-04-21T18:06:43Z,21-Apr-2026,11:06:43,0.31,1
House Finch,Haemorhous mexicanus,2026-04-21T18:06:10Z,21-Apr-2026,11:06:10,0.9176,2
Chestnut-backed Chickadee,Poecile rufescens,2026-04-21T18:06:04Z,21-Apr-2026,11:06:04,0.31,1
Chestnut-backed Chickadee,Poecile rufescens,2026-04-21T18:05:59Z,21-Apr-2026,11:05:59,0.8157,3
Chestnut-backed Chickadee,Poecile rufescens,2026-04-21T18:05:47Z,21-Apr-2026,11:05:47,0.35,1
House Finch,Haemorhous mexicanus,2026-04-21T18:04:40Z,21-Apr-2026,11:04:40,0.7804,1
Chestnut-backed Chickadee,Poecile rufescens,2026-04-21T18:04:31Z,21-Apr-2026,11:04:31,0.9098,1
Chestnut-backed Chickadee,Poecile rufescens,2026-04-21T18:04:24Z,21-Apr-2026,11:04:24,0.44,1
Hammond's Flycatcher,Empidonax hammondii,2026-04-21T18:04:13Z,21-Apr-2026,11:04:13,0.48,1
Chestnut-backed Chickadee,Poecile rufescens,2026-04-21T18:03:13Z,21-Apr-2026,11:03:13,0.9176,6
Chestnut-backed Chickadee,Poecile rufescens,2026-04-21T18:02:27Z,21-Apr-2026,11:02:27,0.35,1
Chestnut-backed Chickadee,Poecile rufescens,2026-04-21T18:02:09Z,21-Apr-2026,11:02:09,0.8627,1
Chestnut-backed Chickadee,Poecile rufescens,2026-04-21T18:02:02Z,21-Apr-2026,11:02:02,0.52,1
Chestnut-backed Chickadee,Poecile rufescens,2026-04-21T18:01:52Z,21-Apr-2026,11:01:52,0.37,1
Chestnut-backed Chickadee,Poecile rufescens,2026-04-21T17:59:50Z,21-Apr-2026,10:59:50,0.9333,1
American Robin,Turdus migratorius,2026-04-21T17:59:04Z,21-Apr-2026,10:59:04,0.7804,1
House Finch,Haemorhous mexicanus,2026-04-21T17:55:23Z,21-Apr-2026,10:55:23,0.29,1
House Finch,Haemorhous mexicanus,2026-04-21T17:53:51Z,21-Apr-2026,10:53:51,0.8,2
House Finch,Haemorhous mexicanus,2026-04-21T17:52:29Z,21-Apr-2026,10:52:29,0.27,1
House Finch,Haemorhous mexicanus,2026-04-21T17:51:38Z,21-Apr-2026,10:51:38,0.8,1
American Robin,Turdus migratorius,2026-04-21T17:50:27Z,21-Apr-2026,10:50:27,0.8157,1
Bewick's Wren,Thryomanes bewickii,2026-04-21T17:45:57Z,21-Apr-2026,10:45:57,0.71,1
Chestnut-backed Chickadee,Poecile rufescens,2026-04-21T17:38:05Z,21-Apr-2026,10:38:05,0.9255,1
Red-breasted Nuthatch,Sitta canadensis,2026-04-21T17:29:50Z,21-Apr-2026,10:29:50,0.26,1
Red-breasted Nuthatch,Sitta canadensis,2026-04-21T17:29:35Z,21-Apr-2026,10:29:35,0.47,1
American Crow,Corvus brachyrhynchos,2026-04-21T17:26:26Z,21-Apr-2026,10:26:26,0.8157,1
American Robin,Turdus migratorius,2026-04-21T17:26:17Z,21-Apr-2026,10:26:17,0.8314,1
American Robin,Turdus migratorius,2026-04-21T17:26:10Z,21-Apr-2026,10:26:10,0.33,1
American Robin,Turdus migratorius,2026-04-21T17:23:30Z,21-Apr-2026,10:23:30,0.8314,1
American Robin,Turdus migratorius,2026-04-21T17:21:49Z,21-Apr-2026,10:21:49,0.7804,1
American Robin,Turdus migratorius,2026-04-21T17:19:30Z,21-Apr-2026,10:19:30,0.8,1
Steller's Jay,Cyanocitta stelleri,2026-04-21T17:17:10Z,21-Apr-2026,10:17:10,0.9569,1
House Finch,Haemorhous mexicanus,2026-04-21T17:16:38Z,21-Apr-2026,10:16:38,0.8,1
House Finch,Haemorhous mexicanus,2026-04-21T17:15:44Z,21-Apr-2026,10:15:44,0.27,1
House Finch,Haemorhous mexicanus,2026-04-21T17:13:16Z,21-Apr-2026,10:13:16,0.51,1
House Finch,Haemorhous mexicanus,2026-04-21T17:13:03Z,21-Apr-2026,10:13:03,0.8,1
Steller's Jay,Cyanocitta stelleri,2026-04-21T17:12:06Z,21-Apr-2026,10:12:06,0.38,1
Steller's Jay,Cyanocitta stelleri,2026-04-21T17:11:42Z,21-Apr-2026,10:11:42,0.5,1
Steller's Jay,Cyanocitta stelleri,2026-04-21T17:11:25Z,21-Apr-2026,10:11:25,0.41,1
Steller's Jay,Cyanocitta stelleri,2026-04-21T17:10:52Z,21-Apr-2026,10:10:52,0.46,1
Steller's Jay,Cyanocitta stelleri,2026-04-21T17:10:47Z,21-Apr-2026,10:10:47,0.8157,1
Steller's Jay,Cyanocitta stelleri,2026-04-21T17:10:24Z,21-Apr-2026,10:10:24,0.69,1
Steller's Jay,Cyanocitta stelleri,2026-04-21T17:09:56Z,21-Apr-2026,10:09:56,0.72,1
Black-capped Chickadee,Poecile atricapillus,2026-04-21T17:09:41Z,21-Apr-2026,10:09:41,0.31,1
Steller's Jay,Cyanocitta stelleri,2026-04-21T17:09:27Z,21-Apr-2026,10:09:27,0.71,1
Steller's Jay,Cyanocitta stelleri,2026-04-21T17:09:04Z,21-Apr-2026,10:09:04,0.59,1
Steller's Jay,Cyanocitta stelleri,2026-04-21T17:08:57Z,21-Apr-2026,10:08:57,0.52,1
Steller's Jay,Cyanocitta stelleri,2026-04-21T17:08:46Z,21-Apr-2026,10:08:46,0.8,6
Steller's Jay,Cyanocitta stelleri,2026-04-21T17:08:38Z,21-Apr-2026,10:08:38,0.96,1
Chestnut-backed Chickadee,Poecile rufescens,2026-04-21T17:07:50Z,21-Apr-2026,10:07:50,0.8471,4
Steller's Jay,Cyanocitta stelleri,2026-04-21T17:07:43Z,21-Apr-2026,10:07:43,0.9569,4
Black-capped Chickadee,Poecile atricapillus,2026-04-21T17:07:36Z,21-Apr-2026,10:07:36,0.7804,1
Steller's Jay,Cyanocitta stelleri,2026-04-21T17:07:32Z,21-Apr-2026,10:07:32,0.69,1
Downy Woodpecker,Dryobates pubescens,2026-04-21T17:07:25Z,21-Apr-2026,10:07:25,0.33,1
Steller's Jay,Cyanocitta stelleri,2026-04-21T17:07:05Z,21-Apr-2026,10:07:05,0.4,1
Steller's Jay,Cyanocitta stelleri,2026-04-21T17:06:58Z,21-Apr-2026,10:06:58,0.35,1
Steller's Jay,Cyanocitta stelleri,2026-04-21T17:06:51Z,21-Apr-2026,10:06:51,0.91,1
Steller's Jay,Cyanocitta stelleri,2026-04-21T17:06:44Z,21-Apr-2026,10:06:44,0.58,1
Steller's Jay,Cyanocitta stelleri,2026-04-21T17:06:37Z,21-Apr-2026,10:06:37,0.28,1
Steller's Jay,Cyanocitta stelleri,2026-04-21T17:06:29Z,21-Apr-2026,10:06:29,0.27,1
Chestnut-backed Chickadee,Poecile rufescens,2026-04-21T17:06:19Z,21-Apr-2026,10:06:19,0.9255,1
Steller's Jay,Cyanocitta stelleri,2026-04-21T17:06:05Z,21-Apr-2026,10:06:05,0.57,1
Steller's Jay,Cyanocitta stelleri,2026-04-21T17:05:51Z,21-Apr-2026,10:05:51,0.8471,2
Steller's Jay,Cyanocitta stelleri,2026-04-21T17:05:42Z,21-Apr-2026,10:05:42,0.4,1
Steller's Jay,Cyanocitta stelleri,2026-04-21T17:05:24Z,21-Apr-2026,10:05:24,0.6,1
Steller's Jay,Cyanocitta stelleri,2026-04-21T17:04:45Z,21-Apr-2026,10:04:45,0.898,1
Bewick's Wren,Thryomanes bewickii,2026-04-21T17:04:23Z,21-Apr-2026,10:04:23,0.31,1
Bewick's Wren,Thryomanes bewickii,2026-04-21T17:04:09Z,21-Apr-2026,10:04:09,0.57,1
Bewick's Wren,Thryomanes bewickii,2026-04-21T17:03:13Z,21-Apr-2026,10:03:13,0.26,1
House Finch,Haemorhous mexicanus,2026-04-21T17:02:33Z,21-Apr-2026,10:02:33,0.9098,2
Bushtit,Psaltriparus minimus,2026-04-21T17:01:37Z,21-Apr-2026,10:01:37,0.27,1
Bushtit,Psaltriparus minimus,2026-04-21T17:01:29Z,21-Apr-2026,10:01:29,0.53,1
Bushtit,Psaltriparus minimus,2026-04-21T17:01:22Z,21-Apr-2026,10:01:22,0.97,1
Steller's Jay,Cyanocitta stelleri,2026-04-21T17:01:04Z,21-Apr-2026,10:01:04,0.7804,4
Bushtit,Psaltriparus minimus,2026-04-21T17:00:56Z,21-Apr-2026,10:00:56,0.91,1
Bushtit,Psaltriparus minimus,2026-04-21T17:00:49Z,21-Apr-2026,10:00:49,0.84,1
Steller's Jay,Cyanocitta stelleri,2026-04-21T17:00:08Z,21-Apr-2026,10:00:08,0.61,1
Steller's Jay,Cyanocitta stelleri,2026-04-21T17:00:03Z,21-Apr-2026,10:00:03,0.8745,1
Steller's Jay,Cyanocitta stelleri,2026-04-21T16:59:42Z,21-Apr-2026,09:59:42,0.27,1
Steller's Jay,Cyanocitta stelleri,2026-04-21T16:58:33Z,21-Apr-2026,09:58:33,0.72,1
Steller's Jay,Cyanocitta stelleri,2026-04-21T16:57:51Z,21-Apr-2026,09:57:51,0.8627,4
House Finch,Haemorhous mexicanus,2026-04-21T16:57:46Z,21-Apr-2026,09:57:46,0.8,1
Steller's Jay,Cyanocitta stelleri,2026-04-21T16:56:50Z,21-Apr-2026,09:56:50,0.4,1
Steller's Jay,Cyanocitta stelleri,2026-04-21T16:56:36Z,21-Apr-2026,09:56:36,0.9098,1
Steller's Jay,Cyanocitta stelleri,2026-04-21T16:55:23Z,21-Apr-2026,09:55:23,0.9098,1
Steller's Jay,Cyanocitta stelleri,2026-04-21T16:53:56Z,21-Apr-2026,09:53:56,0.93,1
Steller's Jay,Cyanocitta stelleri,2026-04-21T16:53:33Z,21-Apr-2026,09:53:33,0.69,1
House Finch,Haemorhous mexicanus,2026-04-21T16:53:22Z,21-Apr-2026,09:53:22,0.35,1
Steller's Jay,Cyanocitta stelleri,2026-04-21T16:53:00Z,21-Apr-2026,09:53:00,0.72,1
House Finch,Haemorhous mexicanus,2026-04-21T16:52:50Z,21-Apr-2026,09:52:50,0.9176,1
Steller's Jay,Cyanocitta stelleri,2026-04-21T16:52:42Z,21-Apr-2026,09:52:42,0.82,1
Steller's Jay,Cyanocitta stelleri,2026-04-21T16:52:35Z,21-Apr-2026,09:52:35,0.85,1
Steller's Jay,Cyanocitta stelleri,2026-04-21T16:52:25Z,21-Apr-2026,09:52:25,0.9333,17
Steller's Jay,Cyanocitta stelleri,2026-04-21T16:52:21Z,21-Apr-2026,09:52:21,0.26,1
Steller's Jay,Cyanocitta stelleri,2026-04-21T16:52:14Z,21-Apr-2026,09:52:14,0.43,1
American Robin,Turdus migratorius,2026-04-21T16:51:22Z,21-Apr-2026,09:51:22,0.8157,1
Steller's Jay,Cyanocitta stelleri,2026-04-21T16:51:18Z,21-Apr-2026,09:51:18,0.8745,9
Steller's Jay,Cyanocitta stelleri,2026-04-21T16:50:34Z,21-Apr-2026,09:50:34,0.93,1
Steller's Jay,Cyanocitta stelleri,2026-04-21T16:50:17Z,21-Apr-2026,09:50:17,0.8471,8
Steller's Jay,Cyanocitta stelleri,2026-04-21T16:50:12Z,21-Apr-2026,09:50:12,0.85,1
House Finch,Haemorhous mexicanus,2026-04-21T16:50:07Z,21-Apr-2026,09:50:07,0.8157,1
Steller's Jay,Cyanocitta stelleri,2026-04-21T16:49:55Z,21-Apr-2026,09:49:55,0.52,1
Steller's Jay,Cyanocitta stelleri,2026-04-21T16:49:47Z,21-Apr-2026,09:49:47,0.95,1
Steller's Jay,Cyanocitta stelleri,2026-04-21T16:49:30Z,21-Apr-2026,09:49:30,0.96,1
Steller's Jay,Cyanocitta stelleri,2026-04-21T16:49:16Z,21-Apr-2026,09:49:16,0.81,1
Steller's Jay,Cyanocitta stelleri,2026-04-21T16:49:12Z,21-Apr-2026,09:49:12,0.8471,14
Steller's Jay,Cyanocitta stelleri,2026-04-21T16:49:07Z,21-Apr-2026,09:49:07,0.68,1
Steller's Jay,Cyanocitta stelleri,2026-04-21T16:48:59Z,21-Apr-2026,09:48:59,0.92,1
Steller's Jay,Cyanocitta stelleri,2026-04-21T16:48:49Z,21-Apr-2026,09:48:49,0.69,1
Steller's Jay,Cyanocitta stelleri,2026-04-21T16:48:11Z,21-Apr-2026,09:48:11,0.9333,15
Steller's Jay,Cyanocitta stelleri,2026-04-21T16:48:06Z,21-Apr-2026,09:48:06,0.93,1
Steller's Jay,Cyanocitta stelleri,2026-04-21T16:47:44Z,21-Apr-2026,09:47:44,0.87,1
Steller's Jay,Cyanocitta stelleri,2026-04-21T16:47:10Z,21-Apr-2026,09:47:10,0.9255,1
Bewick's Wren,Thryomanes bewickii,2026-04-21T16:45:41Z,21-Apr-2026,09:45:41,0.38,1
House Finch,Haemorhous mexicanus,2026-04-21T16:41:20Z,21-Apr-2026,09:41:20,0.8157,2
House Finch,Haemorhous mexicanus,2026-04-21T16:40:52Z,21-Apr-2026,09:40:52,0.3,1
House Finch,Haemorhous mexicanus,2026-04-21T16:39:52Z,21-Apr-2026,09:39:52,0.37,1
Song Sparrow,Melospiza melodia,2026-04-21T16:36:29Z,21-Apr-2026,09:36:29,0.8157,1
House Finch,Haemorhous mexicanus,2026-04-21T16:35:48Z,21-Apr-2026,09:35:48,0.7804,2
House Finch,Haemorhous mexicanus,2026-04-21T16:35:17Z,21-Apr-2026,09:35:17,0.49,1
House Finch,Haemorhous mexicanus,2026-04-21T16:35:08Z,21-Apr-2026,09:35:08,0.34,1
Mountain Chickadee,Poecile gambeli,2026-04-21T16:34:40Z,21-Apr-2026,09:34:40,0.57,1
House Finch,Haemorhous mexicanus,2026-04-21T16:34:22Z,21-Apr-2026,09:34:22,0.8745,1
Mountain Chickadee,Poecile gambeli,2026-04-21T16:33:45Z,21-Apr-2026,09:33:45,0.28,1
Dark-eyed Junco,Junco hyemalis,2026-04-21T16:32:58Z,21-Apr-2026,09:32:58,0.27,1
House Finch,Haemorhous mexicanus,2026-04-21T16:32:27Z,21-Apr-2026,09:32:27,0.8863,3
House Finch,Haemorhous mexicanus,2026-04-21T16:30:12Z,21-Apr-2026,09:30:12,0.8,1
Bewick's Wren,Thryomanes bewickii,2026-04-21T16:30:07Z,21-Apr-2026,09:30:07,0.41,1
Bewick's Wren,Thryomanes bewickii,2026-04-21T16:29:44Z,21-Apr-2026,09:29:44,0.36,1
House Finch,Haemorhous mexicanus,2026-04-21T16:27:28Z,21-Apr-2026,09:27:28,0.34,1
House Finch,Haemorhous mexicanus,2026-04-21T16:25:58Z,21-Apr-2026,09:25:58,0.7804,1
American Robin,Turdus migratorius,2026-04-21T16:25:10Z,21-Apr-2026,09:25:10,0.32,1
American Robin,Turdus migratorius,2026-04-21T16:24:55Z,21-Apr-2026,09:24:55,0.8,1
American Robin,Turdus migratorius,2026-04-21T16:24:47Z,21-Apr-2026,09:24:47,0.38,1
American Robin,Turdus migratorius,2026-04-21T16:24:28Z,21-Apr-2026,09:24:28,0.8314,1
American Robin,Turdus migratorius,2026-04-21T16:23:25Z,21-Apr-2026,09:23:25,0.66,1
American Robin,Turdus migratorius,2026-04-21T16:23:21Z,21-Apr-2026,09:23:21,0.8157,1
American Robin,Turdus migratorius,2026-04-21T16:23:15Z,21-Apr-2026,09:23:15,0.93,1
American Robin,Turdus migratorius,2026-04-21T16:23:08Z,21-Apr-2026,09:23:08,0.81,1
American Robin,Turdus migratorius,2026-04-21T16:23:00Z,21-Apr-2026,09:23:00,0.56,1
American Robin,Turdus migratorius,2026-04-21T16:22:54Z,21-Apr-2026,09:22:54,0.51,1
American Robin,Turdus migratorius,2026-04-21T16:22:32Z,21-Apr-2026,09:22:32,0.36,1
American Robin,Turdus migratorius,2026-04-21T16:22:25Z,21-Apr-2026,09:22:25,0.59,1
American Robin,Turdus migratorius,2026-04-21T16:22:18Z,21-Apr-2026,09:22:18,0.83,1
American Robin,Turdus migratorius,2026-04-21T16:22:11Z,21-Apr-2026,09:22:11,0.92,1
American Robin,Turdus migratorius,2026-04-21T16:21:57Z,21-Apr-2026,09:21:57,0.8471,3
American Robin,Turdus migratorius,2026-04-21T16:21:12Z,21-Apr-2026,09:21:12,0.58,1
American Robin,Turdus migratorius,2026-04-21T16:20:47Z,21-Apr-2026,09:20:47,0.29,1
American Robin,Turdus migratorius,2026-04-21T16:19:40Z,21-Apr-2026,09:19:40,0.83,1
American Robin,Turdus migratorius,2026-04-21T16:19:27Z,21-Apr-2026,09:19:27,0.78,1
American Robin,Turdus migratorius,2026-04-21T16:19:14Z,21-Apr-2026,09:19:14,0.8,1
American Robin,Turdus migratorius,2026-04-21T16:18:49Z,21-Apr-2026,09:18:49,0.35,1
Bewick's Wren,Thryomanes bewickii,2026-04-21T16:17:44Z,21-Apr-2026,09:17:44,0.26,1
Bewick's Wren,Thryomanes bewickii,2026-04-21T16:17:30Z,21-Apr-2026,09:17:30,0.83,1
Song Sparrow,Melospiza melodia,2026-04-21T16:16:56Z,21-Apr-2026,09:16:56,0.9529,1
House Finch,Haemorhous mexicanus,2026-04-21T16:15:11Z,21-Apr-2026,09:15:11,0.8627,1
Bewick's Wren,Thryomanes bewickii,2026-04-21T16:13:47Z,21-Apr-2026,09:13:47,0.33,1
Bewick's Wren,Thryomanes bewickii,2026-04-21T16:13:40Z,21-Apr-2026,09:13:40,0.35,1
Bewick's Wren,Thryomanes bewickii,2026-04-21T16:13:21Z,21-Apr-2026,09:13:21,0.34,1
House Finch,Haemorhous mexicanus,2026-04-21T16:13:07Z,21-Apr-2026,09:13:07,0.8,2
Bewick's Wren,Thryomanes bewickii,2026-04-21T16:12:00Z,21-Apr-2026,09:12:00,0.48,1
American Robin,Turdus migratorius,2026-04-21T16:11:19Z,21-Apr-2026,09:11:19,0.8,3
American Robin,Turdus migratorius,2026-04-21T16:10:49Z,21-Apr-2026,09:10:49,0.39,1
American Robin,Turdus migratorius,2026-04-21T16:10:36Z,21-Apr-2026,09:10:36,0.51,1
House Finch,Haemorhous mexicanus,2026-04-21T16:09:57Z,21-Apr-2026,09:09:57,0.47,1
House Finch,Haemorhous mexicanus,2026-04-21T16:09:43Z,21-Apr-2026,09:09:43,0.8,3
American Robin,Turdus migratorius,2026-04-21T16:09:29Z,21-Apr-2026,09:09:29,0.55,1
American Robin,Turdus migratorius,2026-04-21T16:09:22Z,21-Apr-2026,09:09:22,0.36,1
American Robin,Turdus migratorius,2026-04-21T16:09:17Z,21-Apr-2026,09:09:17,0.8314,3
American Robin,Turdus migratorius,2026-04-21T16:08:56Z,21-Apr-2026,09:08:56,0.26,1
Bewick's Wren,Thryomanes bewickii,2026-04-21T16:08:20Z,21-Apr-2026,09:08:20,0.3,1
House Finch,Haemorhous mexicanus,2026-04-21T16:08:05Z,21-Apr-2026,09:08:05,0.8157,1
American Robin,Turdus migratorius,2026-04-21T16:07:33Z,21-Apr-2026,09:07:33,0.8863,1
Dark-eyed Junco,Junco hyemalis,2026-04-21T16:06:01Z,21-Apr-2026,09:06:01,0.36,1
American Robin,Turdus migratorius,2026-04-21T16:04:14Z,21-Apr-2026,09:04:14,0.9176,1
American Robin,Turdus migratorius,2026-04-21T16:03:42Z,21-Apr-2026,09:03:42,0.42,1
American Robin,Turdus migratorius,2026-04-21T16:02:50Z,21-Apr-2026,09:02:50,0.26,1
American Robin,Turdus migratorius,2026-04-21T16:02:42Z,21-Apr-2026,09:02:42,0.8471,1
House Finch,Haemorhous mexicanus,2026-04-21T16:01:51Z,21-Apr-2026,09:01:51,0.9098,1
Chestnut-backed Chickadee,Poecile rufescens,2026-04-21T16:00:32Z,21-Apr-2026,09:00:32,0.52,1
Chestnut-backed Chickadee,Poecile rufescens,2026-04-21T16:00:14Z,21-Apr-2026,09:00:14,0.55,1
Chestnut-backed Chickadee,Poecile rufescens,2026-04-21T16:00:03Z,21-Apr-2026,09:00:03,0.9176,4
Chestnut-backed Chickadee,Poecile rufescens,2026-04-21T15:58:28Z,21-Apr-2026,08:58:28,0.8627,10
Chestnut-backed Chickadee,Poecile rufescens,2026-04-21T15:57:26Z,21-Apr-2026,08:57:26,0.8627,3
Chestnut-backed Chickadee,Poecile rufescens,2026-04-21T15:57:11Z,21-Apr-2026,08:57:11,0.43,1
Chestnut-backed Chickadee,Poecile rufescens,2026-04-21T15:56:25Z,21-Apr-2026,08:56:25,0.9333,6
Chestnut-backed Chickadee,Poecile rufescens,2026-04-21T15:55:59Z,21-Apr-2026,08:55:59,0.45,1
Chestnut-backed Chickadee,Poecile rufescens,2026-04-21T15:55:09Z,21-Apr-2026,08:55:09,0.9882,1
Chestnut-backed Chickadee,Poecile rufescens,2026-04-21T15:52:50Z,21-Apr-2026,08:52:50,0.9098,4
Chestnut-backed Chickadee,Poecile rufescens,2026-04-21T15:52:06Z,21-Apr-2026,08:52:06,0.3,1
Chestnut-backed Chickadee,Poecile rufescens,2026-04-21T15:51:44Z,21-Apr-2026,08:51:44,0.31,1
Chestnut-backed Chickadee,Poecile rufescens,2026-04-21T15:51:39Z,21-Apr-2026,08:51:39,0.9569,3
Chestnut-backed Chickadee,Poecile rufescens,2026-04-21T15:50:50Z,21-Apr-2026,08:50:50,0.28,1
Chestnut-backed Chickadee,Poecile rufescens,2026-04-21T15:50:33Z,21-Apr-2026,08:50:33,0.9686,6
Chestnut-backed Chickadee,Poecile rufescens,2026-04-21T15:49:30Z,21-Apr-2026,08:49:30,0.7804,1
Dark-eyed Junco,Junco hyemalis,2026-04-21T15:48:56Z,21-Apr-2026,08:48:56,0.67,1
Dark-eyed Junco,Junco hyemalis,2026-04-21T15:48:41Z,21-Apr-2026,08:48:41,0.34,1
Dark-eyed Junco,Junco hyemalis,2026-04-21T15:48:19Z,21-Apr-2026,08:48:19,0.39,1
Dark-eyed Junco,Junco hyemalis,2026-04-21T15:48:05Z,21-Apr-2026,08:48:05,0.45,1
Red-breasted Nuthatch,Sitta canadensis,2026-04-21T15:46:01Z,21-Apr-2026,08:46:01,0.85,1
Song Sparrow,Melospiza melodia,2026-04-21T15:45:06Z,21-Apr-2026,08:45:06,0.8863,2
Song Sparrow,Melospiza melodia,2026-04-21T15:43:41Z,21-Apr-2026,08:43:41,0.898,1
Orange-crowned Warbler,Leiothlypis celata,2026-04-21T15:39:47Z,21-Apr-2026,08:39:47,0.31,1
Dark-eyed Junco,Junco hyemalis,2026-04-21T15:38:30Z,21-Apr-2026,08:38:30,0.28,1
Chestnut-backed Chickadee,Poecile rufescens,2026-04-21T15:38:00Z,21-Apr-2026,08:38:00,0.8745,3
Chestnut-backed Chickadee,Poecile rufescens,2026-04-21T15:37:17Z,21-Apr-2026,08:37:17,0.45,1
Chestnut-backed Chickadee,Poecile rufescens,2026-04-21T15:36:41Z,21-Apr-2026,08:36:41,0.9176,3
Chestnut-backed Chickadee,Poecile rufescens,2026-04-21T15:35:58Z,21-Apr-2026,08:35:58,0.55,1
Chestnut-backed Chickadee,Poecile rufescens,2026-04-21T15:35:42Z,21-Apr-2026,08:35:42,0.63,1
Chestnut-backed Chickadee,Poecile rufescens,2026-04-21T15:35:15Z,21-Apr-2026,08:35:15,0.9765,1
House Finch,Haemorhous mexicanus,2026-04-21T15:34:53Z,21-Apr-2026,08:34:53,0.45,1
House Finch,Haemorhous mexicanus,2026-04-21T15:34:46Z,21-Apr-2026,08:34:46,0.35,1
Chestnut-backed Chickadee,Poecile rufescens,2026-04-21T15:34:07Z,21-Apr-2026,08:34:07,0.9098,1
House Finch,Haemorhous mexicanus,2026-04-21T15:33:40Z,21-Apr-2026,08:33:40,0.3,1
House Finch,Haemorhous mexicanus,2026-04-21T15:33:03Z,21-Apr-2026,08:33:03,0.8,1
House Finch,Haemorhous mexicanus,2026-04-21T15:32:26Z,21-Apr-2026,08:32:26,0.32,1
House Finch,Haemorhous mexicanus,2026-04-21T15:31:58Z,21-Apr-2026,08:31:58,0.8157,1
House Finch,Haemorhous mexicanus,2026-04-21T15:31:13Z,21-Apr-2026,08:31:13,0.53,1
House Finch,Haemorhous mexicanus,2026-04-21T15:30:47Z,21-Apr-2026,08:30:47,0.55,1
House Finch,Haemorhous mexicanus,2026-04-21T15:30:40Z,21-Apr-2026,08:30:40,0.8314,1
House Finch,Haemorhous mexicanus,2026-04-21T15:30:22Z,21-Apr-2026,08:30:22,0.29,1
House Finch,Haemorhous mexicanus,2026-04-21T15:29:16Z,21-Apr-2026,08:29:16,0.7804,1
American Robin,Turdus migratorius,2026-04-21T15:29:07Z,21-Apr-2026,08:29:07,0.53,1
Bushtit,Psaltriparus minimus,2026-04-21T15:28:04Z,21-Apr-2026,08:28:04,0.64,1
Bushtit,Psaltriparus minimus,2026-04-21T15:27:58Z,21-Apr-2026,08:27:58,0.93,1
Chipping Sparrow,Spizella passerina,2026-04-21T15:27:02Z,21-Apr-2026,08:27:02,0.38,1
Dark-eyed Junco,Junco hyemalis,2026-04-21T15:26:43Z,21-Apr-2026,08:26:43,0.52,1
American Robin,Turdus migratorius,2026-04-21T15:24:31Z,21-Apr-2026,08:24:31,0.8,1
House Finch,Haemorhous mexicanus,2026-04-21T15:21:05Z,21-Apr-2026,08:21:05,0.57,1
House Finch,Haemorhous mexicanus,2026-04-21T15:20:23Z,21-Apr-2026,08:20:23,0.8627,7
Black-capped Chickadee,Poecile atricapillus,2026-04-21T15:20:02Z,21-Apr-2026,08:20:02,0.898,1
Bewick's Wren,Thryomanes bewickii,2026-04-21T15:19:11Z,21-Apr-2026,08:19:11,0.4,1
MacGillivray's Warbler,Geothlypis tolmiei,2026-04-21T15:18:13Z,21-Apr-2026,08:18:13,0.48,1
American Robin,Turdus migratorius,2026-04-21T15:15:48Z,21-Apr-2026,08:15:48,0.28,1
Bewick's Wren,Thryomanes bewickii,2026-04-21T15:15:26Z,21-Apr-2026,08:15:26,0.51,1
House Finch,Haemorhous mexicanus,2026-04-21T15:15:10Z,21-Apr-2026,08:15:10,0.9176,2
Bewick's Wren,Thryomanes bewickii,2026-04-21T15:15:06Z,21-Apr-2026,08:15:06,0.31,1
Bewick's Wren,Thryomanes bewickii,2026-04-21T15:14:46Z,21-Apr-2026,08:14:46,0.54,1
House Finch,Haemorhous mexicanus,2026-04-21T15:14:01Z,21-Apr-2026,08:14:01,0.9333,1
American Robin,Turdus migratorius,2026-04-21T15:13:47Z,21-Apr-2026,08:13:47,0.5,1
House Finch,Haemorhous mexicanus,2026-04-21T15:07:07Z,21-Apr-2026,08:07:07,0.8157,1
White-crowned Sparrow,Zonotrichia leucophrys,2026-04-21T15:05:56Z,21-Apr-2026,08:05:56,0.28,1
White-crowned Sparrow,Zonotrichia leucophrys,2026-04-21T15:05:42Z,21-Apr-2026,08:05:42,0.35,1
American Robin,Turdus migratorius,2026-04-21T15:04:10Z,21-Apr-2026,08:04:10,0.29,1
American Robin,Turdus migratorius,2026-04-21T15:04:06Z,21-Apr-2026,08:04:06,0.8314,1
Bewick's Wren,Thryomanes bewickii,2026-04-21T15:01:57Z,21-Apr-2026,08:01:57,0.79,1
Anna's Hummingbird,Calypte anna,2026-04-21T14:57:40Z,21-Apr-2026,07:57:40,0.898,1
American Robin,Turdus migratorius,2026-04-21T14:55:55Z,21-Apr-2026,07:55:55,0.7804,1
American Crow,Corvus brachyrhynchos,2026-04-21T14:55:51Z,21-Apr-2026,07:55:51,0.52,1
Bushtit,Psaltriparus minimus,2026-04-21T14:52:08Z,21-Apr-2026,07:52:08,0.71,1
Chestnut-backed Chickadee,Poecile rufescens,2026-04-21T14:51:21Z,21-Apr-2026,07:51:21,0.9765,4
House Finch,Haemorhous mexicanus,2026-04-21T14:48:32Z,21-Apr-2026,07:48:32,0.8745,1
Bewick's Wren,Thryomanes bewickii,2026-04-21T14:47:18Z,21-Apr-2026,07:47:18,0.28,1
House Finch,Haemorhous mexicanus,2026-04-21T14:47:14Z,21-Apr-2026,07:47:14,0.7804,1
Bewick's Wren,Thryomanes bewickii,2026-04-21T14:45:25Z,21-Apr-2026,07:45:25,0.26,1
Chestnut-backed Chickadee,Poecile rufescens,2026-04-21T14:44:40Z,21-Apr-2026,07:44:40,0.8157,9
Chestnut-backed Chickadee,Poecile rufescens,2026-04-21T14:44:14Z,21-Apr-2026,07:44:14,0.45,1
Chestnut-backed Chickadee,Poecile rufescens,2026-04-21T14:43:43Z,21-Apr-2026,07:43:43,0.49,1
Chestnut-backed Chickadee,Poecile rufescens,2026-04-21T14:43:39Z,21-Apr-2026,07:43:39,0.9686,16
Chestnut-backed Chickadee,Poecile rufescens,2026-04-21T14:43:35Z,21-Apr-2026,07:43:35,0.51,1
Chestnut-backed Chickadee,Poecile rufescens,2026-04-21T14:42:37Z,21-Apr-2026,07:42:37,0.9412,8
Chestnut-backed Chickadee,Poecile rufescens,2026-04-21T14:41:41Z,21-Apr-2026,07:41:41,0.37,1
Chestnut-backed Chickadee,Poecile rufescens,2026-04-21T14:41:34Z,21-Apr-2026,07:41:34,0.9882,5
Chestnut-backed Chickadee,Poecile rufescens,2026-04-21T14:40:37Z,21-Apr-2026,07:40:37,0.31,1
Chestnut-backed Chickadee,Poecile rufescens,2026-04-21T14:40:33Z,21-Apr-2026,07:40:33,0.9333,6
Chestnut-backed Chickadee,Poecile rufescens,2026-04-21T14:39:32Z,21-Apr-2026,07:39:32,0.9647,7
House Finch,Haemorhous mexicanus,2026-04-21T14:39:28Z,21-Apr-2026,07:39:28,0.8471,1
Chestnut-backed Chickadee,Poecile rufescens,2026-04-21T14:39:21Z,21-Apr-2026,07:39:21,0.58,1
Chestnut-backed Chickadee,Poecile rufescens,2026-04-21T14:38:25Z,21-Apr-2026,07:38:25,0.8471,5
Chestnut-backed Chickadee,Poecile rufescens,2026-04-21T14:37:19Z,21-Apr-2026,07:37:19,0.9686,8
House Finch,Haemorhous mexicanus,2026-04-21T14:36:34Z,21-Apr-2026,07:36:34,0.8863,1
Chestnut-backed Chickadee,Poecile rufescens,2026-04-21T14:36:12Z,21-Apr-2026,07:36:12,0.898,11
Chestnut-backed Chickadee,Poecile rufescens,2026-04-21T14:35:09Z,21-Apr-2026,07:35:09,0.9098,1
Chestnut-backed Chickadee,Poecile rufescens,2026-04-21T14:34:05Z,21-Apr-2026,07:34:05,0.8157,15
Chestnut-backed Chickadee,Poecile rufescens,2026-04-21T14:32:58Z,21-Apr-2026,07:32:58,0.9922,10
Chestnut-backed Chickadee,Poecile rufescens,2026-04-21T14:31:57Z,21-Apr-2026,07:31:57,1,13
Chestnut-backed Chickadee,Poecile rufescens,2026-04-21T14:31:53Z,21-Apr-2026,07:31:53,0.42,1
Chestnut-backed Chickadee,Poecile rufescens,2026-04-21T14:31:46Z,21-Apr-2026,07:31:46,0.87,1
Chestnut-backed Chickadee,Poecile rufescens,2026-04-21T14:31:25Z,21-Apr-2026,07:31:25,0.27,1
Chestnut-backed Chickadee,Poecile rufescens,2026-04-21T14:30:54Z,21-Apr-2026,07:30:54,0.9412,11
Chestnut-backed Chickadee,Poecile rufescens,2026-04-21T14:29:47Z,21-Apr-2026,07:29:47,0.9686,9
Chestnut-backed Chickadee,Poecile rufescens,2026-04-21T14:28:45Z,21-Apr-2026,07:28:45,0.949,7
Chestnut-backed Chickadee,Poecile rufescens,2026-04-21T14:27:41Z,21-Apr-2026,07:27:41,0.8,1
American Robin,Turdus migratorius,2026-04-21T14:23:36Z,21-Apr-2026,07:23:36,0.7804,1
Bewick's Wren,Thryomanes bewickii,2026-04-21T14:22:43Z,21-Apr-2026,07:22:43,0.3,1
Bewick's Wren,Thryomanes bewickii,2026-04-21T14:22:10Z,21-Apr-2026,07:22:10,0.81,1
Bewick's Wren,Thryomanes bewickii,2026-04-21T14:21:53Z,21-Apr-2026,07:21:53,0.59,1
Bewick's Wren,Thryomanes bewickii,2026-04-21T14:20:27Z,21-Apr-2026,07:20:27,0.75,1
Bewick's Wren,Thryomanes bewickii,2026-04-21T14:20:20Z,21-Apr-2026,07:20:20,0.43,1
Bewick's Wren,Thryomanes bewickii,2026-04-21T14:20:13Z,21-Apr-2026,07:20:13,0.75,1
American Robin,Turdus migratorius,2026-04-21T14:19:52Z,21-Apr-2026,07:19:52,0.27,1
Bewick's Wren,Thryomanes bewickii,2026-04-21T14:19:45Z,21-Apr-2026,07:19:45,0.77,1
Bewick's Wren,Thryomanes bewickii,2026-04-21T14:18:19Z,21-Apr-2026,07:18:19,0.4,1
Bewick's Wren,Thryomanes bewickii,2026-04-21T14:18:02Z,21-Apr-2026,07:18:02,0.81,1
Bewick's Wren,Thryomanes bewickii,2026-04-21T14:17:55Z,21-Apr-2026,07:17:55,0.41,1
Bewick's Wren,Thryomanes bewickii,2026-04-21T14:17:43Z,21-Apr-2026,07:17:43,0.4,1
Bewick's Wren,Thryomanes bewickii,2026-04-21T14:17:25Z,21-Apr-2026,07:17:25,0.42,1
American Crow,Corvus brachyrhynchos,2026-04-21T14:15:52Z,21-Apr-2026,07:15:52,0.33,1
House Finch,Haemorhous mexicanus,2026-04-21T14:13:25Z,21-Apr-2026,07:13:25,0.8,1
American Crow,Corvus brachyrhynchos,2026-04-21T14:12:32Z,21-Apr-2026,07:12:32,0.43,1
Mountain Chickadee,Poecile gambeli,2026-04-21T14:12:17Z,21-Apr-2026,07:12:17,0.4,1
White-crowned Sparrow,Zonotrichia leucophrys,2026-04-21T14:11:47Z,21-Apr-2026,07:11:47,0.34,1
American Robin,Turdus migratorius,2026-04-21T14:09:28Z,21-Apr-2026,07:09:28,0.8,1
White-crowned Sparrow,Zonotrichia leucophrys,2026-04-21T14:07:15Z,21-Apr-2026,07:07:15,0.61,1
Bewick's Wren,Thryomanes bewickii,2026-04-21T14:07:07Z,21-Apr-2026,07:07:07,0.81,1
Bewick's Wren,Thryomanes bewickii,2026-04-21T14:06:16Z,21-Apr-2026,07:06:16,0.49,1
Caspian Tern,Hydroprogne caspia,2026-04-21T14:05:08Z,21-Apr-2026,07:05:08,0.32,1
American Crow,Corvus brachyrhynchos,2026-04-21T14:04:58Z,21-Apr-2026,07:04:58,0.29,1
American Robin,Turdus migratorius,2026-04-21T14:04:22Z,21-Apr-2026,07:04:22,0.8314,1
Bewick's Wren,Thryomanes bewickii,2026-04-21T14:02:44Z,21-Apr-2026,07:02:44,0.4,1
American Robin,Turdus migratorius,2026-04-21T14:02:22Z,21-Apr-2026,07:02:22,0.36,1
Chestnut-backed Chickadee,Poecile rufescens,2026-04-21T14:00:56Z,21-Apr-2026,07:00:56,0.41,1
Chestnut-backed Chickadee,Poecile rufescens,2026-04-21T14:00:37Z,21-Apr-2026,07:00:37,0.36,1
American Robin,Turdus migratorius,2026-04-21T13:59:12Z,21-Apr-2026,06:59:12,0.8627,2
American Robin,Turdus migratorius,2026-04-21T13:57:37Z,21-Apr-2026,06:57:37,0.8863,3
Bewick's Wren,Thryomanes bewickii,2026-04-21T13:55:20Z,21-Apr-2026,06:55:20,0.41,1
American Robin,Turdus migratorius,2026-04-21T13:55:15Z,21-Apr-2026,06:55:15,0.8471,1
Chestnut-backed Chickadee,Poecile rufescens,2026-04-21T13:55:00Z,21-Apr-2026,06:55:00,0.9098,1
Chestnut-backed Chickadee,Poecile rufescens,2026-04-21T13:53:32Z,21-Apr-2026,06:53:32,0.8471,4
American Robin,Turdus migratorius,2026-04-21T13:53:23Z,21-Apr-2026,06:53:23,0.8314,1
Chestnut-backed Chickadee,Poecile rufescens,2026-04-21T13:53:03Z,21-Apr-2026,06:53:03,0.35,1
Chestnut-backed Chickadee,Poecile rufescens,2026-04-21T13:52:48Z,21-Apr-2026,06:52:48,0.26,1
Chestnut-backed Chickadee,Poecile rufescens,2026-04-21T13:52:31Z,21-Apr-2026,06:52:31,0.9686,11
Chestnut-backed Chickadee,Poecile rufescens,2026-04-21T13:51:20Z,21-Apr-2026,06:51:20,0.9333,1
Chestnut-backed Chickadee,Poecile rufescens,2026-04-21T13:51:16Z,21-Apr-2026,06:51:16,0.38,1
Black-capped Chickadee,Poecile atricapillus,2026-04-21T13:38:42Z,21-Apr-2026,06:38:42,0.52,1
White-crowned Sparrow,Zonotrichia leucophrys,2026-04-21T13:37:28Z,21-Apr-2026,06:37:28,0.34,1
Black-capped Chickadee,Poecile atricapillus,2026-04-21T13:37:18Z,21-Apr-2026,06:37:18,0.4,1
Black-capped Chickadee,Poecile atricapillus,2026-04-21T13:37:10Z,21-Apr-2026,06:37:10,0.3,1
Black-capped Chickadee,Poecile atricapillus,2026-04-21T13:37:03Z,21-Apr-2026,06:37:03,0.69,1
Black-capped Chickadee,Poecile atricapillus,2026-04-21T13:36:49Z,21-Apr-2026,06:36:49,0.81,1
Black-capped Chickadee,Poecile atricapillus,2026-04-21T13:36:46Z,21-Apr-2026,06:36:46,0.9333,1
Chestnut-backed Chickadee,Poecile rufescens,2026-04-21T13:32:52Z,21-Apr-2026,06:32:52,0.8314,8
Chestnut-backed Chickadee,Poecile rufescens,2026-04-21T13:31:23Z,21-Apr-2026,06:31:23,0.8157,7
Townsend's Warbler,Setophaga townsendi,2026-04-21T13:31:09Z,21-Apr-2026,06:31:09,0.62,1
Townsend's Warbler,Setophaga townsendi,2026-04-21T13:30:38Z,21-Apr-2026,06:30:38,0.6,1
Townsend's Warbler,Setophaga townsendi,2026-04-21T13:30:31Z,21-Apr-2026,06:30:31,0.28,1
Chestnut-backed Chickadee,Poecile rufescens,2026-04-21T13:30:17Z,21-Apr-2026,06:30:17,0.9765,4
Chestnut-backed Chickadee,Poecile rufescens,2026-04-21T13:30:07Z,21-Apr-2026,06:30:07,0.26,1
Townsend's Warbler,Setophaga townsendi,2026-04-21T13:29:38Z,21-Apr-2026,06:29:38,0.37,1
Townsend's Warbler,Setophaga townsendi,2026-04-21T13:29:24Z,21-Apr-2026,06:29:24,0.27,1
Townsend's Warbler,Setophaga townsendi,2026-04-21T13:29:18Z,21-Apr-2026,06:29:18,0.4,1
Chestnut-backed Chickadee,Poecile rufescens,2026-04-21T13:29:15Z,21-Apr-2026,06:29:15,0.8157,9
Townsend's Warbler,Setophaga townsendi,2026-04-21T13:29:08Z,21-Apr-2026,06:29:08,0.27,1
Townsend's Warbler,Setophaga townsendi,2026-04-21T13:28:51Z,21-Apr-2026,06:28:51,0.56,1
Bewick's Wren,Thryomanes bewickii,2026-04-21T13:28:44Z,21-Apr-2026,06:28:44,0.6,1
Townsend's Warbler,Setophaga townsendi,2026-04-21T13:28:38Z,21-Apr-2026,06:28:38,0.57,1
Chestnut-backed Chickadee,Poecile rufescens,2026-04-21T13:28:14Z,21-Apr-2026,06:28:14,0.9647,9
Chestnut-backed Chickadee,Poecile rufescens,2026-04-21T13:27:22Z,21-Apr-2026,06:27:22,0.37,1
Chestnut-backed Chickadee,Poecile rufescens,2026-04-21T13:26:56Z,21-Apr-2026,06:26:56,0.9922,11
Chestnut-backed Chickadee,Poecile rufescens,2026-04-21T13:25:51Z,21-Apr-2026,06:25:51,0.9922,8
Townsend's Warbler,Setophaga townsendi,2026-04-21T13:25:26Z,21-Apr-2026,06:25:26,0.43,1
Townsend's Warbler,Setophaga townsendi,2026-04-21T13:25:19Z,21-Apr-2026,06:25:19,0.45,1
Townsend's Warbler,Setophaga townsendi,2026-04-21T13:25:12Z,21-Apr-2026,06:25:12,0.32,1
Townsend's Warbler,Setophaga townsendi,2026-04-21T13:25:05Z,21-Apr-2026,06:25:05,0.44,1
Townsend's Warbler,Setophaga townsendi,2026-04-21T13:24:54Z,21-Apr-2026,06:24:54,0.27,1
Chestnut-backed Chickadee,Poecile rufescens,2026-04-21T13:24:42Z,21-Apr-2026,06:24:42,0.7804,2
Townsend's Warbler,Setophaga townsendi,2026-04-21T13:24:38Z,21-Apr-2026,06:24:38,0.79,1
Townsend's Warbler,Setophaga townsendi,2026-04-21T13:24:25Z,21-Apr-2026,06:24:25,0.34,1
Townsend's Warbler,Setophaga townsendi,2026-04-21T13:24:13Z,21-Apr-2026,06:24:13,0.44,1
Townsend's Warbler,Setophaga townsendi,2026-04-21T13:24:02Z,21-Apr-2026,06:24:02,0.27,1
Townsend's Warbler,Setophaga townsendi,2026-04-21T13:23:39Z,21-Apr-2026,06:23:39,0.5,1
Townsend's Warbler,Setophaga townsendi,2026-04-21T13:23:18Z,21-Apr-2026,06:23:18,0.34,1
Townsend's Warbler,Setophaga townsendi,2026-04-21T13:22:56Z,21-Apr-2026,06:22:56,0.33,1
Chestnut-backed Chickadee,Poecile rufescens,2026-04-21T13:22:38Z,21-Apr-2026,06:22:38,0.9098,1
Chestnut-backed Chickadee,Poecile rufescens,2026-04-21T13:22:26Z,21-Apr-2026,06:22:26,0.43,1
American Robin,Turdus migratorius,2026-04-21T13:21:58Z,21-Apr-2026,06:21:58,0.26,1
Chestnut-backed Chickadee,Poecile rufescens,2026-04-21T13:21:51Z,21-Apr-2026,06:21:51,0.62,1
Townsend's Warbler,Setophaga townsendi,2026-04-21T13:21:21Z,21-Apr-2026,06:21:21,0.33,1
Townsend's Warbler,Setophaga townsendi,2026-04-21T13:21:14Z,21-Apr-2026,06:21:14,0.5,1
Bewick's Wren,Thryomanes bewickii,2026-04-21T13:21:04Z,21-Apr-2026,06:21:04,0.36,1
Chestnut-backed Chickadee,Poecile rufescens,2026-04-21T13:19:53Z,21-Apr-2026,06:19:53,0.9098,10
Chestnut-backed Chickadee,Poecile rufescens,2026-04-21T13:18:43Z,21-Apr-2026,06:18:43,0.9098,7
Chestnut-backed Chickadee,Poecile rufescens,2026-04-21T13:18:17Z,21-Apr-2026,06:18:17,0.27,1
Chestnut-backed Chickadee,Poecile rufescens,2026-04-21T13:17:37Z,21-Apr-2026,06:17:37,0.9333,2
Chestnut-backed Chickadee,Poecile rufescens,2026-04-21T13:16:34Z,21-Apr-2026,06:16:34,0.8,1
MacGillivray's Warbler,Geothlypis tolmiei,2026-04-21T13:11:53Z,21-Apr-2026,06:11:53,0.34,1
Northern Flicker,Colaptes auratus,2026-04-21T13:10:06Z,21-Apr-2026,06:10:06,0.36,1
Northern Flicker,Colaptes auratus,2026-04-21T13:09:04Z,21-Apr-2026,06:09:04,0.53,1
Northern Flicker,Colaptes auratus,2026-04-21T13:08:13Z,21-Apr-2026,06:08:13,0.6,1
White-throated Sparrow,Zonotrichia albicollis,2026-04-21T13:03:41Z,21-Apr-2026,06:03:41,0.33,1
Black-capped Chickadee,Poecile atricapillus,2026-04-21T13:03:21Z,21-Apr-2026,06:03:21,0.949,1
Black-capped Chickadee,Poecile atricapillus,2026-04-21T13:03:07Z,21-Apr-2026,06:03:07,0.33,1
American Crow,Corvus brachyrhynchos,2026-04-21T13:02:05Z,21-Apr-2026,06:02:05,0.3,1
Black-capped Chickadee,Poecile atricapillus,2026-04-21T13:00:46Z,21-Apr-2026,06:00:46,0.82,1
Bewick's Wren,Thryomanes bewickii,2026-04-21T12:59:05Z,21-Apr-2026,05:59:05,0.86,1
Bewick's Wren,Thryomanes bewickii,2026-04-21T12:58:44Z,21-Apr-2026,05:58:44,0.44,1
Bewick's Wren,Thryomanes bewickii,2026-04-21T12:58:34Z,21-Apr-2026,05:58:34,0.91,1
Bewick's Wren,Thryomanes bewickii,2026-04-21T12:58:26Z,21-Apr-2026,05:58:26,0.81,1
Bewick's Wren,Thryomanes bewickii,2026-04-21T12:58:19Z,21-Apr-2026,05:58:19,0.82,1
Bewick's Wren,Thryomanes bewickii,2026-04-21T12:58:11Z,21-Apr-2026,05:58:11,0.53,1
Bewick's Wren,Thryomanes bewickii,2026-04-21T12:58:06Z,21-Apr-2026,05:58:06,0.83,1
Bewick's Wren,Thryomanes bewickii,2026-04-21T12:57:58Z,21-Apr-2026,05:57:58,0.8,1
Bewick's Wren,Thryomanes bewickii,2026-04-21T12:57:50Z,21-Apr-2026,05:57:50,0.91,1
Bewick's Wren,Thryomanes bewickii,2026-04-21T12:57:42Z,21-Apr-2026,05:57:42,0.84,1
Bewick's Wren,Thryomanes bewickii,2026-04-21T12:57:35Z,21-Apr-2026,05:57:35,0.84,1
Bewick's Wren,Thryomanes bewickii,2026-04-21T12:57:28Z,21-Apr-2026,05:57:28,0.74,1
Bewick's Wren,Thryomanes bewickii,2026-04-21T12:57:21Z,21-Apr-2026,05:57:21,0.96,1
Bewick's Wren,Thryomanes bewickii,2026-04-21T12:56:59Z,21-Apr-2026,05:56:59,0.94,1
Bewick's Wren,Thryomanes bewickii,2026-04-21T12:56:52Z,21-Apr-2026,05:56:52,0.49,1
Bewick's Wren,Thryomanes bewickii,2026-04-21T12:56:43Z,21-Apr-2026,05:56:43,0.56,1
Bewick's Wren,Thryomanes bewickii,2026-04-21T12:56:20Z,21-Apr-2026,05:56:20,0.97,1
Bewick's Wren,Thryomanes bewickii,2026-04-21T12:56:13Z,21-Apr-2026,05:56:13,0.8,1
Bewick's Wren,Thryomanes bewickii,2026-04-21T12:56:05Z,21-Apr-2026,05:56:05,0.97,1
Bewick's Wren,Thryomanes bewickii,2026-04-21T12:55:58Z,21-Apr-2026,05:55:58,0.89,1
Bewick's Wren,Thryomanes bewickii,2026-04-21T12:55:53Z,21-Apr-2026,05:55:53,0.87,1
Bewick's Wren,Thryomanes bewickii,2026-04-21T12:55:44Z,21-Apr-2026,05:55:44,0.77,1
Bewick's Wren,Thryomanes bewickii,2026-04-21T12:55:37Z,21-Apr-2026,05:55:37,0.95,1
Bewick's Wren,Thryomanes bewickii,2026-04-21T12:55:29Z,21-Apr-2026,05:55:29,0.38,1
Bewick's Wren,Thryomanes bewickii,2026-04-21T12:55:22Z,21-Apr-2026,05:55:22,0.51,1
Bewick's Wren,Thryomanes bewickii,2026-04-21T12:55:14Z,21-Apr-2026,05:55:14,0.94,1
Bewick's Wren,Thryomanes bewickii,2026-04-21T12:55:07Z,21-Apr-2026,05:55:07,0.96,1
Bewick's Wren,Thryomanes bewickii,2026-04-21T12:54:59Z,21-Apr-2026,05:54:59,0.87,1
Bewick's Wren,Thryomanes bewickii,2026-04-21T12:54:52Z,21-Apr-2026,05:54:52,0.83,1
Bewick's Wren,Thryomanes bewickii,2026-04-21T12:54:37Z,21-Apr-2026,05:54:37,0.86,1
Bewick's Wren,Thryomanes bewickii,2026-04-21T12:54:29Z,21-Apr-2026,05:54:29,0.62,1
Bewick's Wren,Thryomanes bewickii,2026-04-21T12:54:16Z,21-Apr-2026,05:54:16,0.92,1
Bewick's Wren,Thryomanes bewickii,2026-04-21T12:54:05Z,21-Apr-2026,05:54:05,0.96,1
Bewick's Wren,Thryomanes bewickii,2026-04-21T12:53:57Z,21-Apr-2026,05:53:57,0.86,1
Bewick's Wren,Thryomanes bewickii,2026-04-21T12:53:43Z,21-Apr-2026,05:53:43,0.79,1
Bewick's Wren,Thryomanes bewickii,2026-04-21T12:53:35Z,21-Apr-2026,05:53:35,0.94,1
Bewick's Wren,Thryomanes bewickii,2026-04-21T12:53:28Z,21-Apr-2026,05:53:28,0.9,1
Bewick's Wren,Thryomanes bewickii,2026-04-21T12:53:20Z,21-Apr-2026,05:53:20,0.99,1
Bewick's Wren,Thryomanes bewickii,2026-04-21T12:53:14Z,21-Apr-2026,05:53:14,0.82,1
Bewick's Wren,Thryomanes bewickii,2026-04-21T12:53:07Z,21-Apr-2026,05:53:07,0.98,1
Bewick's Wren,Thryomanes bewickii,2026-04-21T12:52:59Z,21-Apr-2026,05:52:59,0.96,1
Bewick's Wren,Thryomanes bewickii,2026-04-21T12:52:51Z,21-Apr-2026,05:52:51,0.97,1
Bewick's Wren,Thryomanes bewickii,2026-04-21T12:52:43Z,21-Apr-2026,05:52:43,0.94,1
Bewick's Wren,Thryomanes bewickii,2026-04-21T12:52:13Z,21-Apr-2026,05:52:13,0.97,1
Bewick's Wren,Thryomanes bewickii,2026-04-21T12:52:02Z,21-Apr-2026,05:52:02,0.96,1
Bewick's Wren,Thryomanes bewickii,2026-04-21T12:51:55Z,21-Apr-2026,05:51:55,0.97,1
Bewick's Wren,Thryomanes bewickii,2026-04-21T12:51:37Z,21-Apr-2026,05:51:37,0.95,1
Bewick's Wren,Thryomanes bewickii,2026-04-21T12:51:26Z,21-Apr-2026,05:51:26,0.83,1
Bewick's Wren,Thryomanes bewickii,2026-04-21T12:51:19Z,21-Apr-2026,05:51:19,0.83,1
Bewick's Wren,Thryomanes bewickii,2026-04-21T12:51:11Z,21-Apr-2026,05:51:11,0.93,1
Bewick's Wren,Thryomanes bewickii,2026-04-21T12:51:05Z,21-Apr-2026,05:51:05,0.98,1
Bewick's Wren,Thryomanes bewickii,2026-04-21T12:50:59Z,21-Apr-2026,05:50:59,0.96,1
Bewick's Wren,Thryomanes bewickii,2026-04-21T12:50:54Z,21-Apr-2026,05:50:54,0.68,1
Bewick's Wren,Thryomanes bewickii,2026-04-21T12:50:46Z,21-Apr-2026,05:50:46,0.98,1
Bewick's Wren,Thryomanes bewickii,2026-04-21T12:50:38Z,21-Apr-2026,05:50:38,0.52,1
Bewick's Wren,Thryomanes bewickii,2026-04-21T12:50:31Z,21-Apr-2026,05:50:31,0.32,1
Bewick's Wren,Thryomanes bewickii,2026-04-21T12:50:23Z,21-Apr-2026,05:50:23,0.97,1
Bewick's Wren,Thryomanes bewickii,2026-04-21T12:50:16Z,21-Apr-2026,05:50:16,0.95,1
Bewick's Wren,Thryomanes bewickii,2026-04-21T12:50:01Z,21-Apr-2026,05:50:01,0.53,1
Bewick's Wren,Thryomanes bewickii,2026-04-21T12:49:54Z,21-Apr-2026,05:49:54,0.46,1
Bewick's Wren,Thryomanes bewickii,2026-04-21T12:49:39Z,21-Apr-2026,05:49:39,0.76,1
Bewick's Wren,Thryomanes bewickii,2026-04-21T12:49:34Z,21-Apr-2026,05:49:34,0.93,1
Bewick's Wren,Thryomanes bewickii,2026-04-21T12:49:22Z,21-Apr-2026,05:49:22,0.99,1
Bewick's Wren,Thryomanes bewickii,2026-04-21T12:49:15Z,21-Apr-2026,05:49:15,0.95,1
MacGillivray's Warbler,Geothlypis tolmiei,2026-04-21T12:49:07Z,21-Apr-2026,05:49:07,0.44,1
Bewick's Wren,Thryomanes bewickii,2026-04-21T12:48:59Z,21-Apr-2026,05:48:59,0.88,1
Bewick's Wren,Thryomanes bewickii,2026-04-21T12:48:51Z,21-Apr-2026,05:48:51,0.94,1
Bewick's Wren,Thryomanes bewickii,2026-04-21T12:48:43Z,21-Apr-2026,05:48:43,0.95,1
Bewick's Wren,Thryomanes bewickii,2026-04-21T12:48:28Z,21-Apr-2026,05:48:28,0.92,1
Bewick's Wren,Thryomanes bewickii,2026-04-21T12:48:18Z,21-Apr-2026,05:48:18,0.95,1
Bewick's Wren,Thryomanes bewickii,2026-04-21T12:48:10Z,21-Apr-2026,05:48:10,0.9,1
Bewick's Wren,Thryomanes bewickii,2026-04-21T12:48:02Z,21-Apr-2026,05:48:02,0.97,1
Bewick's Wren,Thryomanes bewickii,2026-04-21T12:47:55Z,21-Apr-2026,05:47:55,0.91,1
Bewick's Wren,Thryomanes bewickii,2026-04-21T12:47:47Z,21-Apr-2026,05:47:47,0.79,1
Bewick's Wren,Thryomanes bewickii,2026-04-21T12:47:40Z,21-Apr-2026,05:47:40,0.95,1
Bewick's Wren,Thryomanes bewickii,2026-04-21T12:47:33Z,21-Apr-2026,05:47:33,0.28,1
Bewick's Wren,Thryomanes bewickii,2026-04-21T12:47:26Z,21-Apr-2026,05:47:26,0.54,1
Bewick's Wren,Thryomanes bewickii,2026-04-21T12:47:19Z,21-Apr-2026,05:47:19,0.62,1
Bewick's Wren,Thryomanes bewickii,2026-04-21T12:47:12Z,21-Apr-2026,05:47:12,0.97,1
Bewick's Wren,Thryomanes bewickii,2026-04-21T12:47:04Z,21-Apr-2026,05:47:04,0.58,1
Bewick's Wren,Thryomanes bewickii,2026-04-21T12:46:57Z,21-Apr-2026,05:46:57,0.87,1
Bewick's Wren,Thryomanes bewickii,2026-04-21T12:46:50Z,21-Apr-2026,05:46:50,0.5,1
Bewick's Wren,Thryomanes bewickii,2026-04-21T12:46:43Z,21-Apr-2026,05:46:43,0.81,1
Bewick's Wren,Thryomanes bewickii,2026-04-21T12:46:35Z,21-Apr-2026,05:46:35,0.95,1
Bewick's Wren,Thryomanes bewickii,2026-04-21T12:46:27Z,21-Apr-2026,05:46:27,0.89,1
Bewick's Wren,Thryomanes bewickii,2026-04-21T12:46:16Z,21-Apr-2026,05:46:16,0.54,1
Bewick's Wren,Thryomanes bewickii,2026-04-21T12:46:08Z,21-Apr-2026,05:46:08,0.96,1
Bewick's Wren,Thryomanes bewickii,2026-04-21T12:46:01Z,21-Apr-2026,05:46:01,0.96,1
Bewick's Wren,Thryomanes bewickii,2026-04-21T12:45:53Z,21-Apr-2026,05:45:53,0.97,1
Bewick's Wren,Thryomanes bewickii,2026-04-21T12:45:43Z,21-Apr-2026,05:45:43,0.81,1
Bewick's Wren,Thryomanes bewickii,2026-04-21T12:45:36Z,21-Apr-2026,05:45:36,0.98,1
Bewick's Wren,Thryomanes bewickii,2026-04-21T12:45:29Z,21-Apr-2026,05:45:29,0.98,1
Bewick's Wren,Thryomanes bewickii,2026-04-21T12:45:22Z,21-Apr-2026,05:45:22,0.96,1
Bewick's Wren,Thryomanes bewickii,2026-04-21T12:45:14Z,21-Apr-2026,05:45:14,0.28,1
Bewick's Wren,Thryomanes bewickii,2026-04-21T12:45:06Z,21-Apr-2026,05:45:06,0.95,1
Bewick's Wren,Thryomanes bewickii,2026-04-21T12:44:59Z,21-Apr-2026,05:44:59,0.97,1
Bewick's Wren,Thryomanes bewickii,2026-04-21T12:44:52Z,21-Apr-2026,05:44:52,0.85,1
Bewick's Wren,Thryomanes bewickii,2026-04-21T12:44:43Z,21-Apr-2026,05:44:43,0.93,1
Bewick's Wren,Thryomanes bewickii,2026-04-21T12:44:37Z,21-Apr-2026,05:44:37,0.98,1
Bewick's Wren,Thryomanes bewickii,2026-04-21T12:44:30Z,21-Apr-2026,05:44:30,0.97,1
Bewick's Wren,Thryomanes bewickii,2026-04-21T12:44:15Z,21-Apr-2026,05:44:15,0.96,1
Bewick's Wren,Thryomanes bewickii,2026-04-21T12:44:07Z,21-Apr-2026,05:44:07,0.64,1
Bewick's Wren,Thryomanes bewickii,2026-04-21T12:43:52Z,21-Apr-2026,05:43:52,0.98,1
Bewick's Wren,Thryomanes bewickii,2026-04-21T12:43:45Z,21-Apr-2026,05:43:45,0.58,1
Bewick's Wren,Thryomanes bewickii,2026-04-21T12:43:37Z,21-Apr-2026,05:43:37,0.84,1
Bewick's Wren,Thryomanes bewickii,2026-04-21T12:43:28Z,21-Apr-2026,05:43:28,0.99,1
Bewick's Wren,Thryomanes bewickii,2026-04-21T12:43:19Z,21-Apr-2026,05:43:19,0.33,1
Bewick's Wren,Thryomanes bewickii,2026-04-21T12:43:12Z,21-Apr-2026,05:43:12,0.97,1
Bewick's Wren,Thryomanes bewickii,2026-04-21T12:43:06Z,21-Apr-2026,05:43:06,0.96,1
Bewick's Wren,Thryomanes bewickii,2026-04-21T12:42:59Z,21-Apr-2026,05:42:59,0.88,1
Bewick's Wren,Thryomanes bewickii,2026-04-21T12:42:52Z,21-Apr-2026,05:42:52,0.91,1
Bewick's Wren,Thryomanes bewickii,2026-04-21T12:42:38Z,21-Apr-2026,05:42:38,0.4,1
Bewick's Wren,Thryomanes bewickii,2026-04-21T12:42:30Z,21-Apr-2026,05:42:30,0.97,1
Bewick's Wren,Thryomanes bewickii,2026-04-21T12:42:24Z,21-Apr-2026,05:42:24,0.93,1
Bewick's Wren,Thryomanes bewickii,2026-04-21T12:42:17Z,21-Apr-2026,05:42:17,0.96,1
Bewick's Wren,Thryomanes bewickii,2026-04-21T12:42:09Z,21-Apr-2026,05:42:09,0.91,1
Bewick's Wren,Thryomanes bewickii,2026-04-21T12:41:53Z,21-Apr-2026,05:41:53,0.43,1
Bewick's Wren,Thryomanes bewickii,2026-04-21T12:41:46Z,21-Apr-2026,05:41:46,0.97,1
Chestnut-backed Chickadee,Poecile rufescens,2026-04-21T12:41:39Z,21-Apr-2026,05:41:39,0.7804,1
Bewick's Wren,Thryomanes bewickii,2026-04-21T12:41:34Z,21-Apr-2026,05:41:34,0.91,1
Bewick's Wren,Thryomanes bewickii,2026-04-21T12:41:23Z,21-Apr-2026,05:41:23,0.94,1
Bewick's Wren,Thryomanes bewickii,2026-04-21T12:41:16Z,21-Apr-2026,05:41:16,0.98,1
Bewick's Wren,Thryomanes bewickii,2026-04-21T12:41:08Z,21-Apr-2026,05:41:08,0.51,1
Bewick's Wren,Thryomanes bewickii,2026-04-21T12:41:01Z,21-Apr-2026,05:41:01,0.95,1
Bewick's Wren,Thryomanes bewickii,2026-04-21T12:40:54Z,21-Apr-2026,05:40:54,0.97,1
Bewick's Wren,Thryomanes bewickii,2026-04-21T12:40:49Z,21-Apr-2026,05:40:49,0.48,1
Bewick's Wren,Thryomanes bewickii,2026-04-21T12:40:41Z,21-Apr-2026,05:40:41,0.92,1
Bewick's Wren,Thryomanes bewickii,2026-04-21T12:40:33Z,21-Apr-2026,05:40:33,0.97,1
Bewick's Wren,Thryomanes bewickii,2026-04-21T12:40:27Z,21-Apr-2026,05:40:27,0.98,1
Chestnut-backed Chickadee,Poecile rufescens,2026-04-21T12:40:23Z,21-Apr-2026,05:40:23,0.8157,1
Bewick's Wren,Thryomanes bewickii,2026-04-21T12:40:19Z,21-Apr-2026,05:40:19,0.97,1
Bewick's Wren,Thryomanes bewickii,2026-04-21T12:40:07Z,21-Apr-2026,05:40:07,0.97,1
Bewick's Wren,Thryomanes bewickii,2026-04-21T12:39:52Z,21-Apr-2026,05:39:52,0.96,1
Bewick's Wren,Thryomanes bewickii,2026-04-21T12:39:45Z,21-Apr-2026,05:39:45,0.83,1
Bewick's Wren,Thryomanes bewickii,2026-04-21T12:39:38Z,21-Apr-2026,05:39:38,0.55,1
Bewick's Wren,Thryomanes bewickii,2026-04-21T12:39:25Z,21-Apr-2026,05:39:25,0.96,1
Bewick's Wren,Thryomanes bewickii,2026-04-21T12:39:18Z,21-Apr-2026,05:39:18,0.65,1
Bewick's Wren,Thryomanes bewickii,2026-04-21T12:39:10Z,21-Apr-2026,05:39:10,0.85,1
Bewick's Wren,Thryomanes bewickii,2026-04-21T12:39:03Z,21-Apr-2026,05:39:03,0.44,1
Bewick's Wren,Thryomanes bewickii,2026-04-21T12:38:58Z,21-Apr-2026,05:38:58,0.9,1
Bewick's Wren,Thryomanes bewickii,2026-04-21T12:38:47Z,21-Apr-2026,05:38:47,0.93,1
Bewick's Wren,Thryomanes bewickii,2026-04-21T12:38:29Z,21-Apr-2026,05:38:29,0.97,1
Bewick's Wren,Thryomanes bewickii,2026-04-21T12:38:24Z,21-Apr-2026,05:38:24,0.96,1
Bewick's Wren,Thryomanes bewickii,2026-04-21T12:38:04Z,21-Apr-2026,05:38:04,0.99,1
Bewick's Wren,Thryomanes bewickii,2026-04-21T12:37:42Z,21-Apr-2026,05:37:42,0.99,1
Bewick's Wren,Thryomanes bewickii,2026-04-21T12:37:35Z,21-Apr-2026,05:37:35,0.97,1
Bewick's Wren,Thryomanes bewickii,2026-04-21T12:37:28Z,21-Apr-2026,05:37:28,0.96,1
Bewick's Wren,Thryomanes bewickii,2026-04-21T12:37:16Z,21-Apr-2026,05:37:16,0.59,1
Bewick's Wren,Thryomanes bewickii,2026-04-21T12:37:09Z,21-Apr-2026,05:37:09,0.93,1
Bewick's Wren,Thryomanes bewickii,2026-04-21T12:37:01Z,21-Apr-2026,05:37:01,0.98,1
Bewick's Wren,Thryomanes bewickii,2026-04-21T12:36:47Z,21-Apr-2026,05:36:47,0.95,1
Bewick's Wren,Thryomanes bewickii,2026-04-21T12:36:39Z,21-Apr-2026,05:36:39,0.99,1
Bewick's Wren,Thryomanes bewickii,2026-04-21T12:36:26Z,21-Apr-2026,05:36:26,0.99,1
Bewick's Wren,Thryomanes bewickii,2026-04-21T12:36:19Z,21-Apr-2026,05:36:19,0.99,1
Bewick's Wren,Thryomanes bewickii,2026-04-21T12:36:07Z,21-Apr-2026,05:36:07,0.99,1
Bewick's Wren,Thryomanes bewickii,2026-04-21T12:35:57Z,21-Apr-2026,05:35:57,0.97,1
Bewick's Wren,Thryomanes bewickii,2026-04-21T12:35:49Z,21-Apr-2026,05:35:49,0.99,1
Bewick's Wren,Thryomanes bewickii,2026-04-21T12:35:28Z,21-Apr-2026,05:35:28,0.96,1
Bewick's Wren,Thryomanes bewickii,2026-04-21T12:35:20Z,21-Apr-2026,05:35:20,0.76,1
Bewick's Wren,Thryomanes bewickii,2026-04-21T12:35:13Z,21-Apr-2026,05:35:13,0.82,1
Bewick's Wren,Thryomanes bewickii,2026-04-21T12:35:06Z,21-Apr-2026,05:35:06,0.89,1
Bewick's Wren,Thryomanes bewickii,2026-04-21T12:34:58Z,21-Apr-2026,05:34:58,0.93,1
Bewick's Wren,Thryomanes bewickii,2026-04-21T12:34:50Z,21-Apr-2026,05:34:50,0.98,1
Bewick's Wren,Thryomanes bewickii,2026-04-21T12:34:44Z,21-Apr-2026,05:34:44,0.97,1
Bewick's Wren,Thryomanes bewickii,2026-04-21T12:34:39Z,21-Apr-2026,05:34:39,0.98,1
Bewick's Wren,Thryomanes bewickii,2026-04-21T12:34:22Z,21-Apr-2026,05:34:22,0.28,1
Bewick's Wren,Thryomanes bewickii,2026-04-21T12:34:00Z,21-Apr-2026,05:34:00,0.98,1
Bewick's Wren,Thryomanes bewickii,2026-04-21T12:33:53Z,21-Apr-2026,05:33:53,0.98,1
Bewick's Wren,Thryomanes bewickii,2026-04-21T12:33:46Z,21-Apr-2026,05:33:46,0.88,1
Bewick's Wren,Thryomanes bewickii,2026-04-21T12:33:39Z,21-Apr-2026,05:33:39,0.63,1
Bewick's Wren,Thryomanes bewickii,2026-04-21T12:33:24Z,21-Apr-2026,05:33:24,0.98,1
Bewick's Wren,Thryomanes bewickii,2026-04-21T12:33:17Z,21-Apr-2026,05:33:17,0.99,1
Bewick's Wren,Thryomanes bewickii,2026-04-21T12:33:09Z,21-Apr-2026,05:33:09,0.91,1
Bewick's Wren,Thryomanes bewickii,2026-04-21T12:32:49Z,21-Apr-2026,05:32:49,0.99,1
Bewick's Wren,Thryomanes bewickii,2026-04-21T12:32:42Z,21-Apr-2026,05:32:42,0.98,1
Bewick's Wren,Thryomanes bewickii,2026-04-21T12:32:34Z,21-Apr-2026,05:32:34,0.39,1
Bewick's Wren,Thryomanes bewickii,2026-04-21T12:32:19Z,21-Apr-2026,05:32:19,0.98,1
Bewick's Wren,Thryomanes bewickii,2026-04-21T12:32:04Z,21-Apr-2026,05:32:04,0.97,1
Bewick's Wren,Thryomanes bewickii,2026-04-21T12:31:43Z,21-Apr-2026,05:31:43,0.97,1
American Robin,Turdus migratorius,2026-04-21T12:31:36Z,21-Apr-2026,05:31:36,0.38,1
Bewick's Wren,Thryomanes bewickii,2026-04-21T12:31:28Z,21-Apr-2026,05:31:28,0.76,1
Bewick's Wren,Thryomanes bewickii,2026-04-21T12:31:04Z,21-Apr-2026,05:31:04,0.99,1
Chestnut-backed Chickadee,Poecile rufescens,2026-04-21T12:30:41Z,21-Apr-2026,05:30:41,0.5,1
Bewick's Wren,Thryomanes bewickii,2026-04-21T12:30:35Z,21-Apr-2026,05:30:35,0.97,1
Bewick's Wren,Thryomanes bewickii,2026-04-21T12:30:28Z,21-Apr-2026,05:30:28,0.71,1
Bewick's Wren,Thryomanes bewickii,2026-04-21T12:30:20Z,21-Apr-2026,05:30:20,0.97,1
Bewick's Wren,Thryomanes bewickii,2026-04-21T12:30:10Z,21-Apr-2026,05:30:10,0.96,1
Bewick's Wren,Thryomanes bewickii,2026-04-21T12:30:02Z,21-Apr-2026,05:30:02,0.92,1
Bewick's Wren,Thryomanes bewickii,2026-04-21T12:29:56Z,21-Apr-2026,05:29:56,0.96,1
Bewick's Wren,Thryomanes bewickii,2026-04-21T12:29:47Z,21-Apr-2026,05:29:47,0.99,1
Bewick's Wren,Thryomanes bewickii,2026-04-21T12:29:37Z,21-Apr-2026,05:29:37,0.93,1
Bewick's Wren,Thryomanes bewickii,2026-04-21T12:29:22Z,21-Apr-2026,05:29:22,0.94,1
Bewick's Wren,Thryomanes bewickii,2026-04-21T12:29:14Z,21-Apr-2026,05:29:14,0.98,1
Bewick's Wren,Thryomanes bewickii,2026-04-21T12:29:06Z,21-Apr-2026,05:29:06,0.99,1
Bewick's Wren,Thryomanes bewickii,2026-04-21T12:28:55Z,21-Apr-2026,05:28:55,0.99,1
Bewick's Wren,Thryomanes bewickii,2026-04-21T12:28:44Z,21-Apr-2026,05:28:44,0.99,1
Bewick's Wren,Thryomanes bewickii,2026-04-21T12:28:26Z,21-Apr-2026,05:28:26,0.61,1
Chestnut-backed Chickadee,Poecile rufescens,2026-04-21T12:28:19Z,21-Apr-2026,05:28:19,0.78,1
Bewick's Wren,Thryomanes bewickii,2026-04-21T12:27:47Z,21-Apr-2026,05:27:47,0.94,1
Bewick's Wren,Thryomanes bewickii,2026-04-21T12:27:39Z,21-Apr-2026,05:27:39,0.95,1
Bewick's Wren,Thryomanes bewickii,2026-04-21T12:27:34Z,21-Apr-2026,05:27:34,0.35,1
Bewick's Wren,Thryomanes bewickii,2026-04-21T12:27:17Z,21-Apr-2026,05:27:17,0.68,1
American Robin,Turdus migratorius,2026-04-21T12:27:10Z,21-Apr-2026,05:27:10,0.28,1
American Robin,Turdus migratorius,2026-04-21T12:26:48Z,21-Apr-2026,05:26:48,0.47,1
American Robin,Turdus migratorius,2026-04-21T12:26:31Z,21-Apr-2026,05:26:31,0.26,1
American Robin,Turdus migratorius,2026-04-21T12:25:55Z,21-Apr-2026,05:25:55,0.8157,1
Bewick's Wren,Thryomanes bewickii,2026-04-21T12:24:58Z,21-Apr-2026,05:24:58,0.98,1
Bewick's Wren,Thryomanes bewickii,2026-04-21T12:24:44Z,21-Apr-2026,05:24:44,0.99,1
Bewick's Wren,Thryomanes bewickii,2026-04-21T12:24:37Z,21-Apr-2026,05:24:37,0.9,1
Bewick's Wren,Thryomanes bewickii,2026-04-21T12:24:15Z,21-Apr-2026,05:24:15,0.95,1
Bewick's Wren,Thryomanes bewickii,2026-04-21T12:23:46Z,21-Apr-2026,05:23:46,0.97,1
Bewick's Wren,Thryomanes bewickii,2026-04-21T12:23:38Z,21-Apr-2026,05:23:38,0.74,1
Bewick's Wren,Thryomanes bewickii,2026-04-21T12:23:31Z,21-Apr-2026,05:23:31,0.98,1
Bewick's Wren,Thryomanes bewickii,2026-04-21T12:23:22Z,21-Apr-2026,05:23:22,0.98,1
Bewick's Wren,Thryomanes bewickii,2026-04-21T12:23:16Z,21-Apr-2026,05:23:16,0.93,1
Bewick's Wren,Thryomanes bewickii,2026-04-21T12:23:08Z,21-Apr-2026,05:23:08,0.99,1
Bewick's Wren,Thryomanes bewickii,2026-04-21T12:22:50Z,21-Apr-2026,05:22:50,0.31,1
Bewick's Wren,Thryomanes bewickii,2026-04-21T12:22:43Z,21-Apr-2026,05:22:43,0.97,1
Bewick's Wren,Thryomanes bewickii,2026-04-21T12:22:28Z,21-Apr-2026,05:22:28,0.97,1
Bewick's Wren,Thryomanes bewickii,2026-04-21T12:22:20Z,21-Apr-2026,05:22:20,0.35,1
Bewick's Wren,Thryomanes bewickii,2026-04-21T12:22:13Z,21-Apr-2026,05:22:13,0.97,1
Bewick's Wren,Thryomanes bewickii,2026-04-21T12:22:06Z,21-Apr-2026,05:22:06,0.6,1
Bewick's Wren,Thryomanes bewickii,2026-04-21T12:21:59Z,21-Apr-2026,05:21:59,0.87,1
Bewick's Wren,Thryomanes bewickii,2026-04-21T12:21:46Z,21-Apr-2026,05:21:46,0.71,1
Bewick's Wren,Thryomanes bewickii,2026-04-21T12:21:38Z,21-Apr-2026,05:21:38,0.98,1
Bewick's Wren,Thryomanes bewickii,2026-04-21T12:21:28Z,21-Apr-2026,05:21:28,0.99,1
Bewick's Wren,Thryomanes bewickii,2026-04-21T12:21:20Z,21-Apr-2026,05:21:20,0.98,1
Bewick's Wren,Thryomanes bewickii,2026-04-21T12:21:10Z,21-Apr-2026,05:21:10,0.91,1
Bewick's Wren,Thryomanes bewickii,2026-04-21T12:21:02Z,21-Apr-2026,05:21:02,0.27,1
Bewick's Wren,Thryomanes bewickii,2026-04-21T12:20:55Z,21-Apr-2026,05:20:55,0.96,1
American Robin,Turdus migratorius,2026-04-21T12:20:37Z,21-Apr-2026,05:20:37,0.29,1
Bewick's Wren,Thryomanes bewickii,2026-04-21T12:19:59Z,21-Apr-2026,05:19:59,0.98,1
Bewick's Wren,Thryomanes bewickii,2026-04-21T12:19:44Z,21-Apr-2026,05:19:44,0.99,1
Bewick's Wren,Thryomanes bewickii,2026-04-21T12:19:29Z,21-Apr-2026,05:19:29,0.44,1
Bewick's Wren,Thryomanes bewickii,2026-04-21T12:19:21Z,21-Apr-2026,05:19:21,0.99,1
American Robin,Turdus migratorius,2026-04-21T12:19:14Z,21-Apr-2026,05:19:14,0.7804,1
Bewick's Wren,Thryomanes bewickii,2026-04-21T12:19:02Z,21-Apr-2026,05:19:02,0.53,1
Bewick's Wren,Thryomanes bewickii,2026-04-21T12:18:49Z,21-Apr-2026,05:18:49,0.74,1
Bewick's Wren,Thryomanes bewickii,2026-04-21T12:18:37Z,21-Apr-2026,05:18:37,0.99,1
Bewick's Wren,Thryomanes bewickii,2026-04-21T12:18:26Z,21-Apr-2026,05:18:26,0.97,1
Bewick's Wren,Thryomanes bewickii,2026-04-21T12:17:58Z,21-Apr-2026,05:17:58,0.88,1
American Robin,Turdus migratorius,2026-04-21T12:17:51Z,21-Apr-2026,05:17:51,0.34,1
Bewick's Wren,Thryomanes bewickii,2026-04-21T12:17:12Z,21-Apr-2026,05:17:12,0.99,1
American Robin,Turdus migratorius,2026-04-21T12:17:04Z,21-Apr-2026,05:17:04,0.5,1
American Robin,Turdus migratorius,2026-04-21T12:16:49Z,21-Apr-2026,05:16:49,0.8,1
Bewick's Wren,Thryomanes bewickii,2026-04-21T12:16:13Z,21-Apr-2026,05:16:13,0.97,1
Bewick's Wren,Thryomanes bewickii,2026-04-21T12:15:47Z,21-Apr-2026,05:15:47,0.99,1
Bewick's Wren,Thryomanes bewickii,2026-04-21T12:15:36Z,21-Apr-2026,05:15:36,0.98,1
Bewick's Wren,Thryomanes bewickii,2026-04-21T12:15:14Z,21-Apr-2026,05:15:14,0.99,1
American Robin,Turdus migratorius,2026-04-21T12:15:07Z,21-Apr-2026,05:15:07,0.4,1
Bewick's Wren,Thryomanes bewickii,2026-04-21T12:14:57Z,21-Apr-2026,05:14:57,0.97,1
Bewick's Wren,Thryomanes bewickii,2026-04-21T12:14:43Z,21-Apr-2026,05:14:43,0.99,1
Bewick's Wren,Thryomanes bewickii,2026-04-21T12:14:32Z,21-Apr-2026,05:14:32,0.93,1
American Robin,Turdus migratorius,2026-04-21T12:14:25Z,21-Apr-2026,05:14:25,0.28,1
American Robin,Turdus migratorius,2026-04-21T12:14:10Z,21-Apr-2026,05:14:10,0.33,1
Bewick's Wren,Thryomanes bewickii,2026-04-21T12:13:56Z,21-Apr-2026,05:13:56,0.98,1
American Robin,Turdus migratorius,2026-04-21T12:13:44Z,21-Apr-2026,05:13:44,0.47,1
American Robin,Turdus migratorius,2026-04-21T12:13:26Z,21-Apr-2026,05:13:26,0.8157,2
Bewick's Wren,Thryomanes bewickii,2026-04-21T12:12:49Z,21-Apr-2026,05:12:49,0.99,1
Bewick's Wren,Thryomanes bewickii,2026-04-21T12:12:42Z,21-Apr-2026,05:12:42,0.92,1
Bewick's Wren,Thryomanes bewickii,2026-04-21T12:12:13Z,21-Apr-2026,05:12:13,0.95,1
Bewick's Wren,Thryomanes bewickii,2026-04-21T12:12:04Z,21-Apr-2026,05:12:04,0.98,1
Bewick's Wren,Thryomanes bewickii,2026-04-21T12:11:54Z,21-Apr-2026,05:11:54,0.96,1
Bewick's Wren,Thryomanes bewickii,2026-04-21T12:11:46Z,21-Apr-2026,05:11:46,0.98,1
Bewick's Wren,Thryomanes bewickii,2026-04-21T12:11:38Z,21-Apr-2026,05:11:38,0.96,1
Bewick's Wren,Thryomanes bewickii,2026-04-21T12:11:14Z,21-Apr-2026,05:11:14,0.58,1
Bewick's Wren,Thryomanes bewickii,2026-04-21T12:10:25Z,21-Apr-2026,05:10:25,0.98,1
American Robin,Turdus migratorius,2026-04-21T12:10:18Z,21-Apr-2026,05:10:18,0.44,1
American Robin,Turdus migratorius,2026-04-21T12:10:11Z,21-Apr-2026,05:10:11,0.32,1
American Robin,Turdus migratorius,2026-04-21T12:10:07Z,21-Apr-2026,05:10:07,0.9255,1
Bewick's Wren,Thryomanes bewickii,2026-04-21T12:09:37Z,21-Apr-2026,05:09:37,0.67,1
American Robin,Turdus migratorius,2026-04-21T12:09:23Z,21-Apr-2026,05:09:23,0.46,1
Bewick's Wren,Thryomanes bewickii,2026-04-21T12:08:44Z,21-Apr-2026,05:08:44,0.3,1
American Robin,Turdus migratorius,2026-04-21T12:07:52Z,21-Apr-2026,05:07:52,0.3,1
Bewick's Wren,Thryomanes bewickii,2026-04-21T12:07:32Z,21-Apr-2026,05:07:32,0.62,1
Bewick's Wren,Thryomanes bewickii,2026-04-21T12:07:25Z,21-Apr-2026,05:07:25,0.96,1
Bewick's Wren,Thryomanes bewickii,2026-04-21T12:07:11Z,21-Apr-2026,05:07:11,0.98,1
Bewick's Wren,Thryomanes bewickii,2026-04-21T12:06:54Z,21-Apr-2026,05:06:54,0.88,1
Bewick's Wren,Thryomanes bewickii,2026-04-21T12:06:40Z,21-Apr-2026,05:06:40,0.98,1
Bewick's Wren,Thryomanes bewickii,2026-04-21T12:06:23Z,21-Apr-2026,05:06:23,0.97,1
Bewick's Wren,Thryomanes bewickii,2026-04-21T12:06:08Z,21-Apr-2026,05:06:08,0.48,1
Bewick's Wren,Thryomanes bewickii,2026-04-21T12:05:46Z,21-Apr-2026,05:05:46,0.99,1
American Robin,Turdus migratorius,2026-04-21T12:04:16Z,21-Apr-2026,05:04:16,0.33,1
Bewick's Wren,Thryomanes bewickii,2026-04-21T12:03:17Z,21-Apr-2026,05:03:17,0.57,1
Bewick's Wren,Thryomanes bewickii,2026-04-21T12:03:04Z,21-Apr-2026,05:03:04,0.34,1
Bewick's Wren,Thryomanes bewickii,2026-04-21T12:02:11Z,21-Apr-2026,05:02:11,0.45,1
Bewick's Wren,Thryomanes bewickii,2026-04-21T12:01:58Z,21-Apr-2026,05:01:58,0.42,1
American Robin,Turdus migratorius,2026-04-21T11:45:05Z,21-Apr-2026,04:45:05,0.31,1
American Robin,Turdus migratorius,2026-04-21T11:44:22Z,21-Apr-2026,04:44:22,0.3,1
American Robin,Turdus migratorius,2026-04-21T11:39:20Z,21-Apr-2026,04:39:20,0.45,1
American Robin,Turdus migratorius,2026-04-21T11:39:07Z,21-Apr-2026,04:39:07,0.3,1
American Robin,Turdus migratorius,2026-04-21T11:38:42Z,21-Apr-2026,04:38:42,0.45,1
American Robin,Turdus migratorius,2026-04-21T11:38:32Z,21-Apr-2026,04:38:32,0.29,1
American Robin,Turdus migratorius,2026-04-21T11:37:32Z,21-Apr-2026,04:37:32,0.66,1
American Robin,Turdus migratorius,2026-04-21T11:37:08Z,21-Apr-2026,04:37:08,0.31,1
American Robin,Turdus migratorius,2026-04-21T11:36:58Z,21-Apr-2026,04:36:58,0.3,1
American Robin,Turdus migratorius,2026-04-21T11:36:28Z,21-Apr-2026,04:36:28,0.27,1
American Robin,Turdus migratorius,2026-04-21T11:34:32Z,21-Apr-2026,04:34:32,0.53,1
American Robin,Turdus migratorius,2026-04-21T11:34:25Z,21-Apr-2026,04:34:25,0.8627,3
American Robin,Turdus migratorius,2026-04-21T11:33:35Z,21-Apr-2026,04:33:35,0.5,1
American Robin,Turdus migratorius,2026-04-21T11:33:22Z,21-Apr-2026,04:33:22,0.8314,1
American Robin,Turdus migratorius,2026-04-21T11:33:10Z,21-Apr-2026,04:33:10,0.28,1
American Robin,Turdus migratorius,2026-04-21T11:32:50Z,21-Apr-2026,04:32:50,0.27,1
American Robin,Turdus migratorius,2026-04-21T11:31:44Z,21-Apr-2026,04:31:44,0.34,1
American Robin,Turdus migratorius,2026-04-21T11:30:28Z,21-Apr-2026,04:30:28,0.28,1
American Robin,Turdus migratorius,2026-04-21T11:30:04Z,21-Apr-2026,04:30:04,0.33,1
American Robin,Turdus migratorius,2026-04-21T11:29:10Z,21-Apr-2026,04:29:10,0.35,1
American Robin,Turdus migratorius,2026-04-21T11:28:13Z,21-Apr-2026,04:28:13,0.29,1
American Robin,Turdus migratorius,2026-04-21T11:28:05Z,21-Apr-2026,04:28:05,0.29,1
American Robin,Turdus migratorius,2026-04-21T11:27:50Z,21-Apr-2026,04:27:50,0.33,1
American Robin,Turdus migratorius,2026-04-21T11:27:35Z,21-Apr-2026,04:27:35,0.28,1
American Robin,Turdus migratorius,2026-04-21T11:27:13Z,21-Apr-2026,04:27:13,0.29,1
American Robin,Turdus migratorius,2026-04-21T11:27:06Z,21-Apr-2026,04:27:06,0.7804,1
American Robin,Turdus migratorius,2026-04-21T11:26:36Z,21-Apr-2026,04:26:36,0.27,1
American Robin,Turdus migratorius,2026-04-21T11:26:30Z,21-Apr-2026,04:26:30,0.3,1
American Robin,Turdus migratorius,2026-04-21T11:26:22Z,21-Apr-2026,04:26:22,0.44,1
American Robin,Turdus migratorius,2026-04-21T11:26:13Z,21-Apr-2026,04:26:13,0.26,1
American Robin,Turdus migratorius,2026-04-21T11:25:38Z,21-Apr-2026,04:25:38,0.47,1
American Robin,Turdus migratorius,2026-04-21T11:22:41Z,21-Apr-2026,04:22:41,0.27,1
American Robin,Turdus migratorius,2026-04-21T11:22:22Z,21-Apr-2026,04:22:22,0.29,1
American Robin,Turdus migratorius,2026-04-21T11:22:14Z,21-Apr-2026,04:22:14,0.31,1
American Robin,Turdus migratorius,2026-04-21T11:17:46Z,21-Apr-2026,04:17:46,0.29,1
American Robin,Turdus migratorius,2026-04-21T11:17:27Z,21-Apr-2026,04:17:27,0.34,1
American Robin,Turdus migratorius,2026-04-21T11:17:19Z,21-Apr-2026,04:17:19,0.45,1
American Robin,Turdus migratorius,2026-04-21T11:13:17Z,21-Apr-2026,04:13:17,0.26,1
American Robin,Turdus migratorius,2026-04-21T11:13:10Z,21-Apr-2026,04:13:10,0.31,1
American Robin,Turdus migratorius,2026-04-21T11:07:52Z,21-Apr-2026,04:07:52,0.47,1
American Robin,Turdus migratorius,2026-04-21T11:07:09Z,21-Apr-2026,04:07:09,0.32,1
American Robin,Turdus migratorius,2026-04-21T11:06:01Z,21-Apr-2026,04:06:01,0.43,1
American Robin,Turdus migratorius,2026-04-21T11:02:13Z,21-Apr-2026,04:02:13,0.68,1
American Robin,Turdus migratorius,2026-04-21T11:01:52Z,21-Apr-2026,04:01:52,0.31,1
American Robin,Turdus migratorius,2026-04-21T11:01:19Z,21-Apr-2026,04:01:19,0.27,1
American Robin,Turdus migratorius,2026-04-21T10:59:13Z,21-Apr-2026,03:59:13,0.29,1
Rock Pigeon,Columba livia,2026-04-21T08:03:44Z,21-Apr-2026,01:03:44,0.3,1
Barn Owl,Tyto alba,2026-04-21T06:41:41Z,20-Apr-2026,23:41:41,0.34,1
American Robin,Turdus migratorius,2026-04-21T03:17:50Z,20-Apr-2026,20:17:50,0.35,1
Dark-eyed Junco,Junco hyemalis,2026-04-21T03:13:32Z,20-Apr-2026,20:13:32,0.37,1
Bewick's Wren,Thryomanes bewickii,2026-04-21T02:57:34Z,20-Apr-2026,19:57:34,0.99,1
American Robin,Turdus migratorius,2026-04-21T02:57:15Z,20-Apr-2026,19:57:15,0.37,1
Bewick's Wren,Thryomanes bewickii,2026-04-21T02:56:56Z,20-Apr-2026,19:56:56,0.97,1
Bewick's Wren,Thryomanes bewickii,2026-04-21T02:56:42Z,20-Apr-2026,19:56:42,0.96,1
Bewick's Wren,Thryomanes bewickii,2026-04-21T02:56:34Z,20-Apr-2026,19:56:34,0.94,1
Bewick's Wren,Thryomanes bewickii,2026-04-21T02:56:26Z,20-Apr-2026,19:56:26,0.99,1
Bewick's Wren,Thryomanes bewickii,2026-04-21T02:55:42Z,20-Apr-2026,19:55:42,0.3,1
Bewick's Wren,Thryomanes bewickii,2026-04-21T02:55:29Z,20-Apr-2026,19:55:29,0.48,1
Bewick's Wren,Thryomanes bewickii,2026-04-21T02:54:07Z,20-Apr-2026,19:54:07,0.44,1
American Robin,Turdus migratorius,2026-04-21T02:54:01Z,20-Apr-2026,19:54:01,0.8157,1
Bewick's Wren,Thryomanes bewickii,2026-04-21T02:53:51Z,20-Apr-2026,19:53:51,0.63,1
American Robin,Turdus migratorius,2026-04-21T02:53:38Z,20-Apr-2026,19:53:38,0.37,1
Bewick's Wren,Thryomanes bewickii,2026-04-21T02:53:30Z,20-Apr-2026,19:53:30,0.48,1
Bewick's Wren,Thryomanes bewickii,2026-04-21T02:53:12Z,20-Apr-2026,19:53:12,0.98,1
Bewick's Wren,Thryomanes bewickii,2026-04-21T02:52:57Z,20-Apr-2026,19:52:57,0.48,1
Bewick's Wren,Thryomanes bewickii,2026-04-21T02:52:52Z,20-Apr-2026,19:52:52,0.99,1
Bald Eagle,Haliaeetus leucocephalus,2026-04-21T02:52:41Z,20-Apr-2026,19:52:41,0.38,1
Bewick's Wren,Thryomanes bewickii,2026-04-21T02:51:22Z,20-Apr-2026,19:51:22,0.98,1
Bewick's Wren,Thryomanes bewickii,2026-04-21T02:51:16Z,20-Apr-2026,19:51:16,0.95,1
Bewick's Wren,Thryomanes bewickii,2026-04-21T02:50:03Z,20-Apr-2026,19:50:03,0.47,1
Bewick's Wren,Thryomanes bewickii,2026-04-21T02:49:32Z,20-Apr-2026,19:49:32,0.6,1
Bewick's Wren,Thryomanes bewickii,2026-04-21T02:49:24Z,20-Apr-2026,19:49:24,0.27,1
Bewick's Wren,Thryomanes bewickii,2026-04-21T02:49:14Z,20-Apr-2026,19:49:14,0.73,1
Bewick's Wren,Thryomanes bewickii,2026-04-21T02:49:06Z,20-Apr-2026,19:49:06,0.34,1
Bewick's Wren,Thryomanes bewickii,2026-04-21T02:48:40Z,20-Apr-2026,19:48:40,0.36,1
Bewick's Wren,Thryomanes bewickii,2026-04-21T02:48:17Z,20-Apr-2026,19:48:17,0.35,1
Bewick's Wren,Thryomanes bewickii,2026-04-21T02:47:46Z,20-Apr-2026,19:47:46,0.34,1
Bewick's Wren,Thryomanes bewickii,2026-04-21T02:47:38Z,20-Apr-2026,19:47:38,0.66,1
American Robin,Turdus migratorius,2026-04-21T02:44:30Z,20-Apr-2026,19:44:30,0.61,1
American Robin,Turdus migratorius,2026-04-21T02:44:23Z,20-Apr-2026,19:44:23,0.29,1
American Robin,Turdus migratorius,2026-04-21T02:44:15Z,20-Apr-2026,19:44:15,0.9255,1
Orange-crowned Warbler,Leiothlypis celata,2026-04-21T02:39:53Z,20-Apr-2026,19:39:53,0.34,1
Orange-crowned Warbler,Leiothlypis celata,2026-04-21T02:39:43Z,20-Apr-2026,19:39:43,0.28,1
Dark-eyed Junco,Junco hyemalis,2026-04-21T02:39:05Z,20-Apr-2026,19:39:05,0.27,1
American Robin,Turdus migratorius,2026-04-21T02:38:07Z,20-Apr-2026,19:38:07,0.29,1
American Crow,Corvus brachyrhynchos,2026-04-21T02:37:35Z,20-Apr-2026,19:37:35,0.8471,1
American Robin,Turdus migratorius,2026-04-21T02:33:54Z,20-Apr-2026,19:33:54,0.8471,2
American Robin,Turdus migratorius,2026-04-21T02:31:46Z,20-Apr-2026,19:31:46,0.29,1
American Robin,Turdus migratorius,2026-04-21T02:31:39Z,20-Apr-2026,19:31:39,0.41,1
American Robin,Turdus migratorius,2026-04-21T02:31:31Z,20-Apr-2026,19:31:31,0.33,1
American Robin,Turdus migratorius,2026-04-21T02:31:27Z,20-Apr-2026,19:31:27,0.8627,1
American Robin,Turdus migratorius,2026-04-21T02:31:23Z,20-Apr-2026,19:31:23,0.42,1
American Crow,Corvus brachyrhynchos,2026-04-21T02:31:03Z,20-Apr-2026,19:31:03,0.48,1
American Robin,Turdus migratorius,2026-04-21T02:30:26Z,20-Apr-2026,19:30:26,0.8157,1
American Robin,Turdus migratorius,2026-04-21T02:29:02Z,20-Apr-2026,19:29:02,0.32,1
American Robin,Turdus migratorius,2026-04-21T02:27:53Z,20-Apr-2026,19:27:53,0.39,1
American Robin,Turdus migratorius,2026-04-21T02:27:44Z,20-Apr-2026,19:27:44,0.8157,1
American Robin,Turdus migratorius,2026-04-21T02:26:24Z,20-Apr-2026,19:26:24,0.8314,1
American Robin,Turdus migratorius,2026-04-21T02:26:08Z,20-Apr-2026,19:26:08,0.32,1
American Crow,Corvus brachyrhynchos,2026-04-21T02:16:08Z,20-Apr-2026,19:16:08,0.58,1
American Crow,Corvus brachyrhynchos,2026-04-21T02:16:00Z,20-Apr-2026,19:16:00,0.898,1
Black-capped Chickadee,Poecile atricapillus,2026-04-21T02:10:47Z,20-Apr-2026,19:10:47,0.8627,1
American Robin,Turdus migratorius,2026-04-21T02:05:21Z,20-Apr-2026,19:05:21,0.8157,1
Dark-eyed Junco,Junco hyemalis,2026-04-21T02:02:04Z,20-Apr-2026,19:02:04,0.5,1
American Robin,Turdus migratorius,2026-04-21T02:01:48Z,20-Apr-2026,19:01:48,0.28,1
Black-capped Chickadee,Poecile atricapillus,2026-04-21T01:59:56Z,20-Apr-2026,18:59:56,0.8745,1
American Robin,Turdus migratorius,2026-04-21T01:59:38Z,20-Apr-2026,18:59:38,0.8,1
Dark-eyed Junco,Junco hyemalis,2026-04-21T01:58:17Z,20-Apr-2026,18:58:17,0.8745,1
Dark-eyed Junco,Junco hyemalis,2026-04-21T01:58:01Z,20-Apr-2026,18:58:01,0.32,1
Dark-eyed Junco,Junco hyemalis,2026-04-21T01:57:53Z,20-Apr-2026,18:57:53,0.69,1
Dark-eyed Junco,Junco hyemalis,2026-04-21T01:56:35Z,20-Apr-2026,18:56:35,0.75,1
Steller's Jay,Cyanocitta stelleri,2026-04-21T01:52:25Z,20-Apr-2026,18:52:25,0.8,1
Steller's Jay,Cyanocitta stelleri,2026-04-21T01:47:08Z,20-Apr-2026,18:47:08,0.8471,1
Dark-eyed Junco,Junco hyemalis,2026-04-21T01:41:11Z,20-Apr-2026,18:41:11,0.31,1
American Robin,Turdus migratorius,2026-04-21T01:36:03Z,20-Apr-2026,18:36:03,0.29,1
Bewick's Wren,Thryomanes bewickii,2026-04-21T01:35:12Z,20-Apr-2026,18:35:12,0.38,1
Bewick's Wren,Thryomanes bewickii,2026-04-21T01:32:36Z,20-Apr-2026,18:32:36,0.31,1
American Robin,Turdus migratorius,2026-04-21T01:31:31Z,20-Apr-2026,18:31:31,0.59,1
Dark-eyed Junco,Junco hyemalis,2026-04-21T01:30:45Z,20-Apr-2026,18:30:45,0.42,1
Dark-eyed Junco,Junco hyemalis,2026-04-21T01:30:35Z,20-Apr-2026,18:30:35,0.29,1
Dark-eyed Junco,Junco hyemalis,2026-04-21T01:30:28Z,20-Apr-2026,18:30:28,0.26,1
Dark-eyed Junco,Junco hyemalis,2026-04-21T01:29:57Z,20-Apr-2026,18:29:57,0.8157,1
Dark-eyed Junco,Junco hyemalis,2026-04-21T01:29:21Z,20-Apr-2026,18:29:21,0.51,1
Dark-eyed Junco,Junco hyemalis,2026-04-21T01:28:38Z,20-Apr-2026,18:28:38,0.29,1
Dark-eyed Junco,Junco hyemalis,2026-04-21T01:27:49Z,20-Apr-2026,18:27:49,0.38,1
Chestnut-backed Chickadee,Poecile rufescens,2026-04-21T01:27:09Z,20-Apr-2026,18:27:09,0.9529,3
Chestnut-backed Chickadee,Poecile rufescens,2026-04-21T01:27:02Z,20-Apr-2026,18:27:02,0.35,1
Chestnut-backed Chickadee,Poecile rufescens,2026-04-21T01:26:39Z,20-Apr-2026,18:26:39,0.3,1
Dark-eyed Junco,Junco hyemalis,2026-04-21T01:26:09Z,20-Apr-2026,18:26:09,0.44,1
Chestnut-backed Chickadee,Poecile rufescens,2026-04-21T01:26:00Z,20-Apr-2026,18:26:00,0.9647,4
Dark-eyed Junco,Junco hyemalis,2026-04-21T01:25:39Z,20-Apr-2026,18:25:39,0.55,1
Chestnut-backed Chickadee,Poecile rufescens,2026-04-21T01:24:53Z,20-Apr-2026,18:24:53,0.9412,7
Dark-eyed Junco,Junco hyemalis,2026-04-21T01:24:39Z,20-Apr-2026,18:24:39,0.26,1
American Robin,Turdus migratorius,2026-04-21T01:24:21Z,20-Apr-2026,18:24:21,0.8314,1
Black-capped Chickadee,Poecile atricapillus,2026-04-21T01:24:07Z,20-Apr-2026,18:24:07,0.8157,1
American Robin,Turdus migratorius,2026-04-21T01:23:05Z,20-Apr-2026,18:23:05,0.34,1
American Robin,Turdus migratorius,2026-04-21T01:22:16Z,20-Apr-2026,18:22:16,0.8314,1
Dark-eyed Junco,Junco hyemalis,2026-04-21T01:22:12Z,20-Apr-2026,18:22:12,0.36,1
American Robin,Turdus migratorius,2026-04-21T01:21:50Z,20-Apr-2026,18:21:50,0.29,1
Dark-eyed Junco,Junco hyemalis,2026-04-21T01:21:14Z,20-Apr-2026,18:21:14,0.49,1
Dark-eyed Junco,Junco hyemalis,2026-04-21T01:21:08Z,20-Apr-2026,18:21:08,0.31,1
Dark-eyed Junco,Junco hyemalis,2026-04-21T01:21:04Z,20-Apr-2026,18:21:04,0.8,1
Dark-eyed Junco,Junco hyemalis,2026-04-21T01:20:57Z,20-Apr-2026,18:20:57,0.82,1
Dark-eyed Junco,Junco hyemalis,2026-04-21T01:20:50Z,20-Apr-2026,18:20:50,0.39,1
Chestnut-backed Chickadee,Poecile rufescens,2026-04-21T01:16:11Z,20-Apr-2026,18:16:11,0.68,1
Chestnut-backed Chickadee,Poecile rufescens,2026-04-21T01:15:41Z,20-Apr-2026,18:15:41,0.8745,3
Bewick's Wren,Thryomanes bewickii,2026-04-21T01:15:19Z,20-Apr-2026,18:15:19,0.62,1
Chestnut-backed Chickadee,Poecile rufescens,2026-04-21T01:14:47Z,20-Apr-2026,18:14:47,0.84,1
Chestnut-backed Chickadee,Poecile rufescens,2026-04-21T01:14:40Z,20-Apr-2026,18:14:40,0.9255,3
Chestnut-backed Chickadee,Poecile rufescens,2026-04-21T01:14:21Z,20-Apr-2026,18:14:21,0.75,1
Chestnut-backed Chickadee,Poecile rufescens,2026-04-21T01:14:00Z,20-Apr-2026,18:14:00,0.43,1
Chestnut-backed Chickadee,Poecile rufescens,2026-04-21T01:13:33Z,20-Apr-2026,18:13:33,0.8471,4
Chestnut-backed Chickadee,Poecile rufescens,2026-04-21T01:13:25Z,20-Apr-2026,18:13:25,0.3,1
Chestnut-backed Chickadee,Poecile rufescens,2026-04-21T01:13:18Z,20-Apr-2026,18:13:18,0.34,1
Chestnut-backed Chickadee,Poecile rufescens,2026-04-21T01:12:03Z,20-Apr-2026,18:12:03,0.898,15
Black-capped Chickadee,Poecile atricapillus,2026-04-21T01:11:52Z,20-Apr-2026,18:11:52,0.9333,1
Chestnut-backed Chickadee,Poecile rufescens,2026-04-21T01:11:09Z,20-Apr-2026,18:11:09,0.68,1
Chestnut-backed Chickadee,Poecile rufescens,2026-04-21T01:10:50Z,20-Apr-2026,18:10:50,0.9686,10
American Robin,Turdus migratorius,2026-04-21T01:10:28Z,20-Apr-2026,18:10:28,0.8627,1
American Robin,Turdus migratorius,2026-04-21T01:10:23Z,20-Apr-2026,18:10:23,0.51,1
Chestnut-backed Chickadee,Poecile rufescens,2026-04-21T01:10:17Z,20-Apr-2026,18:10:17,0.59,1
Chestnut-backed Chickadee,Poecile rufescens,2026-04-21T01:09:49Z,20-Apr-2026,18:09:49,0.9882,1
Chestnut-backed Chickadee,Poecile rufescens,2026-04-21T01:09:27Z,20-Apr-2026,18:09:27,0.34,1
Chestnut-backed Chickadee,Poecile rufescens,2026-04-21T01:08:45Z,20-Apr-2026,18:08:45,0.9765,4
Chestnut-backed Chickadee,Poecile rufescens,2026-04-21T01:08:23Z,20-Apr-2026,18:08:23,0.69,1
Chestnut-backed Chickadee,Poecile rufescens,2026-04-21T01:07:43Z,20-Apr-2026,18:07:43,0.9765,2
Chestnut-backed Chickadee,Poecile rufescens,2026-04-21T01:06:32Z,20-Apr-2026,18:06:32,0.83,1
Chestnut-backed Chickadee,Poecile rufescens,2026-04-21T01:06:23Z,20-Apr-2026,18:06:23,0.8157,2
Chestnut-backed Chickadee,Poecile rufescens,2026-04-21T01:05:25Z,20-Apr-2026,18:05:25,0.6,1
Chestnut-backed Chickadee,Poecile rufescens,2026-04-21T01:05:20Z,20-Apr-2026,18:05:20,0.8314,5
American Robin,Turdus migratorius,2026-04-21T01:04:34Z,20-Apr-2026,18:04:34,0.8157,1
Chestnut-backed Chickadee,Poecile rufescens,2026-04-21T01:04:17Z,20-Apr-2026,18:04:17,0.9098,6
American Robin,Turdus migratorius,2026-04-21T01:04:05Z,20-Apr-2026,18:04:05,0.49,1
American Robin,Turdus migratorius,2026-04-21T01:03:57Z,20-Apr-2026,18:03:57,0.34,1
Chestnut-backed Chickadee,Poecile rufescens,2026-04-21T01:03:40Z,20-Apr-2026,18:03:40,0.3,1
Chestnut-backed Chickadee,Poecile rufescens,2026-04-21T01:03:15Z,20-Apr-2026,18:03:15,0.8157,8
Chestnut-backed Chickadee,Poecile rufescens,2026-04-21T01:03:10Z,20-Apr-2026,18:03:10,0.73,1
American Robin,Turdus migratorius,2026-04-21T01:03:00Z,20-Apr-2026,18:03:00,0.26,1
Chestnut-backed Chickadee,Poecile rufescens,2026-04-21T01:02:35Z,20-Apr-2026,18:02:35,0.39,1
Chestnut-backed Chickadee,Poecile rufescens,2026-04-21T01:02:25Z,20-Apr-2026,18:02:25,0.36,1
Chestnut-backed Chickadee,Poecile rufescens,2026-04-21T01:02:08Z,20-Apr-2026,18:02:08,0.9098,1
Eurasian Collared-Dove,Streptopelia decaocto,2026-04-21T01:00:52Z,20-Apr-2026,18:00:52,0.81,1
Dark-eyed Junco,Junco hyemalis,2026-04-21T00:59:06Z,20-Apr-2026,17:59:06,0.36,1
Mourning Dove,Zenaida macroura,2026-04-21T00:58:16Z,20-Apr-2026,17:58:16,0.82,1
Black-capped Chickadee,Poecile atricapillus,2026-04-21T00:57:37Z,20-Apr-2026,17:57:37,0.8627,1
Black-capped Chickadee,Poecile atricapillus,2026-04-21T00:54:35Z,20-Apr-2026,17:54:35,0.8157,1
Black-capped Chickadee,Poecile atricapillus,2026-04-21T00:54:30Z,20-Apr-2026,17:54:30,0.75,1
Bewick's Wren,Thryomanes bewickii,2026-04-21T00:54:08Z,20-Apr-2026,17:54:08,0.62,1
Bewick's Wren,Thryomanes bewickii,2026-04-21T00:53:52Z,20-Apr-2026,17:53:52,0.6,1
Bewick's Wren,Thryomanes bewickii,2026-04-21T00:53:32Z,20-Apr-2026,17:53:32,0.85,1
American Robin,Turdus migratorius,2026-04-21T00:50:48Z,20-Apr-2026,17:50:48,0.33,1
Steller's Jay,Cyanocitta stelleri,2026-04-21T00:49:59Z,20-Apr-2026,17:49:59,0.64,1
Anna's Hummingbird,Calypte anna,2026-04-21T00:49:50Z,20-Apr-2026,17:49:50,0.9098,1
American Crow,Corvus brachyrhynchos,2026-04-21T00:47:48Z,20-Apr-2026,17:47:48,0.8314,2
American Robin,Turdus migratorius,2026-04-21T00:46:56Z,20-Apr-2026,17:46:56,0.26,1
American Crow,Corvus brachyrhynchos,2026-04-21T00:46:42Z,20-Apr-2026,17:46:42,0.7804,1
American Crow,Corvus brachyrhynchos,2026-04-21T00:46:31Z,20-Apr-2026,17:46:31,0.51,1
Steller's Jay,Cyanocitta stelleri,2026-04-21T00:45:56Z,20-Apr-2026,17:45:56,0.9098,1
American Robin,Turdus migratorius,2026-04-21T00:44:45Z,20-Apr-2026,17:44:45,0.35,1
House Finch,Haemorhous mexicanus,2026-04-21T00:42:47Z,20-Apr-2026,17:42:47,0.7804,1
Dark-eyed Junco,Junco hyemalis,2026-04-21T00:40:37Z,20-Apr-2026,17:40:37,0.33,1
Dark-eyed Junco,Junco hyemalis,2026-04-21T00:40:16Z,20-Apr-2026,17:40:16,0.28,1
Dark-eyed Junco,Junco hyemalis,2026-04-21T00:40:08Z,20-Apr-2026,17:40:08,0.28,1
American Robin,Turdus migratorius,2026-04-21T00:33:25Z,20-Apr-2026,17:33:25,0.31,1
American Robin,Turdus migratorius,2026-04-21T00:33:13Z,20-Apr-2026,17:33:13,0.7804,1
American Robin,Turdus migratorius,2026-04-21T00:33:06Z,20-Apr-2026,17:33:06,0.28,1
Dark-eyed Junco,Junco hyemalis,2026-04-21T00:30:41Z,20-Apr-2026,17:30:41,0.6,1
Dark-eyed Junco,Junco hyemalis,2026-04-21T00:28:25Z,20-Apr-2026,17:28:25,0.47,1
Dark-eyed Junco,Junco hyemalis,2026-04-21T00:28:12Z,20-Apr-2026,17:28:12,0.34,1
Dark-eyed Junco,Junco hyemalis,2026-04-21T00:23:57Z,20-Apr-2026,17:23:57,0.3,1
Dark-eyed Junco,Junco hyemalis,2026-04-21T00:23:32Z,20-Apr-2026,17:23:32,0.8157,1
Dark-eyed Junco,Junco hyemalis,2026-04-21T00:23:28Z,20-Apr-2026,17:23:28,0.42,1
Dark-eyed Junco,Junco hyemalis,2026-04-21T00:23:17Z,20-Apr-2026,17:23:17,0.72,1
Dark-eyed Junco,Junco hyemalis,2026-04-21T00:23:06Z,20-Apr-2026,17:23:06,0.48,1
Dark-eyed Junco,Junco hyemalis,2026-04-21T00:22:22Z,20-Apr-2026,17:22:22,0.46,1
American Robin,Turdus migratorius,2026-04-21T00:21:36Z,20-Apr-2026,17:21:36,0.26,1
American Robin,Turdus migratorius,2026-04-21T00:19:48Z,20-Apr-2026,17:19:48,0.8863,1
American Robin,Turdus migratorius,2026-04-21T00:18:58Z,20-Apr-2026,17:18:58,0.29,1
American Robin,Turdus migratorius,2026-04-21T00:16:08Z,20-Apr-2026,17:16:08,0.42,1
American Robin,Turdus migratorius,2026-04-21T00:14:22Z,20-Apr-2026,17:14:22,0.29,1
House Finch,Haemorhous mexicanus,2026-04-21T00:14:09Z,20-Apr-2026,17:14:09,0.32,1
House Finch,Haemorhous mexicanus,2026-04-21T00:13:21Z,20-Apr-2026,17:13:21,0.26,1
Bewick's Wren,Thryomanes bewickii,2026-04-21T00:11:11Z,20-Apr-2026,17:11:11,0.26,1
Steller's Jay,Cyanocitta stelleri,2026-04-21T00:08:56Z,20-Apr-2026,17:08:56,0.8627,1
American Robin,Turdus migratorius,2026-04-21T00:06:15Z,20-Apr-2026,17:06:15,0.29,1
House Finch,Haemorhous mexicanus,2026-04-21T00:04:49Z,20-Apr-2026,17:04:49,0.26,1
Black-capped Chickadee,Poecile atricapillus,2026-04-21T00:00:45Z,20-Apr-2026,17:00:45,0.8863,1
Bewick's Wren,Thryomanes bewickii,2026-04-21T00:00:15Z,20-Apr-2026,17:00:15,0.31,1
