Species,Scientific Name,UTC Date,Local Date,Local Time,Score,Count
Red-breasted Nuthatch,Sitta canadensis,2026-04-20T23:57:36Z,20-Apr-2026,16:57:36,0.26,1
Red-breasted Nuthatch,Sitta canadensis,2026-04-20T23:57:30Z,20-Apr-2026,16:57:30,0.6,1
House Finch,Haemorhous mexicanus,2026-04-20T23:55:09Z,20-Apr-2026,16:55:09,0.8314,1
House Finch,Haemorhous mexicanus,2026-04-20T23:54:00Z,20-Apr-2026,16:54:00,0.9098,1
American Robin,Turdus migratorius,2026-04-20T23:53:48Z,20-Apr-2026,16:53:48,0.31,1
House Finch,Haemorhous mexicanus,2026-04-20T23:52:58Z,20-Apr-2026,16:52:58,0.32,1
House Finch,Haemorhous mexicanus,2026-04-20T23:52:18Z,20-Apr-2026,16:52:18,0.8745,1
American Robin,Turdus migratorius,2026-04-20T23:50:55Z,20-Apr-2026,16:50:55,0.8,2
American Robin,Turdus migratorius,2026-04-20T23:49:01Z,20-Apr-2026,16:49:01,0.3,1
American Robin,Turdus migratorius,2026-04-20T23:48:41Z,20-Apr-2026,16:48:41,0.37,1
American Robin,Turdus migratorius,2026-04-20T23:48:20Z,20-Apr-2026,16:48:20,0.35,1
American Robin,Turdus migratorius,2026-04-20T23:47:40Z,20-Apr-2026,16:47:40,0.8157,1
American Robin,Turdus migratorius,2026-04-20T23:46:03Z,20-Apr-2026,16:46:03,0.28,1
American Crow,Corvus brachyrhynchos,2026-04-20T23:44:16Z,20-Apr-2026,16:44:16,0.7804,1
American Robin,Turdus migratorius,2026-04-20T23:41:51Z,20-Apr-2026,16:41:51,0.32,1
Bewick's Wren,Thryomanes bewickii,2026-04-20T23:40:26Z,20-Apr-2026,16:40:26,0.32,1
Chestnut-backed Chickadee,Poecile rufescens,2026-04-20T23:39:01Z,20-Apr-2026,16:39:01,0.33,1
Chestnut-backed Chickadee,Poecile rufescens,2026-04-20T23:38:23Z,20-Apr-2026,16:38:23,0.9098,1
American Robin,Turdus migratorius,2026-04-20T23:37:45Z,20-Apr-2026,16:37:45,0.9098,1
American Robin,Turdus migratorius,2026-04-20T23:37:38Z,20-Apr-2026,16:37:38,0.59,1
American Robin,Turdus migratorius,2026-04-20T23:37:31Z,20-Apr-2026,16:37:31,0.26,1
House Finch,Haemorhous mexicanus,2026-04-20T23:37:09Z,20-Apr-2026,16:37:09,0.28,1
Chestnut-backed Chickadee,Poecile rufescens,2026-04-20T23:36:39Z,20-Apr-2026,16:36:39,0.8863,4
American Robin,Turdus migratorius,2026-04-20T23:36:13Z,20-Apr-2026,16:36:13,0.3,1
American Robin,Turdus migratorius,2026-04-20T23:35:47Z,20-Apr-2026,16:35:47,0.33,1
Chestnut-backed Chickadee,Poecile rufescens,2026-04-20T23:35:33Z,20-Apr-2026,16:35:33,0.8745,3
Chestnut-backed Chickadee,Poecile rufescens,2026-04-20T23:35:06Z,20-Apr-2026,16:35:06,0.7,1
American Robin,Turdus migratorius,2026-04-20T23:35:00Z,20-Apr-2026,16:35:00,0.8,1
Chestnut-backed Chickadee,Poecile rufescens,2026-04-20T23:34:53Z,20-Apr-2026,16:34:53,0.38,1
Chestnut-backed Chickadee,Poecile rufescens,2026-04-20T23:34:25Z,20-Apr-2026,16:34:25,0.41,1
Chestnut-backed Chickadee,Poecile rufescens,2026-04-20T23:34:06Z,20-Apr-2026,16:34:06,0.8627,4
American Robin,Turdus migratorius,2026-04-20T23:33:55Z,20-Apr-2026,16:33:55,0.8157,1
Chestnut-backed Chickadee,Poecile rufescens,2026-04-20T23:33:40Z,20-Apr-2026,16:33:40,0.71,1
Chestnut-backed Chickadee,Poecile rufescens,2026-04-20T23:33:18Z,20-Apr-2026,16:33:18,0.31,1
Chestnut-backed Chickadee,Poecile rufescens,2026-04-20T23:33:01Z,20-Apr-2026,16:33:01,0.8863,4
American Robin,Turdus migratorius,2026-04-20T23:32:15Z,20-Apr-2026,16:32:15,0.8157,2
American Robin,Turdus migratorius,2026-04-20T23:32:10Z,20-Apr-2026,16:32:10,0.49,1
Chestnut-backed Chickadee,Poecile rufescens,2026-04-20T23:32:00Z,20-Apr-2026,16:32:00,0.8627,6
Chestnut-backed Chickadee,Poecile rufescens,2026-04-20T23:31:57Z,20-Apr-2026,16:31:57,0.72,1
Chestnut-backed Chickadee,Poecile rufescens,2026-04-20T23:31:49Z,20-Apr-2026,16:31:49,0.52,1
Chestnut-backed Chickadee,Poecile rufescens,2026-04-20T23:31:17Z,20-Apr-2026,16:31:17,0.47,1
Chestnut-backed Chickadee,Poecile rufescens,2026-04-20T23:30:58Z,20-Apr-2026,16:30:58,0.9255,1
Chestnut-backed Chickadee,Poecile rufescens,2026-04-20T23:29:29Z,20-Apr-2026,16:29:29,0.8,1
American Robin,Turdus migratorius,2026-04-20T23:28:08Z,20-Apr-2026,16:28:08,0.26,1
American Robin,Turdus migratorius,2026-04-20T23:27:33Z,20-Apr-2026,16:27:33,0.8,5
Hermit Thrush,Catharus guttatus,2026-04-20T23:26:09Z,20-Apr-2026,16:26:09,0.65,1
American Robin,Turdus migratorius,2026-04-20T23:25:53Z,20-Apr-2026,16:25:53,0.8863,1
American Robin,Turdus migratorius,2026-04-20T23:23:53Z,20-Apr-2026,16:23:53,0.8157,8
American Robin,Turdus migratorius,2026-04-20T23:22:45Z,20-Apr-2026,16:22:45,0.8863,4
American Robin,Turdus migratorius,2026-04-20T23:22:33Z,20-Apr-2026,16:22:33,0.54,1
American Robin,Turdus migratorius,2026-04-20T23:21:15Z,20-Apr-2026,16:21:15,0.8157,10
American Robin,Turdus migratorius,2026-04-20T23:19:58Z,20-Apr-2026,16:19:58,0.9176,1
American Robin,Turdus migratorius,2026-04-20T23:19:48Z,20-Apr-2026,16:19:48,0.26,1
Bewick's Wren,Thryomanes bewickii,2026-04-20T23:18:46Z,20-Apr-2026,16:18:46,0.31,1
American Robin,Turdus migratorius,2026-04-20T23:18:40Z,20-Apr-2026,16:18:40,0.44,1
Bewick's Wren,Thryomanes bewickii,2026-04-20T23:18:18Z,20-Apr-2026,16:18:18,0.48,1
House Finch,Haemorhous mexicanus,2026-04-20T23:18:13Z,20-Apr-2026,16:18:13,0.8863,4
House Finch,Haemorhous mexicanus,2026-04-20T23:17:03Z,20-Apr-2026,16:17:03,0.7804,1
Steller's Jay,Cyanocitta stelleri,2026-04-20T23:16:25Z,20-Apr-2026,16:16:25,0.4,1
Steller's Jay,Cyanocitta stelleri,2026-04-20T23:16:21Z,20-Apr-2026,16:16:21,0.9529,1
American Robin,Turdus migratorius,2026-04-20T23:16:17Z,20-Apr-2026,16:16:17,0.28,1
American Robin,Turdus migratorius,2026-04-20T23:16:12Z,20-Apr-2026,16:16:12,0.898,4
American Robin,Turdus migratorius,2026-04-20T23:16:05Z,20-Apr-2026,16:16:05,0.53,1
House Finch,Haemorhous mexicanus,2026-04-20T23:15:37Z,20-Apr-2026,16:15:37,0.58,1
Bewick's Wren,Thryomanes bewickii,2026-04-20T23:15:29Z,20-Apr-2026,16:15:29,0.31,1
American Robin,Turdus migratorius,2026-04-20T23:15:08Z,20-Apr-2026,16:15:08,0.9176,1
Bewick's Wren,Thryomanes bewickii,2026-04-20T23:13:51Z,20-Apr-2026,16:13:51,0.55,1
American Robin,Turdus migratorius,2026-04-20T23:13:30Z,20-Apr-2026,16:13:30,0.29,1
American Robin,Turdus migratorius,2026-04-20T23:13:12Z,20-Apr-2026,16:13:12,0.8471,1
House Finch,Haemorhous mexicanus,2026-04-20T23:12:06Z,20-Apr-2026,16:12:06,0.7804,1
House Finch,Haemorhous mexicanus,2026-04-20T23:11:09Z,20-Apr-2026,16:11:09,0.3,1
American Robin,Turdus migratorius,2026-04-20T23:09:45Z,20-Apr-2026,16:09:45,0.7804,1
Dark-eyed Junco,Junco hyemalis,2026-04-20T23:08:22Z,20-Apr-2026,16:08:22,0.34,1
American Robin,Turdus migratorius,2026-04-20T23:07:35Z,20-Apr-2026,16:07:35,0.8157,3
Bewick's Wren,Thryomanes bewickii,2026-04-20T23:07:19Z,20-Apr-2026,16:07:19,0.33,1
American Crow,Corvus brachyrhynchos,2026-04-20T23:05:05Z,20-Apr-2026,16:05:05,0.8471,1
American Robin,Turdus migratorius,2026-04-20T23:04:36Z,20-Apr-2026,16:04:36,0.26,1
American Robin,Turdus migratorius,2026-04-20T23:04:31Z,20-Apr-2026,16:04:31,0.8471,1
Bewick's Wren,Thryomanes bewickii,2026-04-20T23:04:09Z,20-Apr-2026,16:04:09,0.5,1
Bewick's Wren,Thryomanes bewickii,2026-04-20T23:03:54Z,20-Apr-2026,16:03:54,0.29,1
Bewick's Wren,Thryomanes bewickii,2026-04-20T23:03:47Z,20-Apr-2026,16:03:47,0.53,1
Bewick's Wren,Thryomanes bewickii,2026-04-20T23:02:44Z,20-Apr-2026,16:02:44,0.45,1
Bewick's Wren,Thryomanes bewickii,2026-04-20T23:02:24Z,20-Apr-2026,16:02:24,0.4,1
Bewick's Wren,Thryomanes bewickii,2026-04-20T23:02:18Z,20-Apr-2026,16:02:18,0.82,1
House Finch,Haemorhous mexicanus,2026-04-20T22:59:44Z,20-Apr-2026,15:59:44,0.9412,1
House Finch,Haemorhous mexicanus,2026-04-20T22:57:38Z,20-Apr-2026,15:57:38,0.8745,1
Bewick's Wren,Thryomanes bewickii,2026-04-20T22:54:34Z,20-Apr-2026,15:54:34,0.36,1
Bewick's Wren,Thryomanes bewickii,2026-04-20T22:54:25Z,20-Apr-2026,15:54:25,0.71,1
Bewick's Wren,Thryomanes bewickii,2026-04-20T22:54:15Z,20-Apr-2026,15:54:15,0.48,1
Bewick's Wren,Thryomanes bewickii,2026-04-20T22:53:17Z,20-Apr-2026,15:53:17,0.47,1
Bewick's Wren,Thryomanes bewickii,2026-04-20T22:52:48Z,20-Apr-2026,15:52:48,0.44,1
Bewick's Wren,Thryomanes bewickii,2026-04-20T22:51:59Z,20-Apr-2026,15:51:59,0.34,1
House Finch,Haemorhous mexicanus,2026-04-20T22:51:49Z,20-Apr-2026,15:51:49,0.8157,1
Bewick's Wren,Thryomanes bewickii,2026-04-20T22:51:16Z,20-Apr-2026,15:51:16,0.7,1
Bewick's Wren,Thryomanes bewickii,2026-04-20T22:51:02Z,20-Apr-2026,15:51:02,0.89,1
Bewick's Wren,Thryomanes bewickii,2026-04-20T22:50:55Z,20-Apr-2026,15:50:55,0.76,1
Bewick's Wren,Thryomanes bewickii,2026-04-20T22:50:33Z,20-Apr-2026,15:50:33,0.55,1
House Finch,Haemorhous mexicanus,2026-04-20T22:50:29Z,20-Apr-2026,15:50:29,0.8471,1
Bewick's Wren,Thryomanes bewickii,2026-04-20T22:50:19Z,20-Apr-2026,15:50:19,0.77,1
Bewick's Wren,Thryomanes bewickii,2026-04-20T22:50:12Z,20-Apr-2026,15:50:12,0.54,1
Bewick's Wren,Thryomanes bewickii,2026-04-20T22:50:05Z,20-Apr-2026,15:50:05,0.32,1
House Finch,Haemorhous mexicanus,2026-04-20T22:49:58Z,20-Apr-2026,15:49:58,0.26,1
Bewick's Wren,Thryomanes bewickii,2026-04-20T22:49:43Z,20-Apr-2026,15:49:43,0.66,1
House Finch,Haemorhous mexicanus,2026-04-20T22:49:20Z,20-Apr-2026,15:49:20,0.8863,1
Bewick's Wren,Thryomanes bewickii,2026-04-20T22:49:16Z,20-Apr-2026,15:49:16,0.37,1
Orange-crowned Warbler,Leiothlypis celata,2026-04-20T22:48:37Z,20-Apr-2026,15:48:37,0.58,1
American Robin,Turdus migratorius,2026-04-20T22:47:19Z,20-Apr-2026,15:47:19,0.33,1
Steller's Jay,Cyanocitta stelleri,2026-04-20T22:45:53Z,20-Apr-2026,15:45:53,0.8627,1
Dark-eyed Junco,Junco hyemalis,2026-04-20T22:41:54Z,20-Apr-2026,15:41:54,0.59,1
Dark-eyed Junco,Junco hyemalis,2026-04-20T22:41:41Z,20-Apr-2026,15:41:41,0.48,1
Dark-eyed Junco,Junco hyemalis,2026-04-20T22:41:27Z,20-Apr-2026,15:41:27,0.31,1
Bewick's Wren,Thryomanes bewickii,2026-04-20T22:41:13Z,20-Apr-2026,15:41:13,0.31,1
Dark-eyed Junco,Junco hyemalis,2026-04-20T22:41:06Z,20-Apr-2026,15:41:06,0.67,1
Dark-eyed Junco,Junco hyemalis,2026-04-20T22:40:52Z,20-Apr-2026,15:40:52,0.6,1
House Finch,Haemorhous mexicanus,2026-04-20T22:37:49Z,20-Apr-2026,15:37:49,0.8745,1
American Crow,Corvus brachyrhynchos,2026-04-20T22:37:32Z,20-Apr-2026,15:37:32,0.45,1
American Crow,Corvus brachyrhynchos,2026-04-20T22:37:26Z,20-Apr-2026,15:37:26,0.8,1
Bewick's Wren,Thryomanes bewickii,2026-04-20T22:36:55Z,20-Apr-2026,15:36:55,0.29,1
American Crow,Corvus brachyrhynchos,2026-04-20T22:35:58Z,20-Apr-2026,15:35:58,0.9098,1
Bewick's Wren,Thryomanes bewickii,2026-04-20T22:35:26Z,20-Apr-2026,15:35:26,0.8,1
Bewick's Wren,Thryomanes bewickii,2026-04-20T22:35:19Z,20-Apr-2026,15:35:19,0.65,1
Bewick's Wren,Thryomanes bewickii,2026-04-20T22:35:09Z,20-Apr-2026,15:35:09,0.58,1
American Crow,Corvus brachyrhynchos,2026-04-20T22:34:57Z,20-Apr-2026,15:34:57,0.7804,1
American Crow,Corvus brachyrhynchos,2026-04-20T22:33:43Z,20-Apr-2026,15:33:43,0.7804,1
Bewick's Wren,Thryomanes bewickii,2026-04-20T22:32:48Z,20-Apr-2026,15:32:48,0.64,1
Bewick's Wren,Thryomanes bewickii,2026-04-20T22:32:18Z,20-Apr-2026,15:32:18,0.53,1
Bewick's Wren,Thryomanes bewickii,2026-04-20T22:32:03Z,20-Apr-2026,15:32:03,0.7,1
Bewick's Wren,Thryomanes bewickii,2026-04-20T22:31:50Z,20-Apr-2026,15:31:50,0.69,1
Bewick's Wren,Thryomanes bewickii,2026-04-20T22:31:31Z,20-Apr-2026,15:31:31,0.41,1
Bewick's Wren,Thryomanes bewickii,2026-04-20T22:31:15Z,20-Apr-2026,15:31:15,0.6,1
Bewick's Wren,Thryomanes bewickii,2026-04-20T22:30:34Z,20-Apr-2026,15:30:34,0.38,1
Bewick's Wren,Thryomanes bewickii,2026-04-20T22:30:28Z,20-Apr-2026,15:30:28,0.55,1
Bewick's Wren,Thryomanes bewickii,2026-04-20T22:30:20Z,20-Apr-2026,15:30:20,0.47,1
Dark-eyed Junco,Junco hyemalis,2026-04-20T22:30:13Z,20-Apr-2026,15:30:13,0.58,1
Dark-eyed Junco,Junco hyemalis,2026-04-20T22:30:01Z,20-Apr-2026,15:30:01,0.66,1
Bewick's Wren,Thryomanes bewickii,2026-04-20T22:29:51Z,20-Apr-2026,15:29:51,0.48,1
Bewick's Wren,Thryomanes bewickii,2026-04-20T22:29:37Z,20-Apr-2026,15:29:37,0.27,1
Bewick's Wren,Thryomanes bewickii,2026-04-20T22:29:23Z,20-Apr-2026,15:29:23,0.69,1
Bewick's Wren,Thryomanes bewickii,2026-04-20T22:29:12Z,20-Apr-2026,15:29:12,0.67,1
Bewick's Wren,Thryomanes bewickii,2026-04-20T22:28:48Z,20-Apr-2026,15:28:48,0.32,1
Bewick's Wren,Thryomanes bewickii,2026-04-20T22:28:41Z,20-Apr-2026,15:28:41,0.66,1
Bewick's Wren,Thryomanes bewickii,2026-04-20T22:28:29Z,20-Apr-2026,15:28:29,0.5,1
Bewick's Wren,Thryomanes bewickii,2026-04-20T22:28:22Z,20-Apr-2026,15:28:22,0.45,1
Bewick's Wren,Thryomanes bewickii,2026-04-20T22:28:14Z,20-Apr-2026,15:28:14,0.28,1
Dark-eyed Junco,Junco hyemalis,2026-04-20T22:27:54Z,20-Apr-2026,15:27:54,0.27,1
Bewick's Wren,Thryomanes bewickii,2026-04-20T22:27:24Z,20-Apr-2026,15:27:24,0.27,1
Bewick's Wren,Thryomanes bewickii,2026-04-20T22:27:10Z,20-Apr-2026,15:27:10,0.59,1
Bewick's Wren,Thryomanes bewickii,2026-04-20T22:27:03Z,20-Apr-2026,15:27:03,0.53,1
Bewick's Wren,Thryomanes bewickii,2026-04-20T22:26:56Z,20-Apr-2026,15:26:56,0.26,1
Bewick's Wren,Thryomanes bewickii,2026-04-20T22:26:00Z,20-Apr-2026,15:26:00,0.26,1
Bewick's Wren,Thryomanes bewickii,2026-04-20T22:25:53Z,20-Apr-2026,15:25:53,0.59,1
Bewick's Wren,Thryomanes bewickii,2026-04-20T22:25:32Z,20-Apr-2026,15:25:32,0.54,1
Black-capped Chickadee,Poecile atricapillus,2026-04-20T22:23:15Z,20-Apr-2026,15:23:15,0.8,2
Eurasian Collared-Dove,Streptopelia decaocto,2026-04-20T22:22:58Z,20-Apr-2026,15:22:58,0.29,1
Black-capped Chickadee,Poecile atricapillus,2026-04-20T22:20:12Z,20-Apr-2026,15:20:12,0.8745,1
Bewick's Wren,Thryomanes bewickii,2026-04-20T22:18:34Z,20-Apr-2026,15:18:34,0.55,1
Bewick's Wren,Thryomanes bewickii,2026-04-20T22:18:18Z,20-Apr-2026,15:18:18,0.37,1
Bewick's Wren,Thryomanes bewickii,2026-04-20T22:17:30Z,20-Apr-2026,15:17:30,0.49,1
Bewick's Wren,Thryomanes bewickii,2026-04-20T22:17:24Z,20-Apr-2026,15:17:24,0.48,1
Bewick's Wren,Thryomanes bewickii,2026-04-20T22:17:17Z,20-Apr-2026,15:17:17,0.49,1
Bewick's Wren,Thryomanes bewickii,2026-04-20T22:17:10Z,20-Apr-2026,15:17:10,0.67,1
Bewick's Wren,Thryomanes bewickii,2026-04-20T22:16:29Z,20-Apr-2026,15:16:29,0.56,1
Bewick's Wren,Thryomanes bewickii,2026-04-20T22:16:22Z,20-Apr-2026,15:16:22,0.57,1
Bewick's Wren,Thryomanes bewickii,2026-04-20T22:16:15Z,20-Apr-2026,15:16:15,0.59,1
Bewick's Wren,Thryomanes bewickii,2026-04-20T22:16:01Z,20-Apr-2026,15:16:01,0.26,1
Bewick's Wren,Thryomanes bewickii,2026-04-20T22:15:44Z,20-Apr-2026,15:15:44,0.3,1
American Robin,Turdus migratorius,2026-04-20T22:13:29Z,20-Apr-2026,15:13:29,0.38,1
Dark-eyed Junco,Junco hyemalis,2026-04-20T22:11:50Z,20-Apr-2026,15:11:50,0.5,1
Mountain Chickadee,Poecile gambeli,2026-04-20T22:11:17Z,20-Apr-2026,15:11:17,0.29,1
Dark-eyed Junco,Junco hyemalis,2026-04-20T22:09:13Z,20-Apr-2026,15:09:13,0.55,1
Dark-eyed Junco,Junco hyemalis,2026-04-20T22:09:05Z,20-Apr-2026,15:09:05,0.46,1
Dark-eyed Junco,Junco hyemalis,2026-04-20T22:08:21Z,20-Apr-2026,15:08:21,0.7804,1
Black-capped Chickadee,Poecile atricapillus,2026-04-20T22:07:25Z,20-Apr-2026,15:07:25,0.9255,1
Downy Woodpecker,Dryobates pubescens,2026-04-20T22:06:05Z,20-Apr-2026,15:06:05,0.7804,1
Black-capped Chickadee,Poecile atricapillus,2026-04-20T22:03:47Z,20-Apr-2026,15:03:47,0.41,1
Black-capped Chickadee,Poecile atricapillus,2026-04-20T22:03:13Z,20-Apr-2026,15:03:13,0.8,1
House Finch,Haemorhous mexicanus,2026-04-20T22:03:06Z,20-Apr-2026,15:03:06,0.8157,1
House Finch,Haemorhous mexicanus,2026-04-20T22:02:36Z,20-Apr-2026,15:02:36,0.29,1
House Finch,Haemorhous mexicanus,2026-04-20T22:02:26Z,20-Apr-2026,15:02:26,0.51,1
Dark-eyed Junco,Junco hyemalis,2026-04-20T22:00:35Z,20-Apr-2026,15:00:35,0.51,1
Townsend's Warbler,Setophaga townsendi,2026-04-20T22:00:11Z,20-Apr-2026,15:00:11,0.45,1
Townsend's Warbler,Setophaga townsendi,2026-04-20T21:59:51Z,20-Apr-2026,14:59:51,0.39,1
Townsend's Warbler,Setophaga townsendi,2026-04-20T21:58:37Z,20-Apr-2026,14:58:37,0.63,1
Bewick's Wren,Thryomanes bewickii,2026-04-20T21:58:13Z,20-Apr-2026,14:58:13,0.39,1
Dark-eyed Junco,Junco hyemalis,2026-04-20T21:57:52Z,20-Apr-2026,14:57:52,0.39,1
Dark-eyed Junco,Junco hyemalis,2026-04-20T21:57:33Z,20-Apr-2026,14:57:33,0.52,1
Dark-eyed Junco,Junco hyemalis,2026-04-20T21:56:58Z,20-Apr-2026,14:56:58,0.9255,1
Dark-eyed Junco,Junco hyemalis,2026-04-20T21:56:48Z,20-Apr-2026,14:56:48,0.29,1
American Crow,Corvus brachyrhynchos,2026-04-20T21:55:53Z,20-Apr-2026,14:55:53,0.41,1
Bewick's Wren,Thryomanes bewickii,2026-04-20T21:52:34Z,20-Apr-2026,14:52:34,0.61,1
Townsend's Warbler,Setophaga townsendi,2026-04-20T21:52:24Z,20-Apr-2026,14:52:24,0.37,1
Bewick's Wren,Thryomanes bewickii,2026-04-20T21:51:58Z,20-Apr-2026,14:51:58,0.35,1
Townsend's Warbler,Setophaga townsendi,2026-04-20T21:51:45Z,20-Apr-2026,14:51:45,0.54,1
Townsend's Warbler,Setophaga townsendi,2026-04-20T21:51:13Z,20-Apr-2026,14:51:13,0.59,1
Bewick's Wren,Thryomanes bewickii,2026-04-20T21:50:52Z,20-Apr-2026,14:50:52,0.33,1
Bewick's Wren,Thryomanes bewickii,2026-04-20T21:50:35Z,20-Apr-2026,14:50:35,0.27,1
Townsend's Warbler,Setophaga townsendi,2026-04-20T21:50:24Z,20-Apr-2026,14:50:24,0.31,1
Dark-eyed Junco,Junco hyemalis,2026-04-20T21:49:09Z,20-Apr-2026,14:49:09,0.28,1
Townsend's Warbler,Setophaga townsendi,2026-04-20T21:49:02Z,20-Apr-2026,14:49:02,0.37,1
Bewick's Wren,Thryomanes bewickii,2026-04-20T21:48:52Z,20-Apr-2026,14:48:52,0.4,1
Bewick's Wren,Thryomanes bewickii,2026-04-20T21:48:30Z,20-Apr-2026,14:48:30,0.43,1
American Robin,Turdus migratorius,2026-04-20T21:48:14Z,20-Apr-2026,14:48:14,0.31,1
Townsend's Warbler,Setophaga townsendi,2026-04-20T21:47:52Z,20-Apr-2026,14:47:52,0.35,1
Townsend's Warbler,Setophaga townsendi,2026-04-20T21:47:44Z,20-Apr-2026,14:47:44,0.42,1
Townsend's Warbler,Setophaga townsendi,2026-04-20T21:47:37Z,20-Apr-2026,14:47:37,0.29,1
Bewick's Wren,Thryomanes bewickii,2026-04-20T21:47:18Z,20-Apr-2026,14:47:18,0.48,1
Townsend's Warbler,Setophaga townsendi,2026-04-20T21:47:11Z,20-Apr-2026,14:47:11,0.49,1
Townsend's Warbler,Setophaga townsendi,2026-04-20T21:46:57Z,20-Apr-2026,14:46:57,0.34,1
Bewick's Wren,Thryomanes bewickii,2026-04-20T21:46:30Z,20-Apr-2026,14:46:30,0.39,1
American Goldfinch,Spinus tristis,2026-04-20T21:45:11Z,20-Apr-2026,14:45:11,0.8314,1
House Finch,Haemorhous mexicanus,2026-04-20T21:44:16Z,20-Apr-2026,14:44:16,0.8157,1
Red-breasted Nuthatch,Sitta canadensis,2026-04-20T21:43:54Z,20-Apr-2026,14:43:54,0.37,1
American Robin,Turdus migratorius,2026-04-20T21:42:13Z,20-Apr-2026,14:42:13,0.8314,1
Black-capped Chickadee,Poecile atricapillus,2026-04-20T21:39:35Z,20-Apr-2026,14:39:35,0.8745,1
Golden-crowned Kinglet,Regulus satrapa,2026-04-20T21:39:31Z,20-Apr-2026,14:39:31,0.47,1
American Crow,Corvus brachyrhynchos,2026-04-20T21:38:12Z,20-Apr-2026,14:38:12,0.8471,1
Black-capped Chickadee,Poecile atricapillus,2026-04-20T21:37:42Z,20-Apr-2026,14:37:42,0.26,1
Anna's Hummingbird,Calypte anna,2026-04-20T21:37:15Z,20-Apr-2026,14:37:15,0.29,1
Red-breasted Nuthatch,Sitta canadensis,2026-04-20T21:35:45Z,20-Apr-2026,14:35:45,0.27,1
Black-capped Chickadee,Poecile atricapillus,2026-04-20T21:34:57Z,20-Apr-2026,14:34:57,0.8745,1
Orange-crowned Warbler,Leiothlypis celata,2026-04-20T21:34:11Z,20-Apr-2026,14:34:11,0.49,1
House Finch,Haemorhous mexicanus,2026-04-20T21:34:04Z,20-Apr-2026,14:34:04,0.898,1
American Robin,Turdus migratorius,2026-04-20T21:32:24Z,20-Apr-2026,14:32:24,0.8,1
American Robin,Turdus migratorius,2026-04-20T21:24:45Z,20-Apr-2026,14:24:45,0.7804,1
Chestnut-backed Chickadee,Poecile rufescens,2026-04-20T21:24:08Z,20-Apr-2026,14:24:08,0.9725,1
Black-capped Chickadee,Poecile atricapillus,2026-04-20T21:21:46Z,20-Apr-2026,14:21:46,0.28,1
American Crow,Corvus brachyrhynchos,2026-04-20T21:19:54Z,20-Apr-2026,14:19:54,0.7804,1
American Crow,Corvus brachyrhynchos,2026-04-20T21:19:47Z,20-Apr-2026,14:19:47,0.32,1
American Crow,Corvus brachyrhynchos,2026-04-20T21:18:50Z,20-Apr-2026,14:18:50,0.8471,1
Bewick's Wren,Thryomanes bewickii,2026-04-20T21:18:17Z,20-Apr-2026,14:18:17,0.45,1
American Crow,Corvus brachyrhynchos,2026-04-20T21:18:09Z,20-Apr-2026,14:18:09,0.46,1
Bewick's Wren,Thryomanes bewickii,2026-04-20T21:17:27Z,20-Apr-2026,14:17:27,0.46,1
Dark-eyed Junco,Junco hyemalis,2026-04-20T21:17:20Z,20-Apr-2026,14:17:20,0.31,1
Dark-eyed Junco,Junco hyemalis,2026-04-20T21:17:06Z,20-Apr-2026,14:17:06,0.33,1
Bewick's Wren,Thryomanes bewickii,2026-04-20T21:16:59Z,20-Apr-2026,14:16:59,0.64,1
Bewick's Wren,Thryomanes bewickii,2026-04-20T21:16:44Z,20-Apr-2026,14:16:44,0.29,1
Dark-eyed Junco,Junco hyemalis,2026-04-20T21:16:36Z,20-Apr-2026,14:16:36,0.37,1
Bewick's Wren,Thryomanes bewickii,2026-04-20T21:16:13Z,20-Apr-2026,14:16:13,0.26,1
Dark-eyed Junco,Junco hyemalis,2026-04-20T21:15:59Z,20-Apr-2026,14:15:59,0.55,1
Bewick's Wren,Thryomanes bewickii,2026-04-20T21:14:14Z,20-Apr-2026,14:14:14,0.3,1
Bewick's Wren,Thryomanes bewickii,2026-04-20T21:13:14Z,20-Apr-2026,14:13:14,0.36,1
Chestnut-backed Chickadee,Poecile rufescens,2026-04-20T21:12:23Z,20-Apr-2026,14:12:23,0.29,1
House Finch,Haemorhous mexicanus,2026-04-20T21:12:18Z,20-Apr-2026,14:12:18,0.7804,1
Chestnut-backed Chickadee,Poecile rufescens,2026-04-20T21:12:13Z,20-Apr-2026,14:12:13,0.898,12
Dark-eyed Junco,Junco hyemalis,2026-04-20T21:11:05Z,20-Apr-2026,14:11:05,0.44,1
Chestnut-backed Chickadee,Poecile rufescens,2026-04-20T21:10:40Z,20-Apr-2026,14:10:40,0.8157,9
Chestnut-backed Chickadee,Poecile rufescens,2026-04-20T21:09:31Z,20-Apr-2026,14:09:31,0.9647,4
Dark-eyed Junco,Junco hyemalis,2026-04-20T21:09:13Z,20-Apr-2026,14:09:13,0.43,1
Chestnut-backed Chickadee,Poecile rufescens,2026-04-20T21:08:15Z,20-Apr-2026,14:08:15,0.9098,2
Chestnut-backed Chickadee,Poecile rufescens,2026-04-20T21:08:11Z,20-Apr-2026,14:08:11,0.66,1
House Finch,Haemorhous mexicanus,2026-04-20T21:07:24Z,20-Apr-2026,14:07:24,0.35,1
Chestnut-backed Chickadee,Poecile rufescens,2026-04-20T21:07:11Z,20-Apr-2026,14:07:11,0.7804,1
House Finch,Haemorhous mexicanus,2026-04-20T21:06:42Z,20-Apr-2026,14:06:42,0.8471,2
Chestnut-backed Chickadee,Poecile rufescens,2026-04-20T21:05:19Z,20-Apr-2026,14:05:19,0.27,1
Chestnut-backed Chickadee,Poecile rufescens,2026-04-20T21:05:11Z,20-Apr-2026,14:05:11,0.54,1
Chestnut-backed Chickadee,Poecile rufescens,2026-04-20T21:04:47Z,20-Apr-2026,14:04:47,0.26,1
House Finch,Haemorhous mexicanus,2026-04-20T21:04:11Z,20-Apr-2026,14:04:11,0.26,1
House Finch,Haemorhous mexicanus,2026-04-20T21:03:37Z,20-Apr-2026,14:03:37,0.7804,5
House Finch,Haemorhous mexicanus,2026-04-20T21:03:29Z,20-Apr-2026,14:03:29,0.29,1
Chestnut-backed Chickadee,Poecile rufescens,2026-04-20T21:02:55Z,20-Apr-2026,14:02:55,0.4,1
Bewick's Wren,Thryomanes bewickii,2026-04-20T21:02:44Z,20-Apr-2026,14:02:44,0.45,1
Chestnut-backed Chickadee,Poecile rufescens,2026-04-20T21:02:31Z,20-Apr-2026,14:02:31,0.9529,1
House Finch,Haemorhous mexicanus,2026-04-20T21:02:01Z,20-Apr-2026,14:02:01,0.9333,4
House Finch,Haemorhous mexicanus,2026-04-20T21:00:55Z,20-Apr-2026,14:00:55,0.9098,1
Bewick's Wren,Thryomanes bewickii,2026-04-20T20:59:14Z,20-Apr-2026,13:59:14,0.68,1
Bewick's Wren,Thryomanes bewickii,2026-04-20T20:59:03Z,20-Apr-2026,13:59:03,0.71,1
Bewick's Wren,Thryomanes bewickii,2026-04-20T20:58:34Z,20-Apr-2026,13:58:34,0.73,1
Bewick's Wren,Thryomanes bewickii,2026-04-20T20:58:18Z,20-Apr-2026,13:58:18,0.38,1
Bewick's Wren,Thryomanes bewickii,2026-04-20T20:58:11Z,20-Apr-2026,13:58:11,0.62,1
Bewick's Wren,Thryomanes bewickii,2026-04-20T20:57:41Z,20-Apr-2026,13:57:41,0.29,1
Bewick's Wren,Thryomanes bewickii,2026-04-20T20:56:35Z,20-Apr-2026,13:56:35,0.32,1
Steller's Jay,Cyanocitta stelleri,2026-04-20T20:56:31Z,20-Apr-2026,13:56:31,0.8314,1
Steller's Jay,Cyanocitta stelleri,2026-04-20T20:56:26Z,20-Apr-2026,13:56:26,0.83,1
Bewick's Wren,Thryomanes bewickii,2026-04-20T20:56:18Z,20-Apr-2026,13:56:18,0.43,1
Bewick's Wren,Thryomanes bewickii,2026-04-20T20:56:00Z,20-Apr-2026,13:56:00,0.26,1
House Finch,Haemorhous mexicanus,2026-04-20T20:54:53Z,20-Apr-2026,13:54:53,0.45,1
House Finch,Haemorhous mexicanus,2026-04-20T20:53:13Z,20-Apr-2026,13:53:13,0.949,1
American Robin,Turdus migratorius,2026-04-20T20:50:41Z,20-Apr-2026,13:50:41,0.6,1
Dark-eyed Junco,Junco hyemalis,2026-04-20T20:50:05Z,20-Apr-2026,13:50:05,0.8157,1
Dark-eyed Junco,Junco hyemalis,2026-04-20T20:49:14Z,20-Apr-2026,13:49:14,0.4,1
Anna's Hummingbird,Calypte anna,2026-04-20T20:47:03Z,20-Apr-2026,13:47:03,0.949,1
Dark-eyed Junco,Junco hyemalis,2026-04-20T20:46:38Z,20-Apr-2026,13:46:38,0.8745,4
Dark-eyed Junco,Junco hyemalis,2026-04-20T20:45:33Z,20-Apr-2026,13:45:33,0.8863,1
American Crow,Corvus brachyrhynchos,2026-04-20T20:45:29Z,20-Apr-2026,13:45:29,0.8314,1
Dark-eyed Junco,Junco hyemalis,2026-04-20T20:45:22Z,20-Apr-2026,13:45:22,0.26,1
American Crow,Corvus brachyrhynchos,2026-04-20T20:42:59Z,20-Apr-2026,13:42:59,0.3,1
American Crow,Corvus brachyrhynchos,2026-04-20T20:42:55Z,20-Apr-2026,13:42:55,0.8,1
American Crow,Corvus brachyrhynchos,2026-04-20T20:42:48Z,20-Apr-2026,13:42:48,0.33,1
Chestnut-backed Chickadee,Poecile rufescens,2026-04-20T20:42:15Z,20-Apr-2026,13:42:15,0.66,1
American Robin,Turdus migratorius,2026-04-20T20:41:45Z,20-Apr-2026,13:41:45,0.31,1
Dark-eyed Junco,Junco hyemalis,2026-04-20T20:40:18Z,20-Apr-2026,13:40:18,0.39,1
Bewick's Wren,Thryomanes bewickii,2026-04-20T20:38:43Z,20-Apr-2026,13:38:43,0.56,1
American Robin,Turdus migratorius,2026-04-20T20:37:42Z,20-Apr-2026,13:37:42,0.33,1
Golden-crowned Sparrow,Zonotrichia atricapilla,2026-04-20T20:35:35Z,20-Apr-2026,13:35:35,0.41,1
Black-capped Chickadee,Poecile atricapillus,2026-04-20T20:35:27Z,20-Apr-2026,13:35:27,0.42,1
Black-capped Chickadee,Poecile atricapillus,2026-04-20T20:35:06Z,20-Apr-2026,13:35:06,0.49,1
Black-capped Chickadee,Poecile atricapillus,2026-04-20T20:34:34Z,20-Apr-2026,13:34:34,0.31,1
Bewick's Wren,Thryomanes bewickii,2026-04-20T20:34:19Z,20-Apr-2026,13:34:19,0.3,1
Dark-eyed Junco,Junco hyemalis,2026-04-20T20:33:55Z,20-Apr-2026,13:33:55,0.32,1
American Robin,Turdus migratorius,2026-04-20T20:33:24Z,20-Apr-2026,13:33:24,0.49,1
Bewick's Wren,Thryomanes bewickii,2026-04-20T20:32:53Z,20-Apr-2026,13:32:53,0.66,1
Dark-eyed Junco,Junco hyemalis,2026-04-20T20:32:46Z,20-Apr-2026,13:32:46,0.28,1
Dark-eyed Junco,Junco hyemalis,2026-04-20T20:32:32Z,20-Apr-2026,13:32:32,0.4,1
Bewick's Wren,Thryomanes bewickii,2026-04-20T20:31:09Z,20-Apr-2026,13:31:09,0.51,1
Bewick's Wren,Thryomanes bewickii,2026-04-20T20:30:55Z,20-Apr-2026,13:30:55,0.82,1
Bewick's Wren,Thryomanes bewickii,2026-04-20T20:30:08Z,20-Apr-2026,13:30:08,0.51,1
Bewick's Wren,Thryomanes bewickii,2026-04-20T20:29:53Z,20-Apr-2026,13:29:53,0.89,1
Bewick's Wren,Thryomanes bewickii,2026-04-20T20:29:46Z,20-Apr-2026,13:29:46,0.63,1
Bewick's Wren,Thryomanes bewickii,2026-04-20T20:29:39Z,20-Apr-2026,13:29:39,0.74,1
Bewick's Wren,Thryomanes bewickii,2026-04-20T20:29:25Z,20-Apr-2026,13:29:25,0.54,1
Bewick's Wren,Thryomanes bewickii,2026-04-20T20:29:08Z,20-Apr-2026,13:29:08,0.72,1
Bewick's Wren,Thryomanes bewickii,2026-04-20T20:28:36Z,20-Apr-2026,13:28:36,0.61,1
House Finch,Haemorhous mexicanus,2026-04-20T20:27:50Z,20-Apr-2026,13:27:50,0.29,1
House Finch,Haemorhous mexicanus,2026-04-20T20:27:39Z,20-Apr-2026,13:27:39,0.9098,2
Bewick's Wren,Thryomanes bewickii,2026-04-20T20:27:24Z,20-Apr-2026,13:27:24,0.32,1
Bewick's Wren,Thryomanes bewickii,2026-04-20T20:27:17Z,20-Apr-2026,13:27:17,0.34,1
House Finch,Haemorhous mexicanus,2026-04-20T20:25:54Z,20-Apr-2026,13:25:54,0.39,1
American Robin,Turdus migratorius,2026-04-20T20:25:37Z,20-Apr-2026,13:25:37,0.27,1
House Finch,Haemorhous mexicanus,2026-04-20T20:25:24Z,20-Apr-2026,13:25:24,0.53,1
House Finch,Haemorhous mexicanus,2026-04-20T20:24:51Z,20-Apr-2026,13:24:51,0.9412,1
American Robin,Turdus migratorius,2026-04-20T20:24:39Z,20-Apr-2026,13:24:39,0.56,1
American Crow,Corvus brachyrhynchos,2026-04-20T20:24:22Z,20-Apr-2026,13:24:22,0.55,1
American Robin,Turdus migratorius,2026-04-20T20:24:08Z,20-Apr-2026,13:24:08,0.77,1
American Crow,Corvus brachyrhynchos,2026-04-20T20:24:03Z,20-Apr-2026,13:24:03,0.8157,1
American Robin,Turdus migratorius,2026-04-20T20:23:50Z,20-Apr-2026,13:23:50,0.7,1
Dark-eyed Junco,Junco hyemalis,2026-04-20T20:23:37Z,20-Apr-2026,13:23:37,0.42,1
House Finch,Haemorhous mexicanus,2026-04-20T20:23:15Z,20-Apr-2026,13:23:15,0.9569,3
House Finch,Haemorhous mexicanus,2026-04-20T20:22:01Z,20-Apr-2026,13:22:01,0.9255,5
House Finch,Haemorhous mexicanus,2026-04-20T20:20:51Z,20-Apr-2026,13:20:51,0.8157,1
Black-capped Chickadee,Poecile atricapillus,2026-04-20T20:18:48Z,20-Apr-2026,13:18:48,0.31,1
Black-capped Chickadee,Poecile atricapillus,2026-04-20T20:18:41Z,20-Apr-2026,13:18:41,0.31,1
Red-breasted Nuthatch,Sitta canadensis,2026-04-20T20:16:09Z,20-Apr-2026,13:16:09,0.3,1
American Robin,Turdus migratorius,2026-04-20T20:14:47Z,20-Apr-2026,13:14:47,0.8471,1
House Finch,Haemorhous mexicanus,2026-04-20T20:10:48Z,20-Apr-2026,13:10:48,0.9176,1
Bewick's Wren,Thryomanes bewickii,2026-04-20T20:08:09Z,20-Apr-2026,13:08:09,0.31,1
Chestnut-backed Chickadee,Poecile rufescens,2026-04-20T20:07:21Z,20-Apr-2026,13:07:21,0.8314,5
Chestnut-backed Chickadee,Poecile rufescens,2026-04-20T20:06:38Z,20-Apr-2026,13:06:38,0.27,1
Chestnut-backed Chickadee,Poecile rufescens,2026-04-20T20:06:02Z,20-Apr-2026,13:06:02,0.9922,13
Chestnut-backed Chickadee,Poecile rufescens,2026-04-20T20:05:00Z,20-Apr-2026,13:05:00,0.9686,10
Song Sparrow,Melospiza melodia,2026-04-20T20:04:55Z,20-Apr-2026,13:04:55,0.7804,1
Chestnut-backed Chickadee,Poecile rufescens,2026-04-20T20:03:52Z,20-Apr-2026,13:03:52,0.9725,1
Chestnut-backed Chickadee,Poecile rufescens,2026-04-20T20:03:44Z,20-Apr-2026,13:03:44,0.46,1
Chestnut-backed Chickadee,Poecile rufescens,2026-04-20T20:02:50Z,20-Apr-2026,13:02:50,0.58,1
Chestnut-backed Chickadee,Poecile rufescens,2026-04-20T20:02:46Z,20-Apr-2026,13:02:46,0.9882,6
House Finch,Haemorhous mexicanus,2026-04-20T20:02:33Z,20-Apr-2026,13:02:33,0.8,1
American Crow,Corvus brachyrhynchos,2026-04-20T20:01:52Z,20-Apr-2026,13:01:52,0.8314,1
Steller's Jay,Cyanocitta stelleri,2026-04-20T20:01:48Z,20-Apr-2026,13:01:48,0.37,1
Chestnut-backed Chickadee,Poecile rufescens,2026-04-20T20:01:43Z,20-Apr-2026,13:01:43,0.8863,4
Steller's Jay,Cyanocitta stelleri,2026-04-20T20:01:23Z,20-Apr-2026,13:01:23,0.8157,1
Steller's Jay,Cyanocitta stelleri,2026-04-20T20:01:04Z,20-Apr-2026,13:01:04,0.49,1
House Finch,Haemorhous mexicanus,2026-04-20T20:00:33Z,20-Apr-2026,13:00:33,0.8863,1
Chestnut-backed Chickadee,Poecile rufescens,2026-04-20T20:00:26Z,20-Apr-2026,13:00:26,0.43,1
House Finch,Haemorhous mexicanus,2026-04-20T20:00:15Z,20-Apr-2026,13:00:15,0.32,1
Chestnut-backed Chickadee,Poecile rufescens,2026-04-20T20:00:03Z,20-Apr-2026,13:00:03,0.8471,5
Chestnut-backed Chickadee,Poecile rufescens,2026-04-20T19:59:17Z,20-Apr-2026,12:59:17,0.47,1
Chestnut-backed Chickadee,Poecile rufescens,2026-04-20T19:59:02Z,20-Apr-2026,12:59:02,0.9725,1
Chestnut-backed Chickadee,Poecile rufescens,2026-04-20T19:57:39Z,20-Apr-2026,12:57:39,0.9412,5
House Finch,Haemorhous mexicanus,2026-04-20T19:57:24Z,20-Apr-2026,12:57:24,0.8627,1
House Finch,Haemorhous mexicanus,2026-04-20T19:55:50Z,20-Apr-2026,12:55:50,0.8314,1
Chestnut-backed Chickadee,Poecile rufescens,2026-04-20T19:55:17Z,20-Apr-2026,12:55:17,0.9569,8
Chestnut-backed Chickadee,Poecile rufescens,2026-04-20T19:54:41Z,20-Apr-2026,12:54:41,0.31,1
Chestnut-backed Chickadee,Poecile rufescens,2026-04-20T19:54:14Z,20-Apr-2026,12:54:14,0.35,1
Chestnut-backed Chickadee,Poecile rufescens,2026-04-20T19:54:05Z,20-Apr-2026,12:54:05,0.8627,1
House Finch,Haemorhous mexicanus,2026-04-20T19:53:44Z,20-Apr-2026,12:53:44,0.47,1
House Finch,Haemorhous mexicanus,2026-04-20T19:53:15Z,20-Apr-2026,12:53:15,0.63,1
House Finch,Haemorhous mexicanus,2026-04-20T19:53:08Z,20-Apr-2026,12:53:08,0.29,1
House Finch,Haemorhous mexicanus,2026-04-20T19:52:41Z,20-Apr-2026,12:52:41,0.47,1
House Finch,Haemorhous mexicanus,2026-04-20T19:51:44Z,20-Apr-2026,12:51:44,0.54,1
Red Crossbill,Loxia curvirostra,2026-04-20T19:51:37Z,20-Apr-2026,12:51:37,0.26,1
Black-capped Chickadee,Poecile atricapillus,2026-04-20T19:51:18Z,20-Apr-2026,12:51:18,0.34,1
Black-capped Chickadee,Poecile atricapillus,2026-04-20T19:51:11Z,20-Apr-2026,12:51:11,0.53,1
House Finch,Haemorhous mexicanus,2026-04-20T19:51:00Z,20-Apr-2026,12:51:00,0.62,1
Black-capped Chickadee,Poecile atricapillus,2026-04-20T19:50:39Z,20-Apr-2026,12:50:39,0.898,2
House Finch,Haemorhous mexicanus,2026-04-20T19:50:08Z,20-Apr-2026,12:50:08,0.7804,1
White-throated Sparrow,Zonotrichia albicollis,2026-04-20T19:49:43Z,20-Apr-2026,12:49:43,0.28,1
Downy Woodpecker,Dryobates pubescens,2026-04-20T19:48:56Z,20-Apr-2026,12:48:56,0.41,1
Black-capped Chickadee,Poecile atricapillus,2026-04-20T19:48:33Z,20-Apr-2026,12:48:33,0.8314,3
House Finch,Haemorhous mexicanus,2026-04-20T19:47:43Z,20-Apr-2026,12:47:43,0.81,1
House Finch,Haemorhous mexicanus,2026-04-20T19:47:39Z,20-Apr-2026,12:47:39,0.8,1
Black-capped Chickadee,Poecile atricapillus,2026-04-20T19:47:17Z,20-Apr-2026,12:47:17,0.26,1
Black-capped Chickadee,Poecile atricapillus,2026-04-20T19:47:08Z,20-Apr-2026,12:47:08,0.8745,1
Black-capped Chickadee,Poecile atricapillus,2026-04-20T19:46:09Z,20-Apr-2026,12:46:09,0.27,1
Black-capped Chickadee,Poecile atricapillus,2026-04-20T19:45:42Z,20-Apr-2026,12:45:42,0.29,1
White-crowned Sparrow,Zonotrichia leucophrys,2026-04-20T19:44:20Z,20-Apr-2026,12:44:20,0.29,1
House Finch,Haemorhous mexicanus,2026-04-20T19:41:10Z,20-Apr-2026,12:41:10,0.7804,2
Dark-eyed Junco,Junco hyemalis,2026-04-20T19:40:22Z,20-Apr-2026,12:40:22,0.8,1
House Finch,Haemorhous mexicanus,2026-04-20T19:40:00Z,20-Apr-2026,12:40:00,0.898,1
Black-capped Chickadee,Poecile atricapillus,2026-04-20T19:37:47Z,20-Apr-2026,12:37:47,0.8627,2
Anna's Hummingbird,Calypte anna,2026-04-20T19:37:11Z,20-Apr-2026,12:37:11,0.8863,1
Bewick's Wren,Thryomanes bewickii,2026-04-20T19:36:38Z,20-Apr-2026,12:36:38,0.79,1
Black-capped Chickadee,Poecile atricapillus,2026-04-20T19:34:24Z,20-Apr-2026,12:34:24,0.35,1
Black-capped Chickadee,Poecile atricapillus,2026-04-20T19:34:14Z,20-Apr-2026,12:34:14,0.3,1
Black-capped Chickadee,Poecile atricapillus,2026-04-20T19:34:09Z,20-Apr-2026,12:34:09,0.8314,1
American Robin,Turdus migratorius,2026-04-20T19:33:51Z,20-Apr-2026,12:33:51,0.42,1
American Robin,Turdus migratorius,2026-04-20T19:33:37Z,20-Apr-2026,12:33:37,0.26,1
American Robin,Turdus migratorius,2026-04-20T19:33:30Z,20-Apr-2026,12:33:30,0.29,1
Bewick's Wren,Thryomanes bewickii,2026-04-20T19:31:54Z,20-Apr-2026,12:31:54,0.82,1
American Robin,Turdus migratorius,2026-04-20T19:31:44Z,20-Apr-2026,12:31:44,0.3,1
Bewick's Wren,Thryomanes bewickii,2026-04-20T19:31:34Z,20-Apr-2026,12:31:34,0.86,1
Bewick's Wren,Thryomanes bewickii,2026-04-20T19:30:42Z,20-Apr-2026,12:30:42,0.7,1
Bewick's Wren,Thryomanes bewickii,2026-04-20T19:29:32Z,20-Apr-2026,12:29:32,0.45,1
Dark-eyed Junco,Junco hyemalis,2026-04-20T19:28:12Z,20-Apr-2026,12:28:12,0.37,1
Dark-eyed Junco,Junco hyemalis,2026-04-20T19:27:10Z,20-Apr-2026,12:27:10,0.86,1
American Robin,Turdus migratorius,2026-04-20T19:26:03Z,20-Apr-2026,12:26:03,0.26,1
Song Sparrow,Melospiza melodia,2026-04-20T19:21:44Z,20-Apr-2026,12:21:44,0.8157,1
Dark-eyed Junco,Junco hyemalis,2026-04-20T19:21:09Z,20-Apr-2026,12:21:09,0.69,1
Bewick's Wren,Thryomanes bewickii,2026-04-20T19:19:35Z,20-Apr-2026,12:19:35,0.4,1
Bewick's Wren,Thryomanes bewickii,2026-04-20T19:16:10Z,20-Apr-2026,12:16:10,0.53,1
Bewick's Wren,Thryomanes bewickii,2026-04-20T19:16:00Z,20-Apr-2026,12:16:00,0.57,1
Bewick's Wren,Thryomanes bewickii,2026-04-20T19:15:37Z,20-Apr-2026,12:15:37,0.54,1
Bewick's Wren,Thryomanes bewickii,2026-04-20T19:15:27Z,20-Apr-2026,12:15:27,0.56,1
Bewick's Wren,Thryomanes bewickii,2026-04-20T19:15:17Z,20-Apr-2026,12:15:17,0.79,1
Bewick's Wren,Thryomanes bewickii,2026-04-20T19:15:05Z,20-Apr-2026,12:15:05,0.55,1
Anna's Hummingbird,Calypte anna,2026-04-20T19:13:49Z,20-Apr-2026,12:13:49,0.8627,1
Bewick's Wren,Thryomanes bewickii,2026-04-20T19:13:07Z,20-Apr-2026,12:13:07,0.68,1
Warbling Vireo,Vireo gilvus,2026-04-20T19:11:50Z,20-Apr-2026,12:11:50,0.26,1
House Finch,Haemorhous mexicanus,2026-04-20T19:11:05Z,20-Apr-2026,12:11:05,0.9333,2
Anna's Hummingbird,Calypte anna,2026-04-20T19:10:27Z,20-Apr-2026,12:10:27,0.8627,1
House Finch,Haemorhous mexicanus,2026-04-20T19:09:50Z,20-Apr-2026,12:09:50,0.27,1
House Finch,Haemorhous mexicanus,2026-04-20T19:09:12Z,20-Apr-2026,12:09:12,0.8157,4
House Finch,Haemorhous mexicanus,2026-04-20T19:08:06Z,20-Apr-2026,12:08:06,0.8,2
House Finch,Haemorhous mexicanus,2026-04-20T19:06:56Z,20-Apr-2026,12:06:56,0.8157,1
Black-capped Chickadee,Poecile atricapillus,2026-04-20T19:05:41Z,20-Apr-2026,12:05:41,0.8,1
House Finch,Haemorhous mexicanus,2026-04-20T19:03:25Z,20-Apr-2026,12:03:25,0.8627,2
American Robin,Turdus migratorius,2026-04-20T19:03:14Z,20-Apr-2026,12:03:14,0.32,1
House Finch,Haemorhous mexicanus,2026-04-20T19:02:20Z,20-Apr-2026,12:02:20,0.8745,1
House Finch,Haemorhous mexicanus,2026-04-20T19:01:07Z,20-Apr-2026,12:01:07,0.8314,1
Black-capped Chickadee,Poecile atricapillus,2026-04-20T18:59:06Z,20-Apr-2026,11:59:06,0.56,1
House Finch,Haemorhous mexicanus,2026-04-20T18:58:11Z,20-Apr-2026,11:58:11,0.7,1
Black-capped Chickadee,Poecile atricapillus,2026-04-20T18:57:59Z,20-Apr-2026,11:57:59,0.8314,2
Black-capped Chickadee,Poecile atricapillus,2026-04-20T18:56:15Z,20-Apr-2026,11:56:15,0.9765,1
Chestnut-backed Chickadee,Poecile rufescens,2026-04-20T18:55:40Z,20-Apr-2026,11:55:40,0.7804,1
Chestnut-backed Chickadee,Poecile rufescens,2026-04-20T18:55:36Z,20-Apr-2026,11:55:36,0.44,1
Chestnut-backed Chickadee,Poecile rufescens,2026-04-20T18:55:11Z,20-Apr-2026,11:55:11,0.41,1
Black-capped Chickadee,Poecile atricapillus,2026-04-20T18:55:03Z,20-Apr-2026,11:55:03,0.77,1
American Crow,Corvus brachyrhynchos,2026-04-20T18:53:59Z,20-Apr-2026,11:53:59,0.8,1
Chestnut-backed Chickadee,Poecile rufescens,2026-04-20T18:53:16Z,20-Apr-2026,11:53:16,0.9098,7
Chestnut-backed Chickadee,Poecile rufescens,2026-04-20T18:52:28Z,20-Apr-2026,11:52:28,0.84,1
Chestnut-backed Chickadee,Poecile rufescens,2026-04-20T18:52:14Z,20-Apr-2026,11:52:14,0.75,1
Chestnut-backed Chickadee,Poecile rufescens,2026-04-20T18:51:58Z,20-Apr-2026,11:51:58,0.9255,3
House Finch,Haemorhous mexicanus,2026-04-20T18:51:18Z,20-Apr-2026,11:51:18,0.34,1
American Robin,Turdus migratorius,2026-04-20T18:49:35Z,20-Apr-2026,11:49:35,0.32,1
Chestnut-backed Chickadee,Poecile rufescens,2026-04-20T18:49:09Z,20-Apr-2026,11:49:09,0.7,1
Chestnut-backed Chickadee,Poecile rufescens,2026-04-20T18:48:51Z,20-Apr-2026,11:48:51,0.9569,1
Black-capped Chickadee,Poecile atricapillus,2026-04-20T18:47:00Z,20-Apr-2026,11:47:00,0.33,1
House Finch,Haemorhous mexicanus,2026-04-20T18:44:23Z,20-Apr-2026,11:44:23,0.8157,1
American Robin,Turdus migratorius,2026-04-20T18:42:34Z,20-Apr-2026,11:42:34,0.8,2
Bushtit,Psaltriparus minimus,2026-04-20T18:41:21Z,20-Apr-2026,11:41:21,0.64,1
American Robin,Turdus migratorius,2026-04-20T18:36:16Z,20-Apr-2026,11:36:16,0.29,1
American Robin,Turdus migratorius,2026-04-20T18:35:47Z,20-Apr-2026,11:35:47,0.27,1
American Robin,Turdus migratorius,2026-04-20T18:35:28Z,20-Apr-2026,11:35:28,0.8314,1
House Finch,Haemorhous mexicanus,2026-04-20T18:34:23Z,20-Apr-2026,11:34:23,0.26,1
American Robin,Turdus migratorius,2026-04-20T18:33:42Z,20-Apr-2026,11:33:42,0.9098,1
American Robin,Turdus migratorius,2026-04-20T18:33:20Z,20-Apr-2026,11:33:20,0.32,1
House Finch,Haemorhous mexicanus,2026-04-20T18:32:54Z,20-Apr-2026,11:32:54,0.56,1
House Finch,Haemorhous mexicanus,2026-04-20T18:32:29Z,20-Apr-2026,11:32:29,0.8314,1
American Robin,Turdus migratorius,2026-04-20T18:32:02Z,20-Apr-2026,11:32:02,0.9176,2
Black-capped Chickadee,Poecile atricapillus,2026-04-20T18:31:43Z,20-Apr-2026,11:31:43,0.8,1
American Robin,Turdus migratorius,2026-04-20T18:31:38Z,20-Apr-2026,11:31:38,0.33,1
American Robin,Turdus migratorius,2026-04-20T18:31:30Z,20-Apr-2026,11:31:30,0.36,1
American Robin,Turdus migratorius,2026-04-20T18:31:24Z,20-Apr-2026,11:31:24,0.27,1
American Robin,Turdus migratorius,2026-04-20T18:30:38Z,20-Apr-2026,11:30:38,0.51,1
American Robin,Turdus migratorius,2026-04-20T18:30:30Z,20-Apr-2026,11:30:30,0.69,1
American Robin,Turdus migratorius,2026-04-20T18:30:13Z,20-Apr-2026,11:30:13,0.38,1
American Robin,Turdus migratorius,2026-04-20T18:29:55Z,20-Apr-2026,11:29:55,0.8745,5
American Robin,Turdus migratorius,2026-04-20T18:29:19Z,20-Apr-2026,11:29:19,0.39,1
House Finch,Haemorhous mexicanus,2026-04-20T18:29:14Z,20-Apr-2026,11:29:14,0.8745,1
American Robin,Turdus migratorius,2026-04-20T18:28:34Z,20-Apr-2026,11:28:34,0.52,1
American Robin,Turdus migratorius,2026-04-20T18:28:27Z,20-Apr-2026,11:28:27,0.26,1
American Robin,Turdus migratorius,2026-04-20T18:28:13Z,20-Apr-2026,11:28:13,0.8471,3
House Finch,Haemorhous mexicanus,2026-04-20T18:27:49Z,20-Apr-2026,11:27:49,0.898,1
American Robin,Turdus migratorius,2026-04-20T18:27:12Z,20-Apr-2026,11:27:12,0.9176,2
American Kestrel,Falco sparverius,2026-04-20T18:26:11Z,20-Apr-2026,11:26:11,0.34,1
American Robin,Turdus migratorius,2026-04-20T18:26:07Z,20-Apr-2026,11:26:07,0.8,1
Black-capped Chickadee,Poecile atricapillus,2026-04-20T18:24:19Z,20-Apr-2026,11:24:19,0.33,1
Red-breasted Nuthatch,Sitta canadensis,2026-04-20T18:19:00Z,20-Apr-2026,11:19:00,0.45,1
Bewick's Wren,Thryomanes bewickii,2026-04-20T18:18:46Z,20-Apr-2026,11:18:46,0.37,1
Bewick's Wren,Thryomanes bewickii,2026-04-20T18:17:43Z,20-Apr-2026,11:17:43,0.44,1
Bewick's Wren,Thryomanes bewickii,2026-04-20T18:17:35Z,20-Apr-2026,11:17:35,0.55,1
Bewick's Wren,Thryomanes bewickii,2026-04-20T18:17:25Z,20-Apr-2026,11:17:25,0.3,1
White-crowned Sparrow,Zonotrichia leucophrys,2026-04-20T18:15:35Z,20-Apr-2026,11:15:35,0.45,1
House Finch,Haemorhous mexicanus,2026-04-20T18:15:08Z,20-Apr-2026,11:15:08,0.8471,1
House Finch,Haemorhous mexicanus,2026-04-20T18:13:22Z,20-Apr-2026,11:13:22,0.62,1
American Robin,Turdus migratorius,2026-04-20T18:13:05Z,20-Apr-2026,11:13:05,0.33,1
Black-capped Chickadee,Poecile atricapillus,2026-04-20T18:13:01Z,20-Apr-2026,11:13:01,0.9647,2
Chestnut-backed Chickadee,Poecile rufescens,2026-04-20T18:12:14Z,20-Apr-2026,11:12:14,0.898,1
Chestnut-backed Chickadee,Poecile rufescens,2026-04-20T18:12:08Z,20-Apr-2026,11:12:08,0.38,1
Downy Woodpecker,Dryobates pubescens,2026-04-20T18:10:26Z,20-Apr-2026,11:10:26,0.3,1
Black-capped Chickadee,Poecile atricapillus,2026-04-20T18:09:53Z,20-Apr-2026,11:09:53,0.8314,1
American Robin,Turdus migratorius,2026-04-20T18:07:28Z,20-Apr-2026,11:07:28,0.8157,2
American Robin,Turdus migratorius,2026-04-20T18:05:30Z,20-Apr-2026,11:05:30,0.8,2
American Robin,Turdus migratorius,2026-04-20T18:03:00Z,20-Apr-2026,11:03:00,0.8157,1
Bushtit,Psaltriparus minimus,2026-04-20T18:02:08Z,20-Apr-2026,11:02:08,0.56,1
American Robin,Turdus migratorius,2026-04-20T17:58:59Z,20-Apr-2026,10:58:59,0.34,1
Black-capped Chickadee,Poecile atricapillus,2026-04-20T17:57:29Z,20-Apr-2026,10:57:29,0.37,1
Steller's Jay,Cyanocitta stelleri,2026-04-20T17:56:11Z,20-Apr-2026,10:56:11,0.46,1
American Crow,Corvus brachyrhynchos,2026-04-20T17:55:46Z,20-Apr-2026,10:55:46,0.8627,1
Bewick's Wren,Thryomanes bewickii,2026-04-20T17:53:38Z,20-Apr-2026,10:53:38,0.41,1
Steller's Jay,Cyanocitta stelleri,2026-04-20T17:52:34Z,20-Apr-2026,10:52:34,0.87,1
Steller's Jay,Cyanocitta stelleri,2026-04-20T17:52:21Z,20-Apr-2026,10:52:21,0.8,1
Steller's Jay,Cyanocitta stelleri,2026-04-20T17:52:15Z,20-Apr-2026,10:52:15,0.76,1
Bewick's Wren,Thryomanes bewickii,2026-04-20T17:52:08Z,20-Apr-2026,10:52:08,0.54,1
Steller's Jay,Cyanocitta stelleri,2026-04-20T17:51:57Z,20-Apr-2026,10:51:57,0.48,1
Bewick's Wren,Thryomanes bewickii,2026-04-20T17:51:50Z,20-Apr-2026,10:51:50,0.55,1
Bewick's Wren,Thryomanes bewickii,2026-04-20T17:51:25Z,20-Apr-2026,10:51:25,0.26,1
Bewick's Wren,Thryomanes bewickii,2026-04-20T17:51:18Z,20-Apr-2026,10:51:18,0.42,1
Bewick's Wren,Thryomanes bewickii,2026-04-20T17:50:54Z,20-Apr-2026,10:50:54,0.51,1
Bewick's Wren,Thryomanes bewickii,2026-04-20T17:50:47Z,20-Apr-2026,10:50:47,0.67,1
Bewick's Wren,Thryomanes bewickii,2026-04-20T17:50:39Z,20-Apr-2026,10:50:39,0.44,1
Black-capped Chickadee,Poecile atricapillus,2026-04-20T17:50:19Z,20-Apr-2026,10:50:19,0.7804,1
Bewick's Wren,Thryomanes bewickii,2026-04-20T17:50:13Z,20-Apr-2026,10:50:13,0.31,1
Bewick's Wren,Thryomanes bewickii,2026-04-20T17:50:06Z,20-Apr-2026,10:50:06,0.48,1
Bewick's Wren,Thryomanes bewickii,2026-04-20T17:50:00Z,20-Apr-2026,10:50:00,0.53,1
Anna's Hummingbird,Calypte anna,2026-04-20T17:49:52Z,20-Apr-2026,10:49:52,0.8863,1
Bewick's Wren,Thryomanes bewickii,2026-04-20T17:48:57Z,20-Apr-2026,10:48:57,0.46,1
Bewick's Wren,Thryomanes bewickii,2026-04-20T17:48:35Z,20-Apr-2026,10:48:35,0.27,1
Bewick's Wren,Thryomanes bewickii,2026-04-20T17:44:59Z,20-Apr-2026,10:44:59,0.61,1
Bewick's Wren,Thryomanes bewickii,2026-04-20T17:44:49Z,20-Apr-2026,10:44:49,0.3,1
House Finch,Haemorhous mexicanus,2026-04-20T17:44:45Z,20-Apr-2026,10:44:45,0.9255,1
Bewick's Wren,Thryomanes bewickii,2026-04-20T17:44:31Z,20-Apr-2026,10:44:31,0.28,1
Bewick's Wren,Thryomanes bewickii,2026-04-20T17:44:11Z,20-Apr-2026,10:44:11,0.51,1
Bewick's Wren,Thryomanes bewickii,2026-04-20T17:43:44Z,20-Apr-2026,10:43:44,0.35,1
Bewick's Wren,Thryomanes bewickii,2026-04-20T17:43:23Z,20-Apr-2026,10:43:23,0.78,1
Black-capped Chickadee,Poecile atricapillus,2026-04-20T17:43:08Z,20-Apr-2026,10:43:08,0.3,1
Black-capped Chickadee,Poecile atricapillus,2026-04-20T17:42:22Z,20-Apr-2026,10:42:22,0.31,1
Black-capped Chickadee,Poecile atricapillus,2026-04-20T17:42:18Z,20-Apr-2026,10:42:18,0.7804,1
Black-capped Chickadee,Poecile atricapillus,2026-04-20T17:41:51Z,20-Apr-2026,10:41:51,0.37,1
Black-capped Chickadee,Poecile atricapillus,2026-04-20T17:41:17Z,20-Apr-2026,10:41:17,0.8,1
Bewick's Wren,Thryomanes bewickii,2026-04-20T17:41:13Z,20-Apr-2026,10:41:13,0.31,1
Bewick's Wren,Thryomanes bewickii,2026-04-20T17:41:06Z,20-Apr-2026,10:41:06,0.36,1
Northern Flicker,Colaptes auratus,2026-04-20T17:40:26Z,20-Apr-2026,10:40:26,0.34,1
Bewick's Wren,Thryomanes bewickii,2026-04-20T17:40:06Z,20-Apr-2026,10:40:06,0.49,1
Bewick's Wren,Thryomanes bewickii,2026-04-20T17:39:16Z,20-Apr-2026,10:39:16,0.54,1
Bewick's Wren,Thryomanes bewickii,2026-04-20T17:39:09Z,20-Apr-2026,10:39:09,0.4,1
Bewick's Wren,Thryomanes bewickii,2026-04-20T17:39:02Z,20-Apr-2026,10:39:02,0.71,1
Bewick's Wren,Thryomanes bewickii,2026-04-20T17:38:48Z,20-Apr-2026,10:38:48,0.47,1
Bewick's Wren,Thryomanes bewickii,2026-04-20T17:38:19Z,20-Apr-2026,10:38:19,0.31,1
House Finch,Haemorhous mexicanus,2026-04-20T17:37:30Z,20-Apr-2026,10:37:30,0.8157,1
Northern Flicker,Colaptes auratus,2026-04-20T17:36:26Z,20-Apr-2026,10:36:26,0.72,1
House Finch,Haemorhous mexicanus,2026-04-20T17:36:21Z,20-Apr-2026,10:36:21,0.8314,1
Northern Flicker,Colaptes auratus,2026-04-20T17:36:17Z,20-Apr-2026,10:36:17,0.35,1
Orange-crowned Warbler,Leiothlypis celata,2026-04-20T17:35:34Z,20-Apr-2026,10:35:34,0.32,1
House Finch,Haemorhous mexicanus,2026-04-20T17:33:59Z,20-Apr-2026,10:33:59,0.29,1
House Finch,Haemorhous mexicanus,2026-04-20T17:33:48Z,20-Apr-2026,10:33:48,0.39,1
White-crowned Sparrow,Zonotrichia leucophrys,2026-04-20T17:31:49Z,20-Apr-2026,10:31:49,0.26,1
Bewick's Wren,Thryomanes bewickii,2026-04-20T17:30:40Z,20-Apr-2026,10:30:40,0.48,1
Bewick's Wren,Thryomanes bewickii,2026-04-20T17:29:05Z,20-Apr-2026,10:29:05,0.68,1
Bewick's Wren,Thryomanes bewickii,2026-04-20T17:28:58Z,20-Apr-2026,10:28:58,0.54,1
Bewick's Wren,Thryomanes bewickii,2026-04-20T17:28:19Z,20-Apr-2026,10:28:19,0.7,1
House Finch,Haemorhous mexicanus,2026-04-20T17:28:15Z,20-Apr-2026,10:28:15,0.8471,1
Bewick's Wren,Thryomanes bewickii,2026-04-20T17:28:08Z,20-Apr-2026,10:28:08,0.43,1
Bewick's Wren,Thryomanes bewickii,2026-04-20T17:27:44Z,20-Apr-2026,10:27:44,0.53,1
Bewick's Wren,Thryomanes bewickii,2026-04-20T17:27:34Z,20-Apr-2026,10:27:34,0.26,1
Bewick's Wren,Thryomanes bewickii,2026-04-20T17:27:20Z,20-Apr-2026,10:27:20,0.57,1
Bewick's Wren,Thryomanes bewickii,2026-04-20T17:27:13Z,20-Apr-2026,10:27:13,0.65,1
Black-throated Gray Warbler,Setophaga nigrescens,2026-04-20T17:21:51Z,20-Apr-2026,10:21:51,0.26,1
Bewick's Wren,Thryomanes bewickii,2026-04-20T17:21:15Z,20-Apr-2026,10:21:15,0.59,1
Bewick's Wren,Thryomanes bewickii,2026-04-20T17:20:59Z,20-Apr-2026,10:20:59,0.31,1
House Finch,Haemorhous mexicanus,2026-04-20T17:20:54Z,20-Apr-2026,10:20:54,0.8745,1
Bewick's Wren,Thryomanes bewickii,2026-04-20T17:20:23Z,20-Apr-2026,10:20:23,0.33,1
Bewick's Wren,Thryomanes bewickii,2026-04-20T17:20:16Z,20-Apr-2026,10:20:16,0.31,1
Bewick's Wren,Thryomanes bewickii,2026-04-20T17:19:12Z,20-Apr-2026,10:19:12,0.3,1
Bewick's Wren,Thryomanes bewickii,2026-04-20T17:18:53Z,20-Apr-2026,10:18:53,0.43,1
Bewick's Wren,Thryomanes bewickii,2026-04-20T17:18:43Z,20-Apr-2026,10:18:43,0.78,1
Bushtit,Psaltriparus minimus,2026-04-20T17:17:58Z,20-Apr-2026,10:17:58,0.37,1
Bewick's Wren,Thryomanes bewickii,2026-04-20T17:17:50Z,20-Apr-2026,10:17:50,0.34,1
Bewick's Wren,Thryomanes bewickii,2026-04-20T17:17:40Z,20-Apr-2026,10:17:40,0.39,1
Bewick's Wren,Thryomanes bewickii,2026-04-20T17:17:18Z,20-Apr-2026,10:17:18,0.27,1
Bewick's Wren,Thryomanes bewickii,2026-04-20T17:17:11Z,20-Apr-2026,10:17:11,0.29,1
Bewick's Wren,Thryomanes bewickii,2026-04-20T17:17:03Z,20-Apr-2026,10:17:03,0.38,1
Bewick's Wren,Thryomanes bewickii,2026-04-20T17:16:40Z,20-Apr-2026,10:16:40,0.33,1
Bewick's Wren,Thryomanes bewickii,2026-04-20T17:16:25Z,20-Apr-2026,10:16:25,0.27,1
Bewick's Wren,Thryomanes bewickii,2026-04-20T17:16:06Z,20-Apr-2026,10:16:06,0.43,1
Bewick's Wren,Thryomanes bewickii,2026-04-20T17:15:56Z,20-Apr-2026,10:15:56,0.26,1
Bewick's Wren,Thryomanes bewickii,2026-04-20T17:15:43Z,20-Apr-2026,10:15:43,0.26,1
American Crow,Corvus brachyrhynchos,2026-04-20T17:14:23Z,20-Apr-2026,10:14:23,0.8,1
Red-breasted Nuthatch,Sitta canadensis,2026-04-20T17:11:50Z,20-Apr-2026,10:11:50,0.71,1
House Finch,Haemorhous mexicanus,2026-04-20T17:11:36Z,20-Apr-2026,10:11:36,0.8471,3
Red-breasted Nuthatch,Sitta canadensis,2026-04-20T17:11:14Z,20-Apr-2026,10:11:14,0.82,1
Red-breasted Nuthatch,Sitta canadensis,2026-04-20T17:10:59Z,20-Apr-2026,10:10:59,0.64,1
Red-breasted Nuthatch,Sitta canadensis,2026-04-20T17:10:42Z,20-Apr-2026,10:10:42,0.81,1
Red-breasted Nuthatch,Sitta canadensis,2026-04-20T17:10:32Z,20-Apr-2026,10:10:32,0.65,1
House Finch,Haemorhous mexicanus,2026-04-20T17:10:16Z,20-Apr-2026,10:10:16,0.8471,6
Red-breasted Nuthatch,Sitta canadensis,2026-04-20T17:10:04Z,20-Apr-2026,10:10:04,0.61,1
House Finch,Haemorhous mexicanus,2026-04-20T17:09:50Z,20-Apr-2026,10:09:50,0.37,1
House Finch,Haemorhous mexicanus,2026-04-20T17:09:39Z,20-Apr-2026,10:09:39,0.35,1
Fox Sparrow,Passerella iliaca,2026-04-20T17:09:24Z,20-Apr-2026,10:09:24,0.26,1
House Finch,Haemorhous mexicanus,2026-04-20T17:09:11Z,20-Apr-2026,10:09:11,0.26,1
House Finch,Haemorhous mexicanus,2026-04-20T17:08:53Z,20-Apr-2026,10:08:53,0.8471,1
American Robin,Turdus migratorius,2026-04-20T17:07:10Z,20-Apr-2026,10:07:10,0.8314,3
American Robin,Turdus migratorius,2026-04-20T17:06:27Z,20-Apr-2026,10:06:27,0.36,1
American Robin,Turdus migratorius,2026-04-20T17:06:10Z,20-Apr-2026,10:06:10,0.29,1
American Robin,Turdus migratorius,2026-04-20T17:06:06Z,20-Apr-2026,10:06:06,0.7804,1
American Robin,Turdus migratorius,2026-04-20T17:05:59Z,20-Apr-2026,10:05:59,0.32,1
Bewick's Wren,Thryomanes bewickii,2026-04-20T17:05:32Z,20-Apr-2026,10:05:32,0.27,1
American Robin,Turdus migratorius,2026-04-20T17:05:09Z,20-Apr-2026,10:05:09,0.28,1
American Robin,Turdus migratorius,2026-04-20T17:04:41Z,20-Apr-2026,10:04:41,0.31,1
Bewick's Wren,Thryomanes bewickii,2026-04-20T17:02:48Z,20-Apr-2026,10:02:48,0.61,1
Bewick's Wren,Thryomanes bewickii,2026-04-20T17:02:40Z,20-Apr-2026,10:02:40,0.84,1
Bewick's Wren,Thryomanes bewickii,2026-04-20T17:02:34Z,20-Apr-2026,10:02:34,0.81,1
Bewick's Wren,Thryomanes bewickii,2026-04-20T17:02:27Z,20-Apr-2026,10:02:27,0.42,1
Bewick's Wren,Thryomanes bewickii,2026-04-20T17:02:20Z,20-Apr-2026,10:02:20,0.45,1
Bewick's Wren,Thryomanes bewickii,2026-04-20T17:01:52Z,20-Apr-2026,10:01:52,0.26,1
Bewick's Wren,Thryomanes bewickii,2026-04-20T17:01:32Z,20-Apr-2026,10:01:32,0.28,1
Bewick's Wren,Thryomanes bewickii,2026-04-20T17:01:11Z,20-Apr-2026,10:01:11,0.39,1
American Robin,Turdus migratorius,2026-04-20T17:00:26Z,20-Apr-2026,10:00:26,0.26,1
Bewick's Wren,Thryomanes bewickii,2026-04-20T16:59:02Z,20-Apr-2026,09:59:02,0.68,1
Bewick's Wren,Thryomanes bewickii,2026-04-20T16:58:52Z,20-Apr-2026,09:58:52,0.57,1
Bewick's Wren,Thryomanes bewickii,2026-04-20T16:58:38Z,20-Apr-2026,09:58:38,0.28,1
Bewick's Wren,Thryomanes bewickii,2026-04-20T16:58:09Z,20-Apr-2026,09:58:09,0.28,1
Red-breasted Nuthatch,Sitta canadensis,2026-04-20T16:58:02Z,20-Apr-2026,09:58:02,0.44,1
American Robin,Turdus migratorius,2026-04-20T16:57:54Z,20-Apr-2026,09:57:54,0.34,1
American Robin,Turdus migratorius,2026-04-20T16:57:47Z,20-Apr-2026,09:57:47,0.37,1
Bewick's Wren,Thryomanes bewickii,2026-04-20T16:57:32Z,20-Apr-2026,09:57:32,0.34,1
Bewick's Wren,Thryomanes bewickii,2026-04-20T16:57:18Z,20-Apr-2026,09:57:18,0.66,1
Bewick's Wren,Thryomanes bewickii,2026-04-20T16:56:48Z,20-Apr-2026,09:56:48,0.37,1
Song Sparrow,Melospiza melodia,2026-04-20T16:56:20Z,20-Apr-2026,09:56:20,0.8,1
Bewick's Wren,Thryomanes bewickii,2026-04-20T16:55:47Z,20-Apr-2026,09:55:47,0.39,1
Bewick's Wren,Thryomanes bewickii,2026-04-20T16:55:42Z,20-Apr-2026,09:55:42,0.41,1
Bewick's Wren,Thryomanes bewickii,2026-04-20T16:55:24Z,20-Apr-2026,09:55:24,0.78,1
Bewick's Wren,Thryomanes bewickii,2026-04-20T16:55:04Z,20-Apr-2026,09:55:04,0.63,1
Bewick's Wren,Thryomanes bewickii,2026-04-20T16:54:43Z,20-Apr-2026,09:54:43,0.62,1
Black-capped Chickadee,Poecile atricapillus,2026-04-20T16:53:43Z,20-Apr-2026,09:53:43,0.31,1
Red-breasted Nuthatch,Sitta canadensis,2026-04-20T16:52:29Z,20-Apr-2026,09:52:29,0.33,1
American Robin,Turdus migratorius,2026-04-20T16:47:05Z,20-Apr-2026,09:47:05,0.7,1
American Robin,Turdus migratorius,2026-04-20T16:46:36Z,20-Apr-2026,09:46:36,0.8,3
American Robin,Turdus migratorius,2026-04-20T16:43:56Z,20-Apr-2026,09:43:56,0.8314,1
House Finch,Haemorhous mexicanus,2026-04-20T16:39:22Z,20-Apr-2026,09:39:22,0.7804,1
Bewick's Wren,Thryomanes bewickii,2026-04-20T16:38:45Z,20-Apr-2026,09:38:45,0.29,1
Bewick's Wren,Thryomanes bewickii,2026-04-20T16:38:21Z,20-Apr-2026,09:38:21,0.38,1
Song Sparrow,Melospiza melodia,2026-04-20T16:36:19Z,20-Apr-2026,09:36:19,0.8627,1
Chestnut-backed Chickadee,Poecile rufescens,2026-04-20T16:35:21Z,20-Apr-2026,09:35:21,0.62,1
Bewick's Wren,Thryomanes bewickii,2026-04-20T16:34:54Z,20-Apr-2026,09:34:54,0.3,1
Chestnut-backed Chickadee,Poecile rufescens,2026-04-20T16:34:32Z,20-Apr-2026,09:34:32,0.898,4
Chestnut-backed Chickadee,Poecile rufescens,2026-04-20T16:33:29Z,20-Apr-2026,09:33:29,0.9098,1
Dark-eyed Junco,Junco hyemalis,2026-04-20T16:31:08Z,20-Apr-2026,09:31:08,0.3,1
Black-capped Chickadee,Poecile atricapillus,2026-04-20T16:29:50Z,20-Apr-2026,09:29:50,0.36,1
Black-capped Chickadee,Poecile atricapillus,2026-04-20T16:29:46Z,20-Apr-2026,09:29:46,0.898,1
Bewick's Wren,Thryomanes bewickii,2026-04-20T16:28:14Z,20-Apr-2026,09:28:14,0.4,1
House Finch,Haemorhous mexicanus,2026-04-20T16:26:52Z,20-Apr-2026,09:26:52,0.9176,1
American Robin,Turdus migratorius,2026-04-20T16:22:45Z,20-Apr-2026,09:22:45,0.36,1
House Finch,Haemorhous mexicanus,2026-04-20T16:20:07Z,20-Apr-2026,09:20:07,0.3,1
House Finch,Haemorhous mexicanus,2026-04-20T16:19:32Z,20-Apr-2026,09:19:32,0.8863,8
Song Sparrow,Melospiza melodia,2026-04-20T16:19:27Z,20-Apr-2026,09:19:27,0.8,1
American Robin,Turdus migratorius,2026-04-20T16:18:52Z,20-Apr-2026,09:18:52,0.7804,2
House Finch,Haemorhous mexicanus,2026-04-20T16:18:31Z,20-Apr-2026,09:18:31,0.55,1
House Finch,Haemorhous mexicanus,2026-04-20T16:18:22Z,20-Apr-2026,09:18:22,0.8471,4
House Finch,Haemorhous mexicanus,2026-04-20T16:17:44Z,20-Apr-2026,09:17:44,0.34,1
House Finch,Haemorhous mexicanus,2026-04-20T16:17:06Z,20-Apr-2026,09:17:06,0.34,1
House Finch,Haemorhous mexicanus,2026-04-20T16:16:48Z,20-Apr-2026,09:16:48,0.8745,1
American Robin,Turdus migratorius,2026-04-20T16:16:27Z,20-Apr-2026,09:16:27,0.45,1
House Finch,Haemorhous mexicanus,2026-04-20T16:16:01Z,20-Apr-2026,09:16:01,0.4,1
American Robin,Turdus migratorius,2026-04-20T16:15:50Z,20-Apr-2026,09:15:50,0.8627,2
Black-capped Chickadee,Poecile atricapillus,2026-04-20T16:15:23Z,20-Apr-2026,09:15:23,0.53,1
Chestnut-backed Chickadee,Poecile rufescens,2026-04-20T16:15:15Z,20-Apr-2026,09:15:15,0.47,1
Chestnut-backed Chickadee,Poecile rufescens,2026-04-20T16:15:03Z,20-Apr-2026,09:15:03,0.9686,2
Chestnut-backed Chickadee,Poecile rufescens,2026-04-20T16:14:49Z,20-Apr-2026,09:14:49,0.41,1
Chestnut-backed Chickadee,Poecile rufescens,2026-04-20T16:13:46Z,20-Apr-2026,09:13:46,0.66,1
Chestnut-backed Chickadee,Poecile rufescens,2026-04-20T16:13:42Z,20-Apr-2026,09:13:42,0.8314,6
Chestnut-backed Chickadee,Poecile rufescens,2026-04-20T16:13:31Z,20-Apr-2026,09:13:31,0.41,1
American Robin,Turdus migratorius,2026-04-20T16:13:06Z,20-Apr-2026,09:13:06,0.35,1
American Robin,Turdus migratorius,2026-04-20T16:12:52Z,20-Apr-2026,09:12:52,0.35,1
Chestnut-backed Chickadee,Poecile rufescens,2026-04-20T16:12:24Z,20-Apr-2026,09:12:24,0.9647,6
American Robin,Turdus migratorius,2026-04-20T16:11:58Z,20-Apr-2026,09:11:58,0.8745,3
Chestnut-backed Chickadee,Poecile rufescens,2026-04-20T16:11:39Z,20-Apr-2026,09:11:39,0.46,1
Chestnut-backed Chickadee,Poecile rufescens,2026-04-20T16:11:12Z,20-Apr-2026,09:11:12,0.9412,1
Chestnut-backed Chickadee,Poecile rufescens,2026-04-20T16:11:05Z,20-Apr-2026,09:11:05,0.31,1
American Robin,Turdus migratorius,2026-04-20T16:10:57Z,20-Apr-2026,09:10:57,0.8471,1
Chestnut-backed Chickadee,Poecile rufescens,2026-04-20T16:10:29Z,20-Apr-2026,09:10:29,0.27,1
American Robin,Turdus migratorius,2026-04-20T16:10:16Z,20-Apr-2026,09:10:16,0.31,1
Chestnut-backed Chickadee,Poecile rufescens,2026-04-20T16:10:08Z,20-Apr-2026,09:10:08,0.49,1
American Robin,Turdus migratorius,2026-04-20T16:09:53Z,20-Apr-2026,09:09:53,0.9098,2
American Robin,Turdus migratorius,2026-04-20T16:09:48Z,20-Apr-2026,09:09:48,0.31,1
House Finch,Haemorhous mexicanus,2026-04-20T16:09:34Z,20-Apr-2026,09:09:34,0.8157,1
Chestnut-backed Chickadee,Poecile rufescens,2026-04-20T16:08:54Z,20-Apr-2026,09:08:54,0.8471,13
Chestnut-backed Chickadee,Poecile rufescens,2026-04-20T16:08:47Z,20-Apr-2026,09:08:47,0.34,1
American Robin,Turdus migratorius,2026-04-20T16:08:43Z,20-Apr-2026,09:08:43,0.8157,1
Chestnut-backed Chickadee,Poecile rufescens,2026-04-20T16:08:33Z,20-Apr-2026,09:08:33,0.51,1
American Robin,Turdus migratorius,2026-04-20T16:08:02Z,20-Apr-2026,09:08:02,0.37,1
Chestnut-backed Chickadee,Poecile rufescens,2026-04-20T16:07:55Z,20-Apr-2026,09:07:55,0.33,1
Chestnut-backed Chickadee,Poecile rufescens,2026-04-20T16:07:45Z,20-Apr-2026,09:07:45,0.898,13
Song Sparrow,Melospiza melodia,2026-04-20T16:07:41Z,20-Apr-2026,09:07:41,0.64,1
American Robin,Turdus migratorius,2026-04-20T16:07:34Z,20-Apr-2026,09:07:34,0.8314,1
Chestnut-backed Chickadee,Poecile rufescens,2026-04-20T16:06:44Z,20-Apr-2026,09:06:44,0.8627,3
Chestnut-backed Chickadee,Poecile rufescens,2026-04-20T16:04:56Z,20-Apr-2026,09:04:56,0.8157,1
American Crow,Corvus brachyrhynchos,2026-04-20T16:03:33Z,20-Apr-2026,09:03:33,0.8157,1
American Robin,Turdus migratorius,2026-04-20T16:01:18Z,20-Apr-2026,09:01:18,0.9176,1
American Robin,Turdus migratorius,2026-04-20T16:00:58Z,20-Apr-2026,09:00:58,0.46,1
American Robin,Turdus migratorius,2026-04-20T16:00:04Z,20-Apr-2026,09:00:04,0.7804,2
American Robin,Turdus migratorius,2026-04-20T15:58:28Z,20-Apr-2026,08:58:28,0.8,1
Bewick's Wren,Thryomanes bewickii,2026-04-20T15:56:49Z,20-Apr-2026,08:56:49,0.34,1
Bewick's Wren,Thryomanes bewickii,2026-04-20T15:54:12Z,20-Apr-2026,08:54:12,0.54,1
House Finch,Haemorhous mexicanus,2026-04-20T15:52:54Z,20-Apr-2026,08:52:54,0.8,1
Anna's Hummingbird,Calypte anna,2026-04-20T15:51:37Z,20-Apr-2026,08:51:37,0.7804,1
House Finch,Haemorhous mexicanus,2026-04-20T15:51:15Z,20-Apr-2026,08:51:15,0.8157,1
Bewick's Wren,Thryomanes bewickii,2026-04-20T15:50:47Z,20-Apr-2026,08:50:47,0.45,1
Bewick's Wren,Thryomanes bewickii,2026-04-20T15:50:32Z,20-Apr-2026,08:50:32,0.52,1
House Finch,Haemorhous mexicanus,2026-04-20T15:50:06Z,20-Apr-2026,08:50:06,0.3,1
House Finch,Haemorhous mexicanus,2026-04-20T15:49:38Z,20-Apr-2026,08:49:38,0.8,1
Chestnut-backed Chickadee,Poecile rufescens,2026-04-20T15:47:36Z,20-Apr-2026,08:47:36,0.7804,1
Golden-crowned Kinglet,Regulus satrapa,2026-04-20T15:47:06Z,20-Apr-2026,08:47:06,0.33,1
Chestnut-backed Chickadee,Poecile rufescens,2026-04-20T15:46:30Z,20-Apr-2026,08:46:30,0.9765,6
Chestnut-backed Chickadee,Poecile rufescens,2026-04-20T15:46:07Z,20-Apr-2026,08:46:07,0.4,1
Bewick's Wren,Thryomanes bewickii,2026-04-20T15:45:57Z,20-Apr-2026,08:45:57,0.35,1
Bewick's Wren,Thryomanes bewickii,2026-04-20T15:45:31Z,20-Apr-2026,08:45:31,0.3,1
Bewick's Wren,Thryomanes bewickii,2026-04-20T15:45:24Z,20-Apr-2026,08:45:24,0.35,1
Chestnut-backed Chickadee,Poecile rufescens,2026-04-20T15:45:17Z,20-Apr-2026,08:45:17,0.8863,5
Chestnut-backed Chickadee,Poecile rufescens,2026-04-20T15:43:35Z,20-Apr-2026,08:43:35,0.34,1
Chestnut-backed Chickadee,Poecile rufescens,2026-04-20T15:42:47Z,20-Apr-2026,08:42:47,0.8863,1
Bewick's Wren,Thryomanes bewickii,2026-04-20T15:42:15Z,20-Apr-2026,08:42:15,0.32,1
American Robin,Turdus migratorius,2026-04-20T15:40:03Z,20-Apr-2026,08:40:03,0.39,1
American Robin,Turdus migratorius,2026-04-20T15:38:17Z,20-Apr-2026,08:38:17,0.32,1
American Robin,Turdus migratorius,2026-04-20T15:38:13Z,20-Apr-2026,08:38:13,0.8157,2
House Finch,Haemorhous mexicanus,2026-04-20T15:37:55Z,20-Apr-2026,08:37:55,0.949,1
American Robin,Turdus migratorius,2026-04-20T15:37:04Z,20-Apr-2026,08:37:04,0.9098,2
American Robin,Turdus migratorius,2026-04-20T15:35:38Z,20-Apr-2026,08:35:38,0.8745,1
American Robin,Turdus migratorius,2026-04-20T15:34:44Z,20-Apr-2026,08:34:44,0.47,1
Red-breasted Nuthatch,Sitta canadensis,2026-04-20T15:34:29Z,20-Apr-2026,08:34:29,0.32,1
Steller's Jay,Cyanocitta stelleri,2026-04-20T15:33:31Z,20-Apr-2026,08:33:31,0.8157,1
Steller's Jay,Cyanocitta stelleri,2026-04-20T15:33:27Z,20-Apr-2026,08:33:27,0.47,1
House Finch,Haemorhous mexicanus,2026-04-20T15:32:11Z,20-Apr-2026,08:32:11,0.8,1
American Robin,Turdus migratorius,2026-04-20T15:32:03Z,20-Apr-2026,08:32:03,0.8863,1
House Finch,Haemorhous mexicanus,2026-04-20T15:30:50Z,20-Apr-2026,08:30:50,0.8,1
House Finch,Haemorhous mexicanus,2026-04-20T15:29:23Z,20-Apr-2026,08:29:23,0.898,4
House Finch,Haemorhous mexicanus,2026-04-20T15:27:48Z,20-Apr-2026,08:27:48,0.26,1
House Finch,Haemorhous mexicanus,2026-04-20T15:27:13Z,20-Apr-2026,08:27:13,0.8314,4
American Robin,Turdus migratorius,2026-04-20T15:23:25Z,20-Apr-2026,08:23:25,0.8,1
American Robin,Turdus migratorius,2026-04-20T15:23:14Z,20-Apr-2026,08:23:14,0.33,1
House Finch,Haemorhous mexicanus,2026-04-20T15:21:39Z,20-Apr-2026,08:21:39,0.8863,1
Bewick's Wren,Thryomanes bewickii,2026-04-20T15:20:46Z,20-Apr-2026,08:20:46,0.3,1
Chestnut-backed Chickadee,Poecile rufescens,2026-04-20T15:19:43Z,20-Apr-2026,08:19:43,0.4,1
Chestnut-backed Chickadee,Poecile rufescens,2026-04-20T15:19:28Z,20-Apr-2026,08:19:28,0.9725,3
American Robin,Turdus migratorius,2026-04-20T15:19:14Z,20-Apr-2026,08:19:14,0.8157,2
Chestnut-backed Chickadee,Poecile rufescens,2026-04-20T15:18:17Z,20-Apr-2026,08:18:17,0.9412,1
American Robin,Turdus migratorius,2026-04-20T15:16:06Z,20-Apr-2026,08:16:06,0.7804,1
American Robin,Turdus migratorius,2026-04-20T15:15:56Z,20-Apr-2026,08:15:56,0.5,1
Black-capped Chickadee,Poecile atricapillus,2026-04-20T15:15:37Z,20-Apr-2026,08:15:37,0.8,1
American Robin,Turdus migratorius,2026-04-20T15:13:41Z,20-Apr-2026,08:13:41,0.8471,5
American Kestrel,Falco sparverius,2026-04-20T15:13:11Z,20-Apr-2026,08:13:11,0.53,1
Chestnut-backed Chickadee,Poecile rufescens,2026-04-20T15:12:35Z,20-Apr-2026,08:12:35,0.35,1
American Robin,Turdus migratorius,2026-04-20T15:11:45Z,20-Apr-2026,08:11:45,0.36,1
American Robin,Turdus migratorius,2026-04-20T15:11:38Z,20-Apr-2026,08:11:38,0.29,1
American Robin,Turdus migratorius,2026-04-20T15:10:45Z,20-Apr-2026,08:10:45,0.37,1
American Robin,Turdus migratorius,2026-04-20T15:10:40Z,20-Apr-2026,08:10:40,0.33,1
American Robin,Turdus migratorius,2026-04-20T15:10:36Z,20-Apr-2026,08:10:36,0.8471,1
American Robin,Turdus migratorius,2026-04-20T15:10:25Z,20-Apr-2026,08:10:25,0.39,1
American Robin,Turdus migratorius,2026-04-20T15:09:20Z,20-Apr-2026,08:09:20,0.8157,2
American Robin,Turdus migratorius,2026-04-20T15:08:44Z,20-Apr-2026,08:08:44,0.28,1
American Robin,Turdus migratorius,2026-04-20T15:07:40Z,20-Apr-2026,08:07:40,0.8745,1
Bewick's Wren,Thryomanes bewickii,2026-04-20T15:07:09Z,20-Apr-2026,08:07:09,0.62,1
Bewick's Wren,Thryomanes bewickii,2026-04-20T15:07:03Z,20-Apr-2026,08:07:03,0.56,1
Bewick's Wren,Thryomanes bewickii,2026-04-20T15:06:46Z,20-Apr-2026,08:06:46,0.84,1
Bewick's Wren,Thryomanes bewickii,2026-04-20T15:06:18Z,20-Apr-2026,08:06:18,0.65,1
Black-capped Chickadee,Poecile atricapillus,2026-04-20T15:05:46Z,20-Apr-2026,08:05:46,0.33,1
Black-capped Chickadee,Poecile atricapillus,2026-04-20T15:05:05Z,20-Apr-2026,08:05:05,0.34,1
Steller's Jay,Cyanocitta stelleri,2026-04-20T15:04:38Z,20-Apr-2026,08:04:38,0.79,1
Steller's Jay,Cyanocitta stelleri,2026-04-20T15:03:48Z,20-Apr-2026,08:03:48,0.8,1
Black-capped Chickadee,Poecile atricapillus,2026-04-20T15:03:41Z,20-Apr-2026,08:03:41,0.37,1
House Finch,Haemorhous mexicanus,2026-04-20T14:58:24Z,20-Apr-2026,07:58:24,0.49,1
Downy Woodpecker,Dryobates pubescens,2026-04-20T14:58:07Z,20-Apr-2026,07:58:07,0.35,1
American Robin,Turdus migratorius,2026-04-20T14:57:45Z,20-Apr-2026,07:57:45,0.36,1
American Robin,Turdus migratorius,2026-04-20T14:53:04Z,20-Apr-2026,07:53:04,0.42,1
House Finch,Haemorhous mexicanus,2026-04-20T14:52:45Z,20-Apr-2026,07:52:45,0.8471,1
American Robin,Turdus migratorius,2026-04-20T14:52:35Z,20-Apr-2026,07:52:35,0.46,1
American Robin,Turdus migratorius,2026-04-20T14:51:52Z,20-Apr-2026,07:51:52,0.8471,1
American Robin,Turdus migratorius,2026-04-20T14:48:39Z,20-Apr-2026,07:48:39,0.47,1
American Robin,Turdus migratorius,2026-04-20T14:48:13Z,20-Apr-2026,07:48:13,0.8471,6
House Finch,Haemorhous mexicanus,2026-04-20T14:48:05Z,20-Apr-2026,07:48:05,0.31,1
American Robin,Turdus migratorius,2026-04-20T14:47:45Z,20-Apr-2026,07:47:45,0.62,1
American Robin,Turdus migratorius,2026-04-20T14:47:35Z,20-Apr-2026,07:47:35,0.35,1
American Robin,Turdus migratorius,2026-04-20T14:47:21Z,20-Apr-2026,07:47:21,0.51,1
American Robin,Turdus migratorius,2026-04-20T14:47:03Z,20-Apr-2026,07:47:03,0.8471,5
American Robin,Turdus migratorius,2026-04-20T14:46:55Z,20-Apr-2026,07:46:55,0.38,1
American Robin,Turdus migratorius,2026-04-20T14:46:41Z,20-Apr-2026,07:46:41,0.48,1
American Robin,Turdus migratorius,2026-04-20T14:45:53Z,20-Apr-2026,07:45:53,0.7804,10
American Robin,Turdus migratorius,2026-04-20T14:44:32Z,20-Apr-2026,07:44:32,0.29,1
American Robin,Turdus migratorius,2026-04-20T14:44:08Z,20-Apr-2026,07:44:08,0.8863,1
House Finch,Haemorhous mexicanus,2026-04-20T14:43:33Z,20-Apr-2026,07:43:33,0.27,1
Bewick's Wren,Thryomanes bewickii,2026-04-20T14:41:57Z,20-Apr-2026,07:41:57,0.45,1
Downy Woodpecker,Dryobates pubescens,2026-04-20T14:41:32Z,20-Apr-2026,07:41:32,0.7804,1
Golden-crowned Kinglet,Regulus satrapa,2026-04-20T14:39:38Z,20-Apr-2026,07:39:38,0.41,1
Golden-crowned Kinglet,Regulus satrapa,2026-04-20T14:39:30Z,20-Apr-2026,07:39:30,0.62,1
Golden-crowned Kinglet,Regulus satrapa,2026-04-20T14:39:14Z,20-Apr-2026,07:39:14,0.7,1
Golden-crowned Kinglet,Regulus satrapa,2026-04-20T14:39:07Z,20-Apr-2026,07:39:07,0.36,1
Anna's Hummingbird,Calypte anna,2026-04-20T14:39:03Z,20-Apr-2026,07:39:03,0.9922,1
Bewick's Wren,Thryomanes bewickii,2026-04-20T14:37:51Z,20-Apr-2026,07:37:51,0.26,1
Bewick's Wren,Thryomanes bewickii,2026-04-20T14:37:17Z,20-Apr-2026,07:37:17,0.67,1
Bewick's Wren,Thryomanes bewickii,2026-04-20T14:37:10Z,20-Apr-2026,07:37:10,0.8,1
Bewick's Wren,Thryomanes bewickii,2026-04-20T14:36:57Z,20-Apr-2026,07:36:57,0.62,1
Bewick's Wren,Thryomanes bewickii,2026-04-20T14:36:24Z,20-Apr-2026,07:36:24,0.55,1
House Finch,Haemorhous mexicanus,2026-04-20T14:35:00Z,20-Apr-2026,07:35:00,0.27,1
Cooper's Hawk,Accipiter cooperii,2026-04-20T14:34:35Z,20-Apr-2026,07:34:35,0.26,1
Steller's Jay,Cyanocitta stelleri,2026-04-20T14:34:20Z,20-Apr-2026,07:34:20,0.6,1
House Finch,Haemorhous mexicanus,2026-04-20T14:34:03Z,20-Apr-2026,07:34:03,0.8471,1
Bewick's Wren,Thryomanes bewickii,2026-04-20T14:29:46Z,20-Apr-2026,07:29:46,0.51,1
Bewick's Wren,Thryomanes bewickii,2026-04-20T14:29:16Z,20-Apr-2026,07:29:16,0.26,1
Bewick's Wren,Thryomanes bewickii,2026-04-20T14:29:09Z,20-Apr-2026,07:29:09,0.28,1
House Finch,Haemorhous mexicanus,2026-04-20T14:24:36Z,20-Apr-2026,07:24:36,0.8,1
Anna's Hummingbird,Calypte anna,2026-04-20T14:22:46Z,20-Apr-2026,07:22:46,0.8,1
American Robin,Turdus migratorius,2026-04-20T14:17:39Z,20-Apr-2026,07:17:39,0.7804,1
American Robin,Turdus migratorius,2026-04-20T14:16:33Z,20-Apr-2026,07:16:33,0.31,1
American Robin,Turdus migratorius,2026-04-20T14:16:19Z,20-Apr-2026,07:16:19,0.45,1
American Robin,Turdus migratorius,2026-04-20T14:16:08Z,20-Apr-2026,07:16:08,0.8471,5
American Robin,Turdus migratorius,2026-04-20T14:15:42Z,20-Apr-2026,07:15:42,0.43,1
American Robin,Turdus migratorius,2026-04-20T14:15:05Z,20-Apr-2026,07:15:05,0.38,1
American Robin,Turdus migratorius,2026-04-20T14:14:57Z,20-Apr-2026,07:14:57,0.8,3
American Robin,Turdus migratorius,2026-04-20T14:13:54Z,20-Apr-2026,07:13:54,0.8627,2
American Robin,Turdus migratorius,2026-04-20T14:13:50Z,20-Apr-2026,07:13:50,0.36,1
American Robin,Turdus migratorius,2026-04-20T14:13:42Z,20-Apr-2026,07:13:42,0.29,1
American Robin,Turdus migratorius,2026-04-20T14:13:31Z,20-Apr-2026,07:13:31,0.35,1
American Robin,Turdus migratorius,2026-04-20T14:12:58Z,20-Apr-2026,07:12:58,0.29,1
American Robin,Turdus migratorius,2026-04-20T14:12:22Z,20-Apr-2026,07:12:22,0.8863,4
American Robin,Turdus migratorius,2026-04-20T14:10:39Z,20-Apr-2026,07:10:39,0.8,1
American Robin,Turdus migratorius,2026-04-20T14:10:32Z,20-Apr-2026,07:10:32,0.43,1
Chestnut-backed Chickadee,Poecile rufescens,2026-04-20T14:07:11Z,20-Apr-2026,07:07:11,0.32,1
Chestnut-backed Chickadee,Poecile rufescens,2026-04-20T14:07:07Z,20-Apr-2026,07:07:07,0.9843,11
House Finch,Haemorhous mexicanus,2026-04-20T14:06:57Z,20-Apr-2026,07:06:57,0.7804,1
Chestnut-backed Chickadee,Poecile rufescens,2026-04-20T14:06:45Z,20-Apr-2026,07:06:45,0.35,1
Anna's Hummingbird,Calypte anna,2026-04-20T14:06:08Z,20-Apr-2026,07:06:08,0.949,1
Chestnut-backed Chickadee,Poecile rufescens,2026-04-20T14:06:03Z,20-Apr-2026,07:06:03,0.9725,14
Chestnut-backed Chickadee,Poecile rufescens,2026-04-20T14:05:02Z,20-Apr-2026,07:05:02,0.9098,1
Fox Sparrow,Passerella iliaca,2026-04-20T14:04:47Z,20-Apr-2026,07:04:47,0.34,1
Black-capped Chickadee,Poecile atricapillus,2026-04-20T14:04:02Z,20-Apr-2026,07:04:02,0.8157,1
Golden-crowned Sparrow,Zonotrichia atricapilla,2026-04-20T14:02:55Z,20-Apr-2026,07:02:55,0.54,1
Black-capped Chickadee,Poecile atricapillus,2026-04-20T14:02:05Z,20-Apr-2026,07:02:05,0.8627,3
Bewick's Wren,Thryomanes bewickii,2026-04-20T14:01:09Z,20-Apr-2026,07:01:09,0.49,1
Black-capped Chickadee,Poecile atricapillus,2026-04-20T14:00:47Z,20-Apr-2026,07:00:47,0.32,1
Black-capped Chickadee,Poecile atricapillus,2026-04-20T14:00:36Z,20-Apr-2026,07:00:36,0.8314,1
American Goldfinch,Spinus tristis,2026-04-20T14:00:17Z,20-Apr-2026,07:00:17,0.8745,1
House Finch,Haemorhous mexicanus,2026-04-20T14:00:04Z,20-Apr-2026,07:00:04,0.26,1
Bewick's Wren,Thryomanes bewickii,2026-04-20T13:59:49Z,20-Apr-2026,06:59:49,0.88,1
White-crowned Sparrow,Zonotrichia leucophrys,2026-04-20T13:59:07Z,20-Apr-2026,06:59:07,0.36,1
Chestnut-backed Chickadee,Poecile rufescens,2026-04-20T13:58:20Z,20-Apr-2026,06:58:20,0.8,7
Bewick's Wren,Thryomanes bewickii,2026-04-20T13:57:31Z,20-Apr-2026,06:57:31,0.37,1
Chestnut-backed Chickadee,Poecile rufescens,2026-04-20T13:57:15Z,20-Apr-2026,06:57:15,0.9176,7
Chestnut-backed Chickadee,Poecile rufescens,2026-04-20T13:57:01Z,20-Apr-2026,06:57:01,0.26,1
Chestnut-backed Chickadee,Poecile rufescens,2026-04-20T13:56:54Z,20-Apr-2026,06:56:54,0.63,1
Chestnut-backed Chickadee,Poecile rufescens,2026-04-20T13:56:32Z,20-Apr-2026,06:56:32,0.31,1
Chestnut-backed Chickadee,Poecile rufescens,2026-04-20T13:55:53Z,20-Apr-2026,06:55:53,0.8314,7
Black-capped Chickadee,Poecile atricapillus,2026-04-20T13:55:23Z,20-Apr-2026,06:55:23,0.8,3
Black-capped Chickadee,Poecile atricapillus,2026-04-20T13:55:16Z,20-Apr-2026,06:55:16,0.45,1
Mountain Chickadee,Poecile gambeli,2026-04-20T13:54:53Z,20-Apr-2026,06:54:53,0.5,1
Chestnut-backed Chickadee,Poecile rufescens,2026-04-20T13:54:45Z,20-Apr-2026,06:54:45,0.8314,6
Chestnut-backed Chickadee,Poecile rufescens,2026-04-20T13:54:28Z,20-Apr-2026,06:54:28,0.77,1
Black-capped Chickadee,Poecile atricapillus,2026-04-20T13:54:14Z,20-Apr-2026,06:54:14,0.28,1
Black-capped Chickadee,Poecile atricapillus,2026-04-20T13:54:09Z,20-Apr-2026,06:54:09,0.9098,1
Black-capped Chickadee,Poecile atricapillus,2026-04-20T13:54:03Z,20-Apr-2026,06:54:03,0.48,1
Chestnut-backed Chickadee,Poecile rufescens,2026-04-20T13:53:56Z,20-Apr-2026,06:53:56,0.27,1
Chestnut-backed Chickadee,Poecile rufescens,2026-04-20T13:53:31Z,20-Apr-2026,06:53:31,0.9098,8
Chestnut-backed Chickadee,Poecile rufescens,2026-04-20T13:53:05Z,20-Apr-2026,06:53:05,0.37,1
Chestnut-backed Chickadee,Poecile rufescens,2026-04-20T13:52:30Z,20-Apr-2026,06:52:30,0.898,5
Chestnut-backed Chickadee,Poecile rufescens,2026-04-20T13:51:32Z,20-Apr-2026,06:51:32,0.64,1
Chestnut-backed Chickadee,Poecile rufescens,2026-04-20T13:51:19Z,20-Apr-2026,06:51:19,0.949,3
American Robin,Turdus migratorius,2026-04-20T13:50:18Z,20-Apr-2026,06:50:18,0.8157,1
Chestnut-backed Chickadee,Poecile rufescens,2026-04-20T13:50:08Z,20-Apr-2026,06:50:08,0.8471,3
Chestnut-backed Chickadee,Poecile rufescens,2026-04-20T13:49:04Z,20-Apr-2026,06:49:04,0.8314,10
Chestnut-backed Chickadee,Poecile rufescens,2026-04-20T13:47:49Z,20-Apr-2026,06:47:49,0.9529,14
Chestnut-backed Chickadee,Poecile rufescens,2026-04-20T13:47:42Z,20-Apr-2026,06:47:42,0.26,1
American Robin,Turdus migratorius,2026-04-20T13:46:52Z,20-Apr-2026,06:46:52,0.34,1
Chestnut-backed Chickadee,Poecile rufescens,2026-04-20T13:46:47Z,20-Apr-2026,06:46:47,0.9961,5
American Robin,Turdus migratorius,2026-04-20T13:46:14Z,20-Apr-2026,06:46:14,0.8157,2
Black-throated Gray Warbler,Setophaga nigrescens,2026-04-20T13:45:25Z,20-Apr-2026,06:45:25,0.29,1
Anna's Hummingbird,Calypte anna,2026-04-20T13:44:35Z,20-Apr-2026,06:44:35,0.9765,1
American Robin,Turdus migratorius,2026-04-20T13:44:20Z,20-Apr-2026,06:44:20,0.8863,1
Chestnut-backed Chickadee,Poecile rufescens,2026-04-20T13:42:06Z,20-Apr-2026,06:42:06,0.38,1
Chestnut-backed Chickadee,Poecile rufescens,2026-04-20T13:41:43Z,20-Apr-2026,06:41:43,0.9843,4
American Robin,Turdus migratorius,2026-04-20T13:41:04Z,20-Apr-2026,06:41:04,0.26,1
Chestnut-backed Chickadee,Poecile rufescens,2026-04-20T13:40:35Z,20-Apr-2026,06:40:35,0.8627,2
American Robin,Turdus migratorius,2026-04-20T13:40:30Z,20-Apr-2026,06:40:30,0.42,1
Chestnut-backed Chickadee,Poecile rufescens,2026-04-20T13:40:10Z,20-Apr-2026,06:40:10,0.28,1
American Robin,Turdus migratorius,2026-04-20T13:40:05Z,20-Apr-2026,06:40:05,0.8314,1
House Finch,Haemorhous mexicanus,2026-04-20T13:39:37Z,20-Apr-2026,06:39:37,0.8471,1
Chestnut-backed Chickadee,Poecile rufescens,2026-04-20T13:39:28Z,20-Apr-2026,06:39:28,0.8314,6
Chestnut-backed Chickadee,Poecile rufescens,2026-04-20T13:39:06Z,20-Apr-2026,06:39:06,0.41,1
Chestnut-backed Chickadee,Poecile rufescens,2026-04-20T13:38:42Z,20-Apr-2026,06:38:42,0.84,1
Chestnut-backed Chickadee,Poecile rufescens,2026-04-20T13:38:26Z,20-Apr-2026,06:38:26,0.8471,5
American Robin,Turdus migratorius,2026-04-20T13:38:16Z,20-Apr-2026,06:38:16,0.3,1
Chestnut-backed Chickadee,Poecile rufescens,2026-04-20T13:38:06Z,20-Apr-2026,06:38:06,0.33,1
American Robin,Turdus migratorius,2026-04-20T13:37:44Z,20-Apr-2026,06:37:44,0.47,1
House Finch,Haemorhous mexicanus,2026-04-20T13:37:38Z,20-Apr-2026,06:37:38,0.8314,2
House Finch,Haemorhous mexicanus,2026-04-20T13:37:28Z,20-Apr-2026,06:37:28,0.45,1
Chestnut-backed Chickadee,Poecile rufescens,2026-04-20T13:37:24Z,20-Apr-2026,06:37:24,0.9176,8
House Finch,Haemorhous mexicanus,2026-04-20T13:35:50Z,20-Apr-2026,06:35:50,0.9098,1
House Finch,Haemorhous mexicanus,2026-04-20T13:33:25Z,20-Apr-2026,06:33:25,0.8157,1
Chestnut-backed Chickadee,Poecile rufescens,2026-04-20T13:32:14Z,20-Apr-2026,06:32:14,0.53,1
Chestnut-backed Chickadee,Poecile rufescens,2026-04-20T13:32:10Z,20-Apr-2026,06:32:10,0.9647,16
Chestnut-backed Chickadee,Poecile rufescens,2026-04-20T13:31:08Z,20-Apr-2026,06:31:08,0.8745,1
Chestnut-backed Chickadee,Poecile rufescens,2026-04-20T13:28:31Z,20-Apr-2026,06:28:31,0.9098,5
Chestnut-backed Chickadee,Poecile rufescens,2026-04-20T13:27:05Z,20-Apr-2026,06:27:05,0.33,1
Chestnut-backed Chickadee,Poecile rufescens,2026-04-20T13:26:57Z,20-Apr-2026,06:26:57,0.8,2
Chestnut-backed Chickadee,Poecile rufescens,2026-04-20T13:26:38Z,20-Apr-2026,06:26:38,0.31,1
Golden-crowned Kinglet,Regulus satrapa,2026-04-20T13:26:31Z,20-Apr-2026,06:26:31,0.28,1
Chestnut-backed Chickadee,Poecile rufescens,2026-04-20T13:26:03Z,20-Apr-2026,06:26:03,0.28,1
Chestnut-backed Chickadee,Poecile rufescens,2026-04-20T13:25:51Z,20-Apr-2026,06:25:51,0.7804,3
Chestnut-backed Chickadee,Poecile rufescens,2026-04-20T13:24:35Z,20-Apr-2026,06:24:35,0.9412,4
Chestnut-backed Chickadee,Poecile rufescens,2026-04-20T13:24:18Z,20-Apr-2026,06:24:18,0.41,1
Chestnut-backed Chickadee,Poecile rufescens,2026-04-20T13:23:14Z,20-Apr-2026,06:23:14,0.9569,1
Chestnut-backed Chickadee,Poecile rufescens,2026-04-20T13:23:04Z,20-Apr-2026,06:23:04,0.35,1
Bewick's Wren,Thryomanes bewickii,2026-04-20T13:21:11Z,20-Apr-2026,06:21:11,0.26,1
Mountain Chickadee,Poecile gambeli,2026-04-20T13:20:23Z,20-Apr-2026,06:20:23,0.32,1
Black-capped Chickadee,Poecile atricapillus,2026-04-20T13:18:41Z,20-Apr-2026,06:18:41,0.26,1
Black-capped Chickadee,Poecile atricapillus,2026-04-20T13:17:36Z,20-Apr-2026,06:17:36,0.3,1
White-crowned Sparrow,Zonotrichia leucophrys,2026-04-20T13:17:07Z,20-Apr-2026,06:17:07,0.34,1
Black-capped Chickadee,Poecile atricapillus,2026-04-20T13:16:59Z,20-Apr-2026,06:16:59,0.28,1
Black-capped Chickadee,Poecile atricapillus,2026-04-20T13:16:32Z,20-Apr-2026,06:16:32,0.8,1
Black-capped Chickadee,Poecile atricapillus,2026-04-20T13:16:10Z,20-Apr-2026,06:16:10,0.37,1
Black-capped Chickadee,Poecile atricapillus,2026-04-20T13:16:02Z,20-Apr-2026,06:16:02,0.33,1
White-throated Sparrow,Zonotrichia albicollis,2026-04-20T13:14:44Z,20-Apr-2026,06:14:44,0.52,1
Black-capped Chickadee,Poecile atricapillus,2026-04-20T13:14:38Z,20-Apr-2026,06:14:38,0.39,1
Black-capped Chickadee,Poecile atricapillus,2026-04-20T13:14:31Z,20-Apr-2026,06:14:31,0.49,1
Black-capped Chickadee,Poecile atricapillus,2026-04-20T13:14:16Z,20-Apr-2026,06:14:16,0.39,1
Black-capped Chickadee,Poecile atricapillus,2026-04-20T13:14:10Z,20-Apr-2026,06:14:10,0.62,1
Black-capped Chickadee,Poecile atricapillus,2026-04-20T13:13:14Z,20-Apr-2026,06:13:14,0.65,1
Black-capped Chickadee,Poecile atricapillus,2026-04-20T13:13:10Z,20-Apr-2026,06:13:10,0.7804,1
Yellow-rumped Warbler,Setophaga coronata,2026-04-20T13:12:13Z,20-Apr-2026,06:12:13,0.26,1
MacGillivray's Warbler,Geothlypis tolmiei,2026-04-20T13:11:57Z,20-Apr-2026,06:11:57,0.51,1
Yellow-rumped Warbler,Setophaga coronata,2026-04-20T13:11:22Z,20-Apr-2026,06:11:22,0.43,1
White-crowned Sparrow,Zonotrichia leucophrys,2026-04-20T13:10:51Z,20-Apr-2026,06:10:51,0.47,1
Black-capped Chickadee,Poecile atricapillus,2026-04-20T13:10:44Z,20-Apr-2026,06:10:44,0.26,1
Black-capped Chickadee,Poecile atricapillus,2026-04-20T13:07:30Z,20-Apr-2026,06:07:30,0.42,1
White-crowned Sparrow,Zonotrichia leucophrys,2026-04-20T13:05:39Z,20-Apr-2026,06:05:39,0.28,1
Mountain Chickadee,Poecile gambeli,2026-04-20T12:58:54Z,20-Apr-2026,05:58:54,0.78,1
Mountain Chickadee,Poecile gambeli,2026-04-20T12:58:46Z,20-Apr-2026,05:58:46,0.48,1
Black-capped Chickadee,Poecile atricapillus,2026-04-20T12:58:08Z,20-Apr-2026,05:58:08,0.9843,2
Black-capped Chickadee,Poecile atricapillus,2026-04-20T12:58:02Z,20-Apr-2026,05:58:02,0.55,1
White-throated Sparrow,Zonotrichia albicollis,2026-04-20T12:57:54Z,20-Apr-2026,05:57:54,0.4,1
Black-capped Chickadee,Poecile atricapillus,2026-04-20T12:57:47Z,20-Apr-2026,05:57:47,0.4,1
White-throated Sparrow,Zonotrichia albicollis,2026-04-20T12:57:40Z,20-Apr-2026,05:57:40,0.8,1
Black-capped Chickadee,Poecile atricapillus,2026-04-20T12:57:32Z,20-Apr-2026,05:57:32,0.27,1
Black-capped Chickadee,Poecile atricapillus,2026-04-20T12:57:24Z,20-Apr-2026,05:57:24,0.62,1
Black-capped Chickadee,Poecile atricapillus,2026-04-20T12:57:17Z,20-Apr-2026,05:57:17,0.63,1
White-throated Sparrow,Zonotrichia albicollis,2026-04-20T12:57:10Z,20-Apr-2026,05:57:10,0.86,1
Black-capped Chickadee,Poecile atricapillus,2026-04-20T12:57:03Z,20-Apr-2026,05:57:03,0.38,1
Black-capped Chickadee,Poecile atricapillus,2026-04-20T12:56:29Z,20-Apr-2026,05:56:29,0.62,1
White-throated Sparrow,Zonotrichia albicollis,2026-04-20T12:56:11Z,20-Apr-2026,05:56:11,0.86,1
Black-capped Chickadee,Poecile atricapillus,2026-04-20T12:56:04Z,20-Apr-2026,05:56:04,0.61,1
White-throated Sparrow,Zonotrichia albicollis,2026-04-20T12:55:54Z,20-Apr-2026,05:55:54,0.86,1
White-throated Sparrow,Zonotrichia albicollis,2026-04-20T12:55:46Z,20-Apr-2026,05:55:46,0.76,1
Black-capped Chickadee,Poecile atricapillus,2026-04-20T12:55:40Z,20-Apr-2026,05:55:40,0.49,1
Black-capped Chickadee,Poecile atricapillus,2026-04-20T12:55:35Z,20-Apr-2026,05:55:35,0.9804,1
White-throated Sparrow,Zonotrichia albicollis,2026-04-20T12:55:02Z,20-Apr-2026,05:55:02,0.61,1
Bewick's Wren,Thryomanes bewickii,2026-04-20T12:54:47Z,20-Apr-2026,05:54:47,0.4,1
Bewick's Wren,Thryomanes bewickii,2026-04-20T12:54:26Z,20-Apr-2026,05:54:26,0.62,1
White-throated Sparrow,Zonotrichia albicollis,2026-04-20T12:54:18Z,20-Apr-2026,05:54:18,0.54,1
Black-capped Chickadee,Poecile atricapillus,2026-04-20T12:54:13Z,20-Apr-2026,05:54:13,0.8627,1
Bewick's Wren,Thryomanes bewickii,2026-04-20T12:54:07Z,20-Apr-2026,05:54:07,0.86,1
White-throated Sparrow,Zonotrichia albicollis,2026-04-20T12:53:46Z,20-Apr-2026,05:53:46,0.38,1
Bewick's Wren,Thryomanes bewickii,2026-04-20T12:53:37Z,20-Apr-2026,05:53:37,0.98,1
Bewick's Wren,Thryomanes bewickii,2026-04-20T12:53:30Z,20-Apr-2026,05:53:30,0.95,1
Bewick's Wren,Thryomanes bewickii,2026-04-20T12:53:23Z,20-Apr-2026,05:53:23,0.9,1
Bewick's Wren,Thryomanes bewickii,2026-04-20T12:53:15Z,20-Apr-2026,05:53:15,0.98,1
Black-capped Chickadee,Poecile atricapillus,2026-04-20T12:53:08Z,20-Apr-2026,05:53:08,0.36,1
Bewick's Wren,Thryomanes bewickii,2026-04-20T12:52:54Z,20-Apr-2026,05:52:54,0.99,1
Bewick's Wren,Thryomanes bewickii,2026-04-20T12:52:32Z,20-Apr-2026,05:52:32,0.99,1
Bewick's Wren,Thryomanes bewickii,2026-04-20T12:52:24Z,20-Apr-2026,05:52:24,0.97,1
Bewick's Wren,Thryomanes bewickii,2026-04-20T12:52:13Z,20-Apr-2026,05:52:13,0.97,1
Bewick's Wren,Thryomanes bewickii,2026-04-20T12:52:06Z,20-Apr-2026,05:52:06,0.97,1
Black-capped Chickadee,Poecile atricapillus,2026-04-20T12:52:02Z,20-Apr-2026,05:52:02,0.8314,1
Bewick's Wren,Thryomanes bewickii,2026-04-20T12:51:57Z,20-Apr-2026,05:51:57,0.86,1
Red-breasted Nuthatch,Sitta canadensis,2026-04-20T12:51:50Z,20-Apr-2026,05:51:50,0.66,1
Black-capped Chickadee,Poecile atricapillus,2026-04-20T12:51:42Z,20-Apr-2026,05:51:42,0.49,1
Bewick's Wren,Thryomanes bewickii,2026-04-20T12:51:35Z,20-Apr-2026,05:51:35,0.97,1
Red-breasted Nuthatch,Sitta canadensis,2026-04-20T12:51:27Z,20-Apr-2026,05:51:27,0.74,1
Bewick's Wren,Thryomanes bewickii,2026-04-20T12:51:19Z,20-Apr-2026,05:51:19,0.99,1
Red-breasted Nuthatch,Sitta canadensis,2026-04-20T12:51:11Z,20-Apr-2026,05:51:11,0.81,1
Bewick's Wren,Thryomanes bewickii,2026-04-20T12:51:04Z,20-Apr-2026,05:51:04,0.44,1
Red-breasted Nuthatch,Sitta canadensis,2026-04-20T12:50:56Z,20-Apr-2026,05:50:56,0.61,1
Bewick's Wren,Thryomanes bewickii,2026-04-20T12:50:49Z,20-Apr-2026,05:50:49,0.99,1
Bewick's Wren,Thryomanes bewickii,2026-04-20T12:50:41Z,20-Apr-2026,05:50:41,0.68,1
Bewick's Wren,Thryomanes bewickii,2026-04-20T12:50:33Z,20-Apr-2026,05:50:33,0.68,1
Bewick's Wren,Thryomanes bewickii,2026-04-20T12:50:26Z,20-Apr-2026,05:50:26,0.38,1
Red-breasted Nuthatch,Sitta canadensis,2026-04-20T12:50:19Z,20-Apr-2026,05:50:19,0.49,1
Bewick's Wren,Thryomanes bewickii,2026-04-20T12:50:12Z,20-Apr-2026,05:50:12,0.99,1
Bewick's Wren,Thryomanes bewickii,2026-04-20T12:50:04Z,20-Apr-2026,05:50:04,0.65,1
Bewick's Wren,Thryomanes bewickii,2026-04-20T12:49:56Z,20-Apr-2026,05:49:56,0.87,1
Bewick's Wren,Thryomanes bewickii,2026-04-20T12:49:49Z,20-Apr-2026,05:49:49,0.88,1
Red-breasted Nuthatch,Sitta canadensis,2026-04-20T12:49:39Z,20-Apr-2026,05:49:39,0.69,1
Bewick's Wren,Thryomanes bewickii,2026-04-20T12:49:31Z,20-Apr-2026,05:49:31,0.97,1
Bewick's Wren,Thryomanes bewickii,2026-04-20T12:49:25Z,20-Apr-2026,05:49:25,0.96,1
Bewick's Wren,Thryomanes bewickii,2026-04-20T12:49:18Z,20-Apr-2026,05:49:18,0.96,1
Bewick's Wren,Thryomanes bewickii,2026-04-20T12:49:10Z,20-Apr-2026,05:49:10,0.73,1
Bewick's Wren,Thryomanes bewickii,2026-04-20T12:49:02Z,20-Apr-2026,05:49:02,0.9,1
Bewick's Wren,Thryomanes bewickii,2026-04-20T12:48:40Z,20-Apr-2026,05:48:40,0.88,1
Bewick's Wren,Thryomanes bewickii,2026-04-20T12:48:32Z,20-Apr-2026,05:48:32,0.99,1
Bewick's Wren,Thryomanes bewickii,2026-04-20T12:48:22Z,20-Apr-2026,05:48:22,0.99,1
Bewick's Wren,Thryomanes bewickii,2026-04-20T12:47:53Z,20-Apr-2026,05:47:53,0.56,1
Bewick's Wren,Thryomanes bewickii,2026-04-20T12:47:45Z,20-Apr-2026,05:47:45,0.36,1
Bewick's Wren,Thryomanes bewickii,2026-04-20T12:47:38Z,20-Apr-2026,05:47:38,0.98,1
Bewick's Wren,Thryomanes bewickii,2026-04-20T12:47:31Z,20-Apr-2026,05:47:31,0.86,1
Bewick's Wren,Thryomanes bewickii,2026-04-20T12:47:23Z,20-Apr-2026,05:47:23,0.42,1
Bewick's Wren,Thryomanes bewickii,2026-04-20T12:47:16Z,20-Apr-2026,05:47:16,0.79,1
Bewick's Wren,Thryomanes bewickii,2026-04-20T12:47:09Z,20-Apr-2026,05:47:09,0.77,1
Bewick's Wren,Thryomanes bewickii,2026-04-20T12:47:02Z,20-Apr-2026,05:47:02,0.64,1
Bewick's Wren,Thryomanes bewickii,2026-04-20T12:46:51Z,20-Apr-2026,05:46:51,0.74,1
Bewick's Wren,Thryomanes bewickii,2026-04-20T12:46:37Z,20-Apr-2026,05:46:37,0.8,1
Bewick's Wren,Thryomanes bewickii,2026-04-20T12:46:30Z,20-Apr-2026,05:46:30,0.77,1
Bewick's Wren,Thryomanes bewickii,2026-04-20T12:46:23Z,20-Apr-2026,05:46:23,0.64,1
Bewick's Wren,Thryomanes bewickii,2026-04-20T12:45:53Z,20-Apr-2026,05:45:53,0.52,1
Bewick's Wren,Thryomanes bewickii,2026-04-20T12:45:45Z,20-Apr-2026,05:45:45,0.5,1
Bewick's Wren,Thryomanes bewickii,2026-04-20T12:45:39Z,20-Apr-2026,05:45:39,0.76,1
Bewick's Wren,Thryomanes bewickii,2026-04-20T12:45:24Z,20-Apr-2026,05:45:24,0.78,1
Bewick's Wren,Thryomanes bewickii,2026-04-20T12:45:17Z,20-Apr-2026,05:45:17,0.56,1
Bewick's Wren,Thryomanes bewickii,2026-04-20T12:45:02Z,20-Apr-2026,05:45:02,0.83,1
Bewick's Wren,Thryomanes bewickii,2026-04-20T12:44:54Z,20-Apr-2026,05:44:54,0.44,1
Bewick's Wren,Thryomanes bewickii,2026-04-20T12:44:46Z,20-Apr-2026,05:44:46,0.54,1
Bewick's Wren,Thryomanes bewickii,2026-04-20T12:44:35Z,20-Apr-2026,05:44:35,0.96,1
Bewick's Wren,Thryomanes bewickii,2026-04-20T12:44:21Z,20-Apr-2026,05:44:21,0.74,1
Bewick's Wren,Thryomanes bewickii,2026-04-20T12:44:14Z,20-Apr-2026,05:44:14,0.88,1
Bewick's Wren,Thryomanes bewickii,2026-04-20T12:44:06Z,20-Apr-2026,05:44:06,0.96,1
Bewick's Wren,Thryomanes bewickii,2026-04-20T12:44:01Z,20-Apr-2026,05:44:01,0.43,1
Bewick's Wren,Thryomanes bewickii,2026-04-20T12:43:54Z,20-Apr-2026,05:43:54,0.94,1
Bewick's Wren,Thryomanes bewickii,2026-04-20T12:43:45Z,20-Apr-2026,05:43:45,0.85,1
American Robin,Turdus migratorius,2026-04-20T12:43:31Z,20-Apr-2026,05:43:31,0.36,1
American Robin,Turdus migratorius,2026-04-20T12:43:24Z,20-Apr-2026,05:43:24,0.35,1
American Robin,Turdus migratorius,2026-04-20T12:43:16Z,20-Apr-2026,05:43:16,0.74,1
Bewick's Wren,Thryomanes bewickii,2026-04-20T12:42:48Z,20-Apr-2026,05:42:48,0.79,1
Bewick's Wren,Thryomanes bewickii,2026-04-20T12:42:40Z,20-Apr-2026,05:42:40,0.73,1
Bewick's Wren,Thryomanes bewickii,2026-04-20T12:42:32Z,20-Apr-2026,05:42:32,0.4,1
Bewick's Wren,Thryomanes bewickii,2026-04-20T12:42:24Z,20-Apr-2026,05:42:24,0.9,1
Bewick's Wren,Thryomanes bewickii,2026-04-20T12:42:16Z,20-Apr-2026,05:42:16,0.79,1
Bewick's Wren,Thryomanes bewickii,2026-04-20T12:42:09Z,20-Apr-2026,05:42:09,0.61,1
Bewick's Wren,Thryomanes bewickii,2026-04-20T12:42:02Z,20-Apr-2026,05:42:02,0.63,1
Bewick's Wren,Thryomanes bewickii,2026-04-20T12:41:54Z,20-Apr-2026,05:41:54,0.57,1
American Robin,Turdus migratorius,2026-04-20T12:41:47Z,20-Apr-2026,05:41:47,0.8,1
American Robin,Turdus migratorius,2026-04-20T12:41:39Z,20-Apr-2026,05:41:39,0.55,1
Bewick's Wren,Thryomanes bewickii,2026-04-20T12:41:31Z,20-Apr-2026,05:41:31,0.78,1
Bewick's Wren,Thryomanes bewickii,2026-04-20T12:41:24Z,20-Apr-2026,05:41:24,0.69,1
Bewick's Wren,Thryomanes bewickii,2026-04-20T12:41:12Z,20-Apr-2026,05:41:12,0.28,1
American Robin,Turdus migratorius,2026-04-20T12:41:05Z,20-Apr-2026,05:41:05,0.33,1
Bewick's Wren,Thryomanes bewickii,2026-04-20T12:40:58Z,20-Apr-2026,05:40:58,0.38,1
American Robin,Turdus migratorius,2026-04-20T12:40:50Z,20-Apr-2026,05:40:50,0.41,1
American Robin,Turdus migratorius,2026-04-20T12:40:45Z,20-Apr-2026,05:40:45,0.9176,1
Bewick's Wren,Thryomanes bewickii,2026-04-20T12:40:33Z,20-Apr-2026,05:40:33,0.95,1
Bewick's Wren,Thryomanes bewickii,2026-04-20T12:40:19Z,20-Apr-2026,05:40:19,0.82,1
Bewick's Wren,Thryomanes bewickii,2026-04-20T12:40:13Z,20-Apr-2026,05:40:13,0.9,1
Bewick's Wren,Thryomanes bewickii,2026-04-20T12:40:00Z,20-Apr-2026,05:40:00,0.58,1
Bewick's Wren,Thryomanes bewickii,2026-04-20T12:39:53Z,20-Apr-2026,05:39:53,0.94,1
Bewick's Wren,Thryomanes bewickii,2026-04-20T12:39:46Z,20-Apr-2026,05:39:46,0.93,1
Bewick's Wren,Thryomanes bewickii,2026-04-20T12:39:31Z,20-Apr-2026,05:39:31,0.55,1
Bewick's Wren,Thryomanes bewickii,2026-04-20T12:39:25Z,20-Apr-2026,05:39:25,0.6,1
MacGillivray's Warbler,Geothlypis tolmiei,2026-04-20T12:39:18Z,20-Apr-2026,05:39:18,0.44,1
Bewick's Wren,Thryomanes bewickii,2026-04-20T12:38:56Z,20-Apr-2026,05:38:56,0.78,1
Bewick's Wren,Thryomanes bewickii,2026-04-20T12:38:35Z,20-Apr-2026,05:38:35,0.77,1
Bewick's Wren,Thryomanes bewickii,2026-04-20T12:38:28Z,20-Apr-2026,05:38:28,0.52,1
Bewick's Wren,Thryomanes bewickii,2026-04-20T12:38:21Z,20-Apr-2026,05:38:21,0.93,1
Bewick's Wren,Thryomanes bewickii,2026-04-20T12:38:00Z,20-Apr-2026,05:38:00,0.97,1
MacGillivray's Warbler,Geothlypis tolmiei,2026-04-20T12:37:55Z,20-Apr-2026,05:37:55,0.36,1
Bewick's Wren,Thryomanes bewickii,2026-04-20T12:37:47Z,20-Apr-2026,05:37:47,0.9,1
Bewick's Wren,Thryomanes bewickii,2026-04-20T12:37:40Z,20-Apr-2026,05:37:40,0.95,1
Pacific-slope Flycatcher,Empidonax difficilis,2026-04-20T12:37:33Z,20-Apr-2026,05:37:33,0.28,1
Bewick's Wren,Thryomanes bewickii,2026-04-20T12:37:26Z,20-Apr-2026,05:37:26,0.91,1
Bewick's Wren,Thryomanes bewickii,2026-04-20T12:37:18Z,20-Apr-2026,05:37:18,0.97,1
MacGillivray's Warbler,Geothlypis tolmiei,2026-04-20T12:37:11Z,20-Apr-2026,05:37:11,0.44,1
Bewick's Wren,Thryomanes bewickii,2026-04-20T12:36:50Z,20-Apr-2026,05:36:50,0.98,1
Bewick's Wren,Thryomanes bewickii,2026-04-20T12:36:40Z,20-Apr-2026,05:36:40,0.55,1
Bewick's Wren,Thryomanes bewickii,2026-04-20T12:36:33Z,20-Apr-2026,05:36:33,0.96,1
Bewick's Wren,Thryomanes bewickii,2026-04-20T12:36:25Z,20-Apr-2026,05:36:25,0.94,1
Bewick's Wren,Thryomanes bewickii,2026-04-20T12:36:20Z,20-Apr-2026,05:36:20,0.96,1
Bewick's Wren,Thryomanes bewickii,2026-04-20T12:35:48Z,20-Apr-2026,05:35:48,0.27,1
Bewick's Wren,Thryomanes bewickii,2026-04-20T12:35:41Z,20-Apr-2026,05:35:41,0.52,1
Bewick's Wren,Thryomanes bewickii,2026-04-20T12:35:34Z,20-Apr-2026,05:35:34,0.74,1
Bewick's Wren,Thryomanes bewickii,2026-04-20T12:35:26Z,20-Apr-2026,05:35:26,0.93,1
MacGillivray's Warbler,Geothlypis tolmiei,2026-04-20T12:35:19Z,20-Apr-2026,05:35:19,0.47,1
Bewick's Wren,Thryomanes bewickii,2026-04-20T12:35:05Z,20-Apr-2026,05:35:05,0.97,1
Bewick's Wren,Thryomanes bewickii,2026-04-20T12:34:54Z,20-Apr-2026,05:34:54,0.93,1
Bewick's Wren,Thryomanes bewickii,2026-04-20T12:34:47Z,20-Apr-2026,05:34:47,0.98,1
Bewick's Wren,Thryomanes bewickii,2026-04-20T12:34:32Z,20-Apr-2026,05:34:32,0.73,1
Bewick's Wren,Thryomanes bewickii,2026-04-20T12:34:23Z,20-Apr-2026,05:34:23,0.82,1
Bewick's Wren,Thryomanes bewickii,2026-04-20T12:34:15Z,20-Apr-2026,05:34:15,0.81,1
Bewick's Wren,Thryomanes bewickii,2026-04-20T12:34:08Z,20-Apr-2026,05:34:08,0.98,1
Bewick's Wren,Thryomanes bewickii,2026-04-20T12:34:00Z,20-Apr-2026,05:34:00,0.95,1
Bewick's Wren,Thryomanes bewickii,2026-04-20T12:33:52Z,20-Apr-2026,05:33:52,0.93,1
Bewick's Wren,Thryomanes bewickii,2026-04-20T12:33:30Z,20-Apr-2026,05:33:30,0.93,1
Bewick's Wren,Thryomanes bewickii,2026-04-20T12:33:21Z,20-Apr-2026,05:33:21,0.89,1
MacGillivray's Warbler,Geothlypis tolmiei,2026-04-20T12:33:11Z,20-Apr-2026,05:33:11,0.38,1
Bewick's Wren,Thryomanes bewickii,2026-04-20T12:32:57Z,20-Apr-2026,05:32:57,0.91,1
MacGillivray's Warbler,Geothlypis tolmiei,2026-04-20T12:32:52Z,20-Apr-2026,05:32:52,0.44,1
Bewick's Wren,Thryomanes bewickii,2026-04-20T12:32:45Z,20-Apr-2026,05:32:45,0.78,1
Bewick's Wren,Thryomanes bewickii,2026-04-20T12:32:38Z,20-Apr-2026,05:32:38,0.81,1
Bewick's Wren,Thryomanes bewickii,2026-04-20T12:32:31Z,20-Apr-2026,05:32:31,0.9,1
American Robin,Turdus migratorius,2026-04-20T12:32:23Z,20-Apr-2026,05:32:23,0.36,1
Bewick's Wren,Thryomanes bewickii,2026-04-20T12:31:55Z,20-Apr-2026,05:31:55,0.9,1
Bewick's Wren,Thryomanes bewickii,2026-04-20T12:31:48Z,20-Apr-2026,05:31:48,0.94,1
Bewick's Wren,Thryomanes bewickii,2026-04-20T12:31:41Z,20-Apr-2026,05:31:41,0.95,1
Bewick's Wren,Thryomanes bewickii,2026-04-20T12:31:34Z,20-Apr-2026,05:31:34,0.77,1
Bewick's Wren,Thryomanes bewickii,2026-04-20T12:31:26Z,20-Apr-2026,05:31:26,0.75,1
Bewick's Wren,Thryomanes bewickii,2026-04-20T12:31:18Z,20-Apr-2026,05:31:18,0.81,1
Bewick's Wren,Thryomanes bewickii,2026-04-20T12:31:03Z,20-Apr-2026,05:31:03,0.38,1
American Robin,Turdus migratorius,2026-04-20T12:30:51Z,20-Apr-2026,05:30:51,0.8627,1
Bewick's Wren,Thryomanes bewickii,2026-04-20T12:30:43Z,20-Apr-2026,05:30:43,0.8,1
Bewick's Wren,Thryomanes bewickii,2026-04-20T12:30:27Z,20-Apr-2026,05:30:27,0.79,1
Bewick's Wren,Thryomanes bewickii,2026-04-20T12:30:20Z,20-Apr-2026,05:30:20,0.74,1
Bewick's Wren,Thryomanes bewickii,2026-04-20T12:30:00Z,20-Apr-2026,05:30:00,0.9,1
Bewick's Wren,Thryomanes bewickii,2026-04-20T12:29:30Z,20-Apr-2026,05:29:30,0.94,1
Bewick's Wren,Thryomanes bewickii,2026-04-20T12:29:23Z,20-Apr-2026,05:29:23,0.88,1
Bewick's Wren,Thryomanes bewickii,2026-04-20T12:29:16Z,20-Apr-2026,05:29:16,0.65,1
Bewick's Wren,Thryomanes bewickii,2026-04-20T12:29:09Z,20-Apr-2026,05:29:09,0.57,1
Bewick's Wren,Thryomanes bewickii,2026-04-20T12:29:02Z,20-Apr-2026,05:29:02,0.89,1
Bewick's Wren,Thryomanes bewickii,2026-04-20T12:28:55Z,20-Apr-2026,05:28:55,0.88,1
Bewick's Wren,Thryomanes bewickii,2026-04-20T12:28:40Z,20-Apr-2026,05:28:40,0.81,1
Bewick's Wren,Thryomanes bewickii,2026-04-20T12:28:25Z,20-Apr-2026,05:28:25,0.89,1
Bewick's Wren,Thryomanes bewickii,2026-04-20T12:28:17Z,20-Apr-2026,05:28:17,0.43,1
Bewick's Wren,Thryomanes bewickii,2026-04-20T12:28:09Z,20-Apr-2026,05:28:09,0.83,1
Bewick's Wren,Thryomanes bewickii,2026-04-20T12:27:59Z,20-Apr-2026,05:27:59,0.39,1
Bewick's Wren,Thryomanes bewickii,2026-04-20T12:27:48Z,20-Apr-2026,05:27:48,0.95,1
Bewick's Wren,Thryomanes bewickii,2026-04-20T12:27:27Z,20-Apr-2026,05:27:27,0.94,1
Bewick's Wren,Thryomanes bewickii,2026-04-20T12:27:17Z,20-Apr-2026,05:27:17,0.85,1
Bewick's Wren,Thryomanes bewickii,2026-04-20T12:27:11Z,20-Apr-2026,05:27:11,0.91,1
Song Sparrow,Melospiza melodia,2026-04-20T12:27:07Z,20-Apr-2026,05:27:07,0.7804,1
Bewick's Wren,Thryomanes bewickii,2026-04-20T12:27:02Z,20-Apr-2026,05:27:02,0.66,1
Bewick's Wren,Thryomanes bewickii,2026-04-20T12:26:54Z,20-Apr-2026,05:26:54,0.97,1
Bewick's Wren,Thryomanes bewickii,2026-04-20T12:26:47Z,20-Apr-2026,05:26:47,0.63,1
Bewick's Wren,Thryomanes bewickii,2026-04-20T12:26:40Z,20-Apr-2026,05:26:40,0.74,1
Bewick's Wren,Thryomanes bewickii,2026-04-20T12:26:33Z,20-Apr-2026,05:26:33,0.35,1
Bewick's Wren,Thryomanes bewickii,2026-04-20T12:26:25Z,20-Apr-2026,05:26:25,0.5,1
Bewick's Wren,Thryomanes bewickii,2026-04-20T12:26:17Z,20-Apr-2026,05:26:17,0.88,1
Bewick's Wren,Thryomanes bewickii,2026-04-20T12:26:10Z,20-Apr-2026,05:26:10,0.75,1
Bewick's Wren,Thryomanes bewickii,2026-04-20T12:25:56Z,20-Apr-2026,05:25:56,0.69,1
Bewick's Wren,Thryomanes bewickii,2026-04-20T12:25:48Z,20-Apr-2026,05:25:48,0.9,1
Bewick's Wren,Thryomanes bewickii,2026-04-20T12:25:18Z,20-Apr-2026,05:25:18,0.8,1
Bewick's Wren,Thryomanes bewickii,2026-04-20T12:24:51Z,20-Apr-2026,05:24:51,0.86,1
Bewick's Wren,Thryomanes bewickii,2026-04-20T12:24:44Z,20-Apr-2026,05:24:44,0.83,1
Bewick's Wren,Thryomanes bewickii,2026-04-20T12:24:33Z,20-Apr-2026,05:24:33,0.93,1
Bewick's Wren,Thryomanes bewickii,2026-04-20T12:24:26Z,20-Apr-2026,05:24:26,0.73,1
Bewick's Wren,Thryomanes bewickii,2026-04-20T12:24:19Z,20-Apr-2026,05:24:19,0.62,1
Bewick's Wren,Thryomanes bewickii,2026-04-20T12:24:09Z,20-Apr-2026,05:24:09,0.83,1
Bewick's Wren,Thryomanes bewickii,2026-04-20T12:24:01Z,20-Apr-2026,05:24:01,0.86,1
Bewick's Wren,Thryomanes bewickii,2026-04-20T12:23:54Z,20-Apr-2026,05:23:54,0.76,1
Bewick's Wren,Thryomanes bewickii,2026-04-20T12:23:45Z,20-Apr-2026,05:23:45,0.9,1
Bewick's Wren,Thryomanes bewickii,2026-04-20T12:23:35Z,20-Apr-2026,05:23:35,0.84,1
Bewick's Wren,Thryomanes bewickii,2026-04-20T12:23:18Z,20-Apr-2026,05:23:18,0.86,1
Bewick's Wren,Thryomanes bewickii,2026-04-20T12:23:12Z,20-Apr-2026,05:23:12,0.85,1
Bewick's Wren,Thryomanes bewickii,2026-04-20T12:22:57Z,20-Apr-2026,05:22:57,0.4,1
Bewick's Wren,Thryomanes bewickii,2026-04-20T12:22:51Z,20-Apr-2026,05:22:51,0.88,1
Bewick's Wren,Thryomanes bewickii,2026-04-20T12:22:44Z,20-Apr-2026,05:22:44,0.67,1
Bewick's Wren,Thryomanes bewickii,2026-04-20T12:22:36Z,20-Apr-2026,05:22:36,0.77,1
Bewick's Wren,Thryomanes bewickii,2026-04-20T12:22:30Z,20-Apr-2026,05:22:30,0.76,1
Bewick's Wren,Thryomanes bewickii,2026-04-20T12:22:22Z,20-Apr-2026,05:22:22,0.79,1
Bewick's Wren,Thryomanes bewickii,2026-04-20T12:22:11Z,20-Apr-2026,05:22:11,0.87,1
Bewick's Wren,Thryomanes bewickii,2026-04-20T12:22:03Z,20-Apr-2026,05:22:03,0.38,1
Bewick's Wren,Thryomanes bewickii,2026-04-20T12:21:48Z,20-Apr-2026,05:21:48,0.91,1
Bewick's Wren,Thryomanes bewickii,2026-04-20T12:18:22Z,20-Apr-2026,05:18:22,0.98,1
Bewick's Wren,Thryomanes bewickii,2026-04-20T12:17:56Z,20-Apr-2026,05:17:56,0.97,1
Bewick's Wren,Thryomanes bewickii,2026-04-20T12:17:37Z,20-Apr-2026,05:17:37,0.98,1
Bewick's Wren,Thryomanes bewickii,2026-04-20T12:17:29Z,20-Apr-2026,05:17:29,0.96,1
Bewick's Wren,Thryomanes bewickii,2026-04-20T12:16:23Z,20-Apr-2026,05:16:23,0.99,1
Bewick's Wren,Thryomanes bewickii,2026-04-20T12:16:03Z,20-Apr-2026,05:16:03,0.99,1
Bewick's Wren,Thryomanes bewickii,2026-04-20T12:15:55Z,20-Apr-2026,05:15:55,0.99,1
Bewick's Wren,Thryomanes bewickii,2026-04-20T12:15:29Z,20-Apr-2026,05:15:29,0.99,1
Bewick's Wren,Thryomanes bewickii,2026-04-20T12:15:21Z,20-Apr-2026,05:15:21,0.81,1
Bewick's Wren,Thryomanes bewickii,2026-04-20T12:14:56Z,20-Apr-2026,05:14:56,0.99,1
Bewick's Wren,Thryomanes bewickii,2026-04-20T12:14:45Z,20-Apr-2026,05:14:45,0.99,1
Bewick's Wren,Thryomanes bewickii,2026-04-20T12:14:31Z,20-Apr-2026,05:14:31,0.35,1
American Robin,Turdus migratorius,2026-04-20T12:14:22Z,20-Apr-2026,05:14:22,0.43,1
Bewick's Wren,Thryomanes bewickii,2026-04-20T12:13:58Z,20-Apr-2026,05:13:58,0.99,1
Bewick's Wren,Thryomanes bewickii,2026-04-20T12:13:10Z,20-Apr-2026,05:13:10,0.98,1
Bewick's Wren,Thryomanes bewickii,2026-04-20T12:12:37Z,20-Apr-2026,05:12:37,0.8,1
Bewick's Wren,Thryomanes bewickii,2026-04-20T12:12:27Z,20-Apr-2026,05:12:27,0.73,1
Bewick's Wren,Thryomanes bewickii,2026-04-20T12:11:42Z,20-Apr-2026,05:11:42,0.89,1
Bewick's Wren,Thryomanes bewickii,2026-04-20T12:11:36Z,20-Apr-2026,05:11:36,0.99,1
Bewick's Wren,Thryomanes bewickii,2026-04-20T12:11:22Z,20-Apr-2026,05:11:22,0.59,1
Bewick's Wren,Thryomanes bewickii,2026-04-20T12:11:15Z,20-Apr-2026,05:11:15,0.98,1
Bewick's Wren,Thryomanes bewickii,2026-04-20T12:11:01Z,20-Apr-2026,05:11:01,0.72,1
Bewick's Wren,Thryomanes bewickii,2026-04-20T12:10:12Z,20-Apr-2026,05:10:12,0.36,1
White-crowned Sparrow,Zonotrichia leucophrys,2026-04-20T12:10:05Z,20-Apr-2026,05:10:05,0.5,1
Bewick's Wren,Thryomanes bewickii,2026-04-20T12:09:17Z,20-Apr-2026,05:09:17,0.44,1
Bewick's Wren,Thryomanes bewickii,2026-04-20T12:08:51Z,20-Apr-2026,05:08:51,0.5,1
Bewick's Wren,Thryomanes bewickii,2026-04-20T12:06:36Z,20-Apr-2026,05:06:36,0.41,1
Bewick's Wren,Thryomanes bewickii,2026-04-20T12:04:42Z,20-Apr-2026,05:04:42,0.86,1
American Robin,Turdus migratorius,2026-04-20T11:59:54Z,20-Apr-2026,04:59:54,0.7804,1
American Robin,Turdus migratorius,2026-04-20T11:38:47Z,20-Apr-2026,04:38:47,0.7804,1
American Robin,Turdus migratorius,2026-04-20T11:27:28Z,20-Apr-2026,04:27:28,0.7804,1
American Robin,Turdus migratorius,2026-04-20T11:26:01Z,20-Apr-2026,04:26:01,0.29,1
American Robin,Turdus migratorius,2026-04-20T11:20:17Z,20-Apr-2026,04:20:17,0.8863,1
American Robin,Turdus migratorius,2026-04-20T11:20:07Z,20-Apr-2026,04:20:07,0.36,1
American Robin,Turdus migratorius,2026-04-20T11:17:44Z,20-Apr-2026,04:17:44,0.37,1
American Robin,Turdus migratorius,2026-04-20T11:17:30Z,20-Apr-2026,04:17:30,0.66,1
American Robin,Turdus migratorius,2026-04-20T11:16:22Z,20-Apr-2026,04:16:22,0.36,1
American Robin,Turdus migratorius,2026-04-20T11:12:45Z,20-Apr-2026,04:12:45,0.65,1
American Robin,Turdus migratorius,2026-04-20T11:11:50Z,20-Apr-2026,04:11:50,0.56,1
American Robin,Turdus migratorius,2026-04-20T10:53:10Z,20-Apr-2026,03:53:10,0.26,1
Barn Owl,Tyto alba,2026-04-20T05:49:50Z,19-Apr-2026,22:49:50,0.28,1
Barn Owl,Tyto alba,2026-04-20T04:10:37Z,19-Apr-2026,21:10:37,0.51,1
American Robin,Turdus migratorius,2026-04-20T03:26:30Z,19-Apr-2026,20:26:30,0.7,1
American Robin,Turdus migratorius,2026-04-20T03:26:22Z,19-Apr-2026,20:26:22,0.37,1
Anna's Hummingbird,Calypte anna,2026-04-20T03:20:09Z,19-Apr-2026,20:20:09,0.8157,1
American Robin,Turdus migratorius,2026-04-20T03:17:50Z,19-Apr-2026,20:17:50,0.8314,4
American Robin,Turdus migratorius,2026-04-20T03:17:14Z,19-Apr-2026,20:17:14,0.27,1
American Robin,Turdus migratorius,2026-04-20T03:16:45Z,19-Apr-2026,20:16:45,0.8314,4
American Robin,Turdus migratorius,2026-04-20T03:16:03Z,19-Apr-2026,20:16:03,0.27,1
American Robin,Turdus migratorius,2026-04-20T03:15:36Z,19-Apr-2026,20:15:36,0.8863,10
American Robin,Turdus migratorius,2026-04-20T03:14:33Z,19-Apr-2026,20:14:33,0.9255,6
American Robin,Turdus migratorius,2026-04-20T03:13:27Z,19-Apr-2026,20:13:27,0.8,1
American Robin,Turdus migratorius,2026-04-20T03:12:30Z,19-Apr-2026,20:12:30,0.29,1
American Robin,Turdus migratorius,2026-04-20T03:09:51Z,19-Apr-2026,20:09:51,0.38,1
American Robin,Turdus migratorius,2026-04-20T03:07:51Z,19-Apr-2026,20:07:51,0.4,1
Western Tanager,Piranga ludoviciana,2026-04-20T03:07:34Z,19-Apr-2026,20:07:34,0.36,1
American Robin,Turdus migratorius,2026-04-20T03:06:54Z,19-Apr-2026,20:06:54,0.44,1
American Robin,Turdus migratorius,2026-04-20T03:03:51Z,19-Apr-2026,20:03:51,0.28,1
Bewick's Wren,Thryomanes bewickii,2026-04-20T03:01:38Z,19-Apr-2026,20:01:38,0.34,1
Bewick's Wren,Thryomanes bewickii,2026-04-20T03:01:24Z,19-Apr-2026,20:01:24,0.64,1
Bewick's Wren,Thryomanes bewickii,2026-04-20T03:01:14Z,19-Apr-2026,20:01:14,0.52,1
Bewick's Wren,Thryomanes bewickii,2026-04-20T03:01:07Z,19-Apr-2026,20:01:07,0.39,1
Bewick's Wren,Thryomanes bewickii,2026-04-20T02:59:44Z,19-Apr-2026,19:59:44,0.29,1
Bewick's Wren,Thryomanes bewickii,2026-04-20T02:57:22Z,19-Apr-2026,19:57:22,0.26,1
Bewick's Wren,Thryomanes bewickii,2026-04-20T02:56:17Z,19-Apr-2026,19:56:17,0.28,1
Bewick's Wren,Thryomanes bewickii,2026-04-20T02:55:49Z,19-Apr-2026,19:55:49,0.33,1
Cooper's Hawk,Accipiter cooperii,2026-04-20T02:53:21Z,19-Apr-2026,19:53:21,0.3,1
Dark-eyed Junco,Junco hyemalis,2026-04-20T02:51:04Z,19-Apr-2026,19:51:04,0.47,1
Dunlin,Calidris alpina,2026-04-20T02:48:12Z,19-Apr-2026,19:48:12,0.28,1
American Robin,Turdus migratorius,2026-04-20T02:44:08Z,19-Apr-2026,19:44:08,0.8745,1
Bewick's Wren,Thryomanes bewickii,2026-04-20T02:43:53Z,19-Apr-2026,19:43:53,0.32,1
Bewick's Wren,Thryomanes bewickii,2026-04-20T02:37:01Z,19-Apr-2026,19:37:01,0.27,1
Dark-eyed Junco,Junco hyemalis,2026-04-20T02:29:29Z,19-Apr-2026,19:29:29,0.26,1
American Crow,Corvus brachyrhynchos,2026-04-20T02:28:08Z,19-Apr-2026,19:28:08,0.8157,1
Dark-eyed Junco,Junco hyemalis,2026-04-20T02:27:28Z,19-Apr-2026,19:27:28,0.69,1
American Robin,Turdus migratorius,2026-04-20T02:24:17Z,19-Apr-2026,19:24:17,0.8,2
American Robin,Turdus migratorius,2026-04-20T02:23:17Z,19-Apr-2026,19:23:17,0.27,1
House Finch,Haemorhous mexicanus,2026-04-20T02:22:34Z,19-Apr-2026,19:22:34,0.3,1
American Robin,Turdus migratorius,2026-04-20T02:21:49Z,19-Apr-2026,19:21:49,0.26,1
American Robin,Turdus migratorius,2026-04-20T02:21:35Z,19-Apr-2026,19:21:35,0.37,1
American Robin,Turdus migratorius,2026-04-20T02:15:57Z,19-Apr-2026,19:15:57,0.7804,1
American Robin,Turdus migratorius,2026-04-20T02:15:50Z,19-Apr-2026,19:15:50,0.44,1
Dark-eyed Junco,Junco hyemalis,2026-04-20T02:14:37Z,19-Apr-2026,19:14:37,0.39,1
Bewick's Wren,Thryomanes bewickii,2026-04-20T02:14:05Z,19-Apr-2026,19:14:05,0.59,1
Dark-eyed Junco,Junco hyemalis,2026-04-20T02:13:50Z,19-Apr-2026,19:13:50,0.34,1
Bewick's Wren,Thryomanes bewickii,2026-04-20T02:13:11Z,19-Apr-2026,19:13:11,0.99,1
Bewick's Wren,Thryomanes bewickii,2026-04-20T02:12:42Z,19-Apr-2026,19:12:42,0.93,1
Bewick's Wren,Thryomanes bewickii,2026-04-20T02:12:34Z,19-Apr-2026,19:12:34,0.88,1
Bewick's Wren,Thryomanes bewickii,2026-04-20T02:12:24Z,19-Apr-2026,19:12:24,0.88,1
Bewick's Wren,Thryomanes bewickii,2026-04-20T02:12:16Z,19-Apr-2026,19:12:16,0.96,1
Bewick's Wren,Thryomanes bewickii,2026-04-20T02:12:00Z,19-Apr-2026,19:12:00,0.99,1
Bewick's Wren,Thryomanes bewickii,2026-04-20T02:11:23Z,19-Apr-2026,19:11:23,0.96,1
Bewick's Wren,Thryomanes bewickii,2026-04-20T02:11:16Z,19-Apr-2026,19:11:16,0.58,1
Bewick's Wren,Thryomanes bewickii,2026-04-20T02:11:09Z,19-Apr-2026,19:11:09,0.94,1
Bewick's Wren,Thryomanes bewickii,2026-04-20T02:11:01Z,19-Apr-2026,19:11:01,0.9,1
American Robin,Turdus migratorius,2026-04-20T02:10:47Z,19-Apr-2026,19:10:47,0.8471,1
American Robin,Turdus migratorius,2026-04-20T02:10:25Z,19-Apr-2026,19:10:25,0.52,1
American Robin,Turdus migratorius,2026-04-20T02:10:12Z,19-Apr-2026,19:10:12,0.27,1
Bewick's Wren,Thryomanes bewickii,2026-04-20T02:07:40Z,19-Apr-2026,19:07:40,0.32,1
Bewick's Wren,Thryomanes bewickii,2026-04-20T02:06:54Z,19-Apr-2026,19:06:54,0.61,1
Black-capped Chickadee,Poecile atricapillus,2026-04-20T02:03:38Z,19-Apr-2026,19:03:38,0.9412,1
House Finch,Haemorhous mexicanus,2026-04-20T02:02:24Z,19-Apr-2026,19:02:24,0.34,1
Bewick's Wren,Thryomanes bewickii,2026-04-20T02:01:04Z,19-Apr-2026,19:01:04,0.99,1
Bewick's Wren,Thryomanes bewickii,2026-04-20T02:00:58Z,19-Apr-2026,19:00:58,0.99,1
Bewick's Wren,Thryomanes bewickii,2026-04-20T02:00:50Z,19-Apr-2026,19:00:50,0.31,1
Bewick's Wren,Thryomanes bewickii,2026-04-20T02:00:43Z,19-Apr-2026,19:00:43,0.82,1
Bewick's Wren,Thryomanes bewickii,2026-04-20T02:00:35Z,19-Apr-2026,19:00:35,0.99,1
Bewick's Wren,Thryomanes bewickii,2026-04-20T02:00:24Z,19-Apr-2026,19:00:24,0.96,1
Bewick's Wren,Thryomanes bewickii,2026-04-20T02:00:13Z,19-Apr-2026,19:00:13,0.98,1
Bewick's Wren,Thryomanes bewickii,2026-04-20T02:00:02Z,19-Apr-2026,19:00:02,0.99,1
Bewick's Wren,Thryomanes bewickii,2026-04-20T01:59:53Z,19-Apr-2026,18:59:53,0.51,1
American Robin,Turdus migratorius,2026-04-20T01:59:25Z,19-Apr-2026,18:59:25,0.28,1
American Robin,Turdus migratorius,2026-04-20T01:57:38Z,19-Apr-2026,18:57:38,0.7804,2
American Robin,Turdus migratorius,2026-04-20T01:57:01Z,19-Apr-2026,18:57:01,0.28,1
American Robin,Turdus migratorius,2026-04-20T01:56:48Z,19-Apr-2026,18:56:48,0.34,1
American Robin,Turdus migratorius,2026-04-20T01:56:28Z,19-Apr-2026,18:56:28,0.8,1
House Finch,Haemorhous mexicanus,2026-04-20T01:56:13Z,19-Apr-2026,18:56:13,0.8314,1
American Robin,Turdus migratorius,2026-04-20T01:56:06Z,19-Apr-2026,18:56:06,0.27,1
American Robin,Turdus migratorius,2026-04-20T01:55:05Z,19-Apr-2026,18:55:05,0.8627,3
American Robin,Turdus migratorius,2026-04-20T01:53:49Z,19-Apr-2026,18:53:49,0.28,1
Downy Woodpecker,Dryobates pubescens,2026-04-20T01:53:42Z,19-Apr-2026,18:53:42,0.8745,1
American Robin,Turdus migratorius,2026-04-20T01:53:38Z,19-Apr-2026,18:53:38,0.27,1
Black-capped Chickadee,Poecile atricapillus,2026-04-20T01:53:27Z,19-Apr-2026,18:53:27,0.7804,1
Black-capped Chickadee,Poecile atricapillus,2026-04-20T01:53:05Z,19-Apr-2026,18:53:05,0.27,1
American Robin,Turdus migratorius,2026-04-20T01:52:34Z,19-Apr-2026,18:52:34,0.43,1
Chestnut-backed Chickadee,Poecile rufescens,2026-04-20T01:52:27Z,19-Apr-2026,18:52:27,0.9569,1
American Robin,Turdus migratorius,2026-04-20T01:52:20Z,19-Apr-2026,18:52:20,0.34,1
American Robin,Turdus migratorius,2026-04-20T01:52:01Z,19-Apr-2026,18:52:01,0.8627,6
American Robin,Turdus migratorius,2026-04-20T01:50:59Z,19-Apr-2026,18:50:59,0.8,5
American Robin,Turdus migratorius,2026-04-20T01:49:58Z,19-Apr-2026,18:49:58,0.32,1
American Robin,Turdus migratorius,2026-04-20T01:49:47Z,19-Apr-2026,18:49:47,0.7804,3
House Finch,Haemorhous mexicanus,2026-04-20T01:49:43Z,19-Apr-2026,18:49:43,0.29,1
Chestnut-backed Chickadee,Poecile rufescens,2026-04-20T01:49:35Z,19-Apr-2026,18:49:35,0.3,1
Chestnut-backed Chickadee,Poecile rufescens,2026-04-20T01:49:27Z,19-Apr-2026,18:49:27,0.55,1
Hermit Thrush,Catharus guttatus,2026-04-20T01:49:02Z,19-Apr-2026,18:49:02,0.32,1
American Robin,Turdus migratorius,2026-04-20T01:48:42Z,19-Apr-2026,18:48:42,0.41,1
American Robin,Turdus migratorius,2026-04-20T01:48:35Z,19-Apr-2026,18:48:35,0.44,1
American Robin,Turdus migratorius,2026-04-20T01:48:28Z,19-Apr-2026,18:48:28,0.8,3
American Robin,Turdus migratorius,2026-04-20T01:47:44Z,19-Apr-2026,18:47:44,0.33,1
American Robin,Turdus migratorius,2026-04-20T01:47:37Z,19-Apr-2026,18:47:37,0.3,1
American Robin,Turdus migratorius,2026-04-20T01:47:29Z,19-Apr-2026,18:47:29,0.26,1
American Robin,Turdus migratorius,2026-04-20T01:47:23Z,19-Apr-2026,18:47:23,0.26,1
American Robin,Turdus migratorius,2026-04-20T01:47:08Z,19-Apr-2026,18:47:08,0.42,1
American Robin,Turdus migratorius,2026-04-20T01:47:00Z,19-Apr-2026,18:47:00,0.32,1
American Robin,Turdus migratorius,2026-04-20T01:46:55Z,19-Apr-2026,18:46:55,0.35,1
American Robin,Turdus migratorius,2026-04-20T01:45:58Z,19-Apr-2026,18:45:58,0.8627,1
American Robin,Turdus migratorius,2026-04-20T01:45:44Z,19-Apr-2026,18:45:44,0.38,1
American Robin,Turdus migratorius,2026-04-20T01:45:29Z,19-Apr-2026,18:45:29,0.33,1
American Robin,Turdus migratorius,2026-04-20T01:45:22Z,19-Apr-2026,18:45:22,0.33,1
American Robin,Turdus migratorius,2026-04-20T01:45:14Z,19-Apr-2026,18:45:14,0.3,1
American Robin,Turdus migratorius,2026-04-20T01:44:57Z,19-Apr-2026,18:44:57,0.29,1
American Robin,Turdus migratorius,2026-04-20T01:44:50Z,19-Apr-2026,18:44:50,0.6,1
American Robin,Turdus migratorius,2026-04-20T01:44:43Z,19-Apr-2026,18:44:43,0.76,1
American Robin,Turdus migratorius,2026-04-20T01:44:33Z,19-Apr-2026,18:44:33,0.42,1
American Robin,Turdus migratorius,2026-04-20T01:44:19Z,19-Apr-2026,18:44:19,0.7804,2
American Robin,Turdus migratorius,2026-04-20T01:44:13Z,19-Apr-2026,18:44:13,0.29,1
American Robin,Turdus migratorius,2026-04-20T01:44:04Z,19-Apr-2026,18:44:04,0.28,1
American Crow,Corvus brachyrhynchos,2026-04-20T01:43:57Z,19-Apr-2026,18:43:57,0.26,1
American Robin,Turdus migratorius,2026-04-20T01:43:38Z,19-Apr-2026,18:43:38,0.32,1
American Robin,Turdus migratorius,2026-04-20T01:43:24Z,19-Apr-2026,18:43:24,0.36,1
Steller's Jay,Cyanocitta stelleri,2026-04-20T01:43:16Z,19-Apr-2026,18:43:16,0.73,1
American Robin,Turdus migratorius,2026-04-20T01:43:08Z,19-Apr-2026,18:43:08,0.8863,7
American Robin,Turdus migratorius,2026-04-20T01:43:03Z,19-Apr-2026,18:43:03,0.53,1
Steller's Jay,Cyanocitta stelleri,2026-04-20T01:42:56Z,19-Apr-2026,18:42:56,0.9647,3
Steller's Jay,Cyanocitta stelleri,2026-04-20T01:42:46Z,19-Apr-2026,18:42:46,0.38,1
American Robin,Turdus migratorius,2026-04-20T01:42:25Z,19-Apr-2026,18:42:25,0.54,1
Steller's Jay,Cyanocitta stelleri,2026-04-20T01:42:17Z,19-Apr-2026,18:42:17,0.79,1
Steller's Jay,Cyanocitta stelleri,2026-04-20T01:42:10Z,19-Apr-2026,18:42:10,0.43,1
American Robin,Turdus migratorius,2026-04-20T01:42:06Z,19-Apr-2026,18:42:06,0.7804,9
Steller's Jay,Cyanocitta stelleri,2026-04-20T01:41:46Z,19-Apr-2026,18:41:46,0.9098,1
American Robin,Turdus migratorius,2026-04-20T01:41:40Z,19-Apr-2026,18:41:40,0.47,1
Steller's Jay,Cyanocitta stelleri,2026-04-20T01:41:30Z,19-Apr-2026,18:41:30,0.54,1
American Robin,Turdus migratorius,2026-04-20T01:41:23Z,19-Apr-2026,18:41:23,0.46,1
American Robin,Turdus migratorius,2026-04-20T01:41:01Z,19-Apr-2026,18:41:01,0.62,1
American Robin,Turdus migratorius,2026-04-20T01:39:59Z,19-Apr-2026,18:39:59,0.9176,8
American Robin,Turdus migratorius,2026-04-20T01:39:38Z,19-Apr-2026,18:39:38,0.5,1
American Robin,Turdus migratorius,2026-04-20T01:39:31Z,19-Apr-2026,18:39:31,0.52,1
American Robin,Turdus migratorius,2026-04-20T01:39:16Z,19-Apr-2026,18:39:16,0.37,1
American Robin,Turdus migratorius,2026-04-20T01:39:03Z,19-Apr-2026,18:39:03,0.31,1
American Robin,Turdus migratorius,2026-04-20T01:38:49Z,19-Apr-2026,18:38:49,0.8314,9
American Robin,Turdus migratorius,2026-04-20T01:38:28Z,19-Apr-2026,18:38:28,0.31,1
American Robin,Turdus migratorius,2026-04-20T01:37:49Z,19-Apr-2026,18:37:49,0.71,1
American Robin,Turdus migratorius,2026-04-20T01:37:33Z,19-Apr-2026,18:37:33,0.8863,6
American Robin,Turdus migratorius,2026-04-20T01:37:12Z,19-Apr-2026,18:37:12,0.29,1
American Robin,Turdus migratorius,2026-04-20T01:36:45Z,19-Apr-2026,18:36:45,0.36,1
American Robin,Turdus migratorius,2026-04-20T01:36:34Z,19-Apr-2026,18:36:34,0.56,1
American Robin,Turdus migratorius,2026-04-20T01:36:27Z,19-Apr-2026,18:36:27,0.45,1
American Robin,Turdus migratorius,2026-04-20T01:36:10Z,19-Apr-2026,18:36:10,0.26,1
American Robin,Turdus migratorius,2026-04-20T01:35:56Z,19-Apr-2026,18:35:56,0.5,1
American Robin,Turdus migratorius,2026-04-20T01:35:49Z,19-Apr-2026,18:35:49,0.8627,1
Bewick's Wren,Thryomanes bewickii,2026-04-20T01:33:25Z,19-Apr-2026,18:33:25,0.64,1
American Robin,Turdus migratorius,2026-04-20T01:33:00Z,19-Apr-2026,18:33:00,0.32,1
American Robin,Turdus migratorius,2026-04-20T01:32:53Z,19-Apr-2026,18:32:53,0.48,1
Bewick's Wren,Thryomanes bewickii,2026-04-20T01:32:13Z,19-Apr-2026,18:32:13,0.52,1
Bewick's Wren,Thryomanes bewickii,2026-04-20T01:31:28Z,19-Apr-2026,18:31:28,0.42,1
Anna's Hummingbird,Calypte anna,2026-04-20T01:31:04Z,19-Apr-2026,18:31:04,0.8745,1
Bewick's Wren,Thryomanes bewickii,2026-04-20T01:30:56Z,19-Apr-2026,18:30:56,0.29,1
Bewick's Wren,Thryomanes bewickii,2026-04-20T01:30:50Z,19-Apr-2026,18:30:50,0.67,1
Bewick's Wren,Thryomanes bewickii,2026-04-20T01:30:36Z,19-Apr-2026,18:30:36,0.38,1
Bewick's Wren,Thryomanes bewickii,2026-04-20T01:30:29Z,19-Apr-2026,18:30:29,0.71,1
Bewick's Wren,Thryomanes bewickii,2026-04-20T01:30:16Z,19-Apr-2026,18:30:16,0.81,1
Bewick's Wren,Thryomanes bewickii,2026-04-20T01:29:14Z,19-Apr-2026,18:29:14,0.8,1
Bewick's Wren,Thryomanes bewickii,2026-04-20T01:29:07Z,19-Apr-2026,18:29:07,0.48,1
Bewick's Wren,Thryomanes bewickii,2026-04-20T01:28:07Z,19-Apr-2026,18:28:07,0.52,1
Dark-eyed Junco,Junco hyemalis,2026-04-20T01:27:47Z,19-Apr-2026,18:27:47,0.42,1
Dark-eyed Junco,Junco hyemalis,2026-04-20T01:27:34Z,19-Apr-2026,18:27:34,0.34,1
Dark-eyed Junco,Junco hyemalis,2026-04-20T01:27:25Z,19-Apr-2026,18:27:25,0.62,1
Dark-eyed Junco,Junco hyemalis,2026-04-20T01:27:03Z,19-Apr-2026,18:27:03,0.28,1
Dark-eyed Junco,Junco hyemalis,2026-04-20T01:26:58Z,19-Apr-2026,18:26:58,0.38,1
American Robin,Turdus migratorius,2026-04-20T01:26:34Z,19-Apr-2026,18:26:34,0.3,1
American Robin,Turdus migratorius,2026-04-20T01:22:36Z,19-Apr-2026,18:22:36,0.31,1
Dark-eyed Junco,Junco hyemalis,2026-04-20T01:21:39Z,19-Apr-2026,18:21:39,0.35,1
Cedar Waxwing,Bombycilla cedrorum,2026-04-20T01:18:29Z,19-Apr-2026,18:18:29,0.34,1
Bewick's Wren,Thryomanes bewickii,2026-04-20T01:17:57Z,19-Apr-2026,18:17:57,0.39,1
Bewick's Wren,Thryomanes bewickii,2026-04-20T01:17:45Z,19-Apr-2026,18:17:45,0.95,1
Bewick's Wren,Thryomanes bewickii,2026-04-20T01:17:36Z,19-Apr-2026,18:17:36,0.98,1
Bewick's Wren,Thryomanes bewickii,2026-04-20T01:17:28Z,19-Apr-2026,18:17:28,0.99,1
Bewick's Wren,Thryomanes bewickii,2026-04-20T01:17:20Z,19-Apr-2026,18:17:20,0.99,1
Bewick's Wren,Thryomanes bewickii,2026-04-20T01:17:13Z,19-Apr-2026,18:17:13,0.99,1
Bewick's Wren,Thryomanes bewickii,2026-04-20T01:16:43Z,19-Apr-2026,18:16:43,0.92,1
Bewick's Wren,Thryomanes bewickii,2026-04-20T01:16:29Z,19-Apr-2026,18:16:29,0.79,1
Bewick's Wren,Thryomanes bewickii,2026-04-20T01:15:56Z,19-Apr-2026,18:15:56,0.38,1
Bewick's Wren,Thryomanes bewickii,2026-04-20T01:15:49Z,19-Apr-2026,18:15:49,0.96,1
Bewick's Wren,Thryomanes bewickii,2026-04-20T01:15:42Z,19-Apr-2026,18:15:42,0.9,1
Bewick's Wren,Thryomanes bewickii,2026-04-20T01:15:34Z,19-Apr-2026,18:15:34,0.98,1
Bewick's Wren,Thryomanes bewickii,2026-04-20T01:15:05Z,19-Apr-2026,18:15:05,0.98,1
Bewick's Wren,Thryomanes bewickii,2026-04-20T01:14:59Z,19-Apr-2026,18:14:59,0.95,1
Bewick's Wren,Thryomanes bewickii,2026-04-20T01:14:53Z,19-Apr-2026,18:14:53,0.98,1
Bewick's Wren,Thryomanes bewickii,2026-04-20T01:14:36Z,19-Apr-2026,18:14:36,0.82,1
Downy Woodpecker,Dryobates pubescens,2026-04-20T01:11:19Z,19-Apr-2026,18:11:19,0.32,1
American Robin,Turdus migratorius,2026-04-20T01:11:08Z,19-Apr-2026,18:11:08,0.7804,1
American Robin,Turdus migratorius,2026-04-20T01:11:01Z,19-Apr-2026,18:11:01,0.4,1
American Robin,Turdus migratorius,2026-04-20T01:10:53Z,19-Apr-2026,18:10:53,0.33,1
Black-capped Chickadee,Poecile atricapillus,2026-04-20T01:10:45Z,19-Apr-2026,18:10:45,0.8157,1
White-throated Sparrow,Zonotrichia albicollis,2026-04-20T01:09:25Z,19-Apr-2026,18:09:25,0.35,1
American Robin,Turdus migratorius,2026-04-20T01:08:38Z,19-Apr-2026,18:08:38,0.42,1
American Robin,Turdus migratorius,2026-04-20T01:04:29Z,19-Apr-2026,18:04:29,0.42,1
Black-capped Chickadee,Poecile atricapillus,2026-04-20T01:04:07Z,19-Apr-2026,18:04:07,0.35,1
Black-capped Chickadee,Poecile atricapillus,2026-04-20T01:02:15Z,19-Apr-2026,18:02:15,0.56,1
Dark-eyed Junco,Junco hyemalis,2026-04-20T01:02:08Z,19-Apr-2026,18:02:08,0.41,1
Anna's Hummingbird,Calypte anna,2026-04-20T00:57:47Z,19-Apr-2026,17:57:47,0.9843,1
American Robin,Turdus migratorius,2026-04-20T00:57:22Z,19-Apr-2026,17:57:22,0.8157,1
American Robin,Turdus migratorius,2026-04-20T00:56:15Z,19-Apr-2026,17:56:15,0.3,1
Barn Owl,Tyto alba,2026-04-20T00:55:03Z,19-Apr-2026,17:55:03,0.83,1
Downy Woodpecker,Dryobates pubescens,2026-04-20T00:54:53Z,19-Apr-2026,17:54:53,0.26,1
American Robin,Turdus migratorius,2026-04-20T00:54:46Z,19-Apr-2026,17:54:46,0.32,1
Black-capped Chickadee,Poecile atricapillus,2026-04-20T00:54:09Z,19-Apr-2026,17:54:09,0.8314,4
House Finch,Haemorhous mexicanus,2026-04-20T00:53:39Z,19-Apr-2026,17:53:39,0.35,1
Black-capped Chickadee,Poecile atricapillus,2026-04-20T00:53:16Z,19-Apr-2026,17:53:16,0.38,1
Black-capped Chickadee,Poecile atricapillus,2026-04-20T00:52:14Z,19-Apr-2026,17:52:14,0.8745,1
American Robin,Turdus migratorius,2026-04-20T00:51:30Z,19-Apr-2026,17:51:30,0.46,1
American Robin,Turdus migratorius,2026-04-20T00:49:33Z,19-Apr-2026,17:49:33,0.36,1
American Robin,Turdus migratorius,2026-04-20T00:49:19Z,19-Apr-2026,17:49:19,0.8314,1
American Robin,Turdus migratorius,2026-04-20T00:49:03Z,19-Apr-2026,17:49:03,0.32,1
American Robin,Turdus migratorius,2026-04-20T00:47:20Z,19-Apr-2026,17:47:20,0.27,1
Anna's Hummingbird,Calypte anna,2026-04-20T00:33:10Z,19-Apr-2026,17:33:10,0.8,1
MacGillivray's Warbler,Geothlypis tolmiei,2026-04-20T00:27:51Z,19-Apr-2026,17:27:51,0.29,1
American Robin,Turdus migratorius,2026-04-20T00:26:15Z,19-Apr-2026,17:26:15,0.27,1
Dark-eyed Junco,Junco hyemalis,2026-04-20T00:26:02Z,19-Apr-2026,17:26:02,0.8,1
Dark-eyed Junco,Junco hyemalis,2026-04-20T00:25:49Z,19-Apr-2026,17:25:49,0.32,1
American Crow,Corvus brachyrhynchos,2026-04-20T00:25:08Z,19-Apr-2026,17:25:08,0.26,1
American Robin,Turdus migratorius,2026-04-20T00:25:01Z,19-Apr-2026,17:25:01,0.8471,1
Black-capped Chickadee,Poecile atricapillus,2026-04-20T00:24:43Z,19-Apr-2026,17:24:43,0.8627,1
American Robin,Turdus migratorius,2026-04-20T00:24:14Z,19-Apr-2026,17:24:14,0.31,1
Downy Woodpecker,Dryobates pubescens,2026-04-20T00:23:58Z,19-Apr-2026,17:23:58,0.74,1
American Robin,Turdus migratorius,2026-04-20T00:23:32Z,19-Apr-2026,17:23:32,0.9333,2
American Robin,Turdus migratorius,2026-04-20T00:22:57Z,19-Apr-2026,17:22:57,0.29,1
Dark-eyed Junco,Junco hyemalis,2026-04-20T00:22:49Z,19-Apr-2026,17:22:49,0.42,1
American Robin,Turdus migratorius,2026-04-20T00:22:28Z,19-Apr-2026,17:22:28,0.35,1
American Robin,Turdus migratorius,2026-04-20T00:22:24Z,19-Apr-2026,17:22:24,0.8627,2
American Robin,Turdus migratorius,2026-04-20T00:20:23Z,19-Apr-2026,17:20:23,0.8,2
American Robin,Turdus migratorius,2026-04-20T00:20:19Z,19-Apr-2026,17:20:19,0.43,1
American Robin,Turdus migratorius,2026-04-20T00:20:05Z,19-Apr-2026,17:20:05,0.35,1
American Robin,Turdus migratorius,2026-04-20T00:18:20Z,19-Apr-2026,17:18:20,0.9176,3
American Robin,Turdus migratorius,2026-04-20T00:18:16Z,19-Apr-2026,17:18:16,0.39,1
American Robin,Turdus migratorius,2026-04-20T00:16:49Z,19-Apr-2026,17:16:49,0.8627,9
American Robin,Turdus migratorius,2026-04-20T00:16:01Z,19-Apr-2026,17:16:01,0.32,1
American Robin,Turdus migratorius,2026-04-20T00:15:43Z,19-Apr-2026,17:15:43,0.9176,2
American Robin,Turdus migratorius,2026-04-20T00:15:25Z,19-Apr-2026,17:15:25,0.29,1
American Robin,Turdus migratorius,2026-04-20T00:14:37Z,19-Apr-2026,17:14:37,0.7804,1
House Finch,Haemorhous mexicanus,2026-04-20T00:11:21Z,19-Apr-2026,17:11:21,0.8157,1
American Crow,Corvus brachyrhynchos,2026-04-20T00:11:16Z,19-Apr-2026,17:11:16,0.34,1
American Crow,Corvus brachyrhynchos,2026-04-20T00:10:27Z,19-Apr-2026,17:10:27,0.26,1
American Robin,Turdus migratorius,2026-04-20T00:09:46Z,19-Apr-2026,17:09:46,0.41,1
American Robin,Turdus migratorius,2026-04-20T00:07:28Z,19-Apr-2026,17:07:28,0.8745,1
American Robin,Turdus migratorius,2026-04-20T00:06:37Z,19-Apr-2026,17:06:37,0.26,1
American Robin,Turdus migratorius,2026-04-20T00:06:10Z,19-Apr-2026,17:06:10,0.35,1
American Robin,Turdus migratorius,2026-04-20T00:06:00Z,19-Apr-2026,17:06:00,0.31,1
Black-capped Chickadee,Poecile atricapillus,2026-04-20T00:05:54Z,19-Apr-2026,17:05:54,0.8745,1
Anna's Hummingbird,Calypte anna,2026-04-20T00:05:42Z,19-Apr-2026,17:05:42,0.8863,1
Black-capped Chickadee,Poecile atricapillus,2026-04-20T00:05:31Z,19-Apr-2026,17:05:31,0.34,1
Bewick's Wren,Thryomanes bewickii,2026-04-20T00:05:13Z,19-Apr-2026,17:05:13,0.71,1
Bewick's Wren,Thryomanes bewickii,2026-04-20T00:05:05Z,19-Apr-2026,17:05:05,0.98,1
Bewick's Wren,Thryomanes bewickii,2026-04-20T00:04:53Z,19-Apr-2026,17:04:53,0.66,1
American Robin,Turdus migratorius,2026-04-20T00:04:39Z,19-Apr-2026,17:04:39,0.35,1
Bewick's Wren,Thryomanes bewickii,2026-04-20T00:04:32Z,19-Apr-2026,17:04:32,0.98,1
Bewick's Wren,Thryomanes bewickii,2026-04-20T00:04:23Z,19-Apr-2026,17:04:23,0.8,1
Bewick's Wren,Thryomanes bewickii,2026-04-20T00:04:16Z,19-Apr-2026,17:04:16,0.45,1
Bewick's Wren,Thryomanes bewickii,2026-04-20T00:04:08Z,19-Apr-2026,17:04:08,0.99,1
Bewick's Wren,Thryomanes bewickii,2026-04-20T00:04:02Z,19-Apr-2026,17:04:02,0.32,1
Bewick's Wren,Thryomanes bewickii,2026-04-20T00:03:54Z,19-Apr-2026,17:03:54,0.37,1
Bewick's Wren,Thryomanes bewickii,2026-04-20T00:03:45Z,19-Apr-2026,17:03:45,0.99,1
Bewick's Wren,Thryomanes bewickii,2026-04-20T00:03:34Z,19-Apr-2026,17:03:34,0.28,1
Bewick's Wren,Thryomanes bewickii,2026-04-20T00:03:28Z,19-Apr-2026,17:03:28,0.99,1
Bewick's Wren,Thryomanes bewickii,2026-04-20T00:03:19Z,19-Apr-2026,17:03:19,0.44,1
Black-capped Chickadee,Poecile atricapillus,2026-04-20T00:02:21Z,19-Apr-2026,17:02:21,0.7804,4
Bewick's Wren,Thryomanes bewickii,2026-04-20T00:02:15Z,19-Apr-2026,17:02:15,0.64,1
Black-capped Chickadee,Poecile atricapillus,2026-04-20T00:01:33Z,19-Apr-2026,17:01:33,0.27,1
Black-capped Chickadee,Poecile atricapillus,2026-04-20T00:01:14Z,19-Apr-2026,17:01:14,0.9098,1
Bewick's Wren,Thryomanes bewickii,2026-04-20T00:00:11Z,19-Apr-2026,17:00:11,0.74,1
