Species,Scientific Name,UTC Date,Local Date,Local Time,Score,Count
American Robin,Turdus migratorius,2026-04-18T23:59:59Z,18-Apr-2026,16:59:59,0.8314,2
American Robin,Turdus migratorius,2026-04-18T23:59:42Z,18-Apr-2026,16:59:42,0.36,1
American Robin,Turdus migratorius,2026-04-18T23:59:09Z,18-Apr-2026,16:59:09,0.29,1
American Robin,Turdus migratorius,2026-04-18T23:58:52Z,18-Apr-2026,16:58:52,0.7804,1
Black-capped Chickadee,Poecile atricapillus,2026-04-18T23:55:53Z,18-Apr-2026,16:55:53,0.8157,1
Black-capped Chickadee,Poecile atricapillus,2026-04-18T23:55:49Z,18-Apr-2026,16:55:49,0.33,1
Orange-crowned Warbler,Leiothlypis celata,2026-04-18T23:55:27Z,18-Apr-2026,16:55:27,0.27,1
American Robin,Turdus migratorius,2026-04-18T23:53:45Z,18-Apr-2026,16:53:45,0.8745,1
American Robin,Turdus migratorius,2026-04-18T23:53:26Z,18-Apr-2026,16:53:26,0.46,1
Townsend's Warbler,Setophaga townsendi,2026-04-18T23:48:29Z,18-Apr-2026,16:48:29,0.28,1
Bewick's Wren,Thryomanes bewickii,2026-04-18T23:48:01Z,18-Apr-2026,16:48:01,0.31,1
Townsend's Warbler,Setophaga townsendi,2026-04-18T23:47:51Z,18-Apr-2026,16:47:51,0.36,1
Bewick's Wren,Thryomanes bewickii,2026-04-18T23:47:36Z,18-Apr-2026,16:47:36,0.51,1
American Robin,Turdus migratorius,2026-04-18T23:47:24Z,18-Apr-2026,16:47:24,0.898,1
Townsend's Warbler,Setophaga townsendi,2026-04-18T23:47:20Z,18-Apr-2026,16:47:20,0.28,1
Townsend's Warbler,Setophaga townsendi,2026-04-18T23:47:02Z,18-Apr-2026,16:47:02,0.31,1
Bewick's Wren,Thryomanes bewickii,2026-04-18T23:45:56Z,18-Apr-2026,16:45:56,0.31,1
Bewick's Wren,Thryomanes bewickii,2026-04-18T23:45:03Z,18-Apr-2026,16:45:03,0.34,1
American Crow,Corvus brachyrhynchos,2026-04-18T23:43:42Z,18-Apr-2026,16:43:42,0.8627,1
Townsend's Warbler,Setophaga townsendi,2026-04-18T23:40:12Z,18-Apr-2026,16:40:12,0.36,1
Bewick's Wren,Thryomanes bewickii,2026-04-18T23:40:05Z,18-Apr-2026,16:40:05,0.45,1
Bewick's Wren,Thryomanes bewickii,2026-04-18T23:39:57Z,18-Apr-2026,16:39:57,0.31,1
Townsend's Warbler,Setophaga townsendi,2026-04-18T23:38:54Z,18-Apr-2026,16:38:54,0.44,1
Bewick's Wren,Thryomanes bewickii,2026-04-18T23:38:47Z,18-Apr-2026,16:38:47,0.51,1
Bewick's Wren,Thryomanes bewickii,2026-04-18T23:38:36Z,18-Apr-2026,16:38:36,0.31,1
Dark-eyed Junco,Junco hyemalis,2026-04-18T23:36:52Z,18-Apr-2026,16:36:52,0.4,1
Dark-eyed Junco,Junco hyemalis,2026-04-18T23:36:39Z,18-Apr-2026,16:36:39,0.29,1
Dark-eyed Junco,Junco hyemalis,2026-04-18T23:36:32Z,18-Apr-2026,16:36:32,0.26,1
Dark-eyed Junco,Junco hyemalis,2026-04-18T23:36:26Z,18-Apr-2026,16:36:26,0.52,1
Dark-eyed Junco,Junco hyemalis,2026-04-18T23:36:18Z,18-Apr-2026,16:36:18,0.32,1
Dark-eyed Junco,Junco hyemalis,2026-04-18T23:36:12Z,18-Apr-2026,16:36:12,0.47,1
Dark-eyed Junco,Junco hyemalis,2026-04-18T23:36:02Z,18-Apr-2026,16:36:02,0.44,1
Dark-eyed Junco,Junco hyemalis,2026-04-18T23:35:48Z,18-Apr-2026,16:35:48,0.54,1
Dark-eyed Junco,Junco hyemalis,2026-04-18T23:35:42Z,18-Apr-2026,16:35:42,0.6,1
Dark-eyed Junco,Junco hyemalis,2026-04-18T23:34:45Z,18-Apr-2026,16:34:45,0.82,1
Dark-eyed Junco,Junco hyemalis,2026-04-18T23:34:37Z,18-Apr-2026,16:34:37,0.76,1
Dark-eyed Junco,Junco hyemalis,2026-04-18T23:34:29Z,18-Apr-2026,16:34:29,0.61,1
Dark-eyed Junco,Junco hyemalis,2026-04-18T23:34:18Z,18-Apr-2026,16:34:18,0.56,1
Dark-eyed Junco,Junco hyemalis,2026-04-18T23:34:06Z,18-Apr-2026,16:34:06,0.7804,1
Dark-eyed Junco,Junco hyemalis,2026-04-18T23:33:55Z,18-Apr-2026,16:33:55,0.31,1
Dark-eyed Junco,Junco hyemalis,2026-04-18T23:33:36Z,18-Apr-2026,16:33:36,0.55,1
Orange-crowned Warbler,Leiothlypis celata,2026-04-18T23:27:09Z,18-Apr-2026,16:27:09,0.5,1
Dark-eyed Junco,Junco hyemalis,2026-04-18T23:26:45Z,18-Apr-2026,16:26:45,0.38,1
Black-capped Chickadee,Poecile atricapillus,2026-04-18T23:25:47Z,18-Apr-2026,16:25:47,0.8471,1
Chestnut-backed Chickadee,Poecile rufescens,2026-04-18T23:21:46Z,18-Apr-2026,16:21:46,0.29,1
Chestnut-backed Chickadee,Poecile rufescens,2026-04-18T23:21:32Z,18-Apr-2026,16:21:32,0.8314,4
Chestnut-backed Chickadee,Poecile rufescens,2026-04-18T23:20:58Z,18-Apr-2026,16:20:58,0.39,1
Chestnut-backed Chickadee,Poecile rufescens,2026-04-18T23:20:41Z,18-Apr-2026,16:20:41,0.26,1
Chestnut-backed Chickadee,Poecile rufescens,2026-04-18T23:20:02Z,18-Apr-2026,16:20:02,0.8471,10
Chestnut-backed Chickadee,Poecile rufescens,2026-04-18T23:19:42Z,18-Apr-2026,16:19:42,0.54,1
Chestnut-backed Chickadee,Poecile rufescens,2026-04-18T23:19:32Z,18-Apr-2026,16:19:32,0.88,1
Chestnut-backed Chickadee,Poecile rufescens,2026-04-18T23:18:57Z,18-Apr-2026,16:18:57,0.8745,11
Chestnut-backed Chickadee,Poecile rufescens,2026-04-18T23:18:38Z,18-Apr-2026,16:18:38,0.57,1
Chestnut-backed Chickadee,Poecile rufescens,2026-04-18T23:18:23Z,18-Apr-2026,16:18:23,0.82,1
Chestnut-backed Chickadee,Poecile rufescens,2026-04-18T23:17:56Z,18-Apr-2026,16:17:56,0.9529,1
Dark-eyed Junco,Junco hyemalis,2026-04-18T23:11:09Z,18-Apr-2026,16:11:09,0.55,1
American Coot,Fulica americana,2026-04-18T23:05:53Z,18-Apr-2026,16:05:53,0.64,1
Chestnut-backed Chickadee,Poecile rufescens,2026-04-18T22:57:57Z,18-Apr-2026,15:57:57,0.7804,1
Black-capped Chickadee,Poecile atricapillus,2026-04-18T22:56:05Z,18-Apr-2026,15:56:05,0.8471,2
American Crow,Corvus brachyrhynchos,2026-04-18T22:55:03Z,18-Apr-2026,15:55:03,0.8627,1
Black-capped Chickadee,Poecile atricapillus,2026-04-18T22:53:20Z,18-Apr-2026,15:53:20,0.8157,1
Downy Woodpecker,Dryobates pubescens,2026-04-18T22:52:35Z,18-Apr-2026,15:52:35,0.49,1
Bewick's Wren,Thryomanes bewickii,2026-04-18T22:52:29Z,18-Apr-2026,15:52:29,0.8,1
Downy Woodpecker,Dryobates pubescens,2026-04-18T22:51:17Z,18-Apr-2026,15:51:17,0.5,1
Bewick's Wren,Thryomanes bewickii,2026-04-18T22:48:34Z,18-Apr-2026,15:48:34,0.34,1
American Robin,Turdus migratorius,2026-04-18T22:46:14Z,18-Apr-2026,15:46:14,0.28,1
Anna's Hummingbird,Calypte anna,2026-04-18T22:46:02Z,18-Apr-2026,15:46:02,0.8471,1
Anna's Hummingbird,Calypte anna,2026-04-18T22:41:51Z,18-Apr-2026,15:41:51,0.8863,1
American Crow,Corvus brachyrhynchos,2026-04-18T22:34:50Z,18-Apr-2026,15:34:50,0.8157,1
Bewick's Wren,Thryomanes bewickii,2026-04-18T22:30:07Z,18-Apr-2026,15:30:07,0.27,1
Bewick's Wren,Thryomanes bewickii,2026-04-18T22:29:51Z,18-Apr-2026,15:29:51,0.44,1
Bewick's Wren,Thryomanes bewickii,2026-04-18T22:29:30Z,18-Apr-2026,15:29:30,0.37,1
Bewick's Wren,Thryomanes bewickii,2026-04-18T22:29:10Z,18-Apr-2026,15:29:10,0.49,1
Bewick's Wren,Thryomanes bewickii,2026-04-18T22:28:39Z,18-Apr-2026,15:28:39,0.72,1
Dark-eyed Junco,Junco hyemalis,2026-04-18T22:24:00Z,18-Apr-2026,15:24:00,0.27,1
Dark-eyed Junco,Junco hyemalis,2026-04-18T22:23:53Z,18-Apr-2026,15:23:53,0.91,1
House Finch,Haemorhous mexicanus,2026-04-18T22:21:26Z,18-Apr-2026,15:21:26,0.8,3
House Finch,Haemorhous mexicanus,2026-04-18T22:19:30Z,18-Apr-2026,15:19:30,0.31,1
House Finch,Haemorhous mexicanus,2026-04-18T22:19:04Z,18-Apr-2026,15:19:04,0.8627,1
American Crow,Corvus brachyrhynchos,2026-04-18T22:17:53Z,18-Apr-2026,15:17:53,0.5,1
American Crow,Corvus brachyrhynchos,2026-04-18T22:17:46Z,18-Apr-2026,15:17:46,0.31,1
American Crow,Corvus brachyrhynchos,2026-04-18T22:17:35Z,18-Apr-2026,15:17:35,0.8627,2
American Crow,Corvus brachyrhynchos,2026-04-18T22:15:34Z,18-Apr-2026,15:15:34,0.32,1
American Crow,Corvus brachyrhynchos,2026-04-18T22:13:51Z,18-Apr-2026,15:13:51,0.8314,1
American Crow,Corvus brachyrhynchos,2026-04-18T22:12:24Z,18-Apr-2026,15:12:24,0.8745,1
Black-capped Chickadee,Poecile atricapillus,2026-04-18T22:12:02Z,18-Apr-2026,15:12:02,0.8,1
Anna's Hummingbird,Calypte anna,2026-04-18T22:11:08Z,18-Apr-2026,15:11:08,0.9176,1
Black-capped Chickadee,Poecile atricapillus,2026-04-18T22:07:53Z,18-Apr-2026,15:07:53,0.7804,1
House Finch,Haemorhous mexicanus,2026-04-18T22:06:56Z,18-Apr-2026,15:06:56,0.43,1
House Finch,Haemorhous mexicanus,2026-04-18T22:04:44Z,18-Apr-2026,15:04:44,0.8,1
Bewick's Wren,Thryomanes bewickii,2026-04-18T22:02:57Z,18-Apr-2026,15:02:57,0.33,1
Bewick's Wren,Thryomanes bewickii,2026-04-18T22:02:24Z,18-Apr-2026,15:02:24,0.57,1
Bewick's Wren,Thryomanes bewickii,2026-04-18T21:57:59Z,18-Apr-2026,14:57:59,0.4,1
House Finch,Haemorhous mexicanus,2026-04-18T21:57:23Z,18-Apr-2026,14:57:23,0.27,1
Bewick's Wren,Thryomanes bewickii,2026-04-18T21:57:06Z,18-Apr-2026,14:57:06,0.28,1
Chestnut-backed Chickadee,Poecile rufescens,2026-04-18T21:56:09Z,18-Apr-2026,14:56:09,0.8157,1
Bewick's Wren,Thryomanes bewickii,2026-04-18T21:56:02Z,18-Apr-2026,14:56:02,0.37,1
Bewick's Wren,Thryomanes bewickii,2026-04-18T21:55:49Z,18-Apr-2026,14:55:49,0.29,1
Chestnut-backed Chickadee,Poecile rufescens,2026-04-18T21:55:12Z,18-Apr-2026,14:55:12,0.55,1
Chestnut-backed Chickadee,Poecile rufescens,2026-04-18T21:55:05Z,18-Apr-2026,14:55:05,0.9765,1
Chestnut-backed Chickadee,Poecile rufescens,2026-04-18T21:54:56Z,18-Apr-2026,14:54:56,0.26,1
House Finch,Haemorhous mexicanus,2026-04-18T21:54:42Z,18-Apr-2026,14:54:42,0.42,1
House Finch,Haemorhous mexicanus,2026-04-18T21:54:35Z,18-Apr-2026,14:54:35,0.37,1
Chestnut-backed Chickadee,Poecile rufescens,2026-04-18T21:52:38Z,18-Apr-2026,14:52:38,0.55,1
Chestnut-backed Chickadee,Poecile rufescens,2026-04-18T21:50:30Z,18-Apr-2026,14:50:30,0.898,1
Chipping Sparrow,Spizella passerina,2026-04-18T21:48:59Z,18-Apr-2026,14:48:59,0.33,1
Chipping Sparrow,Spizella passerina,2026-04-18T21:48:11Z,18-Apr-2026,14:48:11,0.28,1
Dark-eyed Junco,Junco hyemalis,2026-04-18T21:47:53Z,18-Apr-2026,14:47:53,0.3,1
Bewick's Wren,Thryomanes bewickii,2026-04-18T21:42:57Z,18-Apr-2026,14:42:57,0.37,1
American Crow,Corvus brachyrhynchos,2026-04-18T21:42:00Z,18-Apr-2026,14:42:00,0.42,1
Steller's Jay,Cyanocitta stelleri,2026-04-18T21:38:37Z,18-Apr-2026,14:38:37,0.9412,2
Orange-crowned Warbler,Leiothlypis celata,2026-04-18T21:38:20Z,18-Apr-2026,14:38:20,0.29,1
Steller's Jay,Cyanocitta stelleri,2026-04-18T21:37:30Z,18-Apr-2026,14:37:30,0.42,1
Steller's Jay,Cyanocitta stelleri,2026-04-18T21:36:44Z,18-Apr-2026,14:36:44,0.64,1
Bewick's Wren,Thryomanes bewickii,2026-04-18T21:36:35Z,18-Apr-2026,14:36:35,0.32,1
Bewick's Wren,Thryomanes bewickii,2026-04-18T21:34:54Z,18-Apr-2026,14:34:54,0.37,1
American Crow,Corvus brachyrhynchos,2026-04-18T21:34:21Z,18-Apr-2026,14:34:21,0.8314,1
Steller's Jay,Cyanocitta stelleri,2026-04-18T21:33:25Z,18-Apr-2026,14:33:25,0.9255,1
American Crow,Corvus brachyrhynchos,2026-04-18T21:32:30Z,18-Apr-2026,14:32:30,0.8314,1
Barn Owl,Tyto alba,2026-04-18T21:31:20Z,18-Apr-2026,14:31:20,0.29,1
Steller's Jay,Cyanocitta stelleri,2026-04-18T21:31:03Z,18-Apr-2026,14:31:03,0.79,1
Steller's Jay,Cyanocitta stelleri,2026-04-18T21:30:59Z,18-Apr-2026,14:30:59,0.7804,1
Steller's Jay,Cyanocitta stelleri,2026-04-18T21:29:16Z,18-Apr-2026,14:29:16,0.45,1
Steller's Jay,Cyanocitta stelleri,2026-04-18T21:29:06Z,18-Apr-2026,14:29:06,0.9765,1
Steller's Jay,Cyanocitta stelleri,2026-04-18T21:29:02Z,18-Apr-2026,14:29:02,0.46,1
Dark-eyed Junco,Junco hyemalis,2026-04-18T21:28:55Z,18-Apr-2026,14:28:55,0.28,1
Dark-eyed Junco,Junco hyemalis,2026-04-18T21:28:45Z,18-Apr-2026,14:28:45,0.32,1
Dark-eyed Junco,Junco hyemalis,2026-04-18T21:28:35Z,18-Apr-2026,14:28:35,0.29,1
Chestnut-backed Chickadee,Poecile rufescens,2026-04-18T21:26:21Z,18-Apr-2026,14:26:21,0.38,1
Chestnut-backed Chickadee,Poecile rufescens,2026-04-18T21:26:02Z,18-Apr-2026,14:26:02,0.55,1
House Finch,Haemorhous mexicanus,2026-04-18T21:25:13Z,18-Apr-2026,14:25:13,0.44,1
House Finch,Haemorhous mexicanus,2026-04-18T21:25:08Z,18-Apr-2026,14:25:08,0.8314,5
House Finch,Haemorhous mexicanus,2026-04-18T21:24:06Z,18-Apr-2026,14:24:06,0.8,1
Dark-eyed Junco,Junco hyemalis,2026-04-18T21:23:59Z,18-Apr-2026,14:23:59,0.3,1
Chestnut-backed Chickadee,Poecile rufescens,2026-04-18T21:23:14Z,18-Apr-2026,14:23:14,0.8745,5
Chestnut-backed Chickadee,Poecile rufescens,2026-04-18T21:22:10Z,18-Apr-2026,14:22:10,0.5,1
Chestnut-backed Chickadee,Poecile rufescens,2026-04-18T21:22:00Z,18-Apr-2026,14:22:00,0.9412,1
Red-breasted Nuthatch,Sitta canadensis,2026-04-18T21:21:44Z,18-Apr-2026,14:21:44,0.46,1
Chestnut-backed Chickadee,Poecile rufescens,2026-04-18T21:20:15Z,18-Apr-2026,14:20:15,0.8157,1
Chestnut-backed Chickadee,Poecile rufescens,2026-04-18T21:19:59Z,18-Apr-2026,14:19:59,0.29,1
Chestnut-backed Chickadee,Poecile rufescens,2026-04-18T21:19:05Z,18-Apr-2026,14:19:05,0.9176,1
Chestnut-backed Chickadee,Poecile rufescens,2026-04-18T21:18:52Z,18-Apr-2026,14:18:52,0.68,1
Mountain Chickadee,Poecile gambeli,2026-04-18T21:17:44Z,18-Apr-2026,14:17:44,0.27,1
Black-capped Chickadee,Poecile atricapillus,2026-04-18T21:17:36Z,18-Apr-2026,14:17:36,0.28,1
Black-capped Chickadee,Poecile atricapillus,2026-04-18T21:17:32Z,18-Apr-2026,14:17:32,0.8745,1
Mountain Chickadee,Poecile gambeli,2026-04-18T21:17:25Z,18-Apr-2026,14:17:25,0.46,1
Chestnut-backed Chickadee,Poecile rufescens,2026-04-18T21:13:50Z,18-Apr-2026,14:13:50,0.8471,1
Bewick's Wren,Thryomanes bewickii,2026-04-18T21:05:05Z,18-Apr-2026,14:05:05,0.64,1
Bewick's Wren,Thryomanes bewickii,2026-04-18T21:04:52Z,18-Apr-2026,14:04:52,0.29,1
Bewick's Wren,Thryomanes bewickii,2026-04-18T21:04:36Z,18-Apr-2026,14:04:36,0.35,1
Bewick's Wren,Thryomanes bewickii,2026-04-18T21:04:05Z,18-Apr-2026,14:04:05,0.55,1
Bewick's Wren,Thryomanes bewickii,2026-04-18T21:03:52Z,18-Apr-2026,14:03:52,0.38,1
Bewick's Wren,Thryomanes bewickii,2026-04-18T21:03:15Z,18-Apr-2026,14:03:15,0.34,1
Bewick's Wren,Thryomanes bewickii,2026-04-18T21:03:08Z,18-Apr-2026,14:03:08,0.28,1
American Dipper,Cinclus mexicanus,2026-04-18T20:58:28Z,18-Apr-2026,13:58:28,0.39,1
Red-breasted Nuthatch,Sitta canadensis,2026-04-18T20:57:32Z,18-Apr-2026,13:57:32,0.37,1
Black-capped Chickadee,Poecile atricapillus,2026-04-18T20:55:51Z,18-Apr-2026,13:55:51,0.8314,1
Bewick's Wren,Thryomanes bewickii,2026-04-18T20:54:42Z,18-Apr-2026,13:54:42,0.48,1
Bewick's Wren,Thryomanes bewickii,2026-04-18T20:54:17Z,18-Apr-2026,13:54:17,0.44,1
House Finch,Haemorhous mexicanus,2026-04-18T20:54:12Z,18-Apr-2026,13:54:12,0.8,1
Bewick's Wren,Thryomanes bewickii,2026-04-18T20:54:09Z,18-Apr-2026,13:54:09,0.46,1
Bewick's Wren,Thryomanes bewickii,2026-04-18T20:54:02Z,18-Apr-2026,13:54:02,0.41,1
Bewick's Wren,Thryomanes bewickii,2026-04-18T20:53:05Z,18-Apr-2026,13:53:05,0.53,1
Bewick's Wren,Thryomanes bewickii,2026-04-18T20:52:31Z,18-Apr-2026,13:52:31,0.6,1
House Finch,Haemorhous mexicanus,2026-04-18T20:52:27Z,18-Apr-2026,13:52:27,0.7804,2
House Finch,Haemorhous mexicanus,2026-04-18T20:51:07Z,18-Apr-2026,13:51:07,0.8157,8
House Finch,Haemorhous mexicanus,2026-04-18T20:49:50Z,18-Apr-2026,13:49:50,0.7804,1
Bewick's Wren,Thryomanes bewickii,2026-04-18T20:49:46Z,18-Apr-2026,13:49:46,0.45,1
Bewick's Wren,Thryomanes bewickii,2026-04-18T20:49:26Z,18-Apr-2026,13:49:26,0.28,1
Bewick's Wren,Thryomanes bewickii,2026-04-18T20:48:56Z,18-Apr-2026,13:48:56,0.3,1
Bewick's Wren,Thryomanes bewickii,2026-04-18T20:48:45Z,18-Apr-2026,13:48:45,0.47,1
Bewick's Wren,Thryomanes bewickii,2026-04-18T20:48:00Z,18-Apr-2026,13:48:00,0.3,1
House Finch,Haemorhous mexicanus,2026-04-18T20:47:49Z,18-Apr-2026,13:47:49,0.8,1
Bewick's Wren,Thryomanes bewickii,2026-04-18T20:47:44Z,18-Apr-2026,13:47:44,0.67,1
Bewick's Wren,Thryomanes bewickii,2026-04-18T20:47:38Z,18-Apr-2026,13:47:38,0.27,1
Bewick's Wren,Thryomanes bewickii,2026-04-18T20:47:14Z,18-Apr-2026,13:47:14,0.33,1
Bewick's Wren,Thryomanes bewickii,2026-04-18T20:46:48Z,18-Apr-2026,13:46:48,0.49,1
Bewick's Wren,Thryomanes bewickii,2026-04-18T20:46:41Z,18-Apr-2026,13:46:41,0.57,1
Bewick's Wren,Thryomanes bewickii,2026-04-18T20:46:34Z,18-Apr-2026,13:46:34,0.31,1
Bewick's Wren,Thryomanes bewickii,2026-04-18T20:46:10Z,18-Apr-2026,13:46:10,0.76,1
Bewick's Wren,Thryomanes bewickii,2026-04-18T20:45:56Z,18-Apr-2026,13:45:56,0.55,1
Bewick's Wren,Thryomanes bewickii,2026-04-18T20:45:36Z,18-Apr-2026,13:45:36,0.35,1
Bewick's Wren,Thryomanes bewickii,2026-04-18T20:45:22Z,18-Apr-2026,13:45:22,0.38,1
Bewick's Wren,Thryomanes bewickii,2026-04-18T20:45:10Z,18-Apr-2026,13:45:10,0.49,1
Bewick's Wren,Thryomanes bewickii,2026-04-18T20:44:39Z,18-Apr-2026,13:44:39,0.56,1
Bewick's Wren,Thryomanes bewickii,2026-04-18T20:44:33Z,18-Apr-2026,13:44:33,0.49,1
Bewick's Wren,Thryomanes bewickii,2026-04-18T20:44:26Z,18-Apr-2026,13:44:26,0.61,1
Bewick's Wren,Thryomanes bewickii,2026-04-18T20:44:16Z,18-Apr-2026,13:44:16,0.4,1
Bewick's Wren,Thryomanes bewickii,2026-04-18T20:44:09Z,18-Apr-2026,13:44:09,0.59,1
Bewick's Wren,Thryomanes bewickii,2026-04-18T20:43:36Z,18-Apr-2026,13:43:36,0.28,1
Bewick's Wren,Thryomanes bewickii,2026-04-18T20:43:29Z,18-Apr-2026,13:43:29,0.39,1
Bewick's Wren,Thryomanes bewickii,2026-04-18T20:43:22Z,18-Apr-2026,13:43:22,0.64,1
Bewick's Wren,Thryomanes bewickii,2026-04-18T20:43:14Z,18-Apr-2026,13:43:14,0.4,1
Bewick's Wren,Thryomanes bewickii,2026-04-18T20:43:08Z,18-Apr-2026,13:43:08,0.29,1
Bewick's Wren,Thryomanes bewickii,2026-04-18T20:42:57Z,18-Apr-2026,13:42:57,0.26,1
Bewick's Wren,Thryomanes bewickii,2026-04-18T20:42:38Z,18-Apr-2026,13:42:38,0.44,1
Bewick's Wren,Thryomanes bewickii,2026-04-18T20:42:13Z,18-Apr-2026,13:42:13,0.34,1
Bewick's Wren,Thryomanes bewickii,2026-04-18T20:41:50Z,18-Apr-2026,13:41:50,0.72,1
Bewick's Wren,Thryomanes bewickii,2026-04-18T20:40:51Z,18-Apr-2026,13:40:51,0.36,1
Bewick's Wren,Thryomanes bewickii,2026-04-18T20:40:27Z,18-Apr-2026,13:40:27,0.64,1
Bewick's Wren,Thryomanes bewickii,2026-04-18T20:40:20Z,18-Apr-2026,13:40:20,0.28,1
Bewick's Wren,Thryomanes bewickii,2026-04-18T20:40:10Z,18-Apr-2026,13:40:10,0.47,1
Bewick's Wren,Thryomanes bewickii,2026-04-18T20:39:30Z,18-Apr-2026,13:39:30,0.3,1
Bewick's Wren,Thryomanes bewickii,2026-04-18T20:39:08Z,18-Apr-2026,13:39:08,0.36,1
Bewick's Wren,Thryomanes bewickii,2026-04-18T20:39:03Z,18-Apr-2026,13:39:03,0.29,1
Bewick's Wren,Thryomanes bewickii,2026-04-18T20:38:53Z,18-Apr-2026,13:38:53,0.26,1
Bewick's Wren,Thryomanes bewickii,2026-04-18T20:38:31Z,18-Apr-2026,13:38:31,0.33,1
Bewick's Wren,Thryomanes bewickii,2026-04-18T20:38:15Z,18-Apr-2026,13:38:15,0.44,1
Bewick's Wren,Thryomanes bewickii,2026-04-18T20:38:01Z,18-Apr-2026,13:38:01,0.38,1
Bewick's Wren,Thryomanes bewickii,2026-04-18T20:37:33Z,18-Apr-2026,13:37:33,0.53,1
Bewick's Wren,Thryomanes bewickii,2026-04-18T20:37:00Z,18-Apr-2026,13:37:00,0.3,1
Bewick's Wren,Thryomanes bewickii,2026-04-18T20:36:42Z,18-Apr-2026,13:36:42,0.45,1
Bewick's Wren,Thryomanes bewickii,2026-04-18T20:36:34Z,18-Apr-2026,13:36:34,0.42,1
Bewick's Wren,Thryomanes bewickii,2026-04-18T20:36:20Z,18-Apr-2026,13:36:20,0.33,1
Chestnut-backed Chickadee,Poecile rufescens,2026-04-18T20:35:58Z,18-Apr-2026,13:35:58,0.68,1
Chestnut-backed Chickadee,Poecile rufescens,2026-04-18T20:35:48Z,18-Apr-2026,13:35:48,0.38,1
Yellow-rumped Warbler,Setophaga coronata,2026-04-18T20:35:42Z,18-Apr-2026,13:35:42,0.3,1
Chestnut-backed Chickadee,Poecile rufescens,2026-04-18T20:35:14Z,18-Apr-2026,13:35:14,0.36,1
Chestnut-backed Chickadee,Poecile rufescens,2026-04-18T20:34:37Z,18-Apr-2026,13:34:37,0.8314,1
Bewick's Wren,Thryomanes bewickii,2026-04-18T20:34:33Z,18-Apr-2026,13:34:33,0.27,1
Bewick's Wren,Thryomanes bewickii,2026-04-18T20:34:26Z,18-Apr-2026,13:34:26,0.27,1
House Finch,Haemorhous mexicanus,2026-04-18T20:34:15Z,18-Apr-2026,13:34:15,0.8627,1
Chestnut-backed Chickadee,Poecile rufescens,2026-04-18T20:33:18Z,18-Apr-2026,13:33:18,0.8627,1
Bewick's Wren,Thryomanes bewickii,2026-04-18T20:31:57Z,18-Apr-2026,13:31:57,0.41,1
Dark-eyed Junco,Junco hyemalis,2026-04-18T20:30:52Z,18-Apr-2026,13:30:52,0.61,1
Spotted Towhee,Pipilo maculatus,2026-04-18T20:30:30Z,18-Apr-2026,13:30:30,0.34,1
Spotted Towhee,Pipilo maculatus,2026-04-18T20:29:57Z,18-Apr-2026,13:29:57,0.32,1
House Finch,Haemorhous mexicanus,2026-04-18T20:29:33Z,18-Apr-2026,13:29:33,0.8863,3
Spotted Towhee,Pipilo maculatus,2026-04-18T20:28:55Z,18-Apr-2026,13:28:55,0.27,1
Spotted Towhee,Pipilo maculatus,2026-04-18T20:28:46Z,18-Apr-2026,13:28:46,0.38,1
Spotted Towhee,Pipilo maculatus,2026-04-18T20:28:23Z,18-Apr-2026,13:28:23,0.43,1
House Finch,Haemorhous mexicanus,2026-04-18T20:28:01Z,18-Apr-2026,13:28:01,0.9333,5
Spotted Towhee,Pipilo maculatus,2026-04-18T20:27:26Z,18-Apr-2026,13:27:26,0.29,1
House Finch,Haemorhous mexicanus,2026-04-18T20:27:19Z,18-Apr-2026,13:27:19,0.56,1
House Finch,Haemorhous mexicanus,2026-04-18T20:26:59Z,18-Apr-2026,13:26:59,0.7804,1
Spotted Towhee,Pipilo maculatus,2026-04-18T20:26:32Z,18-Apr-2026,13:26:32,0.26,1
Golden-crowned Kinglet,Regulus satrapa,2026-04-18T20:26:17Z,18-Apr-2026,13:26:17,0.27,1
Spotted Towhee,Pipilo maculatus,2026-04-18T20:24:30Z,18-Apr-2026,13:24:30,0.27,1
Spotted Towhee,Pipilo maculatus,2026-04-18T20:24:07Z,18-Apr-2026,13:24:07,0.37,1
Black Phoebe,Sayornis nigricans,2026-04-18T20:23:46Z,18-Apr-2026,13:23:46,0.8,1
Spotted Towhee,Pipilo maculatus,2026-04-18T20:23:16Z,18-Apr-2026,13:23:16,0.27,1
House Finch,Haemorhous mexicanus,2026-04-18T20:20:53Z,18-Apr-2026,13:20:53,0.3,1
American Robin,Turdus migratorius,2026-04-18T20:19:53Z,18-Apr-2026,13:19:53,0.27,1
Song Sparrow,Melospiza melodia,2026-04-18T20:18:42Z,18-Apr-2026,13:18:42,0.9647,1
Fox Sparrow,Passerella iliaca,2026-04-18T20:18:31Z,18-Apr-2026,13:18:31,0.37,1
Varied Thrush,Ixoreus naevius,2026-04-18T20:16:53Z,18-Apr-2026,13:16:53,0.56,1
Bewick's Wren,Thryomanes bewickii,2026-04-18T20:16:46Z,18-Apr-2026,13:16:46,0.29,1
Varied Thrush,Ixoreus naevius,2026-04-18T20:12:18Z,18-Apr-2026,13:12:18,0.4,1
Song Sparrow,Melospiza melodia,2026-04-18T20:09:57Z,18-Apr-2026,13:09:57,0.8863,1
Fox Sparrow,Passerella iliaca,2026-04-18T20:05:46Z,18-Apr-2026,13:05:46,0.34,1
Mallard,Anas platyrhynchos,2026-04-18T20:04:02Z,18-Apr-2026,13:04:02,0.34,1
Orange-crowned Warbler,Leiothlypis celata,2026-04-18T20:03:35Z,18-Apr-2026,13:03:35,0.46,1
American Goldfinch,Spinus tristis,2026-04-18T20:02:54Z,18-Apr-2026,13:02:54,0.8863,1
Dark-eyed Junco,Junco hyemalis,2026-04-18T20:02:23Z,18-Apr-2026,13:02:23,0.34,1
Dark-eyed Junco,Junco hyemalis,2026-04-18T20:02:07Z,18-Apr-2026,13:02:07,0.39,1
Dark-eyed Junco,Junco hyemalis,2026-04-18T20:01:55Z,18-Apr-2026,13:01:55,0.26,1
Black-capped Chickadee,Poecile atricapillus,2026-04-18T19:58:07Z,18-Apr-2026,12:58:07,0.29,1
Bewick's Wren,Thryomanes bewickii,2026-04-18T19:57:20Z,18-Apr-2026,12:57:20,0.73,1
Bewick's Wren,Thryomanes bewickii,2026-04-18T19:56:56Z,18-Apr-2026,12:56:56,0.83,1
Dark-eyed Junco,Junco hyemalis,2026-04-18T19:53:36Z,18-Apr-2026,12:53:36,0.28,1
House Finch,Haemorhous mexicanus,2026-04-18T19:53:32Z,18-Apr-2026,12:53:32,0.8314,1
Bewick's Wren,Thryomanes bewickii,2026-04-18T19:52:16Z,18-Apr-2026,12:52:16,0.61,1
Bewick's Wren,Thryomanes bewickii,2026-04-18T19:52:01Z,18-Apr-2026,12:52:01,0.53,1
Bewick's Wren,Thryomanes bewickii,2026-04-18T19:51:32Z,18-Apr-2026,12:51:32,0.47,1
Bewick's Wren,Thryomanes bewickii,2026-04-18T19:51:18Z,18-Apr-2026,12:51:18,0.38,1
Bewick's Wren,Thryomanes bewickii,2026-04-18T19:51:08Z,18-Apr-2026,12:51:08,0.55,1
Dark-eyed Junco,Junco hyemalis,2026-04-18T19:50:52Z,18-Apr-2026,12:50:52,0.8314,1
Bewick's Wren,Thryomanes bewickii,2026-04-18T19:50:24Z,18-Apr-2026,12:50:24,0.45,1
Bewick's Wren,Thryomanes bewickii,2026-04-18T19:50:06Z,18-Apr-2026,12:50:06,0.35,1
Rufous Hummingbird,Selasphorus rufus,2026-04-18T19:49:45Z,18-Apr-2026,12:49:45,0.52,1
Anna's Hummingbird,Calypte anna,2026-04-18T19:49:38Z,18-Apr-2026,12:49:38,0.9098,1
Bewick's Wren,Thryomanes bewickii,2026-04-18T19:48:35Z,18-Apr-2026,12:48:35,0.34,1
Bewick's Wren,Thryomanes bewickii,2026-04-18T19:48:03Z,18-Apr-2026,12:48:03,0.74,1
Bewick's Wren,Thryomanes bewickii,2026-04-18T19:47:43Z,18-Apr-2026,12:47:43,0.58,1
Bewick's Wren,Thryomanes bewickii,2026-04-18T19:47:24Z,18-Apr-2026,12:47:24,0.51,1
Bewick's Wren,Thryomanes bewickii,2026-04-18T19:47:07Z,18-Apr-2026,12:47:07,0.78,1
Bewick's Wren,Thryomanes bewickii,2026-04-18T19:47:00Z,18-Apr-2026,12:47:00,0.5,1
Bewick's Wren,Thryomanes bewickii,2026-04-18T19:46:53Z,18-Apr-2026,12:46:53,0.51,1
Bushtit,Psaltriparus minimus,2026-04-18T19:46:03Z,18-Apr-2026,12:46:03,0.96,1
Bushtit,Psaltriparus minimus,2026-04-18T19:45:56Z,18-Apr-2026,12:45:56,0.99,1
Bushtit,Psaltriparus minimus,2026-04-18T19:45:48Z,18-Apr-2026,12:45:48,0.98,1
American Crow,Corvus brachyrhynchos,2026-04-18T19:45:44Z,18-Apr-2026,12:45:44,0.8471,1
House Finch,Haemorhous mexicanus,2026-04-18T19:44:14Z,18-Apr-2026,12:44:14,0.26,1
American Crow,Corvus brachyrhynchos,2026-04-18T19:43:18Z,18-Apr-2026,12:43:18,0.8157,1
House Finch,Haemorhous mexicanus,2026-04-18T19:42:40Z,18-Apr-2026,12:42:40,0.7804,2
House Finch,Haemorhous mexicanus,2026-04-18T19:42:12Z,18-Apr-2026,12:42:12,0.62,1
House Finch,Haemorhous mexicanus,2026-04-18T19:41:29Z,18-Apr-2026,12:41:29,0.8863,1
House Finch,Haemorhous mexicanus,2026-04-18T19:39:20Z,18-Apr-2026,12:39:20,0.71,1
House Finch,Haemorhous mexicanus,2026-04-18T19:37:11Z,18-Apr-2026,12:37:11,0.7804,3
Chestnut-backed Chickadee,Poecile rufescens,2026-04-18T19:35:01Z,18-Apr-2026,12:35:01,0.8627,4
Bushtit,Psaltriparus minimus,2026-04-18T19:34:57Z,18-Apr-2026,12:34:57,0.89,1
Chestnut-backed Chickadee,Poecile rufescens,2026-04-18T19:34:29Z,18-Apr-2026,12:34:29,0.38,1
Chestnut-backed Chickadee,Poecile rufescens,2026-04-18T19:34:21Z,18-Apr-2026,12:34:21,0.46,1
Chestnut-backed Chickadee,Poecile rufescens,2026-04-18T19:33:45Z,18-Apr-2026,12:33:45,0.8,2
House Finch,Haemorhous mexicanus,2026-04-18T19:32:45Z,18-Apr-2026,12:32:45,0.8157,1
House Finch,Haemorhous mexicanus,2026-04-18T19:32:35Z,18-Apr-2026,12:32:35,0.32,1
Chestnut-backed Chickadee,Poecile rufescens,2026-04-18T19:32:15Z,18-Apr-2026,12:32:15,0.32,1
White-crowned Sparrow,Zonotrichia leucophrys,2026-04-18T19:31:14Z,18-Apr-2026,12:31:14,0.67,1
Chestnut-backed Chickadee,Poecile rufescens,2026-04-18T19:31:09Z,18-Apr-2026,12:31:09,0.9765,8
Chestnut-backed Chickadee,Poecile rufescens,2026-04-18T19:31:04Z,18-Apr-2026,12:31:04,0.31,1
Chestnut-backed Chickadee,Poecile rufescens,2026-04-18T19:30:55Z,18-Apr-2026,12:30:55,0.53,1
Chestnut-backed Chickadee,Poecile rufescens,2026-04-18T19:29:53Z,18-Apr-2026,12:29:53,0.8863,5
Chestnut-backed Chickadee,Poecile rufescens,2026-04-18T19:29:21Z,18-Apr-2026,12:29:21,0.37,1
American Crow,Corvus brachyrhynchos,2026-04-18T19:29:17Z,18-Apr-2026,12:29:17,0.8,1
Chestnut-backed Chickadee,Poecile rufescens,2026-04-18T19:29:13Z,18-Apr-2026,12:29:13,0.4,1
Chestnut-backed Chickadee,Poecile rufescens,2026-04-18T19:28:50Z,18-Apr-2026,12:28:50,0.8314,4
House Finch,Haemorhous mexicanus,2026-04-18T19:28:20Z,18-Apr-2026,12:28:20,0.7804,1
Chestnut-backed Chickadee,Poecile rufescens,2026-04-18T19:27:34Z,18-Apr-2026,12:27:34,0.29,1
Black-capped Chickadee,Poecile atricapillus,2026-04-18T19:27:02Z,18-Apr-2026,12:27:02,0.43,1
Chestnut-backed Chickadee,Poecile rufescens,2026-04-18T19:26:54Z,18-Apr-2026,12:26:54,0.8471,4
Chestnut-backed Chickadee,Poecile rufescens,2026-04-18T19:26:50Z,18-Apr-2026,12:26:50,0.35,1
Black-capped Chickadee,Poecile atricapillus,2026-04-18T19:26:36Z,18-Apr-2026,12:26:36,0.36,1
Chestnut-backed Chickadee,Poecile rufescens,2026-04-18T19:26:01Z,18-Apr-2026,12:26:01,0.26,1
Chestnut-backed Chickadee,Poecile rufescens,2026-04-18T19:25:47Z,18-Apr-2026,12:25:47,0.34,1
Chestnut-backed Chickadee,Poecile rufescens,2026-04-18T19:25:36Z,18-Apr-2026,12:25:36,0.9529,3
Chestnut-backed Chickadee,Poecile rufescens,2026-04-18T19:24:25Z,18-Apr-2026,12:24:25,0.8745,1
Chestnut-backed Chickadee,Poecile rufescens,2026-04-18T19:24:21Z,18-Apr-2026,12:24:21,0.26,1
Chestnut-backed Chickadee,Poecile rufescens,2026-04-18T19:24:08Z,18-Apr-2026,12:24:08,0.38,1
Yellow-rumped Warbler,Setophaga coronata,2026-04-18T19:23:03Z,18-Apr-2026,12:23:03,0.68,1
Yellow-rumped Warbler,Setophaga coronata,2026-04-18T19:22:56Z,18-Apr-2026,12:22:56,0.26,1
Yellow-rumped Warbler,Setophaga coronata,2026-04-18T19:22:49Z,18-Apr-2026,12:22:49,0.37,1
Black-capped Chickadee,Poecile atricapillus,2026-04-18T19:21:59Z,18-Apr-2026,12:21:59,0.27,1
Chestnut-backed Chickadee,Poecile rufescens,2026-04-18T19:21:55Z,18-Apr-2026,12:21:55,0.8314,1
Bewick's Wren,Thryomanes bewickii,2026-04-18T19:18:14Z,18-Apr-2026,12:18:14,0.42,1
Bewick's Wren,Thryomanes bewickii,2026-04-18T19:17:21Z,18-Apr-2026,12:17:21,0.54,1
Bewick's Wren,Thryomanes bewickii,2026-04-18T19:16:17Z,18-Apr-2026,12:16:17,0.35,1
Chestnut-backed Chickadee,Poecile rufescens,2026-04-18T19:15:00Z,18-Apr-2026,12:15:00,0.9176,3
Bewick's Wren,Thryomanes bewickii,2026-04-18T19:14:27Z,18-Apr-2026,12:14:27,0.36,1
Bewick's Wren,Thryomanes bewickii,2026-04-18T19:13:54Z,18-Apr-2026,12:13:54,0.75,1
Chestnut-backed Chickadee,Poecile rufescens,2026-04-18T19:13:42Z,18-Apr-2026,12:13:42,0.898,1
Bewick's Wren,Thryomanes bewickii,2026-04-18T19:13:32Z,18-Apr-2026,12:13:32,0.3,1
Bewick's Wren,Thryomanes bewickii,2026-04-18T19:13:13Z,18-Apr-2026,12:13:13,0.81,1
House Finch,Haemorhous mexicanus,2026-04-18T19:13:03Z,18-Apr-2026,12:13:03,0.33,1
Bewick's Wren,Thryomanes bewickii,2026-04-18T19:12:57Z,18-Apr-2026,12:12:57,0.86,1
Bewick's Wren,Thryomanes bewickii,2026-04-18T19:12:50Z,18-Apr-2026,12:12:50,0.76,1
Bewick's Wren,Thryomanes bewickii,2026-04-18T19:12:36Z,18-Apr-2026,12:12:36,0.85,1
Bewick's Wren,Thryomanes bewickii,2026-04-18T19:12:27Z,18-Apr-2026,12:12:27,0.58,1
Bewick's Wren,Thryomanes bewickii,2026-04-18T19:12:00Z,18-Apr-2026,12:12:00,0.67,1
Bewick's Wren,Thryomanes bewickii,2026-04-18T19:11:24Z,18-Apr-2026,12:11:24,0.49,1
House Finch,Haemorhous mexicanus,2026-04-18T19:09:42Z,18-Apr-2026,12:09:42,0.8157,2
House Finch,Haemorhous mexicanus,2026-04-18T19:09:27Z,18-Apr-2026,12:09:27,0.27,1
House Finch,Haemorhous mexicanus,2026-04-18T19:07:58Z,18-Apr-2026,12:07:58,0.8627,2
House Finch,Haemorhous mexicanus,2026-04-18T19:06:53Z,18-Apr-2026,12:06:53,0.9176,1
Black-capped Chickadee,Poecile atricapillus,2026-04-18T19:06:20Z,18-Apr-2026,12:06:20,0.81,1
Black-capped Chickadee,Poecile atricapillus,2026-04-18T19:05:53Z,18-Apr-2026,12:05:53,0.45,1
Black-capped Chickadee,Poecile atricapillus,2026-04-18T19:05:49Z,18-Apr-2026,12:05:49,0.9412,1
House Finch,Haemorhous mexicanus,2026-04-18T19:05:34Z,18-Apr-2026,12:05:34,0.7804,4
Black-capped Chickadee,Poecile atricapillus,2026-04-18T19:04:42Z,18-Apr-2026,12:04:42,0.7804,2
House Finch,Haemorhous mexicanus,2026-04-18T19:04:26Z,18-Apr-2026,12:04:26,0.8745,1
Black-capped Chickadee,Poecile atricapillus,2026-04-18T19:04:00Z,18-Apr-2026,12:04:00,0.35,1
Black-capped Chickadee,Poecile atricapillus,2026-04-18T19:03:38Z,18-Apr-2026,12:03:38,0.31,1
Black-capped Chickadee,Poecile atricapillus,2026-04-18T19:03:31Z,18-Apr-2026,12:03:31,0.8863,1
Red-breasted Nuthatch,Sitta canadensis,2026-04-18T19:03:08Z,18-Apr-2026,12:03:08,0.89,1
House Finch,Haemorhous mexicanus,2026-04-18T19:02:49Z,18-Apr-2026,12:02:49,0.34,1
Red-breasted Nuthatch,Sitta canadensis,2026-04-18T19:02:39Z,18-Apr-2026,12:02:39,0.96,1
Red-breasted Nuthatch,Sitta canadensis,2026-04-18T19:02:21Z,18-Apr-2026,12:02:21,0.83,1
Black-capped Chickadee,Poecile atricapillus,2026-04-18T19:01:28Z,18-Apr-2026,12:01:28,0.8627,1
Mountain Chickadee,Poecile gambeli,2026-04-18T19:01:17Z,18-Apr-2026,12:01:17,0.41,1
Black-capped Chickadee,Poecile atricapillus,2026-04-18T19:00:05Z,18-Apr-2026,12:00:05,0.8863,1
Chestnut-backed Chickadee,Poecile rufescens,2026-04-18T18:59:32Z,18-Apr-2026,11:59:32,0.45,1
Bewick's Wren,Thryomanes bewickii,2026-04-18T18:59:09Z,18-Apr-2026,11:59:09,0.29,1
Chestnut-backed Chickadee,Poecile rufescens,2026-04-18T18:58:49Z,18-Apr-2026,11:58:49,0.9255,8
Chestnut-backed Chickadee,Poecile rufescens,2026-04-18T18:58:24Z,18-Apr-2026,11:58:24,0.44,1
Chestnut-backed Chickadee,Poecile rufescens,2026-04-18T18:57:38Z,18-Apr-2026,11:57:38,0.7804,1
Black-capped Chickadee,Poecile atricapillus,2026-04-18T18:56:30Z,18-Apr-2026,11:56:30,0.8627,1
House Finch,Haemorhous mexicanus,2026-04-18T18:55:18Z,18-Apr-2026,11:55:18,0.7804,2
American Crow,Corvus brachyrhynchos,2026-04-18T18:55:07Z,18-Apr-2026,11:55:07,0.8314,1
Bewick's Wren,Thryomanes bewickii,2026-04-18T18:54:48Z,18-Apr-2026,11:54:48,0.4,1
American Crow,Corvus brachyrhynchos,2026-04-18T18:54:04Z,18-Apr-2026,11:54:04,0.35,1
House Finch,Haemorhous mexicanus,2026-04-18T18:53:35Z,18-Apr-2026,11:53:35,0.32,1
House Finch,Haemorhous mexicanus,2026-04-18T18:53:13Z,18-Apr-2026,11:53:13,0.8,2
House Finch,Haemorhous mexicanus,2026-04-18T18:51:21Z,18-Apr-2026,11:51:21,0.9412,1
House Finch,Haemorhous mexicanus,2026-04-18T18:50:47Z,18-Apr-2026,11:50:47,0.6,1
Steller's Jay,Cyanocitta stelleri,2026-04-18T18:46:21Z,18-Apr-2026,11:46:21,0.85,1
Steller's Jay,Cyanocitta stelleri,2026-04-18T18:46:05Z,18-Apr-2026,11:46:05,0.8,1
Steller's Jay,Cyanocitta stelleri,2026-04-18T18:45:50Z,18-Apr-2026,11:45:50,0.34,1
Orange-crowned Warbler,Leiothlypis celata,2026-04-18T18:45:07Z,18-Apr-2026,11:45:07,0.33,1
Chestnut-backed Chickadee,Poecile rufescens,2026-04-18T18:41:06Z,18-Apr-2026,11:41:06,0.9725,2
Bewick's Wren,Thryomanes bewickii,2026-04-18T18:40:48Z,18-Apr-2026,11:40:48,0.72,1
Chestnut-backed Chickadee,Poecile rufescens,2026-04-18T18:39:41Z,18-Apr-2026,11:39:41,0.8745,5
Chestnut-backed Chickadee,Poecile rufescens,2026-04-18T18:38:24Z,18-Apr-2026,11:38:24,0.9412,4
Chestnut-backed Chickadee,Poecile rufescens,2026-04-18T18:38:18Z,18-Apr-2026,11:38:18,0.62,1
Chestnut-backed Chickadee,Poecile rufescens,2026-04-18T18:38:11Z,18-Apr-2026,11:38:11,0.62,1
Chestnut-backed Chickadee,Poecile rufescens,2026-04-18T18:36:38Z,18-Apr-2026,11:36:38,0.8627,1
Anna's Hummingbird,Calypte anna,2026-04-18T18:32:24Z,18-Apr-2026,11:32:24,0.8314,1
Chestnut-backed Chickadee,Poecile rufescens,2026-04-18T18:31:55Z,18-Apr-2026,11:31:55,0.61,1
Chestnut-backed Chickadee,Poecile rufescens,2026-04-18T18:31:47Z,18-Apr-2026,11:31:47,0.51,1
Chestnut-backed Chickadee,Poecile rufescens,2026-04-18T18:31:05Z,18-Apr-2026,11:31:05,0.69,1
Chestnut-backed Chickadee,Poecile rufescens,2026-04-18T18:30:57Z,18-Apr-2026,11:30:57,0.3,1
Chestnut-backed Chickadee,Poecile rufescens,2026-04-18T18:30:49Z,18-Apr-2026,11:30:49,0.3,1
Chestnut-backed Chickadee,Poecile rufescens,2026-04-18T18:30:41Z,18-Apr-2026,11:30:41,0.35,1
Chestnut-backed Chickadee,Poecile rufescens,2026-04-18T18:30:37Z,18-Apr-2026,11:30:37,0.9098,2
Anna's Hummingbird,Calypte anna,2026-04-18T18:30:15Z,18-Apr-2026,11:30:15,0.8745,1
Chestnut-backed Chickadee,Poecile rufescens,2026-04-18T18:30:11Z,18-Apr-2026,11:30:11,0.63,1
Chestnut-backed Chickadee,Poecile rufescens,2026-04-18T18:29:53Z,18-Apr-2026,11:29:53,0.58,1
Chestnut-backed Chickadee,Poecile rufescens,2026-04-18T18:29:21Z,18-Apr-2026,11:29:21,0.8,3
Chestnut-backed Chickadee,Poecile rufescens,2026-04-18T18:28:26Z,18-Apr-2026,11:28:26,0.29,1
Chestnut-backed Chickadee,Poecile rufescens,2026-04-18T18:28:00Z,18-Apr-2026,11:28:00,0.7804,2
Chestnut-backed Chickadee,Poecile rufescens,2026-04-18T18:27:55Z,18-Apr-2026,11:27:55,0.34,1
Chestnut-backed Chickadee,Poecile rufescens,2026-04-18T18:27:39Z,18-Apr-2026,11:27:39,0.3,1
Chestnut-backed Chickadee,Poecile rufescens,2026-04-18T18:27:33Z,18-Apr-2026,11:27:33,0.41,1
Chestnut-backed Chickadee,Poecile rufescens,2026-04-18T18:27:26Z,18-Apr-2026,11:27:26,0.36,1
Chestnut-backed Chickadee,Poecile rufescens,2026-04-18T18:26:56Z,18-Apr-2026,11:26:56,0.28,1
Chestnut-backed Chickadee,Poecile rufescens,2026-04-18T18:26:39Z,18-Apr-2026,11:26:39,0.9333,4
Chestnut-backed Chickadee,Poecile rufescens,2026-04-18T18:26:22Z,18-Apr-2026,11:26:22,0.64,1
Chestnut-backed Chickadee,Poecile rufescens,2026-04-18T18:26:15Z,18-Apr-2026,11:26:15,0.82,1
Chestnut-backed Chickadee,Poecile rufescens,2026-04-18T18:25:59Z,18-Apr-2026,11:25:59,0.47,1
Bewick's Wren,Thryomanes bewickii,2026-04-18T18:25:37Z,18-Apr-2026,11:25:37,0.33,1
Chestnut-backed Chickadee,Poecile rufescens,2026-04-18T18:25:33Z,18-Apr-2026,11:25:33,0.9529,5
House Finch,Haemorhous mexicanus,2026-04-18T18:24:41Z,18-Apr-2026,11:24:41,0.47,1
Chestnut-backed Chickadee,Poecile rufescens,2026-04-18T18:24:23Z,18-Apr-2026,11:24:23,0.9529,1
Bewick's Wren,Thryomanes bewickii,2026-04-18T18:24:19Z,18-Apr-2026,11:24:19,0.47,1
Bewick's Wren,Thryomanes bewickii,2026-04-18T18:24:11Z,18-Apr-2026,11:24:11,0.39,1
Bewick's Wren,Thryomanes bewickii,2026-04-18T18:22:26Z,18-Apr-2026,11:22:26,0.29,1
Bewick's Wren,Thryomanes bewickii,2026-04-18T18:22:14Z,18-Apr-2026,11:22:14,0.83,1
Bewick's Wren,Thryomanes bewickii,2026-04-18T18:22:04Z,18-Apr-2026,11:22:04,0.7,1
Bewick's Wren,Thryomanes bewickii,2026-04-18T18:21:57Z,18-Apr-2026,11:21:57,0.52,1
Bewick's Wren,Thryomanes bewickii,2026-04-18T18:21:29Z,18-Apr-2026,11:21:29,0.35,1
Bewick's Wren,Thryomanes bewickii,2026-04-18T18:21:13Z,18-Apr-2026,11:21:13,0.63,1
Bewick's Wren,Thryomanes bewickii,2026-04-18T18:21:05Z,18-Apr-2026,11:21:05,0.47,1
American Crow,Corvus brachyrhynchos,2026-04-18T18:19:32Z,18-Apr-2026,11:19:32,0.8745,1
House Finch,Haemorhous mexicanus,2026-04-18T18:15:47Z,18-Apr-2026,11:15:47,0.8863,1
Golden-crowned Kinglet,Regulus satrapa,2026-04-18T18:14:59Z,18-Apr-2026,11:14:59,0.44,1
American Crow,Corvus brachyrhynchos,2026-04-18T18:14:21Z,18-Apr-2026,11:14:21,0.27,1
Dark-eyed Junco,Junco hyemalis,2026-04-18T18:11:58Z,18-Apr-2026,11:11:58,0.8745,1
Dark-eyed Junco,Junco hyemalis,2026-04-18T18:10:47Z,18-Apr-2026,11:10:47,0.42,1
Dark-eyed Junco,Junco hyemalis,2026-04-18T18:10:10Z,18-Apr-2026,11:10:10,0.8,1
Black-capped Chickadee,Poecile atricapillus,2026-04-18T18:09:23Z,18-Apr-2026,11:09:23,0.8863,1
Dark-eyed Junco,Junco hyemalis,2026-04-18T18:06:52Z,18-Apr-2026,11:06:52,0.29,1
Anna's Hummingbird,Calypte anna,2026-04-18T18:06:49Z,18-Apr-2026,11:06:49,0.8471,1
Dark-eyed Junco,Junco hyemalis,2026-04-18T18:05:10Z,18-Apr-2026,11:05:10,0.31,1
Dark-eyed Junco,Junco hyemalis,2026-04-18T18:05:02Z,18-Apr-2026,11:05:02,0.36,1
House Finch,Haemorhous mexicanus,2026-04-18T18:04:10Z,18-Apr-2026,11:04:10,0.8,2
House Finch,Haemorhous mexicanus,2026-04-18T18:02:26Z,18-Apr-2026,11:02:26,0.42,1
House Finch,Haemorhous mexicanus,2026-04-18T18:02:22Z,18-Apr-2026,11:02:22,0.8471,1
Bewick's Wren,Thryomanes bewickii,2026-04-18T18:02:18Z,18-Apr-2026,11:02:18,0.63,1
Bewick's Wren,Thryomanes bewickii,2026-04-18T18:02:11Z,18-Apr-2026,11:02:11,0.32,1
Bewick's Wren,Thryomanes bewickii,2026-04-18T18:02:05Z,18-Apr-2026,11:02:05,0.59,1
Bewick's Wren,Thryomanes bewickii,2026-04-18T18:01:47Z,18-Apr-2026,11:01:47,0.35,1
House Finch,Haemorhous mexicanus,2026-04-18T17:59:01Z,18-Apr-2026,10:59:01,0.8471,1
House Finch,Haemorhous mexicanus,2026-04-18T17:57:36Z,18-Apr-2026,10:57:36,0.9098,1
Bewick's Wren,Thryomanes bewickii,2026-04-18T17:56:57Z,18-Apr-2026,10:56:57,0.53,1
Bewick's Wren,Thryomanes bewickii,2026-04-18T17:55:05Z,18-Apr-2026,10:55:05,0.31,1
Bewick's Wren,Thryomanes bewickii,2026-04-18T17:54:04Z,18-Apr-2026,10:54:04,0.42,1
Black-capped Chickadee,Poecile atricapillus,2026-04-18T17:53:33Z,18-Apr-2026,10:53:33,0.53,1
Black-capped Chickadee,Poecile atricapillus,2026-04-18T17:53:29Z,18-Apr-2026,10:53:29,0.9098,3
Black-capped Chickadee,Poecile atricapillus,2026-04-18T17:52:34Z,18-Apr-2026,10:52:34,0.48,1
Black-capped Chickadee,Poecile atricapillus,2026-04-18T17:52:16Z,18-Apr-2026,10:52:16,0.9843,1
Black-capped Chickadee,Poecile atricapillus,2026-04-18T17:52:12Z,18-Apr-2026,10:52:12,0.29,1
House Finch,Haemorhous mexicanus,2026-04-18T17:51:45Z,18-Apr-2026,10:51:45,0.8471,1
Bewick's Wren,Thryomanes bewickii,2026-04-18T17:50:53Z,18-Apr-2026,10:50:53,0.54,1
Anna's Hummingbird,Calypte anna,2026-04-18T17:50:48Z,18-Apr-2026,10:50:48,0.9569,1
House Finch,Haemorhous mexicanus,2026-04-18T17:48:54Z,18-Apr-2026,10:48:54,0.8,1
Chestnut-backed Chickadee,Poecile rufescens,2026-04-18T17:48:05Z,18-Apr-2026,10:48:05,0.8627,15
Anna's Hummingbird,Calypte anna,2026-04-18T17:48:01Z,18-Apr-2026,10:48:01,0.8863,2
Chestnut-backed Chickadee,Poecile rufescens,2026-04-18T17:47:56Z,18-Apr-2026,10:47:56,0.36,1
Chestnut-backed Chickadee,Poecile rufescens,2026-04-18T17:47:08Z,18-Apr-2026,10:47:08,0.32,1
Chestnut-backed Chickadee,Poecile rufescens,2026-04-18T17:47:04Z,18-Apr-2026,10:47:04,0.9569,15
Chestnut-backed Chickadee,Poecile rufescens,2026-04-18T17:46:56Z,18-Apr-2026,10:46:56,0.37,1
Chestnut-backed Chickadee,Poecile rufescens,2026-04-18T17:46:30Z,18-Apr-2026,10:46:30,0.45,1
Chestnut-backed Chickadee,Poecile rufescens,2026-04-18T17:46:20Z,18-Apr-2026,10:46:20,0.75,1
Chestnut-backed Chickadee,Poecile rufescens,2026-04-18T17:46:03Z,18-Apr-2026,10:46:03,0.8863,1
Chestnut-backed Chickadee,Poecile rufescens,2026-04-18T17:45:50Z,18-Apr-2026,10:45:50,0.71,1
Anna's Hummingbird,Calypte anna,2026-04-18T17:45:45Z,18-Apr-2026,10:45:45,0.898,1
Bewick's Wren,Thryomanes bewickii,2026-04-18T17:44:41Z,18-Apr-2026,10:44:41,0.26,1
House Finch,Haemorhous mexicanus,2026-04-18T17:40:59Z,18-Apr-2026,10:40:59,0.4,1
Chestnut-backed Chickadee,Poecile rufescens,2026-04-18T17:40:55Z,18-Apr-2026,10:40:55,0.9176,1
Orange-crowned Warbler,Leiothlypis celata,2026-04-18T17:40:21Z,18-Apr-2026,10:40:21,0.29,1
Orange-crowned Warbler,Leiothlypis celata,2026-04-18T17:40:00Z,18-Apr-2026,10:40:00,0.27,1
Black-capped Chickadee,Poecile atricapillus,2026-04-18T17:39:53Z,18-Apr-2026,10:39:53,0.8627,1
Black-capped Chickadee,Poecile atricapillus,2026-04-18T17:36:20Z,18-Apr-2026,10:36:20,0.28,1
Black-capped Chickadee,Poecile atricapillus,2026-04-18T17:35:42Z,18-Apr-2026,10:35:42,0.45,1
Black-capped Chickadee,Poecile atricapillus,2026-04-18T17:35:20Z,18-Apr-2026,10:35:20,0.8745,1
House Finch,Haemorhous mexicanus,2026-04-18T17:33:24Z,18-Apr-2026,10:33:24,0.37,1
Chestnut-backed Chickadee,Poecile rufescens,2026-04-18T17:30:34Z,18-Apr-2026,10:30:34,0.8745,8
Chestnut-backed Chickadee,Poecile rufescens,2026-04-18T17:29:10Z,18-Apr-2026,10:29:10,0.9098,7
Chestnut-backed Chickadee,Poecile rufescens,2026-04-18T17:29:03Z,18-Apr-2026,10:29:03,0.55,1
Chestnut-backed Chickadee,Poecile rufescens,2026-04-18T17:28:56Z,18-Apr-2026,10:28:56,0.29,1
Chestnut-backed Chickadee,Poecile rufescens,2026-04-18T17:28:31Z,18-Apr-2026,10:28:31,0.61,1
Chestnut-backed Chickadee,Poecile rufescens,2026-04-18T17:28:11Z,18-Apr-2026,10:28:11,0.42,1
Chestnut-backed Chickadee,Poecile rufescens,2026-04-18T17:28:06Z,18-Apr-2026,10:28:06,0.9255,6
Bewick's Wren,Thryomanes bewickii,2026-04-18T17:27:37Z,18-Apr-2026,10:27:37,0.74,1
Chestnut-backed Chickadee,Poecile rufescens,2026-04-18T17:27:01Z,18-Apr-2026,10:27:01,0.9804,6
Chestnut-backed Chickadee,Poecile rufescens,2026-04-18T17:26:39Z,18-Apr-2026,10:26:39,0.39,1
Chestnut-backed Chickadee,Poecile rufescens,2026-04-18T17:26:08Z,18-Apr-2026,10:26:08,0.51,1
Chestnut-backed Chickadee,Poecile rufescens,2026-04-18T17:26:00Z,18-Apr-2026,10:26:00,0.9843,3
American Robin,Turdus migratorius,2026-04-18T17:25:56Z,18-Apr-2026,10:25:56,0.45,1
Chestnut-backed Chickadee,Poecile rufescens,2026-04-18T17:25:33Z,18-Apr-2026,10:25:33,0.64,1
Chestnut-backed Chickadee,Poecile rufescens,2026-04-18T17:25:12Z,18-Apr-2026,10:25:12,0.26,1
Chestnut-backed Chickadee,Poecile rufescens,2026-04-18T17:24:54Z,18-Apr-2026,10:24:54,0.9765,1
Bewick's Wren,Thryomanes bewickii,2026-04-18T17:24:08Z,18-Apr-2026,10:24:08,0.29,1
Bewick's Wren,Thryomanes bewickii,2026-04-18T17:23:54Z,18-Apr-2026,10:23:54,0.3,1
Bewick's Wren,Thryomanes bewickii,2026-04-18T17:23:44Z,18-Apr-2026,10:23:44,0.32,1
American Robin,Turdus migratorius,2026-04-18T17:23:30Z,18-Apr-2026,10:23:30,0.8,4
Bewick's Wren,Thryomanes bewickii,2026-04-18T17:23:17Z,18-Apr-2026,10:23:17,0.46,1
Chestnut-backed Chickadee,Poecile rufescens,2026-04-18T17:23:13Z,18-Apr-2026,10:23:13,0.9098,1
American Robin,Turdus migratorius,2026-04-18T17:22:36Z,18-Apr-2026,10:22:36,0.36,1
American Robin,Turdus migratorius,2026-04-18T17:22:26Z,18-Apr-2026,10:22:26,0.59,1
Bewick's Wren,Thryomanes bewickii,2026-04-18T17:22:06Z,18-Apr-2026,10:22:06,0.43,1
American Robin,Turdus migratorius,2026-04-18T17:21:18Z,18-Apr-2026,10:21:18,0.8314,1
Bewick's Wren,Thryomanes bewickii,2026-04-18T17:20:00Z,18-Apr-2026,10:20:00,0.76,1
Bewick's Wren,Thryomanes bewickii,2026-04-18T17:18:30Z,18-Apr-2026,10:18:30,0.62,1
American Robin,Turdus migratorius,2026-04-18T17:18:09Z,18-Apr-2026,10:18:09,0.32,1
Bewick's Wren,Thryomanes bewickii,2026-04-18T17:17:59Z,18-Apr-2026,10:17:59,0.35,1
American Robin,Turdus migratorius,2026-04-18T17:17:45Z,18-Apr-2026,10:17:45,0.7804,1
Bewick's Wren,Thryomanes bewickii,2026-04-18T17:17:18Z,18-Apr-2026,10:17:18,0.81,1
Bewick's Wren,Thryomanes bewickii,2026-04-18T17:16:49Z,18-Apr-2026,10:16:49,0.66,1
American Robin,Turdus migratorius,2026-04-18T17:16:35Z,18-Apr-2026,10:16:35,0.33,1
Bewick's Wren,Thryomanes bewickii,2026-04-18T17:15:20Z,18-Apr-2026,10:15:20,0.51,1
Bewick's Wren,Thryomanes bewickii,2026-04-18T17:14:43Z,18-Apr-2026,10:14:43,0.51,1
American Goldfinch,Spinus tristis,2026-04-18T17:14:33Z,18-Apr-2026,10:14:33,0.9569,1
Bewick's Wren,Thryomanes bewickii,2026-04-18T17:14:24Z,18-Apr-2026,10:14:24,0.82,1
Black-capped Chickadee,Poecile atricapillus,2026-04-18T17:13:59Z,18-Apr-2026,10:13:59,0.8471,1
House Finch,Haemorhous mexicanus,2026-04-18T17:12:41Z,18-Apr-2026,10:12:41,0.8863,1
Bewick's Wren,Thryomanes bewickii,2026-04-18T17:11:11Z,18-Apr-2026,10:11:11,0.88,1
Black-capped Chickadee,Poecile atricapillus,2026-04-18T17:10:35Z,18-Apr-2026,10:10:35,0.52,1
Black-capped Chickadee,Poecile atricapillus,2026-04-18T17:10:28Z,18-Apr-2026,10:10:28,0.39,1
Chestnut-backed Chickadee,Poecile rufescens,2026-04-18T17:09:36Z,18-Apr-2026,10:09:36,0.8314,3
Chestnut-backed Chickadee,Poecile rufescens,2026-04-18T17:08:02Z,18-Apr-2026,10:08:02,0.8314,2
Chestnut-backed Chickadee,Poecile rufescens,2026-04-18T17:07:58Z,18-Apr-2026,10:07:58,0.56,1
House Finch,Haemorhous mexicanus,2026-04-18T17:06:30Z,18-Apr-2026,10:06:30,0.43,1
House Finch,Haemorhous mexicanus,2026-04-18T17:06:05Z,18-Apr-2026,10:06:05,0.7804,1
House Finch,Haemorhous mexicanus,2026-04-18T17:03:26Z,18-Apr-2026,10:03:26,0.9176,1
Chestnut-backed Chickadee,Poecile rufescens,2026-04-18T17:02:12Z,18-Apr-2026,10:02:12,0.8471,9
House Finch,Haemorhous mexicanus,2026-04-18T17:01:51Z,18-Apr-2026,10:01:51,0.7804,1
Bewick's Wren,Thryomanes bewickii,2026-04-18T17:01:12Z,18-Apr-2026,10:01:12,0.35,1
Chestnut-backed Chickadee,Poecile rufescens,2026-04-18T17:00:57Z,18-Apr-2026,10:00:57,0.949,3
Chestnut-backed Chickadee,Poecile rufescens,2026-04-18T16:59:55Z,18-Apr-2026,09:59:55,0.7804,2
Chestnut-backed Chickadee,Poecile rufescens,2026-04-18T16:59:27Z,18-Apr-2026,09:59:27,0.36,1
Chestnut-backed Chickadee,Poecile rufescens,2026-04-18T16:58:50Z,18-Apr-2026,09:58:50,0.9098,5
Chestnut-backed Chickadee,Poecile rufescens,2026-04-18T16:58:46Z,18-Apr-2026,09:58:46,0.28,1
House Finch,Haemorhous mexicanus,2026-04-18T16:58:42Z,18-Apr-2026,09:58:42,0.9569,2
Chestnut-backed Chickadee,Poecile rufescens,2026-04-18T16:57:59Z,18-Apr-2026,09:57:59,0.62,1
Chestnut-backed Chickadee,Poecile rufescens,2026-04-18T16:57:42Z,18-Apr-2026,09:57:42,0.9765,3
Chestnut-backed Chickadee,Poecile rufescens,2026-04-18T16:57:35Z,18-Apr-2026,09:57:35,0.51,1
Chestnut-backed Chickadee,Poecile rufescens,2026-04-18T16:56:50Z,18-Apr-2026,09:56:50,0.46,1
Chestnut-backed Chickadee,Poecile rufescens,2026-04-18T16:56:40Z,18-Apr-2026,09:56:40,0.8157,1
Chestnut-backed Chickadee,Poecile rufescens,2026-04-18T16:56:36Z,18-Apr-2026,09:56:36,0.29,1
House Finch,Haemorhous mexicanus,2026-04-18T16:55:56Z,18-Apr-2026,09:55:56,0.8471,1
Bewick's Wren,Thryomanes bewickii,2026-04-18T16:55:22Z,18-Apr-2026,09:55:22,0.78,1
Bewick's Wren,Thryomanes bewickii,2026-04-18T16:53:39Z,18-Apr-2026,09:53:39,0.89,1
Bewick's Wren,Thryomanes bewickii,2026-04-18T16:52:03Z,18-Apr-2026,09:52:03,0.46,1
House Finch,Haemorhous mexicanus,2026-04-18T16:50:28Z,18-Apr-2026,09:50:28,0.8471,3
American Crow,Corvus brachyrhynchos,2026-04-18T16:49:59Z,18-Apr-2026,09:49:59,0.8314,1
House Finch,Haemorhous mexicanus,2026-04-18T16:49:48Z,18-Apr-2026,09:49:48,0.34,1
House Finch,Haemorhous mexicanus,2026-04-18T16:49:17Z,18-Apr-2026,09:49:17,0.8,2
House Finch,Haemorhous mexicanus,2026-04-18T16:48:22Z,18-Apr-2026,09:48:22,0.43,1
American Robin,Turdus migratorius,2026-04-18T16:47:12Z,18-Apr-2026,09:47:12,0.8863,1
House Finch,Haemorhous mexicanus,2026-04-18T16:47:08Z,18-Apr-2026,09:47:08,0.8863,2
House Finch,Haemorhous mexicanus,2026-04-18T16:45:31Z,18-Apr-2026,09:45:31,0.898,1
House Finch,Haemorhous mexicanus,2026-04-18T16:43:05Z,18-Apr-2026,09:43:05,0.8,1
House Finch,Haemorhous mexicanus,2026-04-18T16:41:33Z,18-Apr-2026,09:41:33,0.8745,1
Chestnut-backed Chickadee,Poecile rufescens,2026-04-18T16:41:23Z,18-Apr-2026,09:41:23,0.8863,1
Chestnut-backed Chickadee,Poecile rufescens,2026-04-18T16:40:18Z,18-Apr-2026,09:40:18,0.8863,2
Chestnut-backed Chickadee,Poecile rufescens,2026-04-18T16:39:34Z,18-Apr-2026,09:39:34,0.53,1
Chestnut-backed Chickadee,Poecile rufescens,2026-04-18T16:39:06Z,18-Apr-2026,09:39:06,0.38,1
Chestnut-backed Chickadee,Poecile rufescens,2026-04-18T16:38:52Z,18-Apr-2026,09:38:52,0.8,2
American Robin,Turdus migratorius,2026-04-18T16:38:09Z,18-Apr-2026,09:38:09,0.51,1
Golden-crowned Kinglet,Regulus satrapa,2026-04-18T16:38:01Z,18-Apr-2026,09:38:01,0.59,1
American Robin,Turdus migratorius,2026-04-18T16:37:49Z,18-Apr-2026,09:37:49,0.41,1
Chestnut-backed Chickadee,Poecile rufescens,2026-04-18T16:37:37Z,18-Apr-2026,09:37:37,0.9333,1
American Robin,Turdus migratorius,2026-04-18T16:36:28Z,18-Apr-2026,09:36:28,0.9098,8
Chestnut-backed Chickadee,Poecile rufescens,2026-04-18T16:35:26Z,18-Apr-2026,09:35:26,0.34,1
American Robin,Turdus migratorius,2026-04-18T16:34:45Z,18-Apr-2026,09:34:45,0.8863,5
American Robin,Turdus migratorius,2026-04-18T16:34:26Z,18-Apr-2026,09:34:26,0.3,1
American Robin,Turdus migratorius,2026-04-18T16:33:44Z,18-Apr-2026,09:33:44,0.8157,2
American Robin,Turdus migratorius,2026-04-18T16:33:33Z,18-Apr-2026,09:33:33,0.45,1
American Robin,Turdus migratorius,2026-04-18T16:33:12Z,18-Apr-2026,09:33:12,0.29,1
Chestnut-backed Chickadee,Poecile rufescens,2026-04-18T16:31:49Z,18-Apr-2026,09:31:49,0.46,1
American Robin,Turdus migratorius,2026-04-18T16:31:29Z,18-Apr-2026,09:31:29,0.35,1
American Robin,Turdus migratorius,2026-04-18T16:31:08Z,18-Apr-2026,09:31:08,0.8314,4
American Robin,Turdus migratorius,2026-04-18T16:30:13Z,18-Apr-2026,09:30:13,0.71,1
American Robin,Turdus migratorius,2026-04-18T16:30:00Z,18-Apr-2026,09:30:00,0.8745,1
American Robin,Turdus migratorius,2026-04-18T16:28:28Z,18-Apr-2026,09:28:28,0.7804,3
American Robin,Turdus migratorius,2026-04-18T16:28:07Z,18-Apr-2026,09:28:07,0.46,1
American Robin,Turdus migratorius,2026-04-18T16:27:18Z,18-Apr-2026,09:27:18,0.8,2
American Robin,Turdus migratorius,2026-04-18T16:25:39Z,18-Apr-2026,09:25:39,0.9098,4
American Robin,Turdus migratorius,2026-04-18T16:25:29Z,18-Apr-2026,09:25:29,0.41,1
American Robin,Turdus migratorius,2026-04-18T16:24:39Z,18-Apr-2026,09:24:39,0.81,1
American Robin,Turdus migratorius,2026-04-18T16:24:00Z,18-Apr-2026,09:24:00,0.7804,1
American Robin,Turdus migratorius,2026-04-18T16:22:01Z,18-Apr-2026,09:22:01,0.898,1
American Crow,Corvus brachyrhynchos,2026-04-18T16:21:14Z,18-Apr-2026,09:21:14,0.8471,1
American Robin,Turdus migratorius,2026-04-18T16:20:52Z,18-Apr-2026,09:20:52,0.46,1
Dark-eyed Junco,Junco hyemalis,2026-04-18T16:20:32Z,18-Apr-2026,09:20:32,0.39,1
Orange-crowned Warbler,Leiothlypis celata,2026-04-18T16:20:25Z,18-Apr-2026,09:20:25,0.31,1
Chestnut-backed Chickadee,Poecile rufescens,2026-04-18T16:19:16Z,18-Apr-2026,09:19:16,0.26,1
Chestnut-backed Chickadee,Poecile rufescens,2026-04-18T16:18:31Z,18-Apr-2026,09:18:31,0.8,5
Chestnut-backed Chickadee,Poecile rufescens,2026-04-18T16:17:16Z,18-Apr-2026,09:17:16,0.8157,3
Chestnut-backed Chickadee,Poecile rufescens,2026-04-18T16:16:54Z,18-Apr-2026,09:16:54,0.62,1
Black Phoebe,Sayornis nigricans,2026-04-18T16:16:14Z,18-Apr-2026,09:16:14,0.8745,1
House Finch,Haemorhous mexicanus,2026-04-18T16:16:06Z,18-Apr-2026,09:16:06,0.8,2
Chestnut-backed Chickadee,Poecile rufescens,2026-04-18T16:15:58Z,18-Apr-2026,09:15:58,0.8,1
Chestnut-backed Chickadee,Poecile rufescens,2026-04-18T16:15:44Z,18-Apr-2026,09:15:44,0.45,1
House Finch,Haemorhous mexicanus,2026-04-18T16:14:47Z,18-Apr-2026,09:14:47,0.9529,1
American Robin,Turdus migratorius,2026-04-18T16:10:17Z,18-Apr-2026,09:10:17,0.8157,1
House Finch,Haemorhous mexicanus,2026-04-18T16:04:10Z,18-Apr-2026,09:04:10,0.27,1
Chestnut-backed Chickadee,Poecile rufescens,2026-04-18T16:03:04Z,18-Apr-2026,09:03:04,0.9412,6
Chestnut-backed Chickadee,Poecile rufescens,2026-04-18T16:02:17Z,18-Apr-2026,09:02:17,0.42,1
Chestnut-backed Chickadee,Poecile rufescens,2026-04-18T16:02:07Z,18-Apr-2026,09:02:07,0.57,1
Chestnut-backed Chickadee,Poecile rufescens,2026-04-18T16:02:00Z,18-Apr-2026,09:02:00,0.3,1
Chestnut-backed Chickadee,Poecile rufescens,2026-04-18T16:01:43Z,18-Apr-2026,09:01:43,0.9529,4
Chestnut-backed Chickadee,Poecile rufescens,2026-04-18T16:00:53Z,18-Apr-2026,09:00:53,0.26,1
Bewick's Wren,Thryomanes bewickii,2026-04-18T16:00:35Z,18-Apr-2026,09:00:35,0.52,1
Chestnut-backed Chickadee,Poecile rufescens,2026-04-18T16:00:24Z,18-Apr-2026,09:00:24,0.8,1
Bewick's Wren,Thryomanes bewickii,2026-04-18T15:59:32Z,18-Apr-2026,08:59:32,0.29,1
American Robin,Turdus migratorius,2026-04-18T15:57:26Z,18-Apr-2026,08:57:26,0.8745,6
American Robin,Turdus migratorius,2026-04-18T15:54:01Z,18-Apr-2026,08:54:01,0.6,1
Red-breasted Nuthatch,Sitta canadensis,2026-04-18T15:53:33Z,18-Apr-2026,08:53:33,0.55,1
American Robin,Turdus migratorius,2026-04-18T15:53:29Z,18-Apr-2026,08:53:29,0.8863,1
House Finch,Haemorhous mexicanus,2026-04-18T15:52:22Z,18-Apr-2026,08:52:22,0.8314,1
American Crow,Corvus brachyrhynchos,2026-04-18T15:49:55Z,18-Apr-2026,08:49:55,0.3,1
American Robin,Turdus migratorius,2026-04-18T15:48:32Z,18-Apr-2026,08:48:32,0.898,3
Golden-crowned Kinglet,Regulus satrapa,2026-04-18T15:48:12Z,18-Apr-2026,08:48:12,0.42,1
American Robin,Turdus migratorius,2026-04-18T15:47:37Z,18-Apr-2026,08:47:37,0.41,1
American Robin,Turdus migratorius,2026-04-18T15:47:30Z,18-Apr-2026,08:47:30,0.8,5
Chestnut-backed Chickadee,Poecile rufescens,2026-04-18T15:47:25Z,18-Apr-2026,08:47:25,0.71,1
Chestnut-backed Chickadee,Poecile rufescens,2026-04-18T15:46:56Z,18-Apr-2026,08:46:56,0.9176,1
American Robin,Turdus migratorius,2026-04-18T15:46:31Z,18-Apr-2026,08:46:31,0.26,1
Golden-crowned Kinglet,Regulus satrapa,2026-04-18T15:46:13Z,18-Apr-2026,08:46:13,0.27,1
American Robin,Turdus migratorius,2026-04-18T15:46:09Z,18-Apr-2026,08:46:09,0.8745,1
Golden-crowned Kinglet,Regulus satrapa,2026-04-18T15:46:02Z,18-Apr-2026,08:46:02,0.37,1
American Robin,Turdus migratorius,2026-04-18T15:45:49Z,18-Apr-2026,08:45:49,0.51,1
American Robin,Turdus migratorius,2026-04-18T15:45:02Z,18-Apr-2026,08:45:02,0.5,1
Chestnut-backed Chickadee,Poecile rufescens,2026-04-18T15:44:43Z,18-Apr-2026,08:44:43,0.42,1
American Robin,Turdus migratorius,2026-04-18T15:44:05Z,18-Apr-2026,08:44:05,0.31,1
American Robin,Turdus migratorius,2026-04-18T15:39:23Z,18-Apr-2026,08:39:23,0.55,1
American Robin,Turdus migratorius,2026-04-18T15:39:07Z,18-Apr-2026,08:39:07,0.8745,10
Dark-eyed Junco,Junco hyemalis,2026-04-18T15:38:43Z,18-Apr-2026,08:38:43,0.3,1
American Robin,Turdus migratorius,2026-04-18T15:38:16Z,18-Apr-2026,08:38:16,0.31,1
American Robin,Turdus migratorius,2026-04-18T15:35:50Z,18-Apr-2026,08:35:50,0.59,1
American Robin,Turdus migratorius,2026-04-18T15:34:40Z,18-Apr-2026,08:34:40,0.8745,7
American Robin,Turdus migratorius,2026-04-18T15:34:27Z,18-Apr-2026,08:34:27,0.28,1
Chestnut-backed Chickadee,Poecile rufescens,2026-04-18T15:34:01Z,18-Apr-2026,08:34:01,0.74,1
Chestnut-backed Chickadee,Poecile rufescens,2026-04-18T15:33:51Z,18-Apr-2026,08:33:51,0.82,1
Chestnut-backed Chickadee,Poecile rufescens,2026-04-18T15:33:40Z,18-Apr-2026,08:33:40,0.5,1
American Robin,Turdus migratorius,2026-04-18T15:33:28Z,18-Apr-2026,08:33:28,0.7804,11
Chestnut-backed Chickadee,Poecile rufescens,2026-04-18T15:33:21Z,18-Apr-2026,08:33:21,0.48,1
Chestnut-backed Chickadee,Poecile rufescens,2026-04-18T15:33:14Z,18-Apr-2026,08:33:14,0.32,1
Chestnut-backed Chickadee,Poecile rufescens,2026-04-18T15:33:00Z,18-Apr-2026,08:33:00,0.4,1
American Robin,Turdus migratorius,2026-04-18T15:32:33Z,18-Apr-2026,08:32:33,0.79,1
American Robin,Turdus migratorius,2026-04-18T15:32:27Z,18-Apr-2026,08:32:27,0.9098,7
American Robin,Turdus migratorius,2026-04-18T15:32:22Z,18-Apr-2026,08:32:22,0.29,1
American Robin,Turdus migratorius,2026-04-18T15:31:28Z,18-Apr-2026,08:31:28,0.43,1
American Robin,Turdus migratorius,2026-04-18T15:31:24Z,18-Apr-2026,08:31:24,0.8,1
American Robin,Turdus migratorius,2026-04-18T15:31:16Z,18-Apr-2026,08:31:16,0.58,1
American Robin,Turdus migratorius,2026-04-18T15:30:01Z,18-Apr-2026,08:30:01,0.75,1
Chestnut-backed Chickadee,Poecile rufescens,2026-04-18T15:29:57Z,18-Apr-2026,08:29:57,0.8627,1
American Robin,Turdus migratorius,2026-04-18T15:29:42Z,18-Apr-2026,08:29:42,0.45,1
American Robin,Turdus migratorius,2026-04-18T15:29:31Z,18-Apr-2026,08:29:31,0.46,1
American Robin,Turdus migratorius,2026-04-18T15:29:24Z,18-Apr-2026,08:29:24,0.8863,9
American Robin,Turdus migratorius,2026-04-18T15:29:12Z,18-Apr-2026,08:29:12,0.7,1
American Robin,Turdus migratorius,2026-04-18T15:28:39Z,18-Apr-2026,08:28:39,0.66,1
American Robin,Turdus migratorius,2026-04-18T15:28:31Z,18-Apr-2026,08:28:31,0.38,1
American Robin,Turdus migratorius,2026-04-18T15:28:19Z,18-Apr-2026,08:28:19,0.8157,1
Chestnut-backed Chickadee,Poecile rufescens,2026-04-18T15:28:09Z,18-Apr-2026,08:28:09,0.8314,8
Chestnut-backed Chickadee,Poecile rufescens,2026-04-18T15:28:05Z,18-Apr-2026,08:28:05,0.38,1
Chestnut-backed Chickadee,Poecile rufescens,2026-04-18T15:27:48Z,18-Apr-2026,08:27:48,0.59,1
Chestnut-backed Chickadee,Poecile rufescens,2026-04-18T15:27:15Z,18-Apr-2026,08:27:15,0.38,1
Chestnut-backed Chickadee,Poecile rufescens,2026-04-18T15:27:05Z,18-Apr-2026,08:27:05,0.8471,5
Chestnut-backed Chickadee,Poecile rufescens,2026-04-18T15:26:50Z,18-Apr-2026,08:26:50,0.47,1
Chestnut-backed Chickadee,Poecile rufescens,2026-04-18T15:26:24Z,18-Apr-2026,08:26:24,0.44,1
American Robin,Turdus migratorius,2026-04-18T15:26:08Z,18-Apr-2026,08:26:08,0.49,1
Chestnut-backed Chickadee,Poecile rufescens,2026-04-18T15:26:04Z,18-Apr-2026,08:26:04,0.898,4
Chestnut-backed Chickadee,Poecile rufescens,2026-04-18T15:25:50Z,18-Apr-2026,08:25:50,0.39,1
Chestnut-backed Chickadee,Poecile rufescens,2026-04-18T15:23:54Z,18-Apr-2026,08:23:54,0.8863,1
Chestnut-backed Chickadee,Poecile rufescens,2026-04-18T15:23:46Z,18-Apr-2026,08:23:46,0.32,1
Steller's Jay,Cyanocitta stelleri,2026-04-18T15:22:39Z,18-Apr-2026,08:22:39,0.9098,1
Bewick's Wren,Thryomanes bewickii,2026-04-18T15:22:18Z,18-Apr-2026,08:22:18,0.28,1
Dark-eyed Junco,Junco hyemalis,2026-04-18T15:21:44Z,18-Apr-2026,08:21:44,0.29,1
Dark-eyed Junco,Junco hyemalis,2026-04-18T15:21:23Z,18-Apr-2026,08:21:23,0.32,1
House Finch,Haemorhous mexicanus,2026-04-18T15:20:35Z,18-Apr-2026,08:20:35,0.8,1
House Finch,Haemorhous mexicanus,2026-04-18T15:19:28Z,18-Apr-2026,08:19:28,0.7804,6
House Finch,Haemorhous mexicanus,2026-04-18T15:17:57Z,18-Apr-2026,08:17:57,0.8745,2
Chestnut-backed Chickadee,Poecile rufescens,2026-04-18T15:17:40Z,18-Apr-2026,08:17:40,0.898,6
House Finch,Haemorhous mexicanus,2026-04-18T15:16:55Z,18-Apr-2026,08:16:55,0.35,1
Chestnut-backed Chickadee,Poecile rufescens,2026-04-18T15:16:48Z,18-Apr-2026,08:16:48,0.48,1
House Finch,Haemorhous mexicanus,2026-04-18T15:16:32Z,18-Apr-2026,08:16:32,0.7804,1
Chestnut-backed Chickadee,Poecile rufescens,2026-04-18T15:16:15Z,18-Apr-2026,08:16:15,0.8863,5
Chestnut-backed Chickadee,Poecile rufescens,2026-04-18T15:16:08Z,18-Apr-2026,08:16:08,0.33,1
Chestnut-backed Chickadee,Poecile rufescens,2026-04-18T15:16:01Z,18-Apr-2026,08:16:01,0.27,1
Chestnut-backed Chickadee,Poecile rufescens,2026-04-18T15:15:43Z,18-Apr-2026,08:15:43,0.27,1
Chestnut-backed Chickadee,Poecile rufescens,2026-04-18T15:14:51Z,18-Apr-2026,08:14:51,0.7804,3
House Finch,Haemorhous mexicanus,2026-04-18T15:14:47Z,18-Apr-2026,08:14:47,0.31,1
House Finch,Haemorhous mexicanus,2026-04-18T15:14:33Z,18-Apr-2026,08:14:33,0.26,1
Townsend's Warbler,Setophaga townsendi,2026-04-18T15:14:05Z,18-Apr-2026,08:14:05,0.75,1
Bewick's Wren,Thryomanes bewickii,2026-04-18T15:13:32Z,18-Apr-2026,08:13:32,0.7,1
Bewick's Wren,Thryomanes bewickii,2026-04-18T15:13:07Z,18-Apr-2026,08:13:07,0.67,1
Chestnut-backed Chickadee,Poecile rufescens,2026-04-18T15:13:02Z,18-Apr-2026,08:13:02,0.9569,2
Black-capped Chickadee,Poecile atricapillus,2026-04-18T15:12:19Z,18-Apr-2026,08:12:19,0.8627,1
Black-capped Chickadee,Poecile atricapillus,2026-04-18T15:11:59Z,18-Apr-2026,08:11:59,0.56,1
House Finch,Haemorhous mexicanus,2026-04-18T15:11:50Z,18-Apr-2026,08:11:50,0.47,1
Chestnut-backed Chickadee,Poecile rufescens,2026-04-18T15:11:42Z,18-Apr-2026,08:11:42,0.68,1
Black-capped Chickadee,Poecile atricapillus,2026-04-18T15:11:34Z,18-Apr-2026,08:11:34,0.3,1
Mountain Chickadee,Poecile gambeli,2026-04-18T15:11:19Z,18-Apr-2026,08:11:19,0.26,1
Chestnut-backed Chickadee,Poecile rufescens,2026-04-18T15:11:14Z,18-Apr-2026,08:11:14,0.8627,1
Black-capped Chickadee,Poecile atricapillus,2026-04-18T15:11:10Z,18-Apr-2026,08:11:10,0.8157,2
Mountain Chickadee,Poecile gambeli,2026-04-18T15:10:42Z,18-Apr-2026,08:10:42,0.59,1
Black-capped Chickadee,Poecile atricapillus,2026-04-18T15:10:10Z,18-Apr-2026,08:10:10,0.57,1
Black-capped Chickadee,Poecile atricapillus,2026-04-18T15:10:05Z,18-Apr-2026,08:10:05,0.8314,3
Black-capped Chickadee,Poecile atricapillus,2026-04-18T15:09:50Z,18-Apr-2026,08:09:50,0.64,1
Chestnut-backed Chickadee,Poecile rufescens,2026-04-18T15:09:38Z,18-Apr-2026,08:09:38,0.38,1
Chestnut-backed Chickadee,Poecile rufescens,2026-04-18T15:09:22Z,18-Apr-2026,08:09:22,0.8745,5
Chestnut-backed Chickadee,Poecile rufescens,2026-04-18T15:09:15Z,18-Apr-2026,08:09:15,0.61,1
Chestnut-backed Chickadee,Poecile rufescens,2026-04-18T15:08:30Z,18-Apr-2026,08:08:30,0.7,1
Chestnut-backed Chickadee,Poecile rufescens,2026-04-18T15:08:18Z,18-Apr-2026,08:08:18,0.8314,3
Townsend's Warbler,Setophaga townsendi,2026-04-18T15:07:50Z,18-Apr-2026,08:07:50,0.26,1
Townsend's Warbler,Setophaga townsendi,2026-04-18T15:07:33Z,18-Apr-2026,08:07:33,0.33,1
Bewick's Wren,Thryomanes bewickii,2026-04-18T15:07:11Z,18-Apr-2026,08:07:11,0.49,1
Townsend's Warbler,Setophaga townsendi,2026-04-18T15:07:04Z,18-Apr-2026,08:07:04,0.27,1
Bewick's Wren,Thryomanes bewickii,2026-04-18T15:06:42Z,18-Apr-2026,08:06:42,0.55,1
Bewick's Wren,Thryomanes bewickii,2026-04-18T15:05:57Z,18-Apr-2026,08:05:57,0.28,1
American Goldfinch,Spinus tristis,2026-04-18T15:04:33Z,18-Apr-2026,08:04:33,0.8,1
Black-capped Chickadee,Poecile atricapillus,2026-04-18T15:03:37Z,18-Apr-2026,08:03:37,0.29,1
House Finch,Haemorhous mexicanus,2026-04-18T15:03:15Z,18-Apr-2026,08:03:15,0.8,1
Black-capped Chickadee,Poecile atricapillus,2026-04-18T15:02:45Z,18-Apr-2026,08:02:45,0.28,1
Black-capped Chickadee,Poecile atricapillus,2026-04-18T15:02:02Z,18-Apr-2026,08:02:02,0.8314,1
Mountain Chickadee,Poecile gambeli,2026-04-18T15:00:53Z,18-Apr-2026,08:00:53,0.29,1
Chestnut-backed Chickadee,Poecile rufescens,2026-04-18T15:00:34Z,18-Apr-2026,08:00:34,0.9412,1
Townsend's Warbler,Setophaga townsendi,2026-04-18T14:56:07Z,18-Apr-2026,07:56:07,0.39,1
Bewick's Wren,Thryomanes bewickii,2026-04-18T14:55:52Z,18-Apr-2026,07:55:52,0.27,1
Townsend's Warbler,Setophaga townsendi,2026-04-18T14:55:10Z,18-Apr-2026,07:55:10,0.47,1
House Finch,Haemorhous mexicanus,2026-04-18T14:55:06Z,18-Apr-2026,07:55:06,0.8,1
Townsend's Warbler,Setophaga townsendi,2026-04-18T14:54:45Z,18-Apr-2026,07:54:45,0.36,1
Bewick's Wren,Thryomanes bewickii,2026-04-18T14:54:32Z,18-Apr-2026,07:54:32,0.55,1
Bewick's Wren,Thryomanes bewickii,2026-04-18T14:54:25Z,18-Apr-2026,07:54:25,0.29,1
Bewick's Wren,Thryomanes bewickii,2026-04-18T14:54:15Z,18-Apr-2026,07:54:15,0.7,1
Bewick's Wren,Thryomanes bewickii,2026-04-18T14:54:07Z,18-Apr-2026,07:54:07,0.42,1
Bewick's Wren,Thryomanes bewickii,2026-04-18T14:53:31Z,18-Apr-2026,07:53:31,0.5,1
Bewick's Wren,Thryomanes bewickii,2026-04-18T14:53:02Z,18-Apr-2026,07:53:02,0.55,1
Bewick's Wren,Thryomanes bewickii,2026-04-18T14:52:55Z,18-Apr-2026,07:52:55,0.55,1
Townsend's Warbler,Setophaga townsendi,2026-04-18T14:52:35Z,18-Apr-2026,07:52:35,0.36,1
Townsend's Warbler,Setophaga townsendi,2026-04-18T14:52:06Z,18-Apr-2026,07:52:06,0.38,1
Bewick's Wren,Thryomanes bewickii,2026-04-18T14:51:38Z,18-Apr-2026,07:51:38,0.38,1
Bewick's Wren,Thryomanes bewickii,2026-04-18T14:51:22Z,18-Apr-2026,07:51:22,0.37,1
Bewick's Wren,Thryomanes bewickii,2026-04-18T14:51:14Z,18-Apr-2026,07:51:14,0.27,1
Townsend's Warbler,Setophaga townsendi,2026-04-18T14:51:00Z,18-Apr-2026,07:51:00,0.45,1
Chestnut-backed Chickadee,Poecile rufescens,2026-04-18T14:50:56Z,18-Apr-2026,07:50:56,0.9412,5
Townsend's Warbler,Setophaga townsendi,2026-04-18T14:50:45Z,18-Apr-2026,07:50:45,0.26,1
Townsend's Warbler,Setophaga townsendi,2026-04-18T14:50:37Z,18-Apr-2026,07:50:37,0.66,1
House Finch,Haemorhous mexicanus,2026-04-18T14:50:09Z,18-Apr-2026,07:50:09,0.8471,1
Chestnut-backed Chickadee,Poecile rufescens,2026-04-18T14:49:53Z,18-Apr-2026,07:49:53,0.898,2
Golden-crowned Kinglet,Regulus satrapa,2026-04-18T14:49:02Z,18-Apr-2026,07:49:02,0.28,1
Golden-crowned Kinglet,Regulus satrapa,2026-04-18T14:48:47Z,18-Apr-2026,07:48:47,0.4,1
Red-breasted Nuthatch,Sitta canadensis,2026-04-18T14:48:37Z,18-Apr-2026,07:48:37,0.91,1
Red-breasted Nuthatch,Sitta canadensis,2026-04-18T14:48:30Z,18-Apr-2026,07:48:30,0.7,1
American Crow,Corvus brachyrhynchos,2026-04-18T14:48:15Z,18-Apr-2026,07:48:15,0.3,1
American Robin,Turdus migratorius,2026-04-18T14:48:10Z,18-Apr-2026,07:48:10,0.8157,2
American Crow,Corvus brachyrhynchos,2026-04-18T14:48:00Z,18-Apr-2026,07:48:00,0.34,1
American Goldfinch,Spinus tristis,2026-04-18T14:47:48Z,18-Apr-2026,07:47:48,0.9255,1
Golden-crowned Kinglet,Regulus satrapa,2026-04-18T14:47:43Z,18-Apr-2026,07:47:43,0.42,1
Golden-crowned Kinglet,Regulus satrapa,2026-04-18T14:47:00Z,18-Apr-2026,07:47:00,0.44,1
Golden-crowned Kinglet,Regulus satrapa,2026-04-18T14:46:44Z,18-Apr-2026,07:46:44,0.57,1
Golden-crowned Kinglet,Regulus satrapa,2026-04-18T14:46:34Z,18-Apr-2026,07:46:34,0.3,1
Golden-crowned Kinglet,Regulus satrapa,2026-04-18T14:46:26Z,18-Apr-2026,07:46:26,0.41,1
American Robin,Turdus migratorius,2026-04-18T14:46:08Z,18-Apr-2026,07:46:08,0.8157,1
Golden-crowned Kinglet,Regulus satrapa,2026-04-18T14:46:05Z,18-Apr-2026,07:46:05,0.8,1
Golden-crowned Kinglet,Regulus satrapa,2026-04-18T14:45:17Z,18-Apr-2026,07:45:17,0.32,1
Golden-crowned Kinglet,Regulus satrapa,2026-04-18T14:44:40Z,18-Apr-2026,07:44:40,0.43,1
Golden-crowned Kinglet,Regulus satrapa,2026-04-18T14:44:32Z,18-Apr-2026,07:44:32,0.6,1
Chestnut-backed Chickadee,Poecile rufescens,2026-04-18T14:43:41Z,18-Apr-2026,07:43:41,0.9725,2
Dark-eyed Junco,Junco hyemalis,2026-04-18T14:43:20Z,18-Apr-2026,07:43:20,0.53,1
Dark-eyed Junco,Junco hyemalis,2026-04-18T14:42:35Z,18-Apr-2026,07:42:35,0.29,1
Chestnut-backed Chickadee,Poecile rufescens,2026-04-18T14:42:22Z,18-Apr-2026,07:42:22,0.44,1
Chestnut-backed Chickadee,Poecile rufescens,2026-04-18T14:42:18Z,18-Apr-2026,07:42:18,0.949,8
Chestnut-backed Chickadee,Poecile rufescens,2026-04-18T14:41:51Z,18-Apr-2026,07:41:51,0.83,1
Chestnut-backed Chickadee,Poecile rufescens,2026-04-18T14:41:17Z,18-Apr-2026,07:41:17,0.9843,11
Chestnut-backed Chickadee,Poecile rufescens,2026-04-18T14:41:10Z,18-Apr-2026,07:41:10,0.42,1
Chestnut-backed Chickadee,Poecile rufescens,2026-04-18T14:41:03Z,18-Apr-2026,07:41:03,0.62,1
Chestnut-backed Chickadee,Poecile rufescens,2026-04-18T14:40:50Z,18-Apr-2026,07:40:50,0.54,1
Chestnut-backed Chickadee,Poecile rufescens,2026-04-18T14:40:16Z,18-Apr-2026,07:40:16,0.9569,16
Chestnut-backed Chickadee,Poecile rufescens,2026-04-18T14:39:53Z,18-Apr-2026,07:39:53,0.69,1
Chestnut-backed Chickadee,Poecile rufescens,2026-04-18T14:39:14Z,18-Apr-2026,07:39:14,0.9882,16
Chestnut-backed Chickadee,Poecile rufescens,2026-04-18T14:38:09Z,18-Apr-2026,07:38:09,0.9961,13
Chestnut-backed Chickadee,Poecile rufescens,2026-04-18T14:38:04Z,18-Apr-2026,07:38:04,0.26,1
Chestnut-backed Chickadee,Poecile rufescens,2026-04-18T14:37:30Z,18-Apr-2026,07:37:30,0.38,1
Chestnut-backed Chickadee,Poecile rufescens,2026-04-18T14:37:23Z,18-Apr-2026,07:37:23,0.38,1
Chestnut-backed Chickadee,Poecile rufescens,2026-04-18T14:37:01Z,18-Apr-2026,07:37:01,0.9922,11
Chestnut-backed Chickadee,Poecile rufescens,2026-04-18T14:36:56Z,18-Apr-2026,07:36:56,0.31,1
Chestnut-backed Chickadee,Poecile rufescens,2026-04-18T14:36:01Z,18-Apr-2026,07:36:01,0.3,1
Chestnut-backed Chickadee,Poecile rufescens,2026-04-18T14:35:57Z,18-Apr-2026,07:35:57,0.8,1
Black-capped Chickadee,Poecile atricapillus,2026-04-18T14:35:30Z,18-Apr-2026,07:35:30,0.8863,1
Chestnut-backed Chickadee,Poecile rufescens,2026-04-18T14:35:00Z,18-Apr-2026,07:35:00,0.43,1
Chestnut-backed Chickadee,Poecile rufescens,2026-04-18T14:34:54Z,18-Apr-2026,07:34:54,0.28,1
Chestnut-backed Chickadee,Poecile rufescens,2026-04-18T14:34:20Z,18-Apr-2026,07:34:20,0.8314,4
Chestnut-backed Chickadee,Poecile rufescens,2026-04-18T14:33:16Z,18-Apr-2026,07:33:16,0.9176,1
Downy Woodpecker,Dryobates pubescens,2026-04-18T14:32:39Z,18-Apr-2026,07:32:39,0.4,1
White-throated Sparrow,Zonotrichia albicollis,2026-04-18T14:31:56Z,18-Apr-2026,07:31:56,0.27,1
Black-capped Chickadee,Poecile atricapillus,2026-04-18T14:29:03Z,18-Apr-2026,07:29:03,0.74,1
House Finch,Haemorhous mexicanus,2026-04-18T14:23:23Z,18-Apr-2026,07:23:23,0.56,1
Chestnut-backed Chickadee,Poecile rufescens,2026-04-18T14:22:51Z,18-Apr-2026,07:22:51,0.27,1
Chestnut-backed Chickadee,Poecile rufescens,2026-04-18T14:22:47Z,18-Apr-2026,07:22:47,0.8863,1
House Finch,Haemorhous mexicanus,2026-04-18T14:22:42Z,18-Apr-2026,07:22:42,0.8,2
Chestnut-backed Chickadee,Poecile rufescens,2026-04-18T14:22:02Z,18-Apr-2026,07:22:02,0.56,1
Chestnut-backed Chickadee,Poecile rufescens,2026-04-18T14:21:49Z,18-Apr-2026,07:21:49,0.48,1
Chestnut-backed Chickadee,Poecile rufescens,2026-04-18T14:21:42Z,18-Apr-2026,07:21:42,0.949,14
House Sparrow,Passer domesticus,2026-04-18T14:21:35Z,18-Apr-2026,07:21:35,0.28,1
Chestnut-backed Chickadee,Poecile rufescens,2026-04-18T14:20:40Z,18-Apr-2026,07:20:40,0.9922,11
Chestnut-backed Chickadee,Poecile rufescens,2026-04-18T14:19:35Z,18-Apr-2026,07:19:35,0.8627,5
Chestnut-backed Chickadee,Poecile rufescens,2026-04-18T14:18:31Z,18-Apr-2026,07:18:31,0.9843,6
Chestnut-backed Chickadee,Poecile rufescens,2026-04-18T14:17:21Z,18-Apr-2026,07:17:21,0.7804,1
House Finch,Haemorhous mexicanus,2026-04-18T14:16:12Z,18-Apr-2026,07:16:12,0.949,1
House Finch,Haemorhous mexicanus,2026-04-18T14:15:59Z,18-Apr-2026,07:15:59,0.32,1
Bushtit,Psaltriparus minimus,2026-04-18T14:15:10Z,18-Apr-2026,07:15:10,0.29,1
Bushtit,Psaltriparus minimus,2026-04-18T14:13:28Z,18-Apr-2026,07:13:28,0.5,1
Bewick's Wren,Thryomanes bewickii,2026-04-18T14:12:53Z,18-Apr-2026,07:12:53,0.33,1
Chestnut-backed Chickadee,Poecile rufescens,2026-04-18T14:12:15Z,18-Apr-2026,07:12:15,0.9333,4
Dark-eyed Junco,Junco hyemalis,2026-04-18T14:12:08Z,18-Apr-2026,07:12:08,0.34,1
Chipping Sparrow,Spizella passerina,2026-04-18T14:11:55Z,18-Apr-2026,07:11:55,0.33,1
Black-capped Chickadee,Poecile atricapillus,2026-04-18T14:10:59Z,18-Apr-2026,07:10:59,0.52,1
Chestnut-backed Chickadee,Poecile rufescens,2026-04-18T14:09:41Z,18-Apr-2026,07:09:41,0.39,1
Chestnut-backed Chickadee,Poecile rufescens,2026-04-18T14:09:28Z,18-Apr-2026,07:09:28,0.9412,14
Chestnut-backed Chickadee,Poecile rufescens,2026-04-18T14:08:51Z,18-Apr-2026,07:08:51,0.34,1
Chestnut-backed Chickadee,Poecile rufescens,2026-04-18T14:08:25Z,18-Apr-2026,07:08:25,0.9725,9
Chestnut-backed Chickadee,Poecile rufescens,2026-04-18T14:07:08Z,18-Apr-2026,07:07:08,0.9922,3
Chestnut-backed Chickadee,Poecile rufescens,2026-04-18T14:05:16Z,18-Apr-2026,07:05:16,0.8745,4
Chestnut-backed Chickadee,Poecile rufescens,2026-04-18T14:04:15Z,18-Apr-2026,07:04:15,0.34,1
Chestnut-backed Chickadee,Poecile rufescens,2026-04-18T14:03:03Z,18-Apr-2026,07:03:03,0.9529,1
Bewick's Wren,Thryomanes bewickii,2026-04-18T14:02:35Z,18-Apr-2026,07:02:35,0.37,1
Bewick's Wren,Thryomanes bewickii,2026-04-18T14:02:29Z,18-Apr-2026,07:02:29,0.27,1
Chestnut-backed Chickadee,Poecile rufescens,2026-04-18T14:00:03Z,18-Apr-2026,07:00:03,0.35,1
Chestnut-backed Chickadee,Poecile rufescens,2026-04-18T13:59:45Z,18-Apr-2026,06:59:45,0.9176,5
Chestnut-backed Chickadee,Poecile rufescens,2026-04-18T13:59:38Z,18-Apr-2026,06:59:38,0.4,1
Chestnut-backed Chickadee,Poecile rufescens,2026-04-18T13:59:32Z,18-Apr-2026,06:59:32,0.71,1
Chestnut-backed Chickadee,Poecile rufescens,2026-04-18T13:59:05Z,18-Apr-2026,06:59:05,0.77,1
Chestnut-backed Chickadee,Poecile rufescens,2026-04-18T13:58:55Z,18-Apr-2026,06:58:55,0.4,1
Chestnut-backed Chickadee,Poecile rufescens,2026-04-18T13:58:39Z,18-Apr-2026,06:58:39,0.9765,1
Canada Goose,Branta canadensis,2026-04-18T13:57:31Z,18-Apr-2026,06:57:31,0.92,1
American Robin,Turdus migratorius,2026-04-18T13:57:13Z,18-Apr-2026,06:57:13,0.8314,5
American Robin,Turdus migratorius,2026-04-18T13:56:10Z,18-Apr-2026,06:56:10,0.8157,1
American Robin,Turdus migratorius,2026-04-18T13:54:55Z,18-Apr-2026,06:54:55,0.8863,1
House Finch,Haemorhous mexicanus,2026-04-18T13:54:06Z,18-Apr-2026,06:54:06,0.9255,1
House Finch,Haemorhous mexicanus,2026-04-18T13:53:03Z,18-Apr-2026,06:53:03,0.8157,1
House Finch,Haemorhous mexicanus,2026-04-18T13:51:19Z,18-Apr-2026,06:51:19,0.7804,2
American Robin,Turdus migratorius,2026-04-18T13:50:14Z,18-Apr-2026,06:50:14,0.898,3
Chestnut-backed Chickadee,Poecile rufescens,2026-04-18T13:49:15Z,18-Apr-2026,06:49:15,0.38,1
Chestnut-backed Chickadee,Poecile rufescens,2026-04-18T13:48:40Z,18-Apr-2026,06:48:40,0.31,1
Chestnut-backed Chickadee,Poecile rufescens,2026-04-18T13:48:33Z,18-Apr-2026,06:48:33,0.29,1
Chestnut-backed Chickadee,Poecile rufescens,2026-04-18T13:48:19Z,18-Apr-2026,06:48:19,0.38,1
Chestnut-backed Chickadee,Poecile rufescens,2026-04-18T13:48:12Z,18-Apr-2026,06:48:12,0.54,1
Chestnut-backed Chickadee,Poecile rufescens,2026-04-18T13:48:05Z,18-Apr-2026,06:48:05,0.38,1
Chestnut-backed Chickadee,Poecile rufescens,2026-04-18T13:48:00Z,18-Apr-2026,06:48:00,0.7804,1
Chestnut-backed Chickadee,Poecile rufescens,2026-04-18T13:47:44Z,18-Apr-2026,06:47:44,0.27,1
Chestnut-backed Chickadee,Poecile rufescens,2026-04-18T13:47:36Z,18-Apr-2026,06:47:36,0.33,1
American Robin,Turdus migratorius,2026-04-18T13:46:43Z,18-Apr-2026,06:46:43,0.8745,2
American Robin,Turdus migratorius,2026-04-18T13:45:36Z,18-Apr-2026,06:45:36,0.7804,1
American Robin,Turdus migratorius,2026-04-18T13:44:30Z,18-Apr-2026,06:44:30,0.898,2
House Finch,Haemorhous mexicanus,2026-04-18T13:43:45Z,18-Apr-2026,06:43:45,0.7804,1
American Robin,Turdus migratorius,2026-04-18T13:43:29Z,18-Apr-2026,06:43:29,0.898,1
American Robin,Turdus migratorius,2026-04-18T13:42:20Z,18-Apr-2026,06:42:20,0.8,1
House Finch,Haemorhous mexicanus,2026-04-18T13:40:42Z,18-Apr-2026,06:40:42,0.8627,1
House Finch,Haemorhous mexicanus,2026-04-18T13:38:38Z,18-Apr-2026,06:38:38,0.8,2
Chestnut-backed Chickadee,Poecile rufescens,2026-04-18T13:38:17Z,18-Apr-2026,06:38:17,0.36,1
Chestnut-backed Chickadee,Poecile rufescens,2026-04-18T13:37:47Z,18-Apr-2026,06:37:47,0.8863,1
American Robin,Turdus migratorius,2026-04-18T13:37:23Z,18-Apr-2026,06:37:23,0.8,1
Chestnut-backed Chickadee,Poecile rufescens,2026-04-18T13:37:19Z,18-Apr-2026,06:37:19,0.33,1
House Finch,Haemorhous mexicanus,2026-04-18T13:35:49Z,18-Apr-2026,06:35:49,0.8,1
Bewick's Wren,Thryomanes bewickii,2026-04-18T13:33:53Z,18-Apr-2026,06:33:53,0.31,1
Bewick's Wren,Thryomanes bewickii,2026-04-18T13:33:25Z,18-Apr-2026,06:33:25,0.42,1
Chestnut-backed Chickadee,Poecile rufescens,2026-04-18T13:32:25Z,18-Apr-2026,06:32:25,0.36,1
Chestnut-backed Chickadee,Poecile rufescens,2026-04-18T13:32:14Z,18-Apr-2026,06:32:14,0.29,1
Bewick's Wren,Thryomanes bewickii,2026-04-18T13:32:00Z,18-Apr-2026,06:32:00,0.46,1
Chestnut-backed Chickadee,Poecile rufescens,2026-04-18T13:31:52Z,18-Apr-2026,06:31:52,0.64,1
American Robin,Turdus migratorius,2026-04-18T13:31:09Z,18-Apr-2026,06:31:09,0.31,1
American Robin,Turdus migratorius,2026-04-18T13:31:05Z,18-Apr-2026,06:31:05,0.8314,1
Black-capped Chickadee,Poecile atricapillus,2026-04-18T13:29:36Z,18-Apr-2026,06:29:36,0.47,1
Black-capped Chickadee,Poecile atricapillus,2026-04-18T13:29:30Z,18-Apr-2026,06:29:30,0.54,1
Black-capped Chickadee,Poecile atricapillus,2026-04-18T13:29:05Z,18-Apr-2026,06:29:05,0.74,1
Black-capped Chickadee,Poecile atricapillus,2026-04-18T13:28:58Z,18-Apr-2026,06:28:58,0.5,1
Black-capped Chickadee,Poecile atricapillus,2026-04-18T13:28:50Z,18-Apr-2026,06:28:50,0.45,1
Black-capped Chickadee,Poecile atricapillus,2026-04-18T13:28:42Z,18-Apr-2026,06:28:42,0.55,1
White-crowned Sparrow,Zonotrichia leucophrys,2026-04-18T13:27:28Z,18-Apr-2026,06:27:28,0.44,1
Chestnut-backed Chickadee,Poecile rufescens,2026-04-18T13:26:42Z,18-Apr-2026,06:26:42,0.7804,3
American Robin,Turdus migratorius,2026-04-18T13:26:06Z,18-Apr-2026,06:26:06,0.8314,1
House Finch,Haemorhous mexicanus,2026-04-18T13:25:26Z,18-Apr-2026,06:25:26,0.8157,1
Chestnut-backed Chickadee,Poecile rufescens,2026-04-18T13:24:10Z,18-Apr-2026,06:24:10,0.8,4
Chestnut-backed Chickadee,Poecile rufescens,2026-04-18T13:23:14Z,18-Apr-2026,06:23:14,0.27,1
Chestnut-backed Chickadee,Poecile rufescens,2026-04-18T13:22:55Z,18-Apr-2026,06:22:55,0.9255,3
Chestnut-backed Chickadee,Poecile rufescens,2026-04-18T13:22:50Z,18-Apr-2026,06:22:50,0.6,1
Chestnut-backed Chickadee,Poecile rufescens,2026-04-18T13:21:54Z,18-Apr-2026,06:21:54,0.949,2
Chestnut-backed Chickadee,Poecile rufescens,2026-04-18T13:19:43Z,18-Apr-2026,06:19:43,0.9843,2
Chestnut-backed Chickadee,Poecile rufescens,2026-04-18T13:19:07Z,18-Apr-2026,06:19:07,0.54,1
Chestnut-backed Chickadee,Poecile rufescens,2026-04-18T13:18:17Z,18-Apr-2026,06:18:17,0.8314,17
Chestnut-backed Chickadee,Poecile rufescens,2026-04-18T13:17:16Z,18-Apr-2026,06:17:16,0.9961,1
Black-capped Chickadee,Poecile atricapillus,2026-04-18T13:17:04Z,18-Apr-2026,06:17:04,0.8314,4
Black-capped Chickadee,Poecile atricapillus,2026-04-18T13:16:27Z,18-Apr-2026,06:16:27,0.51,1
Black-capped Chickadee,Poecile atricapillus,2026-04-18T13:16:14Z,18-Apr-2026,06:16:14,0.46,1
Black-capped Chickadee,Poecile atricapillus,2026-04-18T13:16:08Z,18-Apr-2026,06:16:08,0.37,1
Black-capped Chickadee,Poecile atricapillus,2026-04-18T13:16:00Z,18-Apr-2026,06:16:00,0.34,1
Black-capped Chickadee,Poecile atricapillus,2026-04-18T13:15:53Z,18-Apr-2026,06:15:53,0.51,1
Black-capped Chickadee,Poecile atricapillus,2026-04-18T13:15:33Z,18-Apr-2026,06:15:33,0.28,1
Black-capped Chickadee,Poecile atricapillus,2026-04-18T13:15:25Z,18-Apr-2026,06:15:25,0.36,1
Black-capped Chickadee,Poecile atricapillus,2026-04-18T13:14:39Z,18-Apr-2026,06:14:39,0.32,1
Black-capped Chickadee,Poecile atricapillus,2026-04-18T13:14:32Z,18-Apr-2026,06:14:32,0.42,1
White-crowned Sparrow,Zonotrichia leucophrys,2026-04-18T13:13:43Z,18-Apr-2026,06:13:43,0.7,1
Black-capped Chickadee,Poecile atricapillus,2026-04-18T13:13:32Z,18-Apr-2026,06:13:32,0.898,1
Bewick's Wren,Thryomanes bewickii,2026-04-18T13:08:51Z,18-Apr-2026,06:08:51,0.95,1
Bewick's Wren,Thryomanes bewickii,2026-04-18T13:08:44Z,18-Apr-2026,06:08:44,0.89,1
Bewick's Wren,Thryomanes bewickii,2026-04-18T13:08:37Z,18-Apr-2026,06:08:37,0.91,1
Bewick's Wren,Thryomanes bewickii,2026-04-18T13:08:30Z,18-Apr-2026,06:08:30,0.52,1
Bewick's Wren,Thryomanes bewickii,2026-04-18T13:08:09Z,18-Apr-2026,06:08:09,0.8,1
Bewick's Wren,Thryomanes bewickii,2026-04-18T13:07:55Z,18-Apr-2026,06:07:55,0.66,1
Bewick's Wren,Thryomanes bewickii,2026-04-18T13:07:48Z,18-Apr-2026,06:07:48,0.97,1
Red-breasted Nuthatch,Sitta canadensis,2026-04-18T13:07:30Z,18-Apr-2026,06:07:30,0.28,1
Red-breasted Nuthatch,Sitta canadensis,2026-04-18T13:07:16Z,18-Apr-2026,06:07:16,0.33,1
Red-breasted Nuthatch,Sitta canadensis,2026-04-18T13:06:55Z,18-Apr-2026,06:06:55,0.29,1
Bewick's Wren,Thryomanes bewickii,2026-04-18T13:06:24Z,18-Apr-2026,06:06:24,0.26,1
Bewick's Wren,Thryomanes bewickii,2026-04-18T13:05:51Z,18-Apr-2026,06:05:51,0.72,1
Golden-crowned Kinglet,Regulus satrapa,2026-04-18T13:05:39Z,18-Apr-2026,06:05:39,0.33,1
Bewick's Wren,Thryomanes bewickii,2026-04-18T13:05:18Z,18-Apr-2026,06:05:18,0.67,1
Bewick's Wren,Thryomanes bewickii,2026-04-18T13:05:10Z,18-Apr-2026,06:05:10,0.38,1
Chestnut-backed Chickadee,Poecile rufescens,2026-04-18T13:04:14Z,18-Apr-2026,06:04:14,0.9765,1
Bewick's Wren,Thryomanes bewickii,2026-04-18T13:03:57Z,18-Apr-2026,06:03:57,0.56,1
Chestnut-backed Chickadee,Poecile rufescens,2026-04-18T13:03:22Z,18-Apr-2026,06:03:22,0.26,1
Bewick's Wren,Thryomanes bewickii,2026-04-18T13:03:08Z,18-Apr-2026,06:03:08,0.51,1
Chestnut-backed Chickadee,Poecile rufescens,2026-04-18T13:03:04Z,18-Apr-2026,06:03:04,0.8,2
Bewick's Wren,Thryomanes bewickii,2026-04-18T13:02:52Z,18-Apr-2026,06:02:52,0.84,1
Bewick's Wren,Thryomanes bewickii,2026-04-18T13:02:36Z,18-Apr-2026,06:02:36,0.83,1
Bewick's Wren,Thryomanes bewickii,2026-04-18T13:02:29Z,18-Apr-2026,06:02:29,0.42,1
Bewick's Wren,Thryomanes bewickii,2026-04-18T13:02:00Z,18-Apr-2026,06:02:00,0.78,1
Bewick's Wren,Thryomanes bewickii,2026-04-18T13:01:52Z,18-Apr-2026,06:01:52,0.8,1
Bewick's Wren,Thryomanes bewickii,2026-04-18T13:01:44Z,18-Apr-2026,06:01:44,0.94,1
Chestnut-backed Chickadee,Poecile rufescens,2026-04-18T13:01:40Z,18-Apr-2026,06:01:40,0.8,1
Bewick's Wren,Thryomanes bewickii,2026-04-18T13:01:08Z,18-Apr-2026,06:01:08,0.81,1
Bewick's Wren,Thryomanes bewickii,2026-04-18T13:00:28Z,18-Apr-2026,06:00:28,0.85,1
Bewick's Wren,Thryomanes bewickii,2026-04-18T13:00:18Z,18-Apr-2026,06:00:18,0.66,1
Bewick's Wren,Thryomanes bewickii,2026-04-18T13:00:10Z,18-Apr-2026,06:00:10,0.86,1
Bewick's Wren,Thryomanes bewickii,2026-04-18T13:00:03Z,18-Apr-2026,06:00:03,0.67,1
Chestnut-backed Chickadee,Poecile rufescens,2026-04-18T12:59:25Z,18-Apr-2026,05:59:25,0.97,1
Chestnut-backed Chickadee,Poecile rufescens,2026-04-18T12:59:21Z,18-Apr-2026,05:59:21,0.8471,1
American Robin,Turdus migratorius,2026-04-18T12:58:21Z,18-Apr-2026,05:58:21,0.9176,2
American Robin,Turdus migratorius,2026-04-18T12:57:43Z,18-Apr-2026,05:57:43,0.43,1
American Robin,Turdus migratorius,2026-04-18T12:57:21Z,18-Apr-2026,05:57:21,0.46,1
American Robin,Turdus migratorius,2026-04-18T12:56:58Z,18-Apr-2026,05:56:58,0.8471,1
Bewick's Wren,Thryomanes bewickii,2026-04-18T12:56:27Z,18-Apr-2026,05:56:27,0.74,1
Bewick's Wren,Thryomanes bewickii,2026-04-18T12:56:15Z,18-Apr-2026,05:56:15,0.62,1
Bewick's Wren,Thryomanes bewickii,2026-04-18T12:56:07Z,18-Apr-2026,05:56:07,0.52,1
Bewick's Wren,Thryomanes bewickii,2026-04-18T12:55:59Z,18-Apr-2026,05:55:59,0.88,1
Bewick's Wren,Thryomanes bewickii,2026-04-18T12:55:45Z,18-Apr-2026,05:55:45,0.47,1
Bewick's Wren,Thryomanes bewickii,2026-04-18T12:55:33Z,18-Apr-2026,05:55:33,0.87,1
Bewick's Wren,Thryomanes bewickii,2026-04-18T12:55:26Z,18-Apr-2026,05:55:26,0.32,1
Bewick's Wren,Thryomanes bewickii,2026-04-18T12:55:18Z,18-Apr-2026,05:55:18,0.52,1
Bewick's Wren,Thryomanes bewickii,2026-04-18T12:55:03Z,18-Apr-2026,05:55:03,0.33,1
Bewick's Wren,Thryomanes bewickii,2026-04-18T12:54:57Z,18-Apr-2026,05:54:57,0.29,1
Bewick's Wren,Thryomanes bewickii,2026-04-18T12:54:42Z,18-Apr-2026,05:54:42,0.82,1
Bewick's Wren,Thryomanes bewickii,2026-04-18T12:54:28Z,18-Apr-2026,05:54:28,0.85,1
Bewick's Wren,Thryomanes bewickii,2026-04-18T12:54:21Z,18-Apr-2026,05:54:21,0.68,1
Bewick's Wren,Thryomanes bewickii,2026-04-18T12:54:13Z,18-Apr-2026,05:54:13,0.3,1
Bewick's Wren,Thryomanes bewickii,2026-04-18T12:54:06Z,18-Apr-2026,05:54:06,0.72,1
Bewick's Wren,Thryomanes bewickii,2026-04-18T12:53:59Z,18-Apr-2026,05:53:59,0.62,1
Bewick's Wren,Thryomanes bewickii,2026-04-18T12:53:49Z,18-Apr-2026,05:53:49,0.44,1
Bewick's Wren,Thryomanes bewickii,2026-04-18T12:53:42Z,18-Apr-2026,05:53:42,0.59,1
Bewick's Wren,Thryomanes bewickii,2026-04-18T12:53:34Z,18-Apr-2026,05:53:34,0.64,1
Bewick's Wren,Thryomanes bewickii,2026-04-18T12:53:20Z,18-Apr-2026,05:53:20,0.49,1
Bewick's Wren,Thryomanes bewickii,2026-04-18T12:53:06Z,18-Apr-2026,05:53:06,0.49,1
Bewick's Wren,Thryomanes bewickii,2026-04-18T12:52:52Z,18-Apr-2026,05:52:52,0.56,1
Bewick's Wren,Thryomanes bewickii,2026-04-18T12:52:36Z,18-Apr-2026,05:52:36,0.84,1
Bewick's Wren,Thryomanes bewickii,2026-04-18T12:52:28Z,18-Apr-2026,05:52:28,0.37,1
Bewick's Wren,Thryomanes bewickii,2026-04-18T12:52:23Z,18-Apr-2026,05:52:23,0.65,1
Bewick's Wren,Thryomanes bewickii,2026-04-18T12:52:15Z,18-Apr-2026,05:52:15,0.7,1
Bewick's Wren,Thryomanes bewickii,2026-04-18T12:51:53Z,18-Apr-2026,05:51:53,0.97,1
Bewick's Wren,Thryomanes bewickii,2026-04-18T12:51:46Z,18-Apr-2026,05:51:46,0.96,1
Bewick's Wren,Thryomanes bewickii,2026-04-18T12:51:31Z,18-Apr-2026,05:51:31,0.43,1
Bewick's Wren,Thryomanes bewickii,2026-04-18T12:51:25Z,18-Apr-2026,05:51:25,0.48,1
Bewick's Wren,Thryomanes bewickii,2026-04-18T12:51:11Z,18-Apr-2026,05:51:11,0.98,1
Bewick's Wren,Thryomanes bewickii,2026-04-18T12:51:04Z,18-Apr-2026,05:51:04,0.93,1
Bewick's Wren,Thryomanes bewickii,2026-04-18T12:50:57Z,18-Apr-2026,05:50:57,0.97,1
Bewick's Wren,Thryomanes bewickii,2026-04-18T12:50:28Z,18-Apr-2026,05:50:28,0.98,1
Bewick's Wren,Thryomanes bewickii,2026-04-18T12:50:21Z,18-Apr-2026,05:50:21,0.99,1
Bewick's Wren,Thryomanes bewickii,2026-04-18T12:50:05Z,18-Apr-2026,05:50:05,0.32,1
Bewick's Wren,Thryomanes bewickii,2026-04-18T12:50:00Z,18-Apr-2026,05:50:00,0.96,1
Bewick's Wren,Thryomanes bewickii,2026-04-18T12:49:51Z,18-Apr-2026,05:49:51,0.83,1
American Goldfinch,Spinus tristis,2026-04-18T12:49:45Z,18-Apr-2026,05:49:45,0.26,1
Bewick's Wren,Thryomanes bewickii,2026-04-18T12:49:38Z,18-Apr-2026,05:49:38,0.81,1
Bewick's Wren,Thryomanes bewickii,2026-04-18T12:49:31Z,18-Apr-2026,05:49:31,0.91,1
Bewick's Wren,Thryomanes bewickii,2026-04-18T12:49:23Z,18-Apr-2026,05:49:23,0.76,1
Bewick's Wren,Thryomanes bewickii,2026-04-18T12:49:15Z,18-Apr-2026,05:49:15,0.93,1
Bewick's Wren,Thryomanes bewickii,2026-04-18T12:49:08Z,18-Apr-2026,05:49:08,0.98,1
Bewick's Wren,Thryomanes bewickii,2026-04-18T12:49:00Z,18-Apr-2026,05:49:00,0.95,1
Bewick's Wren,Thryomanes bewickii,2026-04-18T12:48:53Z,18-Apr-2026,05:48:53,0.93,1
Bewick's Wren,Thryomanes bewickii,2026-04-18T12:48:40Z,18-Apr-2026,05:48:40,0.52,1
Bewick's Wren,Thryomanes bewickii,2026-04-18T12:48:25Z,18-Apr-2026,05:48:25,0.98,1
Bewick's Wren,Thryomanes bewickii,2026-04-18T12:48:18Z,18-Apr-2026,05:48:18,0.98,1
Bewick's Wren,Thryomanes bewickii,2026-04-18T12:48:11Z,18-Apr-2026,05:48:11,0.99,1
Bewick's Wren,Thryomanes bewickii,2026-04-18T12:48:03Z,18-Apr-2026,05:48:03,0.93,1
Bewick's Wren,Thryomanes bewickii,2026-04-18T12:47:56Z,18-Apr-2026,05:47:56,0.94,1
Bewick's Wren,Thryomanes bewickii,2026-04-18T12:47:50Z,18-Apr-2026,05:47:50,0.98,1
Bewick's Wren,Thryomanes bewickii,2026-04-18T12:47:42Z,18-Apr-2026,05:47:42,0.94,1
Bewick's Wren,Thryomanes bewickii,2026-04-18T12:47:37Z,18-Apr-2026,05:47:37,0.99,1
Bewick's Wren,Thryomanes bewickii,2026-04-18T12:47:26Z,18-Apr-2026,05:47:26,0.86,1
Bewick's Wren,Thryomanes bewickii,2026-04-18T12:47:20Z,18-Apr-2026,05:47:20,0.99,1
Bewick's Wren,Thryomanes bewickii,2026-04-18T12:47:15Z,18-Apr-2026,05:47:15,0.5,1
Bewick's Wren,Thryomanes bewickii,2026-04-18T12:47:06Z,18-Apr-2026,05:47:06,0.54,1
Bewick's Wren,Thryomanes bewickii,2026-04-18T12:47:00Z,18-Apr-2026,05:47:00,0.73,1
Bewick's Wren,Thryomanes bewickii,2026-04-18T12:46:52Z,18-Apr-2026,05:46:52,0.95,1
Bewick's Wren,Thryomanes bewickii,2026-04-18T12:46:45Z,18-Apr-2026,05:46:45,0.91,1
Bewick's Wren,Thryomanes bewickii,2026-04-18T12:46:37Z,18-Apr-2026,05:46:37,0.46,1
Bewick's Wren,Thryomanes bewickii,2026-04-18T12:46:21Z,18-Apr-2026,05:46:21,0.98,1
Bewick's Wren,Thryomanes bewickii,2026-04-18T12:45:52Z,18-Apr-2026,05:45:52,0.99,1
Red-breasted Nuthatch,Sitta canadensis,2026-04-18T12:45:39Z,18-Apr-2026,05:45:39,0.31,1
Bewick's Wren,Thryomanes bewickii,2026-04-18T12:45:31Z,18-Apr-2026,05:45:31,0.97,1
Bewick's Wren,Thryomanes bewickii,2026-04-18T12:45:25Z,18-Apr-2026,05:45:25,0.98,1
Bewick's Wren,Thryomanes bewickii,2026-04-18T12:45:18Z,18-Apr-2026,05:45:18,0.96,1
Bewick's Wren,Thryomanes bewickii,2026-04-18T12:45:07Z,18-Apr-2026,05:45:07,0.96,1
Bewick's Wren,Thryomanes bewickii,2026-04-18T12:45:01Z,18-Apr-2026,05:45:01,0.96,1
Bewick's Wren,Thryomanes bewickii,2026-04-18T12:44:39Z,18-Apr-2026,05:44:39,0.72,1
Bewick's Wren,Thryomanes bewickii,2026-04-18T12:44:32Z,18-Apr-2026,05:44:32,0.98,1
Bewick's Wren,Thryomanes bewickii,2026-04-18T12:44:24Z,18-Apr-2026,05:44:24,0.95,1
Bewick's Wren,Thryomanes bewickii,2026-04-18T12:44:13Z,18-Apr-2026,05:44:13,0.97,1
Bewick's Wren,Thryomanes bewickii,2026-04-18T12:43:44Z,18-Apr-2026,05:43:44,0.47,1
Bewick's Wren,Thryomanes bewickii,2026-04-18T12:43:28Z,18-Apr-2026,05:43:28,0.92,1
Bewick's Wren,Thryomanes bewickii,2026-04-18T12:43:21Z,18-Apr-2026,05:43:21,0.53,1
Bewick's Wren,Thryomanes bewickii,2026-04-18T12:43:05Z,18-Apr-2026,05:43:05,0.5,1
American Robin,Turdus migratorius,2026-04-18T12:42:57Z,18-Apr-2026,05:42:57,0.4,1
American Robin,Turdus migratorius,2026-04-18T12:42:49Z,18-Apr-2026,05:42:49,0.8314,1
Bewick's Wren,Thryomanes bewickii,2026-04-18T12:42:45Z,18-Apr-2026,05:42:45,0.92,1
Bewick's Wren,Thryomanes bewickii,2026-04-18T12:42:14Z,18-Apr-2026,05:42:14,0.89,1
Bewick's Wren,Thryomanes bewickii,2026-04-18T12:42:06Z,18-Apr-2026,05:42:06,0.96,1
Bewick's Wren,Thryomanes bewickii,2026-04-18T12:42:01Z,18-Apr-2026,05:42:01,0.97,1
Bewick's Wren,Thryomanes bewickii,2026-04-18T12:41:48Z,18-Apr-2026,05:41:48,0.93,1
Bewick's Wren,Thryomanes bewickii,2026-04-18T12:41:40Z,18-Apr-2026,05:41:40,0.57,1
Bewick's Wren,Thryomanes bewickii,2026-04-18T12:41:25Z,18-Apr-2026,05:41:25,0.84,1
Bewick's Wren,Thryomanes bewickii,2026-04-18T12:41:18Z,18-Apr-2026,05:41:18,0.91,1
Bewick's Wren,Thryomanes bewickii,2026-04-18T12:41:01Z,18-Apr-2026,05:41:01,0.88,1
Bewick's Wren,Thryomanes bewickii,2026-04-18T12:40:54Z,18-Apr-2026,05:40:54,0.72,1
Bewick's Wren,Thryomanes bewickii,2026-04-18T12:40:46Z,18-Apr-2026,05:40:46,0.54,1
Bewick's Wren,Thryomanes bewickii,2026-04-18T12:40:39Z,18-Apr-2026,05:40:39,0.64,1
Bewick's Wren,Thryomanes bewickii,2026-04-18T12:40:17Z,18-Apr-2026,05:40:17,0.86,1
American Robin,Turdus migratorius,2026-04-18T12:39:58Z,18-Apr-2026,05:39:58,0.8157,1
Bewick's Wren,Thryomanes bewickii,2026-04-18T12:39:35Z,18-Apr-2026,05:39:35,0.36,1
Bewick's Wren,Thryomanes bewickii,2026-04-18T12:39:27Z,18-Apr-2026,05:39:27,0.89,1
Bewick's Wren,Thryomanes bewickii,2026-04-18T12:39:17Z,18-Apr-2026,05:39:17,0.78,1
Bewick's Wren,Thryomanes bewickii,2026-04-18T12:39:10Z,18-Apr-2026,05:39:10,0.96,1
Bewick's Wren,Thryomanes bewickii,2026-04-18T12:38:53Z,18-Apr-2026,05:38:53,0.8,1
Bewick's Wren,Thryomanes bewickii,2026-04-18T12:38:46Z,18-Apr-2026,05:38:46,0.81,1
Bewick's Wren,Thryomanes bewickii,2026-04-18T12:38:10Z,18-Apr-2026,05:38:10,0.74,1
Bewick's Wren,Thryomanes bewickii,2026-04-18T12:37:54Z,18-Apr-2026,05:37:54,0.45,1
Bewick's Wren,Thryomanes bewickii,2026-04-18T12:37:46Z,18-Apr-2026,05:37:46,0.86,1
Bewick's Wren,Thryomanes bewickii,2026-04-18T12:37:39Z,18-Apr-2026,05:37:39,0.83,1
Bewick's Wren,Thryomanes bewickii,2026-04-18T12:37:13Z,18-Apr-2026,05:37:13,0.93,1
Bewick's Wren,Thryomanes bewickii,2026-04-18T12:37:06Z,18-Apr-2026,05:37:06,0.85,1
Bewick's Wren,Thryomanes bewickii,2026-04-18T12:36:58Z,18-Apr-2026,05:36:58,0.32,1
Bewick's Wren,Thryomanes bewickii,2026-04-18T12:36:51Z,18-Apr-2026,05:36:51,0.85,1
Bewick's Wren,Thryomanes bewickii,2026-04-18T12:36:43Z,18-Apr-2026,05:36:43,0.75,1
Bewick's Wren,Thryomanes bewickii,2026-04-18T12:36:36Z,18-Apr-2026,05:36:36,0.31,1
American Robin,Turdus migratorius,2026-04-18T12:36:31Z,18-Apr-2026,05:36:31,0.8471,1
Bewick's Wren,Thryomanes bewickii,2026-04-18T12:36:24Z,18-Apr-2026,05:36:24,0.78,1
Bewick's Wren,Thryomanes bewickii,2026-04-18T12:36:16Z,18-Apr-2026,05:36:16,0.56,1
Bewick's Wren,Thryomanes bewickii,2026-04-18T12:36:09Z,18-Apr-2026,05:36:09,0.67,1
Canada Goose,Branta canadensis,2026-04-18T12:36:02Z,18-Apr-2026,05:36:02,0.97,1
Bewick's Wren,Thryomanes bewickii,2026-04-18T12:35:30Z,18-Apr-2026,05:35:30,0.89,1
Bewick's Wren,Thryomanes bewickii,2026-04-18T12:35:22Z,18-Apr-2026,05:35:22,0.96,1
Bewick's Wren,Thryomanes bewickii,2026-04-18T12:35:07Z,18-Apr-2026,05:35:07,0.92,1
Bewick's Wren,Thryomanes bewickii,2026-04-18T12:34:32Z,18-Apr-2026,05:34:32,0.71,1
Bewick's Wren,Thryomanes bewickii,2026-04-18T12:34:25Z,18-Apr-2026,05:34:25,0.72,1
Bewick's Wren,Thryomanes bewickii,2026-04-18T12:34:18Z,18-Apr-2026,05:34:18,0.9,1
Bewick's Wren,Thryomanes bewickii,2026-04-18T12:34:07Z,18-Apr-2026,05:34:07,0.84,1
Bewick's Wren,Thryomanes bewickii,2026-04-18T12:34:00Z,18-Apr-2026,05:34:00,0.89,1
Bewick's Wren,Thryomanes bewickii,2026-04-18T12:33:45Z,18-Apr-2026,05:33:45,0.96,1
Bewick's Wren,Thryomanes bewickii,2026-04-18T12:32:45Z,18-Apr-2026,05:32:45,0.96,1
Bewick's Wren,Thryomanes bewickii,2026-04-18T12:31:22Z,18-Apr-2026,05:31:22,0.7,1
Bewick's Wren,Thryomanes bewickii,2026-04-18T12:31:15Z,18-Apr-2026,05:31:15,0.88,1
Bewick's Wren,Thryomanes bewickii,2026-04-18T12:31:08Z,18-Apr-2026,05:31:08,0.67,1
Bewick's Wren,Thryomanes bewickii,2026-04-18T12:30:00Z,18-Apr-2026,05:30:00,0.83,1
Bewick's Wren,Thryomanes bewickii,2026-04-18T12:29:42Z,18-Apr-2026,05:29:42,0.56,1
Bewick's Wren,Thryomanes bewickii,2026-04-18T12:28:45Z,18-Apr-2026,05:28:45,0.97,1
Bewick's Wren,Thryomanes bewickii,2026-04-18T12:27:49Z,18-Apr-2026,05:27:49,0.94,1
Bewick's Wren,Thryomanes bewickii,2026-04-18T12:27:10Z,18-Apr-2026,05:27:10,0.8,1
American Robin,Turdus migratorius,2026-04-18T12:24:00Z,18-Apr-2026,05:24:00,0.8,2
Bewick's Wren,Thryomanes bewickii,2026-04-18T12:23:01Z,18-Apr-2026,05:23:01,0.29,1
American Robin,Turdus migratorius,2026-04-18T12:21:40Z,18-Apr-2026,05:21:40,0.8,6
American Robin,Turdus migratorius,2026-04-18T12:21:01Z,18-Apr-2026,05:21:01,0.34,1
American Robin,Turdus migratorius,2026-04-18T12:20:31Z,18-Apr-2026,05:20:31,0.8157,7
Hermit Thrush,Catharus guttatus,2026-04-18T12:19:34Z,18-Apr-2026,05:19:34,0.3,1
Bewick's Wren,Thryomanes bewickii,2026-04-18T12:18:59Z,18-Apr-2026,05:18:59,0.52,1
American Robin,Turdus migratorius,2026-04-18T12:17:47Z,18-Apr-2026,05:17:47,0.8,3
American Robin,Turdus migratorius,2026-04-18T12:17:15Z,18-Apr-2026,05:17:15,0.37,1
American Robin,Turdus migratorius,2026-04-18T12:16:51Z,18-Apr-2026,05:16:51,0.33,1
American Robin,Turdus migratorius,2026-04-18T12:16:31Z,18-Apr-2026,05:16:31,0.8314,3
American Robin,Turdus migratorius,2026-04-18T12:16:24Z,18-Apr-2026,05:16:24,0.38,1
American Robin,Turdus migratorius,2026-04-18T12:15:43Z,18-Apr-2026,05:15:43,0.49,1
American Robin,Turdus migratorius,2026-04-18T12:15:24Z,18-Apr-2026,05:15:24,0.7804,2
American Robin,Turdus migratorius,2026-04-18T12:13:40Z,18-Apr-2026,05:13:40,0.8471,1
American Robin,Turdus migratorius,2026-04-18T12:09:37Z,18-Apr-2026,05:09:37,0.8157,1
American Robin,Turdus migratorius,2026-04-18T12:07:11Z,18-Apr-2026,05:07:11,0.26,1
American Robin,Turdus migratorius,2026-04-18T12:05:04Z,18-Apr-2026,05:05:04,0.37,1
American Robin,Turdus migratorius,2026-04-18T12:03:57Z,18-Apr-2026,05:03:57,0.27,1
American Robin,Turdus migratorius,2026-04-18T12:03:41Z,18-Apr-2026,05:03:41,0.7804,1
American Robin,Turdus migratorius,2026-04-18T12:02:33Z,18-Apr-2026,05:02:33,0.8314,1
Red-breasted Nuthatch,Sitta canadensis,2026-04-18T11:23:55Z,18-Apr-2026,04:23:55,0.36,1
American Robin,Turdus migratorius,2026-04-18T11:19:06Z,18-Apr-2026,04:19:06,0.29,1
Red-breasted Nuthatch,Sitta canadensis,2026-04-18T11:15:42Z,18-Apr-2026,04:15:42,0.41,1
American Robin,Turdus migratorius,2026-04-18T11:09:51Z,18-Apr-2026,04:09:51,0.31,1
Greater White-fronted Goose,Anser albifrons,2026-04-18T10:41:44Z,18-Apr-2026,03:41:44,0.98,1
Greater White-fronted Goose,Anser albifrons,2026-04-18T10:41:37Z,18-Apr-2026,03:41:37,0.31,1
Greater White-fronted Goose,Anser albifrons,2026-04-18T10:41:24Z,18-Apr-2026,03:41:24,0.99,1
Greater White-fronted Goose,Anser albifrons,2026-04-18T10:41:16Z,18-Apr-2026,03:41:16,0.9,1
Dark-eyed Junco,Junco hyemalis,2026-04-18T10:39:03Z,18-Apr-2026,03:39:03,0.28,1
Anna's Hummingbird,Calypte anna,2026-04-18T06:34:10Z,17-Apr-2026,23:34:10,0.8627,1
Barn Owl,Tyto alba,2026-04-18T04:02:13Z,17-Apr-2026,21:02:13,0.86,1
American Robin,Turdus migratorius,2026-04-18T03:24:47Z,17-Apr-2026,20:24:47,0.7804,10
American Robin,Turdus migratorius,2026-04-18T03:23:30Z,17-Apr-2026,20:23:30,0.8745,4
American Robin,Turdus migratorius,2026-04-18T03:22:27Z,17-Apr-2026,20:22:27,0.8627,1
Red-winged Blackbird,Agelaius phoeniceus,2026-04-18T03:22:09Z,17-Apr-2026,20:22:09,0.4,1
American Crow,Corvus brachyrhynchos,2026-04-18T03:07:27Z,17-Apr-2026,20:07:27,0.8,1
Bewick's Wren,Thryomanes bewickii,2026-04-18T02:53:49Z,17-Apr-2026,19:53:49,0.37,1
Bewick's Wren,Thryomanes bewickii,2026-04-18T02:53:36Z,17-Apr-2026,19:53:36,0.35,1
Bewick's Wren,Thryomanes bewickii,2026-04-18T02:53:15Z,17-Apr-2026,19:53:15,0.38,1
Bewick's Wren,Thryomanes bewickii,2026-04-18T02:53:08Z,17-Apr-2026,19:53:08,0.39,1
Northern Flicker,Colaptes auratus,2026-04-18T02:48:28Z,17-Apr-2026,19:48:28,0.46,1
American Robin,Turdus migratorius,2026-04-18T02:47:50Z,17-Apr-2026,19:47:50,0.33,1
American Robin,Turdus migratorius,2026-04-18T02:47:02Z,17-Apr-2026,19:47:02,0.8,1
Bewick's Wren,Thryomanes bewickii,2026-04-18T02:45:49Z,17-Apr-2026,19:45:49,0.79,1
American Robin,Turdus migratorius,2026-04-18T02:45:36Z,17-Apr-2026,19:45:36,0.27,1
Bewick's Wren,Thryomanes bewickii,2026-04-18T02:45:17Z,17-Apr-2026,19:45:17,0.99,1
Bewick's Wren,Thryomanes bewickii,2026-04-18T02:45:09Z,17-Apr-2026,19:45:09,0.99,1
American Robin,Turdus migratorius,2026-04-18T02:45:03Z,17-Apr-2026,19:45:03,0.44,1
Bushtit,Psaltriparus minimus,2026-04-18T02:44:56Z,17-Apr-2026,19:44:56,0.75,1
Bewick's Wren,Thryomanes bewickii,2026-04-18T02:44:21Z,17-Apr-2026,19:44:21,0.97,1
Bushtit,Psaltriparus minimus,2026-04-18T02:44:13Z,17-Apr-2026,19:44:13,0.99,1
Bushtit,Psaltriparus minimus,2026-04-18T02:44:06Z,17-Apr-2026,19:44:06,0.37,1
Bushtit,Psaltriparus minimus,2026-04-18T02:43:59Z,17-Apr-2026,19:43:59,0.44,1
Bewick's Wren,Thryomanes bewickii,2026-04-18T02:43:51Z,17-Apr-2026,19:43:51,0.98,1
Bewick's Wren,Thryomanes bewickii,2026-04-18T02:43:44Z,17-Apr-2026,19:43:44,0.99,1
Bewick's Wren,Thryomanes bewickii,2026-04-18T02:43:36Z,17-Apr-2026,19:43:36,0.98,1
Bewick's Wren,Thryomanes bewickii,2026-04-18T02:43:28Z,17-Apr-2026,19:43:28,0.98,1
Bewick's Wren,Thryomanes bewickii,2026-04-18T02:43:17Z,17-Apr-2026,19:43:17,0.98,1
House Finch,Haemorhous mexicanus,2026-04-18T02:41:51Z,17-Apr-2026,19:41:51,0.53,1
House Finch,Haemorhous mexicanus,2026-04-18T02:41:28Z,17-Apr-2026,19:41:28,0.7804,1
Dark-eyed Junco,Junco hyemalis,2026-04-18T02:40:00Z,17-Apr-2026,19:40:00,0.57,1
American Robin,Turdus migratorius,2026-04-18T02:39:56Z,17-Apr-2026,19:39:56,0.7804,4
American Robin,Turdus migratorius,2026-04-18T02:39:17Z,17-Apr-2026,19:39:17,0.33,1
Chestnut-backed Chickadee,Poecile rufescens,2026-04-18T02:36:23Z,17-Apr-2026,19:36:23,0.63,1
American Robin,Turdus migratorius,2026-04-18T02:36:06Z,17-Apr-2026,19:36:06,0.8157,1
Chestnut-backed Chickadee,Poecile rufescens,2026-04-18T02:35:57Z,17-Apr-2026,19:35:57,0.898,6
Chestnut-backed Chickadee,Poecile rufescens,2026-04-18T02:35:42Z,17-Apr-2026,19:35:42,0.4,1
Chestnut-backed Chickadee,Poecile rufescens,2026-04-18T02:35:21Z,17-Apr-2026,19:35:21,0.78,1
Chestnut-backed Chickadee,Poecile rufescens,2026-04-18T02:35:07Z,17-Apr-2026,19:35:07,0.37,1
Chestnut-backed Chickadee,Poecile rufescens,2026-04-18T02:34:54Z,17-Apr-2026,19:34:54,0.9765,1
American Robin,Turdus migratorius,2026-04-18T02:34:46Z,17-Apr-2026,19:34:46,0.28,1
American Robin,Turdus migratorius,2026-04-18T02:34:17Z,17-Apr-2026,19:34:17,0.9176,1
American Robin,Turdus migratorius,2026-04-18T02:34:03Z,17-Apr-2026,19:34:03,0.26,1
Mountain Chickadee,Poecile gambeli,2026-04-18T02:27:17Z,17-Apr-2026,19:27:17,0.46,1
House Finch,Haemorhous mexicanus,2026-04-18T02:24:15Z,17-Apr-2026,19:24:15,0.28,1
House Finch,Haemorhous mexicanus,2026-04-18T02:24:01Z,17-Apr-2026,19:24:01,0.7804,1
Black-capped Chickadee,Poecile atricapillus,2026-04-18T02:22:57Z,17-Apr-2026,19:22:57,0.7804,5
House Finch,Haemorhous mexicanus,2026-04-18T02:22:24Z,17-Apr-2026,19:22:24,0.7804,1
Black-capped Chickadee,Poecile atricapillus,2026-04-18T02:21:38Z,17-Apr-2026,19:21:38,0.8,4
Downy Woodpecker,Dryobates pubescens,2026-04-18T02:20:52Z,17-Apr-2026,19:20:52,0.3,1
Downy Woodpecker,Dryobates pubescens,2026-04-18T02:20:45Z,17-Apr-2026,19:20:45,0.32,1
Black-capped Chickadee,Poecile atricapillus,2026-04-18T02:20:25Z,17-Apr-2026,19:20:25,0.8471,1
House Finch,Haemorhous mexicanus,2026-04-18T02:20:03Z,17-Apr-2026,19:20:03,0.55,1
House Finch,Haemorhous mexicanus,2026-04-18T02:19:28Z,17-Apr-2026,19:19:28,0.41,1
Bewick's Wren,Thryomanes bewickii,2026-04-18T02:18:38Z,17-Apr-2026,19:18:38,0.33,1
Bewick's Wren,Thryomanes bewickii,2026-04-18T02:18:21Z,17-Apr-2026,19:18:21,0.53,1
Bewick's Wren,Thryomanes bewickii,2026-04-18T02:14:34Z,17-Apr-2026,19:14:34,0.38,1
Black-capped Chickadee,Poecile atricapillus,2026-04-18T02:14:27Z,17-Apr-2026,19:14:27,0.8157,1
Chestnut-backed Chickadee,Poecile rufescens,2026-04-18T02:13:58Z,17-Apr-2026,19:13:58,0.8627,1
Bewick's Wren,Thryomanes bewickii,2026-04-18T02:13:51Z,17-Apr-2026,19:13:51,0.4,1
Bewick's Wren,Thryomanes bewickii,2026-04-18T02:13:44Z,17-Apr-2026,19:13:44,0.38,1
American Robin,Turdus migratorius,2026-04-18T02:13:31Z,17-Apr-2026,19:13:31,0.37,1
Bewick's Wren,Thryomanes bewickii,2026-04-18T02:11:19Z,17-Apr-2026,19:11:19,0.35,1
American Robin,Turdus migratorius,2026-04-18T02:11:06Z,17-Apr-2026,19:11:06,0.8471,1
American Robin,Turdus migratorius,2026-04-18T02:09:59Z,17-Apr-2026,19:09:59,0.8863,2
Bewick's Wren,Thryomanes bewickii,2026-04-18T02:09:13Z,17-Apr-2026,19:09:13,0.33,1
American Crow,Corvus brachyrhynchos,2026-04-18T02:08:41Z,17-Apr-2026,19:08:41,0.43,1
American Robin,Turdus migratorius,2026-04-18T02:08:37Z,17-Apr-2026,19:08:37,0.7804,1
Downy Woodpecker,Dryobates pubescens,2026-04-18T02:07:49Z,17-Apr-2026,19:07:49,0.3,1
American Crow,Corvus brachyrhynchos,2026-04-18T02:07:33Z,17-Apr-2026,19:07:33,0.8471,1
American Robin,Turdus migratorius,2026-04-18T02:06:15Z,17-Apr-2026,19:06:15,0.27,1
American Robin,Turdus migratorius,2026-04-18T02:06:08Z,17-Apr-2026,19:06:08,0.4,1
American Robin,Turdus migratorius,2026-04-18T02:06:00Z,17-Apr-2026,19:06:00,0.53,1
American Robin,Turdus migratorius,2026-04-18T02:05:29Z,17-Apr-2026,19:05:29,0.8863,3
American Robin,Turdus migratorius,2026-04-18T02:05:25Z,17-Apr-2026,19:05:25,0.4,1
American Robin,Turdus migratorius,2026-04-18T02:05:12Z,17-Apr-2026,19:05:12,0.44,1
American Crow,Corvus brachyrhynchos,2026-04-18T02:03:49Z,17-Apr-2026,19:03:49,0.37,1
Black-capped Chickadee,Poecile atricapillus,2026-04-18T02:03:33Z,17-Apr-2026,19:03:33,0.8471,1
American Crow,Corvus brachyrhynchos,2026-04-18T02:03:03Z,17-Apr-2026,19:03:03,0.8627,1
American Robin,Turdus migratorius,2026-04-18T02:02:45Z,17-Apr-2026,19:02:45,0.9333,1
American Robin,Turdus migratorius,2026-04-18T02:02:41Z,17-Apr-2026,19:02:41,0.5,1
Downy Woodpecker,Dryobates pubescens,2026-04-18T02:02:04Z,17-Apr-2026,19:02:04,0.51,1
American Robin,Turdus migratorius,2026-04-18T02:00:47Z,17-Apr-2026,19:00:47,0.7804,1
American Robin,Turdus migratorius,2026-04-18T02:00:28Z,17-Apr-2026,19:00:28,0.48,1
American Robin,Turdus migratorius,2026-04-18T01:59:21Z,17-Apr-2026,18:59:21,0.8157,3
American Robin,Turdus migratorius,2026-04-18T01:58:27Z,17-Apr-2026,18:58:27,0.33,1
American Robin,Turdus migratorius,2026-04-18T01:58:20Z,17-Apr-2026,18:58:20,0.8627,1
Black-capped Chickadee,Poecile atricapillus,2026-04-18T01:57:33Z,17-Apr-2026,18:57:33,0.3,1
Black-capped Chickadee,Poecile atricapillus,2026-04-18T01:57:19Z,17-Apr-2026,18:57:19,0.49,1
Black-capped Chickadee,Poecile atricapillus,2026-04-18T01:57:12Z,17-Apr-2026,18:57:12,0.42,1
Black-capped Chickadee,Poecile atricapillus,2026-04-18T01:57:05Z,17-Apr-2026,18:57:05,0.8157,4
Black-capped Chickadee,Poecile atricapillus,2026-04-18T01:56:59Z,17-Apr-2026,18:56:59,0.29,1
Black-capped Chickadee,Poecile atricapillus,2026-04-18T01:56:27Z,17-Apr-2026,18:56:27,0.39,1
American Robin,Turdus migratorius,2026-04-18T01:56:19Z,17-Apr-2026,18:56:19,0.33,1
American Robin,Turdus migratorius,2026-04-18T01:55:57Z,17-Apr-2026,18:55:57,0.38,1
Black-capped Chickadee,Poecile atricapillus,2026-04-18T01:55:10Z,17-Apr-2026,18:55:10,0.8627,9
Black-capped Chickadee,Poecile atricapillus,2026-04-18T01:55:06Z,17-Apr-2026,18:55:06,0.61,1
Black-capped Chickadee,Poecile atricapillus,2026-04-18T01:54:49Z,17-Apr-2026,18:54:49,0.41,1
Black-capped Chickadee,Poecile atricapillus,2026-04-18T01:54:38Z,17-Apr-2026,18:54:38,0.36,1
Black-capped Chickadee,Poecile atricapillus,2026-04-18T01:54:31Z,17-Apr-2026,18:54:31,0.56,1
Black-capped Chickadee,Poecile atricapillus,2026-04-18T01:54:06Z,17-Apr-2026,18:54:06,0.8157,2
American Robin,Turdus migratorius,2026-04-18T01:53:46Z,17-Apr-2026,18:53:46,0.31,1
American Robin,Turdus migratorius,2026-04-18T01:53:12Z,17-Apr-2026,18:53:12,0.7804,1
Dusky Flycatcher,Empidonax oberholseri,2026-04-18T01:52:58Z,17-Apr-2026,18:52:58,0.36,1
Mountain Chickadee,Poecile gambeli,2026-04-18T01:50:10Z,17-Apr-2026,18:50:10,0.28,1
Black-capped Chickadee,Poecile atricapillus,2026-04-18T01:49:43Z,17-Apr-2026,18:49:43,0.7804,2
Chestnut-backed Chickadee,Poecile rufescens,2026-04-18T01:49:14Z,17-Apr-2026,18:49:14,0.26,1
Black-capped Chickadee,Poecile atricapillus,2026-04-18T01:48:40Z,17-Apr-2026,18:48:40,0.8627,2
Black-capped Chickadee,Poecile atricapillus,2026-04-18T01:47:37Z,17-Apr-2026,18:47:37,0.8314,10
Downy Woodpecker,Dryobates pubescens,2026-04-18T01:46:40Z,17-Apr-2026,18:46:40,0.71,1
Black-capped Chickadee,Poecile atricapillus,2026-04-18T01:46:35Z,17-Apr-2026,18:46:35,0.8863,15
Black-capped Chickadee,Poecile atricapillus,2026-04-18T01:46:24Z,17-Apr-2026,18:46:24,0.66,1
Black-capped Chickadee,Poecile atricapillus,2026-04-18T01:45:47Z,17-Apr-2026,18:45:47,0.53,1
Black-capped Chickadee,Poecile atricapillus,2026-04-18T01:45:33Z,17-Apr-2026,18:45:33,0.9333,1
American Crow,Corvus brachyrhynchos,2026-04-18T01:42:35Z,17-Apr-2026,18:42:35,0.9098,1
American Robin,Turdus migratorius,2026-04-18T01:39:13Z,17-Apr-2026,18:39:13,0.7804,6
American Robin,Turdus migratorius,2026-04-18T01:37:56Z,17-Apr-2026,18:37:56,0.8314,8
American Robin,Turdus migratorius,2026-04-18T01:36:06Z,17-Apr-2026,18:36:06,0.9333,4
American Robin,Turdus migratorius,2026-04-18T01:35:48Z,17-Apr-2026,18:35:48,0.33,1
American Robin,Turdus migratorius,2026-04-18T01:34:49Z,17-Apr-2026,18:34:49,0.48,1
American Robin,Turdus migratorius,2026-04-18T01:34:08Z,17-Apr-2026,18:34:08,0.8,4
American Robin,Turdus migratorius,2026-04-18T01:34:00Z,17-Apr-2026,18:34:00,0.44,1
American Robin,Turdus migratorius,2026-04-18T01:33:43Z,17-Apr-2026,18:33:43,0.3,1
American Robin,Turdus migratorius,2026-04-18T01:32:37Z,17-Apr-2026,18:32:37,0.32,1
American Robin,Turdus migratorius,2026-04-18T01:32:26Z,17-Apr-2026,18:32:26,0.34,1
American Robin,Turdus migratorius,2026-04-18T01:32:19Z,17-Apr-2026,18:32:19,0.36,1
American Robin,Turdus migratorius,2026-04-18T01:31:57Z,17-Apr-2026,18:31:57,0.34,1
American Robin,Turdus migratorius,2026-04-18T01:31:41Z,17-Apr-2026,18:31:41,0.33,1
American Robin,Turdus migratorius,2026-04-18T01:31:30Z,17-Apr-2026,18:31:30,0.3,1
American Robin,Turdus migratorius,2026-04-18T01:31:11Z,17-Apr-2026,18:31:11,0.26,1
American Robin,Turdus migratorius,2026-04-18T01:30:35Z,17-Apr-2026,18:30:35,0.8157,7
American Robin,Turdus migratorius,2026-04-18T01:29:49Z,17-Apr-2026,18:29:49,0.43,1
American Robin,Turdus migratorius,2026-04-18T01:29:42Z,17-Apr-2026,18:29:42,0.43,1
American Robin,Turdus migratorius,2026-04-18T01:29:23Z,17-Apr-2026,18:29:23,0.8627,7
American Robin,Turdus migratorius,2026-04-18T01:29:17Z,17-Apr-2026,18:29:17,0.62,1
American Robin,Turdus migratorius,2026-04-18T01:29:07Z,17-Apr-2026,18:29:07,0.59,1
American Robin,Turdus migratorius,2026-04-18T01:29:00Z,17-Apr-2026,18:29:00,0.73,1
American Robin,Turdus migratorius,2026-04-18T01:28:47Z,17-Apr-2026,18:28:47,0.49,1
American Robin,Turdus migratorius,2026-04-18T01:28:16Z,17-Apr-2026,18:28:16,0.898,2
American Robin,Turdus migratorius,2026-04-18T01:28:10Z,17-Apr-2026,18:28:10,0.29,1
American Robin,Turdus migratorius,2026-04-18T01:27:53Z,17-Apr-2026,18:27:53,0.29,1
American Robin,Turdus migratorius,2026-04-18T01:27:30Z,17-Apr-2026,18:27:30,0.46,1
American Robin,Turdus migratorius,2026-04-18T01:27:23Z,17-Apr-2026,18:27:23,0.35,1
American Robin,Turdus migratorius,2026-04-18T01:27:08Z,17-Apr-2026,18:27:08,0.7804,11
American Robin,Turdus migratorius,2026-04-18T01:26:35Z,17-Apr-2026,18:26:35,0.29,1
American Robin,Turdus migratorius,2026-04-18T01:25:56Z,17-Apr-2026,18:25:56,0.8745,13
American Robin,Turdus migratorius,2026-04-18T01:25:29Z,17-Apr-2026,18:25:29,0.74,1
American Robin,Turdus migratorius,2026-04-18T01:25:21Z,17-Apr-2026,18:25:21,0.68,1
American Robin,Turdus migratorius,2026-04-18T01:24:53Z,17-Apr-2026,18:24:53,0.8627,6
American Robin,Turdus migratorius,2026-04-18T01:24:49Z,17-Apr-2026,18:24:49,0.33,1
American Robin,Turdus migratorius,2026-04-18T01:24:42Z,17-Apr-2026,18:24:42,0.28,1
American Robin,Turdus migratorius,2026-04-18T01:24:11Z,17-Apr-2026,18:24:11,0.39,1
American Robin,Turdus migratorius,2026-04-18T01:23:57Z,17-Apr-2026,18:23:57,0.79,1
American Robin,Turdus migratorius,2026-04-18T01:23:46Z,17-Apr-2026,18:23:46,0.8157,7
American Robin,Turdus migratorius,2026-04-18T01:23:42Z,17-Apr-2026,18:23:42,0.8,1
American Robin,Turdus migratorius,2026-04-18T01:23:32Z,17-Apr-2026,18:23:32,0.58,1
American Robin,Turdus migratorius,2026-04-18T01:23:24Z,17-Apr-2026,18:23:24,0.35,1
American Robin,Turdus migratorius,2026-04-18T01:23:14Z,17-Apr-2026,18:23:14,0.4,1
American Robin,Turdus migratorius,2026-04-18T01:23:06Z,17-Apr-2026,18:23:06,0.37,1
American Robin,Turdus migratorius,2026-04-18T01:22:45Z,17-Apr-2026,18:22:45,0.8314,2
Dark-eyed Junco,Junco hyemalis,2026-04-18T01:21:51Z,17-Apr-2026,18:21:51,0.31,1
American Robin,Turdus migratorius,2026-04-18T01:21:38Z,17-Apr-2026,18:21:38,0.8,3
American Robin,Turdus migratorius,2026-04-18T01:21:33Z,17-Apr-2026,18:21:33,0.36,1
American Robin,Turdus migratorius,2026-04-18T01:18:46Z,17-Apr-2026,18:18:46,0.8471,2
American Robin,Turdus migratorius,2026-04-18T01:18:32Z,17-Apr-2026,18:18:32,0.46,1
American Robin,Turdus migratorius,2026-04-18T01:17:20Z,17-Apr-2026,18:17:20,0.898,1
American Crow,Corvus brachyrhynchos,2026-04-18T01:15:26Z,17-Apr-2026,18:15:26,0.8,1
Bewick's Wren,Thryomanes bewickii,2026-04-18T01:13:32Z,17-Apr-2026,18:13:32,0.3,1
Bewick's Wren,Thryomanes bewickii,2026-04-18T01:06:46Z,17-Apr-2026,18:06:46,0.86,1
Bewick's Wren,Thryomanes bewickii,2026-04-18T01:06:35Z,17-Apr-2026,18:06:35,0.62,1
Bewick's Wren,Thryomanes bewickii,2026-04-18T01:06:07Z,17-Apr-2026,18:06:07,0.28,1
Bewick's Wren,Thryomanes bewickii,2026-04-18T01:05:50Z,17-Apr-2026,18:05:50,0.29,1
American Crow,Corvus brachyrhynchos,2026-04-18T01:01:17Z,17-Apr-2026,18:01:17,0.8314,1
American Robin,Turdus migratorius,2026-04-18T00:52:16Z,17-Apr-2026,17:52:16,0.44,1
Chestnut-backed Chickadee,Poecile rufescens,2026-04-18T00:50:55Z,17-Apr-2026,17:50:55,0.44,1
Chestnut-backed Chickadee,Poecile rufescens,2026-04-18T00:50:48Z,17-Apr-2026,17:50:48,0.5,1
Chestnut-backed Chickadee,Poecile rufescens,2026-04-18T00:50:31Z,17-Apr-2026,17:50:31,0.9176,13
Chestnut-backed Chickadee,Poecile rufescens,2026-04-18T00:50:02Z,17-Apr-2026,17:50:02,0.29,1
Chestnut-backed Chickadee,Poecile rufescens,2026-04-18T00:49:19Z,17-Apr-2026,17:49:19,0.8627,1
American Robin,Turdus migratorius,2026-04-18T00:49:00Z,17-Apr-2026,17:49:00,0.8471,1
Steller's Jay,Cyanocitta stelleri,2026-04-18T00:46:44Z,17-Apr-2026,17:46:44,0.9333,1
American Robin,Turdus migratorius,2026-04-18T00:43:23Z,17-Apr-2026,17:43:23,0.8,1
American Robin,Turdus migratorius,2026-04-18T00:42:26Z,17-Apr-2026,17:42:26,0.48,1
American Robin,Turdus migratorius,2026-04-18T00:42:22Z,17-Apr-2026,17:42:22,0.8471,2
American Robin,Turdus migratorius,2026-04-18T00:41:30Z,17-Apr-2026,17:41:30,0.39,1
American Robin,Turdus migratorius,2026-04-18T00:41:19Z,17-Apr-2026,17:41:19,0.8314,2
American Robin,Turdus migratorius,2026-04-18T00:40:12Z,17-Apr-2026,17:40:12,0.8,1
American Robin,Turdus migratorius,2026-04-18T00:39:16Z,17-Apr-2026,17:39:16,0.31,1
American Robin,Turdus migratorius,2026-04-18T00:39:09Z,17-Apr-2026,17:39:09,0.7804,1
American Robin,Turdus migratorius,2026-04-18T00:36:50Z,17-Apr-2026,17:36:50,0.28,1
American Robin,Turdus migratorius,2026-04-18T00:36:27Z,17-Apr-2026,17:36:27,0.8,2
House Finch,Haemorhous mexicanus,2026-04-18T00:35:29Z,17-Apr-2026,17:35:29,0.26,1
House Finch,Haemorhous mexicanus,2026-04-18T00:35:09Z,17-Apr-2026,17:35:09,0.7804,1
Red-breasted Nuthatch,Sitta canadensis,2026-04-18T00:34:51Z,17-Apr-2026,17:34:51,0.33,1
Red-breasted Nuthatch,Sitta canadensis,2026-04-18T00:34:42Z,17-Apr-2026,17:34:42,0.29,1
Red-breasted Nuthatch,Sitta canadensis,2026-04-18T00:34:24Z,17-Apr-2026,17:34:24,0.79,1
American Robin,Turdus migratorius,2026-04-18T00:33:56Z,17-Apr-2026,17:33:56,0.5,1
Chestnut-backed Chickadee,Poecile rufescens,2026-04-18T00:32:01Z,17-Apr-2026,17:32:01,0.949,1
American Robin,Turdus migratorius,2026-04-18T00:31:43Z,17-Apr-2026,17:31:43,0.27,1
American Robin,Turdus migratorius,2026-04-18T00:30:09Z,17-Apr-2026,17:30:09,0.8745,1
American Robin,Turdus migratorius,2026-04-18T00:29:57Z,17-Apr-2026,17:29:57,0.52,1
Dark-eyed Junco,Junco hyemalis,2026-04-18T00:29:12Z,17-Apr-2026,17:29:12,0.45,1
American Robin,Turdus migratorius,2026-04-18T00:28:09Z,17-Apr-2026,17:28:09,0.7804,1
American Robin,Turdus migratorius,2026-04-18T00:25:37Z,17-Apr-2026,17:25:37,0.35,1
American Robin,Turdus migratorius,2026-04-18T00:25:30Z,17-Apr-2026,17:25:30,0.8314,1
American Robin,Turdus migratorius,2026-04-18T00:24:20Z,17-Apr-2026,17:24:20,0.8,3
Steller's Jay,Cyanocitta stelleri,2026-04-18T00:24:00Z,17-Apr-2026,17:24:00,0.54,1
Steller's Jay,Cyanocitta stelleri,2026-04-18T00:23:47Z,17-Apr-2026,17:23:47,0.47,1
Steller's Jay,Cyanocitta stelleri,2026-04-18T00:23:24Z,17-Apr-2026,17:23:24,0.9333,1
Black-capped Chickadee,Poecile atricapillus,2026-04-18T00:22:38Z,17-Apr-2026,17:22:38,0.7804,5
American Robin,Turdus migratorius,2026-04-18T00:22:19Z,17-Apr-2026,17:22:19,0.35,1
Downy Woodpecker,Dryobates pubescens,2026-04-18T00:21:40Z,17-Apr-2026,17:21:40,0.38,1
American Robin,Turdus migratorius,2026-04-18T00:21:19Z,17-Apr-2026,17:21:19,0.8745,2
Black-capped Chickadee,Poecile atricapillus,2026-04-18T00:21:12Z,17-Apr-2026,17:21:12,0.3,1
Black-capped Chickadee,Poecile atricapillus,2026-04-18T00:20:15Z,17-Apr-2026,17:20:15,0.64,1
Black-capped Chickadee,Poecile atricapillus,2026-04-18T00:20:08Z,17-Apr-2026,17:20:08,0.8314,1
American Robin,Turdus migratorius,2026-04-18T00:19:58Z,17-Apr-2026,17:19:58,0.9647,2
American Robin,Turdus migratorius,2026-04-18T00:19:53Z,17-Apr-2026,17:19:53,0.28,1
American Robin,Turdus migratorius,2026-04-18T00:19:46Z,17-Apr-2026,17:19:46,0.87,1
Orange-crowned Warbler,Leiothlypis celata,2026-04-18T00:18:39Z,17-Apr-2026,17:18:39,0.26,1
American Robin,Turdus migratorius,2026-04-18T00:18:11Z,17-Apr-2026,17:18:11,0.9098,1
Dark-eyed Junco,Junco hyemalis,2026-04-18T00:17:45Z,17-Apr-2026,17:17:45,0.8314,1
American Robin,Turdus migratorius,2026-04-18T00:16:34Z,17-Apr-2026,17:16:34,0.8627,2
American Robin,Turdus migratorius,2026-04-18T00:16:02Z,17-Apr-2026,17:16:02,0.46,1
American Robin,Turdus migratorius,2026-04-18T00:15:10Z,17-Apr-2026,17:15:10,0.68,1
American Robin,Turdus migratorius,2026-04-18T00:15:03Z,17-Apr-2026,17:15:03,0.6,1
American Robin,Turdus migratorius,2026-04-18T00:14:55Z,17-Apr-2026,17:14:55,0.39,1
American Robin,Turdus migratorius,2026-04-18T00:14:48Z,17-Apr-2026,17:14:48,0.67,1
American Robin,Turdus migratorius,2026-04-18T00:14:24Z,17-Apr-2026,17:14:24,0.8,8
American Robin,Turdus migratorius,2026-04-18T00:14:17Z,17-Apr-2026,17:14:17,0.35,1
American Robin,Turdus migratorius,2026-04-18T00:14:09Z,17-Apr-2026,17:14:09,0.41,1
American Robin,Turdus migratorius,2026-04-18T00:13:56Z,17-Apr-2026,17:13:56,0.58,1
American Robin,Turdus migratorius,2026-04-18T00:13:22Z,17-Apr-2026,17:13:22,0.32,1
American Robin,Turdus migratorius,2026-04-18T00:13:15Z,17-Apr-2026,17:13:15,0.8745,5
Anna's Hummingbird,Calypte anna,2026-04-18T00:13:09Z,17-Apr-2026,17:13:09,0.9098,1
American Robin,Turdus migratorius,2026-04-18T00:12:41Z,17-Apr-2026,17:12:41,0.38,1
House Finch,Haemorhous mexicanus,2026-04-18T00:12:36Z,17-Apr-2026,17:12:36,0.8,1
American Robin,Turdus migratorius,2026-04-18T00:12:06Z,17-Apr-2026,17:12:06,0.9098,8
American Kestrel,Falco sparverius,2026-04-18T00:11:58Z,17-Apr-2026,17:11:58,0.3,1
American Robin,Turdus migratorius,2026-04-18T00:11:41Z,17-Apr-2026,17:11:41,0.66,1
American Kestrel,Falco sparverius,2026-04-18T00:11:08Z,17-Apr-2026,17:11:08,0.32,1
American Robin,Turdus migratorius,2026-04-18T00:11:01Z,17-Apr-2026,17:11:01,0.56,1
American Robin,Turdus migratorius,2026-04-18T00:10:57Z,17-Apr-2026,17:10:57,0.8627,1
Dark-eyed Junco,Junco hyemalis,2026-04-18T00:09:53Z,17-Apr-2026,17:09:53,0.72,1
Anna's Hummingbird,Calypte anna,2026-04-18T00:01:44Z,17-Apr-2026,17:01:44,0.9412,1
