Species,Scientific Name,UTC Date,Local Date,Local Time,Score,Count
Bewick's Wren,Thryomanes bewickii,2026-04-19T23:59:45Z,19-Apr-2026,16:59:45,0.96,1
Bewick's Wren,Thryomanes bewickii,2026-04-19T23:59:34Z,19-Apr-2026,16:59:34,0.87,1
Bewick's Wren,Thryomanes bewickii,2026-04-19T23:59:20Z,19-Apr-2026,16:59:20,0.62,1
Bewick's Wren,Thryomanes bewickii,2026-04-19T23:59:13Z,19-Apr-2026,16:59:13,0.43,1
Bewick's Wren,Thryomanes bewickii,2026-04-19T23:59:06Z,19-Apr-2026,16:59:06,0.98,1
Bewick's Wren,Thryomanes bewickii,2026-04-19T23:58:58Z,19-Apr-2026,16:58:58,0.99,1
Bewick's Wren,Thryomanes bewickii,2026-04-19T23:58:50Z,19-Apr-2026,16:58:50,0.94,1
Bewick's Wren,Thryomanes bewickii,2026-04-19T23:58:40Z,19-Apr-2026,16:58:40,0.7,1
Bewick's Wren,Thryomanes bewickii,2026-04-19T23:58:32Z,19-Apr-2026,16:58:32,0.97,1
Bewick's Wren,Thryomanes bewickii,2026-04-19T23:58:25Z,19-Apr-2026,16:58:25,0.95,1
Bewick's Wren,Thryomanes bewickii,2026-04-19T23:58:16Z,19-Apr-2026,16:58:16,0.94,1
American Crow,Corvus brachyrhynchos,2026-04-19T23:57:56Z,19-Apr-2026,16:57:56,0.35,1
American Robin,Turdus migratorius,2026-04-19T23:56:02Z,19-Apr-2026,16:56:02,0.26,1
American Robin,Turdus migratorius,2026-04-19T23:53:56Z,19-Apr-2026,16:53:56,0.8314,1
Dark-eyed Junco,Junco hyemalis,2026-04-19T23:53:47Z,19-Apr-2026,16:53:47,0.41,1
American Kestrel,Falco sparverius,2026-04-19T23:53:14Z,19-Apr-2026,16:53:14,0.32,1
American Robin,Turdus migratorius,2026-04-19T23:52:57Z,19-Apr-2026,16:52:57,0.83,1
American Robin,Turdus migratorius,2026-04-19T23:52:50Z,19-Apr-2026,16:52:50,0.3,1
American Robin,Turdus migratorius,2026-04-19T23:52:43Z,19-Apr-2026,16:52:43,0.68,1
Northern Flicker,Colaptes auratus,2026-04-19T23:51:26Z,19-Apr-2026,16:51:26,0.32,1
Bewick's Wren,Thryomanes bewickii,2026-04-19T23:49:42Z,19-Apr-2026,16:49:42,0.99,1
Bewick's Wren,Thryomanes bewickii,2026-04-19T23:45:16Z,19-Apr-2026,16:45:16,0.81,1
Bewick's Wren,Thryomanes bewickii,2026-04-19T23:45:04Z,19-Apr-2026,16:45:04,0.99,1
Bewick's Wren,Thryomanes bewickii,2026-04-19T23:44:56Z,19-Apr-2026,16:44:56,0.96,1
Bewick's Wren,Thryomanes bewickii,2026-04-19T23:44:48Z,19-Apr-2026,16:44:48,0.86,1
Bewick's Wren,Thryomanes bewickii,2026-04-19T23:44:40Z,19-Apr-2026,16:44:40,0.97,1
Bewick's Wren,Thryomanes bewickii,2026-04-19T23:44:34Z,19-Apr-2026,16:44:34,0.97,1
Bewick's Wren,Thryomanes bewickii,2026-04-19T23:44:19Z,19-Apr-2026,16:44:19,0.96,1
Bewick's Wren,Thryomanes bewickii,2026-04-19T23:43:58Z,19-Apr-2026,16:43:58,0.99,1
House Finch,Haemorhous mexicanus,2026-04-19T23:36:46Z,19-Apr-2026,16:36:46,0.8627,1
House Finch,Haemorhous mexicanus,2026-04-19T23:35:44Z,19-Apr-2026,16:35:44,0.34,1
House Finch,Haemorhous mexicanus,2026-04-19T23:35:34Z,19-Apr-2026,16:35:34,0.38,1
Dark-eyed Junco,Junco hyemalis,2026-04-19T23:35:06Z,19-Apr-2026,16:35:06,0.8157,1
House Finch,Haemorhous mexicanus,2026-04-19T23:33:10Z,19-Apr-2026,16:33:10,0.36,1
Black Phoebe,Sayornis nigricans,2026-04-19T23:32:57Z,19-Apr-2026,16:32:57,0.8745,1
American Robin,Turdus migratorius,2026-04-19T23:31:34Z,19-Apr-2026,16:31:34,0.5,1
House Finch,Haemorhous mexicanus,2026-04-19T23:30:06Z,19-Apr-2026,16:30:06,0.34,1
American Robin,Turdus migratorius,2026-04-19T23:29:44Z,19-Apr-2026,16:29:44,0.8,1
House Finch,Haemorhous mexicanus,2026-04-19T23:28:30Z,19-Apr-2026,16:28:30,0.82,1
House Finch,Haemorhous mexicanus,2026-04-19T23:28:23Z,19-Apr-2026,16:28:23,0.8,1
American Robin,Turdus migratorius,2026-04-19T23:27:11Z,19-Apr-2026,16:27:11,0.7804,3
House Finch,Haemorhous mexicanus,2026-04-19T23:25:39Z,19-Apr-2026,16:25:39,0.7804,1
American Robin,Turdus migratorius,2026-04-19T23:25:27Z,19-Apr-2026,16:25:27,0.58,1
American Robin,Turdus migratorius,2026-04-19T23:25:20Z,19-Apr-2026,16:25:20,0.7804,2
American Robin,Turdus migratorius,2026-04-19T23:25:02Z,19-Apr-2026,16:25:02,0.41,1
American Robin,Turdus migratorius,2026-04-19T23:24:49Z,19-Apr-2026,16:24:49,0.55,1
American Robin,Turdus migratorius,2026-04-19T23:24:01Z,19-Apr-2026,16:24:01,0.9176,13
American Robin,Turdus migratorius,2026-04-19T23:23:54Z,19-Apr-2026,16:23:54,0.94,1
American Robin,Turdus migratorius,2026-04-19T23:23:12Z,19-Apr-2026,16:23:12,0.54,1
American Robin,Turdus migratorius,2026-04-19T23:22:57Z,19-Apr-2026,16:22:57,0.8745,15
American Robin,Turdus migratorius,2026-04-19T23:22:52Z,19-Apr-2026,16:22:52,0.68,1
American Robin,Turdus migratorius,2026-04-19T23:22:23Z,19-Apr-2026,16:22:23,0.54,1
American Robin,Turdus migratorius,2026-04-19T23:22:15Z,19-Apr-2026,16:22:15,0.67,1
American Robin,Turdus migratorius,2026-04-19T23:21:56Z,19-Apr-2026,16:21:56,0.8627,1
Red-breasted Nuthatch,Sitta canadensis,2026-04-19T23:21:36Z,19-Apr-2026,16:21:36,0.85,1
Red-breasted Nuthatch,Sitta canadensis,2026-04-19T23:21:27Z,19-Apr-2026,16:21:27,0.89,1
Red-breasted Nuthatch,Sitta canadensis,2026-04-19T23:21:19Z,19-Apr-2026,16:21:19,0.85,1
Red-breasted Nuthatch,Sitta canadensis,2026-04-19T23:21:12Z,19-Apr-2026,16:21:12,0.78,1
Red-breasted Nuthatch,Sitta canadensis,2026-04-19T23:20:34Z,19-Apr-2026,16:20:34,0.47,1
American Robin,Turdus migratorius,2026-04-19T23:20:00Z,19-Apr-2026,16:20:00,0.65,1
American Robin,Turdus migratorius,2026-04-19T23:19:53Z,19-Apr-2026,16:19:53,0.48,1
American Robin,Turdus migratorius,2026-04-19T23:19:47Z,19-Apr-2026,16:19:47,0.898,5
American Robin,Turdus migratorius,2026-04-19T23:19:32Z,19-Apr-2026,16:19:32,0.62,1
American Robin,Turdus migratorius,2026-04-19T23:19:25Z,19-Apr-2026,16:19:25,0.32,1
American Robin,Turdus migratorius,2026-04-19T23:18:03Z,19-Apr-2026,16:18:03,0.8314,6
American Robin,Turdus migratorius,2026-04-19T23:17:44Z,19-Apr-2026,16:17:44,0.83,1
Red-breasted Nuthatch,Sitta canadensis,2026-04-19T23:17:25Z,19-Apr-2026,16:17:25,0.26,1
American Robin,Turdus migratorius,2026-04-19T23:16:59Z,19-Apr-2026,16:16:59,0.898,8
American Robin,Turdus migratorius,2026-04-19T23:16:51Z,19-Apr-2026,16:16:51,0.44,1
American Robin,Turdus migratorius,2026-04-19T23:16:37Z,19-Apr-2026,16:16:37,0.66,1
American Robin,Turdus migratorius,2026-04-19T23:15:53Z,19-Apr-2026,16:15:53,0.9529,1
American Robin,Turdus migratorius,2026-04-19T23:15:47Z,19-Apr-2026,16:15:47,0.86,1
American Robin,Turdus migratorius,2026-04-19T23:15:33Z,19-Apr-2026,16:15:33,0.5,1
American Robin,Turdus migratorius,2026-04-19T23:11:57Z,19-Apr-2026,16:11:57,0.5,1
American Robin,Turdus migratorius,2026-04-19T23:11:47Z,19-Apr-2026,16:11:47,0.7804,1
American Robin,Turdus migratorius,2026-04-19T23:10:29Z,19-Apr-2026,16:10:29,0.34,1
American Robin,Turdus migratorius,2026-04-19T23:09:48Z,19-Apr-2026,16:09:48,0.33,1
American Robin,Turdus migratorius,2026-04-19T23:08:33Z,19-Apr-2026,16:08:33,0.8,1
Black-capped Chickadee,Poecile atricapillus,2026-04-19T23:08:05Z,19-Apr-2026,16:08:05,0.8314,1
Dark-eyed Junco,Junco hyemalis,2026-04-19T23:06:08Z,19-Apr-2026,16:06:08,0.8627,1
House Finch,Haemorhous mexicanus,2026-04-19T23:05:02Z,19-Apr-2026,16:05:02,0.8314,1
House Finch,Haemorhous mexicanus,2026-04-19T23:03:59Z,19-Apr-2026,16:03:59,0.8745,1
Black-capped Chickadee,Poecile atricapillus,2026-04-19T23:02:53Z,19-Apr-2026,16:02:53,0.8314,1
House Finch,Haemorhous mexicanus,2026-04-19T23:01:51Z,19-Apr-2026,16:01:51,0.47,1
Dusky Flycatcher,Empidonax oberholseri,2026-04-19T23:01:07Z,19-Apr-2026,16:01:07,0.37,1
Black-capped Chickadee,Poecile atricapillus,2026-04-19T23:01:01Z,19-Apr-2026,16:01:01,0.38,1
Dark-eyed Junco,Junco hyemalis,2026-04-19T23:00:53Z,19-Apr-2026,16:00:53,0.77,1
House Finch,Haemorhous mexicanus,2026-04-19T22:59:28Z,19-Apr-2026,15:59:28,0.29,1
American Robin,Turdus migratorius,2026-04-19T22:52:16Z,19-Apr-2026,15:52:16,0.27,1
Bewick's Wren,Thryomanes bewickii,2026-04-19T22:52:08Z,19-Apr-2026,15:52:08,0.28,1
Bewick's Wren,Thryomanes bewickii,2026-04-19T22:50:43Z,19-Apr-2026,15:50:43,0.32,1
Bewick's Wren,Thryomanes bewickii,2026-04-19T22:50:32Z,19-Apr-2026,15:50:32,0.7,1
House Finch,Haemorhous mexicanus,2026-04-19T22:49:48Z,19-Apr-2026,15:49:48,0.8471,1
Bewick's Wren,Thryomanes bewickii,2026-04-19T22:49:24Z,19-Apr-2026,15:49:24,0.37,1
American Robin,Turdus migratorius,2026-04-19T22:48:53Z,19-Apr-2026,15:48:53,0.51,1
American Robin,Turdus migratorius,2026-04-19T22:48:43Z,19-Apr-2026,15:48:43,0.8745,1
American Robin,Turdus migratorius,2026-04-19T22:48:23Z,19-Apr-2026,15:48:23,0.49,1
Bewick's Wren,Thryomanes bewickii,2026-04-19T22:45:53Z,19-Apr-2026,15:45:53,0.72,1
House Finch,Haemorhous mexicanus,2026-04-19T22:44:31Z,19-Apr-2026,15:44:31,0.8314,1
Bewick's Wren,Thryomanes bewickii,2026-04-19T22:42:40Z,19-Apr-2026,15:42:40,0.87,1
Bewick's Wren,Thryomanes bewickii,2026-04-19T22:42:20Z,19-Apr-2026,15:42:20,0.56,1
Bewick's Wren,Thryomanes bewickii,2026-04-19T22:42:14Z,19-Apr-2026,15:42:14,0.87,1
Bewick's Wren,Thryomanes bewickii,2026-04-19T22:41:59Z,19-Apr-2026,15:41:59,0.7,1
American Robin,Turdus migratorius,2026-04-19T22:41:35Z,19-Apr-2026,15:41:35,0.85,1
American Robin,Turdus migratorius,2026-04-19T22:41:22Z,19-Apr-2026,15:41:22,0.34,1
American Robin,Turdus migratorius,2026-04-19T22:41:11Z,19-Apr-2026,15:41:11,0.5,1
Black-capped Chickadee,Poecile atricapillus,2026-04-19T22:40:01Z,19-Apr-2026,15:40:01,0.44,1
Black-capped Chickadee,Poecile atricapillus,2026-04-19T22:39:57Z,19-Apr-2026,15:39:57,0.8627,1
House Finch,Haemorhous mexicanus,2026-04-19T22:38:54Z,19-Apr-2026,15:38:54,0.8,1
Black-capped Chickadee,Poecile atricapillus,2026-04-19T22:37:29Z,19-Apr-2026,15:37:29,0.8314,3
Black-capped Chickadee,Poecile atricapillus,2026-04-19T22:36:24Z,19-Apr-2026,15:36:24,0.898,1
House Finch,Haemorhous mexicanus,2026-04-19T22:35:37Z,19-Apr-2026,15:35:37,0.8157,6
House Finch,Haemorhous mexicanus,2026-04-19T22:34:31Z,19-Apr-2026,15:34:31,0.8471,1
House Finch,Haemorhous mexicanus,2026-04-19T22:31:37Z,19-Apr-2026,15:31:37,0.8314,3
House Finch,Haemorhous mexicanus,2026-04-19T22:31:02Z,19-Apr-2026,15:31:02,0.36,1
House Finch,Haemorhous mexicanus,2026-04-19T22:30:48Z,19-Apr-2026,15:30:48,0.42,1
House Finch,Haemorhous mexicanus,2026-04-19T22:29:36Z,19-Apr-2026,15:29:36,0.9255,1
Bewick's Wren,Thryomanes bewickii,2026-04-19T22:28:50Z,19-Apr-2026,15:28:50,0.6,1
Bewick's Wren,Thryomanes bewickii,2026-04-19T22:28:02Z,19-Apr-2026,15:28:02,0.58,1
Bewick's Wren,Thryomanes bewickii,2026-04-19T22:27:51Z,19-Apr-2026,15:27:51,0.67,1
Bewick's Wren,Thryomanes bewickii,2026-04-19T22:27:20Z,19-Apr-2026,15:27:20,0.32,1
Bewick's Wren,Thryomanes bewickii,2026-04-19T22:27:11Z,19-Apr-2026,15:27:11,0.49,1
Bewick's Wren,Thryomanes bewickii,2026-04-19T22:26:56Z,19-Apr-2026,15:26:56,0.7,1
Black-capped Chickadee,Poecile atricapillus,2026-04-19T22:26:47Z,19-Apr-2026,15:26:47,0.8314,1
House Finch,Haemorhous mexicanus,2026-04-19T22:25:41Z,19-Apr-2026,15:25:41,0.49,1
House Finch,Haemorhous mexicanus,2026-04-19T22:24:48Z,19-Apr-2026,15:24:48,0.8314,2
House Finch,Haemorhous mexicanus,2026-04-19T22:24:01Z,19-Apr-2026,15:24:01,0.38,1
House Finch,Haemorhous mexicanus,2026-04-19T22:23:35Z,19-Apr-2026,15:23:35,0.7804,1
Chestnut-backed Chickadee,Poecile rufescens,2026-04-19T22:19:14Z,19-Apr-2026,15:19:14,0.31,1
Chestnut-backed Chickadee,Poecile rufescens,2026-04-19T22:18:28Z,19-Apr-2026,15:18:28,0.9843,1
Chestnut-backed Chickadee,Poecile rufescens,2026-04-19T22:17:51Z,19-Apr-2026,15:17:51,0.33,1
House Finch,Haemorhous mexicanus,2026-04-19T22:16:43Z,19-Apr-2026,15:16:43,0.8314,5
House Finch,Haemorhous mexicanus,2026-04-19T22:16:27Z,19-Apr-2026,15:16:27,0.44,1
House Finch,Haemorhous mexicanus,2026-04-19T22:15:33Z,19-Apr-2026,15:15:33,0.32,1
House Finch,Haemorhous mexicanus,2026-04-19T22:14:49Z,19-Apr-2026,15:14:49,0.9098,1
Black-capped Chickadee,Poecile atricapillus,2026-04-19T22:14:44Z,19-Apr-2026,15:14:44,0.44,1
Bewick's Wren,Thryomanes bewickii,2026-04-19T22:13:38Z,19-Apr-2026,15:13:38,0.37,1
House Finch,Haemorhous mexicanus,2026-04-19T22:13:29Z,19-Apr-2026,15:13:29,0.7804,2
Bewick's Wren,Thryomanes bewickii,2026-04-19T22:12:19Z,19-Apr-2026,15:12:19,0.69,1
Black-capped Chickadee,Poecile atricapillus,2026-04-19T22:11:47Z,19-Apr-2026,15:11:47,0.38,1
House Finch,Haemorhous mexicanus,2026-04-19T22:10:19Z,19-Apr-2026,15:10:19,0.8627,1
House Finch,Haemorhous mexicanus,2026-04-19T22:09:33Z,19-Apr-2026,15:09:33,0.29,1
House Finch,Haemorhous mexicanus,2026-04-19T22:08:59Z,19-Apr-2026,15:08:59,0.8471,2
House Finch,Haemorhous mexicanus,2026-04-19T22:07:56Z,19-Apr-2026,15:07:56,0.7804,2
Bewick's Wren,Thryomanes bewickii,2026-04-19T22:07:42Z,19-Apr-2026,15:07:42,0.58,1
House Finch,Haemorhous mexicanus,2026-04-19T22:06:26Z,19-Apr-2026,15:06:26,0.8157,1
Black-capped Chickadee,Poecile atricapillus,2026-04-19T22:06:07Z,19-Apr-2026,15:06:07,0.29,1
Black-capped Chickadee,Poecile atricapillus,2026-04-19T22:04:10Z,19-Apr-2026,15:04:10,0.9843,1
Bewick's Wren,Thryomanes bewickii,2026-04-19T21:59:53Z,19-Apr-2026,14:59:53,0.57,1
Dark-eyed Junco,Junco hyemalis,2026-04-19T21:59:06Z,19-Apr-2026,14:59:06,0.41,1
House Finch,Haemorhous mexicanus,2026-04-19T21:56:17Z,19-Apr-2026,14:56:17,0.9098,3
Bewick's Wren,Thryomanes bewickii,2026-04-19T21:55:13Z,19-Apr-2026,14:55:13,0.47,1
House Finch,Haemorhous mexicanus,2026-04-19T21:55:08Z,19-Apr-2026,14:55:08,0.8,1
House Finch,Haemorhous mexicanus,2026-04-19T21:54:15Z,19-Apr-2026,14:54:15,0.4,1
House Finch,Haemorhous mexicanus,2026-04-19T21:54:03Z,19-Apr-2026,14:54:03,0.26,1
House Finch,Haemorhous mexicanus,2026-04-19T21:53:00Z,19-Apr-2026,14:53:00,0.34,1
House Finch,Haemorhous mexicanus,2026-04-19T21:52:23Z,19-Apr-2026,14:52:23,0.8863,1
House Finch,Haemorhous mexicanus,2026-04-19T21:49:23Z,19-Apr-2026,14:49:23,0.32,1
House Finch,Haemorhous mexicanus,2026-04-19T21:46:02Z,19-Apr-2026,14:46:02,0.7804,1
American Robin,Turdus migratorius,2026-04-19T21:45:34Z,19-Apr-2026,14:45:34,0.8157,1
House Finch,Haemorhous mexicanus,2026-04-19T21:44:19Z,19-Apr-2026,14:44:19,0.31,1
Black-capped Chickadee,Poecile atricapillus,2026-04-19T21:41:59Z,19-Apr-2026,14:41:59,0.8627,3
Black-capped Chickadee,Poecile atricapillus,2026-04-19T21:41:12Z,19-Apr-2026,14:41:12,0.34,1
Black-capped Chickadee,Poecile atricapillus,2026-04-19T21:40:45Z,19-Apr-2026,14:40:45,0.9529,1
Black-capped Chickadee,Poecile atricapillus,2026-04-19T21:37:30Z,19-Apr-2026,14:37:30,0.38,1
Black-capped Chickadee,Poecile atricapillus,2026-04-19T21:36:00Z,19-Apr-2026,14:36:00,0.44,1
Orange-crowned Warbler,Leiothlypis celata,2026-04-19T21:34:03Z,19-Apr-2026,14:34:03,0.45,1
White-crowned Sparrow,Zonotrichia leucophrys,2026-04-19T21:32:02Z,19-Apr-2026,14:32:02,0.46,1
Orange-crowned Warbler,Leiothlypis celata,2026-04-19T21:29:02Z,19-Apr-2026,14:29:02,0.26,1
Dark-eyed Junco,Junco hyemalis,2026-04-19T21:26:11Z,19-Apr-2026,14:26:11,0.33,1
Dark-eyed Junco,Junco hyemalis,2026-04-19T21:25:24Z,19-Apr-2026,14:25:24,0.51,1
Dark-eyed Junco,Junco hyemalis,2026-04-19T21:24:56Z,19-Apr-2026,14:24:56,0.8627,1
Dark-eyed Junco,Junco hyemalis,2026-04-19T21:24:51Z,19-Apr-2026,14:24:51,0.29,1
Steller's Jay,Cyanocitta stelleri,2026-04-19T21:19:36Z,19-Apr-2026,14:19:36,0.39,1
Steller's Jay,Cyanocitta stelleri,2026-04-19T21:19:02Z,19-Apr-2026,14:19:02,0.9569,1
Steller's Jay,Cyanocitta stelleri,2026-04-19T21:18:39Z,19-Apr-2026,14:18:39,0.52,1
Dark-eyed Junco,Junco hyemalis,2026-04-19T21:18:13Z,19-Apr-2026,14:18:13,0.28,1
Dark-eyed Junco,Junco hyemalis,2026-04-19T21:18:06Z,19-Apr-2026,14:18:06,0.53,1
Dark-eyed Junco,Junco hyemalis,2026-04-19T21:17:55Z,19-Apr-2026,14:17:55,0.61,1
Dark-eyed Junco,Junco hyemalis,2026-04-19T21:17:47Z,19-Apr-2026,14:17:47,0.44,1
Dark-eyed Junco,Junco hyemalis,2026-04-19T21:17:36Z,19-Apr-2026,14:17:36,0.33,1
Steller's Jay,Cyanocitta stelleri,2026-04-19T21:16:42Z,19-Apr-2026,14:16:42,0.8157,1
Black-capped Chickadee,Poecile atricapillus,2026-04-19T21:16:22Z,19-Apr-2026,14:16:22,0.8,1
Dark-eyed Junco,Junco hyemalis,2026-04-19T21:16:03Z,19-Apr-2026,14:16:03,0.26,1
House Finch,Haemorhous mexicanus,2026-04-19T21:15:22Z,19-Apr-2026,14:15:22,0.8314,2
Steller's Jay,Cyanocitta stelleri,2026-04-19T21:15:18Z,19-Apr-2026,14:15:18,0.93,1
Steller's Jay,Cyanocitta stelleri,2026-04-19T21:15:14Z,19-Apr-2026,14:15:14,0.9333,4
Steller's Jay,Cyanocitta stelleri,2026-04-19T21:14:02Z,19-Apr-2026,14:14:02,0.9529,4
Anna's Hummingbird,Calypte anna,2026-04-19T21:12:44Z,19-Apr-2026,14:12:44,0.29,1
Steller's Jay,Cyanocitta stelleri,2026-04-19T21:12:22Z,19-Apr-2026,14:12:22,0.8863,1
House Finch,Haemorhous mexicanus,2026-04-19T21:12:16Z,19-Apr-2026,14:12:16,0.9412,1
House Finch,Haemorhous mexicanus,2026-04-19T21:11:15Z,19-Apr-2026,14:11:15,0.9255,5
Steller's Jay,Cyanocitta stelleri,2026-04-19T21:10:47Z,19-Apr-2026,14:10:47,0.73,1
House Finch,Haemorhous mexicanus,2026-04-19T21:09:56Z,19-Apr-2026,14:09:56,0.8314,3
Pacific-slope Flycatcher,Empidonax difficilis,2026-04-19T21:09:30Z,19-Apr-2026,14:09:30,0.41,1
Steller's Jay,Cyanocitta stelleri,2026-04-19T21:09:12Z,19-Apr-2026,14:09:12,0.93,1
Steller's Jay,Cyanocitta stelleri,2026-04-19T21:09:05Z,19-Apr-2026,14:09:05,0.9686,1
Steller's Jay,Cyanocitta stelleri,2026-04-19T21:08:58Z,19-Apr-2026,14:08:58,0.96,1
Steller's Jay,Cyanocitta stelleri,2026-04-19T21:08:47Z,19-Apr-2026,14:08:47,0.98,1
Steller's Jay,Cyanocitta stelleri,2026-04-19T21:08:39Z,19-Apr-2026,14:08:39,0.9,1
House Finch,Haemorhous mexicanus,2026-04-19T21:08:32Z,19-Apr-2026,14:08:32,0.898,1
Steller's Jay,Cyanocitta stelleri,2026-04-19T21:08:07Z,19-Apr-2026,14:08:07,0.93,1
Steller's Jay,Cyanocitta stelleri,2026-04-19T21:07:59Z,19-Apr-2026,14:07:59,0.8627,1
House Finch,Haemorhous mexicanus,2026-04-19T21:07:24Z,19-Apr-2026,14:07:24,0.8863,2
House Finch,Haemorhous mexicanus,2026-04-19T21:04:10Z,19-Apr-2026,14:04:10,0.8314,1
Black-capped Chickadee,Poecile atricapillus,2026-04-19T21:04:02Z,19-Apr-2026,14:04:02,0.3,1
Chestnut-backed Chickadee,Poecile rufescens,2026-04-19T21:03:17Z,19-Apr-2026,14:03:17,0.8471,2
Black-capped Chickadee,Poecile atricapillus,2026-04-19T21:03:01Z,19-Apr-2026,14:03:01,0.8,1
Chestnut-backed Chickadee,Poecile rufescens,2026-04-19T21:02:32Z,19-Apr-2026,14:02:32,0.39,1
Chestnut-backed Chickadee,Poecile rufescens,2026-04-19T21:02:14Z,19-Apr-2026,14:02:14,0.898,2
Chestnut-backed Chickadee,Poecile rufescens,2026-04-19T21:01:47Z,19-Apr-2026,14:01:47,0.52,1
Chestnut-backed Chickadee,Poecile rufescens,2026-04-19T21:01:05Z,19-Apr-2026,14:01:05,0.8627,1
Chestnut-backed Chickadee,Poecile rufescens,2026-04-19T21:01:01Z,19-Apr-2026,14:01:01,0.42,1
Black-capped Chickadee,Poecile atricapillus,2026-04-19T21:00:54Z,19-Apr-2026,14:00:54,0.28,1
Chestnut-backed Chickadee,Poecile rufescens,2026-04-19T20:58:23Z,19-Apr-2026,13:58:23,0.27,1
Black-capped Chickadee,Poecile atricapillus,2026-04-19T20:57:48Z,19-Apr-2026,13:57:48,0.8157,1
Chestnut-backed Chickadee,Poecile rufescens,2026-04-19T20:57:43Z,19-Apr-2026,13:57:43,0.8627,1
House Finch,Haemorhous mexicanus,2026-04-19T20:56:12Z,19-Apr-2026,13:56:12,0.7804,1
Chestnut-backed Chickadee,Poecile rufescens,2026-04-19T20:55:41Z,19-Apr-2026,13:55:41,0.74,1
Chestnut-backed Chickadee,Poecile rufescens,2026-04-19T20:55:21Z,19-Apr-2026,13:55:21,0.8157,5
Chestnut-backed Chickadee,Poecile rufescens,2026-04-19T20:51:21Z,19-Apr-2026,13:51:21,0.7804,1
House Finch,Haemorhous mexicanus,2026-04-19T20:50:33Z,19-Apr-2026,13:50:33,0.7804,1
Chestnut-backed Chickadee,Poecile rufescens,2026-04-19T20:49:59Z,19-Apr-2026,13:49:59,0.58,1
House Finch,Haemorhous mexicanus,2026-04-19T20:49:11Z,19-Apr-2026,13:49:11,0.8,1
Chestnut-backed Chickadee,Poecile rufescens,2026-04-19T20:48:13Z,19-Apr-2026,13:48:13,0.9882,1
Bewick's Wren,Thryomanes bewickii,2026-04-19T20:47:23Z,19-Apr-2026,13:47:23,0.61,1
Black-capped Chickadee,Poecile atricapillus,2026-04-19T20:45:18Z,19-Apr-2026,13:45:18,0.8471,1
House Finch,Haemorhous mexicanus,2026-04-19T20:44:46Z,19-Apr-2026,13:44:46,0.36,1
Chestnut-backed Chickadee,Poecile rufescens,2026-04-19T20:43:17Z,19-Apr-2026,13:43:17,0.9255,2
House Finch,Haemorhous mexicanus,2026-04-19T20:42:23Z,19-Apr-2026,13:42:23,0.7804,2
Chestnut-backed Chickadee,Poecile rufescens,2026-04-19T20:42:05Z,19-Apr-2026,13:42:05,0.56,1
Chestnut-backed Chickadee,Poecile rufescens,2026-04-19T20:41:40Z,19-Apr-2026,13:41:40,0.8157,3
Chestnut-backed Chickadee,Poecile rufescens,2026-04-19T20:41:36Z,19-Apr-2026,13:41:36,0.42,1
Anna's Hummingbird,Calypte anna,2026-04-19T20:41:24Z,19-Apr-2026,13:41:24,0.8471,1
Chestnut-backed Chickadee,Poecile rufescens,2026-04-19T20:41:04Z,19-Apr-2026,13:41:04,0.34,1
House Finch,Haemorhous mexicanus,2026-04-19T20:40:33Z,19-Apr-2026,13:40:33,0.8745,1
Chestnut-backed Chickadee,Poecile rufescens,2026-04-19T20:40:22Z,19-Apr-2026,13:40:22,0.46,1
Chestnut-backed Chickadee,Poecile rufescens,2026-04-19T20:40:15Z,19-Apr-2026,13:40:15,0.8157,2
Chestnut-backed Chickadee,Poecile rufescens,2026-04-19T20:39:37Z,19-Apr-2026,13:39:37,0.37,1
Chestnut-backed Chickadee,Poecile rufescens,2026-04-19T20:39:30Z,19-Apr-2026,13:39:30,0.74,1
House Finch,Haemorhous mexicanus,2026-04-19T20:39:21Z,19-Apr-2026,13:39:21,0.29,1
Chestnut-backed Chickadee,Poecile rufescens,2026-04-19T20:38:50Z,19-Apr-2026,13:38:50,0.9098,1
Steller's Jay,Cyanocitta stelleri,2026-04-19T20:37:54Z,19-Apr-2026,13:37:54,0.8157,1
House Finch,Haemorhous mexicanus,2026-04-19T20:37:39Z,19-Apr-2026,13:37:39,0.9098,1
Chestnut-backed Chickadee,Poecile rufescens,2026-04-19T20:34:29Z,19-Apr-2026,13:34:29,0.898,1
Downy Woodpecker,Dryobates pubescens,2026-04-19T20:32:23Z,19-Apr-2026,13:32:23,0.31,1
American Robin,Turdus migratorius,2026-04-19T20:31:14Z,19-Apr-2026,13:31:14,0.3,1
House Finch,Haemorhous mexicanus,2026-04-19T20:28:19Z,19-Apr-2026,13:28:19,0.7804,1
House Finch,Haemorhous mexicanus,2026-04-19T20:27:53Z,19-Apr-2026,13:27:53,0.33,1
House Finch,Haemorhous mexicanus,2026-04-19T20:27:02Z,19-Apr-2026,13:27:02,0.8745,3
House Finch,Haemorhous mexicanus,2026-04-19T20:24:59Z,19-Apr-2026,13:24:59,0.8,5
House Finch,Haemorhous mexicanus,2026-04-19T20:23:45Z,19-Apr-2026,13:23:45,0.37,1
House Finch,Haemorhous mexicanus,2026-04-19T20:23:06Z,19-Apr-2026,13:23:06,0.8,6
House Finch,Haemorhous mexicanus,2026-04-19T20:22:09Z,19-Apr-2026,13:22:09,0.42,1
Steller's Jay,Cyanocitta stelleri,2026-04-19T20:21:56Z,19-Apr-2026,13:21:56,0.9098,1
House Finch,Haemorhous mexicanus,2026-04-19T20:21:25Z,19-Apr-2026,13:21:25,0.8471,9
House Finch,Haemorhous mexicanus,2026-04-19T20:20:46Z,19-Apr-2026,13:20:46,0.53,1
House Finch,Haemorhous mexicanus,2026-04-19T20:20:18Z,19-Apr-2026,13:20:18,0.7804,1
Anna's Hummingbird,Calypte anna,2026-04-19T20:19:52Z,19-Apr-2026,13:19:52,0.8157,1
Steller's Jay,Cyanocitta stelleri,2026-04-19T20:18:36Z,19-Apr-2026,13:18:36,0.29,1
Anna's Hummingbird,Calypte anna,2026-04-19T20:18:11Z,19-Apr-2026,13:18:11,0.9569,1
Steller's Jay,Cyanocitta stelleri,2026-04-19T20:16:11Z,19-Apr-2026,13:16:11,0.71,1
American Robin,Turdus migratorius,2026-04-19T20:15:48Z,19-Apr-2026,13:15:48,0.8471,1
Anna's Hummingbird,Calypte anna,2026-04-19T20:15:44Z,19-Apr-2026,13:15:44,0.949,1
Steller's Jay,Cyanocitta stelleri,2026-04-19T20:15:32Z,19-Apr-2026,13:15:32,0.949,1
Steller's Jay,Cyanocitta stelleri,2026-04-19T20:15:25Z,19-Apr-2026,13:15:25,0.3,1
Steller's Jay,Cyanocitta stelleri,2026-04-19T20:15:19Z,19-Apr-2026,13:15:19,0.63,1
House Finch,Haemorhous mexicanus,2026-04-19T20:15:06Z,19-Apr-2026,13:15:06,0.8,3
American Robin,Turdus migratorius,2026-04-19T20:14:46Z,19-Apr-2026,13:14:46,0.7804,1
House Finch,Haemorhous mexicanus,2026-04-19T20:14:05Z,19-Apr-2026,13:14:05,0.7804,1
American Robin,Turdus migratorius,2026-04-19T20:13:54Z,19-Apr-2026,13:13:54,0.31,1
American Robin,Turdus migratorius,2026-04-19T20:13:46Z,19-Apr-2026,13:13:46,0.83,1
House Finch,Haemorhous mexicanus,2026-04-19T20:13:02Z,19-Apr-2026,13:13:02,0.8157,2
American Robin,Turdus migratorius,2026-04-19T20:12:38Z,19-Apr-2026,13:12:38,0.27,1
House Finch,Haemorhous mexicanus,2026-04-19T20:12:21Z,19-Apr-2026,13:12:21,0.56,1
House Finch,Haemorhous mexicanus,2026-04-19T20:11:45Z,19-Apr-2026,13:11:45,0.3,1
House Finch,Haemorhous mexicanus,2026-04-19T20:11:39Z,19-Apr-2026,13:11:39,0.8,2
House Finch,Haemorhous mexicanus,2026-04-19T20:10:23Z,19-Apr-2026,13:10:23,0.8,1
House Finch,Haemorhous mexicanus,2026-04-19T20:10:08Z,19-Apr-2026,13:10:08,0.37,1
Anna's Hummingbird,Calypte anna,2026-04-19T20:05:39Z,19-Apr-2026,13:05:39,0.9922,1
American Robin,Turdus migratorius,2026-04-19T20:04:03Z,19-Apr-2026,13:04:03,0.28,1
House Finch,Haemorhous mexicanus,2026-04-19T20:01:04Z,19-Apr-2026,13:01:04,0.8,2
American Robin,Turdus migratorius,2026-04-19T20:00:26Z,19-Apr-2026,13:00:26,0.42,1
House Finch,Haemorhous mexicanus,2026-04-19T19:59:33Z,19-Apr-2026,12:59:33,0.8157,1
American Robin,Turdus migratorius,2026-04-19T19:58:15Z,19-Apr-2026,12:58:15,0.38,1
House Finch,Haemorhous mexicanus,2026-04-19T19:48:09Z,19-Apr-2026,12:48:09,0.9255,1
American Robin,Turdus migratorius,2026-04-19T19:46:20Z,19-Apr-2026,12:46:20,0.66,1
American Robin,Turdus migratorius,2026-04-19T19:46:08Z,19-Apr-2026,12:46:08,0.33,1
American Robin,Turdus migratorius,2026-04-19T19:46:04Z,19-Apr-2026,12:46:04,0.8314,1
American Robin,Turdus migratorius,2026-04-19T19:45:49Z,19-Apr-2026,12:45:49,0.48,1
American Robin,Turdus migratorius,2026-04-19T19:45:42Z,19-Apr-2026,12:45:42,0.56,1
American Robin,Turdus migratorius,2026-04-19T19:45:34Z,19-Apr-2026,12:45:34,0.4,1
House Finch,Haemorhous mexicanus,2026-04-19T19:44:41Z,19-Apr-2026,12:44:41,0.41,1
House Finch,Haemorhous mexicanus,2026-04-19T19:44:15Z,19-Apr-2026,12:44:15,0.8471,5
House Finch,Haemorhous mexicanus,2026-04-19T19:43:09Z,19-Apr-2026,12:43:09,0.8,1
Steller's Jay,Cyanocitta stelleri,2026-04-19T19:41:41Z,19-Apr-2026,12:41:41,0.78,1
Anna's Hummingbird,Calypte anna,2026-04-19T19:41:17Z,19-Apr-2026,12:41:17,0.4,1
Bewick's Wren,Thryomanes bewickii,2026-04-19T19:41:09Z,19-Apr-2026,12:41:09,0.69,1
Bewick's Wren,Thryomanes bewickii,2026-04-19T19:39:32Z,19-Apr-2026,12:39:32,0.4,1
Bewick's Wren,Thryomanes bewickii,2026-04-19T19:39:17Z,19-Apr-2026,12:39:17,0.37,1
Steller's Jay,Cyanocitta stelleri,2026-04-19T19:38:01Z,19-Apr-2026,12:38:01,0.36,1
Bewick's Wren,Thryomanes bewickii,2026-04-19T19:29:19Z,19-Apr-2026,12:29:19,0.32,1
Bewick's Wren,Thryomanes bewickii,2026-04-19T19:29:13Z,19-Apr-2026,12:29:13,0.37,1
Bewick's Wren,Thryomanes bewickii,2026-04-19T19:20:58Z,19-Apr-2026,12:20:58,0.35,1
Bewick's Wren,Thryomanes bewickii,2026-04-19T19:20:35Z,19-Apr-2026,12:20:35,0.37,1
Bewick's Wren,Thryomanes bewickii,2026-04-19T19:18:53Z,19-Apr-2026,12:18:53,0.26,1
Anna's Hummingbird,Calypte anna,2026-04-19T19:18:15Z,19-Apr-2026,12:18:15,0.8745,1
Bewick's Wren,Thryomanes bewickii,2026-04-19T19:15:44Z,19-Apr-2026,12:15:44,0.28,1
Bewick's Wren,Thryomanes bewickii,2026-04-19T19:15:28Z,19-Apr-2026,12:15:28,0.5,1
Bewick's Wren,Thryomanes bewickii,2026-04-19T19:15:20Z,19-Apr-2026,12:15:20,0.28,1
Bewick's Wren,Thryomanes bewickii,2026-04-19T19:14:30Z,19-Apr-2026,12:14:30,0.41,1
House Finch,Haemorhous mexicanus,2026-04-19T19:14:17Z,19-Apr-2026,12:14:17,0.9176,1
Red-breasted Nuthatch,Sitta canadensis,2026-04-19T19:13:58Z,19-Apr-2026,12:13:58,0.35,1
Bewick's Wren,Thryomanes bewickii,2026-04-19T19:13:31Z,19-Apr-2026,12:13:31,0.39,1
Bewick's Wren,Thryomanes bewickii,2026-04-19T19:13:05Z,19-Apr-2026,12:13:05,0.35,1
House Finch,Haemorhous mexicanus,2026-04-19T19:12:57Z,19-Apr-2026,12:12:57,0.9176,2
Dark-eyed Junco,Junco hyemalis,2026-04-19T19:12:33Z,19-Apr-2026,12:12:33,0.26,1
House Finch,Haemorhous mexicanus,2026-04-19T19:11:13Z,19-Apr-2026,12:11:13,0.36,1
House Finch,Haemorhous mexicanus,2026-04-19T19:10:45Z,19-Apr-2026,12:10:45,0.9569,1
House Finch,Haemorhous mexicanus,2026-04-19T19:09:58Z,19-Apr-2026,12:09:58,0.42,1
Red-breasted Nuthatch,Sitta canadensis,2026-04-19T19:09:50Z,19-Apr-2026,12:09:50,0.62,1
Red-breasted Nuthatch,Sitta canadensis,2026-04-19T19:09:12Z,19-Apr-2026,12:09:12,0.65,1
Red-breasted Nuthatch,Sitta canadensis,2026-04-19T19:09:05Z,19-Apr-2026,12:09:05,0.55,1
Red-breasted Nuthatch,Sitta canadensis,2026-04-19T19:08:35Z,19-Apr-2026,12:08:35,0.76,1
Black-capped Chickadee,Poecile atricapillus,2026-04-19T19:07:44Z,19-Apr-2026,12:07:44,0.27,1
Red-breasted Nuthatch,Sitta canadensis,2026-04-19T19:07:28Z,19-Apr-2026,12:07:28,0.82,1
Red-breasted Nuthatch,Sitta canadensis,2026-04-19T19:07:20Z,19-Apr-2026,12:07:20,0.76,1
Chestnut-backed Chickadee,Poecile rufescens,2026-04-19T19:07:12Z,19-Apr-2026,12:07:12,0.37,1
Red-breasted Nuthatch,Sitta canadensis,2026-04-19T19:07:02Z,19-Apr-2026,12:07:02,0.74,1
Red-breasted Nuthatch,Sitta canadensis,2026-04-19T19:06:55Z,19-Apr-2026,12:06:55,0.5,1
Red-breasted Nuthatch,Sitta canadensis,2026-04-19T19:06:49Z,19-Apr-2026,12:06:49,0.76,1
Red-breasted Nuthatch,Sitta canadensis,2026-04-19T19:06:42Z,19-Apr-2026,12:06:42,0.37,1
Anna's Hummingbird,Calypte anna,2026-04-19T19:06:36Z,19-Apr-2026,12:06:36,0.8314,1
Red-breasted Nuthatch,Sitta canadensis,2026-04-19T19:06:29Z,19-Apr-2026,12:06:29,0.74,1
Black-capped Chickadee,Poecile atricapillus,2026-04-19T19:06:22Z,19-Apr-2026,12:06:22,0.32,1
Chestnut-backed Chickadee,Poecile rufescens,2026-04-19T19:06:18Z,19-Apr-2026,12:06:18,0.8314,1
Red-breasted Nuthatch,Sitta canadensis,2026-04-19T19:05:18Z,19-Apr-2026,12:05:18,0.36,1
Black-capped Chickadee,Poecile atricapillus,2026-04-19T19:05:14Z,19-Apr-2026,12:05:14,0.8,1
Chestnut-backed Chickadee,Poecile rufescens,2026-04-19T19:05:04Z,19-Apr-2026,12:05:04,0.26,1
Chestnut-backed Chickadee,Poecile rufescens,2026-04-19T19:04:56Z,19-Apr-2026,12:04:56,0.33,1
Chestnut-backed Chickadee,Poecile rufescens,2026-04-19T19:04:30Z,19-Apr-2026,12:04:30,0.9569,2
Black-capped Chickadee,Poecile atricapillus,2026-04-19T19:04:12Z,19-Apr-2026,12:04:12,0.949,1
Chestnut-backed Chickadee,Poecile rufescens,2026-04-19T19:03:46Z,19-Apr-2026,12:03:46,0.27,1
Chestnut-backed Chickadee,Poecile rufescens,2026-04-19T19:03:24Z,19-Apr-2026,12:03:24,0.949,9
Chestnut-backed Chickadee,Poecile rufescens,2026-04-19T19:02:53Z,19-Apr-2026,12:02:53,0.77,1
Black-capped Chickadee,Poecile atricapillus,2026-04-19T19:02:35Z,19-Apr-2026,12:02:35,0.31,1
Chestnut-backed Chickadee,Poecile rufescens,2026-04-19T19:01:47Z,19-Apr-2026,12:01:47,0.49,1
Chestnut-backed Chickadee,Poecile rufescens,2026-04-19T19:01:28Z,19-Apr-2026,12:01:28,0.9647,1
Black-capped Chickadee,Poecile atricapillus,2026-04-19T18:59:42Z,19-Apr-2026,11:59:42,0.8314,1
Chestnut-backed Chickadee,Poecile rufescens,2026-04-19T18:59:15Z,19-Apr-2026,11:59:15,0.43,1
Chestnut-backed Chickadee,Poecile rufescens,2026-04-19T18:59:10Z,19-Apr-2026,11:59:10,0.9647,1
American Robin,Turdus migratorius,2026-04-19T18:58:52Z,19-Apr-2026,11:58:52,0.7804,2
Chestnut-backed Chickadee,Poecile rufescens,2026-04-19T18:57:45Z,19-Apr-2026,11:57:45,0.32,1
American Robin,Turdus migratorius,2026-04-19T18:55:38Z,19-Apr-2026,11:55:38,0.8863,1
Black-capped Chickadee,Poecile atricapillus,2026-04-19T18:55:18Z,19-Apr-2026,11:55:18,0.8157,1
Black-capped Chickadee,Poecile atricapillus,2026-04-19T18:55:10Z,19-Apr-2026,11:55:10,0.31,1
Black-capped Chickadee,Poecile atricapillus,2026-04-19T18:54:45Z,19-Apr-2026,11:54:45,0.38,1
House Finch,Haemorhous mexicanus,2026-04-19T18:48:35Z,19-Apr-2026,11:48:35,0.44,1
House Finch,Haemorhous mexicanus,2026-04-19T18:47:49Z,19-Apr-2026,11:47:49,0.7804,1
Steller's Jay,Cyanocitta stelleri,2026-04-19T18:47:27Z,19-Apr-2026,11:47:27,0.9255,1
American Robin,Turdus migratorius,2026-04-19T18:47:17Z,19-Apr-2026,11:47:17,0.47,1
American Robin,Turdus migratorius,2026-04-19T18:47:03Z,19-Apr-2026,11:47:03,0.8745,2
American Robin,Turdus migratorius,2026-04-19T18:46:00Z,19-Apr-2026,11:46:00,0.8157,1
Steller's Jay,Cyanocitta stelleri,2026-04-19T18:44:43Z,19-Apr-2026,11:44:43,0.85,1
Steller's Jay,Cyanocitta stelleri,2026-04-19T18:44:21Z,19-Apr-2026,11:44:21,0.66,1
Steller's Jay,Cyanocitta stelleri,2026-04-19T18:44:16Z,19-Apr-2026,11:44:16,0.8471,1
American Robin,Turdus migratorius,2026-04-19T18:41:42Z,19-Apr-2026,11:41:42,0.8314,1
Dark-eyed Junco,Junco hyemalis,2026-04-19T18:41:31Z,19-Apr-2026,11:41:31,0.28,1
Dark-eyed Junco,Junco hyemalis,2026-04-19T18:41:24Z,19-Apr-2026,11:41:24,0.34,1
American Robin,Turdus migratorius,2026-04-19T18:41:10Z,19-Apr-2026,11:41:10,0.46,1
American Robin,Turdus migratorius,2026-04-19T18:41:03Z,19-Apr-2026,11:41:03,0.26,1
American Robin,Turdus migratorius,2026-04-19T18:40:36Z,19-Apr-2026,11:40:36,0.7804,2
House Finch,Haemorhous mexicanus,2026-04-19T18:39:52Z,19-Apr-2026,11:39:52,0.8,1
American Robin,Turdus migratorius,2026-04-19T18:39:42Z,19-Apr-2026,11:39:42,0.31,1
American Robin,Turdus migratorius,2026-04-19T18:39:22Z,19-Apr-2026,11:39:22,0.8314,3
American Robin,Turdus migratorius,2026-04-19T18:38:54Z,19-Apr-2026,11:38:54,0.27,1
House Finch,Haemorhous mexicanus,2026-04-19T18:38:24Z,19-Apr-2026,11:38:24,0.9255,1
American Robin,Turdus migratorius,2026-04-19T18:38:02Z,19-Apr-2026,11:38:02,0.8471,1
American Robin,Turdus migratorius,2026-04-19T18:37:42Z,19-Apr-2026,11:37:42,0.27,1
House Finch,Haemorhous mexicanus,2026-04-19T18:36:46Z,19-Apr-2026,11:36:46,0.7804,1
American Robin,Turdus migratorius,2026-04-19T18:35:41Z,19-Apr-2026,11:35:41,0.7804,1
House Finch,Haemorhous mexicanus,2026-04-19T18:33:50Z,19-Apr-2026,11:33:50,0.9647,2
American Robin,Turdus migratorius,2026-04-19T18:33:45Z,19-Apr-2026,11:33:45,0.35,1
House Finch,Haemorhous mexicanus,2026-04-19T18:32:48Z,19-Apr-2026,11:32:48,0.9333,5
House Finch,Haemorhous mexicanus,2026-04-19T18:32:35Z,19-Apr-2026,11:32:35,0.32,1
House Finch,Haemorhous mexicanus,2026-04-19T18:32:28Z,19-Apr-2026,11:32:28,0.3,1
Merlin,Falco columbarius,2026-04-19T18:31:20Z,19-Apr-2026,11:31:20,0.35,1
Merlin,Falco columbarius,2026-04-19T18:31:06Z,19-Apr-2026,11:31:06,0.38,1
American Robin,Turdus migratorius,2026-04-19T18:30:34Z,19-Apr-2026,11:30:34,0.26,1
American Robin,Turdus migratorius,2026-04-19T18:30:15Z,19-Apr-2026,11:30:15,0.28,1
American Robin,Turdus migratorius,2026-04-19T18:29:45Z,19-Apr-2026,11:29:45,0.42,1
American Robin,Turdus migratorius,2026-04-19T18:29:31Z,19-Apr-2026,11:29:31,0.41,1
House Finch,Haemorhous mexicanus,2026-04-19T18:29:12Z,19-Apr-2026,11:29:12,0.4,1
House Finch,Haemorhous mexicanus,2026-04-19T18:28:22Z,19-Apr-2026,11:28:22,0.8627,5
Fox Sparrow,Passerella iliaca,2026-04-19T18:28:15Z,19-Apr-2026,11:28:15,0.55,1
Fox Sparrow,Passerella iliaca,2026-04-19T18:27:43Z,19-Apr-2026,11:27:43,0.4,1
House Finch,Haemorhous mexicanus,2026-04-19T18:27:13Z,19-Apr-2026,11:27:13,0.898,1
Black-capped Chickadee,Poecile atricapillus,2026-04-19T18:26:25Z,19-Apr-2026,11:26:25,0.8,1
Mountain Chickadee,Poecile gambeli,2026-04-19T18:25:20Z,19-Apr-2026,11:25:20,0.37,1
Black-capped Chickadee,Poecile atricapillus,2026-04-19T18:25:01Z,19-Apr-2026,11:25:01,0.8745,1
House Finch,Haemorhous mexicanus,2026-04-19T18:24:16Z,19-Apr-2026,11:24:16,0.28,1
House Finch,Haemorhous mexicanus,2026-04-19T18:22:46Z,19-Apr-2026,11:22:46,0.8745,1
House Finch,Haemorhous mexicanus,2026-04-19T18:21:55Z,19-Apr-2026,11:21:55,0.46,1
House Finch,Haemorhous mexicanus,2026-04-19T18:20:46Z,19-Apr-2026,11:20:46,0.8471,2
House Finch,Haemorhous mexicanus,2026-04-19T18:19:52Z,19-Apr-2026,11:19:52,0.37,1
House Finch,Haemorhous mexicanus,2026-04-19T18:19:44Z,19-Apr-2026,11:19:44,0.9255,4
House Finch,Haemorhous mexicanus,2026-04-19T18:19:21Z,19-Apr-2026,11:19:21,0.28,1
House Finch,Haemorhous mexicanus,2026-04-19T18:19:05Z,19-Apr-2026,11:19:05,0.35,1
House Finch,Haemorhous mexicanus,2026-04-19T18:18:23Z,19-Apr-2026,11:18:23,0.8,1
American Crow,Corvus brachyrhynchos,2026-04-19T18:17:56Z,19-Apr-2026,11:17:56,0.49,1
American Crow,Corvus brachyrhynchos,2026-04-19T18:17:43Z,19-Apr-2026,11:17:43,0.26,1
American Crow,Corvus brachyrhynchos,2026-04-19T18:16:42Z,19-Apr-2026,11:16:42,0.27,1
House Finch,Haemorhous mexicanus,2026-04-19T18:16:17Z,19-Apr-2026,11:16:17,0.9176,1
Black-capped Chickadee,Poecile atricapillus,2026-04-19T18:16:01Z,19-Apr-2026,11:16:01,0.8,1
House Finch,Haemorhous mexicanus,2026-04-19T18:15:11Z,19-Apr-2026,11:15:11,0.42,1
House Finch,Haemorhous mexicanus,2026-04-19T18:14:34Z,19-Apr-2026,11:14:34,0.8,3
House Finch,Haemorhous mexicanus,2026-04-19T18:12:55Z,19-Apr-2026,11:12:55,0.8471,3
House Finch,Haemorhous mexicanus,2026-04-19T18:08:35Z,19-Apr-2026,11:08:35,0.9098,1
Black-capped Chickadee,Poecile atricapillus,2026-04-19T18:08:28Z,19-Apr-2026,11:08:28,0.37,1
Black-capped Chickadee,Poecile atricapillus,2026-04-19T18:07:35Z,19-Apr-2026,11:07:35,0.79,1
Black-capped Chickadee,Poecile atricapillus,2026-04-19T18:07:06Z,19-Apr-2026,11:07:06,0.38,1
Chestnut-backed Chickadee,Poecile rufescens,2026-04-19T18:06:11Z,19-Apr-2026,11:06:11,0.8627,11
Chestnut-backed Chickadee,Poecile rufescens,2026-04-19T18:06:08Z,19-Apr-2026,11:06:08,0.36,1
Black-capped Chickadee,Poecile atricapillus,2026-04-19T18:06:00Z,19-Apr-2026,11:06:00,0.4,1
Chestnut-backed Chickadee,Poecile rufescens,2026-04-19T18:05:52Z,19-Apr-2026,11:05:52,0.41,1
Red-breasted Nuthatch,Sitta canadensis,2026-04-19T18:05:23Z,19-Apr-2026,11:05:23,0.69,1
Red-breasted Nuthatch,Sitta canadensis,2026-04-19T18:05:14Z,19-Apr-2026,11:05:14,0.45,1
Chestnut-backed Chickadee,Poecile rufescens,2026-04-19T18:04:00Z,19-Apr-2026,11:04:00,0.9569,1
House Finch,Haemorhous mexicanus,2026-04-19T18:00:47Z,19-Apr-2026,11:00:47,0.8157,1
House Finch,Haemorhous mexicanus,2026-04-19T17:59:39Z,19-Apr-2026,10:59:39,0.8314,3
House Finch,Haemorhous mexicanus,2026-04-19T17:59:24Z,19-Apr-2026,10:59:24,0.39,1
Chestnut-backed Chickadee,Poecile rufescens,2026-04-19T17:57:08Z,19-Apr-2026,10:57:08,0.64,1
Chestnut-backed Chickadee,Poecile rufescens,2026-04-19T17:56:33Z,19-Apr-2026,10:56:33,0.8,2
Chestnut-backed Chickadee,Poecile rufescens,2026-04-19T17:56:30Z,19-Apr-2026,10:56:30,0.38,1
American Robin,Turdus migratorius,2026-04-19T17:55:39Z,19-Apr-2026,10:55:39,0.27,1
American Crow,Corvus brachyrhynchos,2026-04-19T17:55:05Z,19-Apr-2026,10:55:05,0.7804,1
American Robin,Turdus migratorius,2026-04-19T17:54:53Z,19-Apr-2026,10:54:53,0.7804,1
Chestnut-backed Chickadee,Poecile rufescens,2026-04-19T17:54:40Z,19-Apr-2026,10:54:40,0.8157,1
Chestnut-backed Chickadee,Poecile rufescens,2026-04-19T17:54:11Z,19-Apr-2026,10:54:11,0.44,1
House Finch,Haemorhous mexicanus,2026-04-19T17:53:59Z,19-Apr-2026,10:53:59,0.8157,1
American Robin,Turdus migratorius,2026-04-19T17:53:39Z,19-Apr-2026,10:53:39,0.7804,1
House Finch,Haemorhous mexicanus,2026-04-19T17:52:52Z,19-Apr-2026,10:52:52,0.8157,2
Fox Sparrow,Passerella iliaca,2026-04-19T17:52:33Z,19-Apr-2026,10:52:33,0.36,1
House Finch,Haemorhous mexicanus,2026-04-19T17:52:11Z,19-Apr-2026,10:52:11,0.29,1
House Finch,Haemorhous mexicanus,2026-04-19T17:52:03Z,19-Apr-2026,10:52:03,0.5,1
House Finch,Haemorhous mexicanus,2026-04-19T17:51:44Z,19-Apr-2026,10:51:44,0.8471,1
Townsend's Warbler,Setophaga townsendi,2026-04-19T17:50:43Z,19-Apr-2026,10:50:43,0.31,1
American Robin,Turdus migratorius,2026-04-19T17:50:39Z,19-Apr-2026,10:50:39,0.898,1
Townsend's Warbler,Setophaga townsendi,2026-04-19T17:50:08Z,19-Apr-2026,10:50:08,0.3,1
American Robin,Turdus migratorius,2026-04-19T17:49:07Z,19-Apr-2026,10:49:07,0.29,1
American Robin,Turdus migratorius,2026-04-19T17:48:56Z,19-Apr-2026,10:48:56,0.8157,1
Bewick's Wren,Thryomanes bewickii,2026-04-19T17:48:35Z,19-Apr-2026,10:48:35,0.32,1
Bewick's Wren,Thryomanes bewickii,2026-04-19T17:48:29Z,19-Apr-2026,10:48:29,0.63,1
American Robin,Turdus migratorius,2026-04-19T17:47:00Z,19-Apr-2026,10:47:00,0.8,1
American Robin,Turdus migratorius,2026-04-19T17:45:53Z,19-Apr-2026,10:45:53,0.9098,1
Bewick's Wren,Thryomanes bewickii,2026-04-19T17:45:24Z,19-Apr-2026,10:45:24,0.71,1
Bewick's Wren,Thryomanes bewickii,2026-04-19T17:44:59Z,19-Apr-2026,10:44:59,0.27,1
Bewick's Wren,Thryomanes bewickii,2026-04-19T17:44:41Z,19-Apr-2026,10:44:41,0.65,1
Bewick's Wren,Thryomanes bewickii,2026-04-19T17:44:35Z,19-Apr-2026,10:44:35,0.75,1
Bewick's Wren,Thryomanes bewickii,2026-04-19T17:44:27Z,19-Apr-2026,10:44:27,0.37,1
Bewick's Wren,Thryomanes bewickii,2026-04-19T17:44:11Z,19-Apr-2026,10:44:11,0.55,1
Bewick's Wren,Thryomanes bewickii,2026-04-19T17:43:36Z,19-Apr-2026,10:43:36,0.66,1
Bewick's Wren,Thryomanes bewickii,2026-04-19T17:43:29Z,19-Apr-2026,10:43:29,0.65,1
Bewick's Wren,Thryomanes bewickii,2026-04-19T17:42:59Z,19-Apr-2026,10:42:59,0.27,1
Bewick's Wren,Thryomanes bewickii,2026-04-19T17:42:32Z,19-Apr-2026,10:42:32,0.6,1
Bewick's Wren,Thryomanes bewickii,2026-04-19T17:42:25Z,19-Apr-2026,10:42:25,0.3,1
Bewick's Wren,Thryomanes bewickii,2026-04-19T17:42:04Z,19-Apr-2026,10:42:04,0.59,1
Bewick's Wren,Thryomanes bewickii,2026-04-19T17:41:57Z,19-Apr-2026,10:41:57,0.66,1
Bewick's Wren,Thryomanes bewickii,2026-04-19T17:41:51Z,19-Apr-2026,10:41:51,0.39,1
Bewick's Wren,Thryomanes bewickii,2026-04-19T17:41:44Z,19-Apr-2026,10:41:44,0.68,1
Bewick's Wren,Thryomanes bewickii,2026-04-19T17:41:23Z,19-Apr-2026,10:41:23,0.3,1
Bewick's Wren,Thryomanes bewickii,2026-04-19T17:40:49Z,19-Apr-2026,10:40:49,0.52,1
Song Sparrow,Melospiza melodia,2026-04-19T17:39:37Z,19-Apr-2026,10:39:37,0.9176,1
Black-capped Chickadee,Poecile atricapillus,2026-04-19T17:38:34Z,19-Apr-2026,10:38:34,0.53,1
House Finch,Haemorhous mexicanus,2026-04-19T17:38:22Z,19-Apr-2026,10:38:22,0.8745,2
Black-capped Chickadee,Poecile atricapillus,2026-04-19T17:38:18Z,19-Apr-2026,10:38:18,0.9176,1
House Finch,Haemorhous mexicanus,2026-04-19T17:37:57Z,19-Apr-2026,10:37:57,0.29,1
House Finch,Haemorhous mexicanus,2026-04-19T17:37:47Z,19-Apr-2026,10:37:47,0.36,1
House Finch,Haemorhous mexicanus,2026-04-19T17:37:21Z,19-Apr-2026,10:37:21,0.8863,3
Song Sparrow,Melospiza melodia,2026-04-19T17:37:16Z,19-Apr-2026,10:37:16,0.8314,1
Black-capped Chickadee,Poecile atricapillus,2026-04-19T17:36:19Z,19-Apr-2026,10:36:19,0.32,1
Bewick's Wren,Thryomanes bewickii,2026-04-19T17:35:29Z,19-Apr-2026,10:35:29,0.53,1
Black-capped Chickadee,Poecile atricapillus,2026-04-19T17:34:30Z,19-Apr-2026,10:34:30,0.7804,1
Chestnut-backed Chickadee,Poecile rufescens,2026-04-19T17:34:23Z,19-Apr-2026,10:34:23,0.28,1
Chestnut-backed Chickadee,Poecile rufescens,2026-04-19T17:34:06Z,19-Apr-2026,10:34:06,0.36,1
Chestnut-backed Chickadee,Poecile rufescens,2026-04-19T17:33:38Z,19-Apr-2026,10:33:38,0.38,1
House Finch,Haemorhous mexicanus,2026-04-19T17:33:25Z,19-Apr-2026,10:33:25,0.42,1
Chestnut-backed Chickadee,Poecile rufescens,2026-04-19T17:33:02Z,19-Apr-2026,10:33:02,0.54,1
House Finch,Haemorhous mexicanus,2026-04-19T17:32:40Z,19-Apr-2026,10:32:40,0.8157,1
Chestnut-backed Chickadee,Poecile rufescens,2026-04-19T17:32:22Z,19-Apr-2026,10:32:22,0.8471,8
Black-capped Chickadee,Poecile atricapillus,2026-04-19T17:31:45Z,19-Apr-2026,10:31:45,0.8157,1
Chestnut-backed Chickadee,Poecile rufescens,2026-04-19T17:30:41Z,19-Apr-2026,10:30:41,0.9529,5
Chestnut-backed Chickadee,Poecile rufescens,2026-04-19T17:29:39Z,19-Apr-2026,10:29:39,0.8745,3
Chestnut-backed Chickadee,Poecile rufescens,2026-04-19T17:28:25Z,19-Apr-2026,10:28:25,0.9569,1
Chestnut-backed Chickadee,Poecile rufescens,2026-04-19T17:28:17Z,19-Apr-2026,10:28:17,0.29,1
Chestnut-backed Chickadee,Poecile rufescens,2026-04-19T17:28:06Z,19-Apr-2026,10:28:06,0.3,1
House Finch,Haemorhous mexicanus,2026-04-19T17:26:50Z,19-Apr-2026,10:26:50,0.26,1
American Robin,Turdus migratorius,2026-04-19T17:25:20Z,19-Apr-2026,10:25:20,0.8,1
Song Sparrow,Melospiza melodia,2026-04-19T17:24:57Z,19-Apr-2026,10:24:57,0.7804,1
Chestnut-backed Chickadee,Poecile rufescens,2026-04-19T17:23:45Z,19-Apr-2026,10:23:45,0.8157,2
Chestnut-backed Chickadee,Poecile rufescens,2026-04-19T17:22:38Z,19-Apr-2026,10:22:38,0.9686,1
Golden-crowned Kinglet,Regulus satrapa,2026-04-19T17:22:15Z,19-Apr-2026,10:22:15,0.28,1
Chestnut-backed Chickadee,Poecile rufescens,2026-04-19T17:21:27Z,19-Apr-2026,10:21:27,0.9255,1
Red-breasted Nuthatch,Sitta canadensis,2026-04-19T17:19:36Z,19-Apr-2026,10:19:36,0.35,1
Red-breasted Nuthatch,Sitta canadensis,2026-04-19T17:19:29Z,19-Apr-2026,10:19:29,0.59,1
Cassin's Vireo,Vireo cassinii,2026-04-19T17:16:20Z,19-Apr-2026,10:16:20,0.3,1
House Finch,Haemorhous mexicanus,2026-04-19T17:12:19Z,19-Apr-2026,10:12:19,0.8157,1
Chestnut-backed Chickadee,Poecile rufescens,2026-04-19T17:11:36Z,19-Apr-2026,10:11:36,0.61,1
Chestnut-backed Chickadee,Poecile rufescens,2026-04-19T17:11:26Z,19-Apr-2026,10:11:26,0.72,1
Chestnut-backed Chickadee,Poecile rufescens,2026-04-19T17:10:42Z,19-Apr-2026,10:10:42,0.8157,1
Golden-crowned Kinglet,Regulus satrapa,2026-04-19T17:08:02Z,19-Apr-2026,10:08:02,0.59,1
American Robin,Turdus migratorius,2026-04-19T17:05:17Z,19-Apr-2026,10:05:17,0.8,1
American Robin,Turdus migratorius,2026-04-19T17:05:11Z,19-Apr-2026,10:05:11,0.28,1
House Finch,Haemorhous mexicanus,2026-04-19T17:02:54Z,19-Apr-2026,10:02:54,0.31,1
Chipping Sparrow,Spizella passerina,2026-04-19T17:02:33Z,19-Apr-2026,10:02:33,0.52,1
Bewick's Wren,Thryomanes bewickii,2026-04-19T17:01:57Z,19-Apr-2026,10:01:57,0.31,1
Bewick's Wren,Thryomanes bewickii,2026-04-19T17:01:39Z,19-Apr-2026,10:01:39,0.59,1
House Finch,Haemorhous mexicanus,2026-04-19T17:00:42Z,19-Apr-2026,10:00:42,0.9176,2
Bewick's Wren,Thryomanes bewickii,2026-04-19T17:00:09Z,19-Apr-2026,10:00:09,0.56,1
Bewick's Wren,Thryomanes bewickii,2026-04-19T17:00:02Z,19-Apr-2026,10:00:02,0.58,1
House Finch,Haemorhous mexicanus,2026-04-19T16:59:35Z,19-Apr-2026,09:59:35,0.8314,1
Bewick's Wren,Thryomanes bewickii,2026-04-19T16:59:32Z,19-Apr-2026,09:59:32,0.54,1
Bewick's Wren,Thryomanes bewickii,2026-04-19T16:59:24Z,19-Apr-2026,09:59:24,0.45,1
Bewick's Wren,Thryomanes bewickii,2026-04-19T16:59:06Z,19-Apr-2026,09:59:06,0.46,1
American Crow,Corvus brachyrhynchos,2026-04-19T16:58:53Z,19-Apr-2026,09:58:53,0.898,1
House Finch,Haemorhous mexicanus,2026-04-19T16:57:56Z,19-Apr-2026,09:57:56,0.7804,1
Bewick's Wren,Thryomanes bewickii,2026-04-19T16:56:59Z,19-Apr-2026,09:56:59,0.4,1
Bewick's Wren,Thryomanes bewickii,2026-04-19T16:56:53Z,19-Apr-2026,09:56:53,0.76,1
Bewick's Wren,Thryomanes bewickii,2026-04-19T16:56:04Z,19-Apr-2026,09:56:04,0.84,1
Bewick's Wren,Thryomanes bewickii,2026-04-19T16:55:57Z,19-Apr-2026,09:55:57,0.81,1
Bewick's Wren,Thryomanes bewickii,2026-04-19T16:55:50Z,19-Apr-2026,09:55:50,0.74,1
White-crowned Sparrow,Zonotrichia leucophrys,2026-04-19T16:54:00Z,19-Apr-2026,09:54:00,0.65,1
Anna's Hummingbird,Calypte anna,2026-04-19T16:51:15Z,19-Apr-2026,09:51:15,0.898,1
House Finch,Haemorhous mexicanus,2026-04-19T16:49:52Z,19-Apr-2026,09:49:52,0.7804,2
House Finch,Haemorhous mexicanus,2026-04-19T16:48:44Z,19-Apr-2026,09:48:44,0.32,1
House Finch,Haemorhous mexicanus,2026-04-19T16:48:39Z,19-Apr-2026,09:48:39,0.898,4
House Finch,Haemorhous mexicanus,2026-04-19T16:47:22Z,19-Apr-2026,09:47:22,0.8471,6
House Finch,Haemorhous mexicanus,2026-04-19T16:46:55Z,19-Apr-2026,09:46:55,0.26,1
House Finch,Haemorhous mexicanus,2026-04-19T16:46:19Z,19-Apr-2026,09:46:19,0.8863,1
House Finch,Haemorhous mexicanus,2026-04-19T16:46:09Z,19-Apr-2026,09:46:09,0.27,1
House Finch,Haemorhous mexicanus,2026-04-19T16:45:32Z,19-Apr-2026,09:45:32,0.47,1
Western Tanager,Piranga ludoviciana,2026-04-19T16:43:41Z,19-Apr-2026,09:43:41,0.34,1
American Robin,Turdus migratorius,2026-04-19T16:42:38Z,19-Apr-2026,09:42:38,0.7804,1
Dark-eyed Junco,Junco hyemalis,2026-04-19T16:41:16Z,19-Apr-2026,09:41:16,0.3,1
Orange-crowned Warbler,Leiothlypis celata,2026-04-19T16:40:25Z,19-Apr-2026,09:40:25,0.4,1
Dark-eyed Junco,Junco hyemalis,2026-04-19T16:40:00Z,19-Apr-2026,09:40:00,0.31,1
Dark-eyed Junco,Junco hyemalis,2026-04-19T16:39:35Z,19-Apr-2026,09:39:35,0.43,1
House Finch,Haemorhous mexicanus,2026-04-19T16:38:56Z,19-Apr-2026,09:38:56,0.8314,4
American Crow,Corvus brachyrhynchos,2026-04-19T16:38:48Z,19-Apr-2026,09:38:48,0.3,1
House Finch,Haemorhous mexicanus,2026-04-19T16:37:46Z,19-Apr-2026,09:37:46,0.8314,5
House Finch,Haemorhous mexicanus,2026-04-19T16:36:26Z,19-Apr-2026,09:36:26,0.8745,4
House Finch,Haemorhous mexicanus,2026-04-19T16:34:35Z,19-Apr-2026,09:34:35,0.8471,1
House Finch,Haemorhous mexicanus,2026-04-19T16:34:12Z,19-Apr-2026,09:34:12,0.37,1
House Finch,Haemorhous mexicanus,2026-04-19T16:33:24Z,19-Apr-2026,09:33:24,0.38,1
House Finch,Haemorhous mexicanus,2026-04-19T16:33:20Z,19-Apr-2026,09:33:20,0.9098,1
Anna's Hummingbird,Calypte anna,2026-04-19T16:32:44Z,19-Apr-2026,09:32:44,0.8,1
Chestnut-backed Chickadee,Poecile rufescens,2026-04-19T16:31:52Z,19-Apr-2026,09:31:52,0.9647,4
Chestnut-backed Chickadee,Poecile rufescens,2026-04-19T16:31:27Z,19-Apr-2026,09:31:27,0.36,1
Chestnut-backed Chickadee,Poecile rufescens,2026-04-19T16:31:20Z,19-Apr-2026,09:31:20,0.48,1
Chestnut-backed Chickadee,Poecile rufescens,2026-04-19T16:31:13Z,19-Apr-2026,09:31:13,0.3,1
Chestnut-backed Chickadee,Poecile rufescens,2026-04-19T16:31:06Z,19-Apr-2026,09:31:06,0.46,1
Chestnut-backed Chickadee,Poecile rufescens,2026-04-19T16:30:41Z,19-Apr-2026,09:30:41,0.9647,1
Chestnut-backed Chickadee,Poecile rufescens,2026-04-19T16:30:34Z,19-Apr-2026,09:30:34,0.27,1
American Crow,Corvus brachyrhynchos,2026-04-19T16:28:46Z,19-Apr-2026,09:28:46,0.28,1
American Crow,Corvus brachyrhynchos,2026-04-19T16:28:25Z,19-Apr-2026,09:28:25,0.8314,2
American Crow,Corvus brachyrhynchos,2026-04-19T16:28:18Z,19-Apr-2026,09:28:18,0.29,1
American Robin,Turdus migratorius,2026-04-19T16:26:40Z,19-Apr-2026,09:26:40,0.7804,3
American Robin,Turdus migratorius,2026-04-19T16:26:29Z,19-Apr-2026,09:26:29,0.44,1
American Crow,Corvus brachyrhynchos,2026-04-19T16:25:38Z,19-Apr-2026,09:25:38,0.7804,4
House Finch,Haemorhous mexicanus,2026-04-19T16:25:02Z,19-Apr-2026,09:25:02,0.26,1
Chestnut-backed Chickadee,Poecile rufescens,2026-04-19T16:24:55Z,19-Apr-2026,09:24:55,0.8,1
American Crow,Corvus brachyrhynchos,2026-04-19T16:24:36Z,19-Apr-2026,09:24:36,0.8,2
American Crow,Corvus brachyrhynchos,2026-04-19T16:23:06Z,19-Apr-2026,09:23:06,0.8471,1
American Robin,Turdus migratorius,2026-04-19T16:22:42Z,19-Apr-2026,09:22:42,0.8,5
Chestnut-backed Chickadee,Poecile rufescens,2026-04-19T16:21:47Z,19-Apr-2026,09:21:47,0.28,1
Cooper's Hawk,Accipiter cooperii,2026-04-19T16:21:15Z,19-Apr-2026,09:21:15,0.27,1
American Robin,Turdus migratorius,2026-04-19T16:20:47Z,19-Apr-2026,09:20:47,0.44,1
American Robin,Turdus migratorius,2026-04-19T16:20:35Z,19-Apr-2026,09:20:35,0.46,1
American Robin,Turdus migratorius,2026-04-19T16:20:20Z,19-Apr-2026,09:20:20,0.45,1
Chestnut-backed Chickadee,Poecile rufescens,2026-04-19T16:20:06Z,19-Apr-2026,09:20:06,0.3,1
Anna's Hummingbird,Calypte anna,2026-04-19T16:19:24Z,19-Apr-2026,09:19:24,0.79,1
American Robin,Turdus migratorius,2026-04-19T16:19:18Z,19-Apr-2026,09:19:18,0.898,5
American Robin,Turdus migratorius,2026-04-19T16:18:50Z,19-Apr-2026,09:18:50,0.32,1
American Robin,Turdus migratorius,2026-04-19T16:18:37Z,19-Apr-2026,09:18:37,0.49,1
American Robin,Turdus migratorius,2026-04-19T16:18:30Z,19-Apr-2026,09:18:30,0.8,1
American Robin,Turdus migratorius,2026-04-19T16:18:15Z,19-Apr-2026,09:18:15,0.9098,6
American Robin,Turdus migratorius,2026-04-19T16:18:08Z,19-Apr-2026,09:18:08,0.6,1
American Robin,Turdus migratorius,2026-04-19T16:17:54Z,19-Apr-2026,09:17:54,0.46,1
American Robin,Turdus migratorius,2026-04-19T16:17:47Z,19-Apr-2026,09:17:47,0.32,1
American Robin,Turdus migratorius,2026-04-19T16:16:57Z,19-Apr-2026,09:16:57,0.8157,1
American Robin,Turdus migratorius,2026-04-19T16:16:45Z,19-Apr-2026,09:16:45,0.59,1
American Robin,Turdus migratorius,2026-04-19T16:16:09Z,19-Apr-2026,09:16:09,0.27,1
American Robin,Turdus migratorius,2026-04-19T16:15:54Z,19-Apr-2026,09:15:54,0.8863,4
American Robin,Turdus migratorius,2026-04-19T16:15:50Z,19-Apr-2026,09:15:50,0.27,1
American Robin,Turdus migratorius,2026-04-19T16:15:42Z,19-Apr-2026,09:15:42,0.49,1
American Robin,Turdus migratorius,2026-04-19T16:15:11Z,19-Apr-2026,09:15:11,0.28,1
American Robin,Turdus migratorius,2026-04-19T16:14:10Z,19-Apr-2026,09:14:10,0.8471,6
American Robin,Turdus migratorius,2026-04-19T16:13:33Z,19-Apr-2026,09:13:33,0.56,1
American Robin,Turdus migratorius,2026-04-19T16:13:13Z,19-Apr-2026,09:13:13,0.56,1
American Robin,Turdus migratorius,2026-04-19T16:13:09Z,19-Apr-2026,09:13:09,0.9098,1
American Robin,Turdus migratorius,2026-04-19T16:13:02Z,19-Apr-2026,09:13:02,0.49,1
American Robin,Turdus migratorius,2026-04-19T16:12:53Z,19-Apr-2026,09:12:53,0.3,1
American Robin,Turdus migratorius,2026-04-19T16:12:06Z,19-Apr-2026,09:12:06,0.42,1
American Robin,Turdus migratorius,2026-04-19T16:12:00Z,19-Apr-2026,09:12:00,0.8,4
American Robin,Turdus migratorius,2026-04-19T16:10:44Z,19-Apr-2026,09:10:44,0.8157,4
Red-breasted Nuthatch,Sitta canadensis,2026-04-19T16:09:35Z,19-Apr-2026,09:09:35,0.47,1
Red-breasted Nuthatch,Sitta canadensis,2026-04-19T16:09:17Z,19-Apr-2026,09:09:17,0.75,1
Red-breasted Nuthatch,Sitta canadensis,2026-04-19T16:08:53Z,19-Apr-2026,09:08:53,0.42,1
Black-capped Chickadee,Poecile atricapillus,2026-04-19T16:06:08Z,19-Apr-2026,09:06:08,0.26,1
Red-breasted Nuthatch,Sitta canadensis,2026-04-19T16:05:42Z,19-Apr-2026,09:05:42,0.38,1
Black-capped Chickadee,Poecile atricapillus,2026-04-19T16:04:32Z,19-Apr-2026,09:04:32,0.32,1
American Robin,Turdus migratorius,2026-04-19T16:04:02Z,19-Apr-2026,09:04:02,0.3,1
American Robin,Turdus migratorius,2026-04-19T16:03:20Z,19-Apr-2026,09:03:20,0.898,2
American Robin,Turdus migratorius,2026-04-19T16:03:16Z,19-Apr-2026,09:03:16,0.42,1
Black-capped Chickadee,Poecile atricapillus,2026-04-19T16:03:08Z,19-Apr-2026,09:03:08,0.8,1
Bushtit,Psaltriparus minimus,2026-04-19T16:02:56Z,19-Apr-2026,09:02:56,0.95,1
Black-capped Chickadee,Poecile atricapillus,2026-04-19T16:02:49Z,19-Apr-2026,09:02:49,0.53,1
Black-capped Chickadee,Poecile atricapillus,2026-04-19T16:02:39Z,19-Apr-2026,09:02:39,0.47,1
White-throated Sparrow,Zonotrichia albicollis,2026-04-19T16:02:31Z,19-Apr-2026,09:02:31,0.51,1
American Robin,Turdus migratorius,2026-04-19T16:02:21Z,19-Apr-2026,09:02:21,0.37,1
American Robin,Turdus migratorius,2026-04-19T16:02:16Z,19-Apr-2026,09:02:16,0.9529,1
White-crowned Sparrow,Zonotrichia leucophrys,2026-04-19T16:02:00Z,19-Apr-2026,09:02:00,0.49,1
White-throated Sparrow,Zonotrichia albicollis,2026-04-19T16:01:53Z,19-Apr-2026,09:01:53,0.43,1
Black-capped Chickadee,Poecile atricapillus,2026-04-19T16:01:14Z,19-Apr-2026,09:01:14,0.39,1
Black-capped Chickadee,Poecile atricapillus,2026-04-19T16:00:59Z,19-Apr-2026,09:00:59,0.86,1
Black-capped Chickadee,Poecile atricapillus,2026-04-19T16:00:44Z,19-Apr-2026,09:00:44,0.55,1
Black-capped Chickadee,Poecile atricapillus,2026-04-19T16:00:30Z,19-Apr-2026,09:00:30,0.28,1
Black-capped Chickadee,Poecile atricapillus,2026-04-19T16:00:23Z,19-Apr-2026,09:00:23,0.59,1
Black-throated Gray Warbler,Setophaga nigrescens,2026-04-19T15:59:53Z,19-Apr-2026,08:59:53,0.27,1
Black-capped Chickadee,Poecile atricapillus,2026-04-19T15:59:35Z,19-Apr-2026,08:59:35,0.7,1
House Finch,Haemorhous mexicanus,2026-04-19T15:59:21Z,19-Apr-2026,08:59:21,0.8627,1
Black-capped Chickadee,Poecile atricapillus,2026-04-19T15:59:13Z,19-Apr-2026,08:59:13,0.8863,1
Black-capped Chickadee,Poecile atricapillus,2026-04-19T15:59:09Z,19-Apr-2026,08:59:09,0.34,1
American Robin,Turdus migratorius,2026-04-19T15:58:57Z,19-Apr-2026,08:58:57,0.8627,1
American Robin,Turdus migratorius,2026-04-19T15:58:44Z,19-Apr-2026,08:58:44,0.3,1
Black-capped Chickadee,Poecile atricapillus,2026-04-19T15:58:30Z,19-Apr-2026,08:58:30,0.57,1
American Robin,Turdus migratorius,2026-04-19T15:57:54Z,19-Apr-2026,08:57:54,0.26,1
Black-capped Chickadee,Poecile atricapillus,2026-04-19T15:57:49Z,19-Apr-2026,08:57:49,0.7804,1
American Robin,Turdus migratorius,2026-04-19T15:57:34Z,19-Apr-2026,08:57:34,0.8,1
American Robin,Turdus migratorius,2026-04-19T15:56:09Z,19-Apr-2026,08:56:09,0.39,1
House Finch,Haemorhous mexicanus,2026-04-19T15:55:57Z,19-Apr-2026,08:55:57,0.8471,1
American Robin,Turdus migratorius,2026-04-19T15:53:19Z,19-Apr-2026,08:53:19,0.31,1
American Robin,Turdus migratorius,2026-04-19T15:52:50Z,19-Apr-2026,08:52:50,0.59,1
American Robin,Turdus migratorius,2026-04-19T15:52:43Z,19-Apr-2026,08:52:43,0.8471,2
American Robin,Turdus migratorius,2026-04-19T15:52:03Z,19-Apr-2026,08:52:03,0.53,1
American Robin,Turdus migratorius,2026-04-19T15:51:24Z,19-Apr-2026,08:51:24,0.8863,1
American Robin,Turdus migratorius,2026-04-19T15:48:57Z,19-Apr-2026,08:48:57,0.8627,3
American Robin,Turdus migratorius,2026-04-19T15:48:02Z,19-Apr-2026,08:48:02,0.3,1
American Robin,Turdus migratorius,2026-04-19T15:47:51Z,19-Apr-2026,08:47:51,0.8627,1
House Finch,Haemorhous mexicanus,2026-04-19T15:46:56Z,19-Apr-2026,08:46:56,0.8157,4
American Robin,Turdus migratorius,2026-04-19T15:46:14Z,19-Apr-2026,08:46:14,0.8627,4
American Robin,Turdus migratorius,2026-04-19T15:45:44Z,19-Apr-2026,08:45:44,0.44,1
House Finch,Haemorhous mexicanus,2026-04-19T15:45:37Z,19-Apr-2026,08:45:37,0.7804,1
American Robin,Turdus migratorius,2026-04-19T15:44:49Z,19-Apr-2026,08:44:49,0.38,1
Black-capped Chickadee,Poecile atricapillus,2026-04-19T15:44:41Z,19-Apr-2026,08:44:41,0.5,1
Black-capped Chickadee,Poecile atricapillus,2026-04-19T15:44:26Z,19-Apr-2026,08:44:26,0.62,1
Black-capped Chickadee,Poecile atricapillus,2026-04-19T15:43:56Z,19-Apr-2026,08:43:56,0.8314,1
American Robin,Turdus migratorius,2026-04-19T15:43:32Z,19-Apr-2026,08:43:32,0.8,1
Red-breasted Nuthatch,Sitta canadensis,2026-04-19T15:42:20Z,19-Apr-2026,08:42:20,0.3,1
Red-breasted Nuthatch,Sitta canadensis,2026-04-19T15:42:12Z,19-Apr-2026,08:42:12,0.4,1
Red-breasted Nuthatch,Sitta canadensis,2026-04-19T15:42:05Z,19-Apr-2026,08:42:05,0.58,1
House Finch,Haemorhous mexicanus,2026-04-19T15:41:54Z,19-Apr-2026,08:41:54,0.898,2
Red-breasted Nuthatch,Sitta canadensis,2026-04-19T15:41:19Z,19-Apr-2026,08:41:19,0.69,1
Red-breasted Nuthatch,Sitta canadensis,2026-04-19T15:41:14Z,19-Apr-2026,08:41:14,0.37,1
Red-breasted Nuthatch,Sitta canadensis,2026-04-19T15:41:00Z,19-Apr-2026,08:41:00,0.6,1
Red-breasted Nuthatch,Sitta canadensis,2026-04-19T15:40:53Z,19-Apr-2026,08:40:53,0.88,1
Red-breasted Nuthatch,Sitta canadensis,2026-04-19T15:40:45Z,19-Apr-2026,08:40:45,0.73,1
Red-breasted Nuthatch,Sitta canadensis,2026-04-19T15:40:38Z,19-Apr-2026,08:40:38,0.69,1
Red-breasted Nuthatch,Sitta canadensis,2026-04-19T15:40:32Z,19-Apr-2026,08:40:32,0.84,1
Black-capped Chickadee,Poecile atricapillus,2026-04-19T15:39:28Z,19-Apr-2026,08:39:28,0.8,1
House Finch,Haemorhous mexicanus,2026-04-19T15:37:29Z,19-Apr-2026,08:37:29,0.8471,1
Anna's Hummingbird,Calypte anna,2026-04-19T15:32:44Z,19-Apr-2026,08:32:44,0.898,1
Chestnut-backed Chickadee,Poecile rufescens,2026-04-19T15:31:44Z,19-Apr-2026,08:31:44,0.54,1
Chestnut-backed Chickadee,Poecile rufescens,2026-04-19T15:31:26Z,19-Apr-2026,08:31:26,0.9647,1
Chestnut-backed Chickadee,Poecile rufescens,2026-04-19T15:30:53Z,19-Apr-2026,08:30:53,0.36,1
House Finch,Haemorhous mexicanus,2026-04-19T15:29:30Z,19-Apr-2026,08:29:30,0.8157,4
Chestnut-backed Chickadee,Poecile rufescens,2026-04-19T15:29:13Z,19-Apr-2026,08:29:13,0.8314,1
House Finch,Haemorhous mexicanus,2026-04-19T15:27:14Z,19-Apr-2026,08:27:14,0.7804,1
Golden-crowned Kinglet,Regulus satrapa,2026-04-19T15:27:10Z,19-Apr-2026,08:27:10,0.46,1
Golden-crowned Kinglet,Regulus satrapa,2026-04-19T15:26:56Z,19-Apr-2026,08:26:56,0.35,1
Bewick's Wren,Thryomanes bewickii,2026-04-19T15:26:02Z,19-Apr-2026,08:26:02,0.27,1
Bewick's Wren,Thryomanes bewickii,2026-04-19T15:25:32Z,19-Apr-2026,08:25:32,0.27,1
Bushtit,Psaltriparus minimus,2026-04-19T15:24:19Z,19-Apr-2026,08:24:19,0.49,1
Anna's Hummingbird,Calypte anna,2026-04-19T15:24:15Z,19-Apr-2026,08:24:15,0.7804,1
Bushtit,Psaltriparus minimus,2026-04-19T15:24:10Z,19-Apr-2026,08:24:10,0.69,1
Bewick's Wren,Thryomanes bewickii,2026-04-19T15:23:57Z,19-Apr-2026,08:23:57,0.28,1
House Finch,Haemorhous mexicanus,2026-04-19T15:22:16Z,19-Apr-2026,08:22:16,0.8157,3
House Finch,Haemorhous mexicanus,2026-04-19T15:20:45Z,19-Apr-2026,08:20:45,0.8627,1
Bewick's Wren,Thryomanes bewickii,2026-04-19T15:20:17Z,19-Apr-2026,08:20:17,0.38,1
American Robin,Turdus migratorius,2026-04-19T15:19:45Z,19-Apr-2026,08:19:45,0.8157,1
Bewick's Wren,Thryomanes bewickii,2026-04-19T15:18:59Z,19-Apr-2026,08:18:59,0.36,1
House Finch,Haemorhous mexicanus,2026-04-19T15:17:00Z,19-Apr-2026,08:17:00,0.29,1
Chestnut-backed Chickadee,Poecile rufescens,2026-04-19T15:16:32Z,19-Apr-2026,08:16:32,0.9882,12
Chestnut-backed Chickadee,Poecile rufescens,2026-04-19T15:15:27Z,19-Apr-2026,08:15:27,0.7804,3
Chestnut-backed Chickadee,Poecile rufescens,2026-04-19T15:14:21Z,19-Apr-2026,08:14:21,0.41,1
Chestnut-backed Chickadee,Poecile rufescens,2026-04-19T15:14:04Z,19-Apr-2026,08:14:04,0.8471,12
Chestnut-backed Chickadee,Poecile rufescens,2026-04-19T15:13:59Z,19-Apr-2026,08:13:59,0.36,1
Chestnut-backed Chickadee,Poecile rufescens,2026-04-19T15:13:52Z,19-Apr-2026,08:13:52,0.31,1
Chestnut-backed Chickadee,Poecile rufescens,2026-04-19T15:13:31Z,19-Apr-2026,08:13:31,0.28,1
Chestnut-backed Chickadee,Poecile rufescens,2026-04-19T15:13:00Z,19-Apr-2026,08:13:00,0.9569,2
House Finch,Haemorhous mexicanus,2026-04-19T15:12:53Z,19-Apr-2026,08:12:53,0.31,1
American Robin,Turdus migratorius,2026-04-19T15:12:37Z,19-Apr-2026,08:12:37,0.52,1
Chestnut-backed Chickadee,Poecile rufescens,2026-04-19T15:11:52Z,19-Apr-2026,08:11:52,0.9255,5
American Robin,Turdus migratorius,2026-04-19T15:11:29Z,19-Apr-2026,08:11:29,0.9412,1
Chestnut-backed Chickadee,Poecile rufescens,2026-04-19T15:11:05Z,19-Apr-2026,08:11:05,0.59,1
Chestnut-backed Chickadee,Poecile rufescens,2026-04-19T15:10:44Z,19-Apr-2026,08:10:44,0.8314,1
American Robin,Turdus migratorius,2026-04-19T15:10:00Z,19-Apr-2026,08:10:00,0.7804,1
Black-capped Chickadee,Poecile atricapillus,2026-04-19T15:06:30Z,19-Apr-2026,08:06:30,0.8745,1
Chestnut-backed Chickadee,Poecile rufescens,2026-04-19T15:06:05Z,19-Apr-2026,08:06:05,0.9176,5
Chestnut-backed Chickadee,Poecile rufescens,2026-04-19T15:03:41Z,19-Apr-2026,08:03:41,0.26,1
Chestnut-backed Chickadee,Poecile rufescens,2026-04-19T15:03:34Z,19-Apr-2026,08:03:34,0.27,1
Chestnut-backed Chickadee,Poecile rufescens,2026-04-19T15:03:13Z,19-Apr-2026,08:03:13,0.9922,2
House Finch,Haemorhous mexicanus,2026-04-19T15:02:23Z,19-Apr-2026,08:02:23,0.41,1
Chestnut-backed Chickadee,Poecile rufescens,2026-04-19T15:01:46Z,19-Apr-2026,08:01:46,0.9333,7
Bewick's Wren,Thryomanes bewickii,2026-04-19T15:00:50Z,19-Apr-2026,08:00:50,0.3,1
Chestnut-backed Chickadee,Poecile rufescens,2026-04-19T15:00:43Z,19-Apr-2026,08:00:43,0.36,1
Chestnut-backed Chickadee,Poecile rufescens,2026-04-19T15:00:38Z,19-Apr-2026,08:00:38,0.9569,1
Bewick's Wren,Thryomanes bewickii,2026-04-19T15:00:21Z,19-Apr-2026,08:00:21,0.52,1
Chestnut-backed Chickadee,Poecile rufescens,2026-04-19T14:59:21Z,19-Apr-2026,07:59:21,0.46,1
Bewick's Wren,Thryomanes bewickii,2026-04-19T14:58:24Z,19-Apr-2026,07:58:24,0.39,1
Violet-green Swallow,Tachycineta thalassina,2026-04-19T14:57:40Z,19-Apr-2026,07:57:40,0.67,1
Black-capped Chickadee,Poecile atricapillus,2026-04-19T14:57:10Z,19-Apr-2026,07:57:10,0.35,1
Black-capped Chickadee,Poecile atricapillus,2026-04-19T14:56:58Z,19-Apr-2026,07:56:58,0.8157,1
Black-capped Chickadee,Poecile atricapillus,2026-04-19T14:56:54Z,19-Apr-2026,07:56:54,0.45,1
Black-capped Chickadee,Poecile atricapillus,2026-04-19T14:56:47Z,19-Apr-2026,07:56:47,0.37,1
Black-capped Chickadee,Poecile atricapillus,2026-04-19T14:55:50Z,19-Apr-2026,07:55:50,0.9529,1
American Crow,Corvus brachyrhynchos,2026-04-19T14:55:07Z,19-Apr-2026,07:55:07,0.29,1
Black-capped Chickadee,Poecile atricapillus,2026-04-19T14:54:51Z,19-Apr-2026,07:54:51,0.5,1
Black-capped Chickadee,Poecile atricapillus,2026-04-19T14:54:36Z,19-Apr-2026,07:54:36,0.8,1
Black-capped Chickadee,Poecile atricapillus,2026-04-19T14:54:32Z,19-Apr-2026,07:54:32,0.62,1
Black-capped Chickadee,Poecile atricapillus,2026-04-19T14:54:25Z,19-Apr-2026,07:54:25,0.28,1
Black-capped Chickadee,Poecile atricapillus,2026-04-19T14:54:12Z,19-Apr-2026,07:54:12,0.28,1
White-throated Sparrow,Zonotrichia albicollis,2026-04-19T14:53:47Z,19-Apr-2026,07:53:47,0.36,1
Bewick's Wren,Thryomanes bewickii,2026-04-19T14:53:26Z,19-Apr-2026,07:53:26,0.67,1
Bewick's Wren,Thryomanes bewickii,2026-04-19T14:53:20Z,19-Apr-2026,07:53:20,0.48,1
Black-capped Chickadee,Poecile atricapillus,2026-04-19T14:53:12Z,19-Apr-2026,07:53:12,0.898,1
White-throated Sparrow,Zonotrichia albicollis,2026-04-19T14:52:24Z,19-Apr-2026,07:52:24,0.58,1
White-throated Sparrow,Zonotrichia albicollis,2026-04-19T14:52:04Z,19-Apr-2026,07:52:04,0.34,1
Bewick's Wren,Thryomanes bewickii,2026-04-19T14:46:37Z,19-Apr-2026,07:46:37,0.3,1
Bewick's Wren,Thryomanes bewickii,2026-04-19T14:45:58Z,19-Apr-2026,07:45:58,0.52,1
Bewick's Wren,Thryomanes bewickii,2026-04-19T14:45:39Z,19-Apr-2026,07:45:39,0.33,1
Bewick's Wren,Thryomanes bewickii,2026-04-19T14:45:28Z,19-Apr-2026,07:45:28,0.34,1
Bewick's Wren,Thryomanes bewickii,2026-04-19T14:45:21Z,19-Apr-2026,07:45:21,0.28,1
House Finch,Haemorhous mexicanus,2026-04-19T14:44:58Z,19-Apr-2026,07:44:58,0.949,1
Bewick's Wren,Thryomanes bewickii,2026-04-19T14:44:41Z,19-Apr-2026,07:44:41,0.71,1
Bewick's Wren,Thryomanes bewickii,2026-04-19T14:44:27Z,19-Apr-2026,07:44:27,0.43,1
Bewick's Wren,Thryomanes bewickii,2026-04-19T14:44:21Z,19-Apr-2026,07:44:21,0.56,1
Bewick's Wren,Thryomanes bewickii,2026-04-19T14:44:03Z,19-Apr-2026,07:44:03,0.55,1
Bewick's Wren,Thryomanes bewickii,2026-04-19T14:42:53Z,19-Apr-2026,07:42:53,0.33,1
American Robin,Turdus migratorius,2026-04-19T14:41:24Z,19-Apr-2026,07:41:24,0.8627,3
American Robin,Turdus migratorius,2026-04-19T14:40:36Z,19-Apr-2026,07:40:36,0.29,1
American Robin,Turdus migratorius,2026-04-19T14:40:28Z,19-Apr-2026,07:40:28,0.41,1
American Robin,Turdus migratorius,2026-04-19T14:40:20Z,19-Apr-2026,07:40:20,0.51,1
American Robin,Turdus migratorius,2026-04-19T14:40:07Z,19-Apr-2026,07:40:07,0.8,3
American Robin,Turdus migratorius,2026-04-19T14:40:02Z,19-Apr-2026,07:40:02,0.36,1
American Robin,Turdus migratorius,2026-04-19T14:38:03Z,19-Apr-2026,07:38:03,0.898,1
American Robin,Turdus migratorius,2026-04-19T14:37:48Z,19-Apr-2026,07:37:48,0.28,1
Bewick's Wren,Thryomanes bewickii,2026-04-19T14:37:09Z,19-Apr-2026,07:37:09,0.28,1
American Robin,Turdus migratorius,2026-04-19T14:35:49Z,19-Apr-2026,07:35:49,0.8314,1
Chestnut-backed Chickadee,Poecile rufescens,2026-04-19T14:35:10Z,19-Apr-2026,07:35:10,0.4,1
Yellow-rumped Warbler,Setophaga coronata,2026-04-19T14:32:15Z,19-Apr-2026,07:32:15,0.33,1
Black-capped Chickadee,Poecile atricapillus,2026-04-19T14:31:02Z,19-Apr-2026,07:31:02,0.43,1
Black-capped Chickadee,Poecile atricapillus,2026-04-19T14:30:25Z,19-Apr-2026,07:30:25,0.38,1
Black-capped Chickadee,Poecile atricapillus,2026-04-19T14:30:10Z,19-Apr-2026,07:30:10,0.27,1
Black-capped Chickadee,Poecile atricapillus,2026-04-19T14:29:52Z,19-Apr-2026,07:29:52,0.4,1
Black-capped Chickadee,Poecile atricapillus,2026-04-19T14:29:46Z,19-Apr-2026,07:29:46,0.36,1
House Finch,Haemorhous mexicanus,2026-04-19T14:27:34Z,19-Apr-2026,07:27:34,0.8,2
Anna's Hummingbird,Calypte anna,2026-04-19T14:27:24Z,19-Apr-2026,07:27:24,0.38,1
House Finch,Haemorhous mexicanus,2026-04-19T14:26:32Z,19-Apr-2026,07:26:32,0.8314,4
Downy Woodpecker,Dryobates pubescens,2026-04-19T14:26:22Z,19-Apr-2026,07:26:22,0.898,1
Bewick's Wren,Thryomanes bewickii,2026-04-19T14:25:06Z,19-Apr-2026,07:25:06,0.32,1
House Finch,Haemorhous mexicanus,2026-04-19T14:24:59Z,19-Apr-2026,07:24:59,0.8471,2
American Robin,Turdus migratorius,2026-04-19T14:24:45Z,19-Apr-2026,07:24:45,0.8627,1
Bewick's Wren,Thryomanes bewickii,2026-04-19T14:24:30Z,19-Apr-2026,07:24:30,0.41,1
House Finch,Haemorhous mexicanus,2026-04-19T14:23:50Z,19-Apr-2026,07:23:50,0.8314,1
Violet-green Swallow,Tachycineta thalassina,2026-04-19T14:23:24Z,19-Apr-2026,07:23:24,0.28,1
House Finch,Haemorhous mexicanus,2026-04-19T14:21:55Z,19-Apr-2026,07:21:55,0.9098,2
Bewick's Wren,Thryomanes bewickii,2026-04-19T14:21:15Z,19-Apr-2026,07:21:15,0.75,1
Bewick's Wren,Thryomanes bewickii,2026-04-19T14:20:36Z,19-Apr-2026,07:20:36,0.79,1
Bewick's Wren,Thryomanes bewickii,2026-04-19T14:20:21Z,19-Apr-2026,07:20:21,0.54,1
Steller's Jay,Cyanocitta stelleri,2026-04-19T14:20:08Z,19-Apr-2026,07:20:08,0.8,1
House Finch,Haemorhous mexicanus,2026-04-19T14:19:43Z,19-Apr-2026,07:19:43,0.9255,5
Chestnut-backed Chickadee,Poecile rufescens,2026-04-19T14:19:09Z,19-Apr-2026,07:19:09,0.7804,2
Black-capped Chickadee,Poecile atricapillus,2026-04-19T14:18:48Z,19-Apr-2026,07:18:48,0.8627,1
House Finch,Haemorhous mexicanus,2026-04-19T14:18:37Z,19-Apr-2026,07:18:37,0.7804,4
Chestnut-backed Chickadee,Poecile rufescens,2026-04-19T14:17:44Z,19-Apr-2026,07:17:44,0.67,1
Chestnut-backed Chickadee,Poecile rufescens,2026-04-19T14:17:34Z,19-Apr-2026,07:17:34,0.29,1
Chestnut-backed Chickadee,Poecile rufescens,2026-04-19T14:17:16Z,19-Apr-2026,07:17:16,0.7804,1
Chestnut-backed Chickadee,Poecile rufescens,2026-04-19T14:17:02Z,19-Apr-2026,07:17:02,0.29,1
Steller's Jay,Cyanocitta stelleri,2026-04-19T14:16:35Z,19-Apr-2026,07:16:35,0.34,1
Steller's Jay,Cyanocitta stelleri,2026-04-19T14:16:29Z,19-Apr-2026,07:16:29,0.65,1
House Finch,Haemorhous mexicanus,2026-04-19T14:15:33Z,19-Apr-2026,07:15:33,0.45,1
Black-capped Chickadee,Poecile atricapillus,2026-04-19T14:15:06Z,19-Apr-2026,07:15:06,0.34,1
House Finch,Haemorhous mexicanus,2026-04-19T14:14:58Z,19-Apr-2026,07:14:58,0.8314,2
Bewick's Wren,Thryomanes bewickii,2026-04-19T14:14:37Z,19-Apr-2026,07:14:37,0.33,1
American Robin,Turdus migratorius,2026-04-19T14:14:02Z,19-Apr-2026,07:14:02,0.8,1
Bewick's Wren,Thryomanes bewickii,2026-04-19T14:13:07Z,19-Apr-2026,07:13:07,0.69,1
American Robin,Turdus migratorius,2026-04-19T14:12:34Z,19-Apr-2026,07:12:34,0.27,1
American Robin,Turdus migratorius,2026-04-19T14:12:16Z,19-Apr-2026,07:12:16,0.8157,3
Song Sparrow,Melospiza melodia,2026-04-19T14:12:10Z,19-Apr-2026,07:12:10,0.9529,1
House Finch,Haemorhous mexicanus,2026-04-19T14:11:50Z,19-Apr-2026,07:11:50,0.8,2
American Robin,Turdus migratorius,2026-04-19T14:11:39Z,19-Apr-2026,07:11:39,0.33,1
House Finch,Haemorhous mexicanus,2026-04-19T14:11:34Z,19-Apr-2026,07:11:34,0.36,1
American Robin,Turdus migratorius,2026-04-19T14:11:27Z,19-Apr-2026,07:11:27,0.37,1
American Robin,Turdus migratorius,2026-04-19T14:11:20Z,19-Apr-2026,07:11:20,0.6,1
American Robin,Turdus migratorius,2026-04-19T14:11:12Z,19-Apr-2026,07:11:12,0.3,1
House Finch,Haemorhous mexicanus,2026-04-19T14:10:43Z,19-Apr-2026,07:10:43,0.7804,1
American Robin,Turdus migratorius,2026-04-19T14:10:18Z,19-Apr-2026,07:10:18,0.8157,3
American Robin,Turdus migratorius,2026-04-19T14:10:08Z,19-Apr-2026,07:10:08,0.32,1
American Robin,Turdus migratorius,2026-04-19T14:10:00Z,19-Apr-2026,07:10:00,0.52,1
American Robin,Turdus migratorius,2026-04-19T14:09:33Z,19-Apr-2026,07:09:33,0.49,1
House Finch,Haemorhous mexicanus,2026-04-19T14:08:35Z,19-Apr-2026,07:08:35,0.7804,1
American Robin,Turdus migratorius,2026-04-19T14:07:45Z,19-Apr-2026,07:07:45,0.9412,5
American Robin,Turdus migratorius,2026-04-19T14:06:50Z,19-Apr-2026,07:06:50,0.29,1
American Robin,Turdus migratorius,2026-04-19T14:06:30Z,19-Apr-2026,07:06:30,0.8863,2
American Robin,Turdus migratorius,2026-04-19T14:05:51Z,19-Apr-2026,07:05:51,0.27,1
American Robin,Turdus migratorius,2026-04-19T14:05:03Z,19-Apr-2026,07:05:03,0.8863,3
American Robin,Turdus migratorius,2026-04-19T14:04:10Z,19-Apr-2026,07:04:10,0.28,1
American Robin,Turdus migratorius,2026-04-19T14:03:38Z,19-Apr-2026,07:03:38,0.56,1
American Robin,Turdus migratorius,2026-04-19T14:02:57Z,19-Apr-2026,07:02:57,0.9333,1
American Robin,Turdus migratorius,2026-04-19T14:02:42Z,19-Apr-2026,07:02:42,0.41,1
American Robin,Turdus migratorius,2026-04-19T14:02:34Z,19-Apr-2026,07:02:34,0.3,1
Chestnut-backed Chickadee,Poecile rufescens,2026-04-19T14:01:36Z,19-Apr-2026,07:01:36,0.9098,1
House Finch,Haemorhous mexicanus,2026-04-19T14:01:31Z,19-Apr-2026,07:01:31,0.8863,1
American Robin,Turdus migratorius,2026-04-19T14:00:24Z,19-Apr-2026,07:00:24,0.8471,3
Chestnut-backed Chickadee,Poecile rufescens,2026-04-19T14:00:04Z,19-Apr-2026,07:00:04,0.27,1
Chestnut-backed Chickadee,Poecile rufescens,2026-04-19T13:59:29Z,19-Apr-2026,06:59:29,0.38,1
American Robin,Turdus migratorius,2026-04-19T13:59:19Z,19-Apr-2026,06:59:19,0.8471,4
Chestnut-backed Chickadee,Poecile rufescens,2026-04-19T13:59:15Z,19-Apr-2026,06:59:15,0.3,1
American Goldfinch,Spinus tristis,2026-04-19T13:59:08Z,19-Apr-2026,06:59:08,0.31,1
American Robin,Turdus migratorius,2026-04-19T13:58:05Z,19-Apr-2026,06:58:05,0.8627,5
Chestnut-backed Chickadee,Poecile rufescens,2026-04-19T13:58:00Z,19-Apr-2026,06:58:00,0.31,1
Chestnut-backed Chickadee,Poecile rufescens,2026-04-19T13:57:50Z,19-Apr-2026,06:57:50,0.58,1
American Robin,Turdus migratorius,2026-04-19T13:56:15Z,19-Apr-2026,06:56:15,0.8157,6
American Robin,Turdus migratorius,2026-04-19T13:56:02Z,19-Apr-2026,06:56:02,0.3,1
American Robin,Turdus migratorius,2026-04-19T13:55:54Z,19-Apr-2026,06:55:54,0.48,1
American Robin,Turdus migratorius,2026-04-19T13:54:22Z,19-Apr-2026,06:54:22,0.31,1
American Robin,Turdus migratorius,2026-04-19T13:54:14Z,19-Apr-2026,06:54:14,0.36,1
American Robin,Turdus migratorius,2026-04-19T13:53:34Z,19-Apr-2026,06:53:34,0.7804,2
American Robin,Turdus migratorius,2026-04-19T13:52:26Z,19-Apr-2026,06:52:26,0.8314,1
American Robin,Turdus migratorius,2026-04-19T13:52:22Z,19-Apr-2026,06:52:22,0.32,1
American Robin,Turdus migratorius,2026-04-19T13:51:24Z,19-Apr-2026,06:51:24,0.39,1
House Finch,Haemorhous mexicanus,2026-04-19T13:50:10Z,19-Apr-2026,06:50:10,0.31,1
American Robin,Turdus migratorius,2026-04-19T13:49:58Z,19-Apr-2026,06:49:58,0.8157,1
American Robin,Turdus migratorius,2026-04-19T13:49:46Z,19-Apr-2026,06:49:46,0.3,1
American Crow,Corvus brachyrhynchos,2026-04-19T13:48:48Z,19-Apr-2026,06:48:48,0.29,1
American Robin,Turdus migratorius,2026-04-19T13:48:42Z,19-Apr-2026,06:48:42,0.28,1
Bushtit,Psaltriparus minimus,2026-04-19T13:47:31Z,19-Apr-2026,06:47:31,0.29,1
House Finch,Haemorhous mexicanus,2026-04-19T13:47:05Z,19-Apr-2026,06:47:05,0.898,1
American Robin,Turdus migratorius,2026-04-19T13:47:02Z,19-Apr-2026,06:47:02,0.7804,3
American Robin,Turdus migratorius,2026-04-19T13:46:39Z,19-Apr-2026,06:46:39,0.29,1
American Robin,Turdus migratorius,2026-04-19T13:45:57Z,19-Apr-2026,06:45:57,0.8,7
American Robin,Turdus migratorius,2026-04-19T13:45:45Z,19-Apr-2026,06:45:45,0.34,1
Chestnut-backed Chickadee,Poecile rufescens,2026-04-19T13:45:40Z,19-Apr-2026,06:45:40,0.8,3
American Robin,Turdus migratorius,2026-04-19T13:45:36Z,19-Apr-2026,06:45:36,0.26,1
Chestnut-backed Chickadee,Poecile rufescens,2026-04-19T13:45:29Z,19-Apr-2026,06:45:29,0.26,1
American Robin,Turdus migratorius,2026-04-19T13:45:21Z,19-Apr-2026,06:45:21,0.39,1
Chestnut-backed Chickadee,Poecile rufescens,2026-04-19T13:45:04Z,19-Apr-2026,06:45:04,0.5,1
American Robin,Turdus migratorius,2026-04-19T13:44:50Z,19-Apr-2026,06:44:50,0.41,1
American Robin,Turdus migratorius,2026-04-19T13:44:43Z,19-Apr-2026,06:44:43,0.53,1
Chestnut-backed Chickadee,Poecile rufescens,2026-04-19T13:44:39Z,19-Apr-2026,06:44:39,0.8314,1
American Robin,Turdus migratorius,2026-04-19T13:44:19Z,19-Apr-2026,06:44:19,0.39,1
American Robin,Turdus migratorius,2026-04-19T13:43:59Z,19-Apr-2026,06:43:59,0.8314,3
American Robin,Turdus migratorius,2026-04-19T13:43:15Z,19-Apr-2026,06:43:15,0.5,1
American Robin,Turdus migratorius,2026-04-19T13:42:46Z,19-Apr-2026,06:42:46,0.27,1
American Robin,Turdus migratorius,2026-04-19T13:42:39Z,19-Apr-2026,06:42:39,0.8863,1
American Robin,Turdus migratorius,2026-04-19T13:41:54Z,19-Apr-2026,06:41:54,0.44,1
American Robin,Turdus migratorius,2026-04-19T13:41:47Z,19-Apr-2026,06:41:47,0.51,1
American Robin,Turdus migratorius,2026-04-19T13:41:32Z,19-Apr-2026,06:41:32,0.8471,3
American Robin,Turdus migratorius,2026-04-19T13:41:27Z,19-Apr-2026,06:41:27,0.36,1
Black-capped Chickadee,Poecile atricapillus,2026-04-19T13:40:59Z,19-Apr-2026,06:40:59,0.37,1
American Robin,Turdus migratorius,2026-04-19T13:40:23Z,19-Apr-2026,06:40:23,0.8,3
American Robin,Turdus migratorius,2026-04-19T13:39:51Z,19-Apr-2026,06:39:51,0.27,1
Black-capped Chickadee,Poecile atricapillus,2026-04-19T13:39:44Z,19-Apr-2026,06:39:44,0.63,1
American Robin,Turdus migratorius,2026-04-19T13:39:36Z,19-Apr-2026,06:39:36,0.82,1
American Robin,Turdus migratorius,2026-04-19T13:39:28Z,19-Apr-2026,06:39:28,0.41,1
American Robin,Turdus migratorius,2026-04-19T13:39:21Z,19-Apr-2026,06:39:21,0.45,1
American Robin,Turdus migratorius,2026-04-19T13:39:14Z,19-Apr-2026,06:39:14,0.34,1
Black-capped Chickadee,Poecile atricapillus,2026-04-19T13:39:08Z,19-Apr-2026,06:39:08,0.33,1
Chestnut-backed Chickadee,Poecile rufescens,2026-04-19T13:39:01Z,19-Apr-2026,06:39:01,0.3,1
American Robin,Turdus migratorius,2026-04-19T13:38:54Z,19-Apr-2026,06:38:54,0.29,1
American Robin,Turdus migratorius,2026-04-19T13:38:35Z,19-Apr-2026,06:38:35,0.8314,2
Chestnut-backed Chickadee,Poecile rufescens,2026-04-19T13:38:15Z,19-Apr-2026,06:38:15,0.41,1
American Robin,Turdus migratorius,2026-04-19T13:37:46Z,19-Apr-2026,06:37:46,0.37,1
American Robin,Turdus migratorius,2026-04-19T13:37:39Z,19-Apr-2026,06:37:39,0.3,1
Chestnut-backed Chickadee,Poecile rufescens,2026-04-19T13:37:25Z,19-Apr-2026,06:37:25,0.29,1
American Robin,Turdus migratorius,2026-04-19T13:37:18Z,19-Apr-2026,06:37:18,0.26,1
Yellow-rumped Warbler,Setophaga coronata,2026-04-19T13:36:46Z,19-Apr-2026,06:36:46,0.46,1
Chestnut-backed Chickadee,Poecile rufescens,2026-04-19T13:36:39Z,19-Apr-2026,06:36:39,0.9333,1
American Robin,Turdus migratorius,2026-04-19T13:36:20Z,19-Apr-2026,06:36:20,0.71,1
Chestnut-backed Chickadee,Poecile rufescens,2026-04-19T13:36:14Z,19-Apr-2026,06:36:14,0.5,1
Chestnut-backed Chickadee,Poecile rufescens,2026-04-19T13:36:07Z,19-Apr-2026,06:36:07,0.6,1
Chestnut-backed Chickadee,Poecile rufescens,2026-04-19T13:35:53Z,19-Apr-2026,06:35:53,0.69,1
American Robin,Turdus migratorius,2026-04-19T13:35:32Z,19-Apr-2026,06:35:32,0.8157,3
American Robin,Turdus migratorius,2026-04-19T13:34:27Z,19-Apr-2026,06:34:27,0.26,1
American Robin,Turdus migratorius,2026-04-19T13:34:12Z,19-Apr-2026,06:34:12,0.7804,4
American Robin,Turdus migratorius,2026-04-19T13:33:51Z,19-Apr-2026,06:33:51,0.33,1
American Robin,Turdus migratorius,2026-04-19T13:33:36Z,19-Apr-2026,06:33:36,0.26,1
American Robin,Turdus migratorius,2026-04-19T13:33:00Z,19-Apr-2026,06:33:00,0.8157,2
American Robin,Turdus migratorius,2026-04-19T13:31:55Z,19-Apr-2026,06:31:55,0.8,2
American Robin,Turdus migratorius,2026-04-19T13:30:37Z,19-Apr-2026,06:30:37,0.8745,4
American Robin,Turdus migratorius,2026-04-19T13:28:59Z,19-Apr-2026,06:28:59,0.5,1
American Robin,Turdus migratorius,2026-04-19T13:28:14Z,19-Apr-2026,06:28:14,0.898,3
American Robin,Turdus migratorius,2026-04-19T13:27:39Z,19-Apr-2026,06:27:39,0.4,1
American Robin,Turdus migratorius,2026-04-19T13:27:32Z,19-Apr-2026,06:27:32,0.34,1
American Robin,Turdus migratorius,2026-04-19T13:27:12Z,19-Apr-2026,06:27:12,0.33,1
American Robin,Turdus migratorius,2026-04-19T13:26:48Z,19-Apr-2026,06:26:48,0.35,1
American Robin,Turdus migratorius,2026-04-19T13:26:34Z,19-Apr-2026,06:26:34,0.7804,1
American Robin,Turdus migratorius,2026-04-19T13:20:40Z,19-Apr-2026,06:20:40,0.8,1
Black-capped Chickadee,Poecile atricapillus,2026-04-19T13:17:31Z,19-Apr-2026,06:17:31,0.36,1
Black-capped Chickadee,Poecile atricapillus,2026-04-19T13:17:18Z,19-Apr-2026,06:17:18,0.9529,1
Bewick's Wren,Thryomanes bewickii,2026-04-19T13:16:56Z,19-Apr-2026,06:16:56,0.29,1
House Finch,Haemorhous mexicanus,2026-04-19T13:12:57Z,19-Apr-2026,06:12:57,0.46,1
Northern Flicker,Colaptes auratus,2026-04-19T13:12:18Z,19-Apr-2026,06:12:18,0.32,1
Black-capped Chickadee,Poecile atricapillus,2026-04-19T13:11:02Z,19-Apr-2026,06:11:02,0.8314,2
Northern Flicker,Colaptes auratus,2026-04-19T13:09:47Z,19-Apr-2026,06:09:47,0.42,1
Bewick's Wren,Thryomanes bewickii,2026-04-19T13:09:34Z,19-Apr-2026,06:09:34,0.3,1
Northern Flicker,Colaptes auratus,2026-04-19T13:09:09Z,19-Apr-2026,06:09:09,0.35,1
Black-capped Chickadee,Poecile atricapillus,2026-04-19T13:08:40Z,19-Apr-2026,06:08:40,0.41,1
Bewick's Wren,Thryomanes bewickii,2026-04-19T13:08:02Z,19-Apr-2026,06:08:02,0.42,1
Black-capped Chickadee,Poecile atricapillus,2026-04-19T13:06:34Z,19-Apr-2026,06:06:34,0.8,1
Mountain Chickadee,Poecile gambeli,2026-04-19T13:06:30Z,19-Apr-2026,06:06:30,0.56,1
Black-capped Chickadee,Poecile atricapillus,2026-04-19T13:05:24Z,19-Apr-2026,06:05:24,0.62,1
White-throated Sparrow,Zonotrichia albicollis,2026-04-19T13:04:40Z,19-Apr-2026,06:04:40,0.42,1
Steller's Jay,Cyanocitta stelleri,2026-04-19T13:04:14Z,19-Apr-2026,06:04:14,0.9333,1
Black-capped Chickadee,Poecile atricapillus,2026-04-19T13:03:49Z,19-Apr-2026,06:03:49,0.8627,1
Black-capped Chickadee,Poecile atricapillus,2026-04-19T13:03:44Z,19-Apr-2026,06:03:44,0.32,1
Bewick's Wren,Thryomanes bewickii,2026-04-19T13:00:22Z,19-Apr-2026,06:00:22,0.34,1
Song Sparrow,Melospiza melodia,2026-04-19T12:59:36Z,19-Apr-2026,05:59:36,0.8314,1
Red-breasted Nuthatch,Sitta canadensis,2026-04-19T12:56:43Z,19-Apr-2026,05:56:43,0.31,1
Black-capped Chickadee,Poecile atricapillus,2026-04-19T12:55:33Z,19-Apr-2026,05:55:33,0.8471,1
Black-capped Chickadee,Poecile atricapillus,2026-04-19T12:50:29Z,19-Apr-2026,05:50:29,0.7804,1
American Robin,Turdus migratorius,2026-04-19T12:32:50Z,19-Apr-2026,05:32:50,0.29,1
American Robin,Turdus migratorius,2026-04-19T12:32:36Z,19-Apr-2026,05:32:36,0.8314,1
American Robin,Turdus migratorius,2026-04-19T12:30:44Z,19-Apr-2026,05:30:44,0.7804,1
American Robin,Turdus migratorius,2026-04-19T12:29:21Z,19-Apr-2026,05:29:21,0.29,1
American Robin,Turdus migratorius,2026-04-19T12:29:06Z,19-Apr-2026,05:29:06,0.32,1
American Robin,Turdus migratorius,2026-04-19T12:28:51Z,19-Apr-2026,05:28:51,0.36,1
American Robin,Turdus migratorius,2026-04-19T12:28:29Z,19-Apr-2026,05:28:29,0.35,1
American Robin,Turdus migratorius,2026-04-19T12:27:55Z,19-Apr-2026,05:27:55,0.8314,1
Bewick's Wren,Thryomanes bewickii,2026-04-19T12:27:42Z,19-Apr-2026,05:27:42,0.39,1
Bewick's Wren,Thryomanes bewickii,2026-04-19T12:27:35Z,19-Apr-2026,05:27:35,0.6,1
Bewick's Wren,Thryomanes bewickii,2026-04-19T12:26:34Z,19-Apr-2026,05:26:34,0.27,1
American Robin,Turdus migratorius,2026-04-19T12:25:45Z,19-Apr-2026,05:25:45,0.33,1
Bewick's Wren,Thryomanes bewickii,2026-04-19T12:25:35Z,19-Apr-2026,05:25:35,0.28,1
Bewick's Wren,Thryomanes bewickii,2026-04-19T12:25:21Z,19-Apr-2026,05:25:21,0.47,1
Bewick's Wren,Thryomanes bewickii,2026-04-19T12:24:11Z,19-Apr-2026,05:24:11,0.41,1
Bewick's Wren,Thryomanes bewickii,2026-04-19T12:24:01Z,19-Apr-2026,05:24:01,0.43,1
Bewick's Wren,Thryomanes bewickii,2026-04-19T12:23:40Z,19-Apr-2026,05:23:40,0.26,1
Townsend's Warbler,Setophaga townsendi,2026-04-19T12:21:51Z,19-Apr-2026,05:21:51,0.26,1
Bewick's Wren,Thryomanes bewickii,2026-04-19T12:21:14Z,19-Apr-2026,05:21:14,0.36,1
Bewick's Wren,Thryomanes bewickii,2026-04-19T12:21:07Z,19-Apr-2026,05:21:07,0.35,1
Black-capped Chickadee,Poecile atricapillus,2026-04-19T12:20:59Z,19-Apr-2026,05:20:59,0.29,1
American Robin,Turdus migratorius,2026-04-19T12:20:42Z,19-Apr-2026,05:20:42,0.8314,4
Black-capped Chickadee,Poecile atricapillus,2026-04-19T12:20:10Z,19-Apr-2026,05:20:10,0.33,1
Black-capped Chickadee,Poecile atricapillus,2026-04-19T12:20:02Z,19-Apr-2026,05:20:02,0.35,1
Black-capped Chickadee,Poecile atricapillus,2026-04-19T12:19:58Z,19-Apr-2026,05:19:58,0.8627,1
Bewick's Wren,Thryomanes bewickii,2026-04-19T12:19:40Z,19-Apr-2026,05:19:40,0.37,1
American Robin,Turdus migratorius,2026-04-19T12:17:47Z,19-Apr-2026,05:17:47,0.7804,1
American Robin,Turdus migratorius,2026-04-19T12:16:56Z,19-Apr-2026,05:16:56,0.38,1
American Robin,Turdus migratorius,2026-04-19T12:16:45Z,19-Apr-2026,05:16:45,0.3,1
American Robin,Turdus migratorius,2026-04-19T12:09:09Z,19-Apr-2026,05:09:09,0.7804,8
American Robin,Turdus migratorius,2026-04-19T12:08:03Z,19-Apr-2026,05:08:03,0.31,1
American Robin,Turdus migratorius,2026-04-19T12:07:49Z,19-Apr-2026,05:07:49,0.29,1
American Robin,Turdus migratorius,2026-04-19T12:06:57Z,19-Apr-2026,05:06:57,0.27,1
American Robin,Turdus migratorius,2026-04-19T12:06:46Z,19-Apr-2026,05:06:46,0.39,1
American Robin,Turdus migratorius,2026-04-19T12:06:39Z,19-Apr-2026,05:06:39,0.53,1
American Robin,Turdus migratorius,2026-04-19T12:06:32Z,19-Apr-2026,05:06:32,0.9255,14
American Robin,Turdus migratorius,2026-04-19T12:06:28Z,19-Apr-2026,05:06:28,0.29,1
American Robin,Turdus migratorius,2026-04-19T12:06:21Z,19-Apr-2026,05:06:21,0.34,1
American Robin,Turdus migratorius,2026-04-19T12:05:22Z,19-Apr-2026,05:05:22,0.9412,13
American Robin,Turdus migratorius,2026-04-19T12:05:10Z,19-Apr-2026,05:05:10,0.48,1
American Robin,Turdus migratorius,2026-04-19T12:04:44Z,19-Apr-2026,05:04:44,0.79,1
American Robin,Turdus migratorius,2026-04-19T12:04:21Z,19-Apr-2026,05:04:21,0.9647,17
American Robin,Turdus migratorius,2026-04-19T12:03:19Z,19-Apr-2026,05:03:19,0.9098,15
American Robin,Turdus migratorius,2026-04-19T12:03:00Z,19-Apr-2026,05:03:00,0.51,1
American Robin,Turdus migratorius,2026-04-19T12:02:41Z,19-Apr-2026,05:02:41,0.38,1
American Robin,Turdus migratorius,2026-04-19T12:02:34Z,19-Apr-2026,05:02:34,0.39,1
American Robin,Turdus migratorius,2026-04-19T12:02:18Z,19-Apr-2026,05:02:18,0.9412,1
American Robin,Turdus migratorius,2026-04-19T11:54:07Z,19-Apr-2026,04:54:07,0.8,1
American Robin,Turdus migratorius,2026-04-19T11:48:14Z,19-Apr-2026,04:48:14,0.34,1
American Robin,Turdus migratorius,2026-04-19T11:46:03Z,19-Apr-2026,04:46:03,0.8745,1
American Robin,Turdus migratorius,2026-04-19T11:44:42Z,19-Apr-2026,04:44:42,0.27,1
American Robin,Turdus migratorius,2026-04-19T11:37:02Z,19-Apr-2026,04:37:02,0.51,1
American Robin,Turdus migratorius,2026-04-19T11:35:50Z,19-Apr-2026,04:35:50,0.49,1
American Robin,Turdus migratorius,2026-04-19T11:33:57Z,19-Apr-2026,04:33:57,0.29,1
American Robin,Turdus migratorius,2026-04-19T11:29:47Z,19-Apr-2026,04:29:47,0.34,1
American Robin,Turdus migratorius,2026-04-19T11:28:30Z,19-Apr-2026,04:28:30,0.32,1
American Robin,Turdus migratorius,2026-04-19T11:27:46Z,19-Apr-2026,04:27:46,0.26,1
American Robin,Turdus migratorius,2026-04-19T11:27:31Z,19-Apr-2026,04:27:31,0.31,1
American Robin,Turdus migratorius,2026-04-19T11:27:09Z,19-Apr-2026,04:27:09,0.35,1
American Robin,Turdus migratorius,2026-04-19T11:26:46Z,19-Apr-2026,04:26:46,0.54,1
American Robin,Turdus migratorius,2026-04-19T11:26:24Z,19-Apr-2026,04:26:24,0.37,1
American Robin,Turdus migratorius,2026-04-19T11:25:41Z,19-Apr-2026,04:25:41,0.27,1
American Robin,Turdus migratorius,2026-04-19T11:24:47Z,19-Apr-2026,04:24:47,0.32,1
American Robin,Turdus migratorius,2026-04-19T11:23:25Z,19-Apr-2026,04:23:25,0.4,1
American Robin,Turdus migratorius,2026-04-19T11:22:34Z,19-Apr-2026,04:22:34,0.46,1
Red-breasted Nuthatch,Sitta canadensis,2026-04-19T11:15:14Z,19-Apr-2026,04:15:14,0.41,1
American Robin,Turdus migratorius,2026-04-19T11:14:16Z,19-Apr-2026,04:14:16,0.7804,1
American Robin,Turdus migratorius,2026-04-19T11:13:43Z,19-Apr-2026,04:13:43,0.34,1
Red-breasted Nuthatch,Sitta canadensis,2026-04-19T11:09:18Z,19-Apr-2026,04:09:18,0.38,1
American Robin,Turdus migratorius,2026-04-19T10:42:32Z,19-Apr-2026,03:42:32,0.6,1
American Robin,Turdus migratorius,2026-04-19T10:42:25Z,19-Apr-2026,03:42:25,0.4,1
Barn Owl,Tyto alba,2026-04-19T10:08:04Z,19-Apr-2026,03:08:04,0.74,1
American Wigeon,Mareca americana,2026-04-19T09:13:24Z,19-Apr-2026,02:13:24,0.68,1
American Wigeon,Mareca americana,2026-04-19T09:13:17Z,19-Apr-2026,02:13:17,0.9,1
American Wigeon,Mareca americana,2026-04-19T09:13:10Z,19-Apr-2026,02:13:10,0.9,1
Eurasian Wigeon,Mareca penelope,2026-04-19T09:13:04Z,19-Apr-2026,02:13:04,0.48,1
Anna's Hummingbird,Calypte anna,2026-04-19T05:27:05Z,18-Apr-2026,22:27:05,0.9412,1
American Robin,Turdus migratorius,2026-04-19T03:38:48Z,18-Apr-2026,20:38:48,0.44,1
American Robin,Turdus migratorius,2026-04-19T03:38:05Z,18-Apr-2026,20:38:05,0.8314,1
American Robin,Turdus migratorius,2026-04-19T03:37:48Z,18-Apr-2026,20:37:48,0.48,1
American Robin,Turdus migratorius,2026-04-19T03:37:41Z,18-Apr-2026,20:37:41,0.26,1
American Robin,Turdus migratorius,2026-04-19T03:37:31Z,18-Apr-2026,20:37:31,0.27,1
American Robin,Turdus migratorius,2026-04-19T03:35:23Z,18-Apr-2026,20:35:23,0.8471,1
American Robin,Turdus migratorius,2026-04-19T03:35:19Z,18-Apr-2026,20:35:19,0.3,1
American Robin,Turdus migratorius,2026-04-19T03:35:12Z,18-Apr-2026,20:35:12,0.47,1
American Robin,Turdus migratorius,2026-04-19T03:32:15Z,18-Apr-2026,20:32:15,0.3,1
American Robin,Turdus migratorius,2026-04-19T03:31:51Z,18-Apr-2026,20:31:51,0.8627,5
American Robin,Turdus migratorius,2026-04-19T03:31:00Z,18-Apr-2026,20:31:00,0.28,1
American Robin,Turdus migratorius,2026-04-19T03:30:53Z,18-Apr-2026,20:30:53,0.37,1
American Robin,Turdus migratorius,2026-04-19T03:30:46Z,18-Apr-2026,20:30:46,0.7804,3
American Robin,Turdus migratorius,2026-04-19T03:29:44Z,18-Apr-2026,20:29:44,0.8745,3
American Robin,Turdus migratorius,2026-04-19T03:29:26Z,18-Apr-2026,20:29:26,0.86,1
American Robin,Turdus migratorius,2026-04-19T03:28:48Z,18-Apr-2026,20:28:48,0.67,1
American Robin,Turdus migratorius,2026-04-19T03:28:43Z,18-Apr-2026,20:28:43,0.7804,8
American Robin,Turdus migratorius,2026-04-19T03:28:39Z,18-Apr-2026,20:28:39,0.32,1
American Robin,Turdus migratorius,2026-04-19T03:28:25Z,18-Apr-2026,20:28:25,0.26,1
American Robin,Turdus migratorius,2026-04-19T03:28:17Z,18-Apr-2026,20:28:17,0.38,1
American Robin,Turdus migratorius,2026-04-19T03:28:06Z,18-Apr-2026,20:28:06,0.28,1
American Robin,Turdus migratorius,2026-04-19T03:27:46Z,18-Apr-2026,20:27:46,0.47,1
American Robin,Turdus migratorius,2026-04-19T03:27:38Z,18-Apr-2026,20:27:38,0.8627,3
American Robin,Turdus migratorius,2026-04-19T03:27:31Z,18-Apr-2026,20:27:31,0.39,1
Ring-necked Pheasant,Phasianus colchicus,2026-04-19T03:26:44Z,18-Apr-2026,20:26:44,0.51,1
American Robin,Turdus migratorius,2026-04-19T03:26:37Z,18-Apr-2026,20:26:37,0.53,1
American Robin,Turdus migratorius,2026-04-19T03:26:17Z,18-Apr-2026,20:26:17,0.8863,10
American Robin,Turdus migratorius,2026-04-19T03:25:14Z,18-Apr-2026,20:25:14,0.35,1
American Robin,Turdus migratorius,2026-04-19T03:25:00Z,18-Apr-2026,20:25:00,0.949,1
American Robin,Turdus migratorius,2026-04-19T03:24:17Z,18-Apr-2026,20:24:17,0.36,1
Ring-necked Pheasant,Phasianus colchicus,2026-04-19T03:22:14Z,18-Apr-2026,20:22:14,0.43,1
Caspian Tern,Hydroprogne caspia,2026-04-19T03:06:35Z,18-Apr-2026,20:06:35,0.72,1
Bewick's Wren,Thryomanes bewickii,2026-04-19T03:00:08Z,18-Apr-2026,20:00:08,0.26,1
Bewick's Wren,Thryomanes bewickii,2026-04-19T02:59:37Z,18-Apr-2026,19:59:37,0.38,1
Steller's Jay,Cyanocitta stelleri,2026-04-19T02:59:08Z,18-Apr-2026,19:59:08,0.8157,1
Bewick's Wren,Thryomanes bewickii,2026-04-19T02:56:49Z,18-Apr-2026,19:56:49,0.42,1
American Crow,Corvus brachyrhynchos,2026-04-19T02:56:34Z,18-Apr-2026,19:56:34,0.8863,1
Northern Flicker,Colaptes auratus,2026-04-19T02:56:23Z,18-Apr-2026,19:56:23,0.31,1
American Robin,Turdus migratorius,2026-04-19T02:52:09Z,18-Apr-2026,19:52:09,0.8,2
American Robin,Turdus migratorius,2026-04-19T02:51:51Z,18-Apr-2026,19:51:51,0.38,1
American Robin,Turdus migratorius,2026-04-19T02:51:44Z,18-Apr-2026,19:51:44,0.39,1
American Robin,Turdus migratorius,2026-04-19T02:51:28Z,18-Apr-2026,19:51:28,0.44,1
American Robin,Turdus migratorius,2026-04-19T02:49:17Z,18-Apr-2026,19:49:17,0.4,1
American Robin,Turdus migratorius,2026-04-19T02:48:57Z,18-Apr-2026,19:48:57,0.8314,2
American Robin,Turdus migratorius,2026-04-19T02:48:51Z,18-Apr-2026,19:48:51,0.48,1
American Robin,Turdus migratorius,2026-04-19T02:48:05Z,18-Apr-2026,19:48:05,0.26,1
American Robin,Turdus migratorius,2026-04-19T02:47:55Z,18-Apr-2026,19:47:55,0.42,1
American Robin,Turdus migratorius,2026-04-19T02:47:25Z,18-Apr-2026,19:47:25,0.26,1
American Robin,Turdus migratorius,2026-04-19T02:47:00Z,18-Apr-2026,19:47:00,0.8745,1
American Crow,Corvus brachyrhynchos,2026-04-19T02:46:42Z,18-Apr-2026,19:46:42,0.7804,1
American Robin,Turdus migratorius,2026-04-19T02:45:55Z,18-Apr-2026,19:45:55,0.29,1
American Crow,Corvus brachyrhynchos,2026-04-19T02:42:28Z,18-Apr-2026,19:42:28,0.8157,1
Mallard,Anas platyrhynchos,2026-04-19T02:39:06Z,18-Apr-2026,19:39:06,0.26,1
American Robin,Turdus migratorius,2026-04-19T02:34:46Z,18-Apr-2026,19:34:46,0.26,1
American Robin,Turdus migratorius,2026-04-19T02:34:39Z,18-Apr-2026,19:34:39,0.29,1
American Robin,Turdus migratorius,2026-04-19T02:33:26Z,18-Apr-2026,19:33:26,0.32,1
American Robin,Turdus migratorius,2026-04-19T02:32:28Z,18-Apr-2026,19:32:28,0.7804,2
American Robin,Turdus migratorius,2026-04-19T02:32:16Z,18-Apr-2026,19:32:16,0.42,1
Dark-eyed Junco,Junco hyemalis,2026-04-19T02:31:50Z,18-Apr-2026,19:31:50,0.74,1
American Robin,Turdus migratorius,2026-04-19T02:30:09Z,18-Apr-2026,19:30:09,0.8745,2
Black-capped Chickadee,Poecile atricapillus,2026-04-19T02:28:44Z,18-Apr-2026,19:28:44,0.7804,1
American Robin,Turdus migratorius,2026-04-19T02:28:26Z,18-Apr-2026,19:28:26,0.8471,1
American Crow,Corvus brachyrhynchos,2026-04-19T02:27:46Z,18-Apr-2026,19:27:46,0.898,1
Steller's Jay,Cyanocitta stelleri,2026-04-19T02:25:58Z,18-Apr-2026,19:25:58,0.7804,1
American Robin,Turdus migratorius,2026-04-19T02:23:19Z,18-Apr-2026,19:23:19,0.8,1
House Finch,Haemorhous mexicanus,2026-04-19T02:18:14Z,18-Apr-2026,19:18:14,0.27,1
House Finch,Haemorhous mexicanus,2026-04-19T02:17:21Z,18-Apr-2026,19:17:21,0.8745,1
American Robin,Turdus migratorius,2026-04-19T02:16:00Z,18-Apr-2026,19:16:00,0.898,1
House Finch,Haemorhous mexicanus,2026-04-19T02:14:33Z,18-Apr-2026,19:14:33,0.8,1
Mountain Chickadee,Poecile gambeli,2026-04-19T02:14:03Z,18-Apr-2026,19:14:03,0.27,1
American Robin,Turdus migratorius,2026-04-19T02:08:12Z,18-Apr-2026,19:08:12,0.37,1
American Robin,Turdus migratorius,2026-04-19T02:07:39Z,18-Apr-2026,19:07:39,0.9098,1
Chestnut-backed Chickadee,Poecile rufescens,2026-04-19T02:07:26Z,18-Apr-2026,19:07:26,0.35,1
American Robin,Turdus migratorius,2026-04-19T02:06:55Z,18-Apr-2026,19:06:55,0.57,1
Chestnut-backed Chickadee,Poecile rufescens,2026-04-19T02:06:41Z,18-Apr-2026,19:06:41,0.8157,3
Chestnut-backed Chickadee,Poecile rufescens,2026-04-19T02:06:28Z,18-Apr-2026,19:06:28,0.49,1
American Robin,Turdus migratorius,2026-04-19T02:06:21Z,18-Apr-2026,19:06:21,0.8863,1
American Robin,Turdus migratorius,2026-04-19T02:05:36Z,18-Apr-2026,19:05:36,0.26,1
Chestnut-backed Chickadee,Poecile rufescens,2026-04-19T02:05:26Z,18-Apr-2026,19:05:26,0.59,1
American Robin,Turdus migratorius,2026-04-19T02:04:54Z,18-Apr-2026,19:04:54,0.28,1
Chestnut-backed Chickadee,Poecile rufescens,2026-04-19T02:04:06Z,18-Apr-2026,19:04:06,0.46,1
Chestnut-backed Chickadee,Poecile rufescens,2026-04-19T02:03:54Z,18-Apr-2026,19:03:54,0.8157,1
American Robin,Turdus migratorius,2026-04-19T02:03:03Z,18-Apr-2026,19:03:03,0.38,1
American Robin,Turdus migratorius,2026-04-19T02:02:55Z,18-Apr-2026,19:02:55,0.3,1
American Robin,Turdus migratorius,2026-04-19T02:02:10Z,18-Apr-2026,19:02:10,0.8157,2
Bewick's Wren,Thryomanes bewickii,2026-04-19T02:01:40Z,18-Apr-2026,19:01:40,0.36,1
Bewick's Wren,Thryomanes bewickii,2026-04-19T02:01:32Z,18-Apr-2026,19:01:32,0.35,1
American Robin,Turdus migratorius,2026-04-19T02:00:44Z,18-Apr-2026,19:00:44,0.8471,2
American Robin,Turdus migratorius,2026-04-19T01:59:48Z,18-Apr-2026,18:59:48,0.31,1
American Robin,Turdus migratorius,2026-04-19T01:59:41Z,18-Apr-2026,18:59:41,0.26,1
American Robin,Turdus migratorius,2026-04-19T01:59:32Z,18-Apr-2026,18:59:32,0.8314,1
American Robin,Turdus migratorius,2026-04-19T01:59:17Z,18-Apr-2026,18:59:17,0.28,1
House Finch,Haemorhous mexicanus,2026-04-19T01:58:26Z,18-Apr-2026,18:58:26,0.31,1
Bewick's Wren,Thryomanes bewickii,2026-04-19T01:56:46Z,18-Apr-2026,18:56:46,0.31,1
American Crow,Corvus brachyrhynchos,2026-04-19T01:55:54Z,18-Apr-2026,18:55:54,0.8471,1
Chestnut-backed Chickadee,Poecile rufescens,2026-04-19T01:54:35Z,18-Apr-2026,18:54:35,0.8,1
Bewick's Wren,Thryomanes bewickii,2026-04-19T01:53:27Z,18-Apr-2026,18:53:27,0.31,1
Bewick's Wren,Thryomanes bewickii,2026-04-19T01:52:59Z,18-Apr-2026,18:52:59,0.39,1
Bewick's Wren,Thryomanes bewickii,2026-04-19T01:52:30Z,18-Apr-2026,18:52:30,0.28,1
Red-breasted Nuthatch,Sitta canadensis,2026-04-19T01:47:13Z,18-Apr-2026,18:47:13,0.37,1
Downy Woodpecker,Dryobates pubescens,2026-04-19T01:47:03Z,18-Apr-2026,18:47:03,0.38,1
Black-capped Chickadee,Poecile atricapillus,2026-04-19T01:44:12Z,18-Apr-2026,18:44:12,0.8157,1
Anna's Hummingbird,Calypte anna,2026-04-19T01:43:06Z,18-Apr-2026,18:43:06,0.7804,1
Downy Woodpecker,Dryobates pubescens,2026-04-19T01:41:38Z,18-Apr-2026,18:41:38,0.41,1
Dark-eyed Junco,Junco hyemalis,2026-04-19T01:32:43Z,18-Apr-2026,18:32:43,0.53,1
Dark-eyed Junco,Junco hyemalis,2026-04-19T01:32:35Z,18-Apr-2026,18:32:35,0.69,1
Dark-eyed Junco,Junco hyemalis,2026-04-19T01:32:27Z,18-Apr-2026,18:32:27,0.88,1
Dark-eyed Junco,Junco hyemalis,2026-04-19T01:32:16Z,18-Apr-2026,18:32:16,0.37,1
Dark-eyed Junco,Junco hyemalis,2026-04-19T01:31:42Z,18-Apr-2026,18:31:42,0.35,1
Dark-eyed Junco,Junco hyemalis,2026-04-19T01:31:35Z,18-Apr-2026,18:31:35,0.34,1
Dark-eyed Junco,Junco hyemalis,2026-04-19T01:31:28Z,18-Apr-2026,18:31:28,0.38,1
House Finch,Haemorhous mexicanus,2026-04-19T01:30:25Z,18-Apr-2026,18:30:25,0.41,1
Steller's Jay,Cyanocitta stelleri,2026-04-19T01:29:57Z,18-Apr-2026,18:29:57,0.898,1
Black-capped Chickadee,Poecile atricapillus,2026-04-19T01:28:50Z,18-Apr-2026,18:28:50,0.63,1
Steller's Jay,Cyanocitta stelleri,2026-04-19T01:28:41Z,18-Apr-2026,18:28:41,0.8157,1
Anna's Hummingbird,Calypte anna,2026-04-19T01:24:39Z,18-Apr-2026,18:24:39,0.8471,1
American Robin,Turdus migratorius,2026-04-19T01:22:09Z,18-Apr-2026,18:22:09,0.27,1
American Robin,Turdus migratorius,2026-04-19T01:21:58Z,18-Apr-2026,18:21:58,0.7804,1
American Robin,Turdus migratorius,2026-04-19T01:21:41Z,18-Apr-2026,18:21:41,0.33,1
American Robin,Turdus migratorius,2026-04-19T01:21:03Z,18-Apr-2026,18:21:03,0.56,1
American Robin,Turdus migratorius,2026-04-19T01:20:56Z,18-Apr-2026,18:20:56,0.4,1
American Robin,Turdus migratorius,2026-04-19T01:20:52Z,18-Apr-2026,18:20:52,0.8471,1
American Robin,Turdus migratorius,2026-04-19T01:20:37Z,18-Apr-2026,18:20:37,0.29,1
Northern Flicker,Colaptes auratus,2026-04-19T01:20:07Z,18-Apr-2026,18:20:07,0.45,1
Black-capped Chickadee,Poecile atricapillus,2026-04-19T01:20:03Z,18-Apr-2026,18:20:03,0.7804,1
Northern Flicker,Colaptes auratus,2026-04-19T01:19:56Z,18-Apr-2026,18:19:56,0.54,1
American Robin,Turdus migratorius,2026-04-19T01:19:26Z,18-Apr-2026,18:19:26,0.33,1
Downy Woodpecker,Dryobates pubescens,2026-04-19T01:18:42Z,18-Apr-2026,18:18:42,0.31,1
Black-capped Chickadee,Poecile atricapillus,2026-04-19T01:17:42Z,18-Apr-2026,18:17:42,0.9176,5
Black-capped Chickadee,Poecile atricapillus,2026-04-19T01:16:54Z,18-Apr-2026,18:16:54,0.28,1
Black-capped Chickadee,Poecile atricapillus,2026-04-19T01:16:40Z,18-Apr-2026,18:16:40,0.8,2
Black-capped Chickadee,Poecile atricapillus,2026-04-19T01:15:29Z,18-Apr-2026,18:15:29,0.8314,12
Black-capped Chickadee,Poecile atricapillus,2026-04-19T01:15:22Z,18-Apr-2026,18:15:22,0.31,1
Black-capped Chickadee,Poecile atricapillus,2026-04-19T01:14:59Z,18-Apr-2026,18:14:59,0.38,1
Black-capped Chickadee,Poecile atricapillus,2026-04-19T01:14:19Z,18-Apr-2026,18:14:19,0.8157,1
Black-capped Chickadee,Poecile atricapillus,2026-04-19T01:12:17Z,18-Apr-2026,18:12:17,0.8157,1
American Robin,Turdus migratorius,2026-04-19T01:10:56Z,18-Apr-2026,18:10:56,0.8,6
American Robin,Turdus migratorius,2026-04-19T01:10:51Z,18-Apr-2026,18:10:51,0.26,1
American Robin,Turdus migratorius,2026-04-19T01:10:06Z,18-Apr-2026,18:10:06,0.36,1
American Robin,Turdus migratorius,2026-04-19T01:09:46Z,18-Apr-2026,18:09:46,0.29,1
American Robin,Turdus migratorius,2026-04-19T01:09:39Z,18-Apr-2026,18:09:39,0.57,1
American Robin,Turdus migratorius,2026-04-19T01:08:44Z,18-Apr-2026,18:08:44,0.8863,5
American Robin,Turdus migratorius,2026-04-19T01:08:35Z,18-Apr-2026,18:08:35,0.63,1
American Robin,Turdus migratorius,2026-04-19T01:08:29Z,18-Apr-2026,18:08:29,0.52,1
American Robin,Turdus migratorius,2026-04-19T01:08:18Z,18-Apr-2026,18:08:18,0.53,1
American Robin,Turdus migratorius,2026-04-19T01:07:54Z,18-Apr-2026,18:07:54,0.27,1
American Robin,Turdus migratorius,2026-04-19T01:07:41Z,18-Apr-2026,18:07:41,0.9412,4
American Robin,Turdus migratorius,2026-04-19T01:07:34Z,18-Apr-2026,18:07:34,0.28,1
American Robin,Turdus migratorius,2026-04-19T01:07:24Z,18-Apr-2026,18:07:24,0.26,1
American Robin,Turdus migratorius,2026-04-19T01:07:17Z,18-Apr-2026,18:07:17,0.43,1
American Robin,Turdus migratorius,2026-04-19T01:07:07Z,18-Apr-2026,18:07:07,0.39,1
American Robin,Turdus migratorius,2026-04-19T01:06:54Z,18-Apr-2026,18:06:54,0.27,1
American Robin,Turdus migratorius,2026-04-19T01:06:47Z,18-Apr-2026,18:06:47,0.32,1
American Robin,Turdus migratorius,2026-04-19T01:06:36Z,18-Apr-2026,18:06:36,0.8,3
American Robin,Turdus migratorius,2026-04-19T01:05:28Z,18-Apr-2026,18:05:28,0.8,3
House Finch,Haemorhous mexicanus,2026-04-19T01:05:13Z,18-Apr-2026,18:05:13,0.8157,1
Bewick's Wren,Thryomanes bewickii,2026-04-19T01:05:08Z,18-Apr-2026,18:05:08,0.27,1
American Robin,Turdus migratorius,2026-04-19T01:04:14Z,18-Apr-2026,18:04:14,0.9098,1
American Robin,Turdus migratorius,2026-04-19T01:04:04Z,18-Apr-2026,18:04:04,0.26,1
American Robin,Turdus migratorius,2026-04-19T01:03:08Z,18-Apr-2026,18:03:08,0.8157,1
American Robin,Turdus migratorius,2026-04-19T01:02:06Z,18-Apr-2026,18:02:06,0.26,1
Red Crossbill,Loxia curvirostra,2026-04-19T00:59:15Z,18-Apr-2026,17:59:15,0.26,1
American Robin,Turdus migratorius,2026-04-19T00:56:44Z,18-Apr-2026,17:56:44,0.8863,1
American Robin,Turdus migratorius,2026-04-19T00:56:00Z,18-Apr-2026,17:56:00,0.28,1
Bewick's Wren,Thryomanes bewickii,2026-04-19T00:53:05Z,18-Apr-2026,17:53:05,0.35,1
Bewick's Wren,Thryomanes bewickii,2026-04-19T00:52:58Z,18-Apr-2026,17:52:58,0.84,1
Bewick's Wren,Thryomanes bewickii,2026-04-19T00:52:50Z,18-Apr-2026,17:52:50,0.68,1
House Finch,Haemorhous mexicanus,2026-04-19T00:52:17Z,18-Apr-2026,17:52:17,0.8314,1
American Robin,Turdus migratorius,2026-04-19T00:52:11Z,18-Apr-2026,17:52:11,0.8157,1
American Robin,Turdus migratorius,2026-04-19T00:51:45Z,18-Apr-2026,17:51:45,0.34,1
American Robin,Turdus migratorius,2026-04-19T00:51:10Z,18-Apr-2026,17:51:10,0.8745,1
American Robin,Turdus migratorius,2026-04-19T00:50:40Z,18-Apr-2026,17:50:40,0.26,1
American Robin,Turdus migratorius,2026-04-19T00:49:41Z,18-Apr-2026,17:49:41,0.9255,1
Bewick's Wren,Thryomanes bewickii,2026-04-19T00:48:53Z,18-Apr-2026,17:48:53,0.93,1
American Robin,Turdus migratorius,2026-04-19T00:48:38Z,18-Apr-2026,17:48:38,0.28,1
American Robin,Turdus migratorius,2026-04-19T00:48:34Z,18-Apr-2026,17:48:34,0.8471,1
Bewick's Wren,Thryomanes bewickii,2026-04-19T00:48:13Z,18-Apr-2026,17:48:13,0.53,1
Bewick's Wren,Thryomanes bewickii,2026-04-19T00:47:59Z,18-Apr-2026,17:47:59,0.9,1
Bewick's Wren,Thryomanes bewickii,2026-04-19T00:47:52Z,18-Apr-2026,17:47:52,0.47,1
Bewick's Wren,Thryomanes bewickii,2026-04-19T00:47:20Z,18-Apr-2026,17:47:20,0.69,1
American Robin,Turdus migratorius,2026-04-19T00:45:59Z,18-Apr-2026,17:45:59,0.8314,1
American Robin,Turdus migratorius,2026-04-19T00:44:53Z,18-Apr-2026,17:44:53,0.28,1
American Robin,Turdus migratorius,2026-04-19T00:44:42Z,18-Apr-2026,17:44:42,0.54,1
Bewick's Wren,Thryomanes bewickii,2026-04-19T00:43:53Z,18-Apr-2026,17:43:53,0.78,1
American Robin,Turdus migratorius,2026-04-19T00:43:46Z,18-Apr-2026,17:43:46,0.28,1
American Robin,Turdus migratorius,2026-04-19T00:42:20Z,18-Apr-2026,17:42:20,0.8,1
American Robin,Turdus migratorius,2026-04-19T00:42:09Z,18-Apr-2026,17:42:09,0.3,1
American Robin,Turdus migratorius,2026-04-19T00:41:56Z,18-Apr-2026,17:41:56,0.38,1
American Robin,Turdus migratorius,2026-04-19T00:41:45Z,18-Apr-2026,17:41:45,0.38,1
American Robin,Turdus migratorius,2026-04-19T00:41:02Z,18-Apr-2026,17:41:02,0.41,1
American Robin,Turdus migratorius,2026-04-19T00:40:11Z,18-Apr-2026,17:40:11,0.8,2
American Robin,Turdus migratorius,2026-04-19T00:36:00Z,18-Apr-2026,17:36:00,0.7804,3
Northern Flicker,Colaptes auratus,2026-04-19T00:34:32Z,18-Apr-2026,17:34:32,0.34,1
American Robin,Turdus migratorius,2026-04-19T00:34:24Z,18-Apr-2026,17:34:24,0.45,1
American Robin,Turdus migratorius,2026-04-19T00:34:13Z,18-Apr-2026,17:34:13,0.8314,1
Anna's Hummingbird,Calypte anna,2026-04-19T00:32:54Z,18-Apr-2026,17:32:54,0.8745,1
American Robin,Turdus migratorius,2026-04-19T00:32:32Z,18-Apr-2026,17:32:32,0.44,1
American Robin,Turdus migratorius,2026-04-19T00:32:27Z,18-Apr-2026,17:32:27,0.8157,2
Anna's Hummingbird,Calypte anna,2026-04-19T00:32:02Z,18-Apr-2026,17:32:02,0.77,1
Anna's Hummingbird,Calypte anna,2026-04-19T00:31:38Z,18-Apr-2026,17:31:38,0.79,1
Anna's Hummingbird,Calypte anna,2026-04-19T00:31:25Z,18-Apr-2026,17:31:25,0.9333,4
American Robin,Turdus migratorius,2026-04-19T00:31:03Z,18-Apr-2026,17:31:03,0.26,1
Anna's Hummingbird,Calypte anna,2026-04-19T00:30:53Z,18-Apr-2026,17:30:53,0.26,1
American Robin,Turdus migratorius,2026-04-19T00:30:27Z,18-Apr-2026,17:30:27,0.34,1
Anna's Hummingbird,Calypte anna,2026-04-19T00:30:22Z,18-Apr-2026,17:30:22,0.949,1
American Robin,Turdus migratorius,2026-04-19T00:30:18Z,18-Apr-2026,17:30:18,0.8627,2
American Robin,Turdus migratorius,2026-04-19T00:30:05Z,18-Apr-2026,17:30:05,0.26,1
Mountain Chickadee,Poecile gambeli,2026-04-19T00:26:43Z,18-Apr-2026,17:26:43,0.29,1
Black-capped Chickadee,Poecile atricapillus,2026-04-19T00:26:29Z,18-Apr-2026,17:26:29,0.8471,1
Bewick's Wren,Thryomanes bewickii,2026-04-19T00:23:33Z,18-Apr-2026,17:23:33,0.34,1
Bewick's Wren,Thryomanes bewickii,2026-04-19T00:23:20Z,18-Apr-2026,17:23:20,0.49,1
Bewick's Wren,Thryomanes bewickii,2026-04-19T00:23:13Z,18-Apr-2026,17:23:13,0.41,1
American Robin,Turdus migratorius,2026-04-19T00:22:58Z,18-Apr-2026,17:22:58,0.8745,1
House Finch,Haemorhous mexicanus,2026-04-19T00:20:26Z,18-Apr-2026,17:20:26,0.8157,1
House Finch,Haemorhous mexicanus,2026-04-19T00:17:23Z,18-Apr-2026,17:17:23,0.8,1
White-crowned Sparrow,Zonotrichia leucophrys,2026-04-19T00:16:09Z,18-Apr-2026,17:16:09,0.29,1
House Finch,Haemorhous mexicanus,2026-04-19T00:13:38Z,18-Apr-2026,17:13:38,0.8,1
American Robin,Turdus migratorius,2026-04-19T00:10:30Z,18-Apr-2026,17:10:30,0.28,1
American Robin,Turdus migratorius,2026-04-19T00:10:08Z,18-Apr-2026,17:10:08,0.3,1
American Robin,Turdus migratorius,2026-04-19T00:09:39Z,18-Apr-2026,17:09:39,0.42,1
American Robin,Turdus migratorius,2026-04-19T00:09:32Z,18-Apr-2026,17:09:32,0.7804,1
American Robin,Turdus migratorius,2026-04-19T00:08:38Z,18-Apr-2026,17:08:38,0.32,1
American Crow,Corvus brachyrhynchos,2026-04-19T00:08:34Z,18-Apr-2026,17:08:34,0.7804,1
American Robin,Turdus migratorius,2026-04-19T00:05:14Z,18-Apr-2026,17:05:14,0.46,1
American Robin,Turdus migratorius,2026-04-19T00:04:54Z,18-Apr-2026,17:04:54,0.8471,1
American Crow,Corvus brachyrhynchos,2026-04-19T00:03:44Z,18-Apr-2026,17:03:44,0.37,1
American Robin,Turdus migratorius,2026-04-19T00:01:32Z,18-Apr-2026,17:01:32,0.8627,3
American Robin,Turdus migratorius,2026-04-19T00:00:03Z,18-Apr-2026,17:00:03,0.41,1
