Species,Scientific Name,UTC Date,Local Date,Local Time,Score,Count
Steller's Jay,Cyanocitta stelleri,2026-05-04T23:59:12Z,04-May-2026,16:59:12,0.68,1
Northern Flicker,Colaptes auratus,2026-05-04T23:56:03Z,04-May-2026,16:56:03,0.32,1
Northern Flicker,Colaptes auratus,2026-05-04T23:55:56Z,04-May-2026,16:55:56,0.33,1
Black-capped Chickadee,Poecile atricapillus,2026-05-04T23:53:31Z,04-May-2026,16:53:31,0.8627,1
Bewick's Wren,Thryomanes bewickii,2026-05-04T23:49:09Z,04-May-2026,16:49:09,0.8,1
Bewick's Wren,Thryomanes bewickii,2026-05-04T23:49:02Z,04-May-2026,16:49:02,0.47,1
Bewick's Wren,Thryomanes bewickii,2026-05-04T23:48:55Z,04-May-2026,16:48:55,0.76,1
Bewick's Wren,Thryomanes bewickii,2026-05-04T23:48:48Z,04-May-2026,16:48:48,0.69,1
Bewick's Wren,Thryomanes bewickii,2026-05-04T23:48:41Z,04-May-2026,16:48:41,0.41,1
Bewick's Wren,Thryomanes bewickii,2026-05-04T23:47:10Z,04-May-2026,16:47:10,0.65,1
Bewick's Wren,Thryomanes bewickii,2026-05-04T23:46:42Z,04-May-2026,16:46:42,0.51,1
Downy Woodpecker,Dryobates pubescens,2026-05-04T23:45:26Z,04-May-2026,16:45:26,0.4,1
American Robin,Turdus migratorius,2026-05-04T23:45:19Z,04-May-2026,16:45:19,0.34,1
Bewick's Wren,Thryomanes bewickii,2026-05-04T23:44:53Z,04-May-2026,16:44:53,0.6,1
Bewick's Wren,Thryomanes bewickii,2026-05-04T23:44:38Z,04-May-2026,16:44:38,0.58,1
American Robin,Turdus migratorius,2026-05-04T23:44:21Z,04-May-2026,16:44:21,0.7804,1
Bewick's Wren,Thryomanes bewickii,2026-05-04T23:43:29Z,04-May-2026,16:43:29,0.39,1
American Robin,Turdus migratorius,2026-05-04T23:42:19Z,04-May-2026,16:42:19,0.4,1
American Robin,Turdus migratorius,2026-05-04T23:42:05Z,04-May-2026,16:42:05,0.28,1
Violet-green Swallow,Tachycineta thalassina,2026-05-04T23:41:58Z,04-May-2026,16:41:58,0.85,1
American Robin,Turdus migratorius,2026-05-04T23:41:46Z,04-May-2026,16:41:46,0.7804,1
American Robin,Turdus migratorius,2026-05-04T23:41:41Z,04-May-2026,16:41:41,0.55,1
American Robin,Turdus migratorius,2026-05-04T23:40:23Z,04-May-2026,16:40:23,0.48,1
American Robin,Turdus migratorius,2026-05-04T23:40:16Z,04-May-2026,16:40:16,0.26,1
American Robin,Turdus migratorius,2026-05-04T23:39:25Z,04-May-2026,16:39:25,0.37,1
Bewick's Wren,Thryomanes bewickii,2026-05-04T23:36:38Z,04-May-2026,16:36:38,0.29,1
Bewick's Wren,Thryomanes bewickii,2026-05-04T23:36:31Z,04-May-2026,16:36:31,0.49,1
Orange-crowned Warbler,Leiothlypis celata,2026-05-04T23:33:50Z,04-May-2026,16:33:50,0.31,1
Bewick's Wren,Thryomanes bewickii,2026-05-04T23:33:31Z,04-May-2026,16:33:31,0.46,1
Bewick's Wren,Thryomanes bewickii,2026-05-04T23:32:27Z,04-May-2026,16:32:27,0.47,1
House Finch,Haemorhous mexicanus,2026-05-04T23:31:47Z,04-May-2026,16:31:47,0.49,1
Red-breasted Nuthatch,Sitta canadensis,2026-05-04T23:30:55Z,04-May-2026,16:30:55,0.3,1
House Finch,Haemorhous mexicanus,2026-05-04T23:30:40Z,04-May-2026,16:30:40,0.8471,2
Red-breasted Nuthatch,Sitta canadensis,2026-05-04T23:30:22Z,04-May-2026,16:30:22,0.33,1
Red-breasted Nuthatch,Sitta canadensis,2026-05-04T23:30:14Z,04-May-2026,16:30:14,0.55,1
Red-breasted Nuthatch,Sitta canadensis,2026-05-04T23:30:04Z,04-May-2026,16:30:04,0.42,1
Red-breasted Nuthatch,Sitta canadensis,2026-05-04T23:29:49Z,04-May-2026,16:29:49,0.44,1
Red-breasted Nuthatch,Sitta canadensis,2026-05-04T23:29:42Z,04-May-2026,16:29:42,0.5,1
House Finch,Haemorhous mexicanus,2026-05-04T23:29:24Z,04-May-2026,16:29:24,0.8745,5
Fox Sparrow,Passerella iliaca,2026-05-04T23:29:12Z,04-May-2026,16:29:12,0.45,1
House Finch,Haemorhous mexicanus,2026-05-04T23:28:37Z,04-May-2026,16:28:37,0.56,1
House Finch,Haemorhous mexicanus,2026-05-04T23:28:09Z,04-May-2026,16:28:09,0.8863,1
Bewick's Wren,Thryomanes bewickii,2026-05-04T23:22:11Z,04-May-2026,16:22:11,0.76,1
Bewick's Wren,Thryomanes bewickii,2026-05-04T23:22:01Z,04-May-2026,16:22:01,0.6,1
Bewick's Wren,Thryomanes bewickii,2026-05-04T23:21:53Z,04-May-2026,16:21:53,0.35,1
Bewick's Wren,Thryomanes bewickii,2026-05-04T23:21:27Z,04-May-2026,16:21:27,0.62,1
Bewick's Wren,Thryomanes bewickii,2026-05-04T23:20:50Z,04-May-2026,16:20:50,0.48,1
Violet-green Swallow,Tachycineta thalassina,2026-05-04T23:20:21Z,04-May-2026,16:20:21,0.86,1
Bewick's Wren,Thryomanes bewickii,2026-05-04T23:19:57Z,04-May-2026,16:19:57,0.65,1
Bewick's Wren,Thryomanes bewickii,2026-05-04T23:19:50Z,04-May-2026,16:19:50,0.67,1
Bewick's Wren,Thryomanes bewickii,2026-05-04T23:19:15Z,04-May-2026,16:19:15,0.52,1
Bewick's Wren,Thryomanes bewickii,2026-05-04T23:18:53Z,04-May-2026,16:18:53,0.51,1
Bewick's Wren,Thryomanes bewickii,2026-05-04T23:18:45Z,04-May-2026,16:18:45,0.39,1
Bewick's Wren,Thryomanes bewickii,2026-05-04T23:18:00Z,04-May-2026,16:18:00,0.64,1
Bewick's Wren,Thryomanes bewickii,2026-05-04T23:17:53Z,04-May-2026,16:17:53,0.46,1
House Finch,Haemorhous mexicanus,2026-05-04T23:11:57Z,04-May-2026,16:11:57,0.8157,1
Black-capped Chickadee,Poecile atricapillus,2026-05-04T23:02:22Z,04-May-2026,16:02:22,0.898,1
Bewick's Wren,Thryomanes bewickii,2026-05-04T23:00:40Z,04-May-2026,16:00:40,0.52,1
Fox Sparrow,Passerella iliaca,2026-05-04T22:58:14Z,04-May-2026,15:58:14,0.28,1
Dark-eyed Junco,Junco hyemalis,2026-05-04T22:57:33Z,04-May-2026,15:57:33,0.29,1
Dark-eyed Junco,Junco hyemalis,2026-05-04T22:57:08Z,04-May-2026,15:57:08,0.41,1
Bewick's Wren,Thryomanes bewickii,2026-05-04T22:55:20Z,04-May-2026,15:55:20,0.7,1
Bewick's Wren,Thryomanes bewickii,2026-05-04T22:51:11Z,04-May-2026,15:51:11,0.54,1
Bewick's Wren,Thryomanes bewickii,2026-05-04T22:50:54Z,04-May-2026,15:50:54,0.28,1
Bewick's Wren,Thryomanes bewickii,2026-05-04T22:50:04Z,04-May-2026,15:50:04,0.4,1
Bewick's Wren,Thryomanes bewickii,2026-05-04T22:49:50Z,04-May-2026,15:49:50,0.27,1
Bewick's Wren,Thryomanes bewickii,2026-05-04T22:49:30Z,04-May-2026,15:49:30,0.51,1
Bewick's Wren,Thryomanes bewickii,2026-05-04T22:49:07Z,04-May-2026,15:49:07,0.37,1
Bewick's Wren,Thryomanes bewickii,2026-05-04T22:47:53Z,04-May-2026,15:47:53,0.47,1
Bewick's Wren,Thryomanes bewickii,2026-05-04T22:47:02Z,04-May-2026,15:47:02,0.31,1
House Finch,Haemorhous mexicanus,2026-05-04T22:42:14Z,04-May-2026,15:42:14,0.8471,1
House Finch,Haemorhous mexicanus,2026-05-04T22:41:02Z,04-May-2026,15:41:02,0.8627,1
House Finch,Haemorhous mexicanus,2026-05-04T22:38:56Z,04-May-2026,15:38:56,0.31,1
American Robin,Turdus migratorius,2026-05-04T22:38:19Z,04-May-2026,15:38:19,0.36,1
American Robin,Turdus migratorius,2026-05-04T22:38:07Z,04-May-2026,15:38:07,0.8314,1
House Finch,Haemorhous mexicanus,2026-05-04T22:38:03Z,04-May-2026,15:38:03,0.898,1
House Finch,Haemorhous mexicanus,2026-05-04T22:36:02Z,04-May-2026,15:36:02,0.28,1
American Robin,Turdus migratorius,2026-05-04T22:35:01Z,04-May-2026,15:35:01,0.8,1
American Robin,Turdus migratorius,2026-05-04T22:33:02Z,04-May-2026,15:33:02,0.43,1
House Finch,Haemorhous mexicanus,2026-05-04T22:32:13Z,04-May-2026,15:32:13,0.36,1
House Finch,Haemorhous mexicanus,2026-05-04T22:31:58Z,04-May-2026,15:31:58,0.7804,8
House Finch,Haemorhous mexicanus,2026-05-04T22:31:30Z,04-May-2026,15:31:30,0.43,1
House Finch,Haemorhous mexicanus,2026-05-04T22:31:20Z,04-May-2026,15:31:20,0.42,1
House Finch,Haemorhous mexicanus,2026-05-04T22:30:51Z,04-May-2026,15:30:51,0.9333,8
House Finch,Haemorhous mexicanus,2026-05-04T22:30:34Z,04-May-2026,15:30:34,0.26,1
House Finch,Haemorhous mexicanus,2026-05-04T22:29:38Z,04-May-2026,15:29:38,0.9176,10
House Finch,Haemorhous mexicanus,2026-05-04T22:28:31Z,04-May-2026,15:28:31,0.9255,3
House Finch,Haemorhous mexicanus,2026-05-04T22:28:20Z,04-May-2026,15:28:20,0.31,1
House Finch,Haemorhous mexicanus,2026-05-04T22:27:26Z,04-May-2026,15:27:26,0.8863,1
American Robin,Turdus migratorius,2026-05-04T22:24:55Z,04-May-2026,15:24:55,0.26,1
House Finch,Haemorhous mexicanus,2026-05-04T22:23:22Z,04-May-2026,15:23:22,0.8471,1
House Finch,Haemorhous mexicanus,2026-05-04T22:23:18Z,04-May-2026,15:23:18,0.35,1
Bushtit,Psaltriparus minimus,2026-05-04T22:16:04Z,04-May-2026,15:16:04,0.71,1
American Robin,Turdus migratorius,2026-05-04T22:11:17Z,04-May-2026,15:11:17,0.34,1
American Robin,Turdus migratorius,2026-05-04T22:10:13Z,04-May-2026,15:10:13,0.48,1
American Robin,Turdus migratorius,2026-05-04T22:09:36Z,04-May-2026,15:09:36,0.48,1
American Robin,Turdus migratorius,2026-05-04T22:09:29Z,04-May-2026,15:09:29,0.26,1
American Robin,Turdus migratorius,2026-05-04T22:09:13Z,04-May-2026,15:09:13,0.32,1
American Robin,Turdus migratorius,2026-05-04T22:09:04Z,04-May-2026,15:09:04,0.45,1
American Robin,Turdus migratorius,2026-05-04T22:08:54Z,04-May-2026,15:08:54,0.64,1
American Robin,Turdus migratorius,2026-05-04T22:08:40Z,04-May-2026,15:08:40,0.45,1
American Robin,Turdus migratorius,2026-05-04T22:08:35Z,04-May-2026,15:08:35,0.9176,1
American Robin,Turdus migratorius,2026-05-04T22:08:25Z,04-May-2026,15:08:25,0.76,1
American Robin,Turdus migratorius,2026-05-04T22:08:07Z,04-May-2026,15:08:07,0.38,1
American Robin,Turdus migratorius,2026-05-04T22:07:59Z,04-May-2026,15:07:59,0.33,1
American Robin,Turdus migratorius,2026-05-04T22:07:42Z,04-May-2026,15:07:42,0.37,1
American Robin,Turdus migratorius,2026-05-04T22:06:55Z,04-May-2026,15:06:55,0.8,1
American Crow,Corvus brachyrhynchos,2026-05-04T22:06:00Z,04-May-2026,15:06:00,0.8471,1
American Robin,Turdus migratorius,2026-05-04T22:05:46Z,04-May-2026,15:05:46,0.34,1
Dark-eyed Junco,Junco hyemalis,2026-05-04T22:04:14Z,04-May-2026,15:04:14,0.29,1
American Robin,Turdus migratorius,2026-05-04T22:02:55Z,04-May-2026,15:02:55,0.35,1
American Robin,Turdus migratorius,2026-05-04T22:02:03Z,04-May-2026,15:02:03,0.35,1
American Robin,Turdus migratorius,2026-05-04T22:01:59Z,04-May-2026,15:01:59,0.8157,2
American Robin,Turdus migratorius,2026-05-04T22:01:01Z,04-May-2026,15:01:01,0.72,1
American Robin,Turdus migratorius,2026-05-04T22:00:54Z,04-May-2026,15:00:54,0.8471,1
American Robin,Turdus migratorius,2026-05-04T22:00:44Z,04-May-2026,15:00:44,0.58,1
American Robin,Turdus migratorius,2026-05-04T22:00:31Z,04-May-2026,15:00:31,0.4,1
American Robin,Turdus migratorius,2026-05-04T21:56:12Z,04-May-2026,14:56:12,0.47,1
American Robin,Turdus migratorius,2026-05-04T21:55:57Z,04-May-2026,14:55:57,0.37,1
American Robin,Turdus migratorius,2026-05-04T21:55:28Z,04-May-2026,14:55:28,0.8471,1
Bewick's Wren,Thryomanes bewickii,2026-05-04T21:53:34Z,04-May-2026,14:53:34,0.31,1
Bewick's Wren,Thryomanes bewickii,2026-05-04T21:52:26Z,04-May-2026,14:52:26,0.5,1
American Robin,Turdus migratorius,2026-05-04T21:48:31Z,04-May-2026,14:48:31,0.26,1
Bewick's Wren,Thryomanes bewickii,2026-05-04T21:46:19Z,04-May-2026,14:46:19,0.61,1
Bewick's Wren,Thryomanes bewickii,2026-05-04T21:46:12Z,04-May-2026,14:46:12,0.55,1
Bewick's Wren,Thryomanes bewickii,2026-05-04T21:46:05Z,04-May-2026,14:46:05,0.57,1
Bewick's Wren,Thryomanes bewickii,2026-05-04T21:45:51Z,04-May-2026,14:45:51,0.27,1
Bewick's Wren,Thryomanes bewickii,2026-05-04T21:45:45Z,04-May-2026,14:45:45,0.69,1
Bewick's Wren,Thryomanes bewickii,2026-05-04T21:45:28Z,04-May-2026,14:45:28,0.66,1
Bewick's Wren,Thryomanes bewickii,2026-05-04T21:45:04Z,04-May-2026,14:45:04,0.66,1
Bewick's Wren,Thryomanes bewickii,2026-05-04T21:44:37Z,04-May-2026,14:44:37,0.47,1
Downy Woodpecker,Dryobates pubescens,2026-05-04T21:43:43Z,04-May-2026,14:43:43,0.3,1
Black-capped Chickadee,Poecile atricapillus,2026-05-04T21:40:55Z,04-May-2026,14:40:55,0.8471,2
Bewick's Wren,Thryomanes bewickii,2026-05-04T21:39:36Z,04-May-2026,14:39:36,0.78,1
Black-capped Chickadee,Poecile atricapillus,2026-05-04T21:39:20Z,04-May-2026,14:39:20,0.7804,2
Bewick's Wren,Thryomanes bewickii,2026-05-04T21:39:10Z,04-May-2026,14:39:10,0.69,1
Black-capped Chickadee,Poecile atricapillus,2026-05-04T21:37:31Z,04-May-2026,14:37:31,0.8157,1
Bewick's Wren,Thryomanes bewickii,2026-05-04T21:36:55Z,04-May-2026,14:36:55,0.56,1
Bewick's Wren,Thryomanes bewickii,2026-05-04T21:36:25Z,04-May-2026,14:36:25,0.45,1
Bewick's Wren,Thryomanes bewickii,2026-05-04T21:36:11Z,04-May-2026,14:36:11,0.63,1
Chestnut-backed Chickadee,Poecile rufescens,2026-05-04T21:35:22Z,04-May-2026,14:35:22,0.85,1
Chestnut-backed Chickadee,Poecile rufescens,2026-05-04T21:35:07Z,04-May-2026,14:35:07,0.9255,3
Bewick's Wren,Thryomanes bewickii,2026-05-04T21:34:10Z,04-May-2026,14:34:10,0.78,1
Chestnut-backed Chickadee,Poecile rufescens,2026-05-04T21:34:02Z,04-May-2026,14:34:02,0.8471,3
Chestnut-backed Chickadee,Poecile rufescens,2026-05-04T21:33:43Z,04-May-2026,14:33:43,0.49,1
Chestnut-backed Chickadee,Poecile rufescens,2026-05-04T21:33:35Z,04-May-2026,14:33:35,0.46,1
Chestnut-backed Chickadee,Poecile rufescens,2026-05-04T21:33:28Z,04-May-2026,14:33:28,0.48,1
Chestnut-backed Chickadee,Poecile rufescens,2026-05-04T21:32:53Z,04-May-2026,14:32:53,0.31,1
Chestnut-backed Chickadee,Poecile rufescens,2026-05-04T21:32:46Z,04-May-2026,14:32:46,0.8157,5
Chestnut-backed Chickadee,Poecile rufescens,2026-05-04T21:31:25Z,04-May-2026,14:31:25,0.55,1
Chestnut-backed Chickadee,Poecile rufescens,2026-05-04T21:31:21Z,04-May-2026,14:31:21,0.9412,1
Bewick's Wren,Thryomanes bewickii,2026-05-04T21:31:10Z,04-May-2026,14:31:10,0.41,1
Bewick's Wren,Thryomanes bewickii,2026-05-04T21:28:16Z,04-May-2026,14:28:16,0.61,1
Bewick's Wren,Thryomanes bewickii,2026-05-04T21:28:00Z,04-May-2026,14:28:00,0.78,1
Bewick's Wren,Thryomanes bewickii,2026-05-04T21:27:43Z,04-May-2026,14:27:43,0.27,1
Bewick's Wren,Thryomanes bewickii,2026-05-04T21:27:20Z,04-May-2026,14:27:20,0.86,1
Dark-eyed Junco,Junco hyemalis,2026-05-04T21:27:01Z,04-May-2026,14:27:01,0.67,1
Bewick's Wren,Thryomanes bewickii,2026-05-04T21:25:19Z,04-May-2026,14:25:19,0.63,1
Bewick's Wren,Thryomanes bewickii,2026-05-04T21:24:35Z,04-May-2026,14:24:35,0.7,1
Bewick's Wren,Thryomanes bewickii,2026-05-04T21:24:28Z,04-May-2026,14:24:28,0.87,1
Bewick's Wren,Thryomanes bewickii,2026-05-04T21:23:37Z,04-May-2026,14:23:37,0.53,1
Bewick's Wren,Thryomanes bewickii,2026-05-04T21:23:30Z,04-May-2026,14:23:30,0.64,1
Bewick's Wren,Thryomanes bewickii,2026-05-04T21:23:23Z,04-May-2026,14:23:23,0.28,1
Bewick's Wren,Thryomanes bewickii,2026-05-04T21:22:26Z,04-May-2026,14:22:26,0.65,1
Bewick's Wren,Thryomanes bewickii,2026-05-04T21:21:48Z,04-May-2026,14:21:48,0.71,1
Bewick's Wren,Thryomanes bewickii,2026-05-04T21:21:40Z,04-May-2026,14:21:40,0.84,1
Bewick's Wren,Thryomanes bewickii,2026-05-04T21:21:01Z,04-May-2026,14:21:01,0.38,1
Bewick's Wren,Thryomanes bewickii,2026-05-04T21:19:52Z,04-May-2026,14:19:52,0.61,1
Bewick's Wren,Thryomanes bewickii,2026-05-04T21:19:11Z,04-May-2026,14:19:11,0.67,1
Bewick's Wren,Thryomanes bewickii,2026-05-04T21:18:52Z,04-May-2026,14:18:52,0.88,1
Bewick's Wren,Thryomanes bewickii,2026-05-04T21:18:39Z,04-May-2026,14:18:39,0.42,1
Bewick's Wren,Thryomanes bewickii,2026-05-04T21:18:29Z,04-May-2026,14:18:29,0.63,1
Bewick's Wren,Thryomanes bewickii,2026-05-04T21:18:22Z,04-May-2026,14:18:22,0.83,1
Bewick's Wren,Thryomanes bewickii,2026-05-04T21:18:12Z,04-May-2026,14:18:12,0.42,1
Bewick's Wren,Thryomanes bewickii,2026-05-04T21:18:05Z,04-May-2026,14:18:05,0.26,1
Bewick's Wren,Thryomanes bewickii,2026-05-04T21:17:43Z,04-May-2026,14:17:43,0.65,1
Bewick's Wren,Thryomanes bewickii,2026-05-04T21:17:16Z,04-May-2026,14:17:16,0.55,1
Bewick's Wren,Thryomanes bewickii,2026-05-04T21:17:01Z,04-May-2026,14:17:01,0.59,1
Bewick's Wren,Thryomanes bewickii,2026-05-04T21:16:32Z,04-May-2026,14:16:32,0.82,1
Bewick's Wren,Thryomanes bewickii,2026-05-04T21:16:19Z,04-May-2026,14:16:19,0.49,1
Bewick's Wren,Thryomanes bewickii,2026-05-04T21:15:13Z,04-May-2026,14:15:13,0.94,1
Chestnut-backed Chickadee,Poecile rufescens,2026-05-04T21:14:11Z,04-May-2026,14:14:11,0.898,1
Chestnut-backed Chickadee,Poecile rufescens,2026-05-04T21:13:47Z,04-May-2026,14:13:47,0.61,1
Chestnut-backed Chickadee,Poecile rufescens,2026-05-04T21:13:41Z,04-May-2026,14:13:41,0.56,1
Chestnut-backed Chickadee,Poecile rufescens,2026-05-04T21:12:44Z,04-May-2026,14:12:44,0.9255,7
Chestnut-backed Chickadee,Poecile rufescens,2026-05-04T21:12:40Z,04-May-2026,14:12:40,0.48,1
Chestnut-backed Chickadee,Poecile rufescens,2026-05-04T21:12:08Z,04-May-2026,14:12:08,0.7,1
Chestnut-backed Chickadee,Poecile rufescens,2026-05-04T21:11:43Z,04-May-2026,14:11:43,0.9255,7
Chestnut-backed Chickadee,Poecile rufescens,2026-05-04T21:10:59Z,04-May-2026,14:10:59,0.62,1
Chestnut-backed Chickadee,Poecile rufescens,2026-05-04T21:10:41Z,04-May-2026,14:10:41,0.898,1
White-crowned Sparrow,Zonotrichia leucophrys,2026-05-04T21:09:51Z,04-May-2026,14:09:51,0.27,1
House Finch,Haemorhous mexicanus,2026-05-04T21:05:06Z,04-May-2026,14:05:06,0.9098,1
House Finch,Haemorhous mexicanus,2026-05-04T21:04:30Z,04-May-2026,14:04:30,0.4,1
American Dipper,Cinclus mexicanus,2026-05-04T21:04:23Z,04-May-2026,14:04:23,0.27,1
House Finch,Haemorhous mexicanus,2026-05-04T20:55:44Z,04-May-2026,13:55:44,0.8157,1
Chestnut-backed Chickadee,Poecile rufescens,2026-05-04T20:51:46Z,04-May-2026,13:51:46,0.44,1
Chestnut-backed Chickadee,Poecile rufescens,2026-05-04T20:51:27Z,04-May-2026,13:51:27,0.43,1
Chestnut-backed Chickadee,Poecile rufescens,2026-05-04T20:51:15Z,04-May-2026,13:51:15,0.8863,1
Chestnut-backed Chickadee,Poecile rufescens,2026-05-04T20:50:04Z,04-May-2026,13:50:04,0.28,1
House Finch,Haemorhous mexicanus,2026-05-04T20:49:35Z,04-May-2026,13:49:35,0.8,2
Chestnut-backed Chickadee,Poecile rufescens,2026-05-04T20:49:19Z,04-May-2026,13:49:19,0.8863,5
House Finch,Haemorhous mexicanus,2026-05-04T20:48:49Z,04-May-2026,13:48:49,0.28,1
Chestnut-backed Chickadee,Poecile rufescens,2026-05-04T20:48:17Z,04-May-2026,13:48:17,0.8745,1
House Finch,Haemorhous mexicanus,2026-05-04T20:47:50Z,04-May-2026,13:47:50,0.7804,1
Chestnut-backed Chickadee,Poecile rufescens,2026-05-04T20:47:34Z,04-May-2026,13:47:34,0.54,1
Chestnut-backed Chickadee,Poecile rufescens,2026-05-04T20:46:53Z,04-May-2026,13:46:53,0.29,1
House Finch,Haemorhous mexicanus,2026-05-04T20:46:43Z,04-May-2026,13:46:43,0.8314,1
Chestnut-backed Chickadee,Poecile rufescens,2026-05-04T20:46:35Z,04-May-2026,13:46:35,0.32,1
Chestnut-backed Chickadee,Poecile rufescens,2026-05-04T20:46:25Z,04-May-2026,13:46:25,0.44,1
Chestnut-backed Chickadee,Poecile rufescens,2026-05-04T20:46:11Z,04-May-2026,13:46:11,0.42,1
Chestnut-backed Chickadee,Poecile rufescens,2026-05-04T20:46:01Z,04-May-2026,13:46:01,0.9765,1
White-crowned Sparrow,Zonotrichia leucophrys,2026-05-04T20:44:41Z,04-May-2026,13:44:41,0.54,1
House Finch,Haemorhous mexicanus,2026-05-04T20:43:58Z,04-May-2026,13:43:58,0.8471,1
White-crowned Sparrow,Zonotrichia leucophrys,2026-05-04T20:42:38Z,04-May-2026,13:42:38,0.35,1
Bewick's Wren,Thryomanes bewickii,2026-05-04T20:42:10Z,04-May-2026,13:42:10,0.32,1
Bewick's Wren,Thryomanes bewickii,2026-05-04T20:41:55Z,04-May-2026,13:41:55,0.49,1
Bewick's Wren,Thryomanes bewickii,2026-05-04T20:41:41Z,04-May-2026,13:41:41,0.29,1
Bewick's Wren,Thryomanes bewickii,2026-05-04T20:41:32Z,04-May-2026,13:41:32,0.65,1
Dark-eyed Junco,Junco hyemalis,2026-05-04T20:41:02Z,04-May-2026,13:41:02,0.26,1
Black-capped Chickadee,Poecile atricapillus,2026-05-04T20:40:48Z,04-May-2026,13:40:48,0.7804,1
Bewick's Wren,Thryomanes bewickii,2026-05-04T20:40:41Z,04-May-2026,13:40:41,0.62,1
Bewick's Wren,Thryomanes bewickii,2026-05-04T20:39:40Z,04-May-2026,13:39:40,0.41,1
Bewick's Wren,Thryomanes bewickii,2026-05-04T20:39:33Z,04-May-2026,13:39:33,0.59,1
Red-breasted Nuthatch,Sitta canadensis,2026-05-04T20:39:19Z,04-May-2026,13:39:19,0.43,1
Bewick's Wren,Thryomanes bewickii,2026-05-04T20:39:10Z,04-May-2026,13:39:10,0.5,1
Bewick's Wren,Thryomanes bewickii,2026-05-04T20:39:03Z,04-May-2026,13:39:03,0.84,1
Bewick's Wren,Thryomanes bewickii,2026-05-04T20:38:56Z,04-May-2026,13:38:56,0.41,1
Bewick's Wren,Thryomanes bewickii,2026-05-04T20:38:39Z,04-May-2026,13:38:39,0.48,1
Bewick's Wren,Thryomanes bewickii,2026-05-04T20:38:32Z,04-May-2026,13:38:32,0.67,1
Bewick's Wren,Thryomanes bewickii,2026-05-04T20:38:22Z,04-May-2026,13:38:22,0.34,1
Bewick's Wren,Thryomanes bewickii,2026-05-04T20:38:14Z,04-May-2026,13:38:14,0.78,1
Bewick's Wren,Thryomanes bewickii,2026-05-04T20:37:25Z,04-May-2026,13:37:25,0.72,1
Red-breasted Nuthatch,Sitta canadensis,2026-05-04T20:37:11Z,04-May-2026,13:37:11,0.61,1
Red-breasted Nuthatch,Sitta canadensis,2026-05-04T20:37:06Z,04-May-2026,13:37:06,0.33,1
Red-breasted Nuthatch,Sitta canadensis,2026-05-04T20:36:59Z,04-May-2026,13:36:59,0.57,1
Red-breasted Nuthatch,Sitta canadensis,2026-05-04T20:36:50Z,04-May-2026,13:36:50,0.33,1
Red-breasted Nuthatch,Sitta canadensis,2026-05-04T20:36:40Z,04-May-2026,13:36:40,0.53,1
Red-breasted Nuthatch,Sitta canadensis,2026-05-04T20:36:34Z,04-May-2026,13:36:34,0.34,1
Red-breasted Nuthatch,Sitta canadensis,2026-05-04T20:35:07Z,04-May-2026,13:35:07,0.77,1
Red-breasted Nuthatch,Sitta canadensis,2026-05-04T20:34:43Z,04-May-2026,13:34:43,0.77,1
Bewick's Wren,Thryomanes bewickii,2026-05-04T20:34:35Z,04-May-2026,13:34:35,0.55,1
Red-breasted Nuthatch,Sitta canadensis,2026-05-04T20:34:25Z,04-May-2026,13:34:25,0.28,1
Red-breasted Nuthatch,Sitta canadensis,2026-05-04T20:34:16Z,04-May-2026,13:34:16,0.57,1
Red-breasted Nuthatch,Sitta canadensis,2026-05-04T20:34:09Z,04-May-2026,13:34:09,0.36,1
Red-breasted Nuthatch,Sitta canadensis,2026-05-04T20:34:02Z,04-May-2026,13:34:02,0.72,1
Red-breasted Nuthatch,Sitta canadensis,2026-05-04T20:33:51Z,04-May-2026,13:33:51,0.53,1
Bewick's Wren,Thryomanes bewickii,2026-05-04T20:33:34Z,04-May-2026,13:33:34,0.39,1
Bewick's Wren,Thryomanes bewickii,2026-05-04T20:33:07Z,04-May-2026,13:33:07,0.65,1
Bewick's Wren,Thryomanes bewickii,2026-05-04T20:32:51Z,04-May-2026,13:32:51,0.39,1
Red-breasted Nuthatch,Sitta canadensis,2026-05-04T20:32:25Z,04-May-2026,13:32:25,0.59,1
Red-breasted Nuthatch,Sitta canadensis,2026-05-04T20:32:19Z,04-May-2026,13:32:19,0.56,1
Red-breasted Nuthatch,Sitta canadensis,2026-05-04T20:32:11Z,04-May-2026,13:32:11,0.79,1
Red-breasted Nuthatch,Sitta canadensis,2026-05-04T20:32:04Z,04-May-2026,13:32:04,0.83,1
Red-breasted Nuthatch,Sitta canadensis,2026-05-04T20:31:58Z,04-May-2026,13:31:58,0.92,1
Red-breasted Nuthatch,Sitta canadensis,2026-05-04T20:31:51Z,04-May-2026,13:31:51,0.66,1
Red-breasted Nuthatch,Sitta canadensis,2026-05-04T20:31:44Z,04-May-2026,13:31:44,0.62,1
Red-breasted Nuthatch,Sitta canadensis,2026-05-04T20:31:38Z,04-May-2026,13:31:38,0.48,1
Red-breasted Nuthatch,Sitta canadensis,2026-05-04T20:31:32Z,04-May-2026,13:31:32,0.88,1
Red-breasted Nuthatch,Sitta canadensis,2026-05-04T20:31:24Z,04-May-2026,13:31:24,0.73,1
Red-breasted Nuthatch,Sitta canadensis,2026-05-04T20:31:03Z,04-May-2026,13:31:03,0.95,1
Red-breasted Nuthatch,Sitta canadensis,2026-05-04T20:30:57Z,04-May-2026,13:30:57,0.92,1
Red-breasted Nuthatch,Sitta canadensis,2026-05-04T20:30:50Z,04-May-2026,13:30:50,0.69,1
Red-breasted Nuthatch,Sitta canadensis,2026-05-04T20:30:43Z,04-May-2026,13:30:43,0.84,1
Bewick's Wren,Thryomanes bewickii,2026-05-04T20:28:27Z,04-May-2026,13:28:27,0.53,1
House Finch,Haemorhous mexicanus,2026-05-04T20:26:17Z,04-May-2026,13:26:17,0.3,1
House Finch,Haemorhous mexicanus,2026-05-04T20:25:37Z,04-May-2026,13:25:37,0.9098,2
House Finch,Haemorhous mexicanus,2026-05-04T20:24:32Z,04-May-2026,13:24:32,0.8,1
Bewick's Wren,Thryomanes bewickii,2026-05-04T20:23:17Z,04-May-2026,13:23:17,0.32,1
House Finch,Haemorhous mexicanus,2026-05-04T20:22:07Z,04-May-2026,13:22:07,0.48,1
House Finch,Haemorhous mexicanus,2026-05-04T20:20:51Z,04-May-2026,13:20:51,0.8627,1
House Finch,Haemorhous mexicanus,2026-05-04T20:20:47Z,04-May-2026,13:20:47,0.27,1
House Finch,Haemorhous mexicanus,2026-05-04T20:20:36Z,04-May-2026,13:20:36,0.34,1
House Finch,Haemorhous mexicanus,2026-05-04T20:18:15Z,04-May-2026,13:18:15,0.8314,1
Black-capped Chickadee,Poecile atricapillus,2026-05-04T20:17:56Z,04-May-2026,13:17:56,0.8745,1
Bewick's Wren,Thryomanes bewickii,2026-05-04T20:16:40Z,04-May-2026,13:16:40,0.62,1
Bewick's Wren,Thryomanes bewickii,2026-05-04T20:16:32Z,04-May-2026,13:16:32,0.49,1
Bewick's Wren,Thryomanes bewickii,2026-05-04T20:15:14Z,04-May-2026,13:15:14,0.49,1
Bewick's Wren,Thryomanes bewickii,2026-05-04T20:15:07Z,04-May-2026,13:15:07,0.76,1
Bewick's Wren,Thryomanes bewickii,2026-05-04T20:14:59Z,04-May-2026,13:14:59,0.51,1
Bewick's Wren,Thryomanes bewickii,2026-05-04T20:14:01Z,04-May-2026,13:14:01,0.38,1
Dark-eyed Junco,Junco hyemalis,2026-05-04T20:13:54Z,04-May-2026,13:13:54,0.34,1
Bewick's Wren,Thryomanes bewickii,2026-05-04T20:13:19Z,04-May-2026,13:13:19,0.33,1
Bewick's Wren,Thryomanes bewickii,2026-05-04T20:13:10Z,04-May-2026,13:13:10,0.46,1
Bewick's Wren,Thryomanes bewickii,2026-05-04T20:13:00Z,04-May-2026,13:13:00,0.27,1
Bewick's Wren,Thryomanes bewickii,2026-05-04T20:12:36Z,04-May-2026,13:12:36,0.28,1
House Finch,Haemorhous mexicanus,2026-05-04T20:11:50Z,04-May-2026,13:11:50,0.8157,4
Bewick's Wren,Thryomanes bewickii,2026-05-04T20:10:37Z,04-May-2026,13:10:37,0.53,1
Bewick's Wren,Thryomanes bewickii,2026-05-04T20:09:30Z,04-May-2026,13:09:30,0.44,1
Bewick's Wren,Thryomanes bewickii,2026-05-04T20:08:29Z,04-May-2026,13:08:29,0.34,1
House Finch,Haemorhous mexicanus,2026-05-04T20:07:33Z,04-May-2026,13:07:33,0.949,1
House Finch,Haemorhous mexicanus,2026-05-04T20:07:26Z,04-May-2026,13:07:26,0.63,1
House Finch,Haemorhous mexicanus,2026-05-04T20:07:09Z,04-May-2026,13:07:09,0.57,1
Bewick's Wren,Thryomanes bewickii,2026-05-04T20:05:56Z,04-May-2026,13:05:56,0.53,1
House Finch,Haemorhous mexicanus,2026-05-04T20:05:00Z,04-May-2026,13:05:00,0.35,1
House Finch,Haemorhous mexicanus,2026-05-04T20:04:05Z,04-May-2026,13:04:05,0.7804,1
House Finch,Haemorhous mexicanus,2026-05-04T20:02:31Z,04-May-2026,13:02:31,0.3,1
Bewick's Wren,Thryomanes bewickii,2026-05-04T20:01:35Z,04-May-2026,13:01:35,0.35,1
American Crow,Corvus brachyrhynchos,2026-05-04T20:01:06Z,04-May-2026,13:01:06,0.8,1
House Finch,Haemorhous mexicanus,2026-05-04T20:00:20Z,04-May-2026,13:00:20,0.5,1
Bewick's Wren,Thryomanes bewickii,2026-05-04T19:59:41Z,04-May-2026,12:59:41,0.48,1
Bewick's Wren,Thryomanes bewickii,2026-05-04T19:57:29Z,04-May-2026,12:57:29,0.62,1
Bewick's Wren,Thryomanes bewickii,2026-05-04T19:57:18Z,04-May-2026,12:57:18,0.38,1
Bewick's Wren,Thryomanes bewickii,2026-05-04T19:56:17Z,04-May-2026,12:56:17,0.4,1
Bewick's Wren,Thryomanes bewickii,2026-05-04T19:55:54Z,04-May-2026,12:55:54,0.31,1
Bewick's Wren,Thryomanes bewickii,2026-05-04T19:55:11Z,04-May-2026,12:55:11,0.41,1
Bewick's Wren,Thryomanes bewickii,2026-05-04T19:54:52Z,04-May-2026,12:54:52,0.38,1
Bewick's Wren,Thryomanes bewickii,2026-05-04T19:54:45Z,04-May-2026,12:54:45,0.77,1
Bewick's Wren,Thryomanes bewickii,2026-05-04T19:54:15Z,04-May-2026,12:54:15,0.5,1
Bewick's Wren,Thryomanes bewickii,2026-05-04T19:53:39Z,04-May-2026,12:53:39,0.28,1
Bewick's Wren,Thryomanes bewickii,2026-05-04T19:51:51Z,04-May-2026,12:51:51,0.35,1
House Finch,Haemorhous mexicanus,2026-05-04T19:51:41Z,04-May-2026,12:51:41,0.949,1
Bewick's Wren,Thryomanes bewickii,2026-05-04T19:49:31Z,04-May-2026,12:49:31,0.69,1
Bewick's Wren,Thryomanes bewickii,2026-05-04T19:49:20Z,04-May-2026,12:49:20,0.63,1
Bewick's Wren,Thryomanes bewickii,2026-05-04T19:48:35Z,04-May-2026,12:48:35,0.37,1
Bewick's Wren,Thryomanes bewickii,2026-05-04T19:48:28Z,04-May-2026,12:48:28,0.35,1
Bewick's Wren,Thryomanes bewickii,2026-05-04T19:48:20Z,04-May-2026,12:48:20,0.42,1
Bewick's Wren,Thryomanes bewickii,2026-05-04T19:48:11Z,04-May-2026,12:48:11,0.33,1
Bewick's Wren,Thryomanes bewickii,2026-05-04T19:48:03Z,04-May-2026,12:48:03,0.4,1
Bewick's Wren,Thryomanes bewickii,2026-05-04T19:47:56Z,04-May-2026,12:47:56,0.55,1
Bewick's Wren,Thryomanes bewickii,2026-05-04T19:47:46Z,04-May-2026,12:47:46,0.82,1
Bewick's Wren,Thryomanes bewickii,2026-05-04T19:47:38Z,04-May-2026,12:47:38,0.56,1
Bewick's Wren,Thryomanes bewickii,2026-05-04T19:47:28Z,04-May-2026,12:47:28,0.62,1
Bewick's Wren,Thryomanes bewickii,2026-05-04T19:47:10Z,04-May-2026,12:47:10,0.73,1
Bewick's Wren,Thryomanes bewickii,2026-05-04T19:46:45Z,04-May-2026,12:46:45,0.6,1
Bewick's Wren,Thryomanes bewickii,2026-05-04T19:46:32Z,04-May-2026,12:46:32,0.69,1
Bewick's Wren,Thryomanes bewickii,2026-05-04T19:46:25Z,04-May-2026,12:46:25,0.48,1
Bewick's Wren,Thryomanes bewickii,2026-05-04T19:45:52Z,04-May-2026,12:45:52,0.35,1
Bewick's Wren,Thryomanes bewickii,2026-05-04T19:45:32Z,04-May-2026,12:45:32,0.64,1
House Finch,Haemorhous mexicanus,2026-05-04T19:45:05Z,04-May-2026,12:45:05,0.8314,1
Bewick's Wren,Thryomanes bewickii,2026-05-04T19:44:51Z,04-May-2026,12:44:51,0.79,1
Bewick's Wren,Thryomanes bewickii,2026-05-04T19:43:48Z,04-May-2026,12:43:48,0.52,1
Bewick's Wren,Thryomanes bewickii,2026-05-04T19:43:41Z,04-May-2026,12:43:41,0.29,1
House Finch,Haemorhous mexicanus,2026-05-04T19:41:24Z,04-May-2026,12:41:24,0.28,1
House Finch,Haemorhous mexicanus,2026-05-04T19:41:11Z,04-May-2026,12:41:11,0.7804,1
House Finch,Haemorhous mexicanus,2026-05-04T19:40:31Z,04-May-2026,12:40:31,0.28,1
Evening Grosbeak,Coccothraustes vespertinus,2026-05-04T19:40:14Z,04-May-2026,12:40:14,0.3,1
Black-capped Chickadee,Poecile atricapillus,2026-05-04T19:40:08Z,04-May-2026,12:40:08,0.8471,1
Bewick's Wren,Thryomanes bewickii,2026-05-04T19:39:03Z,04-May-2026,12:39:03,0.56,1
Townsend's Warbler,Setophaga townsendi,2026-05-04T19:38:48Z,04-May-2026,12:38:48,0.47,1
Bewick's Wren,Thryomanes bewickii,2026-05-04T19:38:31Z,04-May-2026,12:38:31,0.67,1
Townsend's Warbler,Setophaga townsendi,2026-05-04T19:38:25Z,04-May-2026,12:38:25,0.26,1
Townsend's Warbler,Setophaga townsendi,2026-05-04T19:38:08Z,04-May-2026,12:38:08,0.29,1
Townsend's Warbler,Setophaga townsendi,2026-05-04T19:38:01Z,04-May-2026,12:38:01,0.27,1
Townsend's Warbler,Setophaga townsendi,2026-05-04T19:37:53Z,04-May-2026,12:37:53,0.31,1
Townsend's Warbler,Setophaga townsendi,2026-05-04T19:37:30Z,04-May-2026,12:37:30,0.3,1
Townsend's Warbler,Setophaga townsendi,2026-05-04T19:35:35Z,04-May-2026,12:35:35,0.36,1
Townsend's Warbler,Setophaga townsendi,2026-05-04T19:35:29Z,04-May-2026,12:35:29,0.64,1
Townsend's Warbler,Setophaga townsendi,2026-05-04T19:35:21Z,04-May-2026,12:35:21,0.63,1
Townsend's Warbler,Setophaga townsendi,2026-05-04T19:35:02Z,04-May-2026,12:35:02,0.44,1
Bewick's Wren,Thryomanes bewickii,2026-05-04T19:34:54Z,04-May-2026,12:34:54,0.45,1
Townsend's Warbler,Setophaga townsendi,2026-05-04T19:34:43Z,04-May-2026,12:34:43,0.63,1
Townsend's Warbler,Setophaga townsendi,2026-05-04T19:34:34Z,04-May-2026,12:34:34,0.38,1
Townsend's Warbler,Setophaga townsendi,2026-05-04T19:34:10Z,04-May-2026,12:34:10,0.27,1
Bewick's Wren,Thryomanes bewickii,2026-05-04T19:33:59Z,04-May-2026,12:33:59,0.62,1
Townsend's Warbler,Setophaga townsendi,2026-05-04T19:33:51Z,04-May-2026,12:33:51,0.36,1
Townsend's Warbler,Setophaga townsendi,2026-05-04T19:31:44Z,04-May-2026,12:31:44,0.44,1
Townsend's Warbler,Setophaga townsendi,2026-05-04T19:31:27Z,04-May-2026,12:31:27,0.38,1
Townsend's Warbler,Setophaga townsendi,2026-05-04T19:30:58Z,04-May-2026,12:30:58,0.49,1
House Finch,Haemorhous mexicanus,2026-05-04T19:27:23Z,04-May-2026,12:27:23,0.47,1
House Finch,Haemorhous mexicanus,2026-05-04T19:25:27Z,04-May-2026,12:25:27,0.7804,1
Townsend's Warbler,Setophaga townsendi,2026-05-04T19:22:51Z,04-May-2026,12:22:51,0.6,1
Townsend's Warbler,Setophaga townsendi,2026-05-04T19:22:30Z,04-May-2026,12:22:30,0.32,1
American Robin,Turdus migratorius,2026-05-04T19:22:12Z,04-May-2026,12:22:12,0.6,1
American Robin,Turdus migratorius,2026-05-04T19:21:06Z,04-May-2026,12:21:06,0.29,1
House Finch,Haemorhous mexicanus,2026-05-04T19:20:10Z,04-May-2026,12:20:10,0.8157,2
House Finch,Haemorhous mexicanus,2026-05-04T19:18:37Z,04-May-2026,12:18:37,0.8745,3
Townsend's Warbler,Setophaga townsendi,2026-05-04T19:18:24Z,04-May-2026,12:18:24,0.62,1
American Robin,Turdus migratorius,2026-05-04T19:18:10Z,04-May-2026,12:18:10,0.31,1
Townsend's Warbler,Setophaga townsendi,2026-05-04T19:17:59Z,04-May-2026,12:17:59,0.47,1
House Finch,Haemorhous mexicanus,2026-05-04T19:16:08Z,04-May-2026,12:16:08,0.8157,1
American Robin,Turdus migratorius,2026-05-04T19:14:59Z,04-May-2026,12:14:59,0.3,1
American Robin,Turdus migratorius,2026-05-04T19:14:52Z,04-May-2026,12:14:52,0.32,1
House Finch,Haemorhous mexicanus,2026-05-04T19:12:22Z,04-May-2026,12:12:22,0.7804,1
Bewick's Wren,Thryomanes bewickii,2026-05-04T19:10:47Z,04-May-2026,12:10:47,0.5,1
Bewick's Wren,Thryomanes bewickii,2026-05-04T19:10:40Z,04-May-2026,12:10:40,0.33,1
Bewick's Wren,Thryomanes bewickii,2026-05-04T19:10:11Z,04-May-2026,12:10:11,0.81,1
Bewick's Wren,Thryomanes bewickii,2026-05-04T19:09:36Z,04-May-2026,12:09:36,0.68,1
Bewick's Wren,Thryomanes bewickii,2026-05-04T19:09:26Z,04-May-2026,12:09:26,0.54,1
Bewick's Wren,Thryomanes bewickii,2026-05-04T19:09:15Z,04-May-2026,12:09:15,0.8,1
Bewick's Wren,Thryomanes bewickii,2026-05-04T19:09:04Z,04-May-2026,12:09:04,0.67,1
Townsend's Warbler,Setophaga townsendi,2026-05-04T19:08:53Z,04-May-2026,12:08:53,0.37,1
Townsend's Warbler,Setophaga townsendi,2026-05-04T19:08:42Z,04-May-2026,12:08:42,0.27,1
Bewick's Wren,Thryomanes bewickii,2026-05-04T19:08:16Z,04-May-2026,12:08:16,0.5,1
Bewick's Wren,Thryomanes bewickii,2026-05-04T19:08:08Z,04-May-2026,12:08:08,0.72,1
Townsend's Warbler,Setophaga townsendi,2026-05-04T19:07:50Z,04-May-2026,12:07:50,0.45,1
House Finch,Haemorhous mexicanus,2026-05-04T19:07:40Z,04-May-2026,12:07:40,0.31,1
Townsend's Warbler,Setophaga townsendi,2026-05-04T19:07:33Z,04-May-2026,12:07:33,0.4,1
American Robin,Turdus migratorius,2026-05-04T19:06:55Z,04-May-2026,12:06:55,0.29,1
House Finch,Haemorhous mexicanus,2026-05-04T19:06:14Z,04-May-2026,12:06:14,0.37,1
Black-capped Chickadee,Poecile atricapillus,2026-05-04T19:05:07Z,04-May-2026,12:05:07,0.9333,1
Black-capped Chickadee,Poecile atricapillus,2026-05-04T19:05:03Z,04-May-2026,12:05:03,0.26,1
American Robin,Turdus migratorius,2026-05-04T19:03:40Z,04-May-2026,12:03:40,0.8314,1
American Robin,Turdus migratorius,2026-05-04T19:02:20Z,04-May-2026,12:02:20,0.7804,1
American Robin,Turdus migratorius,2026-05-04T18:59:19Z,04-May-2026,11:59:19,0.26,1
House Finch,Haemorhous mexicanus,2026-05-04T18:56:27Z,04-May-2026,11:56:27,0.7804,9
House Finch,Haemorhous mexicanus,2026-05-04T18:56:22Z,04-May-2026,11:56:22,0.32,1
House Finch,Haemorhous mexicanus,2026-05-04T18:54:06Z,04-May-2026,11:54:06,0.8627,2
Bewick's Wren,Thryomanes bewickii,2026-05-04T18:53:46Z,04-May-2026,11:53:46,0.46,1
Bewick's Wren,Thryomanes bewickii,2026-05-04T18:53:23Z,04-May-2026,11:53:23,0.94,1
Mountain Chickadee,Poecile gambeli,2026-05-04T18:52:49Z,04-May-2026,11:52:49,0.27,1
House Finch,Haemorhous mexicanus,2026-05-04T18:52:02Z,04-May-2026,11:52:02,0.7804,1
Bewick's Wren,Thryomanes bewickii,2026-05-04T18:46:09Z,04-May-2026,11:46:09,0.5,1
House Finch,Haemorhous mexicanus,2026-05-04T18:44:46Z,04-May-2026,11:44:46,0.8,5
House Finch,Haemorhous mexicanus,2026-05-04T18:43:12Z,04-May-2026,11:43:12,0.38,1
House Finch,Haemorhous mexicanus,2026-05-04T18:42:58Z,04-May-2026,11:42:58,0.8471,5
House Finch,Haemorhous mexicanus,2026-05-04T18:42:49Z,04-May-2026,11:42:49,0.29,1
House Finch,Haemorhous mexicanus,2026-05-04T18:42:29Z,04-May-2026,11:42:29,0.54,1
House Finch,Haemorhous mexicanus,2026-05-04T18:42:21Z,04-May-2026,11:42:21,0.54,1
House Finch,Haemorhous mexicanus,2026-05-04T18:42:11Z,04-May-2026,11:42:11,0.33,1
House Finch,Haemorhous mexicanus,2026-05-04T18:42:04Z,04-May-2026,11:42:04,0.45,1
House Finch,Haemorhous mexicanus,2026-05-04T18:41:57Z,04-May-2026,11:41:57,0.8,1
House Finch,Haemorhous mexicanus,2026-05-04T18:41:40Z,04-May-2026,11:41:40,0.46,1
House Finch,Haemorhous mexicanus,2026-05-04T18:41:04Z,04-May-2026,11:41:04,0.34,1
House Finch,Haemorhous mexicanus,2026-05-04T18:39:27Z,04-May-2026,11:39:27,0.44,1
House Finch,Haemorhous mexicanus,2026-05-04T18:38:56Z,04-May-2026,11:38:56,0.28,1
House Finch,Haemorhous mexicanus,2026-05-04T18:38:40Z,04-May-2026,11:38:40,0.29,1
Dark-eyed Junco,Junco hyemalis,2026-05-04T18:37:44Z,04-May-2026,11:37:44,0.33,1
Dark-eyed Junco,Junco hyemalis,2026-05-04T18:37:38Z,04-May-2026,11:37:38,0.39,1
House Finch,Haemorhous mexicanus,2026-05-04T18:37:30Z,04-May-2026,11:37:30,0.53,1
House Finch,Haemorhous mexicanus,2026-05-04T18:37:16Z,04-May-2026,11:37:16,0.35,1
House Finch,Haemorhous mexicanus,2026-05-04T18:37:09Z,04-May-2026,11:37:09,0.3,1
House Finch,Haemorhous mexicanus,2026-05-04T18:36:54Z,04-May-2026,11:36:54,0.46,1
House Finch,Haemorhous mexicanus,2026-05-04T18:36:28Z,04-May-2026,11:36:28,0.7804,6
House Finch,Haemorhous mexicanus,2026-05-04T18:35:56Z,04-May-2026,11:35:56,0.33,1
Bewick's Wren,Thryomanes bewickii,2026-05-04T18:35:50Z,04-May-2026,11:35:50,0.55,1
Bewick's Wren,Thryomanes bewickii,2026-05-04T18:35:36Z,04-May-2026,11:35:36,0.61,1
House Finch,Haemorhous mexicanus,2026-05-04T18:34:35Z,04-May-2026,11:34:35,0.8314,1
Dusky Flycatcher,Empidonax oberholseri,2026-05-04T18:33:59Z,04-May-2026,11:33:59,0.45,1
House Finch,Haemorhous mexicanus,2026-05-04T18:33:20Z,04-May-2026,11:33:20,0.8,2
Osprey,Pandion haliaetus,2026-05-04T18:33:15Z,04-May-2026,11:33:15,0.27,1
House Finch,Haemorhous mexicanus,2026-05-04T18:32:27Z,04-May-2026,11:32:27,0.3,1
House Finch,Haemorhous mexicanus,2026-05-04T18:32:09Z,04-May-2026,11:32:09,0.27,1
House Finch,Haemorhous mexicanus,2026-05-04T18:32:01Z,04-May-2026,11:32:01,0.43,1
House Finch,Haemorhous mexicanus,2026-05-04T18:31:54Z,04-May-2026,11:31:54,0.9569,1
House Finch,Haemorhous mexicanus,2026-05-04T18:31:34Z,04-May-2026,11:31:34,0.37,1
Bewick's Wren,Thryomanes bewickii,2026-05-04T18:28:22Z,04-May-2026,11:28:22,0.32,1
Bewick's Wren,Thryomanes bewickii,2026-05-04T18:27:52Z,04-May-2026,11:27:52,0.36,1
Bewick's Wren,Thryomanes bewickii,2026-05-04T18:27:23Z,04-May-2026,11:27:23,0.71,1
American Crow,Corvus brachyrhynchos,2026-05-04T18:27:06Z,04-May-2026,11:27:06,0.8,1
House Finch,Haemorhous mexicanus,2026-05-04T18:27:02Z,04-May-2026,11:27:02,0.8157,1
House Finch,Haemorhous mexicanus,2026-05-04T18:25:23Z,04-May-2026,11:25:23,0.9255,2
House Finch,Haemorhous mexicanus,2026-05-04T18:25:17Z,04-May-2026,11:25:17,0.31,1
Bewick's Wren,Thryomanes bewickii,2026-05-04T18:23:21Z,04-May-2026,11:23:21,0.55,1
House Finch,Haemorhous mexicanus,2026-05-04T18:22:34Z,04-May-2026,11:22:34,0.7804,1
House Finch,Haemorhous mexicanus,2026-05-04T18:21:59Z,04-May-2026,11:21:59,0.47,1
House Finch,Haemorhous mexicanus,2026-05-04T18:21:40Z,04-May-2026,11:21:40,0.31,1
Bewick's Wren,Thryomanes bewickii,2026-05-04T18:21:08Z,04-May-2026,11:21:08,0.73,1
Bewick's Wren,Thryomanes bewickii,2026-05-04T18:20:39Z,04-May-2026,11:20:39,0.7,1
Bewick's Wren,Thryomanes bewickii,2026-05-04T18:20:23Z,04-May-2026,11:20:23,0.75,1
Barn Owl,Tyto alba,2026-05-04T18:20:15Z,04-May-2026,11:20:15,0.73,1
Bewick's Wren,Thryomanes bewickii,2026-05-04T18:20:08Z,04-May-2026,11:20:08,0.63,1
House Finch,Haemorhous mexicanus,2026-05-04T18:19:17Z,04-May-2026,11:19:17,0.9098,3
Bewick's Wren,Thryomanes bewickii,2026-05-04T18:18:12Z,04-May-2026,11:18:12,0.71,1
House Finch,Haemorhous mexicanus,2026-05-04T18:17:53Z,04-May-2026,11:17:53,0.8627,1
Mountain Chickadee,Poecile gambeli,2026-05-04T18:17:03Z,04-May-2026,11:17:03,0.42,1
Bewick's Wren,Thryomanes bewickii,2026-05-04T18:16:49Z,04-May-2026,11:16:49,0.7,1
Bewick's Wren,Thryomanes bewickii,2026-05-04T18:16:38Z,04-May-2026,11:16:38,0.26,1
Bewick's Wren,Thryomanes bewickii,2026-05-04T18:16:04Z,04-May-2026,11:16:04,0.43,1
Bewick's Wren,Thryomanes bewickii,2026-05-04T18:15:57Z,04-May-2026,11:15:57,0.82,1
Bewick's Wren,Thryomanes bewickii,2026-05-04T18:15:46Z,04-May-2026,11:15:46,0.53,1
Bewick's Wren,Thryomanes bewickii,2026-05-04T18:15:36Z,04-May-2026,11:15:36,0.6,1
Bewick's Wren,Thryomanes bewickii,2026-05-04T18:15:23Z,04-May-2026,11:15:23,0.5,1
Bewick's Wren,Thryomanes bewickii,2026-05-04T18:15:16Z,04-May-2026,11:15:16,0.9,1
Bewick's Wren,Thryomanes bewickii,2026-05-04T18:14:02Z,04-May-2026,11:14:02,0.42,1
Bewick's Wren,Thryomanes bewickii,2026-05-04T18:13:31Z,04-May-2026,11:13:31,0.75,1
Bewick's Wren,Thryomanes bewickii,2026-05-04T18:13:09Z,04-May-2026,11:13:09,0.6,1
Bewick's Wren,Thryomanes bewickii,2026-05-04T18:12:52Z,04-May-2026,11:12:52,0.5,1
American Crow,Corvus brachyrhynchos,2026-05-04T18:11:54Z,04-May-2026,11:11:54,0.7804,1
American Robin,Turdus migratorius,2026-05-04T18:11:51Z,04-May-2026,11:11:51,0.34,1
House Finch,Haemorhous mexicanus,2026-05-04T18:06:02Z,04-May-2026,11:06:02,0.7804,2
House Finch,Haemorhous mexicanus,2026-05-04T18:05:42Z,04-May-2026,11:05:42,0.41,1
House Finch,Haemorhous mexicanus,2026-05-04T18:04:24Z,04-May-2026,11:04:24,0.9333,4
House Finch,Haemorhous mexicanus,2026-05-04T18:02:27Z,04-May-2026,11:02:27,0.8,1
House Finch,Haemorhous mexicanus,2026-05-04T18:02:16Z,04-May-2026,11:02:16,0.31,1
House Finch,Haemorhous mexicanus,2026-05-04T18:00:51Z,04-May-2026,11:00:51,0.58,1
Bewick's Wren,Thryomanes bewickii,2026-05-04T18:00:39Z,04-May-2026,11:00:39,0.46,1
House Finch,Haemorhous mexicanus,2026-05-04T18:00:32Z,04-May-2026,11:00:32,0.8,1
House Finch,Haemorhous mexicanus,2026-05-04T18:00:23Z,04-May-2026,11:00:23,0.949,8
Bewick's Wren,Thryomanes bewickii,2026-05-04T17:59:42Z,04-May-2026,10:59:42,0.45,1
House Finch,Haemorhous mexicanus,2026-05-04T17:59:24Z,04-May-2026,10:59:24,0.71,1
House Finch,Haemorhous mexicanus,2026-05-04T17:59:07Z,04-May-2026,10:59:07,0.8314,4
Bewick's Wren,Thryomanes bewickii,2026-05-04T17:58:47Z,04-May-2026,10:58:47,0.79,1
House Finch,Haemorhous mexicanus,2026-05-04T17:57:08Z,04-May-2026,10:57:08,0.43,1
House Finch,Haemorhous mexicanus,2026-05-04T17:56:58Z,04-May-2026,10:56:58,0.26,1
House Finch,Haemorhous mexicanus,2026-05-04T17:54:07Z,04-May-2026,10:54:07,0.8314,9
House Finch,Haemorhous mexicanus,2026-05-04T17:53:01Z,04-May-2026,10:53:01,0.8745,1
American Robin,Turdus migratorius,2026-05-04T17:52:00Z,04-May-2026,10:52:00,0.8157,1
House Finch,Haemorhous mexicanus,2026-05-04T17:45:10Z,04-May-2026,10:45:10,0.8314,1
House Finch,Haemorhous mexicanus,2026-05-04T17:44:50Z,04-May-2026,10:44:50,0.31,1
House Finch,Haemorhous mexicanus,2026-05-04T17:44:03Z,04-May-2026,10:44:03,0.8314,1
Red-breasted Nuthatch,Sitta canadensis,2026-05-04T17:38:31Z,04-May-2026,10:38:31,0.87,1
Red-breasted Nuthatch,Sitta canadensis,2026-05-04T17:38:00Z,04-May-2026,10:38:00,0.84,1
Red-breasted Nuthatch,Sitta canadensis,2026-05-04T17:37:53Z,04-May-2026,10:37:53,0.7,1
Black-capped Chickadee,Poecile atricapillus,2026-05-04T17:37:31Z,04-May-2026,10:37:31,0.8157,1
Red-breasted Nuthatch,Sitta canadensis,2026-05-04T17:37:21Z,04-May-2026,10:37:21,0.38,1
American Crow,Corvus brachyrhynchos,2026-05-04T17:37:07Z,04-May-2026,10:37:07,0.8,1
Red-breasted Nuthatch,Sitta canadensis,2026-05-04T17:33:05Z,04-May-2026,10:33:05,0.38,1
Red-breasted Nuthatch,Sitta canadensis,2026-05-04T17:32:51Z,04-May-2026,10:32:51,0.45,1
House Finch,Haemorhous mexicanus,2026-05-04T17:31:16Z,04-May-2026,10:31:16,0.33,1
Black-capped Chickadee,Poecile atricapillus,2026-05-04T17:30:42Z,04-May-2026,10:30:42,0.69,1
Black-capped Chickadee,Poecile atricapillus,2026-05-04T17:30:24Z,04-May-2026,10:30:24,0.32,1
Black-capped Chickadee,Poecile atricapillus,2026-05-04T17:30:03Z,04-May-2026,10:30:03,0.27,1
Golden-crowned Sparrow,Zonotrichia atricapilla,2026-05-04T17:29:50Z,04-May-2026,10:29:50,0.36,1
Black-capped Chickadee,Poecile atricapillus,2026-05-04T17:29:43Z,04-May-2026,10:29:43,0.27,1
Dark-eyed Junco,Junco hyemalis,2026-05-04T17:26:57Z,04-May-2026,10:26:57,0.27,1
Bewick's Wren,Thryomanes bewickii,2026-05-04T17:22:59Z,04-May-2026,10:22:59,0.51,1
House Finch,Haemorhous mexicanus,2026-05-04T17:21:46Z,04-May-2026,10:21:46,0.8471,1
Bewick's Wren,Thryomanes bewickii,2026-05-04T17:21:39Z,04-May-2026,10:21:39,0.26,1
Bewick's Wren,Thryomanes bewickii,2026-05-04T17:19:37Z,04-May-2026,10:19:37,0.38,1
House Finch,Haemorhous mexicanus,2026-05-04T17:19:24Z,04-May-2026,10:19:24,0.31,1
House Finch,Haemorhous mexicanus,2026-05-04T17:19:04Z,04-May-2026,10:19:04,0.8627,1
Bewick's Wren,Thryomanes bewickii,2026-05-04T17:18:26Z,04-May-2026,10:18:26,0.3,1
Bewick's Wren,Thryomanes bewickii,2026-05-04T17:15:49Z,04-May-2026,10:15:49,0.36,1
Bewick's Wren,Thryomanes bewickii,2026-05-04T17:15:36Z,04-May-2026,10:15:36,0.58,1
Bewick's Wren,Thryomanes bewickii,2026-05-04T17:15:29Z,04-May-2026,10:15:29,0.52,1
Bewick's Wren,Thryomanes bewickii,2026-05-04T17:14:56Z,04-May-2026,10:14:56,0.51,1
Bewick's Wren,Thryomanes bewickii,2026-05-04T17:14:31Z,04-May-2026,10:14:31,0.53,1
Bewick's Wren,Thryomanes bewickii,2026-05-04T17:14:24Z,04-May-2026,10:14:24,0.68,1
Bewick's Wren,Thryomanes bewickii,2026-05-04T17:12:50Z,04-May-2026,10:12:50,0.38,1
House Finch,Haemorhous mexicanus,2026-05-04T17:11:02Z,04-May-2026,10:11:02,0.8863,1
House Finch,Haemorhous mexicanus,2026-05-04T17:10:50Z,04-May-2026,10:10:50,0.29,1
Bewick's Wren,Thryomanes bewickii,2026-05-04T17:10:15Z,04-May-2026,10:10:15,0.58,1
Bewick's Wren,Thryomanes bewickii,2026-05-04T17:10:08Z,04-May-2026,10:10:08,0.52,1
Bewick's Wren,Thryomanes bewickii,2026-05-04T17:09:41Z,04-May-2026,10:09:41,0.46,1
Bewick's Wren,Thryomanes bewickii,2026-05-04T17:09:34Z,04-May-2026,10:09:34,0.55,1
House Finch,Haemorhous mexicanus,2026-05-04T17:09:27Z,04-May-2026,10:09:27,0.8,3
Bewick's Wren,Thryomanes bewickii,2026-05-04T17:09:20Z,04-May-2026,10:09:20,0.52,1
Bewick's Wren,Thryomanes bewickii,2026-05-04T17:08:57Z,04-May-2026,10:08:57,0.63,1
Bewick's Wren,Thryomanes bewickii,2026-05-04T17:08:43Z,04-May-2026,10:08:43,0.54,1
House Finch,Haemorhous mexicanus,2026-05-04T17:08:20Z,04-May-2026,10:08:20,0.9098,2
House Finch,Haemorhous mexicanus,2026-05-04T17:07:20Z,04-May-2026,10:07:20,0.26,1
House Finch,Haemorhous mexicanus,2026-05-04T17:06:58Z,04-May-2026,10:06:58,0.7804,1
Steller's Jay,Cyanocitta stelleri,2026-05-04T17:05:48Z,04-May-2026,10:05:48,0.26,1
House Finch,Haemorhous mexicanus,2026-05-04T17:05:36Z,04-May-2026,10:05:36,0.8863,5
House Finch,Haemorhous mexicanus,2026-05-04T17:04:22Z,04-May-2026,10:04:22,0.8157,3
House Finch,Haemorhous mexicanus,2026-05-04T17:03:26Z,04-May-2026,10:03:26,0.26,1
House Finch,Haemorhous mexicanus,2026-05-04T17:03:15Z,04-May-2026,10:03:15,0.8863,1
Bewick's Wren,Thryomanes bewickii,2026-05-04T17:02:58Z,04-May-2026,10:02:58,0.77,1
Bewick's Wren,Thryomanes bewickii,2026-05-04T17:02:30Z,04-May-2026,10:02:30,0.26,1
Bewick's Wren,Thryomanes bewickii,2026-05-04T17:02:07Z,04-May-2026,10:02:07,0.29,1
House Finch,Haemorhous mexicanus,2026-05-04T17:01:46Z,04-May-2026,10:01:46,0.57,1
Black-capped Chickadee,Poecile atricapillus,2026-05-04T17:00:33Z,04-May-2026,10:00:33,0.8,1
House Finch,Haemorhous mexicanus,2026-05-04T16:58:24Z,04-May-2026,09:58:24,0.8863,1
Bewick's Wren,Thryomanes bewickii,2026-05-04T16:57:37Z,04-May-2026,09:57:37,0.4,1
Chestnut-backed Chickadee,Poecile rufescens,2026-05-04T16:57:33Z,04-May-2026,09:57:33,0.8471,1
House Finch,Haemorhous mexicanus,2026-05-04T16:56:35Z,04-May-2026,09:56:35,0.8471,1
Bewick's Wren,Thryomanes bewickii,2026-05-04T16:53:28Z,04-May-2026,09:53:28,0.46,1
Violet-green Swallow,Tachycineta thalassina,2026-05-04T16:49:51Z,04-May-2026,09:49:51,0.95,1
House Finch,Haemorhous mexicanus,2026-05-04T16:49:27Z,04-May-2026,09:49:27,0.76,1
House Finch,Haemorhous mexicanus,2026-05-04T16:48:22Z,04-May-2026,09:48:22,0.8157,1
House Finch,Haemorhous mexicanus,2026-05-04T16:48:13Z,04-May-2026,09:48:13,0.27,1
House Finch,Haemorhous mexicanus,2026-05-04T16:46:42Z,04-May-2026,09:46:42,0.8471,1
House Finch,Haemorhous mexicanus,2026-05-04T16:44:25Z,04-May-2026,09:44:25,0.8157,1
American Robin,Turdus migratorius,2026-05-04T16:40:00Z,04-May-2026,09:40:00,0.27,1
American Robin,Turdus migratorius,2026-05-04T16:39:52Z,04-May-2026,09:39:52,0.39,1
House Finch,Haemorhous mexicanus,2026-05-04T16:38:13Z,04-May-2026,09:38:13,0.46,1
American Robin,Turdus migratorius,2026-05-04T16:37:25Z,04-May-2026,09:37:25,0.54,1
Bewick's Wren,Thryomanes bewickii,2026-05-04T16:36:27Z,04-May-2026,09:36:27,0.36,1
House Finch,Haemorhous mexicanus,2026-05-04T16:36:17Z,04-May-2026,09:36:17,0.7804,5
House Finch,Haemorhous mexicanus,2026-05-04T16:35:16Z,04-May-2026,09:35:16,0.898,2
Bewick's Wren,Thryomanes bewickii,2026-05-04T16:34:45Z,04-May-2026,09:34:45,0.69,1
Bewick's Wren,Thryomanes bewickii,2026-05-04T16:34:13Z,04-May-2026,09:34:13,0.43,1
House Finch,Haemorhous mexicanus,2026-05-04T16:34:09Z,04-May-2026,09:34:09,0.898,1
American Robin,Turdus migratorius,2026-05-04T16:33:40Z,04-May-2026,09:33:40,0.7804,1
Bewick's Wren,Thryomanes bewickii,2026-05-04T16:32:13Z,04-May-2026,09:32:13,0.32,1
American Robin,Turdus migratorius,2026-05-04T16:31:26Z,04-May-2026,09:31:26,0.8314,1
American Robin,Turdus migratorius,2026-05-04T16:29:45Z,04-May-2026,09:29:45,0.28,1
American Robin,Turdus migratorius,2026-05-04T16:29:39Z,04-May-2026,09:29:39,0.9333,2
American Robin,Turdus migratorius,2026-05-04T16:29:09Z,04-May-2026,09:29:09,0.28,1
American Robin,Turdus migratorius,2026-05-04T16:28:46Z,04-May-2026,09:28:46,0.31,1
American Robin,Turdus migratorius,2026-05-04T16:28:35Z,04-May-2026,09:28:35,0.8314,4
American Robin,Turdus migratorius,2026-05-04T16:27:43Z,04-May-2026,09:27:43,0.38,1
American Robin,Turdus migratorius,2026-05-04T16:26:52Z,04-May-2026,09:26:52,0.36,1
American Robin,Turdus migratorius,2026-05-04T16:26:42Z,04-May-2026,09:26:42,0.8627,2
American Robin,Turdus migratorius,2026-05-04T16:26:34Z,04-May-2026,09:26:34,0.5,1
House Finch,Haemorhous mexicanus,2026-05-04T16:26:26Z,04-May-2026,09:26:26,0.8471,4
American Robin,Turdus migratorius,2026-05-04T16:26:22Z,04-May-2026,09:26:22,0.31,1
House Finch,Haemorhous mexicanus,2026-05-04T16:26:14Z,04-May-2026,09:26:14,0.37,1
American Robin,Turdus migratorius,2026-05-04T16:25:56Z,04-May-2026,09:25:56,0.33,1
American Robin,Turdus migratorius,2026-05-04T16:25:49Z,04-May-2026,09:25:49,0.4,1
American Robin,Turdus migratorius,2026-05-04T16:25:43Z,04-May-2026,09:25:43,0.36,1
House Finch,Haemorhous mexicanus,2026-05-04T16:25:25Z,04-May-2026,09:25:25,0.42,1
House Finch,Haemorhous mexicanus,2026-05-04T16:25:14Z,04-May-2026,09:25:14,0.9647,1
American Robin,Turdus migratorius,2026-05-04T16:24:59Z,04-May-2026,09:24:59,0.7804,2
American Robin,Turdus migratorius,2026-05-04T16:24:02Z,04-May-2026,09:24:02,0.26,1
American Robin,Turdus migratorius,2026-05-04T16:23:51Z,04-May-2026,09:23:51,0.32,1
American Robin,Turdus migratorius,2026-05-04T16:23:47Z,04-May-2026,09:23:47,0.8314,1
Steller's Jay,Cyanocitta stelleri,2026-05-04T16:22:53Z,04-May-2026,09:22:53,0.59,1
Steller's Jay,Cyanocitta stelleri,2026-05-04T16:22:46Z,04-May-2026,09:22:46,0.52,1
Steller's Jay,Cyanocitta stelleri,2026-05-04T16:22:38Z,04-May-2026,09:22:38,0.8,1
House Finch,Haemorhous mexicanus,2026-05-04T16:22:11Z,04-May-2026,09:22:11,0.7804,1
American Robin,Turdus migratorius,2026-05-04T16:21:55Z,04-May-2026,09:21:55,0.7804,4
American Robin,Turdus migratorius,2026-05-04T16:21:20Z,04-May-2026,09:21:20,0.4,1
American Robin,Turdus migratorius,2026-05-04T16:21:04Z,04-May-2026,09:21:04,0.53,1
American Robin,Turdus migratorius,2026-05-04T16:20:42Z,04-May-2026,09:20:42,0.34,1
American Robin,Turdus migratorius,2026-05-04T16:20:37Z,04-May-2026,09:20:37,0.9098,1
American Robin,Turdus migratorius,2026-05-04T16:20:14Z,04-May-2026,09:20:14,0.45,1
American Robin,Turdus migratorius,2026-05-04T16:20:07Z,04-May-2026,09:20:07,0.3,1
American Robin,Turdus migratorius,2026-05-04T16:19:59Z,04-May-2026,09:19:59,0.53,1
American Robin,Turdus migratorius,2026-05-04T16:19:45Z,04-May-2026,09:19:45,0.54,1
American Robin,Turdus migratorius,2026-05-04T16:19:38Z,04-May-2026,09:19:38,0.3,1
American Robin,Turdus migratorius,2026-05-04T16:19:25Z,04-May-2026,09:19:25,0.59,1
American Robin,Turdus migratorius,2026-05-04T16:19:02Z,04-May-2026,09:19:02,0.4,1
American Robin,Turdus migratorius,2026-05-04T16:18:58Z,04-May-2026,09:18:58,0.8745,4
American Robin,Turdus migratorius,2026-05-04T16:18:09Z,04-May-2026,09:18:09,0.57,1
American Robin,Turdus migratorius,2026-05-04T16:17:52Z,04-May-2026,09:17:52,0.7804,3
American Robin,Turdus migratorius,2026-05-04T16:16:47Z,04-May-2026,09:16:47,0.8,1
American Robin,Turdus migratorius,2026-05-04T16:16:35Z,04-May-2026,09:16:35,0.26,1
Bewick's Wren,Thryomanes bewickii,2026-05-04T16:14:47Z,04-May-2026,09:14:47,0.26,1
House Finch,Haemorhous mexicanus,2026-05-04T16:13:58Z,04-May-2026,09:13:58,0.44,1
House Finch,Haemorhous mexicanus,2026-05-04T16:13:40Z,04-May-2026,09:13:40,0.7804,4
House Finch,Haemorhous mexicanus,2026-05-04T16:13:05Z,04-May-2026,09:13:05,0.68,1
House Finch,Haemorhous mexicanus,2026-05-04T16:12:28Z,04-May-2026,09:12:28,0.8863,2
House Finch,Haemorhous mexicanus,2026-05-04T16:11:16Z,04-May-2026,09:11:16,0.9412,2
House Finch,Haemorhous mexicanus,2026-05-04T16:10:04Z,04-May-2026,09:10:04,0.8745,6
House Finch,Haemorhous mexicanus,2026-05-04T16:09:30Z,04-May-2026,09:09:30,0.43,1
House Finch,Haemorhous mexicanus,2026-05-04T16:09:02Z,04-May-2026,09:09:02,0.8863,3
House Finch,Haemorhous mexicanus,2026-05-04T16:08:01Z,04-May-2026,09:08:01,0.8314,2
House Finch,Haemorhous mexicanus,2026-05-04T16:06:50Z,04-May-2026,09:06:50,0.55,1
American Robin,Turdus migratorius,2026-05-04T16:06:40Z,04-May-2026,09:06:40,0.57,1
House Finch,Haemorhous mexicanus,2026-05-04T16:06:26Z,04-May-2026,09:06:26,0.7804,7
American Robin,Turdus migratorius,2026-05-04T16:06:11Z,04-May-2026,09:06:11,0.45,1
American Robin,Turdus migratorius,2026-05-04T16:06:07Z,04-May-2026,09:06:07,0.8,1
House Finch,Haemorhous mexicanus,2026-05-04T16:05:28Z,04-May-2026,09:05:28,0.26,1
House Finch,Haemorhous mexicanus,2026-05-04T16:05:21Z,04-May-2026,09:05:21,0.47,1
House Finch,Haemorhous mexicanus,2026-05-04T16:04:27Z,04-May-2026,09:04:27,0.8,1
Black-capped Chickadee,Poecile atricapillus,2026-05-04T16:03:35Z,04-May-2026,09:03:35,0.9255,1
Black-capped Chickadee,Poecile atricapillus,2026-05-04T16:03:28Z,04-May-2026,09:03:28,0.4,1
House Finch,Haemorhous mexicanus,2026-05-04T16:03:00Z,04-May-2026,09:03:00,0.7804,1
Bewick's Wren,Thryomanes bewickii,2026-05-04T16:02:33Z,04-May-2026,09:02:33,0.29,1
Bewick's Wren,Thryomanes bewickii,2026-05-04T16:01:16Z,04-May-2026,09:01:16,0.33,1
Bewick's Wren,Thryomanes bewickii,2026-05-04T15:59:44Z,04-May-2026,08:59:44,0.4,1
Bewick's Wren,Thryomanes bewickii,2026-05-04T15:58:39Z,04-May-2026,08:58:39,0.52,1
House Finch,Haemorhous mexicanus,2026-05-04T15:57:11Z,04-May-2026,08:57:11,0.8,2
Bewick's Wren,Thryomanes bewickii,2026-05-04T15:56:33Z,04-May-2026,08:56:33,0.44,1
Bewick's Wren,Thryomanes bewickii,2026-05-04T15:55:43Z,04-May-2026,08:55:43,0.58,1
Bewick's Wren,Thryomanes bewickii,2026-05-04T15:54:22Z,04-May-2026,08:54:22,0.62,1
Bewick's Wren,Thryomanes bewickii,2026-05-04T15:54:08Z,04-May-2026,08:54:08,0.27,1
House Finch,Haemorhous mexicanus,2026-05-04T15:53:36Z,04-May-2026,08:53:36,0.8863,2
House Finch,Haemorhous mexicanus,2026-05-04T15:52:48Z,04-May-2026,08:52:48,0.53,1
Bewick's Wren,Thryomanes bewickii,2026-05-04T15:52:39Z,04-May-2026,08:52:39,0.51,1
House Finch,Haemorhous mexicanus,2026-05-04T15:52:32Z,04-May-2026,08:52:32,0.7804,1
Bewick's Wren,Thryomanes bewickii,2026-05-04T15:52:13Z,04-May-2026,08:52:13,0.54,1
Bewick's Wren,Thryomanes bewickii,2026-05-04T15:51:01Z,04-May-2026,08:51:01,0.32,1
Red-breasted Nuthatch,Sitta canadensis,2026-05-04T15:40:18Z,04-May-2026,08:40:18,0.43,1
Red-breasted Nuthatch,Sitta canadensis,2026-05-04T15:40:08Z,04-May-2026,08:40:08,0.3,1
Red-breasted Nuthatch,Sitta canadensis,2026-05-04T15:40:01Z,04-May-2026,08:40:01,0.49,1
House Finch,Haemorhous mexicanus,2026-05-04T15:34:08Z,04-May-2026,08:34:08,0.3,1
Spotted Towhee,Pipilo maculatus,2026-05-04T15:33:24Z,04-May-2026,08:33:24,0.33,1
Song Sparrow,Melospiza melodia,2026-05-04T15:31:12Z,04-May-2026,08:31:12,0.8627,1
Townsend's Warbler,Setophaga townsendi,2026-05-04T15:28:25Z,04-May-2026,08:28:25,0.28,1
Bushtit,Psaltriparus minimus,2026-05-04T15:26:39Z,04-May-2026,08:26:39,0.92,1
Song Sparrow,Melospiza melodia,2026-05-04T15:26:15Z,04-May-2026,08:26:15,0.8627,1
American Crow,Corvus brachyrhynchos,2026-05-04T15:25:15Z,04-May-2026,08:25:15,0.59,1
Black-capped Chickadee,Poecile atricapillus,2026-05-04T15:24:42Z,04-May-2026,08:24:42,0.8,1
Anna's Hummingbird,Calypte anna,2026-05-04T15:24:24Z,04-May-2026,08:24:24,0.898,1
Black-capped Chickadee,Poecile atricapillus,2026-05-04T15:23:32Z,04-May-2026,08:23:32,0.8157,1
American Crow,Corvus brachyrhynchos,2026-05-04T15:21:34Z,04-May-2026,08:21:34,0.8471,1
Bewick's Wren,Thryomanes bewickii,2026-05-04T15:20:48Z,04-May-2026,08:20:48,0.26,1
Bewick's Wren,Thryomanes bewickii,2026-05-04T15:20:37Z,04-May-2026,08:20:37,0.75,1
Bewick's Wren,Thryomanes bewickii,2026-05-04T15:19:54Z,04-May-2026,08:19:54,0.51,1
Bewick's Wren,Thryomanes bewickii,2026-05-04T15:19:25Z,04-May-2026,08:19:25,0.28,1
Bewick's Wren,Thryomanes bewickii,2026-05-04T15:19:18Z,04-May-2026,08:19:18,0.27,1
Bewick's Wren,Thryomanes bewickii,2026-05-04T15:19:11Z,04-May-2026,08:19:11,0.65,1
Bewick's Wren,Thryomanes bewickii,2026-05-04T15:19:02Z,04-May-2026,08:19:02,0.41,1
House Finch,Haemorhous mexicanus,2026-05-04T15:18:11Z,04-May-2026,08:18:11,0.8157,5
House Finch,Haemorhous mexicanus,2026-05-04T15:18:04Z,04-May-2026,08:18:04,0.35,1
House Finch,Haemorhous mexicanus,2026-05-04T15:17:52Z,04-May-2026,08:17:52,0.59,1
House Finch,Haemorhous mexicanus,2026-05-04T15:16:57Z,04-May-2026,08:16:57,0.8863,9
House Finch,Haemorhous mexicanus,2026-05-04T15:16:51Z,04-May-2026,08:16:51,0.38,1
House Finch,Haemorhous mexicanus,2026-05-04T15:15:53Z,04-May-2026,08:15:53,0.8745,7
House Finch,Haemorhous mexicanus,2026-05-04T15:15:49Z,04-May-2026,08:15:49,0.3,1
House Finch,Haemorhous mexicanus,2026-05-04T15:15:41Z,04-May-2026,08:15:41,0.32,1
House Finch,Haemorhous mexicanus,2026-05-04T15:14:46Z,04-May-2026,08:14:46,0.9647,4
Bewick's Wren,Thryomanes bewickii,2026-05-04T15:14:15Z,04-May-2026,08:14:15,0.59,1
House Finch,Haemorhous mexicanus,2026-05-04T15:13:44Z,04-May-2026,08:13:44,0.8471,4
House Finch,Haemorhous mexicanus,2026-05-04T15:12:34Z,04-May-2026,08:12:34,0.8863,1
Bewick's Wren,Thryomanes bewickii,2026-05-04T15:11:44Z,04-May-2026,08:11:44,0.28,1
Mountain Chickadee,Poecile gambeli,2026-05-04T15:10:14Z,04-May-2026,08:10:14,0.35,1
American Robin,Turdus migratorius,2026-05-04T15:10:07Z,04-May-2026,08:10:07,0.31,1
American Robin,Turdus migratorius,2026-05-04T15:09:43Z,04-May-2026,08:09:43,0.26,1
American Robin,Turdus migratorius,2026-05-04T15:09:20Z,04-May-2026,08:09:20,0.9098,2
American Robin,Turdus migratorius,2026-05-04T15:00:03Z,04-May-2026,08:00:03,0.29,1
American Robin,Turdus migratorius,2026-05-04T14:59:58Z,04-May-2026,07:59:58,0.8627,1
American Robin,Turdus migratorius,2026-05-04T14:59:53Z,04-May-2026,07:59:53,0.49,1
American Robin,Turdus migratorius,2026-05-04T14:59:16Z,04-May-2026,07:59:16,0.31,1
Chipping Sparrow,Spizella passerina,2026-05-04T14:56:52Z,04-May-2026,07:56:52,0.26,1
Dark-eyed Junco,Junco hyemalis,2026-05-04T14:56:39Z,04-May-2026,07:56:39,0.31,1
Dark-eyed Junco,Junco hyemalis,2026-05-04T14:56:32Z,04-May-2026,07:56:32,0.3,1
Chipping Sparrow,Spizella passerina,2026-05-04T14:56:18Z,04-May-2026,07:56:18,0.31,1
Dark-eyed Junco,Junco hyemalis,2026-05-04T14:55:57Z,04-May-2026,07:55:57,0.32,1
Dark-eyed Junco,Junco hyemalis,2026-05-04T14:55:21Z,04-May-2026,07:55:21,0.4,1
Dark-eyed Junco,Junco hyemalis,2026-05-04T14:55:06Z,04-May-2026,07:55:06,0.44,1
Dark-eyed Junco,Junco hyemalis,2026-05-04T14:54:58Z,04-May-2026,07:54:58,0.3,1
Dark-eyed Junco,Junco hyemalis,2026-05-04T14:54:50Z,04-May-2026,07:54:50,0.52,1
Dark-eyed Junco,Junco hyemalis,2026-05-04T14:54:43Z,04-May-2026,07:54:43,0.79,1
Black-capped Chickadee,Poecile atricapillus,2026-05-04T14:54:17Z,04-May-2026,07:54:17,0.51,1
American Robin,Turdus migratorius,2026-05-04T14:52:30Z,04-May-2026,07:52:30,0.44,1
Anna's Hummingbird,Calypte anna,2026-05-04T14:51:53Z,04-May-2026,07:51:53,0.898,1
Warbling Vireo,Vireo gilvus,2026-05-04T14:48:42Z,04-May-2026,07:48:42,0.28,1
House Finch,Haemorhous mexicanus,2026-05-04T14:45:56Z,04-May-2026,07:45:56,0.8,3
American Crow,Corvus brachyrhynchos,2026-05-04T14:45:43Z,04-May-2026,07:45:43,0.8157,1
House Finch,Haemorhous mexicanus,2026-05-04T14:45:28Z,04-May-2026,07:45:28,0.54,1
Fox Sparrow,Passerella iliaca,2026-05-04T14:45:14Z,04-May-2026,07:45:14,0.29,1
Wilson's Warbler,Cardellina pusilla,2026-05-04T14:44:46Z,04-May-2026,07:44:46,0.67,1
House Finch,Haemorhous mexicanus,2026-05-04T14:44:39Z,04-May-2026,07:44:39,0.33,1
House Finch,Haemorhous mexicanus,2026-05-04T14:44:20Z,04-May-2026,07:44:20,0.38,1
House Finch,Haemorhous mexicanus,2026-05-04T14:43:57Z,04-May-2026,07:43:57,0.8,3
Wilson's Warbler,Cardellina pusilla,2026-05-04T14:43:42Z,04-May-2026,07:43:42,0.28,1
Wilson's Warbler,Cardellina pusilla,2026-05-04T14:43:32Z,04-May-2026,07:43:32,0.32,1
Wilson's Warbler,Cardellina pusilla,2026-05-04T14:43:17Z,04-May-2026,07:43:17,0.41,1
Wilson's Warbler,Cardellina pusilla,2026-05-04T14:43:07Z,04-May-2026,07:43:07,0.36,1
House Finch,Haemorhous mexicanus,2026-05-04T14:42:55Z,04-May-2026,07:42:55,0.3,1
House Finch,Haemorhous mexicanus,2026-05-04T14:42:49Z,04-May-2026,07:42:49,0.7804,2
House Finch,Haemorhous mexicanus,2026-05-04T14:42:03Z,04-May-2026,07:42:03,0.28,1
House Finch,Haemorhous mexicanus,2026-05-04T14:40:40Z,04-May-2026,07:40:40,0.898,1
House Finch,Haemorhous mexicanus,2026-05-04T14:39:31Z,04-May-2026,07:39:31,0.8,1
House Finch,Haemorhous mexicanus,2026-05-04T14:38:54Z,04-May-2026,07:38:54,0.44,1
Red-breasted Nuthatch,Sitta canadensis,2026-05-04T14:38:38Z,04-May-2026,07:38:38,0.3,1
Black-capped Chickadee,Poecile atricapillus,2026-05-04T14:38:08Z,04-May-2026,07:38:08,0.33,1
House Finch,Haemorhous mexicanus,2026-05-04T14:38:01Z,04-May-2026,07:38:01,0.38,1
House Finch,Haemorhous mexicanus,2026-05-04T14:37:54Z,04-May-2026,07:37:54,0.48,1
House Finch,Haemorhous mexicanus,2026-05-04T14:36:19Z,04-May-2026,07:36:19,0.28,1
Red-breasted Nuthatch,Sitta canadensis,2026-05-04T14:35:27Z,04-May-2026,07:35:27,0.9,1
Red-breasted Nuthatch,Sitta canadensis,2026-05-04T14:35:10Z,04-May-2026,07:35:10,0.92,1
White-crowned Sparrow,Zonotrichia leucophrys,2026-05-04T14:34:17Z,04-May-2026,07:34:17,0.32,1
House Finch,Haemorhous mexicanus,2026-05-04T14:33:48Z,04-May-2026,07:33:48,0.55,1
American Robin,Turdus migratorius,2026-05-04T14:33:44Z,04-May-2026,07:33:44,0.8,1
House Finch,Haemorhous mexicanus,2026-05-04T14:33:39Z,04-May-2026,07:33:39,0.8745,1
White-crowned Sparrow,Zonotrichia leucophrys,2026-05-04T14:33:20Z,04-May-2026,07:33:20,0.27,1
House Finch,Haemorhous mexicanus,2026-05-04T14:32:15Z,04-May-2026,07:32:15,0.8157,1
Red-breasted Nuthatch,Sitta canadensis,2026-05-04T14:31:34Z,04-May-2026,07:31:34,0.78,1
Dark-eyed Junco,Junco hyemalis,2026-05-04T14:30:00Z,04-May-2026,07:30:00,0.31,1
Chipping Sparrow,Spizella passerina,2026-05-04T14:29:38Z,04-May-2026,07:29:38,0.37,1
Dark-eyed Junco,Junco hyemalis,2026-05-04T14:29:10Z,04-May-2026,07:29:10,0.39,1
Bewick's Wren,Thryomanes bewickii,2026-05-04T14:28:56Z,04-May-2026,07:28:56,0.37,1
Dark-eyed Junco,Junco hyemalis,2026-05-04T14:27:37Z,04-May-2026,07:27:37,0.36,1
Dark-eyed Junco,Junco hyemalis,2026-05-04T14:27:23Z,04-May-2026,07:27:23,0.38,1
Dark-eyed Junco,Junco hyemalis,2026-05-04T14:27:11Z,04-May-2026,07:27:11,0.4,1
Dark-eyed Junco,Junco hyemalis,2026-05-04T14:26:38Z,04-May-2026,07:26:38,0.28,1
Anna's Hummingbird,Calypte anna,2026-05-04T14:25:48Z,04-May-2026,07:25:48,0.27,1
House Finch,Haemorhous mexicanus,2026-05-04T14:24:09Z,04-May-2026,07:24:09,0.53,1
Northern Flicker,Colaptes auratus,2026-05-04T14:22:58Z,04-May-2026,07:22:58,0.71,1
Bewick's Wren,Thryomanes bewickii,2026-05-04T14:22:00Z,04-May-2026,07:22:00,0.61,1
Bewick's Wren,Thryomanes bewickii,2026-05-04T14:21:53Z,04-May-2026,07:21:53,0.31,1
Bewick's Wren,Thryomanes bewickii,2026-05-04T14:21:46Z,04-May-2026,07:21:46,0.66,1
Bewick's Wren,Thryomanes bewickii,2026-05-04T14:21:31Z,04-May-2026,07:21:31,0.5,1
Bewick's Wren,Thryomanes bewickii,2026-05-04T14:20:05Z,04-May-2026,07:20:05,0.49,1
Warbling Vireo,Vireo gilvus,2026-05-04T14:19:24Z,04-May-2026,07:19:24,0.36,1
Chestnut-backed Chickadee,Poecile rufescens,2026-05-04T14:19:16Z,04-May-2026,07:19:16,0.9569,7
Bewick's Wren,Thryomanes bewickii,2026-05-04T14:18:39Z,04-May-2026,07:18:39,0.68,1
Chestnut-backed Chickadee,Poecile rufescens,2026-05-04T14:18:15Z,04-May-2026,07:18:15,0.7804,3
House Finch,Haemorhous mexicanus,2026-05-04T14:18:03Z,04-May-2026,07:18:03,0.26,1
Bewick's Wren,Thryomanes bewickii,2026-05-04T14:17:49Z,04-May-2026,07:17:49,0.71,1
Bewick's Wren,Thryomanes bewickii,2026-05-04T14:17:38Z,04-May-2026,07:17:38,0.5,1
Chestnut-backed Chickadee,Poecile rufescens,2026-05-04T14:16:59Z,04-May-2026,07:16:59,0.9176,3
Bewick's Wren,Thryomanes bewickii,2026-05-04T14:16:51Z,04-May-2026,07:16:51,0.49,1
House Finch,Haemorhous mexicanus,2026-05-04T14:15:31Z,04-May-2026,07:15:31,0.898,1
Chestnut-backed Chickadee,Poecile rufescens,2026-05-04T14:14:06Z,04-May-2026,07:14:06,0.7804,3
Anna's Hummingbird,Calypte anna,2026-05-04T14:14:02Z,04-May-2026,07:14:02,0.8745,1
Chestnut-backed Chickadee,Poecile rufescens,2026-05-04T14:13:34Z,04-May-2026,07:13:34,0.59,1
Chestnut-backed Chickadee,Poecile rufescens,2026-05-04T14:12:26Z,04-May-2026,07:12:26,0.33,1
Chestnut-backed Chickadee,Poecile rufescens,2026-05-04T14:12:23Z,04-May-2026,07:12:23,0.8157,4
Bewick's Wren,Thryomanes bewickii,2026-05-04T14:12:07Z,04-May-2026,07:12:07,0.44,1
Chestnut-backed Chickadee,Poecile rufescens,2026-05-04T14:11:06Z,04-May-2026,07:11:06,0.8,9
House Finch,Haemorhous mexicanus,2026-05-04T14:10:40Z,04-May-2026,07:10:40,0.73,1
Chestnut-backed Chickadee,Poecile rufescens,2026-05-04T14:09:58Z,04-May-2026,07:09:58,0.9843,8
Bewick's Wren,Thryomanes bewickii,2026-05-04T14:09:33Z,04-May-2026,07:09:33,0.53,1
Bewick's Wren,Thryomanes bewickii,2026-05-04T14:08:52Z,04-May-2026,07:08:52,0.8,1
Chestnut-backed Chickadee,Poecile rufescens,2026-05-04T14:08:47Z,04-May-2026,07:08:47,0.8157,4
Bewick's Wren,Thryomanes bewickii,2026-05-04T14:08:43Z,04-May-2026,07:08:43,0.33,1
Bewick's Wren,Thryomanes bewickii,2026-05-04T14:08:36Z,04-May-2026,07:08:36,0.76,1
Bewick's Wren,Thryomanes bewickii,2026-05-04T14:08:30Z,04-May-2026,07:08:30,0.62,1
Bewick's Wren,Thryomanes bewickii,2026-05-04T14:08:03Z,04-May-2026,07:08:03,0.47,1
Chestnut-backed Chickadee,Poecile rufescens,2026-05-04T14:07:45Z,04-May-2026,07:07:45,0.8627,5
Bewick's Wren,Thryomanes bewickii,2026-05-04T14:06:45Z,04-May-2026,07:06:45,0.27,1
Chestnut-backed Chickadee,Poecile rufescens,2026-05-04T14:06:33Z,04-May-2026,07:06:33,0.9412,1
Bewick's Wren,Thryomanes bewickii,2026-05-04T14:06:10Z,04-May-2026,07:06:10,0.47,1
Chestnut-backed Chickadee,Poecile rufescens,2026-05-04T14:04:13Z,04-May-2026,07:04:13,0.7804,1
Bewick's Wren,Thryomanes bewickii,2026-05-04T14:02:36Z,04-May-2026,07:02:36,0.28,1
Bewick's Wren,Thryomanes bewickii,2026-05-04T14:02:29Z,04-May-2026,07:02:29,0.65,1
Bewick's Wren,Thryomanes bewickii,2026-05-04T14:02:22Z,04-May-2026,07:02:22,0.72,1
Bewick's Wren,Thryomanes bewickii,2026-05-04T14:02:12Z,04-May-2026,07:02:12,0.37,1
Bewick's Wren,Thryomanes bewickii,2026-05-04T14:01:19Z,04-May-2026,07:01:19,0.57,1
Bewick's Wren,Thryomanes bewickii,2026-05-04T14:01:08Z,04-May-2026,07:01:08,0.27,1
Bewick's Wren,Thryomanes bewickii,2026-05-04T13:59:44Z,04-May-2026,06:59:44,0.63,1
Black-capped Chickadee,Poecile atricapillus,2026-05-04T13:58:29Z,04-May-2026,06:58:29,0.55,1
Bewick's Wren,Thryomanes bewickii,2026-05-04T13:58:04Z,04-May-2026,06:58:04,0.46,1
Bewick's Wren,Thryomanes bewickii,2026-05-04T13:57:10Z,04-May-2026,06:57:10,0.42,1
Bewick's Wren,Thryomanes bewickii,2026-05-04T13:56:46Z,04-May-2026,06:56:46,0.29,1
Bewick's Wren,Thryomanes bewickii,2026-05-04T13:55:51Z,04-May-2026,06:55:51,0.26,1
Bewick's Wren,Thryomanes bewickii,2026-05-04T13:55:21Z,04-May-2026,06:55:21,0.57,1
Bewick's Wren,Thryomanes bewickii,2026-05-04T13:55:14Z,04-May-2026,06:55:14,0.41,1
Bewick's Wren,Thryomanes bewickii,2026-05-04T13:54:59Z,04-May-2026,06:54:59,0.77,1
Bewick's Wren,Thryomanes bewickii,2026-05-04T13:54:45Z,04-May-2026,06:54:45,0.26,1
Bewick's Wren,Thryomanes bewickii,2026-05-04T13:54:31Z,04-May-2026,06:54:31,0.59,1
Bewick's Wren,Thryomanes bewickii,2026-05-04T13:54:18Z,04-May-2026,06:54:18,0.78,1
Bewick's Wren,Thryomanes bewickii,2026-05-04T13:54:10Z,04-May-2026,06:54:10,0.45,1
American Robin,Turdus migratorius,2026-05-04T13:53:49Z,04-May-2026,06:53:49,0.8314,1
Bewick's Wren,Thryomanes bewickii,2026-05-04T13:53:38Z,04-May-2026,06:53:38,0.47,1
Bewick's Wren,Thryomanes bewickii,2026-05-04T13:53:09Z,04-May-2026,06:53:09,0.4,1
Bewick's Wren,Thryomanes bewickii,2026-05-04T13:53:02Z,04-May-2026,06:53:02,0.86,1
Bewick's Wren,Thryomanes bewickii,2026-05-04T13:52:46Z,04-May-2026,06:52:46,0.93,1
Bewick's Wren,Thryomanes bewickii,2026-05-04T13:52:39Z,04-May-2026,06:52:39,0.83,1
Bewick's Wren,Thryomanes bewickii,2026-05-04T13:52:25Z,04-May-2026,06:52:25,0.47,1
Bewick's Wren,Thryomanes bewickii,2026-05-04T13:52:02Z,04-May-2026,06:52:02,0.64,1
Bewick's Wren,Thryomanes bewickii,2026-05-04T13:51:55Z,04-May-2026,06:51:55,0.92,1
Bewick's Wren,Thryomanes bewickii,2026-05-04T13:51:48Z,04-May-2026,06:51:48,0.8,1
Bewick's Wren,Thryomanes bewickii,2026-05-04T13:51:34Z,04-May-2026,06:51:34,0.28,1
Bewick's Wren,Thryomanes bewickii,2026-05-04T13:51:21Z,04-May-2026,06:51:21,0.68,1
Bewick's Wren,Thryomanes bewickii,2026-05-04T13:51:06Z,04-May-2026,06:51:06,0.66,1
Bewick's Wren,Thryomanes bewickii,2026-05-04T13:50:51Z,04-May-2026,06:50:51,0.94,1
Black-capped Chickadee,Poecile atricapillus,2026-05-04T13:50:36Z,04-May-2026,06:50:36,0.41,1
Bewick's Wren,Thryomanes bewickii,2026-05-04T13:50:28Z,04-May-2026,06:50:28,0.89,1
Bewick's Wren,Thryomanes bewickii,2026-05-04T13:50:20Z,04-May-2026,06:50:20,0.83,1
Black-capped Chickadee,Poecile atricapillus,2026-05-04T13:50:13Z,04-May-2026,06:50:13,0.28,1
Black-capped Chickadee,Poecile atricapillus,2026-05-04T13:50:05Z,04-May-2026,06:50:05,0.8,1
Bewick's Wren,Thryomanes bewickii,2026-05-04T13:50:01Z,04-May-2026,06:50:01,0.8,1
Bewick's Wren,Thryomanes bewickii,2026-05-04T13:49:54Z,04-May-2026,06:49:54,0.68,1
Bewick's Wren,Thryomanes bewickii,2026-05-04T13:49:46Z,04-May-2026,06:49:46,0.97,1
Bewick's Wren,Thryomanes bewickii,2026-05-04T13:49:39Z,04-May-2026,06:49:39,0.88,1
Bewick's Wren,Thryomanes bewickii,2026-05-04T13:49:26Z,04-May-2026,06:49:26,0.79,1
Bewick's Wren,Thryomanes bewickii,2026-05-04T13:49:09Z,04-May-2026,06:49:09,0.91,1
Bewick's Wren,Thryomanes bewickii,2026-05-04T13:49:01Z,04-May-2026,06:49:01,0.94,1
Bewick's Wren,Thryomanes bewickii,2026-05-04T13:48:50Z,04-May-2026,06:48:50,0.66,1
Bewick's Wren,Thryomanes bewickii,2026-05-04T13:48:36Z,04-May-2026,06:48:36,0.96,1
House Finch,Haemorhous mexicanus,2026-05-04T13:48:30Z,04-May-2026,06:48:30,0.28,1
Bewick's Wren,Thryomanes bewickii,2026-05-04T13:48:15Z,04-May-2026,06:48:15,0.42,1
Bewick's Wren,Thryomanes bewickii,2026-05-04T13:47:54Z,04-May-2026,06:47:54,0.36,1
Bewick's Wren,Thryomanes bewickii,2026-05-04T13:47:34Z,04-May-2026,06:47:34,0.65,1
Bewick's Wren,Thryomanes bewickii,2026-05-04T13:47:27Z,04-May-2026,06:47:27,0.9,1
Warbling Vireo,Vireo gilvus,2026-05-04T13:47:03Z,04-May-2026,06:47:03,0.39,1
House Finch,Haemorhous mexicanus,2026-05-04T13:45:59Z,04-May-2026,06:45:59,0.82,1
House Finch,Haemorhous mexicanus,2026-05-04T13:45:44Z,04-May-2026,06:45:44,0.9412,5
House Finch,Haemorhous mexicanus,2026-05-04T13:44:44Z,04-May-2026,06:44:44,0.29,1
House Finch,Haemorhous mexicanus,2026-05-04T13:44:36Z,04-May-2026,06:44:36,0.8863,1
House Finch,Haemorhous mexicanus,2026-05-04T13:44:22Z,04-May-2026,06:44:22,0.45,1
House Finch,Haemorhous mexicanus,2026-05-04T13:43:40Z,04-May-2026,06:43:40,0.63,1
Black-capped Chickadee,Poecile atricapillus,2026-05-04T13:43:05Z,04-May-2026,06:43:05,0.32,1
White-throated Sparrow,Zonotrichia albicollis,2026-05-04T13:42:14Z,04-May-2026,06:42:14,0.36,1
Black-capped Chickadee,Poecile atricapillus,2026-05-04T13:42:00Z,04-May-2026,06:42:00,0.51,1
White-crowned Sparrow,Zonotrichia leucophrys,2026-05-04T13:41:39Z,04-May-2026,06:41:39,0.37,1
White-throated Sparrow,Zonotrichia albicollis,2026-05-04T13:40:19Z,04-May-2026,06:40:19,0.48,1
Chestnut-backed Chickadee,Poecile rufescens,2026-05-04T13:39:39Z,04-May-2026,06:39:39,0.28,1
Chestnut-backed Chickadee,Poecile rufescens,2026-05-04T13:39:08Z,04-May-2026,06:39:08,0.8157,3
American Robin,Turdus migratorius,2026-05-04T13:38:37Z,04-May-2026,06:38:37,0.8,3
American Robin,Turdus migratorius,2026-05-04T13:38:26Z,04-May-2026,06:38:26,0.26,1
Chestnut-backed Chickadee,Poecile rufescens,2026-05-04T13:37:44Z,04-May-2026,06:37:44,0.7804,1
Chestnut-backed Chickadee,Poecile rufescens,2026-05-04T13:37:23Z,04-May-2026,06:37:23,0.33,1
Chestnut-backed Chickadee,Poecile rufescens,2026-05-04T13:37:16Z,04-May-2026,06:37:16,0.27,1
American Robin,Turdus migratorius,2026-05-04T13:35:59Z,04-May-2026,06:35:59,0.8,3
American Robin,Turdus migratorius,2026-05-04T13:33:45Z,04-May-2026,06:33:45,0.8471,2
House Finch,Haemorhous mexicanus,2026-05-04T13:33:20Z,04-May-2026,06:33:20,0.33,1
American Goldfinch,Spinus tristis,2026-05-04T13:33:13Z,04-May-2026,06:33:13,0.28,1
House Finch,Haemorhous mexicanus,2026-05-04T13:33:09Z,04-May-2026,06:33:09,0.898,1
Steller's Jay,Cyanocitta stelleri,2026-05-04T13:32:38Z,04-May-2026,06:32:38,0.28,1
Black-capped Chickadee,Poecile atricapillus,2026-05-04T13:30:59Z,04-May-2026,06:30:59,0.31,1
Black-capped Chickadee,Poecile atricapillus,2026-05-04T13:30:19Z,04-May-2026,06:30:19,0.7804,1
American Robin,Turdus migratorius,2026-05-04T13:30:15Z,04-May-2026,06:30:15,0.8157,1
American Robin,Turdus migratorius,2026-05-04T13:30:11Z,04-May-2026,06:30:11,0.29,1
Black-capped Chickadee,Poecile atricapillus,2026-05-04T13:29:55Z,04-May-2026,06:29:55,0.33,1
Black-capped Chickadee,Poecile atricapillus,2026-05-04T13:29:42Z,04-May-2026,06:29:42,0.42,1
Black-capped Chickadee,Poecile atricapillus,2026-05-04T13:29:35Z,04-May-2026,06:29:35,0.45,1
American Robin,Turdus migratorius,2026-05-04T13:29:27Z,04-May-2026,06:29:27,0.39,1
American Robin,Turdus migratorius,2026-05-04T13:29:01Z,04-May-2026,06:29:01,0.8,1
Black-capped Chickadee,Poecile atricapillus,2026-05-04T13:28:17Z,04-May-2026,06:28:17,0.42,1
Black-capped Chickadee,Poecile atricapillus,2026-05-04T13:28:12Z,04-May-2026,06:28:12,0.8314,3
Black-capped Chickadee,Poecile atricapillus,2026-05-04T13:28:08Z,04-May-2026,06:28:08,0.34,1
Black-capped Chickadee,Poecile atricapillus,2026-05-04T13:27:54Z,04-May-2026,06:27:54,0.26,1
Black-capped Chickadee,Poecile atricapillus,2026-05-04T13:27:47Z,04-May-2026,06:27:47,0.33,1
Black-capped Chickadee,Poecile atricapillus,2026-05-04T13:27:13Z,04-May-2026,06:27:13,0.33,1
Black-capped Chickadee,Poecile atricapillus,2026-05-04T13:26:55Z,04-May-2026,06:26:55,0.8157,1
Black-capped Chickadee,Poecile atricapillus,2026-05-04T13:22:41Z,04-May-2026,06:22:41,0.46,1
American Robin,Turdus migratorius,2026-05-04T13:22:05Z,04-May-2026,06:22:05,0.43,1
American Robin,Turdus migratorius,2026-05-04T13:21:34Z,04-May-2026,06:21:34,0.38,1
American Robin,Turdus migratorius,2026-05-04T13:19:21Z,04-May-2026,06:19:21,0.3,1
American Robin,Turdus migratorius,2026-05-04T13:17:17Z,04-May-2026,06:17:17,0.7804,1
Chestnut-backed Chickadee,Poecile rufescens,2026-05-04T13:12:52Z,04-May-2026,06:12:52,0.9176,10
Chestnut-backed Chickadee,Poecile rufescens,2026-05-04T13:11:44Z,04-May-2026,06:11:44,0.8157,4
House Finch,Haemorhous mexicanus,2026-05-04T13:10:58Z,04-May-2026,06:10:58,0.3,1
Chestnut-backed Chickadee,Poecile rufescens,2026-05-04T13:10:40Z,04-May-2026,06:10:40,0.7804,4
Bewick's Wren,Thryomanes bewickii,2026-05-04T13:10:14Z,04-May-2026,06:10:14,0.37,1
Bewick's Wren,Thryomanes bewickii,2026-05-04T13:10:07Z,04-May-2026,06:10:07,0.34,1
Chestnut-backed Chickadee,Poecile rufescens,2026-05-04T13:09:39Z,04-May-2026,06:09:39,0.8627,2
Chestnut-backed Chickadee,Poecile rufescens,2026-05-04T13:08:26Z,04-May-2026,06:08:26,0.9412,1
Townsend's Warbler,Setophaga townsendi,2026-05-04T13:08:16Z,04-May-2026,06:08:16,0.3,1
Townsend's Warbler,Setophaga townsendi,2026-05-04T13:08:05Z,04-May-2026,06:08:05,0.27,1
Townsend's Warbler,Setophaga townsendi,2026-05-04T13:07:40Z,04-May-2026,06:07:40,0.49,1
Townsend's Warbler,Setophaga townsendi,2026-05-04T13:07:20Z,04-May-2026,06:07:20,0.29,1
Chestnut-backed Chickadee,Poecile rufescens,2026-05-04T13:06:50Z,04-May-2026,06:06:50,0.31,1
Townsend's Warbler,Setophaga townsendi,2026-05-04T13:06:14Z,04-May-2026,06:06:14,0.27,1
Townsend's Warbler,Setophaga townsendi,2026-05-04T13:06:07Z,04-May-2026,06:06:07,0.44,1
Townsend's Warbler,Setophaga townsendi,2026-05-04T13:04:49Z,04-May-2026,06:04:49,0.34,1
House Finch,Haemorhous mexicanus,2026-05-04T13:04:13Z,04-May-2026,06:04:13,0.8,1
Townsend's Warbler,Setophaga townsendi,2026-05-04T13:03:52Z,04-May-2026,06:03:52,0.34,1
Bewick's Wren,Thryomanes bewickii,2026-05-04T13:03:12Z,04-May-2026,06:03:12,0.28,1
House Finch,Haemorhous mexicanus,2026-05-04T13:01:50Z,04-May-2026,06:01:50,0.29,1
Townsend's Warbler,Setophaga townsendi,2026-05-04T12:59:04Z,04-May-2026,05:59:04,0.47,1
White-crowned Sparrow,Zonotrichia leucophrys,2026-05-04T12:57:32Z,04-May-2026,05:57:32,0.32,1
Black-capped Chickadee,Poecile atricapillus,2026-05-04T12:57:25Z,04-May-2026,05:57:25,0.36,1
Black-capped Chickadee,Poecile atricapillus,2026-05-04T12:57:18Z,04-May-2026,05:57:18,0.31,1
Black-capped Chickadee,Poecile atricapillus,2026-05-04T12:56:58Z,04-May-2026,05:56:58,0.37,1
American Robin,Turdus migratorius,2026-05-04T12:56:25Z,04-May-2026,05:56:25,0.8157,1
White-crowned Sparrow,Zonotrichia leucophrys,2026-05-04T12:56:21Z,04-May-2026,05:56:21,0.31,1
Bewick's Wren,Thryomanes bewickii,2026-05-04T12:54:24Z,04-May-2026,05:54:24,0.26,1
American Crow,Corvus brachyrhynchos,2026-05-04T12:52:59Z,04-May-2026,05:52:59,0.8863,1
Black-capped Chickadee,Poecile atricapillus,2026-05-04T12:47:31Z,04-May-2026,05:47:31,0.41,1
Black-capped Chickadee,Poecile atricapillus,2026-05-04T12:45:29Z,04-May-2026,05:45:29,0.29,1
Black-capped Chickadee,Poecile atricapillus,2026-05-04T12:45:14Z,04-May-2026,05:45:14,0.31,1
Black-capped Chickadee,Poecile atricapillus,2026-05-04T12:44:25Z,04-May-2026,05:44:25,0.53,1
Black-capped Chickadee,Poecile atricapillus,2026-05-04T12:44:01Z,04-May-2026,05:44:01,0.29,1
Black-capped Chickadee,Poecile atricapillus,2026-05-04T12:43:47Z,04-May-2026,05:43:47,0.51,1
Black-capped Chickadee,Poecile atricapillus,2026-05-04T12:43:32Z,04-May-2026,05:43:32,0.47,1
Black-capped Chickadee,Poecile atricapillus,2026-05-04T12:43:25Z,04-May-2026,05:43:25,0.44,1
Black-capped Chickadee,Poecile atricapillus,2026-05-04T12:43:18Z,04-May-2026,05:43:18,0.33,1
Black-capped Chickadee,Poecile atricapillus,2026-05-04T12:42:54Z,04-May-2026,05:42:54,0.44,1
Black-capped Chickadee,Poecile atricapillus,2026-05-04T12:42:40Z,04-May-2026,05:42:40,0.55,1
Black-capped Chickadee,Poecile atricapillus,2026-05-04T12:42:15Z,04-May-2026,05:42:15,0.38,1
Black-capped Chickadee,Poecile atricapillus,2026-05-04T12:42:05Z,04-May-2026,05:42:05,0.61,1
Black-capped Chickadee,Poecile atricapillus,2026-05-04T12:41:59Z,04-May-2026,05:41:59,0.3,1
Black-capped Chickadee,Poecile atricapillus,2026-05-04T12:41:52Z,04-May-2026,05:41:52,0.46,1
Black-capped Chickadee,Poecile atricapillus,2026-05-04T12:41:41Z,04-May-2026,05:41:41,0.33,1
Black-capped Chickadee,Poecile atricapillus,2026-05-04T12:41:30Z,04-May-2026,05:41:30,0.39,1
White-crowned Sparrow,Zonotrichia leucophrys,2026-05-04T12:41:10Z,04-May-2026,05:41:10,0.42,1
Black-capped Chickadee,Poecile atricapillus,2026-05-04T12:41:03Z,04-May-2026,05:41:03,0.28,1
Black-capped Chickadee,Poecile atricapillus,2026-05-04T12:40:48Z,04-May-2026,05:40:48,0.4,1
Black-capped Chickadee,Poecile atricapillus,2026-05-04T12:40:44Z,04-May-2026,05:40:44,0.8627,4
White-crowned Sparrow,Zonotrichia leucophrys,2026-05-04T12:40:37Z,04-May-2026,05:40:37,0.48,1
Black-capped Chickadee,Poecile atricapillus,2026-05-04T12:40:06Z,04-May-2026,05:40:06,0.29,1
Black-capped Chickadee,Poecile atricapillus,2026-05-04T12:39:46Z,04-May-2026,05:39:46,0.33,1
Black-capped Chickadee,Poecile atricapillus,2026-05-04T12:39:41Z,04-May-2026,05:39:41,0.8314,1
Black-capped Chickadee,Poecile atricapillus,2026-05-04T12:39:35Z,04-May-2026,05:39:35,0.37,1
Black-capped Chickadee,Poecile atricapillus,2026-05-04T12:38:59Z,04-May-2026,05:38:59,0.27,1
Black-capped Chickadee,Poecile atricapillus,2026-05-04T12:38:34Z,04-May-2026,05:38:34,0.28,1
Black-capped Chickadee,Poecile atricapillus,2026-05-04T12:38:12Z,04-May-2026,05:38:12,0.38,1
Black-capped Chickadee,Poecile atricapillus,2026-05-04T12:38:04Z,04-May-2026,05:38:04,0.43,1
Black-capped Chickadee,Poecile atricapillus,2026-05-04T12:37:32Z,04-May-2026,05:37:32,0.34,1
Black-capped Chickadee,Poecile atricapillus,2026-05-04T12:37:19Z,04-May-2026,05:37:19,0.41,1
Black-capped Chickadee,Poecile atricapillus,2026-05-04T12:29:32Z,04-May-2026,05:29:32,0.26,1
Black-capped Chickadee,Poecile atricapillus,2026-05-04T12:28:54Z,04-May-2026,05:28:54,0.3,1
White-throated Sparrow,Zonotrichia albicollis,2026-05-04T12:28:14Z,04-May-2026,05:28:14,0.27,1
Black-capped Chickadee,Poecile atricapillus,2026-05-04T12:28:07Z,04-May-2026,05:28:07,0.46,1
Black-capped Chickadee,Poecile atricapillus,2026-05-04T12:23:33Z,04-May-2026,05:23:33,0.26,1
Bewick's Wren,Thryomanes bewickii,2026-05-04T12:06:08Z,04-May-2026,05:06:08,0.44,1
Bewick's Wren,Thryomanes bewickii,2026-05-04T12:06:01Z,04-May-2026,05:06:01,0.51,1
Bewick's Wren,Thryomanes bewickii,2026-05-04T12:05:54Z,04-May-2026,05:05:54,0.86,1
Bewick's Wren,Thryomanes bewickii,2026-05-04T12:05:46Z,04-May-2026,05:05:46,0.87,1
Bewick's Wren,Thryomanes bewickii,2026-05-04T12:05:36Z,04-May-2026,05:05:36,0.9,1
Bewick's Wren,Thryomanes bewickii,2026-05-04T12:05:29Z,04-May-2026,05:05:29,0.91,1
Bewick's Wren,Thryomanes bewickii,2026-05-04T12:05:21Z,04-May-2026,05:05:21,0.97,1
Bewick's Wren,Thryomanes bewickii,2026-05-04T12:05:13Z,04-May-2026,05:05:13,0.92,1
Bewick's Wren,Thryomanes bewickii,2026-05-04T12:05:06Z,04-May-2026,05:05:06,0.82,1
Bewick's Wren,Thryomanes bewickii,2026-05-04T12:05:00Z,04-May-2026,05:05:00,0.74,1
Bewick's Wren,Thryomanes bewickii,2026-05-04T12:04:53Z,04-May-2026,05:04:53,0.9,1
Bewick's Wren,Thryomanes bewickii,2026-05-04T12:04:42Z,04-May-2026,05:04:42,0.83,1
Bewick's Wren,Thryomanes bewickii,2026-05-04T12:04:35Z,04-May-2026,05:04:35,0.86,1
Bewick's Wren,Thryomanes bewickii,2026-05-04T12:04:27Z,04-May-2026,05:04:27,0.31,1
Bewick's Wren,Thryomanes bewickii,2026-05-04T12:04:19Z,04-May-2026,05:04:19,0.93,1
Bewick's Wren,Thryomanes bewickii,2026-05-04T12:04:09Z,04-May-2026,05:04:09,0.91,1
Bewick's Wren,Thryomanes bewickii,2026-05-04T12:04:02Z,04-May-2026,05:04:02,0.94,1
Bewick's Wren,Thryomanes bewickii,2026-05-04T12:03:52Z,04-May-2026,05:03:52,0.92,1
Bewick's Wren,Thryomanes bewickii,2026-05-04T12:03:44Z,04-May-2026,05:03:44,0.88,1
Bewick's Wren,Thryomanes bewickii,2026-05-04T12:03:34Z,04-May-2026,05:03:34,0.59,1
Bewick's Wren,Thryomanes bewickii,2026-05-04T12:03:27Z,04-May-2026,05:03:27,0.63,1
Bewick's Wren,Thryomanes bewickii,2026-05-04T12:03:19Z,04-May-2026,05:03:19,0.58,1
Bewick's Wren,Thryomanes bewickii,2026-05-04T12:03:12Z,04-May-2026,05:03:12,0.89,1
Bewick's Wren,Thryomanes bewickii,2026-05-04T12:03:04Z,04-May-2026,05:03:04,0.93,1
Bewick's Wren,Thryomanes bewickii,2026-05-04T12:02:39Z,04-May-2026,05:02:39,0.61,1
Bewick's Wren,Thryomanes bewickii,2026-05-04T12:02:33Z,04-May-2026,05:02:33,0.42,1
Bewick's Wren,Thryomanes bewickii,2026-05-04T12:02:25Z,04-May-2026,05:02:25,0.88,1
Bewick's Wren,Thryomanes bewickii,2026-05-04T12:02:16Z,04-May-2026,05:02:16,0.91,1
Bewick's Wren,Thryomanes bewickii,2026-05-04T12:02:08Z,04-May-2026,05:02:08,0.9,1
Bewick's Wren,Thryomanes bewickii,2026-05-04T12:02:03Z,04-May-2026,05:02:03,0.5,1
Bewick's Wren,Thryomanes bewickii,2026-05-04T12:01:54Z,04-May-2026,05:01:54,0.8,1
Bewick's Wren,Thryomanes bewickii,2026-05-04T12:01:47Z,04-May-2026,05:01:47,0.7,1
Bewick's Wren,Thryomanes bewickii,2026-05-04T12:01:33Z,04-May-2026,05:01:33,0.67,1
Bewick's Wren,Thryomanes bewickii,2026-05-04T12:01:17Z,04-May-2026,05:01:17,0.84,1
Bewick's Wren,Thryomanes bewickii,2026-05-04T12:01:10Z,04-May-2026,05:01:10,0.86,1
Bewick's Wren,Thryomanes bewickii,2026-05-04T12:01:02Z,04-May-2026,05:01:02,0.7,1
Bewick's Wren,Thryomanes bewickii,2026-05-04T12:00:55Z,04-May-2026,05:00:55,0.83,1
Bewick's Wren,Thryomanes bewickii,2026-05-04T12:00:45Z,04-May-2026,05:00:45,0.96,1
Bewick's Wren,Thryomanes bewickii,2026-05-04T12:00:31Z,04-May-2026,05:00:31,0.88,1
Bewick's Wren,Thryomanes bewickii,2026-05-04T12:00:10Z,04-May-2026,05:00:10,0.81,1
Bewick's Wren,Thryomanes bewickii,2026-05-04T11:59:57Z,04-May-2026,04:59:57,0.71,1
Bewick's Wren,Thryomanes bewickii,2026-05-04T11:59:44Z,04-May-2026,04:59:44,0.76,1
Bewick's Wren,Thryomanes bewickii,2026-05-04T11:59:38Z,04-May-2026,04:59:38,0.93,1
Bewick's Wren,Thryomanes bewickii,2026-05-04T11:59:30Z,04-May-2026,04:59:30,0.44,1
Bewick's Wren,Thryomanes bewickii,2026-05-04T11:59:23Z,04-May-2026,04:59:23,0.71,1
Bewick's Wren,Thryomanes bewickii,2026-05-04T11:59:16Z,04-May-2026,04:59:16,0.7,1
Bewick's Wren,Thryomanes bewickii,2026-05-04T11:59:09Z,04-May-2026,04:59:09,0.95,1
Bewick's Wren,Thryomanes bewickii,2026-05-04T11:59:03Z,04-May-2026,04:59:03,0.94,1
Bewick's Wren,Thryomanes bewickii,2026-05-04T11:58:55Z,04-May-2026,04:58:55,0.94,1
Bewick's Wren,Thryomanes bewickii,2026-05-04T11:58:47Z,04-May-2026,04:58:47,0.88,1
Bewick's Wren,Thryomanes bewickii,2026-05-04T11:58:38Z,04-May-2026,04:58:38,0.92,1
Bewick's Wren,Thryomanes bewickii,2026-05-04T11:58:24Z,04-May-2026,04:58:24,0.92,1
Bewick's Wren,Thryomanes bewickii,2026-05-04T11:58:16Z,04-May-2026,04:58:16,0.96,1
Bewick's Wren,Thryomanes bewickii,2026-05-04T11:58:05Z,04-May-2026,04:58:05,0.94,1
Bewick's Wren,Thryomanes bewickii,2026-05-04T11:57:59Z,04-May-2026,04:57:59,0.96,1
Bewick's Wren,Thryomanes bewickii,2026-05-04T11:57:42Z,04-May-2026,04:57:42,0.58,1
Bewick's Wren,Thryomanes bewickii,2026-05-04T11:57:34Z,04-May-2026,04:57:34,0.31,1
Bewick's Wren,Thryomanes bewickii,2026-05-04T11:57:26Z,04-May-2026,04:57:26,0.57,1
Bewick's Wren,Thryomanes bewickii,2026-05-04T11:57:19Z,04-May-2026,04:57:19,0.68,1
Bewick's Wren,Thryomanes bewickii,2026-05-04T11:57:12Z,04-May-2026,04:57:12,0.76,1
Bewick's Wren,Thryomanes bewickii,2026-05-04T11:57:04Z,04-May-2026,04:57:04,0.81,1
Bewick's Wren,Thryomanes bewickii,2026-05-04T11:56:51Z,04-May-2026,04:56:51,0.94,1
Bewick's Wren,Thryomanes bewickii,2026-05-04T11:56:45Z,04-May-2026,04:56:45,0.95,1
Bewick's Wren,Thryomanes bewickii,2026-05-04T11:56:38Z,04-May-2026,04:56:38,0.88,1
Bewick's Wren,Thryomanes bewickii,2026-05-04T11:56:30Z,04-May-2026,04:56:30,0.84,1
Bewick's Wren,Thryomanes bewickii,2026-05-04T11:56:09Z,04-May-2026,04:56:09,0.93,1
Bewick's Wren,Thryomanes bewickii,2026-05-04T11:56:02Z,04-May-2026,04:56:02,0.92,1
Bewick's Wren,Thryomanes bewickii,2026-05-04T11:55:41Z,04-May-2026,04:55:41,0.88,1
Bewick's Wren,Thryomanes bewickii,2026-05-04T11:55:14Z,04-May-2026,04:55:14,0.78,1
Bewick's Wren,Thryomanes bewickii,2026-05-04T11:54:52Z,04-May-2026,04:54:52,0.48,1
Bewick's Wren,Thryomanes bewickii,2026-05-04T11:54:45Z,04-May-2026,04:54:45,0.94,1
Bewick's Wren,Thryomanes bewickii,2026-05-04T11:54:01Z,04-May-2026,04:54:01,0.9,1
Bewick's Wren,Thryomanes bewickii,2026-05-04T11:53:51Z,04-May-2026,04:53:51,0.94,1
Bewick's Wren,Thryomanes bewickii,2026-05-04T11:53:44Z,04-May-2026,04:53:44,0.83,1
Bewick's Wren,Thryomanes bewickii,2026-05-04T11:53:29Z,04-May-2026,04:53:29,0.96,1
Bewick's Wren,Thryomanes bewickii,2026-05-04T11:52:26Z,04-May-2026,04:52:26,0.96,1
Bewick's Wren,Thryomanes bewickii,2026-05-04T11:51:59Z,04-May-2026,04:51:59,0.86,1
Bewick's Wren,Thryomanes bewickii,2026-05-04T11:51:51Z,04-May-2026,04:51:51,0.93,1
Bewick's Wren,Thryomanes bewickii,2026-05-04T11:51:40Z,04-May-2026,04:51:40,0.87,1
Bewick's Wren,Thryomanes bewickii,2026-05-04T11:51:33Z,04-May-2026,04:51:33,0.52,1
Bewick's Wren,Thryomanes bewickii,2026-05-04T11:51:25Z,04-May-2026,04:51:25,0.7,1
Bewick's Wren,Thryomanes bewickii,2026-05-04T11:51:15Z,04-May-2026,04:51:15,0.95,1
Bewick's Wren,Thryomanes bewickii,2026-05-04T11:51:07Z,04-May-2026,04:51:07,0.5,1
Bewick's Wren,Thryomanes bewickii,2026-05-04T11:51:00Z,04-May-2026,04:51:00,0.92,1
Bewick's Wren,Thryomanes bewickii,2026-05-04T11:50:43Z,04-May-2026,04:50:43,0.69,1
Bewick's Wren,Thryomanes bewickii,2026-05-04T11:50:35Z,04-May-2026,04:50:35,0.87,1
Bewick's Wren,Thryomanes bewickii,2026-05-04T11:50:24Z,04-May-2026,04:50:24,0.96,1
Bewick's Wren,Thryomanes bewickii,2026-05-04T11:49:43Z,04-May-2026,04:49:43,0.96,1
Bewick's Wren,Thryomanes bewickii,2026-05-04T11:49:33Z,04-May-2026,04:49:33,0.73,1
Bewick's Wren,Thryomanes bewickii,2026-05-04T11:49:22Z,04-May-2026,04:49:22,0.94,1
Bewick's Wren,Thryomanes bewickii,2026-05-04T11:49:12Z,04-May-2026,04:49:12,0.94,1
Bewick's Wren,Thryomanes bewickii,2026-05-04T11:48:59Z,04-May-2026,04:48:59,0.97,1
Bewick's Wren,Thryomanes bewickii,2026-05-04T11:48:49Z,04-May-2026,04:48:49,0.47,1
Bewick's Wren,Thryomanes bewickii,2026-05-04T11:47:55Z,04-May-2026,04:47:55,0.94,1
Bewick's Wren,Thryomanes bewickii,2026-05-04T11:47:47Z,04-May-2026,04:47:47,0.98,1
Bewick's Wren,Thryomanes bewickii,2026-05-04T11:47:37Z,04-May-2026,04:47:37,0.96,1
Bewick's Wren,Thryomanes bewickii,2026-05-04T11:47:24Z,04-May-2026,04:47:24,0.42,1
Bewick's Wren,Thryomanes bewickii,2026-05-04T11:47:11Z,04-May-2026,04:47:11,0.82,1
Bewick's Wren,Thryomanes bewickii,2026-05-04T11:46:58Z,04-May-2026,04:46:58,0.86,1
Bewick's Wren,Thryomanes bewickii,2026-05-04T11:46:18Z,04-May-2026,04:46:18,0.93,1
Bewick's Wren,Thryomanes bewickii,2026-05-04T11:46:07Z,04-May-2026,04:46:07,0.86,1
Bewick's Wren,Thryomanes bewickii,2026-05-04T11:45:53Z,04-May-2026,04:45:53,0.96,1
Bewick's Wren,Thryomanes bewickii,2026-05-04T11:45:35Z,04-May-2026,04:45:35,0.95,1
Bewick's Wren,Thryomanes bewickii,2026-05-04T11:44:22Z,04-May-2026,04:44:22,0.87,1
Bewick's Wren,Thryomanes bewickii,2026-05-04T11:44:11Z,04-May-2026,04:44:11,0.75,1
Bewick's Wren,Thryomanes bewickii,2026-05-04T11:44:01Z,04-May-2026,04:44:01,0.98,1
Bewick's Wren,Thryomanes bewickii,2026-05-04T11:43:48Z,04-May-2026,04:43:48,0.87,1
Bewick's Wren,Thryomanes bewickii,2026-05-04T11:43:33Z,04-May-2026,04:43:33,0.97,1
Bewick's Wren,Thryomanes bewickii,2026-05-04T11:43:23Z,04-May-2026,04:43:23,0.95,1
Bewick's Wren,Thryomanes bewickii,2026-05-04T11:43:17Z,04-May-2026,04:43:17,0.96,1
Bewick's Wren,Thryomanes bewickii,2026-05-04T11:43:10Z,04-May-2026,04:43:10,0.97,1
Bewick's Wren,Thryomanes bewickii,2026-05-04T11:43:03Z,04-May-2026,04:43:03,0.72,1
Bewick's Wren,Thryomanes bewickii,2026-05-04T11:42:56Z,04-May-2026,04:42:56,0.49,1
Bewick's Wren,Thryomanes bewickii,2026-05-04T11:42:48Z,04-May-2026,04:42:48,0.94,1
Bewick's Wren,Thryomanes bewickii,2026-05-04T11:42:40Z,04-May-2026,04:42:40,0.96,1
Bewick's Wren,Thryomanes bewickii,2026-05-04T11:41:59Z,04-May-2026,04:41:59,0.96,1
Bewick's Wren,Thryomanes bewickii,2026-05-04T11:41:28Z,04-May-2026,04:41:28,0.94,1
Bewick's Wren,Thryomanes bewickii,2026-05-04T11:41:01Z,04-May-2026,04:41:01,0.94,1
Bewick's Wren,Thryomanes bewickii,2026-05-04T11:40:25Z,04-May-2026,04:40:25,0.84,1
Bewick's Wren,Thryomanes bewickii,2026-05-04T11:39:49Z,04-May-2026,04:39:49,0.92,1
Bewick's Wren,Thryomanes bewickii,2026-05-04T11:39:41Z,04-May-2026,04:39:41,0.96,1
Bewick's Wren,Thryomanes bewickii,2026-05-04T11:39:34Z,04-May-2026,04:39:34,0.97,1
Bewick's Wren,Thryomanes bewickii,2026-05-04T11:39:28Z,04-May-2026,04:39:28,0.94,1
Bewick's Wren,Thryomanes bewickii,2026-05-04T11:39:20Z,04-May-2026,04:39:20,0.95,1
Bewick's Wren,Thryomanes bewickii,2026-05-04T11:39:13Z,04-May-2026,04:39:13,0.86,1
Bewick's Wren,Thryomanes bewickii,2026-05-04T11:39:05Z,04-May-2026,04:39:05,0.89,1
Bewick's Wren,Thryomanes bewickii,2026-05-04T11:38:55Z,04-May-2026,04:38:55,0.93,1
Bewick's Wren,Thryomanes bewickii,2026-05-04T11:38:48Z,04-May-2026,04:38:48,0.93,1
Bewick's Wren,Thryomanes bewickii,2026-05-04T11:38:34Z,04-May-2026,04:38:34,0.87,1
Bewick's Wren,Thryomanes bewickii,2026-05-04T11:38:24Z,04-May-2026,04:38:24,0.96,1
Bewick's Wren,Thryomanes bewickii,2026-05-04T11:38:17Z,04-May-2026,04:38:17,0.26,1
Bewick's Wren,Thryomanes bewickii,2026-05-04T11:38:10Z,04-May-2026,04:38:10,0.96,1
Violet-green Swallow,Tachycineta thalassina,2026-05-04T11:37:45Z,04-May-2026,04:37:45,0.69,1
Violet-green Swallow,Tachycineta thalassina,2026-05-04T11:37:37Z,04-May-2026,04:37:37,0.55,1
Violet-green Swallow,Tachycineta thalassina,2026-05-04T11:37:20Z,04-May-2026,04:37:20,0.94,1
Violet-green Swallow,Tachycineta thalassina,2026-05-04T11:37:04Z,04-May-2026,04:37:04,0.87,1
Violet-green Swallow,Tachycineta thalassina,2026-05-04T11:36:58Z,04-May-2026,04:36:58,0.74,1
Violet-green Swallow,Tachycineta thalassina,2026-05-04T11:36:48Z,04-May-2026,04:36:48,0.66,1
Violet-green Swallow,Tachycineta thalassina,2026-05-04T11:34:51Z,04-May-2026,04:34:51,0.84,1
Violet-green Swallow,Tachycineta thalassina,2026-05-04T11:34:45Z,04-May-2026,04:34:45,0.57,1
Violet-green Swallow,Tachycineta thalassina,2026-05-04T11:34:38Z,04-May-2026,04:34:38,0.93,1
Violet-green Swallow,Tachycineta thalassina,2026-05-04T11:34:31Z,04-May-2026,04:34:31,0.82,1
Violet-green Swallow,Tachycineta thalassina,2026-05-04T11:34:24Z,04-May-2026,04:34:24,0.8,1
Violet-green Swallow,Tachycineta thalassina,2026-05-04T11:34:15Z,04-May-2026,04:34:15,0.88,1
Violet-green Swallow,Tachycineta thalassina,2026-05-04T11:34:08Z,04-May-2026,04:34:08,0.9,1
Violet-green Swallow,Tachycineta thalassina,2026-05-04T11:34:01Z,04-May-2026,04:34:01,0.94,1
Violet-green Swallow,Tachycineta thalassina,2026-05-04T11:33:55Z,04-May-2026,04:33:55,0.95,1
Violet-green Swallow,Tachycineta thalassina,2026-05-04T11:33:47Z,04-May-2026,04:33:47,0.88,1
Violet-green Swallow,Tachycineta thalassina,2026-05-04T11:33:40Z,04-May-2026,04:33:40,0.93,1
Violet-green Swallow,Tachycineta thalassina,2026-05-04T11:28:43Z,04-May-2026,04:28:43,0.95,1
Violet-green Swallow,Tachycineta thalassina,2026-05-04T11:28:18Z,04-May-2026,04:28:18,0.89,1
Violet-green Swallow,Tachycineta thalassina,2026-05-04T11:21:32Z,04-May-2026,04:21:32,0.88,1
Violet-green Swallow,Tachycineta thalassina,2026-05-04T11:21:24Z,04-May-2026,04:21:24,0.91,1
Violet-green Swallow,Tachycineta thalassina,2026-05-04T11:21:11Z,04-May-2026,04:21:11,0.27,1
Violet-green Swallow,Tachycineta thalassina,2026-05-04T11:21:04Z,04-May-2026,04:21:04,0.58,1
Violet-green Swallow,Tachycineta thalassina,2026-05-04T11:07:50Z,04-May-2026,04:07:50,0.29,1
Violet-green Swallow,Tachycineta thalassina,2026-05-04T11:07:43Z,04-May-2026,04:07:43,0.86,1
Violet-green Swallow,Tachycineta thalassina,2026-05-04T11:07:36Z,04-May-2026,04:07:36,0.61,1
Violet-green Swallow,Tachycineta thalassina,2026-05-04T11:07:29Z,04-May-2026,04:07:29,0.41,1
Violet-green Swallow,Tachycineta thalassina,2026-05-04T11:07:22Z,04-May-2026,04:07:22,0.82,1
Violet-green Swallow,Tachycineta thalassina,2026-05-04T11:06:56Z,04-May-2026,04:06:56,0.28,1
Violet-green Swallow,Tachycineta thalassina,2026-05-04T11:06:49Z,04-May-2026,04:06:49,0.82,1
American Robin,Turdus migratorius,2026-05-04T10:59:36Z,04-May-2026,03:59:36,0.26,1
Anna's Hummingbird,Calypte anna,2026-05-04T10:10:13Z,04-May-2026,03:10:13,0.8627,1
Anna's Hummingbird,Calypte anna,2026-05-04T07:48:35Z,04-May-2026,00:48:35,0.9098,1
Anna's Hummingbird,Calypte anna,2026-05-04T06:40:32Z,03-May-2026,23:40:32,0.898,1
American Robin,Turdus migratorius,2026-05-04T03:47:18Z,03-May-2026,20:47:18,0.8157,9
American Robin,Turdus migratorius,2026-05-04T03:46:17Z,03-May-2026,20:46:17,0.8863,1
American Robin,Turdus migratorius,2026-05-04T03:35:41Z,03-May-2026,20:35:41,0.8,1
American Crow,Corvus brachyrhynchos,2026-05-04T03:35:08Z,03-May-2026,20:35:08,0.8157,1
American Crow,Corvus brachyrhynchos,2026-05-04T03:31:01Z,03-May-2026,20:31:01,0.4,1
American Robin,Turdus migratorius,2026-05-04T03:29:44Z,03-May-2026,20:29:44,0.7804,1
American Robin,Turdus migratorius,2026-05-04T03:29:02Z,03-May-2026,20:29:02,0.26,1
American Robin,Turdus migratorius,2026-05-04T03:28:43Z,03-May-2026,20:28:43,0.32,1
American Robin,Turdus migratorius,2026-05-04T03:28:01Z,03-May-2026,20:28:01,0.33,1
American Robin,Turdus migratorius,2026-05-04T03:26:36Z,03-May-2026,20:26:36,0.9098,1
American Robin,Turdus migratorius,2026-05-04T03:26:32Z,03-May-2026,20:26:32,0.53,1
American Robin,Turdus migratorius,2026-05-04T03:25:27Z,03-May-2026,20:25:27,0.47,1
American Robin,Turdus migratorius,2026-05-04T03:23:46Z,03-May-2026,20:23:46,0.8314,1
American Robin,Turdus migratorius,2026-05-04T03:22:13Z,03-May-2026,20:22:13,0.9333,2
American Crow,Corvus brachyrhynchos,2026-05-04T03:21:43Z,03-May-2026,20:21:43,0.8471,1
American Crow,Corvus brachyrhynchos,2026-05-04T03:21:37Z,03-May-2026,20:21:37,0.27,1
American Robin,Turdus migratorius,2026-05-04T03:21:30Z,03-May-2026,20:21:30,0.27,1
American Robin,Turdus migratorius,2026-05-04T03:21:22Z,03-May-2026,20:21:22,0.4,1
American Robin,Turdus migratorius,2026-05-04T03:21:01Z,03-May-2026,20:21:01,0.8471,3
American Robin,Turdus migratorius,2026-05-04T03:20:30Z,03-May-2026,20:20:30,0.37,1
American Robin,Turdus migratorius,2026-05-04T03:19:56Z,03-May-2026,20:19:56,0.8627,1
American Robin,Turdus migratorius,2026-05-04T03:19:42Z,03-May-2026,20:19:42,0.39,1
American Robin,Turdus migratorius,2026-05-04T03:19:35Z,03-May-2026,20:19:35,0.52,1
American Robin,Turdus migratorius,2026-05-04T03:17:13Z,03-May-2026,20:17:13,0.36,1
American Robin,Turdus migratorius,2026-05-04T03:16:53Z,03-May-2026,20:16:53,0.8157,2
American Robin,Turdus migratorius,2026-05-04T03:16:17Z,03-May-2026,20:16:17,0.3,1
American Robin,Turdus migratorius,2026-05-04T03:16:03Z,03-May-2026,20:16:03,0.31,1
American Robin,Turdus migratorius,2026-05-04T03:15:26Z,03-May-2026,20:15:26,0.3,1
American Robin,Turdus migratorius,2026-05-04T03:15:17Z,03-May-2026,20:15:17,0.63,1
American Robin,Turdus migratorius,2026-05-04T03:14:04Z,03-May-2026,20:14:04,0.32,1
American Robin,Turdus migratorius,2026-05-04T03:12:33Z,03-May-2026,20:12:33,0.44,1
Bewick's Wren,Thryomanes bewickii,2026-05-04T03:11:46Z,03-May-2026,20:11:46,0.95,1
Bewick's Wren,Thryomanes bewickii,2026-05-04T03:11:24Z,03-May-2026,20:11:24,0.71,1
American Robin,Turdus migratorius,2026-05-04T03:10:12Z,03-May-2026,20:10:12,0.57,1
American Robin,Turdus migratorius,2026-05-04T03:10:05Z,03-May-2026,20:10:05,0.33,1
American Robin,Turdus migratorius,2026-05-04T03:09:50Z,03-May-2026,20:09:50,0.7804,2
American Kestrel,Falco sparverius,2026-05-04T03:09:14Z,03-May-2026,20:09:14,0.52,1
American Kestrel,Falco sparverius,2026-05-04T03:09:03Z,03-May-2026,20:09:03,0.26,1
American Robin,Turdus migratorius,2026-05-04T03:08:49Z,03-May-2026,20:08:49,0.9333,1
American Robin,Turdus migratorius,2026-05-04T03:07:47Z,03-May-2026,20:07:47,0.36,1
American Crow,Corvus brachyrhynchos,2026-05-04T03:05:04Z,03-May-2026,20:05:04,0.8,1
Caspian Tern,Hydroprogne caspia,2026-05-04T03:02:56Z,03-May-2026,20:02:56,0.59,1
Dark-eyed Junco,Junco hyemalis,2026-05-04T03:02:48Z,03-May-2026,20:02:48,0.34,1
Dark-eyed Junco,Junco hyemalis,2026-05-04T03:02:42Z,03-May-2026,20:02:42,0.53,1
Orange-crowned Warbler,Leiothlypis celata,2026-05-04T03:02:34Z,03-May-2026,20:02:34,0.73,1
Dark-eyed Junco,Junco hyemalis,2026-05-04T03:02:27Z,03-May-2026,20:02:27,0.54,1
American Robin,Turdus migratorius,2026-05-04T03:02:20Z,03-May-2026,20:02:20,0.48,1
American Robin,Turdus migratorius,2026-05-04T03:02:09Z,03-May-2026,20:02:09,0.33,1
American Robin,Turdus migratorius,2026-05-04T03:01:48Z,03-May-2026,20:01:48,0.31,1
Dark-eyed Junco,Junco hyemalis,2026-05-04T03:01:18Z,03-May-2026,20:01:18,0.55,1
American Robin,Turdus migratorius,2026-05-04T03:00:20Z,03-May-2026,20:00:20,0.39,1
Dark-eyed Junco,Junco hyemalis,2026-05-04T03:00:10Z,03-May-2026,20:00:10,0.45,1
American Robin,Turdus migratorius,2026-05-04T02:59:39Z,03-May-2026,19:59:39,0.38,1
American Robin,Turdus migratorius,2026-05-04T02:58:20Z,03-May-2026,19:58:20,0.9176,1
American Robin,Turdus migratorius,2026-05-04T02:57:34Z,03-May-2026,19:57:34,0.28,1
American Robin,Turdus migratorius,2026-05-04T02:56:44Z,03-May-2026,19:56:44,0.8314,1
Bewick's Wren,Thryomanes bewickii,2026-05-04T02:54:53Z,03-May-2026,19:54:53,0.32,1
Orange-crowned Warbler,Leiothlypis celata,2026-05-04T02:53:32Z,03-May-2026,19:53:32,0.37,1
Black-throated Gray Warbler,Setophaga nigrescens,2026-05-04T02:53:17Z,03-May-2026,19:53:17,0.44,1
Dark-eyed Junco,Junco hyemalis,2026-05-04T02:52:51Z,03-May-2026,19:52:51,0.33,1
American Robin,Turdus migratorius,2026-05-04T02:51:28Z,03-May-2026,19:51:28,0.8,1
Bewick's Wren,Thryomanes bewickii,2026-05-04T02:51:08Z,03-May-2026,19:51:08,0.49,1
Bewick's Wren,Thryomanes bewickii,2026-05-04T02:51:00Z,03-May-2026,19:51:00,0.45,1
American Robin,Turdus migratorius,2026-05-04T02:50:42Z,03-May-2026,19:50:42,0.26,1
House Finch,Haemorhous mexicanus,2026-05-04T02:50:34Z,03-May-2026,19:50:34,0.8,1
American Robin,Turdus migratorius,2026-05-04T02:48:14Z,03-May-2026,19:48:14,0.8745,1
House Finch,Haemorhous mexicanus,2026-05-04T02:47:23Z,03-May-2026,19:47:23,0.9255,1
American Robin,Turdus migratorius,2026-05-04T02:47:15Z,03-May-2026,19:47:15,0.27,1
House Finch,Haemorhous mexicanus,2026-05-04T02:45:41Z,03-May-2026,19:45:41,0.898,3
House Finch,Haemorhous mexicanus,2026-05-04T02:44:23Z,03-May-2026,19:44:23,0.8157,4
American Robin,Turdus migratorius,2026-05-04T02:43:18Z,03-May-2026,19:43:18,0.3,1
House Finch,Haemorhous mexicanus,2026-05-04T02:43:12Z,03-May-2026,19:43:12,0.898,1
Bewick's Wren,Thryomanes bewickii,2026-05-04T02:42:16Z,03-May-2026,19:42:16,0.68,1
Bewick's Wren,Thryomanes bewickii,2026-05-04T02:42:09Z,03-May-2026,19:42:09,0.77,1
House Finch,Haemorhous mexicanus,2026-05-04T02:42:05Z,03-May-2026,19:42:05,0.7804,1
Bewick's Wren,Thryomanes bewickii,2026-05-04T02:41:20Z,03-May-2026,19:41:20,0.35,1
Bewick's Wren,Thryomanes bewickii,2026-05-04T02:41:12Z,03-May-2026,19:41:12,0.39,1
Bewick's Wren,Thryomanes bewickii,2026-05-04T02:40:51Z,03-May-2026,19:40:51,0.53,1
Bewick's Wren,Thryomanes bewickii,2026-05-04T02:40:41Z,03-May-2026,19:40:41,0.41,1
Bewick's Wren,Thryomanes bewickii,2026-05-04T02:40:29Z,03-May-2026,19:40:29,0.8,1
Bewick's Wren,Thryomanes bewickii,2026-05-04T02:40:22Z,03-May-2026,19:40:22,0.51,1
Bewick's Wren,Thryomanes bewickii,2026-05-04T02:40:01Z,03-May-2026,19:40:01,0.92,1
Bewick's Wren,Thryomanes bewickii,2026-05-04T02:39:53Z,03-May-2026,19:39:53,0.29,1
Bewick's Wren,Thryomanes bewickii,2026-05-04T02:39:44Z,03-May-2026,19:39:44,0.62,1
Bewick's Wren,Thryomanes bewickii,2026-05-04T02:39:27Z,03-May-2026,19:39:27,0.33,1
Bewick's Wren,Thryomanes bewickii,2026-05-04T02:39:10Z,03-May-2026,19:39:10,0.46,1
Bewick's Wren,Thryomanes bewickii,2026-05-04T02:38:49Z,03-May-2026,19:38:49,0.38,1
Bewick's Wren,Thryomanes bewickii,2026-05-04T02:38:33Z,03-May-2026,19:38:33,0.56,1
Bewick's Wren,Thryomanes bewickii,2026-05-04T02:38:16Z,03-May-2026,19:38:16,0.29,1
Bewick's Wren,Thryomanes bewickii,2026-05-04T02:38:02Z,03-May-2026,19:38:02,0.57,1
Bewick's Wren,Thryomanes bewickii,2026-05-04T02:37:56Z,03-May-2026,19:37:56,0.28,1
Bewick's Wren,Thryomanes bewickii,2026-05-04T02:37:41Z,03-May-2026,19:37:41,0.81,1
Bewick's Wren,Thryomanes bewickii,2026-05-04T02:37:27Z,03-May-2026,19:37:27,0.41,1
Bewick's Wren,Thryomanes bewickii,2026-05-04T02:37:20Z,03-May-2026,19:37:20,0.67,1
House Finch,Haemorhous mexicanus,2026-05-04T02:34:34Z,03-May-2026,19:34:34,0.9098,3
House Finch,Haemorhous mexicanus,2026-05-04T02:33:26Z,03-May-2026,19:33:26,0.8745,5
Bewick's Wren,Thryomanes bewickii,2026-05-04T02:33:18Z,03-May-2026,19:33:18,0.43,1
Bewick's Wren,Thryomanes bewickii,2026-05-04T02:32:24Z,03-May-2026,19:32:24,0.26,1
Bewick's Wren,Thryomanes bewickii,2026-05-04T02:32:07Z,03-May-2026,19:32:07,0.73,1
Bewick's Wren,Thryomanes bewickii,2026-05-04T02:31:58Z,03-May-2026,19:31:58,0.52,1
Bewick's Wren,Thryomanes bewickii,2026-05-04T02:31:45Z,03-May-2026,19:31:45,0.51,1
Bewick's Wren,Thryomanes bewickii,2026-05-04T02:30:23Z,03-May-2026,19:30:23,0.72,1
Bewick's Wren,Thryomanes bewickii,2026-05-04T02:29:45Z,03-May-2026,19:29:45,0.6,1
Bewick's Wren,Thryomanes bewickii,2026-05-04T02:29:28Z,03-May-2026,19:29:28,0.87,1
Bewick's Wren,Thryomanes bewickii,2026-05-04T02:29:00Z,03-May-2026,19:29:00,0.81,1
Bewick's Wren,Thryomanes bewickii,2026-05-04T02:28:37Z,03-May-2026,19:28:37,0.91,1
Bewick's Wren,Thryomanes bewickii,2026-05-04T02:28:27Z,03-May-2026,19:28:27,0.75,1
Bewick's Wren,Thryomanes bewickii,2026-05-04T02:28:20Z,03-May-2026,19:28:20,0.32,1
Bewick's Wren,Thryomanes bewickii,2026-05-04T02:28:10Z,03-May-2026,19:28:10,0.33,1
Bewick's Wren,Thryomanes bewickii,2026-05-04T02:28:02Z,03-May-2026,19:28:02,0.38,1
Bewick's Wren,Thryomanes bewickii,2026-05-04T02:27:46Z,03-May-2026,19:27:46,0.51,1
House Finch,Haemorhous mexicanus,2026-05-04T02:26:41Z,03-May-2026,19:26:41,0.45,1
House Finch,Haemorhous mexicanus,2026-05-04T02:26:15Z,03-May-2026,19:26:15,0.8157,1
Bewick's Wren,Thryomanes bewickii,2026-05-04T02:25:49Z,03-May-2026,19:25:49,0.92,1
Bewick's Wren,Thryomanes bewickii,2026-05-04T02:25:26Z,03-May-2026,19:25:26,0.74,1
American Robin,Turdus migratorius,2026-05-04T02:21:00Z,03-May-2026,19:21:00,0.32,1
American Robin,Turdus migratorius,2026-05-04T02:20:45Z,03-May-2026,19:20:45,0.7804,1
Dark-eyed Junco,Junco hyemalis,2026-05-04T02:19:08Z,03-May-2026,19:19:08,0.26,1
American Robin,Turdus migratorius,2026-05-04T02:17:51Z,03-May-2026,19:17:51,0.37,1
Bewick's Wren,Thryomanes bewickii,2026-05-04T02:17:05Z,03-May-2026,19:17:05,0.41,1
Townsend's Warbler,Setophaga townsendi,2026-05-04T02:16:58Z,03-May-2026,19:16:58,0.27,1
Townsend's Warbler,Setophaga townsendi,2026-05-04T02:16:51Z,03-May-2026,19:16:51,0.38,1
Bewick's Wren,Thryomanes bewickii,2026-05-04T02:16:44Z,03-May-2026,19:16:44,0.52,1
Bewick's Wren,Thryomanes bewickii,2026-05-04T02:16:28Z,03-May-2026,19:16:28,0.42,1
Bewick's Wren,Thryomanes bewickii,2026-05-04T02:15:50Z,03-May-2026,19:15:50,0.6,1
Bewick's Wren,Thryomanes bewickii,2026-05-04T02:15:43Z,03-May-2026,19:15:43,0.27,1
Townsend's Warbler,Setophaga townsendi,2026-05-04T02:15:33Z,03-May-2026,19:15:33,0.38,1
Bewick's Wren,Thryomanes bewickii,2026-05-04T02:15:26Z,03-May-2026,19:15:26,0.38,1
Townsend's Warbler,Setophaga townsendi,2026-05-04T02:15:19Z,03-May-2026,19:15:19,0.58,1
American Crow,Corvus brachyrhynchos,2026-05-04T02:13:08Z,03-May-2026,19:13:08,0.33,1
Townsend's Warbler,Setophaga townsendi,2026-05-04T02:12:52Z,03-May-2026,19:12:52,0.55,1
Townsend's Warbler,Setophaga townsendi,2026-05-04T02:12:39Z,03-May-2026,19:12:39,0.65,1
Bewick's Wren,Thryomanes bewickii,2026-05-04T02:12:18Z,03-May-2026,19:12:18,0.35,1
Townsend's Warbler,Setophaga townsendi,2026-05-04T02:12:04Z,03-May-2026,19:12:04,0.36,1
Townsend's Warbler,Setophaga townsendi,2026-05-04T02:11:43Z,03-May-2026,19:11:43,0.38,1
Bewick's Wren,Thryomanes bewickii,2026-05-04T02:11:33Z,03-May-2026,19:11:33,0.52,1
Townsend's Warbler,Setophaga townsendi,2026-05-04T02:11:20Z,03-May-2026,19:11:20,0.35,1
Townsend's Warbler,Setophaga townsendi,2026-05-04T02:11:13Z,03-May-2026,19:11:13,0.3,1
Townsend's Warbler,Setophaga townsendi,2026-05-04T02:10:52Z,03-May-2026,19:10:52,0.51,1
Townsend's Warbler,Setophaga townsendi,2026-05-04T02:10:23Z,03-May-2026,19:10:23,0.54,1
Bewick's Wren,Thryomanes bewickii,2026-05-04T02:10:15Z,03-May-2026,19:10:15,0.49,1
Bewick's Wren,Thryomanes bewickii,2026-05-04T02:09:54Z,03-May-2026,19:09:54,0.35,1
Bewick's Wren,Thryomanes bewickii,2026-05-04T02:09:44Z,03-May-2026,19:09:44,0.42,1
Bewick's Wren,Thryomanes bewickii,2026-05-04T02:09:28Z,03-May-2026,19:09:28,0.3,1
Townsend's Warbler,Setophaga townsendi,2026-05-04T02:09:09Z,03-May-2026,19:09:09,0.31,1
Townsend's Warbler,Setophaga townsendi,2026-05-04T02:08:49Z,03-May-2026,19:08:49,0.67,1
Bewick's Wren,Thryomanes bewickii,2026-05-04T02:08:25Z,03-May-2026,19:08:25,0.49,1
Bewick's Wren,Thryomanes bewickii,2026-05-04T02:07:21Z,03-May-2026,19:07:21,0.27,1
Townsend's Warbler,Setophaga townsendi,2026-05-04T02:07:14Z,03-May-2026,19:07:14,0.58,1
Townsend's Warbler,Setophaga townsendi,2026-05-04T02:07:07Z,03-May-2026,19:07:07,0.52,1
Townsend's Warbler,Setophaga townsendi,2026-05-04T02:06:52Z,03-May-2026,19:06:52,0.4,1
Townsend's Warbler,Setophaga townsendi,2026-05-04T02:06:38Z,03-May-2026,19:06:38,0.65,1
American Crow,Corvus brachyrhynchos,2026-05-04T02:06:25Z,03-May-2026,19:06:25,0.48,1
American Crow,Corvus brachyrhynchos,2026-05-04T02:06:06Z,03-May-2026,19:06:06,0.8314,1
Townsend's Warbler,Setophaga townsendi,2026-05-04T02:05:47Z,03-May-2026,19:05:47,0.28,1
Townsend's Warbler,Setophaga townsendi,2026-05-04T01:59:50Z,03-May-2026,18:59:50,0.29,1
Townsend's Warbler,Setophaga townsendi,2026-05-04T01:59:32Z,03-May-2026,18:59:32,0.32,1
House Finch,Haemorhous mexicanus,2026-05-04T01:58:46Z,03-May-2026,18:58:46,0.51,1
Downy Woodpecker,Dryobates pubescens,2026-05-04T01:58:24Z,03-May-2026,18:58:24,0.8471,1
House Finch,Haemorhous mexicanus,2026-05-04T01:56:20Z,03-May-2026,18:56:20,0.29,1
Townsend's Warbler,Setophaga townsendi,2026-05-04T01:55:36Z,03-May-2026,18:55:36,0.35,1
Townsend's Warbler,Setophaga townsendi,2026-05-04T01:55:22Z,03-May-2026,18:55:22,0.37,1
Bewick's Wren,Thryomanes bewickii,2026-05-04T01:54:42Z,03-May-2026,18:54:42,0.7,1
Black-capped Chickadee,Poecile atricapillus,2026-05-04T01:54:37Z,03-May-2026,18:54:37,0.9333,1
Townsend's Warbler,Setophaga townsendi,2026-05-04T01:54:33Z,03-May-2026,18:54:33,0.47,1
Townsend's Warbler,Setophaga townsendi,2026-05-04T01:54:13Z,03-May-2026,18:54:13,0.53,1
Townsend's Warbler,Setophaga townsendi,2026-05-04T01:53:41Z,03-May-2026,18:53:41,0.53,1
Townsend's Warbler,Setophaga townsendi,2026-05-04T01:53:34Z,03-May-2026,18:53:34,0.33,1
Townsend's Warbler,Setophaga townsendi,2026-05-04T01:53:19Z,03-May-2026,18:53:19,0.46,1
Bewick's Wren,Thryomanes bewickii,2026-05-04T01:51:39Z,03-May-2026,18:51:39,0.72,1
Townsend's Warbler,Setophaga townsendi,2026-05-04T01:51:29Z,03-May-2026,18:51:29,0.33,1
Bewick's Wren,Thryomanes bewickii,2026-05-04T01:51:22Z,03-May-2026,18:51:22,0.32,1
Townsend's Warbler,Setophaga townsendi,2026-05-04T01:51:12Z,03-May-2026,18:51:12,0.28,1
Bewick's Wren,Thryomanes bewickii,2026-05-04T01:50:36Z,03-May-2026,18:50:36,0.49,1
Townsend's Warbler,Setophaga townsendi,2026-05-04T01:49:52Z,03-May-2026,18:49:52,0.55,1
Townsend's Warbler,Setophaga townsendi,2026-05-04T01:49:36Z,03-May-2026,18:49:36,0.71,1
Townsend's Warbler,Setophaga townsendi,2026-05-04T01:49:25Z,03-May-2026,18:49:25,0.61,1
American Crow,Corvus brachyrhynchos,2026-05-04T01:49:03Z,03-May-2026,18:49:03,0.8,1
Black-capped Chickadee,Poecile atricapillus,2026-05-04T01:47:15Z,03-May-2026,18:47:15,0.8,1
Townsend's Warbler,Setophaga townsendi,2026-05-04T01:46:06Z,03-May-2026,18:46:06,0.27,1
Townsend's Warbler,Setophaga townsendi,2026-05-04T01:45:44Z,03-May-2026,18:45:44,0.39,1
Chestnut-backed Chickadee,Poecile rufescens,2026-05-04T01:45:29Z,03-May-2026,18:45:29,0.898,8
Townsend's Warbler,Setophaga townsendi,2026-05-04T01:45:25Z,03-May-2026,18:45:25,0.33,1
Townsend's Warbler,Setophaga townsendi,2026-05-04T01:45:17Z,03-May-2026,18:45:17,0.5,1
Townsend's Warbler,Setophaga townsendi,2026-05-04T01:45:09Z,03-May-2026,18:45:09,0.35,1
Townsend's Warbler,Setophaga townsendi,2026-05-04T01:44:59Z,03-May-2026,18:44:59,0.41,1
Townsend's Warbler,Setophaga townsendi,2026-05-04T01:44:42Z,03-May-2026,18:44:42,0.53,1
Townsend's Warbler,Setophaga townsendi,2026-05-04T01:44:33Z,03-May-2026,18:44:33,0.38,1
Townsend's Warbler,Setophaga townsendi,2026-05-04T01:44:11Z,03-May-2026,18:44:11,0.65,1
Townsend's Warbler,Setophaga townsendi,2026-05-04T01:44:01Z,03-May-2026,18:44:01,0.7,1
Chestnut-backed Chickadee,Poecile rufescens,2026-05-04T01:43:51Z,03-May-2026,18:43:51,0.35,1
Chestnut-backed Chickadee,Poecile rufescens,2026-05-04T01:43:46Z,03-May-2026,18:43:46,0.9333,1
Bewick's Wren,Thryomanes bewickii,2026-05-04T01:43:34Z,03-May-2026,18:43:34,0.29,1
Bewick's Wren,Thryomanes bewickii,2026-05-04T01:42:50Z,03-May-2026,18:42:50,0.48,1
Townsend's Warbler,Setophaga townsendi,2026-05-04T01:41:04Z,03-May-2026,18:41:04,0.45,1
Townsend's Warbler,Setophaga townsendi,2026-05-04T01:40:49Z,03-May-2026,18:40:49,0.57,1
Townsend's Warbler,Setophaga townsendi,2026-05-04T01:40:13Z,03-May-2026,18:40:13,0.33,1
Townsend's Warbler,Setophaga townsendi,2026-05-04T01:40:06Z,03-May-2026,18:40:06,0.37,1
Bewick's Wren,Thryomanes bewickii,2026-05-04T01:39:52Z,03-May-2026,18:39:52,0.39,1
Bewick's Wren,Thryomanes bewickii,2026-05-04T01:39:41Z,03-May-2026,18:39:41,0.68,1
Bewick's Wren,Thryomanes bewickii,2026-05-04T01:39:24Z,03-May-2026,18:39:24,0.43,1
House Finch,Haemorhous mexicanus,2026-05-04T01:38:40Z,03-May-2026,18:38:40,0.8314,1
Orange-crowned Warbler,Leiothlypis celata,2026-05-04T01:37:51Z,03-May-2026,18:37:51,0.27,1
Townsend's Warbler,Setophaga townsendi,2026-05-04T01:37:16Z,03-May-2026,18:37:16,0.52,1
Orange-crowned Warbler,Leiothlypis celata,2026-05-04T01:37:03Z,03-May-2026,18:37:03,0.6,1
Orange-crowned Warbler,Leiothlypis celata,2026-05-04T01:36:57Z,03-May-2026,18:36:57,0.32,1
Orange-crowned Warbler,Leiothlypis celata,2026-05-04T01:36:50Z,03-May-2026,18:36:50,0.49,1
Orange-crowned Warbler,Leiothlypis celata,2026-05-04T01:35:55Z,03-May-2026,18:35:55,0.48,1
Bewick's Wren,Thryomanes bewickii,2026-05-04T01:35:22Z,03-May-2026,18:35:22,0.35,1
Townsend's Warbler,Setophaga townsendi,2026-05-04T01:34:58Z,03-May-2026,18:34:58,0.35,1
House Finch,Haemorhous mexicanus,2026-05-04T01:34:44Z,03-May-2026,18:34:44,0.8157,1
Bewick's Wren,Thryomanes bewickii,2026-05-04T01:34:08Z,03-May-2026,18:34:08,0.38,1
Black-capped Chickadee,Poecile atricapillus,2026-05-04T01:32:07Z,03-May-2026,18:32:07,0.9255,1
American Robin,Turdus migratorius,2026-05-04T01:28:35Z,03-May-2026,18:28:35,0.42,1
American Robin,Turdus migratorius,2026-05-04T01:27:57Z,03-May-2026,18:27:57,0.8157,1
American Robin,Turdus migratorius,2026-05-04T01:27:29Z,03-May-2026,18:27:29,0.44,1
Bewick's Wren,Thryomanes bewickii,2026-05-04T01:25:37Z,03-May-2026,18:25:37,0.26,1
Mountain Chickadee,Poecile gambeli,2026-05-04T01:25:30Z,03-May-2026,18:25:30,0.4,1
Townsend's Warbler,Setophaga townsendi,2026-05-04T01:25:06Z,03-May-2026,18:25:06,0.26,1
Bewick's Wren,Thryomanes bewickii,2026-05-04T01:24:31Z,03-May-2026,18:24:31,0.46,1
Bewick's Wren,Thryomanes bewickii,2026-05-04T01:24:04Z,03-May-2026,18:24:04,0.28,1
American Robin,Turdus migratorius,2026-05-04T01:23:38Z,03-May-2026,18:23:38,0.27,1
Townsend's Warbler,Setophaga townsendi,2026-05-04T01:22:57Z,03-May-2026,18:22:57,0.85,1
Townsend's Warbler,Setophaga townsendi,2026-05-04T01:22:50Z,03-May-2026,18:22:50,0.53,1
Townsend's Warbler,Setophaga townsendi,2026-05-04T01:22:43Z,03-May-2026,18:22:43,0.62,1
Bewick's Wren,Thryomanes bewickii,2026-05-04T01:22:29Z,03-May-2026,18:22:29,0.56,1
Townsend's Warbler,Setophaga townsendi,2026-05-04T01:22:22Z,03-May-2026,18:22:22,0.58,1
Bewick's Wren,Thryomanes bewickii,2026-05-04T01:21:37Z,03-May-2026,18:21:37,0.39,1
Townsend's Warbler,Setophaga townsendi,2026-05-04T01:21:28Z,03-May-2026,18:21:28,0.48,1
Townsend's Warbler,Setophaga townsendi,2026-05-04T01:20:48Z,03-May-2026,18:20:48,0.36,1
American Robin,Turdus migratorius,2026-05-04T01:20:41Z,03-May-2026,18:20:41,0.29,1
Townsend's Warbler,Setophaga townsendi,2026-05-04T01:18:56Z,03-May-2026,18:18:56,0.32,1
American Robin,Turdus migratorius,2026-05-04T01:18:33Z,03-May-2026,18:18:33,0.8157,1
Townsend's Warbler,Setophaga townsendi,2026-05-04T01:18:26Z,03-May-2026,18:18:26,0.43,1
Townsend's Warbler,Setophaga townsendi,2026-05-04T01:18:06Z,03-May-2026,18:18:06,0.61,1
Bewick's Wren,Thryomanes bewickii,2026-05-04T01:17:28Z,03-May-2026,18:17:28,0.29,1
Townsend's Warbler,Setophaga townsendi,2026-05-04T01:16:09Z,03-May-2026,18:16:09,0.5,1
Bewick's Wren,Thryomanes bewickii,2026-05-04T01:15:33Z,03-May-2026,18:15:33,0.52,1
Townsend's Warbler,Setophaga townsendi,2026-05-04T01:15:20Z,03-May-2026,18:15:20,0.51,1
Townsend's Warbler,Setophaga townsendi,2026-05-04T01:14:38Z,03-May-2026,18:14:38,0.33,1
Bewick's Wren,Thryomanes bewickii,2026-05-04T01:14:16Z,03-May-2026,18:14:16,0.29,1
Townsend's Warbler,Setophaga townsendi,2026-05-04T01:13:57Z,03-May-2026,18:13:57,0.29,1
Townsend's Warbler,Setophaga townsendi,2026-05-04T01:13:40Z,03-May-2026,18:13:40,0.6,1
Bewick's Wren,Thryomanes bewickii,2026-05-04T01:13:08Z,03-May-2026,18:13:08,0.38,1
Townsend's Warbler,Setophaga townsendi,2026-05-04T01:12:20Z,03-May-2026,18:12:20,0.43,1
Townsend's Warbler,Setophaga townsendi,2026-05-04T01:11:38Z,03-May-2026,18:11:38,0.53,1
Townsend's Warbler,Setophaga townsendi,2026-05-04T01:10:46Z,03-May-2026,18:10:46,0.52,1
Townsend's Warbler,Setophaga townsendi,2026-05-04T01:10:22Z,03-May-2026,18:10:22,0.37,1
Townsend's Warbler,Setophaga townsendi,2026-05-04T01:08:14Z,03-May-2026,18:08:14,0.26,1
Bewick's Wren,Thryomanes bewickii,2026-05-04T01:05:24Z,03-May-2026,18:05:24,0.5,1
Townsend's Warbler,Setophaga townsendi,2026-05-04T01:05:14Z,03-May-2026,18:05:14,0.27,1
Bewick's Wren,Thryomanes bewickii,2026-05-04T01:05:03Z,03-May-2026,18:05:03,0.35,1
Bewick's Wren,Thryomanes bewickii,2026-05-04T01:04:41Z,03-May-2026,18:04:41,0.34,1
Bewick's Wren,Thryomanes bewickii,2026-05-04T01:04:28Z,03-May-2026,18:04:28,0.35,1
Bewick's Wren,Thryomanes bewickii,2026-05-04T01:04:18Z,03-May-2026,18:04:18,0.28,1
Townsend's Warbler,Setophaga townsendi,2026-05-04T01:03:54Z,03-May-2026,18:03:54,0.81,1
Townsend's Warbler,Setophaga townsendi,2026-05-04T01:03:41Z,03-May-2026,18:03:41,0.39,1
Bewick's Wren,Thryomanes bewickii,2026-05-04T01:03:27Z,03-May-2026,18:03:27,0.28,1
Townsend's Warbler,Setophaga townsendi,2026-05-04T01:03:09Z,03-May-2026,18:03:09,0.5,1
Townsend's Warbler,Setophaga townsendi,2026-05-04T01:02:41Z,03-May-2026,18:02:41,0.47,1
House Finch,Haemorhous mexicanus,2026-05-04T01:01:37Z,03-May-2026,18:01:37,0.8471,1
Townsend's Warbler,Setophaga townsendi,2026-05-04T01:00:14Z,03-May-2026,18:00:14,0.27,1
American Robin,Turdus migratorius,2026-05-04T00:58:52Z,03-May-2026,17:58:52,0.37,1
American Robin,Turdus migratorius,2026-05-04T00:58:41Z,03-May-2026,17:58:41,0.3,1
American Robin,Turdus migratorius,2026-05-04T00:57:45Z,03-May-2026,17:57:45,0.3,1
House Finch,Haemorhous mexicanus,2026-05-04T00:55:42Z,03-May-2026,17:55:42,0.7804,1
American Robin,Turdus migratorius,2026-05-04T00:50:16Z,03-May-2026,17:50:16,0.8,1
Dark-eyed Junco,Junco hyemalis,2026-05-04T00:49:45Z,03-May-2026,17:49:45,0.26,1
American Robin,Turdus migratorius,2026-05-04T00:48:08Z,03-May-2026,17:48:08,0.29,1
Dark-eyed Junco,Junco hyemalis,2026-05-04T00:46:26Z,03-May-2026,17:46:26,0.26,1
House Finch,Haemorhous mexicanus,2026-05-04T00:44:02Z,03-May-2026,17:44:02,0.8471,1
American Robin,Turdus migratorius,2026-05-04T00:42:56Z,03-May-2026,17:42:56,0.8471,3
American Robin,Turdus migratorius,2026-05-04T00:42:37Z,03-May-2026,17:42:37,0.47,1
American Robin,Turdus migratorius,2026-05-04T00:41:45Z,03-May-2026,17:41:45,0.7804,1
House Finch,Haemorhous mexicanus,2026-05-04T00:41:24Z,03-May-2026,17:41:24,0.8157,1
Bewick's Wren,Thryomanes bewickii,2026-05-04T00:39:07Z,03-May-2026,17:39:07,0.28,1
American Robin,Turdus migratorius,2026-05-04T00:29:00Z,03-May-2026,17:29:00,0.35,1
Dark-eyed Junco,Junco hyemalis,2026-05-04T00:28:26Z,03-May-2026,17:28:26,0.26,1
Dark-eyed Junco,Junco hyemalis,2026-05-04T00:27:20Z,03-May-2026,17:27:20,0.32,1
House Finch,Haemorhous mexicanus,2026-05-04T00:22:49Z,03-May-2026,17:22:49,0.68,1
House Finch,Haemorhous mexicanus,2026-05-04T00:20:53Z,03-May-2026,17:20:53,0.8314,1
American Crow,Corvus brachyrhynchos,2026-05-04T00:14:05Z,03-May-2026,17:14:05,0.8157,1
Bewick's Wren,Thryomanes bewickii,2026-05-04T00:00:26Z,03-May-2026,17:00:26,0.27,1
Bewick's Wren,Thryomanes bewickii,2026-05-04T00:00:20Z,03-May-2026,17:00:20,0.3,1
