Species,Scientific Name,UTC Date,Local Date,Local Time,Score,Count
Black-capped Chickadee,Poecile atricapillus,2026-04-09T23:56:25Z,09-Apr-2026,16:56:25,0.37,1
Bewick's Wren,Thryomanes bewickii,2026-04-09T23:55:58Z,09-Apr-2026,16:55:58,0.41,1
Bewick's Wren,Thryomanes bewickii,2026-04-09T23:55:29Z,09-Apr-2026,16:55:29,0.52,1
Bushtit,Psaltriparus minimus,2026-04-09T23:54:55Z,09-Apr-2026,16:54:55,0.62,1
Red-breasted Nuthatch,Sitta canadensis,2026-04-09T23:54:48Z,09-Apr-2026,16:54:48,0.26,1
Red-breasted Nuthatch,Sitta canadensis,2026-04-09T23:54:41Z,09-Apr-2026,16:54:41,0.37,1
Red-breasted Nuthatch,Sitta canadensis,2026-04-09T23:54:27Z,09-Apr-2026,16:54:27,0.37,1
Red-breasted Nuthatch,Sitta canadensis,2026-04-09T23:53:32Z,09-Apr-2026,16:53:32,0.46,1
Bewick's Wren,Thryomanes bewickii,2026-04-09T23:53:25Z,09-Apr-2026,16:53:25,0.31,1
Bewick's Wren,Thryomanes bewickii,2026-04-09T23:53:18Z,09-Apr-2026,16:53:18,0.58,1
Bushtit,Psaltriparus minimus,2026-04-09T23:52:40Z,09-Apr-2026,16:52:40,0.34,1
Black-capped Chickadee,Poecile atricapillus,2026-04-09T23:50:15Z,09-Apr-2026,16:50:15,0.8863,1
Black-capped Chickadee,Poecile atricapillus,2026-04-09T23:49:34Z,09-Apr-2026,16:49:34,0.29,1
Yellow-rumped Warbler,Setophaga coronata,2026-04-09T23:49:10Z,09-Apr-2026,16:49:10,0.51,1
Dark-eyed Junco,Junco hyemalis,2026-04-09T23:49:05Z,09-Apr-2026,16:49:05,0.8157,1
Black-capped Chickadee,Poecile atricapillus,2026-04-09T23:45:53Z,09-Apr-2026,16:45:53,0.7804,1
Dark-eyed Junco,Junco hyemalis,2026-04-09T23:45:00Z,09-Apr-2026,16:45:00,0.49,1
Ruby-crowned Kinglet,Corthylio calendula,2026-04-09T23:44:52Z,09-Apr-2026,16:44:52,0.51,1
Ruby-crowned Kinglet,Corthylio calendula,2026-04-09T23:44:45Z,09-Apr-2026,16:44:45,0.49,1
Dark-eyed Junco,Junco hyemalis,2026-04-09T23:44:26Z,09-Apr-2026,16:44:26,0.9333,1
Dark-eyed Junco,Junco hyemalis,2026-04-09T23:43:45Z,09-Apr-2026,16:43:45,0.49,1
Dark-eyed Junco,Junco hyemalis,2026-04-09T23:43:29Z,09-Apr-2026,16:43:29,0.45,1
Dark-eyed Junco,Junco hyemalis,2026-04-09T23:43:09Z,09-Apr-2026,16:43:09,0.8471,1
Dark-eyed Junco,Junco hyemalis,2026-04-09T23:42:57Z,09-Apr-2026,16:42:57,0.27,1
Dark-eyed Junco,Junco hyemalis,2026-04-09T23:42:21Z,09-Apr-2026,16:42:21,0.27,1
House Finch,Haemorhous mexicanus,2026-04-09T23:39:49Z,09-Apr-2026,16:39:49,0.52,1
House Finch,Haemorhous mexicanus,2026-04-09T23:39:37Z,09-Apr-2026,16:39:37,0.7804,1
House Finch,Haemorhous mexicanus,2026-04-09T23:38:49Z,09-Apr-2026,16:38:49,0.59,1
Mountain Chickadee,Poecile gambeli,2026-04-09T23:35:42Z,09-Apr-2026,16:35:42,0.38,1
American Crow,Corvus brachyrhynchos,2026-04-09T23:34:29Z,09-Apr-2026,16:34:29,0.8314,2
Steller's Jay,Cyanocitta stelleri,2026-04-09T23:33:25Z,09-Apr-2026,16:33:25,0.9765,5
American Crow,Corvus brachyrhynchos,2026-04-09T23:33:00Z,09-Apr-2026,16:33:00,0.8471,1
Steller's Jay,Cyanocitta stelleri,2026-04-09T23:30:35Z,09-Apr-2026,16:30:35,0.9098,1
Steller's Jay,Cyanocitta stelleri,2026-04-09T23:28:53Z,09-Apr-2026,16:28:53,0.42,1
Chestnut-backed Chickadee,Poecile rufescens,2026-04-09T23:28:38Z,09-Apr-2026,16:28:38,0.8314,11
Chestnut-backed Chickadee,Poecile rufescens,2026-04-09T23:27:45Z,09-Apr-2026,16:27:45,0.35,1
Chestnut-backed Chickadee,Poecile rufescens,2026-04-09T23:26:52Z,09-Apr-2026,16:26:52,0.9647,1
Dark-eyed Junco,Junco hyemalis,2026-04-09T23:26:23Z,09-Apr-2026,16:26:23,0.44,1
House Finch,Haemorhous mexicanus,2026-04-09T23:24:53Z,09-Apr-2026,16:24:53,0.8471,4
House Finch,Haemorhous mexicanus,2026-04-09T23:24:20Z,09-Apr-2026,16:24:20,0.35,1
House Finch,Haemorhous mexicanus,2026-04-09T23:23:38Z,09-Apr-2026,16:23:38,0.8745,1
Dark-eyed Junco,Junco hyemalis,2026-04-09T23:22:08Z,09-Apr-2026,16:22:08,0.27,1
Dark-eyed Junco,Junco hyemalis,2026-04-09T23:21:52Z,09-Apr-2026,16:21:52,0.5,1
Dark-eyed Junco,Junco hyemalis,2026-04-09T23:21:45Z,09-Apr-2026,16:21:45,0.29,1
Cooper's Hawk,Accipiter cooperii,2026-04-09T23:16:44Z,09-Apr-2026,16:16:44,0.82,1
House Finch,Haemorhous mexicanus,2026-04-09T23:14:45Z,09-Apr-2026,16:14:45,0.8627,1
Steller's Jay,Cyanocitta stelleri,2026-04-09T23:14:21Z,09-Apr-2026,16:14:21,0.96,1
Steller's Jay,Cyanocitta stelleri,2026-04-09T23:14:17Z,09-Apr-2026,16:14:17,0.7804,1
Bushtit,Psaltriparus minimus,2026-04-09T23:13:56Z,09-Apr-2026,16:13:56,0.35,1
Bewick's Wren,Thryomanes bewickii,2026-04-09T23:12:49Z,09-Apr-2026,16:12:49,0.73,1
Bewick's Wren,Thryomanes bewickii,2026-04-09T23:12:43Z,09-Apr-2026,16:12:43,0.74,1
Bewick's Wren,Thryomanes bewickii,2026-04-09T23:12:33Z,09-Apr-2026,16:12:33,0.9,1
Bewick's Wren,Thryomanes bewickii,2026-04-09T23:12:24Z,09-Apr-2026,16:12:24,0.77,1
Bewick's Wren,Thryomanes bewickii,2026-04-09T23:11:50Z,09-Apr-2026,16:11:50,0.67,1
Bewick's Wren,Thryomanes bewickii,2026-04-09T23:11:36Z,09-Apr-2026,16:11:36,0.8,1
Bewick's Wren,Thryomanes bewickii,2026-04-09T23:11:21Z,09-Apr-2026,16:11:21,0.81,1
House Finch,Haemorhous mexicanus,2026-04-09T23:11:17Z,09-Apr-2026,16:11:17,0.8157,1
Bewick's Wren,Thryomanes bewickii,2026-04-09T23:11:09Z,09-Apr-2026,16:11:09,0.93,1
Bewick's Wren,Thryomanes bewickii,2026-04-09T23:10:48Z,09-Apr-2026,16:10:48,0.3,1
Bewick's Wren,Thryomanes bewickii,2026-04-09T23:10:41Z,09-Apr-2026,16:10:41,0.59,1
Bewick's Wren,Thryomanes bewickii,2026-04-09T23:10:33Z,09-Apr-2026,16:10:33,0.39,1
Bewick's Wren,Thryomanes bewickii,2026-04-09T23:10:18Z,09-Apr-2026,16:10:18,0.86,1
Steller's Jay,Cyanocitta stelleri,2026-04-09T23:10:14Z,09-Apr-2026,16:10:14,0.9176,3
Bewick's Wren,Thryomanes bewickii,2026-04-09T23:10:04Z,09-Apr-2026,16:10:04,0.31,1
Bewick's Wren,Thryomanes bewickii,2026-04-09T23:09:44Z,09-Apr-2026,16:09:44,0.32,1
Bewick's Wren,Thryomanes bewickii,2026-04-09T23:09:36Z,09-Apr-2026,16:09:36,0.34,1
Steller's Jay,Cyanocitta stelleri,2026-04-09T23:09:11Z,09-Apr-2026,16:09:11,0.7804,1
House Finch,Haemorhous mexicanus,2026-04-09T23:08:57Z,09-Apr-2026,16:08:57,0.8314,3
House Finch,Haemorhous mexicanus,2026-04-09T23:08:14Z,09-Apr-2026,16:08:14,0.28,1
House Finch,Haemorhous mexicanus,2026-04-09T23:07:39Z,09-Apr-2026,16:07:39,0.31,1
House Finch,Haemorhous mexicanus,2026-04-09T23:07:36Z,09-Apr-2026,16:07:36,0.8627,5
House Finch,Haemorhous mexicanus,2026-04-09T23:06:28Z,09-Apr-2026,16:06:28,0.8,1
Chestnut-backed Chickadee,Poecile rufescens,2026-04-09T23:06:24Z,09-Apr-2026,16:06:24,0.8157,1
Bushtit,Psaltriparus minimus,2026-04-09T23:05:32Z,09-Apr-2026,16:05:32,0.86,1
Bushtit,Psaltriparus minimus,2026-04-09T23:05:14Z,09-Apr-2026,16:05:14,0.58,1
Bushtit,Psaltriparus minimus,2026-04-09T23:05:08Z,09-Apr-2026,16:05:08,0.97,1
Anna's Hummingbird,Calypte anna,2026-04-09T23:04:49Z,09-Apr-2026,16:04:49,0.8314,1
Bushtit,Psaltriparus minimus,2026-04-09T23:04:43Z,09-Apr-2026,16:04:43,0.55,1
Bushtit,Psaltriparus minimus,2026-04-09T23:04:35Z,09-Apr-2026,16:04:35,0.85,1
Black-capped Chickadee,Poecile atricapillus,2026-04-09T23:03:54Z,09-Apr-2026,16:03:54,0.8157,1
Chestnut-backed Chickadee,Poecile rufescens,2026-04-09T23:02:02Z,09-Apr-2026,16:02:02,0.9098,5
Bewick's Wren,Thryomanes bewickii,2026-04-09T23:01:35Z,09-Apr-2026,16:01:35,0.95,1
Chestnut-backed Chickadee,Poecile rufescens,2026-04-09T23:01:04Z,09-Apr-2026,16:01:04,0.49,1
Chestnut-backed Chickadee,Poecile rufescens,2026-04-09T23:01:00Z,09-Apr-2026,16:01:00,0.9098,6
Chestnut-backed Chickadee,Poecile rufescens,2026-04-09T23:00:37Z,09-Apr-2026,16:00:37,0.3,1
Chestnut-backed Chickadee,Poecile rufescens,2026-04-09T22:59:36Z,09-Apr-2026,15:59:36,0.9098,1
Chestnut-backed Chickadee,Poecile rufescens,2026-04-09T22:58:41Z,09-Apr-2026,15:58:41,0.26,1
Chestnut-backed Chickadee,Poecile rufescens,2026-04-09T22:58:26Z,09-Apr-2026,15:58:26,0.8745,1
Chestnut-backed Chickadee,Poecile rufescens,2026-04-09T22:56:17Z,09-Apr-2026,15:56:17,0.8627,13
House Finch,Haemorhous mexicanus,2026-04-09T22:55:47Z,09-Apr-2026,15:55:47,0.8,1
Chestnut-backed Chickadee,Poecile rufescens,2026-04-09T22:54:53Z,09-Apr-2026,15:54:53,0.46,1
Chestnut-backed Chickadee,Poecile rufescens,2026-04-09T22:53:39Z,09-Apr-2026,15:53:39,0.49,1
Chestnut-backed Chickadee,Poecile rufescens,2026-04-09T22:53:20Z,09-Apr-2026,15:53:20,0.8,11
Chestnut-backed Chickadee,Poecile rufescens,2026-04-09T22:52:12Z,09-Apr-2026,15:52:12,0.9882,1
Bewick's Wren,Thryomanes bewickii,2026-04-09T22:49:35Z,09-Apr-2026,15:49:35,0.45,1
Townsend's Warbler,Setophaga townsendi,2026-04-09T22:45:20Z,09-Apr-2026,15:45:20,0.43,1
Steller's Jay,Cyanocitta stelleri,2026-04-09T22:44:35Z,09-Apr-2026,15:44:35,0.46,1
House Finch,Haemorhous mexicanus,2026-04-09T22:43:23Z,09-Apr-2026,15:43:23,0.7804,1
House Finch,Haemorhous mexicanus,2026-04-09T22:40:33Z,09-Apr-2026,15:40:33,0.32,1
Black-capped Chickadee,Poecile atricapillus,2026-04-09T22:39:03Z,09-Apr-2026,15:39:03,0.36,1
House Finch,Haemorhous mexicanus,2026-04-09T22:38:23Z,09-Apr-2026,15:38:23,0.34,1
Black-capped Chickadee,Poecile atricapillus,2026-04-09T22:37:52Z,09-Apr-2026,15:37:52,0.8745,1
Ruby-crowned Kinglet,Corthylio calendula,2026-04-09T22:37:08Z,09-Apr-2026,15:37:08,0.6,1
Ruby-crowned Kinglet,Corthylio calendula,2026-04-09T22:37:01Z,09-Apr-2026,15:37:01,0.64,1
House Finch,Haemorhous mexicanus,2026-04-09T22:36:08Z,09-Apr-2026,15:36:08,0.8,4
House Finch,Haemorhous mexicanus,2026-04-09T22:34:44Z,09-Apr-2026,15:34:44,0.28,1
House Finch,Haemorhous mexicanus,2026-04-09T22:33:48Z,09-Apr-2026,15:33:48,0.8471,1
House Finch,Haemorhous mexicanus,2026-04-09T22:33:09Z,09-Apr-2026,15:33:09,0.35,1
House Finch,Haemorhous mexicanus,2026-04-09T22:32:55Z,09-Apr-2026,15:32:55,0.36,1
Chestnut-backed Chickadee,Poecile rufescens,2026-04-09T22:32:05Z,09-Apr-2026,15:32:05,0.9176,1
Dark-eyed Junco,Junco hyemalis,2026-04-09T22:28:38Z,09-Apr-2026,15:28:38,0.36,1
Chestnut-backed Chickadee,Poecile rufescens,2026-04-09T22:27:47Z,09-Apr-2026,15:27:47,0.26,1
Anna's Hummingbird,Calypte anna,2026-04-09T22:27:26Z,09-Apr-2026,15:27:26,0.9098,1
Chestnut-backed Chickadee,Poecile rufescens,2026-04-09T22:26:43Z,09-Apr-2026,15:26:43,0.27,1
Chestnut-backed Chickadee,Poecile rufescens,2026-04-09T22:26:37Z,09-Apr-2026,15:26:37,0.64,1
Chestnut-backed Chickadee,Poecile rufescens,2026-04-09T22:25:51Z,09-Apr-2026,15:25:51,0.8157,1
Chestnut-backed Chickadee,Poecile rufescens,2026-04-09T22:21:42Z,09-Apr-2026,15:21:42,0.38,1
Chestnut-backed Chickadee,Poecile rufescens,2026-04-09T22:21:23Z,09-Apr-2026,15:21:23,0.898,1
Chestnut-backed Chickadee,Poecile rufescens,2026-04-09T22:20:14Z,09-Apr-2026,15:20:14,0.9765,1
Chestnut-backed Chickadee,Poecile rufescens,2026-04-09T22:18:47Z,09-Apr-2026,15:18:47,0.898,11
Chestnut-backed Chickadee,Poecile rufescens,2026-04-09T22:18:01Z,09-Apr-2026,15:18:01,0.7,1
Chestnut-backed Chickadee,Poecile rufescens,2026-04-09T22:17:48Z,09-Apr-2026,15:17:48,0.38,1
Chestnut-backed Chickadee,Poecile rufescens,2026-04-09T22:17:43Z,09-Apr-2026,15:17:43,0.9686,1
House Finch,Haemorhous mexicanus,2026-04-09T22:16:59Z,09-Apr-2026,15:16:59,0.8,1
Bewick's Wren,Thryomanes bewickii,2026-04-09T22:16:41Z,09-Apr-2026,15:16:41,0.38,1
Bewick's Wren,Thryomanes bewickii,2026-04-09T22:16:20Z,09-Apr-2026,15:16:20,0.4,1
Bewick's Wren,Thryomanes bewickii,2026-04-09T22:14:59Z,09-Apr-2026,15:14:59,0.68,1
Bewick's Wren,Thryomanes bewickii,2026-04-09T22:14:49Z,09-Apr-2026,15:14:49,0.33,1
Black-capped Chickadee,Poecile atricapillus,2026-04-09T22:14:16Z,09-Apr-2026,15:14:16,0.7804,1
Chestnut-backed Chickadee,Poecile rufescens,2026-04-09T22:13:53Z,09-Apr-2026,15:13:53,0.36,1
Downy Woodpecker,Dryobates pubescens,2026-04-09T22:13:39Z,09-Apr-2026,15:13:39,0.26,1
Chestnut-backed Chickadee,Poecile rufescens,2026-04-09T22:13:31Z,09-Apr-2026,15:13:31,0.53,1
Bewick's Wren,Thryomanes bewickii,2026-04-09T22:13:10Z,09-Apr-2026,15:13:10,0.78,1
Downy Woodpecker,Dryobates pubescens,2026-04-09T22:13:02Z,09-Apr-2026,15:13:02,0.36,1
Bewick's Wren,Thryomanes bewickii,2026-04-09T22:10:55Z,09-Apr-2026,15:10:55,0.31,1
Bewick's Wren,Thryomanes bewickii,2026-04-09T22:10:45Z,09-Apr-2026,15:10:45,0.56,1
Black-capped Chickadee,Poecile atricapillus,2026-04-09T22:10:34Z,09-Apr-2026,15:10:34,0.9176,6
Black-capped Chickadee,Poecile atricapillus,2026-04-09T22:10:19Z,09-Apr-2026,15:10:19,0.38,1
Black-capped Chickadee,Poecile atricapillus,2026-04-09T22:09:29Z,09-Apr-2026,15:09:29,0.8471,1
House Finch,Haemorhous mexicanus,2026-04-09T22:08:56Z,09-Apr-2026,15:08:56,0.39,1
Black-capped Chickadee,Poecile atricapillus,2026-04-09T22:08:43Z,09-Apr-2026,15:08:43,0.48,1
House Finch,Haemorhous mexicanus,2026-04-09T22:08:36Z,09-Apr-2026,15:08:36,0.72,1
House Finch,Haemorhous mexicanus,2026-04-09T22:07:53Z,09-Apr-2026,15:07:53,0.8471,1
Mountain Chickadee,Poecile gambeli,2026-04-09T22:06:47Z,09-Apr-2026,15:06:47,0.34,1
American Crow,Corvus brachyrhynchos,2026-04-09T22:05:44Z,09-Apr-2026,15:05:44,0.7804,1
Chestnut-backed Chickadee,Poecile rufescens,2026-04-09T22:04:39Z,09-Apr-2026,15:04:39,0.8745,2
Ruby-crowned Kinglet,Corthylio calendula,2026-04-09T22:03:42Z,09-Apr-2026,15:03:42,0.99,1
Chestnut-backed Chickadee,Poecile rufescens,2026-04-09T22:03:21Z,09-Apr-2026,15:03:21,0.7804,4
Chestnut-backed Chickadee,Poecile rufescens,2026-04-09T22:02:30Z,09-Apr-2026,15:02:30,0.32,1
Pacific Wren,Troglodytes pacificus,2026-04-09T22:02:05Z,09-Apr-2026,15:02:05,0.26,1
Black-capped Chickadee,Poecile atricapillus,2026-04-09T22:00:48Z,09-Apr-2026,15:00:48,0.27,1
Black-capped Chickadee,Poecile atricapillus,2026-04-09T22:00:38Z,09-Apr-2026,15:00:38,0.28,1
Black-capped Chickadee,Poecile atricapillus,2026-04-09T22:00:33Z,09-Apr-2026,15:00:33,0.8,1
Chestnut-backed Chickadee,Poecile rufescens,2026-04-09T21:59:29Z,09-Apr-2026,14:59:29,0.8314,4
Chestnut-backed Chickadee,Poecile rufescens,2026-04-09T21:58:28Z,09-Apr-2026,14:58:28,0.9176,3
Dark-eyed Junco,Junco hyemalis,2026-04-09T21:58:14Z,09-Apr-2026,14:58:14,0.57,1
Chestnut-backed Chickadee,Poecile rufescens,2026-04-09T21:57:48Z,09-Apr-2026,14:57:48,0.27,1
Chestnut-backed Chickadee,Poecile rufescens,2026-04-09T21:57:11Z,09-Apr-2026,14:57:11,0.35,1
Chestnut-backed Chickadee,Poecile rufescens,2026-04-09T21:57:04Z,09-Apr-2026,14:57:04,0.8157,1
Chestnut-backed Chickadee,Poecile rufescens,2026-04-09T21:55:49Z,09-Apr-2026,14:55:49,0.9725,3
House Finch,Haemorhous mexicanus,2026-04-09T21:55:00Z,09-Apr-2026,14:55:00,0.8,1
Chestnut-backed Chickadee,Poecile rufescens,2026-04-09T21:54:02Z,09-Apr-2026,14:54:02,0.8314,4
Chestnut-backed Chickadee,Poecile rufescens,2026-04-09T21:52:56Z,09-Apr-2026,14:52:56,0.9176,9
Chestnut-backed Chickadee,Poecile rufescens,2026-04-09T21:52:48Z,09-Apr-2026,14:52:48,0.26,1
Chestnut-backed Chickadee,Poecile rufescens,2026-04-09T21:51:50Z,09-Apr-2026,14:51:50,0.9765,1
American Crow,Corvus brachyrhynchos,2026-04-09T21:48:55Z,09-Apr-2026,14:48:55,0.8,1
Ruby-crowned Kinglet,Corthylio calendula,2026-04-09T21:47:32Z,09-Apr-2026,14:47:32,0.32,1
Black-capped Chickadee,Poecile atricapillus,2026-04-09T21:44:27Z,09-Apr-2026,14:44:27,0.8,4
Black-capped Chickadee,Poecile atricapillus,2026-04-09T21:43:55Z,09-Apr-2026,14:43:55,0.46,1
Black-capped Chickadee,Poecile atricapillus,2026-04-09T21:43:23Z,09-Apr-2026,14:43:23,0.8,2
Downy Woodpecker,Dryobates pubescens,2026-04-09T21:42:01Z,09-Apr-2026,14:42:01,0.26,1
Black-capped Chickadee,Poecile atricapillus,2026-04-09T21:41:48Z,09-Apr-2026,14:41:48,0.35,1
Black-capped Chickadee,Poecile atricapillus,2026-04-09T21:40:32Z,09-Apr-2026,14:40:32,0.8471,1
House Finch,Haemorhous mexicanus,2026-04-09T21:39:03Z,09-Apr-2026,14:39:03,0.39,1
House Finch,Haemorhous mexicanus,2026-04-09T21:38:48Z,09-Apr-2026,14:38:48,0.8157,1
Black-capped Chickadee,Poecile atricapillus,2026-04-09T21:36:12Z,09-Apr-2026,14:36:12,0.54,1
Black-capped Chickadee,Poecile atricapillus,2026-04-09T21:36:07Z,09-Apr-2026,14:36:07,0.8314,5
Black-capped Chickadee,Poecile atricapillus,2026-04-09T21:36:00Z,09-Apr-2026,14:36:00,0.26,1
American Crow,Corvus brachyrhynchos,2026-04-09T21:34:49Z,09-Apr-2026,14:34:49,0.9098,1
Black-capped Chickadee,Poecile atricapillus,2026-04-09T21:33:45Z,09-Apr-2026,14:33:45,0.8157,1
Black-capped Chickadee,Poecile atricapillus,2026-04-09T21:33:36Z,09-Apr-2026,14:33:36,0.58,1
House Finch,Haemorhous mexicanus,2026-04-09T21:32:47Z,09-Apr-2026,14:32:47,0.8157,1
Black-capped Chickadee,Poecile atricapillus,2026-04-09T21:32:19Z,09-Apr-2026,14:32:19,0.9098,1
Bewick's Wren,Thryomanes bewickii,2026-04-09T21:31:54Z,09-Apr-2026,14:31:54,0.63,1
Bewick's Wren,Thryomanes bewickii,2026-04-09T21:31:34Z,09-Apr-2026,14:31:34,0.64,1
House Finch,Haemorhous mexicanus,2026-04-09T21:31:23Z,09-Apr-2026,14:31:23,0.8157,1
House Finch,Haemorhous mexicanus,2026-04-09T21:31:18Z,09-Apr-2026,14:31:18,0.28,1
House Finch,Haemorhous mexicanus,2026-04-09T21:30:26Z,09-Apr-2026,14:30:26,0.36,1
Ruby-crowned Kinglet,Corthylio calendula,2026-04-09T21:27:54Z,09-Apr-2026,14:27:54,0.56,1
Ruby-crowned Kinglet,Corthylio calendula,2026-04-09T21:27:49Z,09-Apr-2026,14:27:49,0.59,1
Ruby-crowned Kinglet,Corthylio calendula,2026-04-09T21:18:32Z,09-Apr-2026,14:18:32,0.83,1
Ruby-crowned Kinglet,Corthylio calendula,2026-04-09T21:18:25Z,09-Apr-2026,14:18:25,0.73,1
Ruby-crowned Kinglet,Corthylio calendula,2026-04-09T21:18:18Z,09-Apr-2026,14:18:18,0.56,1
Ruby-crowned Kinglet,Corthylio calendula,2026-04-09T21:17:55Z,09-Apr-2026,14:17:55,0.57,1
Ruby-crowned Kinglet,Corthylio calendula,2026-04-09T21:17:48Z,09-Apr-2026,14:17:48,0.29,1
Ruby-crowned Kinglet,Corthylio calendula,2026-04-09T21:17:41Z,09-Apr-2026,14:17:41,0.32,1
Ruby-crowned Kinglet,Corthylio calendula,2026-04-09T21:17:34Z,09-Apr-2026,14:17:34,0.63,1
Ruby-crowned Kinglet,Corthylio calendula,2026-04-09T21:17:28Z,09-Apr-2026,14:17:28,0.75,1
Ruby-crowned Kinglet,Corthylio calendula,2026-04-09T21:17:20Z,09-Apr-2026,14:17:20,0.47,1
Ruby-crowned Kinglet,Corthylio calendula,2026-04-09T21:17:13Z,09-Apr-2026,14:17:13,0.3,1
Ruby-crowned Kinglet,Corthylio calendula,2026-04-09T21:17:06Z,09-Apr-2026,14:17:06,0.44,1
Ruby-crowned Kinglet,Corthylio calendula,2026-04-09T21:16:52Z,09-Apr-2026,14:16:52,0.94,1
Ruby-crowned Kinglet,Corthylio calendula,2026-04-09T21:16:44Z,09-Apr-2026,14:16:44,0.72,1
Ruby-crowned Kinglet,Corthylio calendula,2026-04-09T21:16:24Z,09-Apr-2026,14:16:24,0.66,1
Ruby-crowned Kinglet,Corthylio calendula,2026-04-09T21:16:16Z,09-Apr-2026,14:16:16,0.4,1
Ruby-crowned Kinglet,Corthylio calendula,2026-04-09T21:16:10Z,09-Apr-2026,14:16:10,0.41,1
Ruby-crowned Kinglet,Corthylio calendula,2026-04-09T21:16:03Z,09-Apr-2026,14:16:03,0.71,1
Ruby-crowned Kinglet,Corthylio calendula,2026-04-09T21:15:56Z,09-Apr-2026,14:15:56,0.86,1
Ruby-crowned Kinglet,Corthylio calendula,2026-04-09T21:15:49Z,09-Apr-2026,14:15:49,0.85,1
Ruby-crowned Kinglet,Corthylio calendula,2026-04-09T21:15:43Z,09-Apr-2026,14:15:43,0.78,1
Ruby-crowned Kinglet,Corthylio calendula,2026-04-09T21:15:36Z,09-Apr-2026,14:15:36,0.36,1
Ruby-crowned Kinglet,Corthylio calendula,2026-04-09T21:15:29Z,09-Apr-2026,14:15:29,0.28,1
Ruby-crowned Kinglet,Corthylio calendula,2026-04-09T21:15:14Z,09-Apr-2026,14:15:14,0.7,1
Ruby-crowned Kinglet,Corthylio calendula,2026-04-09T21:15:08Z,09-Apr-2026,14:15:08,0.7,1
Chestnut-backed Chickadee,Poecile rufescens,2026-04-09T21:13:40Z,09-Apr-2026,14:13:40,0.57,1
Chestnut-backed Chickadee,Poecile rufescens,2026-04-09T21:13:30Z,09-Apr-2026,14:13:30,0.9843,6
Chestnut-backed Chickadee,Poecile rufescens,2026-04-09T21:12:29Z,09-Apr-2026,14:12:29,0.9529,9
Chestnut-backed Chickadee,Poecile rufescens,2026-04-09T21:12:22Z,09-Apr-2026,14:12:22,0.58,1
Chestnut-backed Chickadee,Poecile rufescens,2026-04-09T21:11:28Z,09-Apr-2026,14:11:28,0.9686,16
Chestnut-backed Chickadee,Poecile rufescens,2026-04-09T21:10:26Z,09-Apr-2026,14:10:26,0.8863,1
House Finch,Haemorhous mexicanus,2026-04-09T21:09:19Z,09-Apr-2026,14:09:19,0.8745,5
Chestnut-backed Chickadee,Poecile rufescens,2026-04-09T21:08:26Z,09-Apr-2026,14:08:26,0.4,1
House Finch,Haemorhous mexicanus,2026-04-09T21:08:11Z,09-Apr-2026,14:08:11,0.8627,1
House Finch,Haemorhous mexicanus,2026-04-09T21:07:20Z,09-Apr-2026,14:07:20,0.31,1
Black-capped Chickadee,Poecile atricapillus,2026-04-09T21:07:10Z,09-Apr-2026,14:07:10,0.45,1
Black-capped Chickadee,Poecile atricapillus,2026-04-09T21:07:04Z,09-Apr-2026,14:07:04,0.8157,2
Chestnut-backed Chickadee,Poecile rufescens,2026-04-09T21:07:00Z,09-Apr-2026,14:07:00,0.8314,1
House Finch,Haemorhous mexicanus,2026-04-09T21:06:44Z,09-Apr-2026,14:06:44,0.7804,1
Bewick's Wren,Thryomanes bewickii,2026-04-09T21:05:46Z,09-Apr-2026,14:05:46,0.36,1
House Finch,Haemorhous mexicanus,2026-04-09T21:05:36Z,09-Apr-2026,14:05:36,0.55,1
House Finch,Haemorhous mexicanus,2026-04-09T21:05:05Z,09-Apr-2026,14:05:05,0.8471,4
House Finch,Haemorhous mexicanus,2026-04-09T21:04:40Z,09-Apr-2026,14:04:40,0.27,1
Black-capped Chickadee,Poecile atricapillus,2026-04-09T21:04:36Z,09-Apr-2026,14:04:36,0.7804,2
House Finch,Haemorhous mexicanus,2026-04-09T21:03:44Z,09-Apr-2026,14:03:44,0.8314,4
House Finch,Haemorhous mexicanus,2026-04-09T21:02:16Z,09-Apr-2026,14:02:16,0.26,1
Bewick's Wren,Thryomanes bewickii,2026-04-09T21:02:09Z,09-Apr-2026,14:02:09,0.91,1
Bewick's Wren,Thryomanes bewickii,2026-04-09T21:02:03Z,09-Apr-2026,14:02:03,0.75,1
House Finch,Haemorhous mexicanus,2026-04-09T21:01:30Z,09-Apr-2026,14:01:30,0.62,1
American Goldfinch,Spinus tristis,2026-04-09T21:00:54Z,09-Apr-2026,14:00:54,0.8314,1
Bewick's Wren,Thryomanes bewickii,2026-04-09T21:00:46Z,09-Apr-2026,14:00:46,0.91,1
Black-capped Chickadee,Poecile atricapillus,2026-04-09T21:00:32Z,09-Apr-2026,14:00:32,0.8627,1
House Finch,Haemorhous mexicanus,2026-04-09T20:59:52Z,09-Apr-2026,13:59:52,0.9412,1
House Finch,Haemorhous mexicanus,2026-04-09T20:59:21Z,09-Apr-2026,13:59:21,0.34,1
House Finch,Haemorhous mexicanus,2026-04-09T20:59:08Z,09-Apr-2026,13:59:08,0.3,1
Bewick's Wren,Thryomanes bewickii,2026-04-09T20:58:29Z,09-Apr-2026,13:58:29,0.98,1
American Crow,Corvus brachyrhynchos,2026-04-09T20:58:25Z,09-Apr-2026,13:58:25,0.8745,1
Bewick's Wren,Thryomanes bewickii,2026-04-09T20:58:10Z,09-Apr-2026,13:58:10,0.98,1
Bewick's Wren,Thryomanes bewickii,2026-04-09T20:58:02Z,09-Apr-2026,13:58:02,0.99,1
Bewick's Wren,Thryomanes bewickii,2026-04-09T20:57:46Z,09-Apr-2026,13:57:46,0.98,1
Bewick's Wren,Thryomanes bewickii,2026-04-09T20:57:39Z,09-Apr-2026,13:57:39,0.95,1
Bewick's Wren,Thryomanes bewickii,2026-04-09T20:57:32Z,09-Apr-2026,13:57:32,0.97,1
Bewick's Wren,Thryomanes bewickii,2026-04-09T20:57:21Z,09-Apr-2026,13:57:21,0.97,1
Bewick's Wren,Thryomanes bewickii,2026-04-09T20:56:45Z,09-Apr-2026,13:56:45,0.99,1
Bewick's Wren,Thryomanes bewickii,2026-04-09T20:56:29Z,09-Apr-2026,13:56:29,0.9,1
Bewick's Wren,Thryomanes bewickii,2026-04-09T20:56:22Z,09-Apr-2026,13:56:22,0.99,1
Bewick's Wren,Thryomanes bewickii,2026-04-09T20:56:15Z,09-Apr-2026,13:56:15,0.97,1
Bewick's Wren,Thryomanes bewickii,2026-04-09T20:56:08Z,09-Apr-2026,13:56:08,0.99,1
Black-capped Chickadee,Poecile atricapillus,2026-04-09T20:56:01Z,09-Apr-2026,13:56:01,0.8745,6
House Finch,Haemorhous mexicanus,2026-04-09T20:55:17Z,09-Apr-2026,13:55:17,0.8745,5
Black-capped Chickadee,Poecile atricapillus,2026-04-09T20:54:58Z,09-Apr-2026,13:54:58,0.8471,1
House Finch,Haemorhous mexicanus,2026-04-09T20:54:47Z,09-Apr-2026,13:54:47,0.37,1
House Finch,Haemorhous mexicanus,2026-04-09T20:54:37Z,09-Apr-2026,13:54:37,0.27,1
Downy Woodpecker,Dryobates pubescens,2026-04-09T20:54:24Z,09-Apr-2026,13:54:24,0.76,1
House Finch,Haemorhous mexicanus,2026-04-09T20:54:17Z,09-Apr-2026,13:54:17,0.36,1
House Finch,Haemorhous mexicanus,2026-04-09T20:53:36Z,09-Apr-2026,13:53:36,0.7804,4
Black-capped Chickadee,Poecile atricapillus,2026-04-09T20:53:09Z,09-Apr-2026,13:53:09,0.949,2
House Finch,Haemorhous mexicanus,2026-04-09T20:52:34Z,09-Apr-2026,13:52:34,0.8157,3
Bewick's Wren,Thryomanes bewickii,2026-04-09T20:52:00Z,09-Apr-2026,13:52:00,0.9,1
Black-capped Chickadee,Poecile atricapillus,2026-04-09T20:51:53Z,09-Apr-2026,13:51:53,0.56,1
Bewick's Wren,Thryomanes bewickii,2026-04-09T20:51:42Z,09-Apr-2026,13:51:42,0.73,1
Black-capped Chickadee,Poecile atricapillus,2026-04-09T20:51:35Z,09-Apr-2026,13:51:35,0.9412,1
Bewick's Wren,Thryomanes bewickii,2026-04-09T20:51:30Z,09-Apr-2026,13:51:30,0.97,1
Bewick's Wren,Thryomanes bewickii,2026-04-09T20:51:25Z,09-Apr-2026,13:51:25,0.98,1
Bewick's Wren,Thryomanes bewickii,2026-04-09T20:51:11Z,09-Apr-2026,13:51:11,0.87,1
Bewick's Wren,Thryomanes bewickii,2026-04-09T20:50:49Z,09-Apr-2026,13:50:49,0.94,1
Bewick's Wren,Thryomanes bewickii,2026-04-09T20:50:31Z,09-Apr-2026,13:50:31,0.99,1
American Crow,Corvus brachyrhynchos,2026-04-09T20:50:23Z,09-Apr-2026,13:50:23,0.7804,1
Bewick's Wren,Thryomanes bewickii,2026-04-09T20:50:00Z,09-Apr-2026,13:50:00,0.99,1
Black-capped Chickadee,Poecile atricapillus,2026-04-09T20:49:44Z,09-Apr-2026,13:49:44,0.48,1
House Finch,Haemorhous mexicanus,2026-04-09T20:49:36Z,09-Apr-2026,13:49:36,0.27,1
House Finch,Haemorhous mexicanus,2026-04-09T20:48:45Z,09-Apr-2026,13:48:45,0.8,1
Bewick's Wren,Thryomanes bewickii,2026-04-09T20:47:29Z,09-Apr-2026,13:47:29,0.98,1
Bewick's Wren,Thryomanes bewickii,2026-04-09T20:46:59Z,09-Apr-2026,13:46:59,0.98,1
Dark-eyed Junco,Junco hyemalis,2026-04-09T20:46:35Z,09-Apr-2026,13:46:35,0.59,1
Bewick's Wren,Thryomanes bewickii,2026-04-09T20:46:28Z,09-Apr-2026,13:46:28,0.96,1
Dark-eyed Junco,Junco hyemalis,2026-04-09T20:46:22Z,09-Apr-2026,13:46:22,0.42,1
Bewick's Wren,Thryomanes bewickii,2026-04-09T20:46:15Z,09-Apr-2026,13:46:15,0.99,1
Bewick's Wren,Thryomanes bewickii,2026-04-09T20:45:53Z,09-Apr-2026,13:45:53,0.97,1
Bewick's Wren,Thryomanes bewickii,2026-04-09T20:45:40Z,09-Apr-2026,13:45:40,0.97,1
Bewick's Wren,Thryomanes bewickii,2026-04-09T20:45:32Z,09-Apr-2026,13:45:32,0.99,1
Bewick's Wren,Thryomanes bewickii,2026-04-09T20:45:26Z,09-Apr-2026,13:45:26,0.98,1
Bewick's Wren,Thryomanes bewickii,2026-04-09T20:45:15Z,09-Apr-2026,13:45:15,0.99,1
Bewick's Wren,Thryomanes bewickii,2026-04-09T20:45:07Z,09-Apr-2026,13:45:07,0.93,1
House Finch,Haemorhous mexicanus,2026-04-09T20:44:16Z,09-Apr-2026,13:44:16,0.8,6
House Finch,Haemorhous mexicanus,2026-04-09T20:43:50Z,09-Apr-2026,13:43:50,0.28,1
Steller's Jay,Cyanocitta stelleri,2026-04-09T20:40:55Z,09-Apr-2026,13:40:55,0.8314,1
House Finch,Haemorhous mexicanus,2026-04-09T20:39:26Z,09-Apr-2026,13:39:26,0.8471,1
Fox Sparrow,Passerella iliaca,2026-04-09T20:39:09Z,09-Apr-2026,13:39:09,0.34,1
Bewick's Wren,Thryomanes bewickii,2026-04-09T20:38:43Z,09-Apr-2026,13:38:43,0.99,1
Bewick's Wren,Thryomanes bewickii,2026-04-09T20:38:35Z,09-Apr-2026,13:38:35,0.99,1
Bewick's Wren,Thryomanes bewickii,2026-04-09T20:37:10Z,09-Apr-2026,13:37:10,0.65,1
Bewick's Wren,Thryomanes bewickii,2026-04-09T20:36:45Z,09-Apr-2026,13:36:45,0.98,1
Bewick's Wren,Thryomanes bewickii,2026-04-09T20:36:34Z,09-Apr-2026,13:36:34,0.97,1
Bewick's Wren,Thryomanes bewickii,2026-04-09T20:36:24Z,09-Apr-2026,13:36:24,0.96,1
Bewick's Wren,Thryomanes bewickii,2026-04-09T20:36:14Z,09-Apr-2026,13:36:14,0.36,1
Bewick's Wren,Thryomanes bewickii,2026-04-09T20:36:07Z,09-Apr-2026,13:36:07,0.63,1
Bewick's Wren,Thryomanes bewickii,2026-04-09T20:36:01Z,09-Apr-2026,13:36:01,0.98,1
Bewick's Wren,Thryomanes bewickii,2026-04-09T20:35:52Z,09-Apr-2026,13:35:52,0.97,1
Bewick's Wren,Thryomanes bewickii,2026-04-09T20:35:40Z,09-Apr-2026,13:35:40,0.98,1
Bewick's Wren,Thryomanes bewickii,2026-04-09T20:35:34Z,09-Apr-2026,13:35:34,0.99,1
Steller's Jay,Cyanocitta stelleri,2026-04-09T20:35:04Z,09-Apr-2026,13:35:04,0.62,1
Bewick's Wren,Thryomanes bewickii,2026-04-09T20:34:57Z,09-Apr-2026,13:34:57,0.93,1
Bewick's Wren,Thryomanes bewickii,2026-04-09T20:34:27Z,09-Apr-2026,13:34:27,0.92,1
Steller's Jay,Cyanocitta stelleri,2026-04-09T20:34:19Z,09-Apr-2026,13:34:19,0.898,1
Bewick's Wren,Thryomanes bewickii,2026-04-09T20:34:14Z,09-Apr-2026,13:34:14,0.9,1
Bewick's Wren,Thryomanes bewickii,2026-04-09T20:34:03Z,09-Apr-2026,13:34:03,0.83,1
Bewick's Wren,Thryomanes bewickii,2026-04-09T20:33:53Z,09-Apr-2026,13:33:53,0.26,1
Bewick's Wren,Thryomanes bewickii,2026-04-09T20:33:25Z,09-Apr-2026,13:33:25,0.34,1
Bewick's Wren,Thryomanes bewickii,2026-04-09T20:33:17Z,09-Apr-2026,13:33:17,0.92,1
Bewick's Wren,Thryomanes bewickii,2026-04-09T20:33:04Z,09-Apr-2026,13:33:04,0.99,1
Bewick's Wren,Thryomanes bewickii,2026-04-09T20:32:58Z,09-Apr-2026,13:32:58,0.99,1
Bewick's Wren,Thryomanes bewickii,2026-04-09T20:32:50Z,09-Apr-2026,13:32:50,0.95,1
Bewick's Wren,Thryomanes bewickii,2026-04-09T20:32:31Z,09-Apr-2026,13:32:31,0.99,1
Bewick's Wren,Thryomanes bewickii,2026-04-09T20:30:48Z,09-Apr-2026,13:30:48,0.28,1
Dark-eyed Junco,Junco hyemalis,2026-04-09T20:30:23Z,09-Apr-2026,13:30:23,0.7804,1
American Crow,Corvus brachyrhynchos,2026-04-09T20:27:41Z,09-Apr-2026,13:27:41,0.8157,1
Bewick's Wren,Thryomanes bewickii,2026-04-09T20:26:24Z,09-Apr-2026,13:26:24,0.54,1
House Finch,Haemorhous mexicanus,2026-04-09T20:26:17Z,09-Apr-2026,13:26:17,0.3,1
House Finch,Haemorhous mexicanus,2026-04-09T20:25:17Z,09-Apr-2026,13:25:17,0.8471,4
House Finch,Haemorhous mexicanus,2026-04-09T20:24:50Z,09-Apr-2026,13:24:50,0.47,1
Bewick's Wren,Thryomanes bewickii,2026-04-09T20:24:30Z,09-Apr-2026,13:24:30,0.42,1
House Finch,Haemorhous mexicanus,2026-04-09T20:24:00Z,09-Apr-2026,13:24:00,0.8,1
Bewick's Wren,Thryomanes bewickii,2026-04-09T20:23:29Z,09-Apr-2026,13:23:29,0.45,1
Dark-eyed Junco,Junco hyemalis,2026-04-09T20:19:26Z,09-Apr-2026,13:19:26,0.32,1
American Crow,Corvus brachyrhynchos,2026-04-09T20:18:14Z,09-Apr-2026,13:18:14,0.7804,1
House Finch,Haemorhous mexicanus,2026-04-09T20:17:39Z,09-Apr-2026,13:17:39,0.9412,6
House Finch,Haemorhous mexicanus,2026-04-09T20:15:43Z,09-Apr-2026,13:15:43,0.8627,2
House Finch,Haemorhous mexicanus,2026-04-09T20:14:11Z,09-Apr-2026,13:14:11,0.9255,3
House Finch,Haemorhous mexicanus,2026-04-09T20:11:32Z,09-Apr-2026,13:11:32,0.9176,3
Dark-eyed Junco,Junco hyemalis,2026-04-09T20:10:20Z,09-Apr-2026,13:10:20,0.35,1
Steller's Jay,Cyanocitta stelleri,2026-04-09T20:09:33Z,09-Apr-2026,13:09:33,0.69,1
House Finch,Haemorhous mexicanus,2026-04-09T20:09:08Z,09-Apr-2026,13:09:08,0.8471,1
House Finch,Haemorhous mexicanus,2026-04-09T20:07:48Z,09-Apr-2026,13:07:48,0.898,1
Chestnut-backed Chickadee,Poecile rufescens,2026-04-09T20:04:31Z,09-Apr-2026,13:04:31,0.54,1
Chestnut-backed Chickadee,Poecile rufescens,2026-04-09T20:04:27Z,09-Apr-2026,13:04:27,1,1
American Crow,Corvus brachyrhynchos,2026-04-09T20:04:09Z,09-Apr-2026,13:04:09,0.8157,1
Black-capped Chickadee,Poecile atricapillus,2026-04-09T20:00:50Z,09-Apr-2026,13:00:50,0.9333,1
Black-capped Chickadee,Poecile atricapillus,2026-04-09T20:00:20Z,09-Apr-2026,13:00:20,0.55,1
Black-capped Chickadee,Poecile atricapillus,2026-04-09T19:59:49Z,09-Apr-2026,12:59:49,0.28,1
Dark-eyed Junco,Junco hyemalis,2026-04-09T19:59:45Z,09-Apr-2026,12:59:45,0.8745,1
Dark-eyed Junco,Junco hyemalis,2026-04-09T19:59:26Z,09-Apr-2026,12:59:26,0.42,1
Black-capped Chickadee,Poecile atricapillus,2026-04-09T19:57:56Z,09-Apr-2026,12:57:56,0.35,1
Black-capped Chickadee,Poecile atricapillus,2026-04-09T19:57:47Z,09-Apr-2026,12:57:47,0.8627,4
Anna's Hummingbird,Calypte anna,2026-04-09T19:56:27Z,09-Apr-2026,12:56:27,0.67,1
Downy Woodpecker,Dryobates pubescens,2026-04-09T19:56:19Z,09-Apr-2026,12:56:19,0.26,1
Black-capped Chickadee,Poecile atricapillus,2026-04-09T19:56:01Z,09-Apr-2026,12:56:01,0.8745,1
Black-capped Chickadee,Poecile atricapillus,2026-04-09T19:54:26Z,09-Apr-2026,12:54:26,0.7804,1
House Finch,Haemorhous mexicanus,2026-04-09T19:53:53Z,09-Apr-2026,12:53:53,0.31,1
Black-capped Chickadee,Poecile atricapillus,2026-04-09T19:50:32Z,09-Apr-2026,12:50:32,0.8471,1
Steller's Jay,Cyanocitta stelleri,2026-04-09T19:49:32Z,09-Apr-2026,12:49:32,0.97,1
Steller's Jay,Cyanocitta stelleri,2026-04-09T19:49:28Z,09-Apr-2026,12:49:28,0.7804,1
Steller's Jay,Cyanocitta stelleri,2026-04-09T19:49:14Z,09-Apr-2026,12:49:14,0.81,1
Steller's Jay,Cyanocitta stelleri,2026-04-09T19:46:32Z,09-Apr-2026,12:46:32,0.91,1
Steller's Jay,Cyanocitta stelleri,2026-04-09T19:46:27Z,09-Apr-2026,12:46:27,0.8471,1
Bewick's Wren,Thryomanes bewickii,2026-04-09T19:46:06Z,09-Apr-2026,12:46:06,0.33,1
Steller's Jay,Cyanocitta stelleri,2026-04-09T19:45:54Z,09-Apr-2026,12:45:54,0.74,1
Bushtit,Psaltriparus minimus,2026-04-09T19:44:36Z,09-Apr-2026,12:44:36,0.33,1
Steller's Jay,Cyanocitta stelleri,2026-04-09T19:43:57Z,09-Apr-2026,12:43:57,0.8,1
Dark-eyed Junco,Junco hyemalis,2026-04-09T19:43:38Z,09-Apr-2026,12:43:38,0.71,1
Dark-eyed Junco,Junco hyemalis,2026-04-09T19:42:07Z,09-Apr-2026,12:42:07,0.8,1
Dark-eyed Junco,Junco hyemalis,2026-04-09T19:42:00Z,09-Apr-2026,12:42:00,0.37,1
Bushtit,Psaltriparus minimus,2026-04-09T19:41:08Z,09-Apr-2026,12:41:08,0.48,1
Anna's Hummingbird,Calypte anna,2026-04-09T19:41:04Z,09-Apr-2026,12:41:04,0.7804,1
Bushtit,Psaltriparus minimus,2026-04-09T19:40:19Z,09-Apr-2026,12:40:19,0.49,1
Bushtit,Psaltriparus minimus,2026-04-09T19:40:11Z,09-Apr-2026,12:40:11,0.82,1
Bushtit,Psaltriparus minimus,2026-04-09T19:40:04Z,09-Apr-2026,12:40:04,0.96,1
Bushtit,Psaltriparus minimus,2026-04-09T19:39:57Z,09-Apr-2026,12:39:57,0.26,1
Bushtit,Psaltriparus minimus,2026-04-09T19:39:49Z,09-Apr-2026,12:39:49,0.39,1
Bushtit,Psaltriparus minimus,2026-04-09T19:39:41Z,09-Apr-2026,12:39:41,0.97,1
Bushtit,Psaltriparus minimus,2026-04-09T19:39:34Z,09-Apr-2026,12:39:34,0.89,1
Bushtit,Psaltriparus minimus,2026-04-09T19:39:27Z,09-Apr-2026,12:39:27,0.74,1
Steller's Jay,Cyanocitta stelleri,2026-04-09T19:39:21Z,09-Apr-2026,12:39:21,0.71,1
Steller's Jay,Cyanocitta stelleri,2026-04-09T19:39:17Z,09-Apr-2026,12:39:17,0.9098,1
Bushtit,Psaltriparus minimus,2026-04-09T19:39:12Z,09-Apr-2026,12:39:12,0.98,1
Steller's Jay,Cyanocitta stelleri,2026-04-09T19:39:04Z,09-Apr-2026,12:39:04,0.83,1
Bushtit,Psaltriparus minimus,2026-04-09T19:38:45Z,09-Apr-2026,12:38:45,0.76,1
Bushtit,Psaltriparus minimus,2026-04-09T19:38:38Z,09-Apr-2026,12:38:38,0.8,1
Bushtit,Psaltriparus minimus,2026-04-09T19:38:31Z,09-Apr-2026,12:38:31,0.94,1
Bushtit,Psaltriparus minimus,2026-04-09T19:38:25Z,09-Apr-2026,12:38:25,0.91,1
Bushtit,Psaltriparus minimus,2026-04-09T19:38:19Z,09-Apr-2026,12:38:19,0.95,1
Bushtit,Psaltriparus minimus,2026-04-09T19:38:12Z,09-Apr-2026,12:38:12,0.93,1
Bushtit,Psaltriparus minimus,2026-04-09T19:37:40Z,09-Apr-2026,12:37:40,0.7,1
Black-capped Chickadee,Poecile atricapillus,2026-04-09T19:37:11Z,09-Apr-2026,12:37:11,0.8471,1
Black-capped Chickadee,Poecile atricapillus,2026-04-09T19:36:17Z,09-Apr-2026,12:36:17,0.27,1
Bushtit,Psaltriparus minimus,2026-04-09T19:35:58Z,09-Apr-2026,12:35:58,0.88,1
Bushtit,Psaltriparus minimus,2026-04-09T19:35:51Z,09-Apr-2026,12:35:51,0.7,1
Bushtit,Psaltriparus minimus,2026-04-09T19:35:44Z,09-Apr-2026,12:35:44,0.85,1
Bushtit,Psaltriparus minimus,2026-04-09T19:35:03Z,09-Apr-2026,12:35:03,0.97,1
Bushtit,Psaltriparus minimus,2026-04-09T19:34:53Z,09-Apr-2026,12:34:53,0.73,1
Bushtit,Psaltriparus minimus,2026-04-09T19:33:35Z,09-Apr-2026,12:33:35,0.64,1
Bushtit,Psaltriparus minimus,2026-04-09T19:33:27Z,09-Apr-2026,12:33:27,0.98,1
Black-capped Chickadee,Poecile atricapillus,2026-04-09T19:31:23Z,09-Apr-2026,12:31:23,0.8157,1
Dark-eyed Junco,Junco hyemalis,2026-04-09T19:29:33Z,09-Apr-2026,12:29:33,0.8,1
Dark-eyed Junco,Junco hyemalis,2026-04-09T19:29:23Z,09-Apr-2026,12:29:23,0.54,1
American Crow,Corvus brachyrhynchos,2026-04-09T19:25:35Z,09-Apr-2026,12:25:35,0.8,1
American Crow,Corvus brachyrhynchos,2026-04-09T19:23:56Z,09-Apr-2026,12:23:56,0.7804,1
Black-capped Chickadee,Poecile atricapillus,2026-04-09T19:19:10Z,09-Apr-2026,12:19:10,0.898,2
Black-capped Chickadee,Poecile atricapillus,2026-04-09T19:18:09Z,09-Apr-2026,12:18:09,0.8157,1
Black-capped Chickadee,Poecile atricapillus,2026-04-09T19:16:57Z,09-Apr-2026,12:16:57,0.59,1
Black-capped Chickadee,Poecile atricapillus,2026-04-09T19:16:53Z,09-Apr-2026,12:16:53,0.8314,1
Dark-eyed Junco,Junco hyemalis,2026-04-09T19:03:23Z,09-Apr-2026,12:03:23,0.58,1
Anna's Hummingbird,Calypte anna,2026-04-09T19:03:16Z,09-Apr-2026,12:03:16,0.8863,2
Bushtit,Psaltriparus minimus,2026-04-09T19:03:01Z,09-Apr-2026,12:03:01,0.66,1
Bushtit,Psaltriparus minimus,2026-04-09T19:02:22Z,09-Apr-2026,12:02:22,0.85,1
Dark-eyed Junco,Junco hyemalis,2026-04-09T19:02:12Z,09-Apr-2026,12:02:12,0.29,1
Bushtit,Psaltriparus minimus,2026-04-09T19:01:59Z,09-Apr-2026,12:01:59,0.54,1
Bushtit,Psaltriparus minimus,2026-04-09T19:01:25Z,09-Apr-2026,12:01:25,0.99,1
Bushtit,Psaltriparus minimus,2026-04-09T19:00:57Z,09-Apr-2026,12:00:57,0.95,1
Bushtit,Psaltriparus minimus,2026-04-09T19:00:51Z,09-Apr-2026,12:00:51,0.82,1
Bushtit,Psaltriparus minimus,2026-04-09T19:00:43Z,09-Apr-2026,12:00:43,0.3,1
Bushtit,Psaltriparus minimus,2026-04-09T19:00:36Z,09-Apr-2026,12:00:36,0.9,1
Bushtit,Psaltriparus minimus,2026-04-09T19:00:25Z,09-Apr-2026,12:00:25,0.86,1
Bushtit,Psaltriparus minimus,2026-04-09T18:59:50Z,09-Apr-2026,11:59:50,0.47,1
House Finch,Haemorhous mexicanus,2026-04-09T18:59:00Z,09-Apr-2026,11:59:00,0.7804,1
Anna's Hummingbird,Calypte anna,2026-04-09T18:58:19Z,09-Apr-2026,11:58:19,0.8157,1
Chestnut-backed Chickadee,Poecile rufescens,2026-04-09T18:56:43Z,09-Apr-2026,11:56:43,0.35,1
Chestnut-backed Chickadee,Poecile rufescens,2026-04-09T18:56:12Z,09-Apr-2026,11:56:12,0.5,1
Chestnut-backed Chickadee,Poecile rufescens,2026-04-09T18:56:01Z,09-Apr-2026,11:56:01,0.8471,4
Chestnut-backed Chickadee,Poecile rufescens,2026-04-09T18:55:56Z,09-Apr-2026,11:55:56,0.71,1
Anna's Hummingbird,Calypte anna,2026-04-09T18:55:51Z,09-Apr-2026,11:55:51,0.9176,1
Bushtit,Psaltriparus minimus,2026-04-09T18:55:33Z,09-Apr-2026,11:55:33,0.64,1
Bushtit,Psaltriparus minimus,2026-04-09T18:55:25Z,09-Apr-2026,11:55:25,0.91,1
Bushtit,Psaltriparus minimus,2026-04-09T18:55:18Z,09-Apr-2026,11:55:18,0.86,1
Bushtit,Psaltriparus minimus,2026-04-09T18:55:11Z,09-Apr-2026,11:55:11,0.8,1
Chestnut-backed Chickadee,Poecile rufescens,2026-04-09T18:55:03Z,09-Apr-2026,11:55:03,0.48,1
Chestnut-backed Chickadee,Poecile rufescens,2026-04-09T18:54:31Z,09-Apr-2026,11:54:31,0.8471,1
Black-capped Chickadee,Poecile atricapillus,2026-04-09T18:54:24Z,09-Apr-2026,11:54:24,0.4,1
Mountain Chickadee,Poecile gambeli,2026-04-09T18:53:26Z,09-Apr-2026,11:53:26,0.28,1
Chestnut-backed Chickadee,Poecile rufescens,2026-04-09T18:53:02Z,09-Apr-2026,11:53:02,0.9255,7
Dark-eyed Junco,Junco hyemalis,2026-04-09T18:52:30Z,09-Apr-2026,11:52:30,0.6,1
Chestnut-backed Chickadee,Poecile rufescens,2026-04-09T18:51:44Z,09-Apr-2026,11:51:44,0.9922,13
Chestnut-backed Chickadee,Poecile rufescens,2026-04-09T18:51:19Z,09-Apr-2026,11:51:19,0.55,1
Chestnut-backed Chickadee,Poecile rufescens,2026-04-09T18:51:09Z,09-Apr-2026,11:51:09,0.91,1
House Finch,Haemorhous mexicanus,2026-04-09T18:50:53Z,09-Apr-2026,11:50:53,0.41,1
Chestnut-backed Chickadee,Poecile rufescens,2026-04-09T18:50:43Z,09-Apr-2026,11:50:43,0.9922,1
Anna's Hummingbird,Calypte anna,2026-04-09T18:50:39Z,09-Apr-2026,11:50:39,0.8314,1
Dark-eyed Junco,Junco hyemalis,2026-04-09T18:49:52Z,09-Apr-2026,11:49:52,0.39,1
House Finch,Haemorhous mexicanus,2026-04-09T18:49:21Z,09-Apr-2026,11:49:21,0.8157,1
Dark-eyed Junco,Junco hyemalis,2026-04-09T18:48:00Z,09-Apr-2026,11:48:00,0.8627,1
House Finch,Haemorhous mexicanus,2026-04-09T18:46:36Z,09-Apr-2026,11:46:36,0.7804,2
House Finch,Haemorhous mexicanus,2026-04-09T18:44:54Z,09-Apr-2026,11:44:54,0.8,1
Chestnut-backed Chickadee,Poecile rufescens,2026-04-09T18:43:32Z,09-Apr-2026,11:43:32,0.8627,1
House Finch,Haemorhous mexicanus,2026-04-09T18:43:24Z,09-Apr-2026,11:43:24,0.8157,3
Black-capped Chickadee,Poecile atricapillus,2026-04-09T18:42:24Z,09-Apr-2026,11:42:24,0.9333,2
Black-capped Chickadee,Poecile atricapillus,2026-04-09T18:42:05Z,09-Apr-2026,11:42:05,0.38,1
Bewick's Wren,Thryomanes bewickii,2026-04-09T18:41:23Z,09-Apr-2026,11:41:23,0.66,1
Black-capped Chickadee,Poecile atricapillus,2026-04-09T18:41:12Z,09-Apr-2026,11:41:12,0.8314,8
Mountain Chickadee,Poecile gambeli,2026-04-09T18:41:02Z,09-Apr-2026,11:41:02,0.4,1
Black-capped Chickadee,Poecile atricapillus,2026-04-09T18:40:10Z,09-Apr-2026,11:40:10,0.8745,1
Violet-green Swallow,Tachycineta thalassina,2026-04-09T18:40:03Z,09-Apr-2026,11:40:03,0.39,1
House Finch,Haemorhous mexicanus,2026-04-09T18:39:33Z,09-Apr-2026,11:39:33,0.8745,1
House Finch,Haemorhous mexicanus,2026-04-09T18:38:18Z,09-Apr-2026,11:38:18,0.898,1
Chestnut-backed Chickadee,Poecile rufescens,2026-04-09T18:38:02Z,09-Apr-2026,11:38:02,0.39,1
House Finch,Haemorhous mexicanus,2026-04-09T18:37:26Z,09-Apr-2026,11:37:26,0.26,1
Anna's Hummingbird,Calypte anna,2026-04-09T18:37:00Z,09-Apr-2026,11:37:00,0.9804,6
House Finch,Haemorhous mexicanus,2026-04-09T18:36:48Z,09-Apr-2026,11:36:48,0.8471,2
Steller's Jay,Cyanocitta stelleri,2026-04-09T18:36:17Z,09-Apr-2026,11:36:17,0.46,1
House Finch,Haemorhous mexicanus,2026-04-09T18:35:24Z,09-Apr-2026,11:35:24,0.8314,3
Red-breasted Nuthatch,Sitta canadensis,2026-04-09T18:35:11Z,09-Apr-2026,11:35:11,0.77,1
House Finch,Haemorhous mexicanus,2026-04-09T18:35:01Z,09-Apr-2026,11:35:01,0.31,1
House Finch,Haemorhous mexicanus,2026-04-09T18:34:47Z,09-Apr-2026,11:34:47,0.57,1
House Finch,Haemorhous mexicanus,2026-04-09T18:34:20Z,09-Apr-2026,11:34:20,0.7804,4
House Finch,Haemorhous mexicanus,2026-04-09T18:34:15Z,09-Apr-2026,11:34:15,0.38,1
House Finch,Haemorhous mexicanus,2026-04-09T18:34:08Z,09-Apr-2026,11:34:08,0.87,1
House Finch,Haemorhous mexicanus,2026-04-09T18:33:18Z,09-Apr-2026,11:33:18,0.8,4
Red-breasted Nuthatch,Sitta canadensis,2026-04-09T18:32:20Z,09-Apr-2026,11:32:20,0.62,1
Dark-eyed Junco,Junco hyemalis,2026-04-09T18:31:53Z,09-Apr-2026,11:31:53,0.29,1
House Finch,Haemorhous mexicanus,2026-04-09T18:31:42Z,09-Apr-2026,11:31:42,0.8471,1
Dark-eyed Junco,Junco hyemalis,2026-04-09T18:31:07Z,09-Apr-2026,11:31:07,0.43,1
Bushtit,Psaltriparus minimus,2026-04-09T18:30:30Z,09-Apr-2026,11:30:30,0.33,1
Bushtit,Psaltriparus minimus,2026-04-09T18:30:09Z,09-Apr-2026,11:30:09,0.89,1
Bushtit,Psaltriparus minimus,2026-04-09T18:29:56Z,09-Apr-2026,11:29:56,0.39,1
Bushtit,Psaltriparus minimus,2026-04-09T18:29:38Z,09-Apr-2026,11:29:38,0.78,1
Anna's Hummingbird,Calypte anna,2026-04-09T18:29:24Z,09-Apr-2026,11:29:24,0.8,1
Bushtit,Psaltriparus minimus,2026-04-09T18:29:19Z,09-Apr-2026,11:29:19,0.99,1
Bushtit,Psaltriparus minimus,2026-04-09T18:29:12Z,09-Apr-2026,11:29:12,0.98,1
Bushtit,Psaltriparus minimus,2026-04-09T18:29:04Z,09-Apr-2026,11:29:04,0.99,1
Bushtit,Psaltriparus minimus,2026-04-09T18:28:48Z,09-Apr-2026,11:28:48,0.97,1
Bushtit,Psaltriparus minimus,2026-04-09T18:28:42Z,09-Apr-2026,11:28:42,0.92,1
Bushtit,Psaltriparus minimus,2026-04-09T18:28:35Z,09-Apr-2026,11:28:35,0.61,1
Bushtit,Psaltriparus minimus,2026-04-09T18:28:03Z,09-Apr-2026,11:28:03,0.92,1
Bushtit,Psaltriparus minimus,2026-04-09T18:27:50Z,09-Apr-2026,11:27:50,0.26,1
Red-breasted Nuthatch,Sitta canadensis,2026-04-09T18:27:43Z,09-Apr-2026,11:27:43,0.52,1
Red-breasted Nuthatch,Sitta canadensis,2026-04-09T18:27:34Z,09-Apr-2026,11:27:34,0.58,1
Bushtit,Psaltriparus minimus,2026-04-09T18:27:14Z,09-Apr-2026,11:27:14,0.68,1
Bushtit,Psaltriparus minimus,2026-04-09T18:27:00Z,09-Apr-2026,11:27:00,0.27,1
Bushtit,Psaltriparus minimus,2026-04-09T18:26:48Z,09-Apr-2026,11:26:48,0.75,1
Bushtit,Psaltriparus minimus,2026-04-09T18:26:41Z,09-Apr-2026,11:26:41,0.32,1
Bushtit,Psaltriparus minimus,2026-04-09T18:26:34Z,09-Apr-2026,11:26:34,0.58,1
Bushtit,Psaltriparus minimus,2026-04-09T18:26:17Z,09-Apr-2026,11:26:17,0.53,1
Bushtit,Psaltriparus minimus,2026-04-09T18:26:09Z,09-Apr-2026,11:26:09,0.33,1
Bushtit,Psaltriparus minimus,2026-04-09T18:25:46Z,09-Apr-2026,11:25:46,0.6,1
Bushtit,Psaltriparus minimus,2026-04-09T18:25:33Z,09-Apr-2026,11:25:33,0.53,1
Bushtit,Psaltriparus minimus,2026-04-09T18:25:23Z,09-Apr-2026,11:25:23,0.3,1
Anna's Hummingbird,Calypte anna,2026-04-09T18:25:11Z,09-Apr-2026,11:25:11,0.8,7
Bushtit,Psaltriparus minimus,2026-04-09T18:25:05Z,09-Apr-2026,11:25:05,0.32,1
Bushtit,Psaltriparus minimus,2026-04-09T18:24:25Z,09-Apr-2026,11:24:25,0.54,1
Bushtit,Psaltriparus minimus,2026-04-09T18:24:11Z,09-Apr-2026,11:24:11,0.49,1
Bushtit,Psaltriparus minimus,2026-04-09T18:24:04Z,09-Apr-2026,11:24:04,0.81,1
Bushtit,Psaltriparus minimus,2026-04-09T18:23:56Z,09-Apr-2026,11:23:56,0.51,1
Bushtit,Psaltriparus minimus,2026-04-09T18:23:49Z,09-Apr-2026,11:23:49,0.97,1
Bushtit,Psaltriparus minimus,2026-04-09T18:23:35Z,09-Apr-2026,11:23:35,0.84,1
Bushtit,Psaltriparus minimus,2026-04-09T18:23:21Z,09-Apr-2026,11:23:21,0.57,1
Bushtit,Psaltriparus minimus,2026-04-09T18:23:14Z,09-Apr-2026,11:23:14,0.91,1
Bushtit,Psaltriparus minimus,2026-04-09T18:23:06Z,09-Apr-2026,11:23:06,0.68,1
Bushtit,Psaltriparus minimus,2026-04-09T18:22:22Z,09-Apr-2026,11:22:22,0.98,1
Bushtit,Psaltriparus minimus,2026-04-09T18:22:03Z,09-Apr-2026,11:22:03,0.98,1
Bushtit,Psaltriparus minimus,2026-04-09T18:21:55Z,09-Apr-2026,11:21:55,0.96,1
Bushtit,Psaltriparus minimus,2026-04-09T18:21:47Z,09-Apr-2026,11:21:47,0.93,1
Bushtit,Psaltriparus minimus,2026-04-09T18:21:40Z,09-Apr-2026,11:21:40,0.94,1
Bushtit,Psaltriparus minimus,2026-04-09T18:21:33Z,09-Apr-2026,11:21:33,0.89,1
Anna's Hummingbird,Calypte anna,2026-04-09T18:21:29Z,09-Apr-2026,11:21:29,0.8157,1
Bushtit,Psaltriparus minimus,2026-04-09T18:21:24Z,09-Apr-2026,11:21:24,0.97,1
Bushtit,Psaltriparus minimus,2026-04-09T18:21:17Z,09-Apr-2026,11:21:17,0.93,1
Bushtit,Psaltriparus minimus,2026-04-09T18:21:03Z,09-Apr-2026,11:21:03,0.69,1
American Crow,Corvus brachyrhynchos,2026-04-09T18:20:48Z,09-Apr-2026,11:20:48,0.43,1
Bushtit,Psaltriparus minimus,2026-04-09T18:20:41Z,09-Apr-2026,11:20:41,0.82,1
Bushtit,Psaltriparus minimus,2026-04-09T18:20:27Z,09-Apr-2026,11:20:27,0.87,1
Bushtit,Psaltriparus minimus,2026-04-09T18:20:20Z,09-Apr-2026,11:20:20,0.26,1
Bushtit,Psaltriparus minimus,2026-04-09T18:20:13Z,09-Apr-2026,11:20:13,0.77,1
Anna's Hummingbird,Calypte anna,2026-04-09T18:20:08Z,09-Apr-2026,11:20:08,0.8157,1
Bushtit,Psaltriparus minimus,2026-04-09T18:20:04Z,09-Apr-2026,11:20:04,0.54,1
Bushtit,Psaltriparus minimus,2026-04-09T18:19:57Z,09-Apr-2026,11:19:57,0.46,1
Bushtit,Psaltriparus minimus,2026-04-09T18:19:51Z,09-Apr-2026,11:19:51,0.83,1
Ring-necked Pheasant,Phasianus colchicus,2026-04-09T18:19:44Z,09-Apr-2026,11:19:44,0.92,1
Bushtit,Psaltriparus minimus,2026-04-09T18:19:27Z,09-Apr-2026,11:19:27,0.49,1
Bushtit,Psaltriparus minimus,2026-04-09T18:19:20Z,09-Apr-2026,11:19:20,0.77,1
Bushtit,Psaltriparus minimus,2026-04-09T18:19:13Z,09-Apr-2026,11:19:13,0.95,1
Dark-eyed Junco,Junco hyemalis,2026-04-09T18:18:53Z,09-Apr-2026,11:18:53,0.63,1
Dark-eyed Junco,Junco hyemalis,2026-04-09T18:18:03Z,09-Apr-2026,11:18:03,0.58,1
Dark-eyed Junco,Junco hyemalis,2026-04-09T18:17:49Z,09-Apr-2026,11:17:49,0.62,1
Dark-eyed Junco,Junco hyemalis,2026-04-09T18:17:42Z,09-Apr-2026,11:17:42,0.51,1
Dark-eyed Junco,Junco hyemalis,2026-04-09T18:17:28Z,09-Apr-2026,11:17:28,0.39,1
Orange-crowned Warbler,Leiothlypis celata,2026-04-09T18:16:30Z,09-Apr-2026,11:16:30,0.47,1
Violet-green Swallow,Tachycineta thalassina,2026-04-09T18:15:08Z,09-Apr-2026,11:15:08,0.78,1
Violet-green Swallow,Tachycineta thalassina,2026-04-09T18:15:01Z,09-Apr-2026,11:15:01,0.97,1
House Finch,Haemorhous mexicanus,2026-04-09T18:14:57Z,09-Apr-2026,11:14:57,0.8471,1
House Finch,Haemorhous mexicanus,2026-04-09T18:14:38Z,09-Apr-2026,11:14:38,0.33,1
American Crow,Corvus brachyrhynchos,2026-04-09T18:11:47Z,09-Apr-2026,11:11:47,0.8157,1
Black-capped Chickadee,Poecile atricapillus,2026-04-09T18:08:39Z,09-Apr-2026,11:08:39,0.7804,1
Anna's Hummingbird,Calypte anna,2026-04-09T18:08:09Z,09-Apr-2026,11:08:09,0.74,1
American Crow,Corvus brachyrhynchos,2026-04-09T18:07:43Z,09-Apr-2026,11:07:43,0.29,1
Black-capped Chickadee,Poecile atricapillus,2026-04-09T18:07:01Z,09-Apr-2026,11:07:01,0.4,1
Black-capped Chickadee,Poecile atricapillus,2026-04-09T18:05:04Z,09-Apr-2026,11:05:04,0.8314,2
House Finch,Haemorhous mexicanus,2026-04-09T18:03:58Z,09-Apr-2026,11:03:58,0.8157,3
House Finch,Haemorhous mexicanus,2026-04-09T18:03:05Z,09-Apr-2026,11:03:05,0.62,1
House Finch,Haemorhous mexicanus,2026-04-09T18:02:09Z,09-Apr-2026,11:02:09,0.8314,2
House Finch,Haemorhous mexicanus,2026-04-09T18:00:37Z,09-Apr-2026,11:00:37,0.8314,3
House Finch,Haemorhous mexicanus,2026-04-09T17:59:48Z,09-Apr-2026,10:59:48,0.28,1
Black-capped Chickadee,Poecile atricapillus,2026-04-09T17:58:53Z,09-Apr-2026,10:58:53,0.7804,1
House Finch,Haemorhous mexicanus,2026-04-09T17:58:26Z,09-Apr-2026,10:58:26,0.8471,3
House Finch,Haemorhous mexicanus,2026-04-09T17:58:05Z,09-Apr-2026,10:58:05,0.29,1
Black-capped Chickadee,Poecile atricapillus,2026-04-09T17:57:30Z,09-Apr-2026,10:57:30,0.36,1
House Finch,Haemorhous mexicanus,2026-04-09T17:57:19Z,09-Apr-2026,10:57:19,0.8863,2
Black-capped Chickadee,Poecile atricapillus,2026-04-09T17:57:01Z,09-Apr-2026,10:57:01,0.9412,1
House Finch,Haemorhous mexicanus,2026-04-09T17:55:45Z,09-Apr-2026,10:55:45,0.38,1
House Finch,Haemorhous mexicanus,2026-04-09T17:55:25Z,09-Apr-2026,10:55:25,0.8,5
House Finch,Haemorhous mexicanus,2026-04-09T17:52:45Z,09-Apr-2026,10:52:45,0.8627,1
American Crow,Corvus brachyrhynchos,2026-04-09T17:52:38Z,09-Apr-2026,10:52:38,0.32,1
Chestnut-backed Chickadee,Poecile rufescens,2026-04-09T17:50:14Z,09-Apr-2026,10:50:14,0.7804,1
Bewick's Wren,Thryomanes bewickii,2026-04-09T17:49:51Z,09-Apr-2026,10:49:51,0.51,1
American Crow,Corvus brachyrhynchos,2026-04-09T17:49:47Z,09-Apr-2026,10:49:47,0.898,1
Bewick's Wren,Thryomanes bewickii,2026-04-09T17:48:06Z,09-Apr-2026,10:48:06,0.42,1
Bewick's Wren,Thryomanes bewickii,2026-04-09T17:47:33Z,09-Apr-2026,10:47:33,0.44,1
American Crow,Corvus brachyrhynchos,2026-04-09T17:46:39Z,09-Apr-2026,10:46:39,0.35,1
House Finch,Haemorhous mexicanus,2026-04-09T17:45:37Z,09-Apr-2026,10:45:37,0.8157,1
American Crow,Corvus brachyrhynchos,2026-04-09T17:44:34Z,09-Apr-2026,10:44:34,0.9255,1
American Crow,Corvus brachyrhynchos,2026-04-09T17:44:29Z,09-Apr-2026,10:44:29,0.39,1
Red-breasted Nuthatch,Sitta canadensis,2026-04-09T17:42:09Z,09-Apr-2026,10:42:09,0.39,1
Red-breasted Nuthatch,Sitta canadensis,2026-04-09T17:41:41Z,09-Apr-2026,10:41:41,0.54,1
Red-breasted Nuthatch,Sitta canadensis,2026-04-09T17:41:28Z,09-Apr-2026,10:41:28,0.3,1
Red-breasted Nuthatch,Sitta canadensis,2026-04-09T17:41:04Z,09-Apr-2026,10:41:04,0.6,1
Ring-necked Pheasant,Phasianus colchicus,2026-04-09T17:40:57Z,09-Apr-2026,10:40:57,0.6,1
Red-breasted Nuthatch,Sitta canadensis,2026-04-09T17:40:50Z,09-Apr-2026,10:40:50,0.92,1
Red-breasted Nuthatch,Sitta canadensis,2026-04-09T17:40:37Z,09-Apr-2026,10:40:37,0.88,1
Red-breasted Nuthatch,Sitta canadensis,2026-04-09T17:40:27Z,09-Apr-2026,10:40:27,0.83,1
House Finch,Haemorhous mexicanus,2026-04-09T17:35:41Z,09-Apr-2026,10:35:41,0.8157,1
Bewick's Wren,Thryomanes bewickii,2026-04-09T17:31:24Z,09-Apr-2026,10:31:24,0.41,1
Bewick's Wren,Thryomanes bewickii,2026-04-09T17:30:52Z,09-Apr-2026,10:30:52,0.3,1
Black-capped Chickadee,Poecile atricapillus,2026-04-09T17:30:31Z,09-Apr-2026,10:30:31,0.45,1
Bewick's Wren,Thryomanes bewickii,2026-04-09T17:30:24Z,09-Apr-2026,10:30:24,0.5,1
Black-capped Chickadee,Poecile atricapillus,2026-04-09T17:29:54Z,09-Apr-2026,10:29:54,0.8863,4
Black-capped Chickadee,Poecile atricapillus,2026-04-09T17:29:06Z,09-Apr-2026,10:29:06,0.47,1
Black-capped Chickadee,Poecile atricapillus,2026-04-09T17:28:51Z,09-Apr-2026,10:28:51,0.9412,1
House Finch,Haemorhous mexicanus,2026-04-09T17:26:29Z,09-Apr-2026,10:26:29,0.9255,1
House Finch,Haemorhous mexicanus,2026-04-09T17:22:14Z,09-Apr-2026,10:22:14,0.61,1
House Finch,Haemorhous mexicanus,2026-04-09T17:19:44Z,09-Apr-2026,10:19:44,0.33,1
House Finch,Haemorhous mexicanus,2026-04-09T17:18:19Z,09-Apr-2026,10:18:19,0.8157,1
Black-capped Chickadee,Poecile atricapillus,2026-04-09T17:16:42Z,09-Apr-2026,10:16:42,0.3,1
House Finch,Haemorhous mexicanus,2026-04-09T17:16:37Z,09-Apr-2026,10:16:37,0.9176,1
American Crow,Corvus brachyrhynchos,2026-04-09T17:11:53Z,09-Apr-2026,10:11:53,0.8745,1
Dark-eyed Junco,Junco hyemalis,2026-04-09T17:08:53Z,09-Apr-2026,10:08:53,0.8314,1
House Finch,Haemorhous mexicanus,2026-04-09T17:03:20Z,09-Apr-2026,10:03:20,0.8157,3
House Finch,Haemorhous mexicanus,2026-04-09T17:00:32Z,09-Apr-2026,10:00:32,0.898,4
Spotted Towhee,Pipilo maculatus,2026-04-09T16:59:51Z,09-Apr-2026,09:59:51,0.28,1
House Finch,Haemorhous mexicanus,2026-04-09T16:58:52Z,09-Apr-2026,09:58:52,0.8471,3
House Finch,Haemorhous mexicanus,2026-04-09T16:58:34Z,09-Apr-2026,09:58:34,0.33,1
House Finch,Haemorhous mexicanus,2026-04-09T16:57:24Z,09-Apr-2026,09:57:24,0.8627,2
Spotted Towhee,Pipilo maculatus,2026-04-09T16:56:27Z,09-Apr-2026,09:56:27,0.29,1
House Finch,Haemorhous mexicanus,2026-04-09T16:56:23Z,09-Apr-2026,09:56:23,0.8745,1
House Finch,Haemorhous mexicanus,2026-04-09T16:55:06Z,09-Apr-2026,09:55:06,0.8627,2
American Crow,Corvus brachyrhynchos,2026-04-09T16:55:02Z,09-Apr-2026,09:55:02,0.26,1
Bewick's Wren,Thryomanes bewickii,2026-04-09T16:54:37Z,09-Apr-2026,09:54:37,0.49,1
Bewick's Wren,Thryomanes bewickii,2026-04-09T16:54:19Z,09-Apr-2026,09:54:19,0.8,1
House Finch,Haemorhous mexicanus,2026-04-09T16:54:01Z,09-Apr-2026,09:54:01,0.9255,1
House Finch,Haemorhous mexicanus,2026-04-09T16:52:25Z,09-Apr-2026,09:52:25,0.28,1
House Finch,Haemorhous mexicanus,2026-04-09T16:50:28Z,09-Apr-2026,09:50:28,0.7804,1
House Finch,Haemorhous mexicanus,2026-04-09T16:50:10Z,09-Apr-2026,09:50:10,0.3,1
Mountain Chickadee,Poecile gambeli,2026-04-09T16:49:03Z,09-Apr-2026,09:49:03,0.32,1
Black-capped Chickadee,Poecile atricapillus,2026-04-09T16:48:59Z,09-Apr-2026,09:48:59,0.7804,2
House Finch,Haemorhous mexicanus,2026-04-09T16:48:12Z,09-Apr-2026,09:48:12,0.27,1
Black-capped Chickadee,Poecile atricapillus,2026-04-09T16:48:06Z,09-Apr-2026,09:48:06,0.51,1
Black-capped Chickadee,Poecile atricapillus,2026-04-09T16:47:57Z,09-Apr-2026,09:47:57,0.8745,1
Mountain Chickadee,Poecile gambeli,2026-04-09T16:47:24Z,09-Apr-2026,09:47:24,0.26,1
Mountain Chickadee,Poecile gambeli,2026-04-09T16:47:10Z,09-Apr-2026,09:47:10,0.29,1
House Finch,Haemorhous mexicanus,2026-04-09T16:47:00Z,09-Apr-2026,09:47:00,0.29,1
House Finch,Haemorhous mexicanus,2026-04-09T16:46:52Z,09-Apr-2026,09:46:52,0.26,1
Black-capped Chickadee,Poecile atricapillus,2026-04-09T16:46:47Z,09-Apr-2026,09:46:47,0.9529,1
House Finch,Haemorhous mexicanus,2026-04-09T16:46:43Z,09-Apr-2026,09:46:43,0.8314,3
House Finch,Haemorhous mexicanus,2026-04-09T16:45:11Z,09-Apr-2026,09:45:11,0.8,3
House Finch,Haemorhous mexicanus,2026-04-09T16:42:56Z,09-Apr-2026,09:42:56,0.8157,4
American Robin,Turdus migratorius,2026-04-09T16:42:28Z,09-Apr-2026,09:42:28,0.57,1
American Robin,Turdus migratorius,2026-04-09T16:42:23Z,09-Apr-2026,09:42:23,0.8471,1
House Finch,Haemorhous mexicanus,2026-04-09T16:41:51Z,09-Apr-2026,09:41:51,0.8157,2
Bewick's Wren,Thryomanes bewickii,2026-04-09T16:41:05Z,09-Apr-2026,09:41:05,0.45,1
House Finch,Haemorhous mexicanus,2026-04-09T16:40:05Z,09-Apr-2026,09:40:05,0.8157,4
House Finch,Haemorhous mexicanus,2026-04-09T16:38:54Z,09-Apr-2026,09:38:54,0.36,1
House Finch,Haemorhous mexicanus,2026-04-09T16:38:37Z,09-Apr-2026,09:38:37,0.8471,5
Mountain Chickadee,Poecile gambeli,2026-04-09T16:38:32Z,09-Apr-2026,09:38:32,0.35,1
Bewick's Wren,Thryomanes bewickii,2026-04-09T16:37:32Z,09-Apr-2026,09:37:32,0.33,1
House Finch,Haemorhous mexicanus,2026-04-09T16:37:19Z,09-Apr-2026,09:37:19,0.8,3
Bewick's Wren,Thryomanes bewickii,2026-04-09T16:36:54Z,09-Apr-2026,09:36:54,0.28,1
Bewick's Wren,Thryomanes bewickii,2026-04-09T16:36:40Z,09-Apr-2026,09:36:40,0.51,1
Bewick's Wren,Thryomanes bewickii,2026-04-09T16:36:34Z,09-Apr-2026,09:36:34,0.58,1
American Robin,Turdus migratorius,2026-04-09T16:35:37Z,09-Apr-2026,09:35:37,0.74,1
American Robin,Turdus migratorius,2026-04-09T16:35:32Z,09-Apr-2026,09:35:32,0.8157,1
American Crow,Corvus brachyrhynchos,2026-04-09T16:35:23Z,09-Apr-2026,09:35:23,0.898,1
House Finch,Haemorhous mexicanus,2026-04-09T16:34:36Z,09-Apr-2026,09:34:36,0.8471,1
House Finch,Haemorhous mexicanus,2026-04-09T16:34:32Z,09-Apr-2026,09:34:32,0.53,1
Anna's Hummingbird,Calypte anna,2026-04-09T16:34:08Z,09-Apr-2026,09:34:08,0.9765,1
House Finch,Haemorhous mexicanus,2026-04-09T16:29:21Z,09-Apr-2026,09:29:21,0.39,1
American Crow,Corvus brachyrhynchos,2026-04-09T16:27:43Z,09-Apr-2026,09:27:43,0.28,1
Black-capped Chickadee,Poecile atricapillus,2026-04-09T16:24:51Z,09-Apr-2026,09:24:51,0.41,1
American Goldfinch,Spinus tristis,2026-04-09T16:24:34Z,09-Apr-2026,09:24:34,0.48,1
Black-capped Chickadee,Poecile atricapillus,2026-04-09T16:24:27Z,09-Apr-2026,09:24:27,0.49,1
Black-capped Chickadee,Poecile atricapillus,2026-04-09T16:24:23Z,09-Apr-2026,09:24:23,0.7804,4
Bewick's Wren,Thryomanes bewickii,2026-04-09T16:23:35Z,09-Apr-2026,09:23:35,0.75,1
Black-capped Chickadee,Poecile atricapillus,2026-04-09T16:23:00Z,09-Apr-2026,09:23:00,0.8627,4
Black-capped Chickadee,Poecile atricapillus,2026-04-09T16:21:48Z,09-Apr-2026,09:21:48,0.42,1
Anna's Hummingbird,Calypte anna,2026-04-09T16:21:20Z,09-Apr-2026,09:21:20,0.9569,1
Black-capped Chickadee,Poecile atricapillus,2026-04-09T16:21:16Z,09-Apr-2026,09:21:16,0.35,1
Black-capped Chickadee,Poecile atricapillus,2026-04-09T16:21:10Z,09-Apr-2026,09:21:10,0.37,1
Mountain Chickadee,Poecile gambeli,2026-04-09T16:21:03Z,09-Apr-2026,09:21:03,0.29,1
Black-capped Chickadee,Poecile atricapillus,2026-04-09T16:20:58Z,09-Apr-2026,09:20:58,0.8314,1
Mountain Chickadee,Poecile gambeli,2026-04-09T16:20:42Z,09-Apr-2026,09:20:42,0.44,1
American Crow,Corvus brachyrhynchos,2026-04-09T16:17:57Z,09-Apr-2026,09:17:57,0.7804,1
American Crow,Corvus brachyrhynchos,2026-04-09T16:17:53Z,09-Apr-2026,09:17:53,0.41,1
Black-capped Chickadee,Poecile atricapillus,2026-04-09T16:17:13Z,09-Apr-2026,09:17:13,0.27,1
Red-breasted Nuthatch,Sitta canadensis,2026-04-09T16:16:32Z,09-Apr-2026,09:16:32,0.36,1
Black-capped Chickadee,Poecile atricapillus,2026-04-09T16:15:59Z,09-Apr-2026,09:15:59,0.33,1
Black-capped Chickadee,Poecile atricapillus,2026-04-09T16:15:48Z,09-Apr-2026,09:15:48,0.8314,9
Black-capped Chickadee,Poecile atricapillus,2026-04-09T16:15:04Z,09-Apr-2026,09:15:04,0.32,1
Black-capped Chickadee,Poecile atricapillus,2026-04-09T16:14:53Z,09-Apr-2026,09:14:53,0.27,1
Black-capped Chickadee,Poecile atricapillus,2026-04-09T16:14:33Z,09-Apr-2026,09:14:33,0.8863,5
Red-breasted Nuthatch,Sitta canadensis,2026-04-09T16:14:16Z,09-Apr-2026,09:14:16,0.47,1
Red-breasted Nuthatch,Sitta canadensis,2026-04-09T16:14:01Z,09-Apr-2026,09:14:01,0.51,1
Black-capped Chickadee,Poecile atricapillus,2026-04-09T16:13:16Z,09-Apr-2026,09:13:16,0.898,4
Black-capped Chickadee,Poecile atricapillus,2026-04-09T16:13:09Z,09-Apr-2026,09:13:09,0.34,1
American Crow,Corvus brachyrhynchos,2026-04-09T16:12:30Z,09-Apr-2026,09:12:30,0.46,1
Black-capped Chickadee,Poecile atricapillus,2026-04-09T16:12:15Z,09-Apr-2026,09:12:15,0.8627,1
Black-capped Chickadee,Poecile atricapillus,2026-04-09T16:12:10Z,09-Apr-2026,09:12:10,0.3,1
Spotted Towhee,Pipilo maculatus,2026-04-09T16:11:21Z,09-Apr-2026,09:11:21,0.29,1
Spotted Towhee,Pipilo maculatus,2026-04-09T16:11:07Z,09-Apr-2026,09:11:07,0.3,1
Chestnut-backed Chickadee,Poecile rufescens,2026-04-09T16:10:29Z,09-Apr-2026,09:10:29,0.8314,1
Dark-eyed Junco,Junco hyemalis,2026-04-09T16:08:30Z,09-Apr-2026,09:08:30,0.28,1
Bewick's Wren,Thryomanes bewickii,2026-04-09T16:07:02Z,09-Apr-2026,09:07:02,0.45,1
Bewick's Wren,Thryomanes bewickii,2026-04-09T16:05:09Z,09-Apr-2026,09:05:09,0.61,1
Bewick's Wren,Thryomanes bewickii,2026-04-09T16:04:56Z,09-Apr-2026,09:04:56,0.64,1
Bewick's Wren,Thryomanes bewickii,2026-04-09T16:04:49Z,09-Apr-2026,09:04:49,0.44,1
Song Sparrow,Melospiza melodia,2026-04-09T16:04:35Z,09-Apr-2026,09:04:35,0.4,1
Song Sparrow,Melospiza melodia,2026-04-09T16:04:20Z,09-Apr-2026,09:04:20,0.36,1
Bewick's Wren,Thryomanes bewickii,2026-04-09T16:04:06Z,09-Apr-2026,09:04:06,0.33,1
Bewick's Wren,Thryomanes bewickii,2026-04-09T16:03:48Z,09-Apr-2026,09:03:48,0.79,1
Bewick's Wren,Thryomanes bewickii,2026-04-09T16:03:41Z,09-Apr-2026,09:03:41,0.27,1
Bewick's Wren,Thryomanes bewickii,2026-04-09T16:03:26Z,09-Apr-2026,09:03:26,0.64,1
Bewick's Wren,Thryomanes bewickii,2026-04-09T16:03:19Z,09-Apr-2026,09:03:19,0.85,1
Song Sparrow,Melospiza melodia,2026-04-09T16:03:01Z,09-Apr-2026,09:03:01,0.8471,1
Bewick's Wren,Thryomanes bewickii,2026-04-09T16:02:47Z,09-Apr-2026,09:02:47,0.84,1
Bewick's Wren,Thryomanes bewickii,2026-04-09T16:02:40Z,09-Apr-2026,09:02:40,0.47,1
Bewick's Wren,Thryomanes bewickii,2026-04-09T16:02:33Z,09-Apr-2026,09:02:33,0.6,1
Bewick's Wren,Thryomanes bewickii,2026-04-09T16:02:26Z,09-Apr-2026,09:02:26,0.37,1
Bewick's Wren,Thryomanes bewickii,2026-04-09T16:02:19Z,09-Apr-2026,09:02:19,0.91,1
Black-capped Chickadee,Poecile atricapillus,2026-04-09T16:02:09Z,09-Apr-2026,09:02:09,0.49,1
Bewick's Wren,Thryomanes bewickii,2026-04-09T16:01:55Z,09-Apr-2026,09:01:55,0.27,1
Bewick's Wren,Thryomanes bewickii,2026-04-09T16:01:38Z,09-Apr-2026,09:01:38,0.58,1
Bewick's Wren,Thryomanes bewickii,2026-04-09T16:01:21Z,09-Apr-2026,09:01:21,0.63,1
Bewick's Wren,Thryomanes bewickii,2026-04-09T16:00:45Z,09-Apr-2026,09:00:45,0.53,1
Bewick's Wren,Thryomanes bewickii,2026-04-09T16:00:20Z,09-Apr-2026,09:00:20,0.29,1
Bewick's Wren,Thryomanes bewickii,2026-04-09T15:58:53Z,09-Apr-2026,08:58:53,0.46,1
Bushtit,Psaltriparus minimus,2026-04-09T15:58:46Z,09-Apr-2026,08:58:46,0.8,1
Bewick's Wren,Thryomanes bewickii,2026-04-09T15:58:29Z,09-Apr-2026,08:58:29,0.52,1
Bewick's Wren,Thryomanes bewickii,2026-04-09T15:58:22Z,09-Apr-2026,08:58:22,0.67,1
Bewick's Wren,Thryomanes bewickii,2026-04-09T15:58:15Z,09-Apr-2026,08:58:15,0.68,1
Bewick's Wren,Thryomanes bewickii,2026-04-09T15:58:09Z,09-Apr-2026,08:58:09,0.62,1
Bewick's Wren,Thryomanes bewickii,2026-04-09T15:58:02Z,09-Apr-2026,08:58:02,0.62,1
Bewick's Wren,Thryomanes bewickii,2026-04-09T15:57:21Z,09-Apr-2026,08:57:21,0.59,1
Bewick's Wren,Thryomanes bewickii,2026-04-09T15:57:14Z,09-Apr-2026,08:57:14,0.7,1
Bewick's Wren,Thryomanes bewickii,2026-04-09T15:56:59Z,09-Apr-2026,08:56:59,0.73,1
Bewick's Wren,Thryomanes bewickii,2026-04-09T15:56:53Z,09-Apr-2026,08:56:53,0.3,1
Bewick's Wren,Thryomanes bewickii,2026-04-09T15:56:29Z,09-Apr-2026,08:56:29,0.28,1
Bewick's Wren,Thryomanes bewickii,2026-04-09T15:56:14Z,09-Apr-2026,08:56:14,0.47,1
Bewick's Wren,Thryomanes bewickii,2026-04-09T15:56:01Z,09-Apr-2026,08:56:01,0.7,1
Bewick's Wren,Thryomanes bewickii,2026-04-09T15:55:53Z,09-Apr-2026,08:55:53,0.77,1
Bewick's Wren,Thryomanes bewickii,2026-04-09T15:55:42Z,09-Apr-2026,08:55:42,0.46,1
Bewick's Wren,Thryomanes bewickii,2026-04-09T15:55:10Z,09-Apr-2026,08:55:10,0.93,1
Bewick's Wren,Thryomanes bewickii,2026-04-09T15:55:03Z,09-Apr-2026,08:55:03,0.59,1
Bewick's Wren,Thryomanes bewickii,2026-04-09T15:54:43Z,09-Apr-2026,08:54:43,0.41,1
House Finch,Haemorhous mexicanus,2026-04-09T15:54:17Z,09-Apr-2026,08:54:17,0.7804,1
Ruby-crowned Kinglet,Corthylio calendula,2026-04-09T15:54:13Z,09-Apr-2026,08:54:13,0.95,1
Ruby-crowned Kinglet,Corthylio calendula,2026-04-09T15:54:06Z,09-Apr-2026,08:54:06,0.99,1
Ruby-crowned Kinglet,Corthylio calendula,2026-04-09T15:53:51Z,09-Apr-2026,08:53:51,0.99,1
Ruby-crowned Kinglet,Corthylio calendula,2026-04-09T15:53:36Z,09-Apr-2026,08:53:36,0.57,1
Ruby-crowned Kinglet,Corthylio calendula,2026-04-09T15:53:29Z,09-Apr-2026,08:53:29,0.95,1
Northern Flicker,Colaptes auratus,2026-04-09T15:52:59Z,09-Apr-2026,08:52:59,0.68,1
Ruby-crowned Kinglet,Corthylio calendula,2026-04-09T15:52:46Z,09-Apr-2026,08:52:46,0.92,1
Northern Flicker,Colaptes auratus,2026-04-09T15:52:39Z,09-Apr-2026,08:52:39,0.61,1
Ruby-crowned Kinglet,Corthylio calendula,2026-04-09T15:52:32Z,09-Apr-2026,08:52:32,0.99,1
Ruby-crowned Kinglet,Corthylio calendula,2026-04-09T15:52:25Z,09-Apr-2026,08:52:25,0.76,1
Ruby-crowned Kinglet,Corthylio calendula,2026-04-09T15:52:17Z,09-Apr-2026,08:52:17,0.58,1
Ruby-crowned Kinglet,Corthylio calendula,2026-04-09T15:52:10Z,09-Apr-2026,08:52:10,0.99,1
House Finch,Haemorhous mexicanus,2026-04-09T15:51:04Z,09-Apr-2026,08:51:04,0.898,3
American Crow,Corvus brachyrhynchos,2026-04-09T15:50:11Z,09-Apr-2026,08:50:11,0.32,1
American Crow,Corvus brachyrhynchos,2026-04-09T15:49:50Z,09-Apr-2026,08:49:50,0.9098,1
American Crow,Corvus brachyrhynchos,2026-04-09T15:49:43Z,09-Apr-2026,08:49:43,0.37,1
House Finch,Haemorhous mexicanus,2026-04-09T15:48:52Z,09-Apr-2026,08:48:52,0.9333,2
House Finch,Haemorhous mexicanus,2026-04-09T15:47:39Z,09-Apr-2026,08:47:39,0.7804,1
House Finch,Haemorhous mexicanus,2026-04-09T15:47:00Z,09-Apr-2026,08:47:00,0.54,1
American Crow,Corvus brachyrhynchos,2026-04-09T15:46:23Z,09-Apr-2026,08:46:23,0.32,1
Black-capped Chickadee,Poecile atricapillus,2026-04-09T15:46:05Z,09-Apr-2026,08:46:05,0.8314,5
Black-capped Chickadee,Poecile atricapillus,2026-04-09T15:43:11Z,09-Apr-2026,08:43:11,0.27,1
Black-capped Chickadee,Poecile atricapillus,2026-04-09T15:42:43Z,09-Apr-2026,08:42:43,0.8627,1
Black-capped Chickadee,Poecile atricapillus,2026-04-09T15:42:36Z,09-Apr-2026,08:42:36,0.27,1
Chestnut-backed Chickadee,Poecile rufescens,2026-04-09T15:33:52Z,09-Apr-2026,08:33:52,0.7804,1
Chestnut-backed Chickadee,Poecile rufescens,2026-04-09T15:33:47Z,09-Apr-2026,08:33:47,0.28,1
American Robin,Turdus migratorius,2026-04-09T15:31:13Z,09-Apr-2026,08:31:13,0.41,1
House Finch,Haemorhous mexicanus,2026-04-09T15:30:14Z,09-Apr-2026,08:30:14,0.8314,1
Ring-necked Pheasant,Phasianus colchicus,2026-04-09T15:27:07Z,09-Apr-2026,08:27:07,0.97,1
Orange-crowned Warbler,Leiothlypis celata,2026-04-09T15:26:10Z,09-Apr-2026,08:26:10,0.34,1
Dark-eyed Junco,Junco hyemalis,2026-04-09T15:24:53Z,09-Apr-2026,08:24:53,0.26,1
House Finch,Haemorhous mexicanus,2026-04-09T15:23:17Z,09-Apr-2026,08:23:17,0.34,1
House Finch,Haemorhous mexicanus,2026-04-09T15:22:48Z,09-Apr-2026,08:22:48,0.46,1
Evening Grosbeak,Coccothraustes vespertinus,2026-04-09T15:22:34Z,09-Apr-2026,08:22:34,0.47,1
House Finch,Haemorhous mexicanus,2026-04-09T15:22:30Z,09-Apr-2026,08:22:30,0.7804,2
American Robin,Turdus migratorius,2026-04-09T15:22:23Z,09-Apr-2026,08:22:23,0.35,1
Black-capped Chickadee,Poecile atricapillus,2026-04-09T15:21:45Z,09-Apr-2026,08:21:45,0.7804,1
Orange-crowned Warbler,Leiothlypis celata,2026-04-09T15:21:21Z,09-Apr-2026,08:21:21,0.75,1
House Finch,Haemorhous mexicanus,2026-04-09T15:20:39Z,09-Apr-2026,08:20:39,0.41,1
House Finch,Haemorhous mexicanus,2026-04-09T15:20:29Z,09-Apr-2026,08:20:29,0.7804,1
Orange-crowned Warbler,Leiothlypis celata,2026-04-09T15:19:50Z,09-Apr-2026,08:19:50,0.46,1
American Robin,Turdus migratorius,2026-04-09T15:15:03Z,09-Apr-2026,08:15:03,0.8471,1
Black-capped Chickadee,Poecile atricapillus,2026-04-09T15:14:52Z,09-Apr-2026,08:14:52,0.38,1
Steller's Jay,Cyanocitta stelleri,2026-04-09T15:14:35Z,09-Apr-2026,08:14:35,0.46,1
Steller's Jay,Cyanocitta stelleri,2026-04-09T15:14:22Z,09-Apr-2026,08:14:22,0.8,1
Black-capped Chickadee,Poecile atricapillus,2026-04-09T15:14:18Z,09-Apr-2026,08:14:18,0.8863,2
Black-capped Chickadee,Poecile atricapillus,2026-04-09T15:13:49Z,09-Apr-2026,08:13:49,0.4,1
Black-capped Chickadee,Poecile atricapillus,2026-04-09T15:12:53Z,09-Apr-2026,08:12:53,0.9098,4
Black-capped Chickadee,Poecile atricapillus,2026-04-09T15:12:17Z,09-Apr-2026,08:12:17,0.29,1
Black-capped Chickadee,Poecile atricapillus,2026-04-09T15:11:43Z,09-Apr-2026,08:11:43,0.8745,1
House Finch,Haemorhous mexicanus,2026-04-09T15:11:30Z,09-Apr-2026,08:11:30,0.8157,1
Dark-eyed Junco,Junco hyemalis,2026-04-09T15:10:15Z,09-Apr-2026,08:10:15,0.27,1
Dark-eyed Junco,Junco hyemalis,2026-04-09T15:10:08Z,09-Apr-2026,08:10:08,0.4,1
Dark-eyed Junco,Junco hyemalis,2026-04-09T15:09:53Z,09-Apr-2026,08:09:53,0.35,1
House Finch,Haemorhous mexicanus,2026-04-09T15:09:06Z,09-Apr-2026,08:09:06,0.8157,1
Black-capped Chickadee,Poecile atricapillus,2026-04-09T15:08:37Z,09-Apr-2026,08:08:37,0.8627,1
Black-capped Chickadee,Poecile atricapillus,2026-04-09T15:08:20Z,09-Apr-2026,08:08:20,0.28,1
Northern Flicker,Colaptes auratus,2026-04-09T15:05:55Z,09-Apr-2026,08:05:55,0.59,1
House Finch,Haemorhous mexicanus,2026-04-09T15:05:28Z,09-Apr-2026,08:05:28,0.41,1
House Finch,Haemorhous mexicanus,2026-04-09T15:05:13Z,09-Apr-2026,08:05:13,0.34,1
House Finch,Haemorhous mexicanus,2026-04-09T15:05:03Z,09-Apr-2026,08:05:03,0.31,1
House Finch,Haemorhous mexicanus,2026-04-09T15:04:41Z,09-Apr-2026,08:04:41,0.7804,3
Orange-crowned Warbler,Leiothlypis celata,2026-04-09T15:04:33Z,09-Apr-2026,08:04:33,0.28,1
Orange-crowned Warbler,Leiothlypis celata,2026-04-09T15:03:59Z,09-Apr-2026,08:03:59,0.31,1
House Finch,Haemorhous mexicanus,2026-04-09T15:03:36Z,09-Apr-2026,08:03:36,0.7804,1
Rufous Hummingbird,Selasphorus rufus,2026-04-09T15:02:55Z,09-Apr-2026,08:02:55,0.36,1
American Robin,Turdus migratorius,2026-04-09T15:02:05Z,09-Apr-2026,08:02:05,0.7804,1
Bushtit,Psaltriparus minimus,2026-04-09T15:02:01Z,09-Apr-2026,08:02:01,0.35,1
Bushtit,Psaltriparus minimus,2026-04-09T15:01:53Z,09-Apr-2026,08:01:53,0.51,1
House Finch,Haemorhous mexicanus,2026-04-09T15:00:58Z,09-Apr-2026,08:00:58,0.8157,4
House Finch,Haemorhous mexicanus,2026-04-09T14:59:55Z,09-Apr-2026,07:59:55,0.39,1
House Finch,Haemorhous mexicanus,2026-04-09T14:59:45Z,09-Apr-2026,07:59:45,0.9255,3
House Finch,Haemorhous mexicanus,2026-04-09T14:59:09Z,09-Apr-2026,07:59:09,0.32,1
House Finch,Haemorhous mexicanus,2026-04-09T14:58:31Z,09-Apr-2026,07:58:31,0.8627,1
House Finch,Haemorhous mexicanus,2026-04-09T14:58:03Z,09-Apr-2026,07:58:03,0.6,1
House Finch,Haemorhous mexicanus,2026-04-09T14:55:39Z,09-Apr-2026,07:55:39,0.8,1
American Robin,Turdus migratorius,2026-04-09T14:55:27Z,09-Apr-2026,07:55:27,0.8,2
Dark-eyed Junco,Junco hyemalis,2026-04-09T14:55:19Z,09-Apr-2026,07:55:19,0.53,1
American Robin,Turdus migratorius,2026-04-09T14:54:44Z,09-Apr-2026,07:54:44,0.3,1
Dark-eyed Junco,Junco hyemalis,2026-04-09T14:54:36Z,09-Apr-2026,07:54:36,0.57,1
American Robin,Turdus migratorius,2026-04-09T14:53:49Z,09-Apr-2026,07:53:49,0.8314,2
Black-capped Chickadee,Poecile atricapillus,2026-04-09T14:53:02Z,09-Apr-2026,07:53:02,0.31,1
Black-capped Chickadee,Poecile atricapillus,2026-04-09T14:52:56Z,09-Apr-2026,07:52:56,0.898,1
Black-capped Chickadee,Poecile atricapillus,2026-04-09T14:51:49Z,09-Apr-2026,07:51:49,0.29,1
American Robin,Turdus migratorius,2026-04-09T14:51:06Z,09-Apr-2026,07:51:06,0.46,1
American Robin,Turdus migratorius,2026-04-09T14:50:34Z,09-Apr-2026,07:50:34,0.8,1
American Robin,Turdus migratorius,2026-04-09T14:50:23Z,09-Apr-2026,07:50:23,0.26,1
American Robin,Turdus migratorius,2026-04-09T14:50:09Z,09-Apr-2026,07:50:09,0.41,1
American Robin,Turdus migratorius,2026-04-09T14:50:03Z,09-Apr-2026,07:50:03,0.42,1
American Robin,Turdus migratorius,2026-04-09T14:49:19Z,09-Apr-2026,07:49:19,0.37,1
American Robin,Turdus migratorius,2026-04-09T14:48:58Z,09-Apr-2026,07:48:58,0.37,1
American Robin,Turdus migratorius,2026-04-09T14:48:40Z,09-Apr-2026,07:48:40,0.7804,11
Yellow-rumped Warbler,Setophaga coronata,2026-04-09T14:48:36Z,09-Apr-2026,07:48:36,0.72,1
American Robin,Turdus migratorius,2026-04-09T14:48:27Z,09-Apr-2026,07:48:27,0.36,1
American Robin,Turdus migratorius,2026-04-09T14:48:07Z,09-Apr-2026,07:48:07,0.28,1
American Robin,Turdus migratorius,2026-04-09T14:47:27Z,09-Apr-2026,07:47:27,0.8314,1
American Robin,Turdus migratorius,2026-04-09T14:47:15Z,09-Apr-2026,07:47:15,0.29,1
American Robin,Turdus migratorius,2026-04-09T14:46:57Z,09-Apr-2026,07:46:57,0.38,1
American Robin,Turdus migratorius,2026-04-09T14:46:35Z,09-Apr-2026,07:46:35,0.29,1
American Robin,Turdus migratorius,2026-04-09T14:46:25Z,09-Apr-2026,07:46:25,0.7804,2
American Robin,Turdus migratorius,2026-04-09T14:46:18Z,09-Apr-2026,07:46:18,0.31,1
White-crowned Sparrow,Zonotrichia leucophrys,2026-04-09T14:45:51Z,09-Apr-2026,07:45:51,0.37,1
Dark-eyed Junco,Junco hyemalis,2026-04-09T14:45:38Z,09-Apr-2026,07:45:38,0.28,1
American Robin,Turdus migratorius,2026-04-09T14:45:20Z,09-Apr-2026,07:45:20,0.7804,1
American Goldfinch,Spinus tristis,2026-04-09T14:45:16Z,09-Apr-2026,07:45:16,0.33,1
House Finch,Haemorhous mexicanus,2026-04-09T14:43:50Z,09-Apr-2026,07:43:50,0.7804,1
Dark-eyed Junco,Junco hyemalis,2026-04-09T14:43:30Z,09-Apr-2026,07:43:30,0.26,1
Dark-eyed Junco,Junco hyemalis,2026-04-09T14:43:16Z,09-Apr-2026,07:43:16,0.3,1
Red-breasted Nuthatch,Sitta canadensis,2026-04-09T14:41:40Z,09-Apr-2026,07:41:40,0.85,1
Red-breasted Nuthatch,Sitta canadensis,2026-04-09T14:41:33Z,09-Apr-2026,07:41:33,0.52,1
House Finch,Haemorhous mexicanus,2026-04-09T14:41:20Z,09-Apr-2026,07:41:20,0.8,1
Red-breasted Nuthatch,Sitta canadensis,2026-04-09T14:41:13Z,09-Apr-2026,07:41:13,0.72,1
Orange-crowned Warbler,Leiothlypis celata,2026-04-09T14:39:30Z,09-Apr-2026,07:39:30,0.68,1
Orange-crowned Warbler,Leiothlypis celata,2026-04-09T14:38:47Z,09-Apr-2026,07:38:47,0.45,1
Orange-crowned Warbler,Leiothlypis celata,2026-04-09T14:38:17Z,09-Apr-2026,07:38:17,0.51,1
Orange-crowned Warbler,Leiothlypis celata,2026-04-09T14:38:02Z,09-Apr-2026,07:38:02,0.53,1
Orange-crowned Warbler,Leiothlypis celata,2026-04-09T14:37:47Z,09-Apr-2026,07:37:47,0.32,1
Orange-crowned Warbler,Leiothlypis celata,2026-04-09T14:36:57Z,09-Apr-2026,07:36:57,0.49,1
House Finch,Haemorhous mexicanus,2026-04-09T14:33:10Z,09-Apr-2026,07:33:10,0.8,2
House Finch,Haemorhous mexicanus,2026-04-09T14:32:06Z,09-Apr-2026,07:32:06,0.9176,8
House Finch,Haemorhous mexicanus,2026-04-09T14:31:42Z,09-Apr-2026,07:31:42,0.37,1
House Finch,Haemorhous mexicanus,2026-04-09T14:31:00Z,09-Apr-2026,07:31:00,0.8157,2
Black-capped Chickadee,Poecile atricapillus,2026-04-09T14:30:37Z,09-Apr-2026,07:30:37,0.8471,1
House Finch,Haemorhous mexicanus,2026-04-09T14:28:22Z,09-Apr-2026,07:28:22,0.7804,1
House Finch,Haemorhous mexicanus,2026-04-09T14:27:48Z,09-Apr-2026,07:27:48,0.38,1
House Finch,Haemorhous mexicanus,2026-04-09T14:27:33Z,09-Apr-2026,07:27:33,0.4,1
American Crow,Corvus brachyrhynchos,2026-04-09T14:25:42Z,09-Apr-2026,07:25:42,0.8157,1
House Finch,Haemorhous mexicanus,2026-04-09T14:25:00Z,09-Apr-2026,07:25:00,0.898,2
Anna's Hummingbird,Calypte anna,2026-04-09T14:24:35Z,09-Apr-2026,07:24:35,0.7804,1
House Finch,Haemorhous mexicanus,2026-04-09T14:23:48Z,09-Apr-2026,07:23:48,0.9098,5
House Finch,Haemorhous mexicanus,2026-04-09T14:22:28Z,09-Apr-2026,07:22:28,0.8157,4
American Robin,Turdus migratorius,2026-04-09T14:21:58Z,09-Apr-2026,07:21:58,0.33,1
House Finch,Haemorhous mexicanus,2026-04-09T14:21:23Z,09-Apr-2026,07:21:23,0.8627,4
American Robin,Turdus migratorius,2026-04-09T14:21:02Z,09-Apr-2026,07:21:02,0.39,1
House Finch,Haemorhous mexicanus,2026-04-09T14:20:47Z,09-Apr-2026,07:20:47,0.32,1
American Robin,Turdus migratorius,2026-04-09T14:20:41Z,09-Apr-2026,07:20:41,0.9529,1
House Finch,Haemorhous mexicanus,2026-04-09T14:20:02Z,09-Apr-2026,07:20:02,0.8157,1
House Finch,Haemorhous mexicanus,2026-04-09T14:19:49Z,09-Apr-2026,07:19:49,0.4,1
House Finch,Haemorhous mexicanus,2026-04-09T14:19:33Z,09-Apr-2026,07:19:33,0.32,1
House Finch,Haemorhous mexicanus,2026-04-09T14:18:23Z,09-Apr-2026,07:18:23,0.8,1
House Finch,Haemorhous mexicanus,2026-04-09T14:18:09Z,09-Apr-2026,07:18:09,0.5,1
Black-capped Chickadee,Poecile atricapillus,2026-04-09T14:17:48Z,09-Apr-2026,07:17:48,0.33,1
Chestnut-backed Chickadee,Poecile rufescens,2026-04-09T14:17:33Z,09-Apr-2026,07:17:33,0.7804,1
Chestnut-backed Chickadee,Poecile rufescens,2026-04-09T14:17:11Z,09-Apr-2026,07:17:11,0.3,1
Black-capped Chickadee,Poecile atricapillus,2026-04-09T14:16:52Z,09-Apr-2026,07:16:52,0.27,1
American Robin,Turdus migratorius,2026-04-09T14:16:34Z,09-Apr-2026,07:16:34,0.8,2
American Robin,Turdus migratorius,2026-04-09T14:15:27Z,09-Apr-2026,07:15:27,0.8627,2
House Finch,Haemorhous mexicanus,2026-04-09T14:13:58Z,09-Apr-2026,07:13:58,0.8157,4
American Robin,Turdus migratorius,2026-04-09T14:13:51Z,09-Apr-2026,07:13:51,0.28,1
House Finch,Haemorhous mexicanus,2026-04-09T14:12:55Z,09-Apr-2026,07:12:55,0.9529,1
American Robin,Turdus migratorius,2026-04-09T14:12:23Z,09-Apr-2026,07:12:23,0.37,1
American Robin,Turdus migratorius,2026-04-09T14:12:08Z,09-Apr-2026,07:12:08,0.29,1
American Robin,Turdus migratorius,2026-04-09T14:12:02Z,09-Apr-2026,07:12:02,0.34,1
Red-breasted Nuthatch,Sitta canadensis,2026-04-09T14:11:55Z,09-Apr-2026,07:11:55,0.26,1
House Finch,Haemorhous mexicanus,2026-04-09T14:11:33Z,09-Apr-2026,07:11:33,0.8,1
American Robin,Turdus migratorius,2026-04-09T14:11:12Z,09-Apr-2026,07:11:12,0.32,1
American Robin,Turdus migratorius,2026-04-09T14:11:08Z,09-Apr-2026,07:11:08,0.8157,4
American Robin,Turdus migratorius,2026-04-09T14:11:01Z,09-Apr-2026,07:11:01,0.62,1
American Robin,Turdus migratorius,2026-04-09T14:10:02Z,09-Apr-2026,07:10:02,0.34,1
House Finch,Haemorhous mexicanus,2026-04-09T14:09:44Z,09-Apr-2026,07:09:44,0.42,1
American Robin,Turdus migratorius,2026-04-09T14:09:32Z,09-Apr-2026,07:09:32,0.8157,1
Downy Woodpecker,Dryobates pubescens,2026-04-09T14:07:44Z,09-Apr-2026,07:07:44,0.27,1
Black-capped Chickadee,Poecile atricapillus,2026-04-09T14:07:11Z,09-Apr-2026,07:07:11,0.7804,1
Black-capped Chickadee,Poecile atricapillus,2026-04-09T14:06:08Z,09-Apr-2026,07:06:08,0.9333,1
Ruby-crowned Kinglet,Corthylio calendula,2026-04-09T14:05:07Z,09-Apr-2026,07:05:07,0.45,1
House Finch,Haemorhous mexicanus,2026-04-09T14:04:22Z,09-Apr-2026,07:04:22,0.8,2
House Finch,Haemorhous mexicanus,2026-04-09T14:02:52Z,09-Apr-2026,07:02:52,0.8745,4
House Finch,Haemorhous mexicanus,2026-04-09T14:02:31Z,09-Apr-2026,07:02:31,0.27,1
House Finch,Haemorhous mexicanus,2026-04-09T14:02:24Z,09-Apr-2026,07:02:24,0.3,1
Barn Owl,Tyto alba,2026-04-09T14:02:02Z,09-Apr-2026,07:02:02,0.44,1
House Finch,Haemorhous mexicanus,2026-04-09T14:01:44Z,09-Apr-2026,07:01:44,0.9255,2
House Finch,Haemorhous mexicanus,2026-04-09T13:59:33Z,09-Apr-2026,06:59:33,0.8745,5
House Finch,Haemorhous mexicanus,2026-04-09T13:58:27Z,09-Apr-2026,06:58:27,0.8,5
House Finch,Haemorhous mexicanus,2026-04-09T13:57:24Z,09-Apr-2026,06:57:24,0.9176,2
Fox Sparrow,Passerella iliaca,2026-04-09T13:56:41Z,09-Apr-2026,06:56:41,0.44,1
House Finch,Haemorhous mexicanus,2026-04-09T13:56:08Z,09-Apr-2026,06:56:08,0.8157,2
Black Phoebe,Sayornis nigricans,2026-04-09T13:55:07Z,09-Apr-2026,06:55:07,0.7804,3
House Finch,Haemorhous mexicanus,2026-04-09T13:54:36Z,09-Apr-2026,06:54:36,0.7804,2
Song Sparrow,Melospiza melodia,2026-04-09T13:54:04Z,09-Apr-2026,06:54:04,0.8,1
House Finch,Haemorhous mexicanus,2026-04-09T13:53:35Z,09-Apr-2026,06:53:35,0.8157,2
House Finch,Haemorhous mexicanus,2026-04-09T13:52:19Z,09-Apr-2026,06:52:19,0.8,3
Black Phoebe,Sayornis nigricans,2026-04-09T13:52:07Z,09-Apr-2026,06:52:07,0.8314,1
Black Phoebe,Sayornis nigricans,2026-04-09T13:50:48Z,09-Apr-2026,06:50:48,0.9176,1
House Finch,Haemorhous mexicanus,2026-04-09T13:50:43Z,09-Apr-2026,06:50:43,0.8157,1
Spotted Towhee,Pipilo maculatus,2026-04-09T13:50:39Z,09-Apr-2026,06:50:39,0.33,1
Spotted Towhee,Pipilo maculatus,2026-04-09T13:50:32Z,09-Apr-2026,06:50:32,0.28,1
Spotted Towhee,Pipilo maculatus,2026-04-09T13:50:21Z,09-Apr-2026,06:50:21,0.29,1
House Finch,Haemorhous mexicanus,2026-04-09T13:49:42Z,09-Apr-2026,06:49:42,0.8471,1
Black Phoebe,Sayornis nigricans,2026-04-09T13:49:38Z,09-Apr-2026,06:49:38,0.8745,1
Spotted Towhee,Pipilo maculatus,2026-04-09T13:49:16Z,09-Apr-2026,06:49:16,0.89,1
Spotted Towhee,Pipilo maculatus,2026-04-09T13:49:09Z,09-Apr-2026,06:49:09,0.93,1
Spotted Towhee,Pipilo maculatus,2026-04-09T13:48:46Z,09-Apr-2026,06:48:46,0.44,1
Spotted Towhee,Pipilo maculatus,2026-04-09T13:48:39Z,09-Apr-2026,06:48:39,0.9,1
Spotted Towhee,Pipilo maculatus,2026-04-09T13:48:31Z,09-Apr-2026,06:48:31,0.85,1
Spotted Towhee,Pipilo maculatus,2026-04-09T13:48:24Z,09-Apr-2026,06:48:24,0.37,1
Spotted Towhee,Pipilo maculatus,2026-04-09T13:48:18Z,09-Apr-2026,06:48:18,0.87,1
Spotted Towhee,Pipilo maculatus,2026-04-09T13:48:03Z,09-Apr-2026,06:48:03,0.66,1
Spotted Towhee,Pipilo maculatus,2026-04-09T13:47:56Z,09-Apr-2026,06:47:56,0.58,1
Spotted Towhee,Pipilo maculatus,2026-04-09T13:47:27Z,09-Apr-2026,06:47:27,0.69,1
Spotted Towhee,Pipilo maculatus,2026-04-09T13:47:07Z,09-Apr-2026,06:47:07,0.75,1
Spotted Towhee,Pipilo maculatus,2026-04-09T13:47:00Z,09-Apr-2026,06:47:00,0.76,1
Spotted Towhee,Pipilo maculatus,2026-04-09T13:46:43Z,09-Apr-2026,06:46:43,0.32,1
House Finch,Haemorhous mexicanus,2026-04-09T13:46:28Z,09-Apr-2026,06:46:28,0.26,1
American Crow,Corvus brachyrhynchos,2026-04-09T13:45:06Z,09-Apr-2026,06:45:06,0.26,1
Black-capped Chickadee,Poecile atricapillus,2026-04-09T13:44:26Z,09-Apr-2026,06:44:26,0.38,1
American Crow,Corvus brachyrhynchos,2026-04-09T13:44:09Z,09-Apr-2026,06:44:09,0.5,1
Spotted Towhee,Pipilo maculatus,2026-04-09T13:43:41Z,09-Apr-2026,06:43:41,0.36,1
Bewick's Wren,Thryomanes bewickii,2026-04-09T13:39:49Z,09-Apr-2026,06:39:49,0.26,1
Spotted Towhee,Pipilo maculatus,2026-04-09T13:35:11Z,09-Apr-2026,06:35:11,0.43,1
Spotted Towhee,Pipilo maculatus,2026-04-09T13:35:03Z,09-Apr-2026,06:35:03,0.35,1
Spotted Towhee,Pipilo maculatus,2026-04-09T13:34:26Z,09-Apr-2026,06:34:26,0.37,1
Steller's Jay,Cyanocitta stelleri,2026-04-09T13:33:47Z,09-Apr-2026,06:33:47,0.7804,1
Spotted Towhee,Pipilo maculatus,2026-04-09T13:32:48Z,09-Apr-2026,06:32:48,0.31,1
Bewick's Wren,Thryomanes bewickii,2026-04-09T13:31:40Z,09-Apr-2026,06:31:40,0.37,1
Bewick's Wren,Thryomanes bewickii,2026-04-09T13:31:26Z,09-Apr-2026,06:31:26,0.48,1
Bewick's Wren,Thryomanes bewickii,2026-04-09T13:31:11Z,09-Apr-2026,06:31:11,0.56,1
Bewick's Wren,Thryomanes bewickii,2026-04-09T13:31:03Z,09-Apr-2026,06:31:03,0.36,1
Bewick's Wren,Thryomanes bewickii,2026-04-09T13:30:43Z,09-Apr-2026,06:30:43,0.61,1
Bewick's Wren,Thryomanes bewickii,2026-04-09T13:30:26Z,09-Apr-2026,06:30:26,0.68,1
Bewick's Wren,Thryomanes bewickii,2026-04-09T13:30:19Z,09-Apr-2026,06:30:19,0.56,1
Bewick's Wren,Thryomanes bewickii,2026-04-09T13:29:30Z,09-Apr-2026,06:29:30,0.48,1
Bewick's Wren,Thryomanes bewickii,2026-04-09T13:29:16Z,09-Apr-2026,06:29:16,0.49,1
Bewick's Wren,Thryomanes bewickii,2026-04-09T13:28:30Z,09-Apr-2026,06:28:30,0.27,1
Steller's Jay,Cyanocitta stelleri,2026-04-09T13:28:15Z,09-Apr-2026,06:28:15,0.45,1
Bewick's Wren,Thryomanes bewickii,2026-04-09T13:26:07Z,09-Apr-2026,06:26:07,0.56,1
Bewick's Wren,Thryomanes bewickii,2026-04-09T13:23:58Z,09-Apr-2026,06:23:58,0.6,1
Bewick's Wren,Thryomanes bewickii,2026-04-09T13:23:24Z,09-Apr-2026,06:23:24,0.3,1
Bewick's Wren,Thryomanes bewickii,2026-04-09T13:23:16Z,09-Apr-2026,06:23:16,0.27,1
Greater Yellowlegs,Tringa melanoleuca,2026-04-09T13:22:41Z,09-Apr-2026,06:22:41,0.68,1
Bewick's Wren,Thryomanes bewickii,2026-04-09T13:22:27Z,09-Apr-2026,06:22:27,0.27,1
Bewick's Wren,Thryomanes bewickii,2026-04-09T13:22:12Z,09-Apr-2026,06:22:12,0.3,1
Bewick's Wren,Thryomanes bewickii,2026-04-09T13:21:50Z,09-Apr-2026,06:21:50,0.5,1
Bewick's Wren,Thryomanes bewickii,2026-04-09T13:21:39Z,09-Apr-2026,06:21:39,0.3,1
Bewick's Wren,Thryomanes bewickii,2026-04-09T13:21:04Z,09-Apr-2026,06:21:04,0.38,1
Spotted Towhee,Pipilo maculatus,2026-04-09T13:20:10Z,09-Apr-2026,06:20:10,0.31,1
Bewick's Wren,Thryomanes bewickii,2026-04-09T13:20:03Z,09-Apr-2026,06:20:03,0.3,1
Bewick's Wren,Thryomanes bewickii,2026-04-09T13:19:48Z,09-Apr-2026,06:19:48,0.37,1
Bewick's Wren,Thryomanes bewickii,2026-04-09T13:19:34Z,09-Apr-2026,06:19:34,0.35,1
Bewick's Wren,Thryomanes bewickii,2026-04-09T13:19:27Z,09-Apr-2026,06:19:27,0.28,1
Spotted Towhee,Pipilo maculatus,2026-04-09T13:19:20Z,09-Apr-2026,06:19:20,0.34,1
American Robin,Turdus migratorius,2026-04-09T13:19:01Z,09-Apr-2026,06:19:01,0.8,1
Spotted Towhee,Pipilo maculatus,2026-04-09T13:18:57Z,09-Apr-2026,06:18:57,0.29,1
Bewick's Wren,Thryomanes bewickii,2026-04-09T13:18:43Z,09-Apr-2026,06:18:43,0.71,1
Bewick's Wren,Thryomanes bewickii,2026-04-09T13:18:26Z,09-Apr-2026,06:18:26,0.89,1
Bewick's Wren,Thryomanes bewickii,2026-04-09T13:18:10Z,09-Apr-2026,06:18:10,0.9,1
Bewick's Wren,Thryomanes bewickii,2026-04-09T13:18:03Z,09-Apr-2026,06:18:03,0.98,1
Bewick's Wren,Thryomanes bewickii,2026-04-09T13:17:56Z,09-Apr-2026,06:17:56,0.84,1
Bewick's Wren,Thryomanes bewickii,2026-04-09T13:17:49Z,09-Apr-2026,06:17:49,0.66,1
Bewick's Wren,Thryomanes bewickii,2026-04-09T13:17:41Z,09-Apr-2026,06:17:41,0.94,1
Bewick's Wren,Thryomanes bewickii,2026-04-09T13:17:34Z,09-Apr-2026,06:17:34,0.57,1
Bewick's Wren,Thryomanes bewickii,2026-04-09T13:17:27Z,09-Apr-2026,06:17:27,0.95,1
Bewick's Wren,Thryomanes bewickii,2026-04-09T13:17:20Z,09-Apr-2026,06:17:20,0.51,1
Bewick's Wren,Thryomanes bewickii,2026-04-09T13:17:06Z,09-Apr-2026,06:17:06,0.49,1
Bewick's Wren,Thryomanes bewickii,2026-04-09T13:11:55Z,09-Apr-2026,06:11:55,0.93,1
Bewick's Wren,Thryomanes bewickii,2026-04-09T13:11:48Z,09-Apr-2026,06:11:48,0.84,1
Bewick's Wren,Thryomanes bewickii,2026-04-09T13:11:34Z,09-Apr-2026,06:11:34,0.68,1
Bewick's Wren,Thryomanes bewickii,2026-04-09T13:11:26Z,09-Apr-2026,06:11:26,0.97,1
Bewick's Wren,Thryomanes bewickii,2026-04-09T13:11:18Z,09-Apr-2026,06:11:18,0.87,1
Bewick's Wren,Thryomanes bewickii,2026-04-09T13:11:11Z,09-Apr-2026,06:11:11,0.57,1
Bewick's Wren,Thryomanes bewickii,2026-04-09T13:11:04Z,09-Apr-2026,06:11:04,0.69,1
Bewick's Wren,Thryomanes bewickii,2026-04-09T13:10:57Z,09-Apr-2026,06:10:57,0.51,1
Bewick's Wren,Thryomanes bewickii,2026-04-09T13:10:50Z,09-Apr-2026,06:10:50,0.6,1
Bewick's Wren,Thryomanes bewickii,2026-04-09T13:10:43Z,09-Apr-2026,06:10:43,0.98,1
Bewick's Wren,Thryomanes bewickii,2026-04-09T13:10:35Z,09-Apr-2026,06:10:35,0.88,1
Bewick's Wren,Thryomanes bewickii,2026-04-09T13:10:26Z,09-Apr-2026,06:10:26,0.58,1
Bewick's Wren,Thryomanes bewickii,2026-04-09T13:10:18Z,09-Apr-2026,06:10:18,0.93,1
Bewick's Wren,Thryomanes bewickii,2026-04-09T13:10:12Z,09-Apr-2026,06:10:12,0.97,1
Bewick's Wren,Thryomanes bewickii,2026-04-09T13:10:05Z,09-Apr-2026,06:10:05,0.51,1
Bewick's Wren,Thryomanes bewickii,2026-04-09T13:09:58Z,09-Apr-2026,06:09:58,0.93,1
Bewick's Wren,Thryomanes bewickii,2026-04-09T13:09:51Z,09-Apr-2026,06:09:51,0.96,1
Bewick's Wren,Thryomanes bewickii,2026-04-09T13:09:45Z,09-Apr-2026,06:09:45,0.63,1
Bewick's Wren,Thryomanes bewickii,2026-04-09T13:09:38Z,09-Apr-2026,06:09:38,0.62,1
Bewick's Wren,Thryomanes bewickii,2026-04-09T13:09:31Z,09-Apr-2026,06:09:31,0.79,1
Bewick's Wren,Thryomanes bewickii,2026-04-09T13:09:24Z,09-Apr-2026,06:09:24,0.65,1
Bewick's Wren,Thryomanes bewickii,2026-04-09T13:09:10Z,09-Apr-2026,06:09:10,0.98,1
Bewick's Wren,Thryomanes bewickii,2026-04-09T13:09:03Z,09-Apr-2026,06:09:03,0.96,1
Bewick's Wren,Thryomanes bewickii,2026-04-09T13:08:48Z,09-Apr-2026,06:08:48,0.87,1
Bewick's Wren,Thryomanes bewickii,2026-04-09T13:08:40Z,09-Apr-2026,06:08:40,0.94,1
Bewick's Wren,Thryomanes bewickii,2026-04-09T13:08:22Z,09-Apr-2026,06:08:22,0.63,1
Bewick's Wren,Thryomanes bewickii,2026-04-09T13:08:15Z,09-Apr-2026,06:08:15,0.89,1
Bewick's Wren,Thryomanes bewickii,2026-04-09T13:08:08Z,09-Apr-2026,06:08:08,0.98,1
Bewick's Wren,Thryomanes bewickii,2026-04-09T13:08:00Z,09-Apr-2026,06:08:00,0.87,1
Song Sparrow,Melospiza melodia,2026-04-09T13:07:55Z,09-Apr-2026,06:07:55,0.898,1
Bewick's Wren,Thryomanes bewickii,2026-04-09T13:07:52Z,09-Apr-2026,06:07:52,0.59,1
Bewick's Wren,Thryomanes bewickii,2026-04-09T13:07:44Z,09-Apr-2026,06:07:44,0.68,1
Bewick's Wren,Thryomanes bewickii,2026-04-09T13:07:37Z,09-Apr-2026,06:07:37,0.76,1
Bewick's Wren,Thryomanes bewickii,2026-04-09T13:07:29Z,09-Apr-2026,06:07:29,0.67,1
Bewick's Wren,Thryomanes bewickii,2026-04-09T13:07:22Z,09-Apr-2026,06:07:22,0.41,1
Bewick's Wren,Thryomanes bewickii,2026-04-09T13:07:15Z,09-Apr-2026,06:07:15,0.95,1
Bewick's Wren,Thryomanes bewickii,2026-04-09T13:07:08Z,09-Apr-2026,06:07:08,0.52,1
Bewick's Wren,Thryomanes bewickii,2026-04-09T13:07:00Z,09-Apr-2026,06:07:00,0.83,1
Bewick's Wren,Thryomanes bewickii,2026-04-09T13:06:54Z,09-Apr-2026,06:06:54,0.74,1
Bewick's Wren,Thryomanes bewickii,2026-04-09T13:06:49Z,09-Apr-2026,06:06:49,0.94,1
Bewick's Wren,Thryomanes bewickii,2026-04-09T13:06:41Z,09-Apr-2026,06:06:41,0.8,1
Bewick's Wren,Thryomanes bewickii,2026-04-09T13:06:34Z,09-Apr-2026,06:06:34,0.54,1
Bewick's Wren,Thryomanes bewickii,2026-04-09T13:06:27Z,09-Apr-2026,06:06:27,0.95,1
Bewick's Wren,Thryomanes bewickii,2026-04-09T13:06:20Z,09-Apr-2026,06:06:20,0.92,1
Bewick's Wren,Thryomanes bewickii,2026-04-09T13:06:13Z,09-Apr-2026,06:06:13,0.68,1
Bewick's Wren,Thryomanes bewickii,2026-04-09T13:06:05Z,09-Apr-2026,06:06:05,0.77,1
Bewick's Wren,Thryomanes bewickii,2026-04-09T13:05:58Z,09-Apr-2026,06:05:58,0.96,1
Bewick's Wren,Thryomanes bewickii,2026-04-09T13:05:51Z,09-Apr-2026,06:05:51,0.92,1
Bewick's Wren,Thryomanes bewickii,2026-04-09T13:05:44Z,09-Apr-2026,06:05:44,0.95,1
Bewick's Wren,Thryomanes bewickii,2026-04-09T13:05:36Z,09-Apr-2026,06:05:36,0.96,1
Bewick's Wren,Thryomanes bewickii,2026-04-09T13:05:29Z,09-Apr-2026,06:05:29,0.89,1
Bewick's Wren,Thryomanes bewickii,2026-04-09T13:05:21Z,09-Apr-2026,06:05:21,0.79,1
Bewick's Wren,Thryomanes bewickii,2026-04-09T13:05:13Z,09-Apr-2026,06:05:13,0.95,1
Bewick's Wren,Thryomanes bewickii,2026-04-09T13:05:05Z,09-Apr-2026,06:05:05,0.97,1
Bewick's Wren,Thryomanes bewickii,2026-04-09T13:04:58Z,09-Apr-2026,06:04:58,0.88,1
Bewick's Wren,Thryomanes bewickii,2026-04-09T13:04:50Z,09-Apr-2026,06:04:50,0.8,1
Bewick's Wren,Thryomanes bewickii,2026-04-09T13:04:42Z,09-Apr-2026,06:04:42,0.99,1
Bewick's Wren,Thryomanes bewickii,2026-04-09T13:04:35Z,09-Apr-2026,06:04:35,0.58,1
Bewick's Wren,Thryomanes bewickii,2026-04-09T13:04:27Z,09-Apr-2026,06:04:27,0.59,1
Bewick's Wren,Thryomanes bewickii,2026-04-09T13:04:20Z,09-Apr-2026,06:04:20,0.88,1
Bewick's Wren,Thryomanes bewickii,2026-04-09T13:04:13Z,09-Apr-2026,06:04:13,0.8,1
Bewick's Wren,Thryomanes bewickii,2026-04-09T13:04:06Z,09-Apr-2026,06:04:06,0.52,1
Bewick's Wren,Thryomanes bewickii,2026-04-09T13:03:52Z,09-Apr-2026,06:03:52,0.96,1
Bewick's Wren,Thryomanes bewickii,2026-04-09T13:03:44Z,09-Apr-2026,06:03:44,0.94,1
Bewick's Wren,Thryomanes bewickii,2026-04-09T13:03:29Z,09-Apr-2026,06:03:29,0.27,1
Bewick's Wren,Thryomanes bewickii,2026-04-09T13:03:22Z,09-Apr-2026,06:03:22,0.85,1
Bewick's Wren,Thryomanes bewickii,2026-04-09T13:03:14Z,09-Apr-2026,06:03:14,0.97,1
Bewick's Wren,Thryomanes bewickii,2026-04-09T13:03:07Z,09-Apr-2026,06:03:07,0.85,1
Bewick's Wren,Thryomanes bewickii,2026-04-09T13:03:00Z,09-Apr-2026,06:03:00,0.92,1
Bewick's Wren,Thryomanes bewickii,2026-04-09T13:02:52Z,09-Apr-2026,06:02:52,0.46,1
Bewick's Wren,Thryomanes bewickii,2026-04-09T13:02:34Z,09-Apr-2026,06:02:34,0.85,1
American Goldfinch,Spinus tristis,2026-04-09T13:02:29Z,09-Apr-2026,06:02:29,0.7804,1
Bewick's Wren,Thryomanes bewickii,2026-04-09T13:02:22Z,09-Apr-2026,06:02:22,0.97,1
Bewick's Wren,Thryomanes bewickii,2026-04-09T13:02:14Z,09-Apr-2026,06:02:14,0.9,1
Bewick's Wren,Thryomanes bewickii,2026-04-09T13:02:06Z,09-Apr-2026,06:02:06,0.96,1
Steller's Jay,Cyanocitta stelleri,2026-04-09T13:01:59Z,09-Apr-2026,06:01:59,0.53,1
Bewick's Wren,Thryomanes bewickii,2026-04-09T13:01:52Z,09-Apr-2026,06:01:52,0.97,1
Bewick's Wren,Thryomanes bewickii,2026-04-09T13:01:31Z,09-Apr-2026,06:01:31,0.86,1
Bewick's Wren,Thryomanes bewickii,2026-04-09T13:01:23Z,09-Apr-2026,06:01:23,0.91,1
Bewick's Wren,Thryomanes bewickii,2026-04-09T13:01:16Z,09-Apr-2026,06:01:16,0.93,1
Bewick's Wren,Thryomanes bewickii,2026-04-09T13:01:08Z,09-Apr-2026,06:01:08,0.87,1
Bewick's Wren,Thryomanes bewickii,2026-04-09T13:01:00Z,09-Apr-2026,06:01:00,0.88,1
Bewick's Wren,Thryomanes bewickii,2026-04-09T13:00:53Z,09-Apr-2026,06:00:53,0.98,1
Dark-eyed Junco,Junco hyemalis,2026-04-09T13:00:39Z,09-Apr-2026,06:00:39,0.31,1
Bewick's Wren,Thryomanes bewickii,2026-04-09T13:00:31Z,09-Apr-2026,06:00:31,0.88,1
Bewick's Wren,Thryomanes bewickii,2026-04-09T13:00:23Z,09-Apr-2026,06:00:23,0.82,1
Bewick's Wren,Thryomanes bewickii,2026-04-09T13:00:16Z,09-Apr-2026,06:00:16,0.57,1
Bewick's Wren,Thryomanes bewickii,2026-04-09T13:00:08Z,09-Apr-2026,06:00:08,0.56,1
Bewick's Wren,Thryomanes bewickii,2026-04-09T13:00:00Z,09-Apr-2026,06:00:00,0.98,1
Bewick's Wren,Thryomanes bewickii,2026-04-09T12:59:53Z,09-Apr-2026,05:59:53,0.94,1
Bewick's Wren,Thryomanes bewickii,2026-04-09T12:59:46Z,09-Apr-2026,05:59:46,0.98,1
Bewick's Wren,Thryomanes bewickii,2026-04-09T12:59:39Z,09-Apr-2026,05:59:39,0.93,1
Bewick's Wren,Thryomanes bewickii,2026-04-09T12:59:31Z,09-Apr-2026,05:59:31,0.47,1
Bewick's Wren,Thryomanes bewickii,2026-04-09T12:59:23Z,09-Apr-2026,05:59:23,0.68,1
Bewick's Wren,Thryomanes bewickii,2026-04-09T12:59:16Z,09-Apr-2026,05:59:16,0.91,1
Bewick's Wren,Thryomanes bewickii,2026-04-09T12:59:09Z,09-Apr-2026,05:59:09,0.94,1
Bewick's Wren,Thryomanes bewickii,2026-04-09T12:59:02Z,09-Apr-2026,05:59:02,0.7,1
Bewick's Wren,Thryomanes bewickii,2026-04-09T12:58:46Z,09-Apr-2026,05:58:46,0.94,1
Bewick's Wren,Thryomanes bewickii,2026-04-09T12:58:39Z,09-Apr-2026,05:58:39,0.32,1
Bewick's Wren,Thryomanes bewickii,2026-04-09T12:58:25Z,09-Apr-2026,05:58:25,0.94,1
Bewick's Wren,Thryomanes bewickii,2026-04-09T12:58:17Z,09-Apr-2026,05:58:17,0.87,1
Bewick's Wren,Thryomanes bewickii,2026-04-09T12:58:09Z,09-Apr-2026,05:58:09,0.94,1
Bewick's Wren,Thryomanes bewickii,2026-04-09T12:58:01Z,09-Apr-2026,05:58:01,0.9,1
Bewick's Wren,Thryomanes bewickii,2026-04-09T12:57:53Z,09-Apr-2026,05:57:53,0.84,1
Bewick's Wren,Thryomanes bewickii,2026-04-09T12:57:46Z,09-Apr-2026,05:57:46,0.75,1
Bewick's Wren,Thryomanes bewickii,2026-04-09T12:57:39Z,09-Apr-2026,05:57:39,0.85,1
Bewick's Wren,Thryomanes bewickii,2026-04-09T12:57:32Z,09-Apr-2026,05:57:32,0.94,1
Bewick's Wren,Thryomanes bewickii,2026-04-09T12:57:25Z,09-Apr-2026,05:57:25,0.89,1
Bewick's Wren,Thryomanes bewickii,2026-04-09T12:57:17Z,09-Apr-2026,05:57:17,0.85,1
Bewick's Wren,Thryomanes bewickii,2026-04-09T12:57:10Z,09-Apr-2026,05:57:10,0.52,1
Bewick's Wren,Thryomanes bewickii,2026-04-09T12:56:47Z,09-Apr-2026,05:56:47,0.94,1
Bewick's Wren,Thryomanes bewickii,2026-04-09T12:56:39Z,09-Apr-2026,05:56:39,0.81,1
Bewick's Wren,Thryomanes bewickii,2026-04-09T12:56:33Z,09-Apr-2026,05:56:33,0.83,1
Bewick's Wren,Thryomanes bewickii,2026-04-09T12:56:26Z,09-Apr-2026,05:56:26,0.86,1
Bewick's Wren,Thryomanes bewickii,2026-04-09T12:56:18Z,09-Apr-2026,05:56:18,0.43,1
Bewick's Wren,Thryomanes bewickii,2026-04-09T12:56:11Z,09-Apr-2026,05:56:11,0.47,1
Bewick's Wren,Thryomanes bewickii,2026-04-09T12:56:03Z,09-Apr-2026,05:56:03,0.98,1
Bewick's Wren,Thryomanes bewickii,2026-04-09T12:55:51Z,09-Apr-2026,05:55:51,0.81,1
Bewick's Wren,Thryomanes bewickii,2026-04-09T12:55:36Z,09-Apr-2026,05:55:36,0.97,1
Bewick's Wren,Thryomanes bewickii,2026-04-09T12:55:29Z,09-Apr-2026,05:55:29,0.57,1
Bewick's Wren,Thryomanes bewickii,2026-04-09T12:55:22Z,09-Apr-2026,05:55:22,0.97,1
Bewick's Wren,Thryomanes bewickii,2026-04-09T12:55:14Z,09-Apr-2026,05:55:14,0.83,1
Bewick's Wren,Thryomanes bewickii,2026-04-09T12:55:07Z,09-Apr-2026,05:55:07,0.58,1
Bewick's Wren,Thryomanes bewickii,2026-04-09T12:54:59Z,09-Apr-2026,05:54:59,0.79,1
Bewick's Wren,Thryomanes bewickii,2026-04-09T12:54:51Z,09-Apr-2026,05:54:51,0.29,1
Bewick's Wren,Thryomanes bewickii,2026-04-09T12:54:31Z,09-Apr-2026,05:54:31,0.38,1
Bewick's Wren,Thryomanes bewickii,2026-04-09T12:54:24Z,09-Apr-2026,05:54:24,0.86,1
Bewick's Wren,Thryomanes bewickii,2026-04-09T12:54:08Z,09-Apr-2026,05:54:08,0.96,1
Bewick's Wren,Thryomanes bewickii,2026-04-09T12:53:53Z,09-Apr-2026,05:53:53,0.82,1
Bewick's Wren,Thryomanes bewickii,2026-04-09T12:53:46Z,09-Apr-2026,05:53:46,0.85,1
Bewick's Wren,Thryomanes bewickii,2026-04-09T12:53:39Z,09-Apr-2026,05:53:39,0.97,1
Bewick's Wren,Thryomanes bewickii,2026-04-09T12:53:32Z,09-Apr-2026,05:53:32,0.97,1
Bewick's Wren,Thryomanes bewickii,2026-04-09T12:53:24Z,09-Apr-2026,05:53:24,0.95,1
Bewick's Wren,Thryomanes bewickii,2026-04-09T12:53:17Z,09-Apr-2026,05:53:17,0.96,1
Bewick's Wren,Thryomanes bewickii,2026-04-09T12:52:59Z,09-Apr-2026,05:52:59,0.29,1
Bewick's Wren,Thryomanes bewickii,2026-04-09T12:52:52Z,09-Apr-2026,05:52:52,0.97,1
Bewick's Wren,Thryomanes bewickii,2026-04-09T12:52:44Z,09-Apr-2026,05:52:44,0.41,1
Bewick's Wren,Thryomanes bewickii,2026-04-09T12:52:37Z,09-Apr-2026,05:52:37,0.8,1
Bewick's Wren,Thryomanes bewickii,2026-04-09T12:52:30Z,09-Apr-2026,05:52:30,0.98,1
Bewick's Wren,Thryomanes bewickii,2026-04-09T12:52:09Z,09-Apr-2026,05:52:09,0.97,1
Bewick's Wren,Thryomanes bewickii,2026-04-09T12:52:04Z,09-Apr-2026,05:52:04,0.96,1
Bewick's Wren,Thryomanes bewickii,2026-04-09T12:51:48Z,09-Apr-2026,05:51:48,0.97,1
Bewick's Wren,Thryomanes bewickii,2026-04-09T12:51:41Z,09-Apr-2026,05:51:41,0.98,1
Bewick's Wren,Thryomanes bewickii,2026-04-09T12:51:25Z,09-Apr-2026,05:51:25,0.99,1
American Robin,Turdus migratorius,2026-04-09T12:51:21Z,09-Apr-2026,05:51:21,0.8,1
Bewick's Wren,Thryomanes bewickii,2026-04-09T12:51:16Z,09-Apr-2026,05:51:16,0.53,1
Bewick's Wren,Thryomanes bewickii,2026-04-09T12:51:09Z,09-Apr-2026,05:51:09,0.98,1
Bewick's Wren,Thryomanes bewickii,2026-04-09T12:51:03Z,09-Apr-2026,05:51:03,0.99,1
Bewick's Wren,Thryomanes bewickii,2026-04-09T12:50:57Z,09-Apr-2026,05:50:57,0.46,1
Bewick's Wren,Thryomanes bewickii,2026-04-09T12:50:50Z,09-Apr-2026,05:50:50,0.54,1
Bewick's Wren,Thryomanes bewickii,2026-04-09T12:50:28Z,09-Apr-2026,05:50:28,0.44,1
Bewick's Wren,Thryomanes bewickii,2026-04-09T12:50:21Z,09-Apr-2026,05:50:21,0.35,1
Bewick's Wren,Thryomanes bewickii,2026-04-09T12:50:14Z,09-Apr-2026,05:50:14,0.83,1
Bewick's Wren,Thryomanes bewickii,2026-04-09T12:50:06Z,09-Apr-2026,05:50:06,0.96,1
American Robin,Turdus migratorius,2026-04-09T12:50:03Z,09-Apr-2026,05:50:03,0.8627,1
Bewick's Wren,Thryomanes bewickii,2026-04-09T12:49:55Z,09-Apr-2026,05:49:55,0.92,1
Bewick's Wren,Thryomanes bewickii,2026-04-09T12:49:48Z,09-Apr-2026,05:49:48,0.92,1
Bewick's Wren,Thryomanes bewickii,2026-04-09T12:49:41Z,09-Apr-2026,05:49:41,0.97,1
Bewick's Wren,Thryomanes bewickii,2026-04-09T12:49:33Z,09-Apr-2026,05:49:33,0.97,1
Bewick's Wren,Thryomanes bewickii,2026-04-09T12:49:26Z,09-Apr-2026,05:49:26,0.98,1
Bewick's Wren,Thryomanes bewickii,2026-04-09T12:49:19Z,09-Apr-2026,05:49:19,0.88,1
Bewick's Wren,Thryomanes bewickii,2026-04-09T12:49:05Z,09-Apr-2026,05:49:05,0.46,1
Bewick's Wren,Thryomanes bewickii,2026-04-09T12:48:58Z,09-Apr-2026,05:48:58,0.93,1
Bewick's Wren,Thryomanes bewickii,2026-04-09T12:48:50Z,09-Apr-2026,05:48:50,0.96,1
Bewick's Wren,Thryomanes bewickii,2026-04-09T12:48:43Z,09-Apr-2026,05:48:43,0.48,1
American Robin,Turdus migratorius,2026-04-09T12:48:31Z,09-Apr-2026,05:48:31,0.8,1
Bewick's Wren,Thryomanes bewickii,2026-04-09T12:48:26Z,09-Apr-2026,05:48:26,0.98,1
Bewick's Wren,Thryomanes bewickii,2026-04-09T12:48:16Z,09-Apr-2026,05:48:16,0.96,1
Bewick's Wren,Thryomanes bewickii,2026-04-09T12:48:06Z,09-Apr-2026,05:48:06,0.36,1
Bewick's Wren,Thryomanes bewickii,2026-04-09T12:47:59Z,09-Apr-2026,05:47:59,0.59,1
Bewick's Wren,Thryomanes bewickii,2026-04-09T12:47:51Z,09-Apr-2026,05:47:51,0.92,1
Bewick's Wren,Thryomanes bewickii,2026-04-09T12:47:44Z,09-Apr-2026,05:47:44,0.93,1
Bewick's Wren,Thryomanes bewickii,2026-04-09T12:47:34Z,09-Apr-2026,05:47:34,0.87,1
Bewick's Wren,Thryomanes bewickii,2026-04-09T12:47:23Z,09-Apr-2026,05:47:23,0.96,1
Bewick's Wren,Thryomanes bewickii,2026-04-09T12:47:02Z,09-Apr-2026,05:47:02,0.92,1
Bewick's Wren,Thryomanes bewickii,2026-04-09T12:46:52Z,09-Apr-2026,05:46:52,0.97,1
Bewick's Wren,Thryomanes bewickii,2026-04-09T12:46:44Z,09-Apr-2026,05:46:44,0.97,1
Bewick's Wren,Thryomanes bewickii,2026-04-09T12:46:34Z,09-Apr-2026,05:46:34,0.57,1
Bewick's Wren,Thryomanes bewickii,2026-04-09T12:46:26Z,09-Apr-2026,05:46:26,0.88,1
Bewick's Wren,Thryomanes bewickii,2026-04-09T12:46:19Z,09-Apr-2026,05:46:19,0.95,1
Bewick's Wren,Thryomanes bewickii,2026-04-09T12:46:11Z,09-Apr-2026,05:46:11,0.9,1
Bewick's Wren,Thryomanes bewickii,2026-04-09T12:46:01Z,09-Apr-2026,05:46:01,0.96,1
Bewick's Wren,Thryomanes bewickii,2026-04-09T12:45:53Z,09-Apr-2026,05:45:53,0.96,1
Bewick's Wren,Thryomanes bewickii,2026-04-09T12:45:42Z,09-Apr-2026,05:45:42,0.93,1
Bewick's Wren,Thryomanes bewickii,2026-04-09T12:45:35Z,09-Apr-2026,05:45:35,0.98,1
Bewick's Wren,Thryomanes bewickii,2026-04-09T12:45:24Z,09-Apr-2026,05:45:24,0.96,1
Bewick's Wren,Thryomanes bewickii,2026-04-09T12:45:18Z,09-Apr-2026,05:45:18,0.62,1
Bewick's Wren,Thryomanes bewickii,2026-04-09T12:45:11Z,09-Apr-2026,05:45:11,0.52,1
Bewick's Wren,Thryomanes bewickii,2026-04-09T12:45:03Z,09-Apr-2026,05:45:03,0.81,1
Bewick's Wren,Thryomanes bewickii,2026-04-09T12:44:56Z,09-Apr-2026,05:44:56,0.83,1
Bewick's Wren,Thryomanes bewickii,2026-04-09T12:44:47Z,09-Apr-2026,05:44:47,0.52,1
American Robin,Turdus migratorius,2026-04-09T12:44:43Z,09-Apr-2026,05:44:43,0.7804,1
Bewick's Wren,Thryomanes bewickii,2026-04-09T12:44:38Z,09-Apr-2026,05:44:38,0.98,1
Bewick's Wren,Thryomanes bewickii,2026-04-09T12:44:17Z,09-Apr-2026,05:44:17,0.61,1
Bewick's Wren,Thryomanes bewickii,2026-04-09T12:44:10Z,09-Apr-2026,05:44:10,0.95,1
Bewick's Wren,Thryomanes bewickii,2026-04-09T12:44:02Z,09-Apr-2026,05:44:02,0.43,1
Bewick's Wren,Thryomanes bewickii,2026-04-09T12:43:54Z,09-Apr-2026,05:43:54,0.84,1
Bewick's Wren,Thryomanes bewickii,2026-04-09T12:43:44Z,09-Apr-2026,05:43:44,0.76,1
American Robin,Turdus migratorius,2026-04-09T12:43:37Z,09-Apr-2026,05:43:37,0.8627,1
Bewick's Wren,Thryomanes bewickii,2026-04-09T12:43:33Z,09-Apr-2026,05:43:33,0.74,1
Bewick's Wren,Thryomanes bewickii,2026-04-09T12:43:26Z,09-Apr-2026,05:43:26,0.76,1
Bewick's Wren,Thryomanes bewickii,2026-04-09T12:43:19Z,09-Apr-2026,05:43:19,0.81,1
Bewick's Wren,Thryomanes bewickii,2026-04-09T12:43:11Z,09-Apr-2026,05:43:11,0.78,1
Bewick's Wren,Thryomanes bewickii,2026-04-09T12:42:56Z,09-Apr-2026,05:42:56,0.9,1
Bewick's Wren,Thryomanes bewickii,2026-04-09T12:42:49Z,09-Apr-2026,05:42:49,0.87,1
Bewick's Wren,Thryomanes bewickii,2026-04-09T12:42:36Z,09-Apr-2026,05:42:36,0.59,1
Bewick's Wren,Thryomanes bewickii,2026-04-09T12:42:29Z,09-Apr-2026,05:42:29,0.46,1
Bewick's Wren,Thryomanes bewickii,2026-04-09T12:42:22Z,09-Apr-2026,05:42:22,0.91,1
Bewick's Wren,Thryomanes bewickii,2026-04-09T12:42:15Z,09-Apr-2026,05:42:15,0.68,1
Bewick's Wren,Thryomanes bewickii,2026-04-09T12:42:07Z,09-Apr-2026,05:42:07,0.98,1
Bewick's Wren,Thryomanes bewickii,2026-04-09T12:41:56Z,09-Apr-2026,05:41:56,0.55,1
Bewick's Wren,Thryomanes bewickii,2026-04-09T12:41:46Z,09-Apr-2026,05:41:46,0.85,1
Bewick's Wren,Thryomanes bewickii,2026-04-09T12:41:36Z,09-Apr-2026,05:41:36,0.73,1
Bewick's Wren,Thryomanes bewickii,2026-04-09T12:41:21Z,09-Apr-2026,05:41:21,0.92,1
Bewick's Wren,Thryomanes bewickii,2026-04-09T12:41:14Z,09-Apr-2026,05:41:14,0.92,1
Bewick's Wren,Thryomanes bewickii,2026-04-09T12:41:08Z,09-Apr-2026,05:41:08,0.96,1
Bewick's Wren,Thryomanes bewickii,2026-04-09T12:41:00Z,09-Apr-2026,05:41:00,0.52,1
Bewick's Wren,Thryomanes bewickii,2026-04-09T12:40:45Z,09-Apr-2026,05:40:45,0.87,1
Bewick's Wren,Thryomanes bewickii,2026-04-09T12:40:38Z,09-Apr-2026,05:40:38,0.85,1
Bewick's Wren,Thryomanes bewickii,2026-04-09T12:40:30Z,09-Apr-2026,05:40:30,0.52,1
American Robin,Turdus migratorius,2026-04-09T12:24:17Z,09-Apr-2026,05:24:17,0.8,1
American Robin,Turdus migratorius,2026-04-09T12:16:08Z,09-Apr-2026,05:16:08,0.8157,1
American Robin,Turdus migratorius,2026-04-09T12:13:12Z,09-Apr-2026,05:13:12,0.42,1
American Robin,Turdus migratorius,2026-04-09T12:12:53Z,09-Apr-2026,05:12:53,0.8,1
Anna's Hummingbird,Calypte anna,2026-04-09T05:10:02Z,08-Apr-2026,22:10:02,0.7804,1
Anna's Hummingbird,Calypte anna,2026-04-09T04:45:11Z,08-Apr-2026,21:45:11,0.8471,1
Anna's Hummingbird,Calypte anna,2026-04-09T04:38:17Z,08-Apr-2026,21:38:17,0.8471,1
Eurasian Collared-Dove,Streptopelia decaocto,2026-04-09T03:14:34Z,08-Apr-2026,20:14:34,0.86,1
American Robin,Turdus migratorius,2026-04-09T03:10:16Z,08-Apr-2026,20:10:16,0.898,21
American Robin,Turdus migratorius,2026-04-09T03:09:13Z,08-Apr-2026,20:09:13,0.9412,21
American Robin,Turdus migratorius,2026-04-09T03:08:10Z,08-Apr-2026,20:08:10,0.9569,18
American Robin,Turdus migratorius,2026-04-09T03:07:07Z,08-Apr-2026,20:07:07,0.7804,17
American Robin,Turdus migratorius,2026-04-09T03:06:56Z,08-Apr-2026,20:06:56,0.3,1
American Robin,Turdus migratorius,2026-04-09T03:06:04Z,08-Apr-2026,20:06:04,0.8627,13
American Robin,Turdus migratorius,2026-04-09T03:05:03Z,08-Apr-2026,20:05:03,0.8157,7
American Robin,Turdus migratorius,2026-04-09T03:04:19Z,08-Apr-2026,20:04:19,0.75,1
American Robin,Turdus migratorius,2026-04-09T03:04:01Z,08-Apr-2026,20:04:01,0.9412,6
Dark-eyed Junco,Junco hyemalis,2026-04-09T03:03:35Z,08-Apr-2026,20:03:35,0.65,1
American Robin,Turdus migratorius,2026-04-09T03:03:28Z,08-Apr-2026,20:03:28,0.37,1
American Robin,Turdus migratorius,2026-04-09T03:02:55Z,08-Apr-2026,20:02:55,0.8471,6
American Robin,Turdus migratorius,2026-04-09T03:02:22Z,08-Apr-2026,20:02:22,0.75,1
American Robin,Turdus migratorius,2026-04-09T03:02:13Z,08-Apr-2026,20:02:13,0.44,1
Chipping Sparrow,Spizella passerina,2026-04-09T03:02:05Z,08-Apr-2026,20:02:05,0.56,1
American Robin,Turdus migratorius,2026-04-09T03:01:51Z,08-Apr-2026,20:01:51,0.8863,3
American Robin,Turdus migratorius,2026-04-09T03:01:29Z,08-Apr-2026,20:01:29,0.3,1
American Robin,Turdus migratorius,2026-04-09T03:00:47Z,08-Apr-2026,20:00:47,0.898,1
Dark-eyed Junco,Junco hyemalis,2026-04-09T02:51:01Z,08-Apr-2026,19:51:01,0.69,1
American Crow,Corvus brachyrhynchos,2026-04-09T02:50:16Z,08-Apr-2026,19:50:16,0.8627,1
American Crow,Corvus brachyrhynchos,2026-04-09T02:45:49Z,08-Apr-2026,19:45:49,0.8,1
American Crow,Corvus brachyrhynchos,2026-04-09T02:44:47Z,08-Apr-2026,19:44:47,0.8157,1
American Crow,Corvus brachyrhynchos,2026-04-09T02:40:26Z,08-Apr-2026,19:40:26,0.4,1
House Finch,Haemorhous mexicanus,2026-04-09T02:37:34Z,08-Apr-2026,19:37:34,0.7804,1
Bushtit,Psaltriparus minimus,2026-04-09T02:36:16Z,08-Apr-2026,19:36:16,0.27,1
Bushtit,Psaltriparus minimus,2026-04-09T02:35:16Z,08-Apr-2026,19:35:16,0.37,1
Bushtit,Psaltriparus minimus,2026-04-09T02:35:08Z,08-Apr-2026,19:35:08,0.55,1
Bushtit,Psaltriparus minimus,2026-04-09T02:35:01Z,08-Apr-2026,19:35:01,0.88,1
Bushtit,Psaltriparus minimus,2026-04-09T02:34:53Z,08-Apr-2026,19:34:53,0.41,1
Bushtit,Psaltriparus minimus,2026-04-09T02:34:47Z,08-Apr-2026,19:34:47,0.38,1
Bushtit,Psaltriparus minimus,2026-04-09T02:34:40Z,08-Apr-2026,19:34:40,0.9,1
Bushtit,Psaltriparus minimus,2026-04-09T02:34:23Z,08-Apr-2026,19:34:23,0.83,1
Bushtit,Psaltriparus minimus,2026-04-09T02:34:16Z,08-Apr-2026,19:34:16,0.94,1
Bushtit,Psaltriparus minimus,2026-04-09T02:34:08Z,08-Apr-2026,19:34:08,0.63,1
Dark-eyed Junco,Junco hyemalis,2026-04-09T02:33:46Z,08-Apr-2026,19:33:46,0.75,1
House Finch,Haemorhous mexicanus,2026-04-09T02:32:35Z,08-Apr-2026,19:32:35,0.46,1
Black-capped Chickadee,Poecile atricapillus,2026-04-09T02:32:23Z,08-Apr-2026,19:32:23,0.8,1
Black-capped Chickadee,Poecile atricapillus,2026-04-09T02:29:16Z,08-Apr-2026,19:29:16,0.8471,1
Mountain Chickadee,Poecile gambeli,2026-04-09T02:28:11Z,08-Apr-2026,19:28:11,0.27,1
Black-capped Chickadee,Poecile atricapillus,2026-04-09T02:27:58Z,08-Apr-2026,19:27:58,0.36,1
Dark-eyed Junco,Junco hyemalis,2026-04-09T02:26:10Z,08-Apr-2026,19:26:10,0.35,1
Black-capped Chickadee,Poecile atricapillus,2026-04-09T02:12:49Z,08-Apr-2026,19:12:49,0.8314,8
Chestnut-backed Chickadee,Poecile rufescens,2026-04-09T02:11:14Z,08-Apr-2026,19:11:14,0.61,1
House Finch,Haemorhous mexicanus,2026-04-09T02:10:23Z,08-Apr-2026,19:10:23,0.8157,1
Chestnut-backed Chickadee,Poecile rufescens,2026-04-09T02:09:46Z,08-Apr-2026,19:09:46,0.9765,5
Black-capped Chickadee,Poecile atricapillus,2026-04-09T02:08:40Z,08-Apr-2026,19:08:40,0.8471,1
House Finch,Haemorhous mexicanus,2026-04-09T02:07:29Z,08-Apr-2026,19:07:29,0.8745,1
Anna's Hummingbird,Calypte anna,2026-04-09T02:06:41Z,08-Apr-2026,19:06:41,0.8,1
Chestnut-backed Chickadee,Poecile rufescens,2026-04-09T02:06:07Z,08-Apr-2026,19:06:07,0.7804,1
Chestnut-backed Chickadee,Poecile rufescens,2026-04-09T02:05:53Z,08-Apr-2026,19:05:53,0.26,1
American Robin,Turdus migratorius,2026-04-09T02:00:12Z,08-Apr-2026,19:00:12,0.3,1
Red-breasted Nuthatch,Sitta canadensis,2026-04-09T02:00:00Z,08-Apr-2026,19:00:00,0.38,1
Dark-eyed Junco,Junco hyemalis,2026-04-09T01:52:20Z,08-Apr-2026,18:52:20,0.81,1
Dark-eyed Junco,Junco hyemalis,2026-04-09T01:52:13Z,08-Apr-2026,18:52:13,0.65,1
Dark-eyed Junco,Junco hyemalis,2026-04-09T01:52:05Z,08-Apr-2026,18:52:05,0.37,1
Townsend's Warbler,Setophaga townsendi,2026-04-09T01:50:42Z,08-Apr-2026,18:50:42,0.26,1
Townsend's Warbler,Setophaga townsendi,2026-04-09T01:50:22Z,08-Apr-2026,18:50:22,0.3,1
American Crow,Corvus brachyrhynchos,2026-04-09T01:49:20Z,08-Apr-2026,18:49:20,0.8314,1
American Robin,Turdus migratorius,2026-04-09T01:48:23Z,08-Apr-2026,18:48:23,0.33,1
Anna's Hummingbird,Calypte anna,2026-04-09T01:47:34Z,08-Apr-2026,18:47:34,0.8627,1
Bewick's Wren,Thryomanes bewickii,2026-04-09T01:47:16Z,08-Apr-2026,18:47:16,0.73,1
Townsend's Warbler,Setophaga townsendi,2026-04-09T01:44:25Z,08-Apr-2026,18:44:25,0.35,1
Dark-eyed Junco,Junco hyemalis,2026-04-09T01:43:53Z,08-Apr-2026,18:43:53,0.26,1
Bewick's Wren,Thryomanes bewickii,2026-04-09T01:42:40Z,08-Apr-2026,18:42:40,0.62,1
Bewick's Wren,Thryomanes bewickii,2026-04-09T01:42:26Z,08-Apr-2026,18:42:26,0.99,1
Bewick's Wren,Thryomanes bewickii,2026-04-09T01:42:19Z,08-Apr-2026,18:42:19,0.99,1
Bewick's Wren,Thryomanes bewickii,2026-04-09T01:41:51Z,08-Apr-2026,18:41:51,0.35,1
Bewick's Wren,Thryomanes bewickii,2026-04-09T01:41:43Z,08-Apr-2026,18:41:43,0.27,1
Bewick's Wren,Thryomanes bewickii,2026-04-09T01:41:23Z,08-Apr-2026,18:41:23,0.69,1
Bewick's Wren,Thryomanes bewickii,2026-04-09T01:41:15Z,08-Apr-2026,18:41:15,0.99,1
Bewick's Wren,Thryomanes bewickii,2026-04-09T01:41:09Z,08-Apr-2026,18:41:09,0.99,1
Bewick's Wren,Thryomanes bewickii,2026-04-09T01:41:02Z,08-Apr-2026,18:41:02,0.99,1
Bewick's Wren,Thryomanes bewickii,2026-04-09T01:40:55Z,08-Apr-2026,18:40:55,0.99,1
Bewick's Wren,Thryomanes bewickii,2026-04-09T01:40:41Z,08-Apr-2026,18:40:41,0.91,1
House Finch,Haemorhous mexicanus,2026-04-09T01:37:51Z,08-Apr-2026,18:37:51,0.8627,1
Black Phoebe,Sayornis nigricans,2026-04-09T01:37:47Z,08-Apr-2026,18:37:47,0.8745,1
Red-breasted Nuthatch,Sitta canadensis,2026-04-09T01:37:43Z,08-Apr-2026,18:37:43,0.4,1
Black-capped Chickadee,Poecile atricapillus,2026-04-09T01:36:24Z,08-Apr-2026,18:36:24,0.9098,1
Bewick's Wren,Thryomanes bewickii,2026-04-09T01:35:59Z,08-Apr-2026,18:35:59,0.55,1
Bewick's Wren,Thryomanes bewickii,2026-04-09T01:35:49Z,08-Apr-2026,18:35:49,0.45,1
Bewick's Wren,Thryomanes bewickii,2026-04-09T01:35:39Z,08-Apr-2026,18:35:39,0.54,1
Bewick's Wren,Thryomanes bewickii,2026-04-09T01:35:32Z,08-Apr-2026,18:35:32,0.73,1
Bewick's Wren,Thryomanes bewickii,2026-04-09T01:35:25Z,08-Apr-2026,18:35:25,0.69,1
Bewick's Wren,Thryomanes bewickii,2026-04-09T01:35:15Z,08-Apr-2026,18:35:15,0.78,1
Bewick's Wren,Thryomanes bewickii,2026-04-09T01:35:07Z,08-Apr-2026,18:35:07,0.64,1
Bewick's Wren,Thryomanes bewickii,2026-04-09T01:34:59Z,08-Apr-2026,18:34:59,0.68,1
Bewick's Wren,Thryomanes bewickii,2026-04-09T01:34:53Z,08-Apr-2026,18:34:53,0.64,1
Bewick's Wren,Thryomanes bewickii,2026-04-09T01:34:46Z,08-Apr-2026,18:34:46,0.35,1
Bewick's Wren,Thryomanes bewickii,2026-04-09T01:34:39Z,08-Apr-2026,18:34:39,0.64,1
Bewick's Wren,Thryomanes bewickii,2026-04-09T01:34:32Z,08-Apr-2026,18:34:32,0.87,1
Bewick's Wren,Thryomanes bewickii,2026-04-09T01:34:25Z,08-Apr-2026,18:34:25,0.28,1
Bewick's Wren,Thryomanes bewickii,2026-04-09T01:34:17Z,08-Apr-2026,18:34:17,0.83,1
Bewick's Wren,Thryomanes bewickii,2026-04-09T01:33:51Z,08-Apr-2026,18:33:51,0.32,1
Bewick's Wren,Thryomanes bewickii,2026-04-09T01:33:37Z,08-Apr-2026,18:33:37,0.48,1
Bewick's Wren,Thryomanes bewickii,2026-04-09T01:33:30Z,08-Apr-2026,18:33:30,0.55,1
Bewick's Wren,Thryomanes bewickii,2026-04-09T01:33:22Z,08-Apr-2026,18:33:22,0.76,1
Bewick's Wren,Thryomanes bewickii,2026-04-09T01:33:13Z,08-Apr-2026,18:33:13,0.67,1
Bewick's Wren,Thryomanes bewickii,2026-04-09T01:32:59Z,08-Apr-2026,18:32:59,0.66,1
Bewick's Wren,Thryomanes bewickii,2026-04-09T01:32:49Z,08-Apr-2026,18:32:49,0.85,1
Bewick's Wren,Thryomanes bewickii,2026-04-09T01:32:35Z,08-Apr-2026,18:32:35,0.56,1
Bewick's Wren,Thryomanes bewickii,2026-04-09T01:32:05Z,08-Apr-2026,18:32:05,0.37,1
Bewick's Wren,Thryomanes bewickii,2026-04-09T01:31:58Z,08-Apr-2026,18:31:58,0.77,1
Bewick's Wren,Thryomanes bewickii,2026-04-09T01:31:52Z,08-Apr-2026,18:31:52,0.7,1
Bewick's Wren,Thryomanes bewickii,2026-04-09T01:31:27Z,08-Apr-2026,18:31:27,0.5,1
Black-capped Chickadee,Poecile atricapillus,2026-04-09T01:31:23Z,08-Apr-2026,18:31:23,0.898,2
Bewick's Wren,Thryomanes bewickii,2026-04-09T01:31:16Z,08-Apr-2026,18:31:16,0.62,1
Bewick's Wren,Thryomanes bewickii,2026-04-09T01:30:37Z,08-Apr-2026,18:30:37,0.63,1
Black-capped Chickadee,Poecile atricapillus,2026-04-09T01:30:17Z,08-Apr-2026,18:30:17,0.7804,1
Bewick's Wren,Thryomanes bewickii,2026-04-09T01:30:10Z,08-Apr-2026,18:30:10,0.85,1
House Finch,Haemorhous mexicanus,2026-04-09T01:30:06Z,08-Apr-2026,18:30:06,0.8314,1
Black-capped Chickadee,Poecile atricapillus,2026-04-09T01:30:02Z,08-Apr-2026,18:30:02,0.27,1
American Goldfinch,Spinus tristis,2026-04-09T01:29:34Z,08-Apr-2026,18:29:34,0.47,1
Bewick's Wren,Thryomanes bewickii,2026-04-09T01:29:27Z,08-Apr-2026,18:29:27,0.46,1
Bewick's Wren,Thryomanes bewickii,2026-04-09T01:29:19Z,08-Apr-2026,18:29:19,0.4,1
Bewick's Wren,Thryomanes bewickii,2026-04-09T01:28:50Z,08-Apr-2026,18:28:50,0.6,1
Bewick's Wren,Thryomanes bewickii,2026-04-09T01:28:43Z,08-Apr-2026,18:28:43,0.9,1
Bewick's Wren,Thryomanes bewickii,2026-04-09T01:28:34Z,08-Apr-2026,18:28:34,0.53,1
Bewick's Wren,Thryomanes bewickii,2026-04-09T01:28:28Z,08-Apr-2026,18:28:28,0.38,1
Bewick's Wren,Thryomanes bewickii,2026-04-09T01:28:20Z,08-Apr-2026,18:28:20,0.55,1
Bewick's Wren,Thryomanes bewickii,2026-04-09T01:27:54Z,08-Apr-2026,18:27:54,0.9,1
Bewick's Wren,Thryomanes bewickii,2026-04-09T01:27:46Z,08-Apr-2026,18:27:46,0.42,1
House Finch,Haemorhous mexicanus,2026-04-09T01:27:43Z,08-Apr-2026,18:27:43,0.9098,2
Bewick's Wren,Thryomanes bewickii,2026-04-09T01:27:29Z,08-Apr-2026,18:27:29,0.45,1
Bewick's Wren,Thryomanes bewickii,2026-04-09T01:27:19Z,08-Apr-2026,18:27:19,0.81,1
Bewick's Wren,Thryomanes bewickii,2026-04-09T01:27:11Z,08-Apr-2026,18:27:11,0.31,1
Bewick's Wren,Thryomanes bewickii,2026-04-09T01:27:04Z,08-Apr-2026,18:27:04,0.42,1
Bewick's Wren,Thryomanes bewickii,2026-04-09T01:26:37Z,08-Apr-2026,18:26:37,0.68,1
Pacific-slope Flycatcher,Empidonax difficilis,2026-04-09T01:26:26Z,08-Apr-2026,18:26:26,0.3,1
Bewick's Wren,Thryomanes bewickii,2026-04-09T01:26:19Z,08-Apr-2026,18:26:19,0.57,1
Bewick's Wren,Thryomanes bewickii,2026-04-09T01:26:11Z,08-Apr-2026,18:26:11,0.79,1
Bewick's Wren,Thryomanes bewickii,2026-04-09T01:26:05Z,08-Apr-2026,18:26:05,0.85,1
Bewick's Wren,Thryomanes bewickii,2026-04-09T01:25:51Z,08-Apr-2026,18:25:51,0.38,1
Bewick's Wren,Thryomanes bewickii,2026-04-09T01:25:32Z,08-Apr-2026,18:25:32,0.8,1
Bewick's Wren,Thryomanes bewickii,2026-04-09T01:25:25Z,08-Apr-2026,18:25:25,0.79,1
Bewick's Wren,Thryomanes bewickii,2026-04-09T01:25:07Z,08-Apr-2026,18:25:07,0.31,1
Bewick's Wren,Thryomanes bewickii,2026-04-09T01:24:56Z,08-Apr-2026,18:24:56,0.45,1
Bewick's Wren,Thryomanes bewickii,2026-04-09T01:24:39Z,08-Apr-2026,18:24:39,0.56,1
House Finch,Haemorhous mexicanus,2026-04-09T01:24:27Z,08-Apr-2026,18:24:27,0.9255,1
Bewick's Wren,Thryomanes bewickii,2026-04-09T01:24:24Z,08-Apr-2026,18:24:24,0.77,1
Bewick's Wren,Thryomanes bewickii,2026-04-09T01:24:17Z,08-Apr-2026,18:24:17,0.56,1
Bewick's Wren,Thryomanes bewickii,2026-04-09T01:24:03Z,08-Apr-2026,18:24:03,0.44,1
Bewick's Wren,Thryomanes bewickii,2026-04-09T01:23:55Z,08-Apr-2026,18:23:55,0.7,1
Bewick's Wren,Thryomanes bewickii,2026-04-09T01:23:47Z,08-Apr-2026,18:23:47,0.63,1
Bewick's Wren,Thryomanes bewickii,2026-04-09T01:23:30Z,08-Apr-2026,18:23:30,0.65,1
Bewick's Wren,Thryomanes bewickii,2026-04-09T01:23:16Z,08-Apr-2026,18:23:16,0.42,1
Bewick's Wren,Thryomanes bewickii,2026-04-09T01:23:09Z,08-Apr-2026,18:23:09,0.66,1
House Finch,Haemorhous mexicanus,2026-04-09T01:21:51Z,08-Apr-2026,18:21:51,0.8,6
Bewick's Wren,Thryomanes bewickii,2026-04-09T01:21:29Z,08-Apr-2026,18:21:29,0.47,1
Bewick's Wren,Thryomanes bewickii,2026-04-09T01:21:23Z,08-Apr-2026,18:21:23,0.29,1
Bewick's Wren,Thryomanes bewickii,2026-04-09T01:21:09Z,08-Apr-2026,18:21:09,0.55,1
Bewick's Wren,Thryomanes bewickii,2026-04-09T01:21:02Z,08-Apr-2026,18:21:02,0.37,1
Bewick's Wren,Thryomanes bewickii,2026-04-09T01:20:55Z,08-Apr-2026,18:20:55,0.75,1
Bewick's Wren,Thryomanes bewickii,2026-04-09T01:20:47Z,08-Apr-2026,18:20:47,0.68,1
Bewick's Wren,Thryomanes bewickii,2026-04-09T01:20:37Z,08-Apr-2026,18:20:37,0.85,1
Bewick's Wren,Thryomanes bewickii,2026-04-09T01:20:26Z,08-Apr-2026,18:20:26,0.82,1
Bewick's Wren,Thryomanes bewickii,2026-04-09T01:20:19Z,08-Apr-2026,18:20:19,0.8,1
Bewick's Wren,Thryomanes bewickii,2026-04-09T01:18:58Z,08-Apr-2026,18:18:58,0.35,1
Bewick's Wren,Thryomanes bewickii,2026-04-09T01:18:52Z,08-Apr-2026,18:18:52,0.54,1
Bewick's Wren,Thryomanes bewickii,2026-04-09T01:18:38Z,08-Apr-2026,18:18:38,0.36,1
House Finch,Haemorhous mexicanus,2026-04-09T01:16:59Z,08-Apr-2026,18:16:59,0.26,1
Chestnut-backed Chickadee,Poecile rufescens,2026-04-09T01:16:42Z,08-Apr-2026,18:16:42,0.27,1
House Finch,Haemorhous mexicanus,2026-04-09T01:16:25Z,08-Apr-2026,18:16:25,0.51,1
House Finch,Haemorhous mexicanus,2026-04-09T01:16:17Z,08-Apr-2026,18:16:17,0.32,1
Chestnut-backed Chickadee,Poecile rufescens,2026-04-09T01:16:14Z,08-Apr-2026,18:16:14,0.8627,1
House Finch,Haemorhous mexicanus,2026-04-09T01:16:06Z,08-Apr-2026,18:16:06,0.8,1
House Finch,Haemorhous mexicanus,2026-04-09T01:15:52Z,08-Apr-2026,18:15:52,0.3,1
Black-capped Chickadee,Poecile atricapillus,2026-04-09T01:15:10Z,08-Apr-2026,18:15:10,0.3,1
Northern Flicker,Colaptes auratus,2026-04-09T01:13:49Z,08-Apr-2026,18:13:49,0.66,1
Ruby-crowned Kinglet,Corthylio calendula,2026-04-09T01:11:49Z,08-Apr-2026,18:11:49,0.3,1
Chestnut-backed Chickadee,Poecile rufescens,2026-04-09T01:11:05Z,08-Apr-2026,18:11:05,0.9,1
Chestnut-backed Chickadee,Poecile rufescens,2026-04-09T01:10:32Z,08-Apr-2026,18:10:32,1,10
Chestnut-backed Chickadee,Poecile rufescens,2026-04-09T01:10:28Z,08-Apr-2026,18:10:28,0.88,1
Ruby-crowned Kinglet,Corthylio calendula,2026-04-09T01:09:53Z,08-Apr-2026,18:09:53,0.63,1
Chestnut-backed Chickadee,Poecile rufescens,2026-04-09T01:08:43Z,08-Apr-2026,18:08:43,0.9098,1
American Crow,Corvus brachyrhynchos,2026-04-09T01:04:35Z,08-Apr-2026,18:04:35,0.8863,1
Mountain Chickadee,Poecile gambeli,2026-04-09T01:02:59Z,08-Apr-2026,18:02:59,0.61,1
House Finch,Haemorhous mexicanus,2026-04-09T01:02:10Z,08-Apr-2026,18:02:10,0.42,1
House Finch,Haemorhous mexicanus,2026-04-09T01:02:06Z,08-Apr-2026,18:02:06,0.8,2
House Finch,Haemorhous mexicanus,2026-04-09T01:01:34Z,08-Apr-2026,18:01:34,0.69,1
Black-capped Chickadee,Poecile atricapillus,2026-04-09T01:01:09Z,08-Apr-2026,18:01:09,0.8157,1
Mountain Chickadee,Poecile gambeli,2026-04-09T01:00:41Z,08-Apr-2026,18:00:41,0.7,1
Mountain Chickadee,Poecile gambeli,2026-04-09T01:00:34Z,08-Apr-2026,18:00:34,0.43,1
Mountain Chickadee,Poecile gambeli,2026-04-09T01:00:20Z,08-Apr-2026,18:00:20,0.37,1
House Finch,Haemorhous mexicanus,2026-04-09T00:59:48Z,08-Apr-2026,17:59:48,0.8314,1
Bald Eagle,Haliaeetus leucocephalus,2026-04-09T00:58:32Z,08-Apr-2026,17:58:32,0.3,1
Black-capped Chickadee,Poecile atricapillus,2026-04-09T00:58:17Z,08-Apr-2026,17:58:17,0.26,1
American Crow,Corvus brachyrhynchos,2026-04-09T00:57:31Z,08-Apr-2026,17:57:31,0.32,1
American Crow,Corvus brachyrhynchos,2026-04-09T00:57:27Z,08-Apr-2026,17:57:27,0.8745,1
Chestnut-backed Chickadee,Poecile rufescens,2026-04-09T00:56:19Z,08-Apr-2026,17:56:19,0.9412,6
Bushtit,Psaltriparus minimus,2026-04-09T00:56:12Z,08-Apr-2026,17:56:12,0.65,1
Bushtit,Psaltriparus minimus,2026-04-09T00:56:05Z,08-Apr-2026,17:56:05,0.7,1
Chestnut-backed Chickadee,Poecile rufescens,2026-04-09T00:55:04Z,08-Apr-2026,17:55:04,0.8863,11
Chestnut-backed Chickadee,Poecile rufescens,2026-04-09T00:54:41Z,08-Apr-2026,17:54:41,0.85,1
Black-capped Chickadee,Poecile atricapillus,2026-04-09T00:54:18Z,08-Apr-2026,17:54:18,0.8,1
Chestnut-backed Chickadee,Poecile rufescens,2026-04-09T00:54:11Z,08-Apr-2026,17:54:11,0.31,1
Chestnut-backed Chickadee,Poecile rufescens,2026-04-09T00:54:04Z,08-Apr-2026,17:54:04,0.66,1
Chestnut-backed Chickadee,Poecile rufescens,2026-04-09T00:53:49Z,08-Apr-2026,17:53:49,0.9412,1
American Robin,Turdus migratorius,2026-04-09T00:52:38Z,08-Apr-2026,17:52:38,0.8,1
American Robin,Turdus migratorius,2026-04-09T00:52:25Z,08-Apr-2026,17:52:25,0.29,1
Bewick's Wren,Thryomanes bewickii,2026-04-09T00:48:59Z,08-Apr-2026,17:48:59,0.48,1
Bewick's Wren,Thryomanes bewickii,2026-04-09T00:48:52Z,08-Apr-2026,17:48:52,0.72,1
Bewick's Wren,Thryomanes bewickii,2026-04-09T00:48:24Z,08-Apr-2026,17:48:24,0.37,1
Bewick's Wren,Thryomanes bewickii,2026-04-09T00:48:07Z,08-Apr-2026,17:48:07,0.83,1
Bewick's Wren,Thryomanes bewickii,2026-04-09T00:47:53Z,08-Apr-2026,17:47:53,0.71,1
Bewick's Wren,Thryomanes bewickii,2026-04-09T00:47:46Z,08-Apr-2026,17:47:46,0.9,1
Bewick's Wren,Thryomanes bewickii,2026-04-09T00:47:38Z,08-Apr-2026,17:47:38,0.48,1
Bewick's Wren,Thryomanes bewickii,2026-04-09T00:46:49Z,08-Apr-2026,17:46:49,0.91,1
Bewick's Wren,Thryomanes bewickii,2026-04-09T00:46:18Z,08-Apr-2026,17:46:18,0.97,1
Bewick's Wren,Thryomanes bewickii,2026-04-09T00:46:10Z,08-Apr-2026,17:46:10,0.83,1
Bewick's Wren,Thryomanes bewickii,2026-04-09T00:46:00Z,08-Apr-2026,17:46:00,0.3,1
Bewick's Wren,Thryomanes bewickii,2026-04-09T00:45:53Z,08-Apr-2026,17:45:53,0.8,1
Dark-eyed Junco,Junco hyemalis,2026-04-09T00:45:46Z,08-Apr-2026,17:45:46,0.7804,1
Bewick's Wren,Thryomanes bewickii,2026-04-09T00:45:35Z,08-Apr-2026,17:45:35,0.8,1
Bewick's Wren,Thryomanes bewickii,2026-04-09T00:45:25Z,08-Apr-2026,17:45:25,0.55,1
Bewick's Wren,Thryomanes bewickii,2026-04-09T00:45:01Z,08-Apr-2026,17:45:01,0.27,1
Bushtit,Psaltriparus minimus,2026-04-09T00:43:36Z,08-Apr-2026,17:43:36,0.73,1
Bushtit,Psaltriparus minimus,2026-04-09T00:43:26Z,08-Apr-2026,17:43:26,0.66,1
Wood Duck,Aix sponsa,2026-04-09T00:43:11Z,08-Apr-2026,17:43:11,0.26,1
Bushtit,Psaltriparus minimus,2026-04-09T00:41:31Z,08-Apr-2026,17:41:31,0.56,1
Chestnut-backed Chickadee,Poecile rufescens,2026-04-09T00:41:11Z,08-Apr-2026,17:41:11,0.8745,2
Bushtit,Psaltriparus minimus,2026-04-09T00:40:51Z,08-Apr-2026,17:40:51,0.51,1
Bushtit,Psaltriparus minimus,2026-04-09T00:40:43Z,08-Apr-2026,17:40:43,0.5,1
Chestnut-backed Chickadee,Poecile rufescens,2026-04-09T00:40:07Z,08-Apr-2026,17:40:07,0.32,1
Chestnut-backed Chickadee,Poecile rufescens,2026-04-09T00:39:50Z,08-Apr-2026,17:39:50,0.33,1
Chestnut-backed Chickadee,Poecile rufescens,2026-04-09T00:39:45Z,08-Apr-2026,17:39:45,0.8627,11
Chestnut-backed Chickadee,Poecile rufescens,2026-04-09T00:38:58Z,08-Apr-2026,17:38:58,0.54,1
Chestnut-backed Chickadee,Poecile rufescens,2026-04-09T00:38:41Z,08-Apr-2026,17:38:41,0.9333,7
Dark-eyed Junco,Junco hyemalis,2026-04-09T00:38:34Z,08-Apr-2026,17:38:34,0.33,1
Chestnut-backed Chickadee,Poecile rufescens,2026-04-09T00:37:23Z,08-Apr-2026,17:37:23,0.9882,7
Chestnut-backed Chickadee,Poecile rufescens,2026-04-09T00:37:12Z,08-Apr-2026,17:37:12,0.31,1
Chestnut-backed Chickadee,Poecile rufescens,2026-04-09T00:36:51Z,08-Apr-2026,17:36:51,0.47,1
Chestnut-backed Chickadee,Poecile rufescens,2026-04-09T00:36:06Z,08-Apr-2026,17:36:06,0.8627,2
Anna's Hummingbird,Calypte anna,2026-04-09T00:35:42Z,08-Apr-2026,17:35:42,0.8314,1
Black-capped Chickadee,Poecile atricapillus,2026-04-09T00:34:53Z,08-Apr-2026,17:34:53,0.27,1
Black-capped Chickadee,Poecile atricapillus,2026-04-09T00:34:25Z,08-Apr-2026,17:34:25,0.44,1
Chestnut-backed Chickadee,Poecile rufescens,2026-04-09T00:33:51Z,08-Apr-2026,17:33:51,0.32,1
Chestnut-backed Chickadee,Poecile rufescens,2026-04-09T00:33:34Z,08-Apr-2026,17:33:34,0.8314,3
Chestnut-backed Chickadee,Poecile rufescens,2026-04-09T00:33:14Z,08-Apr-2026,17:33:14,0.27,1
Chestnut-backed Chickadee,Poecile rufescens,2026-04-09T00:32:04Z,08-Apr-2026,17:32:04,0.63,1
Chestnut-backed Chickadee,Poecile rufescens,2026-04-09T00:32:00Z,08-Apr-2026,17:32:00,0.8627,1
House Finch,Haemorhous mexicanus,2026-04-09T00:31:08Z,08-Apr-2026,17:31:08,0.46,1
House Finch,Haemorhous mexicanus,2026-04-09T00:30:49Z,08-Apr-2026,17:30:49,0.48,1
House Finch,Haemorhous mexicanus,2026-04-09T00:30:25Z,08-Apr-2026,17:30:25,0.9098,1
House Finch,Haemorhous mexicanus,2026-04-09T00:30:20Z,08-Apr-2026,17:30:20,0.26,1
Anna's Hummingbird,Calypte anna,2026-04-09T00:27:48Z,08-Apr-2026,17:27:48,0.9176,1
Northern Flicker,Colaptes auratus,2026-04-09T00:26:28Z,08-Apr-2026,17:26:28,0.46,1
Northern Flicker,Colaptes auratus,2026-04-09T00:26:21Z,08-Apr-2026,17:26:21,0.52,1
Northern Flicker,Colaptes auratus,2026-04-09T00:26:03Z,08-Apr-2026,17:26:03,0.65,1
Northern Flicker,Colaptes auratus,2026-04-09T00:25:56Z,08-Apr-2026,17:25:56,0.76,1
Northern Flicker,Colaptes auratus,2026-04-09T00:25:50Z,08-Apr-2026,17:25:50,0.49,1
Northern Flicker,Colaptes auratus,2026-04-09T00:25:43Z,08-Apr-2026,17:25:43,0.29,1
Northern Flicker,Colaptes auratus,2026-04-09T00:25:30Z,08-Apr-2026,17:25:30,0.57,1
Northern Flicker,Colaptes auratus,2026-04-09T00:25:16Z,08-Apr-2026,17:25:16,0.46,1
Black-capped Chickadee,Poecile atricapillus,2026-04-09T00:21:53Z,08-Apr-2026,17:21:53,0.37,1
Black-capped Chickadee,Poecile atricapillus,2026-04-09T00:21:25Z,08-Apr-2026,17:21:25,0.8863,1
Northern Flicker,Colaptes auratus,2026-04-09T00:20:59Z,08-Apr-2026,17:20:59,0.64,1
Northern Flicker,Colaptes auratus,2026-04-09T00:20:40Z,08-Apr-2026,17:20:40,0.4,1
Anna's Hummingbird,Calypte anna,2026-04-09T00:20:36Z,08-Apr-2026,17:20:36,0.8157,1
Chestnut-backed Chickadee,Poecile rufescens,2026-04-09T00:19:06Z,08-Apr-2026,17:19:06,0.8,1
Northern Flicker,Colaptes auratus,2026-04-09T00:18:59Z,08-Apr-2026,17:18:59,0.44,1
Northern Flicker,Colaptes auratus,2026-04-09T00:18:52Z,08-Apr-2026,17:18:52,0.3,1
Anna's Hummingbird,Calypte anna,2026-04-09T00:17:26Z,08-Apr-2026,17:17:26,0.7804,1
Black-capped Chickadee,Poecile atricapillus,2026-04-09T00:16:02Z,08-Apr-2026,17:16:02,0.35,1
Mountain Chickadee,Poecile gambeli,2026-04-09T00:15:43Z,08-Apr-2026,17:15:43,0.51,1
Mountain Chickadee,Poecile gambeli,2026-04-09T00:15:07Z,08-Apr-2026,17:15:07,0.3,1
Black-capped Chickadee,Poecile atricapillus,2026-04-09T00:14:54Z,08-Apr-2026,17:14:54,0.8863,1
Mountain Chickadee,Poecile gambeli,2026-04-09T00:12:13Z,08-Apr-2026,17:12:13,0.27,1
Fox Sparrow,Passerella iliaca,2026-04-09T00:12:04Z,08-Apr-2026,17:12:04,0.28,1
American Crow,Corvus brachyrhynchos,2026-04-09T00:11:08Z,08-Apr-2026,17:11:08,0.8,1
Black-capped Chickadee,Poecile atricapillus,2026-04-09T00:10:46Z,08-Apr-2026,17:10:46,0.8314,1
Mountain Chickadee,Poecile gambeli,2026-04-09T00:10:39Z,08-Apr-2026,17:10:39,0.34,1
Steller's Jay,Cyanocitta stelleri,2026-04-09T00:08:41Z,08-Apr-2026,17:08:41,0.84,1
Steller's Jay,Cyanocitta stelleri,2026-04-09T00:08:34Z,08-Apr-2026,17:08:34,0.63,1
Steller's Jay,Cyanocitta stelleri,2026-04-09T00:08:21Z,08-Apr-2026,17:08:21,0.8471,1
Steller's Jay,Cyanocitta stelleri,2026-04-09T00:08:17Z,08-Apr-2026,17:08:17,0.41,1
American Crow,Corvus brachyrhynchos,2026-04-09T00:08:10Z,08-Apr-2026,17:08:10,0.8314,1
Anna's Hummingbird,Calypte anna,2026-04-09T00:04:32Z,08-Apr-2026,17:04:32,0.7804,1
Black-capped Chickadee,Poecile atricapillus,2026-04-09T00:02:47Z,08-Apr-2026,17:02:47,0.8,1
Black-capped Chickadee,Poecile atricapillus,2026-04-09T00:02:44Z,08-Apr-2026,17:02:44,0.34,1
Northern Flicker,Colaptes auratus,2026-04-09T00:01:18Z,08-Apr-2026,17:01:18,0.8,1
Northern Flicker,Colaptes auratus,2026-04-09T00:01:11Z,08-Apr-2026,17:01:11,0.47,1
Northern Flicker,Colaptes auratus,2026-04-09T00:01:05Z,08-Apr-2026,17:01:05,0.36,1
Northern Flicker,Colaptes auratus,2026-04-09T00:00:50Z,08-Apr-2026,17:00:50,0.39,1
Northern Flicker,Colaptes auratus,2026-04-09T00:00:37Z,08-Apr-2026,17:00:37,0.75,1
Northern Flicker,Colaptes auratus,2026-04-09T00:00:30Z,08-Apr-2026,17:00:30,0.64,1
Northern Flicker,Colaptes auratus,2026-04-09T00:00:10Z,08-Apr-2026,17:00:10,0.57,1
Northern Flicker,Colaptes auratus,2026-04-09T00:00:03Z,08-Apr-2026,17:00:03,0.43,1
