Species,Scientific Name,UTC Date,Local Date,Local Time,Score,Count
Black-capped Chickadee,Poecile atricapillus,2026-04-27T23:59:51Z,27-Apr-2026,16:59:51,0.9176,1
Mountain Chickadee,Poecile gambeli,2026-04-27T23:58:45Z,27-Apr-2026,16:58:45,0.37,1
Downy Woodpecker,Dryobates pubescens,2026-04-27T23:58:07Z,27-Apr-2026,16:58:07,0.51,1
American Robin,Turdus migratorius,2026-04-27T23:58:00Z,27-Apr-2026,16:58:00,0.38,1
Bewick's Wren,Thryomanes bewickii,2026-04-27T23:52:53Z,27-Apr-2026,16:52:53,0.46,1
Bewick's Wren,Thryomanes bewickii,2026-04-27T23:52:30Z,27-Apr-2026,16:52:30,0.38,1
White-throated Sparrow,Zonotrichia albicollis,2026-04-27T23:47:42Z,27-Apr-2026,16:47:42,0.53,1
Black-capped Chickadee,Poecile atricapillus,2026-04-27T23:41:48Z,27-Apr-2026,16:41:48,0.37,1
Bewick's Wren,Thryomanes bewickii,2026-04-27T23:40:50Z,27-Apr-2026,16:40:50,0.27,1
Bewick's Wren,Thryomanes bewickii,2026-04-27T23:40:42Z,27-Apr-2026,16:40:42,0.31,1
Bewick's Wren,Thryomanes bewickii,2026-04-27T23:38:31Z,27-Apr-2026,16:38:31,0.3,1
Bewick's Wren,Thryomanes bewickii,2026-04-27T23:38:24Z,27-Apr-2026,16:38:24,0.59,1
Bewick's Wren,Thryomanes bewickii,2026-04-27T23:34:06Z,27-Apr-2026,16:34:06,0.39,1
Black-capped Chickadee,Poecile atricapillus,2026-04-27T23:12:24Z,27-Apr-2026,16:12:24,0.37,1
Downy Woodpecker,Dryobates pubescens,2026-04-27T23:07:08Z,27-Apr-2026,16:07:08,0.66,1
Black-capped Chickadee,Poecile atricapillus,2026-04-27T23:07:00Z,27-Apr-2026,16:07:00,0.8314,2
American Crow,Corvus brachyrhynchos,2026-04-27T23:06:28Z,27-Apr-2026,16:06:28,0.8471,1
Black-capped Chickadee,Poecile atricapillus,2026-04-27T23:04:37Z,27-Apr-2026,16:04:37,0.63,1
Black-capped Chickadee,Poecile atricapillus,2026-04-27T23:04:04Z,27-Apr-2026,16:04:04,0.898,1
Black-capped Chickadee,Poecile atricapillus,2026-04-27T23:02:26Z,27-Apr-2026,16:02:26,0.27,1
Bewick's Wren,Thryomanes bewickii,2026-04-27T23:00:25Z,27-Apr-2026,16:00:25,0.29,1
Bewick's Wren,Thryomanes bewickii,2026-04-27T22:59:42Z,27-Apr-2026,15:59:42,0.63,1
Song Sparrow,Melospiza melodia,2026-04-27T22:57:10Z,27-Apr-2026,15:57:10,0.8314,1
House Finch,Haemorhous mexicanus,2026-04-27T22:56:53Z,27-Apr-2026,15:56:53,0.62,1
House Finch,Haemorhous mexicanus,2026-04-27T22:56:27Z,27-Apr-2026,15:56:27,0.7804,1
Black-capped Chickadee,Poecile atricapillus,2026-04-27T22:56:06Z,27-Apr-2026,15:56:06,0.8627,1
Downy Woodpecker,Dryobates pubescens,2026-04-27T22:56:02Z,27-Apr-2026,15:56:02,0.66,1
Bewick's Wren,Thryomanes bewickii,2026-04-27T22:55:34Z,27-Apr-2026,15:55:34,0.85,1
Bewick's Wren,Thryomanes bewickii,2026-04-27T22:55:25Z,27-Apr-2026,15:55:25,0.66,1
Bewick's Wren,Thryomanes bewickii,2026-04-27T22:55:11Z,27-Apr-2026,15:55:11,0.63,1
Bewick's Wren,Thryomanes bewickii,2026-04-27T22:55:01Z,27-Apr-2026,15:55:01,0.68,1
Bewick's Wren,Thryomanes bewickii,2026-04-27T22:54:51Z,27-Apr-2026,15:54:51,0.63,1
Black-capped Chickadee,Poecile atricapillus,2026-04-27T22:54:20Z,27-Apr-2026,15:54:20,0.28,1
Black-capped Chickadee,Poecile atricapillus,2026-04-27T22:54:16Z,27-Apr-2026,15:54:16,0.7804,1
Black-capped Chickadee,Poecile atricapillus,2026-04-27T22:44:29Z,27-Apr-2026,15:44:29,0.898,1
Black-capped Chickadee,Poecile atricapillus,2026-04-27T22:43:23Z,27-Apr-2026,15:43:23,0.8,1
Downy Woodpecker,Dryobates pubescens,2026-04-27T22:43:05Z,27-Apr-2026,15:43:05,0.8745,1
Downy Woodpecker,Dryobates pubescens,2026-04-27T22:41:48Z,27-Apr-2026,15:41:48,0.6,1
Downy Woodpecker,Dryobates pubescens,2026-04-27T22:41:03Z,27-Apr-2026,15:41:03,0.8,1
Black-capped Chickadee,Poecile atricapillus,2026-04-27T22:40:53Z,27-Apr-2026,15:40:53,0.7804,1
Downy Woodpecker,Dryobates pubescens,2026-04-27T22:40:46Z,27-Apr-2026,15:40:46,0.49,1
Downy Woodpecker,Dryobates pubescens,2026-04-27T22:40:22Z,27-Apr-2026,15:40:22,0.56,1
Downy Woodpecker,Dryobates pubescens,2026-04-27T22:39:42Z,27-Apr-2026,15:39:42,0.4,1
American Robin,Turdus migratorius,2026-04-27T22:38:41Z,27-Apr-2026,15:38:41,0.8,1
Anna's Hummingbird,Calypte anna,2026-04-27T22:36:41Z,27-Apr-2026,15:36:41,0.9569,1
Downy Woodpecker,Dryobates pubescens,2026-04-27T22:35:27Z,27-Apr-2026,15:35:27,0.26,1
Chestnut-backed Chickadee,Poecile rufescens,2026-04-27T22:30:15Z,27-Apr-2026,15:30:15,0.8471,1
Steller's Jay,Cyanocitta stelleri,2026-04-27T22:27:04Z,27-Apr-2026,15:27:04,0.8627,4
Steller's Jay,Cyanocitta stelleri,2026-04-27T22:27:00Z,27-Apr-2026,15:27:00,0.9,1
Downy Woodpecker,Dryobates pubescens,2026-04-27T22:26:38Z,27-Apr-2026,15:26:38,0.26,1
Downy Woodpecker,Dryobates pubescens,2026-04-27T22:26:30Z,27-Apr-2026,15:26:30,0.45,1
Steller's Jay,Cyanocitta stelleri,2026-04-27T22:25:47Z,27-Apr-2026,15:25:47,0.5,1
Steller's Jay,Cyanocitta stelleri,2026-04-27T22:25:05Z,27-Apr-2026,15:25:05,0.41,1
Steller's Jay,Cyanocitta stelleri,2026-04-27T22:24:32Z,27-Apr-2026,15:24:32,0.9647,10
Steller's Jay,Cyanocitta stelleri,2026-04-27T22:24:15Z,27-Apr-2026,15:24:15,0.98,1
Steller's Jay,Cyanocitta stelleri,2026-04-27T22:23:35Z,27-Apr-2026,15:23:35,0.76,1
Steller's Jay,Cyanocitta stelleri,2026-04-27T22:23:31Z,27-Apr-2026,15:23:31,0.9333,6
Steller's Jay,Cyanocitta stelleri,2026-04-27T22:23:27Z,27-Apr-2026,15:23:27,0.58,1
Steller's Jay,Cyanocitta stelleri,2026-04-27T22:22:54Z,27-Apr-2026,15:22:54,0.71,1
Steller's Jay,Cyanocitta stelleri,2026-04-27T22:22:09Z,27-Apr-2026,15:22:09,0.9176,10
Steller's Jay,Cyanocitta stelleri,2026-04-27T22:20:59Z,27-Apr-2026,15:20:59,0.99,1
Steller's Jay,Cyanocitta stelleri,2026-04-27T22:20:46Z,27-Apr-2026,15:20:46,0.9765,4
Steller's Jay,Cyanocitta stelleri,2026-04-27T22:20:39Z,27-Apr-2026,15:20:39,0.56,1
Steller's Jay,Cyanocitta stelleri,2026-04-27T22:20:03Z,27-Apr-2026,15:20:03,0.75,1
Steller's Jay,Cyanocitta stelleri,2026-04-27T22:19:41Z,27-Apr-2026,15:19:41,0.9255,3
Steller's Jay,Cyanocitta stelleri,2026-04-27T22:19:36Z,27-Apr-2026,15:19:36,0.73,1
Steller's Jay,Cyanocitta stelleri,2026-04-27T22:19:28Z,27-Apr-2026,15:19:28,0.94,1
Steller's Jay,Cyanocitta stelleri,2026-04-27T22:18:37Z,27-Apr-2026,15:18:37,0.8314,5
Steller's Jay,Cyanocitta stelleri,2026-04-27T22:17:54Z,27-Apr-2026,15:17:54,0.93,1
Steller's Jay,Cyanocitta stelleri,2026-04-27T22:17:32Z,27-Apr-2026,15:17:32,0.9,1
Steller's Jay,Cyanocitta stelleri,2026-04-27T22:17:24Z,27-Apr-2026,15:17:24,0.8157,2
Steller's Jay,Cyanocitta stelleri,2026-04-27T22:16:11Z,27-Apr-2026,15:16:11,0.74,1
Steller's Jay,Cyanocitta stelleri,2026-04-27T22:16:07Z,27-Apr-2026,15:16:07,0.8627,2
Steller's Jay,Cyanocitta stelleri,2026-04-27T22:15:00Z,27-Apr-2026,15:15:00,0.8745,5
Steller's Jay,Cyanocitta stelleri,2026-04-27T22:14:55Z,27-Apr-2026,15:14:55,0.59,1
Steller's Jay,Cyanocitta stelleri,2026-04-27T22:14:37Z,27-Apr-2026,15:14:37,0.44,1
Steller's Jay,Cyanocitta stelleri,2026-04-27T22:14:06Z,27-Apr-2026,15:14:06,0.93,1
Steller's Jay,Cyanocitta stelleri,2026-04-27T22:13:54Z,27-Apr-2026,15:13:54,0.36,1
Steller's Jay,Cyanocitta stelleri,2026-04-27T22:13:49Z,27-Apr-2026,15:13:49,0.8471,1
House Finch,Haemorhous mexicanus,2026-04-27T22:10:42Z,27-Apr-2026,15:10:42,0.7804,1
Black-capped Chickadee,Poecile atricapillus,2026-04-27T22:06:40Z,27-Apr-2026,15:06:40,0.28,1
Downy Woodpecker,Dryobates pubescens,2026-04-27T22:06:27Z,27-Apr-2026,15:06:27,0.33,1
Downy Woodpecker,Dryobates pubescens,2026-04-27T22:02:07Z,27-Apr-2026,15:02:07,0.29,1
Black-capped Chickadee,Poecile atricapillus,2026-04-27T22:00:41Z,27-Apr-2026,15:00:41,0.8471,1
Black-capped Chickadee,Poecile atricapillus,2026-04-27T22:00:09Z,27-Apr-2026,15:00:09,0.29,1
Black-capped Chickadee,Poecile atricapillus,2026-04-27T21:59:45Z,27-Apr-2026,14:59:45,0.34,1
Downy Woodpecker,Dryobates pubescens,2026-04-27T21:58:51Z,27-Apr-2026,14:58:51,0.8,1
Downy Woodpecker,Dryobates pubescens,2026-04-27T21:58:45Z,27-Apr-2026,14:58:45,0.95,1
Downy Woodpecker,Dryobates pubescens,2026-04-27T21:57:44Z,27-Apr-2026,14:57:44,0.27,1
Downy Woodpecker,Dryobates pubescens,2026-04-27T21:57:36Z,27-Apr-2026,14:57:36,0.42,1
Downy Woodpecker,Dryobates pubescens,2026-04-27T21:57:20Z,27-Apr-2026,14:57:20,0.27,1
Dark-eyed Junco,Junco hyemalis,2026-04-27T21:56:18Z,27-Apr-2026,14:56:18,0.7804,1
Black-capped Chickadee,Poecile atricapillus,2026-04-27T21:55:48Z,27-Apr-2026,14:55:48,0.898,1
Black-capped Chickadee,Poecile atricapillus,2026-04-27T21:54:24Z,27-Apr-2026,14:54:24,0.39,1
House Finch,Haemorhous mexicanus,2026-04-27T21:52:48Z,27-Apr-2026,14:52:48,0.36,1
House Finch,Haemorhous mexicanus,2026-04-27T21:46:57Z,27-Apr-2026,14:46:57,0.6,1
Merlin,Falco columbarius,2026-04-27T21:44:23Z,27-Apr-2026,14:44:23,0.96,1
House Finch,Haemorhous mexicanus,2026-04-27T21:39:55Z,27-Apr-2026,14:39:55,0.32,1
House Finch,Haemorhous mexicanus,2026-04-27T21:39:31Z,27-Apr-2026,14:39:31,0.58,1
House Finch,Haemorhous mexicanus,2026-04-27T21:39:24Z,27-Apr-2026,14:39:24,0.76,1
House Finch,Haemorhous mexicanus,2026-04-27T21:39:13Z,27-Apr-2026,14:39:13,0.29,1
House Finch,Haemorhous mexicanus,2026-04-27T21:38:56Z,27-Apr-2026,14:38:56,0.8157,1
House Finch,Haemorhous mexicanus,2026-04-27T21:38:04Z,27-Apr-2026,14:38:04,0.36,1
House Finch,Haemorhous mexicanus,2026-04-27T21:37:40Z,27-Apr-2026,14:37:40,0.52,1
House Finch,Haemorhous mexicanus,2026-04-27T21:37:24Z,27-Apr-2026,14:37:24,0.898,1
House Finch,Haemorhous mexicanus,2026-04-27T21:36:51Z,27-Apr-2026,14:36:51,0.37,1
House Finch,Haemorhous mexicanus,2026-04-27T21:36:44Z,27-Apr-2026,14:36:44,0.54,1
House Finch,Haemorhous mexicanus,2026-04-27T21:36:31Z,27-Apr-2026,14:36:31,0.29,1
Downy Woodpecker,Dryobates pubescens,2026-04-27T21:35:21Z,27-Apr-2026,14:35:21,0.66,1
Anna's Hummingbird,Calypte anna,2026-04-27T21:29:24Z,27-Apr-2026,14:29:24,0.8,1
Black-capped Chickadee,Poecile atricapillus,2026-04-27T21:23:13Z,27-Apr-2026,14:23:13,0.7804,3
House Finch,Haemorhous mexicanus,2026-04-27T21:22:43Z,27-Apr-2026,14:22:43,0.32,1
Downy Woodpecker,Dryobates pubescens,2026-04-27T21:21:47Z,27-Apr-2026,14:21:47,0.33,1
Black-capped Chickadee,Poecile atricapillus,2026-04-27T21:21:36Z,27-Apr-2026,14:21:36,0.35,1
Black-capped Chickadee,Poecile atricapillus,2026-04-27T21:21:12Z,27-Apr-2026,14:21:12,0.8314,1
Bewick's Wren,Thryomanes bewickii,2026-04-27T21:13:09Z,27-Apr-2026,14:13:09,0.43,1
Bewick's Wren,Thryomanes bewickii,2026-04-27T21:12:46Z,27-Apr-2026,14:12:46,0.4,1
Bewick's Wren,Thryomanes bewickii,2026-04-27T21:12:30Z,27-Apr-2026,14:12:30,0.32,1
Bewick's Wren,Thryomanes bewickii,2026-04-27T21:09:14Z,27-Apr-2026,14:09:14,0.55,1
Bewick's Wren,Thryomanes bewickii,2026-04-27T21:09:06Z,27-Apr-2026,14:09:06,0.58,1
Dark-eyed Junco,Junco hyemalis,2026-04-27T21:08:59Z,27-Apr-2026,14:08:59,0.26,1
Dark-eyed Junco,Junco hyemalis,2026-04-27T21:07:29Z,27-Apr-2026,14:07:29,0.4,1
Dark-eyed Junco,Junco hyemalis,2026-04-27T21:01:12Z,27-Apr-2026,14:01:12,0.52,1
American Robin,Turdus migratorius,2026-04-27T21:00:35Z,27-Apr-2026,14:00:35,0.41,1
American Robin,Turdus migratorius,2026-04-27T21:00:29Z,27-Apr-2026,14:00:29,0.38,1
Downy Woodpecker,Dryobates pubescens,2026-04-27T20:53:02Z,27-Apr-2026,13:53:02,0.27,1
American Crow,Corvus brachyrhynchos,2026-04-27T20:49:37Z,27-Apr-2026,13:49:37,0.8627,1
Bewick's Wren,Thryomanes bewickii,2026-04-27T20:48:32Z,27-Apr-2026,13:48:32,0.38,1
Bewick's Wren,Thryomanes bewickii,2026-04-27T20:46:38Z,27-Apr-2026,13:46:38,0.63,1
House Finch,Haemorhous mexicanus,2026-04-27T20:43:19Z,27-Apr-2026,13:43:19,0.58,1
American Robin,Turdus migratorius,2026-04-27T20:37:33Z,27-Apr-2026,13:37:33,0.8,1
Bewick's Wren,Thryomanes bewickii,2026-04-27T20:37:13Z,27-Apr-2026,13:37:13,0.41,1
American Robin,Turdus migratorius,2026-04-27T20:37:00Z,27-Apr-2026,13:37:00,0.3,1
Bewick's Wren,Thryomanes bewickii,2026-04-27T20:26:02Z,27-Apr-2026,13:26:02,0.43,1
Bewick's Wren,Thryomanes bewickii,2026-04-27T20:25:39Z,27-Apr-2026,13:25:39,0.58,1
Black-capped Chickadee,Poecile atricapillus,2026-04-27T20:25:09Z,27-Apr-2026,13:25:09,0.43,1
Black-capped Chickadee,Poecile atricapillus,2026-04-27T20:24:50Z,27-Apr-2026,13:24:50,0.8157,1
Black-capped Chickadee,Poecile atricapillus,2026-04-27T20:24:20Z,27-Apr-2026,13:24:20,0.37,1
American Crow,Corvus brachyrhynchos,2026-04-27T20:23:52Z,27-Apr-2026,13:23:52,0.8745,1
American Crow,Corvus brachyrhynchos,2026-04-27T20:20:14Z,27-Apr-2026,13:20:14,0.8314,1
Anna's Hummingbird,Calypte anna,2026-04-27T20:16:33Z,27-Apr-2026,13:16:33,0.898,1
Bewick's Wren,Thryomanes bewickii,2026-04-27T20:16:08Z,27-Apr-2026,13:16:08,0.43,1
Black-capped Chickadee,Poecile atricapillus,2026-04-27T20:14:58Z,27-Apr-2026,13:14:58,0.29,1
Downy Woodpecker,Dryobates pubescens,2026-04-27T20:14:48Z,27-Apr-2026,13:14:48,0.49,1
Black-capped Chickadee,Poecile atricapillus,2026-04-27T20:12:02Z,27-Apr-2026,13:12:02,0.26,1
Downy Woodpecker,Dryobates pubescens,2026-04-27T20:11:47Z,27-Apr-2026,13:11:47,0.39,1
Black-capped Chickadee,Poecile atricapillus,2026-04-27T20:09:54Z,27-Apr-2026,13:09:54,0.8471,1
Downy Woodpecker,Dryobates pubescens,2026-04-27T20:09:45Z,27-Apr-2026,13:09:45,0.46,1
Black-capped Chickadee,Poecile atricapillus,2026-04-27T20:07:10Z,27-Apr-2026,13:07:10,0.7804,1
Downy Woodpecker,Dryobates pubescens,2026-04-27T20:01:17Z,27-Apr-2026,13:01:17,0.31,1
Downy Woodpecker,Dryobates pubescens,2026-04-27T20:00:57Z,27-Apr-2026,13:00:57,0.43,1
Downy Woodpecker,Dryobates pubescens,2026-04-27T20:00:33Z,27-Apr-2026,13:00:33,0.8157,1
Bewick's Wren,Thryomanes bewickii,2026-04-27T19:53:35Z,27-Apr-2026,12:53:35,0.44,1
Black-capped Chickadee,Poecile atricapillus,2026-04-27T19:51:18Z,27-Apr-2026,12:51:18,0.8,2
Black-capped Chickadee,Poecile atricapillus,2026-04-27T19:49:58Z,27-Apr-2026,12:49:58,0.9333,1
Black-capped Chickadee,Poecile atricapillus,2026-04-27T19:46:34Z,27-Apr-2026,12:46:34,0.4,1
Black-capped Chickadee,Poecile atricapillus,2026-04-27T19:46:12Z,27-Apr-2026,12:46:12,0.7804,10
Black-capped Chickadee,Poecile atricapillus,2026-04-27T19:43:52Z,27-Apr-2026,12:43:52,0.8,1
Bewick's Wren,Thryomanes bewickii,2026-04-27T19:42:05Z,27-Apr-2026,12:42:05,0.49,1
Bewick's Wren,Thryomanes bewickii,2026-04-27T19:41:46Z,27-Apr-2026,12:41:46,0.6,1
Bewick's Wren,Thryomanes bewickii,2026-04-27T19:41:06Z,27-Apr-2026,12:41:06,0.33,1
Bewick's Wren,Thryomanes bewickii,2026-04-27T19:40:56Z,27-Apr-2026,12:40:56,0.29,1
Bewick's Wren,Thryomanes bewickii,2026-04-27T19:38:54Z,27-Apr-2026,12:38:54,0.39,1
Bewick's Wren,Thryomanes bewickii,2026-04-27T19:38:35Z,27-Apr-2026,12:38:35,0.44,1
Bewick's Wren,Thryomanes bewickii,2026-04-27T19:38:06Z,27-Apr-2026,12:38:06,0.3,1
Bewick's Wren,Thryomanes bewickii,2026-04-27T19:37:58Z,27-Apr-2026,12:37:58,0.42,1
Black-capped Chickadee,Poecile atricapillus,2026-04-27T19:31:35Z,27-Apr-2026,12:31:35,0.898,1
Song Sparrow,Melospiza melodia,2026-04-27T19:29:49Z,27-Apr-2026,12:29:49,0.9647,1
Bewick's Wren,Thryomanes bewickii,2026-04-27T19:24:13Z,27-Apr-2026,12:24:13,0.46,1
House Finch,Haemorhous mexicanus,2026-04-27T19:11:56Z,27-Apr-2026,12:11:56,0.44,1
Bewick's Wren,Thryomanes bewickii,2026-04-27T19:10:56Z,27-Apr-2026,12:10:56,0.54,1
Bewick's Wren,Thryomanes bewickii,2026-04-27T19:10:18Z,27-Apr-2026,12:10:18,0.76,1
Bewick's Wren,Thryomanes bewickii,2026-04-27T19:09:34Z,27-Apr-2026,12:09:34,0.35,1
Bewick's Wren,Thryomanes bewickii,2026-04-27T19:09:23Z,27-Apr-2026,12:09:23,0.5,1
Bewick's Wren,Thryomanes bewickii,2026-04-27T19:06:26Z,27-Apr-2026,12:06:26,0.26,1
Bewick's Wren,Thryomanes bewickii,2026-04-27T19:03:13Z,27-Apr-2026,12:03:13,0.34,1
Bewick's Wren,Thryomanes bewickii,2026-04-27T19:02:20Z,27-Apr-2026,12:02:20,0.39,1
Bewick's Wren,Thryomanes bewickii,2026-04-27T19:02:05Z,27-Apr-2026,12:02:05,0.35,1
Bewick's Wren,Thryomanes bewickii,2026-04-27T19:01:58Z,27-Apr-2026,12:01:58,0.32,1
Black-capped Chickadee,Poecile atricapillus,2026-04-27T18:52:08Z,27-Apr-2026,11:52:08,0.7804,1
House Finch,Haemorhous mexicanus,2026-04-27T18:50:53Z,27-Apr-2026,11:50:53,0.26,1
House Finch,Haemorhous mexicanus,2026-04-27T18:50:14Z,27-Apr-2026,11:50:14,0.9098,1
Dark-eyed Junco,Junco hyemalis,2026-04-27T18:44:58Z,27-Apr-2026,11:44:58,0.8745,1
House Finch,Haemorhous mexicanus,2026-04-27T18:44:07Z,27-Apr-2026,11:44:07,0.39,1
House Finch,Haemorhous mexicanus,2026-04-27T18:42:33Z,27-Apr-2026,11:42:33,0.8863,3
House Finch,Haemorhous mexicanus,2026-04-27T18:41:03Z,27-Apr-2026,11:41:03,0.8157,4
House Finch,Haemorhous mexicanus,2026-04-27T18:40:53Z,27-Apr-2026,11:40:53,0.45,1
House Finch,Haemorhous mexicanus,2026-04-27T18:40:33Z,27-Apr-2026,11:40:33,0.47,1
House Finch,Haemorhous mexicanus,2026-04-27T18:39:55Z,27-Apr-2026,11:39:55,0.9333,3
House Finch,Haemorhous mexicanus,2026-04-27T18:39:15Z,27-Apr-2026,11:39:15,0.27,1
House Finch,Haemorhous mexicanus,2026-04-27T18:38:00Z,27-Apr-2026,11:38:00,0.7804,1
House Finch,Haemorhous mexicanus,2026-04-27T18:36:38Z,27-Apr-2026,11:36:38,0.8863,1
Bewick's Wren,Thryomanes bewickii,2026-04-27T18:36:08Z,27-Apr-2026,11:36:08,0.78,1
Bewick's Wren,Thryomanes bewickii,2026-04-27T18:36:01Z,27-Apr-2026,11:36:01,0.92,1
House Finch,Haemorhous mexicanus,2026-04-27T18:33:26Z,27-Apr-2026,11:33:26,0.8,1
Bewick's Wren,Thryomanes bewickii,2026-04-27T18:30:31Z,27-Apr-2026,11:30:31,0.49,1
Downy Woodpecker,Dryobates pubescens,2026-04-27T18:30:27Z,27-Apr-2026,11:30:27,0.8471,1
Bewick's Wren,Thryomanes bewickii,2026-04-27T18:28:27Z,27-Apr-2026,11:28:27,0.48,1
Black-capped Chickadee,Poecile atricapillus,2026-04-27T18:28:06Z,27-Apr-2026,11:28:06,0.8157,1
Bewick's Wren,Thryomanes bewickii,2026-04-27T18:27:23Z,27-Apr-2026,11:27:23,0.45,1
Townsend's Warbler,Setophaga townsendi,2026-04-27T18:26:49Z,27-Apr-2026,11:26:49,0.47,1
Townsend's Warbler,Setophaga townsendi,2026-04-27T18:26:20Z,27-Apr-2026,11:26:20,0.31,1
Townsend's Warbler,Setophaga townsendi,2026-04-27T18:25:48Z,27-Apr-2026,11:25:48,0.28,1
Bewick's Wren,Thryomanes bewickii,2026-04-27T18:25:35Z,27-Apr-2026,11:25:35,0.63,1
Bewick's Wren,Thryomanes bewickii,2026-04-27T18:25:24Z,27-Apr-2026,11:25:24,0.37,1
Bewick's Wren,Thryomanes bewickii,2026-04-27T18:25:16Z,27-Apr-2026,11:25:16,0.33,1
Bewick's Wren,Thryomanes bewickii,2026-04-27T18:23:02Z,27-Apr-2026,11:23:02,0.32,1
Bewick's Wren,Thryomanes bewickii,2026-04-27T18:22:54Z,27-Apr-2026,11:22:54,0.54,1
Bewick's Wren,Thryomanes bewickii,2026-04-27T18:22:43Z,27-Apr-2026,11:22:43,0.88,1
House Finch,Haemorhous mexicanus,2026-04-27T18:22:06Z,27-Apr-2026,11:22:06,0.27,1
House Finch,Haemorhous mexicanus,2026-04-27T18:21:59Z,27-Apr-2026,11:21:59,0.37,1
Black-capped Chickadee,Poecile atricapillus,2026-04-27T18:20:46Z,27-Apr-2026,11:20:46,0.9176,1
Black-capped Chickadee,Poecile atricapillus,2026-04-27T18:20:38Z,27-Apr-2026,11:20:38,0.46,1
Black-capped Chickadee,Poecile atricapillus,2026-04-27T18:20:30Z,27-Apr-2026,11:20:30,0.51,1
Black-capped Chickadee,Poecile atricapillus,2026-04-27T18:20:16Z,27-Apr-2026,11:20:16,0.48,1
Bewick's Wren,Thryomanes bewickii,2026-04-27T18:19:57Z,27-Apr-2026,11:19:57,0.82,1
Bewick's Wren,Thryomanes bewickii,2026-04-27T18:19:46Z,27-Apr-2026,11:19:46,0.99,1
Bewick's Wren,Thryomanes bewickii,2026-04-27T18:19:30Z,27-Apr-2026,11:19:30,0.99,1
Bewick's Wren,Thryomanes bewickii,2026-04-27T18:19:00Z,27-Apr-2026,11:19:00,0.97,1
Bewick's Wren,Thryomanes bewickii,2026-04-27T18:18:53Z,27-Apr-2026,11:18:53,0.95,1
Bewick's Wren,Thryomanes bewickii,2026-04-27T18:18:22Z,27-Apr-2026,11:18:22,0.95,1
Orange-crowned Warbler,Leiothlypis celata,2026-04-27T18:18:13Z,27-Apr-2026,11:18:13,0.87,1
Orange-crowned Warbler,Leiothlypis celata,2026-04-27T18:17:49Z,27-Apr-2026,11:17:49,0.5,1
Orange-crowned Warbler,Leiothlypis celata,2026-04-27T18:17:41Z,27-Apr-2026,11:17:41,0.86,1
Orange-crowned Warbler,Leiothlypis celata,2026-04-27T18:17:33Z,27-Apr-2026,11:17:33,0.79,1
Bewick's Wren,Thryomanes bewickii,2026-04-27T18:16:45Z,27-Apr-2026,11:16:45,0.48,1
Bewick's Wren,Thryomanes bewickii,2026-04-27T18:16:38Z,27-Apr-2026,11:16:38,0.3,1
Townsend's Warbler,Setophaga townsendi,2026-04-27T18:15:10Z,27-Apr-2026,11:15:10,0.56,1
Bewick's Wren,Thryomanes bewickii,2026-04-27T18:14:36Z,27-Apr-2026,11:14:36,0.99,1
Bewick's Wren,Thryomanes bewickii,2026-04-27T18:14:07Z,27-Apr-2026,11:14:07,0.99,1
Bewick's Wren,Thryomanes bewickii,2026-04-27T18:14:00Z,27-Apr-2026,11:14:00,0.99,1
Bewick's Wren,Thryomanes bewickii,2026-04-27T18:13:54Z,27-Apr-2026,11:13:54,0.92,1
Bewick's Wren,Thryomanes bewickii,2026-04-27T18:13:32Z,27-Apr-2026,11:13:32,0.97,1
Bewick's Wren,Thryomanes bewickii,2026-04-27T18:13:24Z,27-Apr-2026,11:13:24,0.96,1
Bewick's Wren,Thryomanes bewickii,2026-04-27T18:13:12Z,27-Apr-2026,11:13:12,0.95,1
Bewick's Wren,Thryomanes bewickii,2026-04-27T18:12:56Z,27-Apr-2026,11:12:56,0.93,1
Bewick's Wren,Thryomanes bewickii,2026-04-27T18:12:49Z,27-Apr-2026,11:12:49,0.91,1
Townsend's Warbler,Setophaga townsendi,2026-04-27T18:12:42Z,27-Apr-2026,11:12:42,0.63,1
Bewick's Wren,Thryomanes bewickii,2026-04-27T18:12:36Z,27-Apr-2026,11:12:36,0.98,1
Bewick's Wren,Thryomanes bewickii,2026-04-27T18:12:10Z,27-Apr-2026,11:12:10,0.76,1
Bewick's Wren,Thryomanes bewickii,2026-04-27T18:11:55Z,27-Apr-2026,11:11:55,0.41,1
Bewick's Wren,Thryomanes bewickii,2026-04-27T18:11:47Z,27-Apr-2026,11:11:47,0.93,1
Bewick's Wren,Thryomanes bewickii,2026-04-27T18:11:39Z,27-Apr-2026,11:11:39,0.94,1
Bewick's Wren,Thryomanes bewickii,2026-04-27T18:11:28Z,27-Apr-2026,11:11:28,0.7,1
Bewick's Wren,Thryomanes bewickii,2026-04-27T18:11:17Z,27-Apr-2026,11:11:17,0.88,1
Bewick's Wren,Thryomanes bewickii,2026-04-27T18:11:09Z,27-Apr-2026,11:11:09,0.81,1
Bewick's Wren,Thryomanes bewickii,2026-04-27T18:10:58Z,27-Apr-2026,11:10:58,0.9,1
Bewick's Wren,Thryomanes bewickii,2026-04-27T18:10:52Z,27-Apr-2026,11:10:52,0.83,1
Bewick's Wren,Thryomanes bewickii,2026-04-27T18:10:41Z,27-Apr-2026,11:10:41,0.79,1
Bewick's Wren,Thryomanes bewickii,2026-04-27T18:10:15Z,27-Apr-2026,11:10:15,0.32,1
Townsend's Warbler,Setophaga townsendi,2026-04-27T18:09:12Z,27-Apr-2026,11:09:12,0.44,1
Townsend's Warbler,Setophaga townsendi,2026-04-27T18:08:43Z,27-Apr-2026,11:08:43,0.48,1
Bewick's Wren,Thryomanes bewickii,2026-04-27T18:08:24Z,27-Apr-2026,11:08:24,0.42,1
Townsend's Warbler,Setophaga townsendi,2026-04-27T18:08:07Z,27-Apr-2026,11:08:07,0.42,1
Townsend's Warbler,Setophaga townsendi,2026-04-27T18:07:19Z,27-Apr-2026,11:07:19,0.37,1
Townsend's Warbler,Setophaga townsendi,2026-04-27T18:07:02Z,27-Apr-2026,11:07:02,0.37,1
Townsend's Warbler,Setophaga townsendi,2026-04-27T18:06:38Z,27-Apr-2026,11:06:38,0.52,1
Townsend's Warbler,Setophaga townsendi,2026-04-27T18:06:04Z,27-Apr-2026,11:06:04,0.39,1
House Finch,Haemorhous mexicanus,2026-04-27T18:05:49Z,27-Apr-2026,11:05:49,0.27,1
Bushtit,Psaltriparus minimus,2026-04-27T18:05:25Z,27-Apr-2026,11:05:25,0.45,1
Glaucous-winged Gull,Larus glaucescens,2026-04-27T18:04:06Z,27-Apr-2026,11:04:06,0.36,1
House Finch,Haemorhous mexicanus,2026-04-27T18:03:28Z,27-Apr-2026,11:03:28,0.33,1
Black-capped Chickadee,Poecile atricapillus,2026-04-27T18:03:21Z,27-Apr-2026,11:03:21,0.8745,1
House Finch,Haemorhous mexicanus,2026-04-27T18:02:27Z,27-Apr-2026,11:02:27,0.7804,1
Bewick's Wren,Thryomanes bewickii,2026-04-27T17:58:11Z,27-Apr-2026,10:58:11,0.55,1
Bewick's Wren,Thryomanes bewickii,2026-04-27T17:58:03Z,27-Apr-2026,10:58:03,0.55,1
Townsend's Warbler,Setophaga townsendi,2026-04-27T17:57:15Z,27-Apr-2026,10:57:15,0.32,1
Townsend's Warbler,Setophaga townsendi,2026-04-27T17:57:05Z,27-Apr-2026,10:57:05,0.3,1
Black-capped Chickadee,Poecile atricapillus,2026-04-27T17:56:24Z,27-Apr-2026,10:56:24,0.8627,1
Bewick's Wren,Thryomanes bewickii,2026-04-27T17:54:38Z,27-Apr-2026,10:54:38,0.51,1
Bewick's Wren,Thryomanes bewickii,2026-04-27T17:54:32Z,27-Apr-2026,10:54:32,0.57,1
Bewick's Wren,Thryomanes bewickii,2026-04-27T17:53:12Z,27-Apr-2026,10:53:12,0.26,1
House Finch,Haemorhous mexicanus,2026-04-27T17:52:14Z,27-Apr-2026,10:52:14,0.8157,1
House Finch,Haemorhous mexicanus,2026-04-27T17:52:02Z,27-Apr-2026,10:52:02,0.28,1
Bewick's Wren,Thryomanes bewickii,2026-04-27T17:48:37Z,27-Apr-2026,10:48:37,0.39,1
Bewick's Wren,Thryomanes bewickii,2026-04-27T17:48:08Z,27-Apr-2026,10:48:08,0.55,1
Bewick's Wren,Thryomanes bewickii,2026-04-27T17:47:53Z,27-Apr-2026,10:47:53,0.85,1
Bewick's Wren,Thryomanes bewickii,2026-04-27T17:47:46Z,27-Apr-2026,10:47:46,0.69,1
Bewick's Wren,Thryomanes bewickii,2026-04-27T17:47:35Z,27-Apr-2026,10:47:35,0.83,1
Bewick's Wren,Thryomanes bewickii,2026-04-27T17:47:25Z,27-Apr-2026,10:47:25,0.94,1
Bewick's Wren,Thryomanes bewickii,2026-04-27T17:47:18Z,27-Apr-2026,10:47:18,0.9,1
Bewick's Wren,Thryomanes bewickii,2026-04-27T17:47:12Z,27-Apr-2026,10:47:12,0.89,1
Bewick's Wren,Thryomanes bewickii,2026-04-27T17:47:06Z,27-Apr-2026,10:47:06,0.68,1
Bewick's Wren,Thryomanes bewickii,2026-04-27T17:46:52Z,27-Apr-2026,10:46:52,0.88,1
Bewick's Wren,Thryomanes bewickii,2026-04-27T17:46:45Z,27-Apr-2026,10:46:45,0.74,1
Bewick's Wren,Thryomanes bewickii,2026-04-27T17:46:30Z,27-Apr-2026,10:46:30,0.81,1
Bewick's Wren,Thryomanes bewickii,2026-04-27T17:46:22Z,27-Apr-2026,10:46:22,0.78,1
Bewick's Wren,Thryomanes bewickii,2026-04-27T17:46:05Z,27-Apr-2026,10:46:05,0.82,1
Bewick's Wren,Thryomanes bewickii,2026-04-27T17:45:51Z,27-Apr-2026,10:45:51,0.38,1
Bewick's Wren,Thryomanes bewickii,2026-04-27T17:45:45Z,27-Apr-2026,10:45:45,0.98,1
Bewick's Wren,Thryomanes bewickii,2026-04-27T17:45:28Z,27-Apr-2026,10:45:28,0.81,1
Bewick's Wren,Thryomanes bewickii,2026-04-27T17:45:10Z,27-Apr-2026,10:45:10,0.62,1
Bewick's Wren,Thryomanes bewickii,2026-04-27T17:45:00Z,27-Apr-2026,10:45:00,0.42,1
Bewick's Wren,Thryomanes bewickii,2026-04-27T17:44:53Z,27-Apr-2026,10:44:53,0.95,1
Bewick's Wren,Thryomanes bewickii,2026-04-27T17:44:45Z,27-Apr-2026,10:44:45,0.93,1
Bewick's Wren,Thryomanes bewickii,2026-04-27T17:44:26Z,27-Apr-2026,10:44:26,0.5,1
Bewick's Wren,Thryomanes bewickii,2026-04-27T17:44:15Z,27-Apr-2026,10:44:15,0.98,1
Bewick's Wren,Thryomanes bewickii,2026-04-27T17:44:07Z,27-Apr-2026,10:44:07,0.98,1
Bewick's Wren,Thryomanes bewickii,2026-04-27T17:43:56Z,27-Apr-2026,10:43:56,0.9,1
Bewick's Wren,Thryomanes bewickii,2026-04-27T17:43:49Z,27-Apr-2026,10:43:49,0.96,1
Bewick's Wren,Thryomanes bewickii,2026-04-27T17:43:38Z,27-Apr-2026,10:43:38,0.68,1
Cedar Waxwing,Bombycilla cedrorum,2026-04-27T17:43:31Z,27-Apr-2026,10:43:31,0.31,1
Bewick's Wren,Thryomanes bewickii,2026-04-27T17:43:24Z,27-Apr-2026,10:43:24,0.96,1
Bewick's Wren,Thryomanes bewickii,2026-04-27T17:43:11Z,27-Apr-2026,10:43:11,0.32,1
Bewick's Wren,Thryomanes bewickii,2026-04-27T17:43:04Z,27-Apr-2026,10:43:04,0.82,1
Bewick's Wren,Thryomanes bewickii,2026-04-27T17:42:48Z,27-Apr-2026,10:42:48,0.95,1
Bewick's Wren,Thryomanes bewickii,2026-04-27T17:42:38Z,27-Apr-2026,10:42:38,0.74,1
Bewick's Wren,Thryomanes bewickii,2026-04-27T17:42:32Z,27-Apr-2026,10:42:32,0.9,1
Bewick's Wren,Thryomanes bewickii,2026-04-27T17:42:24Z,27-Apr-2026,10:42:24,0.87,1
Bewick's Wren,Thryomanes bewickii,2026-04-27T17:42:17Z,27-Apr-2026,10:42:17,0.87,1
Bewick's Wren,Thryomanes bewickii,2026-04-27T17:42:10Z,27-Apr-2026,10:42:10,0.79,1
Bewick's Wren,Thryomanes bewickii,2026-04-27T17:42:02Z,27-Apr-2026,10:42:02,0.9,1
Bewick's Wren,Thryomanes bewickii,2026-04-27T17:41:54Z,27-Apr-2026,10:41:54,0.91,1
Bewick's Wren,Thryomanes bewickii,2026-04-27T17:41:44Z,27-Apr-2026,10:41:44,0.53,1
Bewick's Wren,Thryomanes bewickii,2026-04-27T17:41:37Z,27-Apr-2026,10:41:37,0.28,1
Bewick's Wren,Thryomanes bewickii,2026-04-27T17:41:30Z,27-Apr-2026,10:41:30,0.85,1
Bewick's Wren,Thryomanes bewickii,2026-04-27T17:41:23Z,27-Apr-2026,10:41:23,0.84,1
Bewick's Wren,Thryomanes bewickii,2026-04-27T17:41:15Z,27-Apr-2026,10:41:15,0.94,1
Bewick's Wren,Thryomanes bewickii,2026-04-27T17:41:01Z,27-Apr-2026,10:41:01,0.52,1
Bewick's Wren,Thryomanes bewickii,2026-04-27T17:40:54Z,27-Apr-2026,10:40:54,0.95,1
Bewick's Wren,Thryomanes bewickii,2026-04-27T17:40:47Z,27-Apr-2026,10:40:47,0.93,1
Bewick's Wren,Thryomanes bewickii,2026-04-27T17:40:41Z,27-Apr-2026,10:40:41,0.61,1
Bewick's Wren,Thryomanes bewickii,2026-04-27T17:40:33Z,27-Apr-2026,10:40:33,0.8,1
Bewick's Wren,Thryomanes bewickii,2026-04-27T17:40:25Z,27-Apr-2026,10:40:25,0.62,1
Bewick's Wren,Thryomanes bewickii,2026-04-27T17:40:18Z,27-Apr-2026,10:40:18,0.85,1
Bewick's Wren,Thryomanes bewickii,2026-04-27T17:40:10Z,27-Apr-2026,10:40:10,0.86,1
Bewick's Wren,Thryomanes bewickii,2026-04-27T17:40:04Z,27-Apr-2026,10:40:04,0.28,1
Bewick's Wren,Thryomanes bewickii,2026-04-27T17:39:56Z,27-Apr-2026,10:39:56,0.76,1
Bewick's Wren,Thryomanes bewickii,2026-04-27T17:39:49Z,27-Apr-2026,10:39:49,0.89,1
Bewick's Wren,Thryomanes bewickii,2026-04-27T17:39:41Z,27-Apr-2026,10:39:41,0.86,1
Bewick's Wren,Thryomanes bewickii,2026-04-27T17:39:29Z,27-Apr-2026,10:39:29,0.82,1
Bewick's Wren,Thryomanes bewickii,2026-04-27T17:39:18Z,27-Apr-2026,10:39:18,0.89,1
Bewick's Wren,Thryomanes bewickii,2026-04-27T17:39:11Z,27-Apr-2026,10:39:11,0.96,1
Bewick's Wren,Thryomanes bewickii,2026-04-27T17:39:04Z,27-Apr-2026,10:39:04,0.91,1
Bewick's Wren,Thryomanes bewickii,2026-04-27T17:38:57Z,27-Apr-2026,10:38:57,0.75,1
Bewick's Wren,Thryomanes bewickii,2026-04-27T17:38:50Z,27-Apr-2026,10:38:50,0.82,1
Bewick's Wren,Thryomanes bewickii,2026-04-27T17:38:42Z,27-Apr-2026,10:38:42,0.85,1
Bewick's Wren,Thryomanes bewickii,2026-04-27T17:38:35Z,27-Apr-2026,10:38:35,0.88,1
Bewick's Wren,Thryomanes bewickii,2026-04-27T17:38:27Z,27-Apr-2026,10:38:27,0.94,1
Bewick's Wren,Thryomanes bewickii,2026-04-27T17:38:10Z,27-Apr-2026,10:38:10,0.82,1
Bewick's Wren,Thryomanes bewickii,2026-04-27T17:38:04Z,27-Apr-2026,10:38:04,0.75,1
Bewick's Wren,Thryomanes bewickii,2026-04-27T17:37:53Z,27-Apr-2026,10:37:53,0.67,1
Bewick's Wren,Thryomanes bewickii,2026-04-27T17:37:46Z,27-Apr-2026,10:37:46,0.97,1
Bewick's Wren,Thryomanes bewickii,2026-04-27T17:37:36Z,27-Apr-2026,10:37:36,0.97,1
Bewick's Wren,Thryomanes bewickii,2026-04-27T17:37:22Z,27-Apr-2026,10:37:22,0.89,1
Bewick's Wren,Thryomanes bewickii,2026-04-27T17:37:01Z,27-Apr-2026,10:37:01,0.95,1
Bewick's Wren,Thryomanes bewickii,2026-04-27T17:36:54Z,27-Apr-2026,10:36:54,0.44,1
Bewick's Wren,Thryomanes bewickii,2026-04-27T17:36:46Z,27-Apr-2026,10:36:46,0.69,1
Bewick's Wren,Thryomanes bewickii,2026-04-27T17:36:29Z,27-Apr-2026,10:36:29,0.9,1
Bewick's Wren,Thryomanes bewickii,2026-04-27T17:36:06Z,27-Apr-2026,10:36:06,0.94,1
Bewick's Wren,Thryomanes bewickii,2026-04-27T17:35:56Z,27-Apr-2026,10:35:56,0.94,1
Bewick's Wren,Thryomanes bewickii,2026-04-27T17:35:49Z,27-Apr-2026,10:35:49,0.98,1
Bewick's Wren,Thryomanes bewickii,2026-04-27T17:35:35Z,27-Apr-2026,10:35:35,0.29,1
Bewick's Wren,Thryomanes bewickii,2026-04-27T17:35:19Z,27-Apr-2026,10:35:19,0.92,1
Bewick's Wren,Thryomanes bewickii,2026-04-27T17:35:11Z,27-Apr-2026,10:35:11,0.79,1
Bewick's Wren,Thryomanes bewickii,2026-04-27T17:35:05Z,27-Apr-2026,10:35:05,0.99,1
Bewick's Wren,Thryomanes bewickii,2026-04-27T17:34:57Z,27-Apr-2026,10:34:57,0.99,1
Bewick's Wren,Thryomanes bewickii,2026-04-27T17:34:48Z,27-Apr-2026,10:34:48,0.89,1
Bewick's Wren,Thryomanes bewickii,2026-04-27T17:34:39Z,27-Apr-2026,10:34:39,0.94,1
Bewick's Wren,Thryomanes bewickii,2026-04-27T17:31:07Z,27-Apr-2026,10:31:07,0.99,1
Bewick's Wren,Thryomanes bewickii,2026-04-27T17:31:01Z,27-Apr-2026,10:31:01,0.98,1
Bewick's Wren,Thryomanes bewickii,2026-04-27T17:30:37Z,27-Apr-2026,10:30:37,0.99,1
Bewick's Wren,Thryomanes bewickii,2026-04-27T17:30:27Z,27-Apr-2026,10:30:27,0.98,1
Bewick's Wren,Thryomanes bewickii,2026-04-27T17:27:30Z,27-Apr-2026,10:27:30,0.29,1
Dark-eyed Junco,Junco hyemalis,2026-04-27T17:18:13Z,27-Apr-2026,10:18:13,0.8,1
House Finch,Haemorhous mexicanus,2026-04-27T17:16:25Z,27-Apr-2026,10:16:25,0.3,1
House Finch,Haemorhous mexicanus,2026-04-27T17:15:55Z,27-Apr-2026,10:15:55,0.3,1
House Finch,Haemorhous mexicanus,2026-04-27T17:15:24Z,27-Apr-2026,10:15:24,0.8157,4
House Finch,Haemorhous mexicanus,2026-04-27T17:15:07Z,27-Apr-2026,10:15:07,0.29,1
House Finch,Haemorhous mexicanus,2026-04-27T17:14:59Z,27-Apr-2026,10:14:59,0.29,1
House Finch,Haemorhous mexicanus,2026-04-27T17:14:19Z,27-Apr-2026,10:14:19,0.8863,2
House Finch,Haemorhous mexicanus,2026-04-27T17:13:25Z,27-Apr-2026,10:13:25,0.37,1
House Finch,Haemorhous mexicanus,2026-04-27T17:11:30Z,27-Apr-2026,10:11:30,0.29,1
House Finch,Haemorhous mexicanus,2026-04-27T17:11:23Z,27-Apr-2026,10:11:23,0.8157,1
House Finch,Haemorhous mexicanus,2026-04-27T17:11:19Z,27-Apr-2026,10:11:19,0.34,1
House Finch,Haemorhous mexicanus,2026-04-27T17:08:39Z,27-Apr-2026,10:08:39,0.44,1
House Finch,Haemorhous mexicanus,2026-04-27T17:08:24Z,27-Apr-2026,10:08:24,0.7804,1
House Finch,Haemorhous mexicanus,2026-04-27T17:06:17Z,27-Apr-2026,10:06:17,0.34,1
Black-capped Chickadee,Poecile atricapillus,2026-04-27T17:06:13Z,27-Apr-2026,10:06:13,0.898,1
Bewick's Wren,Thryomanes bewickii,2026-04-27T17:01:35Z,27-Apr-2026,10:01:35,0.29,1
Bewick's Wren,Thryomanes bewickii,2026-04-27T17:01:19Z,27-Apr-2026,10:01:19,0.84,1
Bewick's Wren,Thryomanes bewickii,2026-04-27T17:01:07Z,27-Apr-2026,10:01:07,0.99,1
Bewick's Wren,Thryomanes bewickii,2026-04-27T17:00:55Z,27-Apr-2026,10:00:55,0.64,1
Bewick's Wren,Thryomanes bewickii,2026-04-27T17:00:13Z,27-Apr-2026,10:00:13,0.46,1
Bewick's Wren,Thryomanes bewickii,2026-04-27T17:00:01Z,27-Apr-2026,10:00:01,0.9,1
Bewick's Wren,Thryomanes bewickii,2026-04-27T16:59:53Z,27-Apr-2026,09:59:53,0.53,1
Bewick's Wren,Thryomanes bewickii,2026-04-27T16:59:42Z,27-Apr-2026,09:59:42,0.94,1
Bewick's Wren,Thryomanes bewickii,2026-04-27T16:59:35Z,27-Apr-2026,09:59:35,0.89,1
Bewick's Wren,Thryomanes bewickii,2026-04-27T16:59:27Z,27-Apr-2026,09:59:27,0.73,1
Bewick's Wren,Thryomanes bewickii,2026-04-27T16:59:20Z,27-Apr-2026,09:59:20,0.98,1
Bewick's Wren,Thryomanes bewickii,2026-04-27T16:59:12Z,27-Apr-2026,09:59:12,0.98,1
Bewick's Wren,Thryomanes bewickii,2026-04-27T16:59:04Z,27-Apr-2026,09:59:04,0.95,1
Bewick's Wren,Thryomanes bewickii,2026-04-27T16:58:59Z,27-Apr-2026,09:58:59,0.99,1
Bewick's Wren,Thryomanes bewickii,2026-04-27T16:58:35Z,27-Apr-2026,09:58:35,0.98,1
Bewick's Wren,Thryomanes bewickii,2026-04-27T16:58:25Z,27-Apr-2026,09:58:25,0.78,1
Bewick's Wren,Thryomanes bewickii,2026-04-27T16:58:10Z,27-Apr-2026,09:58:10,0.83,1
Bewick's Wren,Thryomanes bewickii,2026-04-27T16:58:02Z,27-Apr-2026,09:58:02,0.93,1
Bewick's Wren,Thryomanes bewickii,2026-04-27T16:57:54Z,27-Apr-2026,09:57:54,0.79,1
Bewick's Wren,Thryomanes bewickii,2026-04-27T16:57:16Z,27-Apr-2026,09:57:16,0.9,1
Bewick's Wren,Thryomanes bewickii,2026-04-27T16:56:57Z,27-Apr-2026,09:56:57,0.83,1
Bewick's Wren,Thryomanes bewickii,2026-04-27T16:56:49Z,27-Apr-2026,09:56:49,0.84,1
Bewick's Wren,Thryomanes bewickii,2026-04-27T16:56:40Z,27-Apr-2026,09:56:40,0.89,1
Bewick's Wren,Thryomanes bewickii,2026-04-27T16:56:18Z,27-Apr-2026,09:56:18,0.89,1
Bewick's Wren,Thryomanes bewickii,2026-04-27T16:56:12Z,27-Apr-2026,09:56:12,0.9,1
Bewick's Wren,Thryomanes bewickii,2026-04-27T16:56:01Z,27-Apr-2026,09:56:01,0.97,1
European Starling,Sturnus vulgaris,2026-04-27T16:55:54Z,27-Apr-2026,09:55:54,0.35,1
Bewick's Wren,Thryomanes bewickii,2026-04-27T16:55:46Z,27-Apr-2026,09:55:46,0.97,1
Bewick's Wren,Thryomanes bewickii,2026-04-27T16:55:40Z,27-Apr-2026,09:55:40,0.97,1
Bewick's Wren,Thryomanes bewickii,2026-04-27T16:55:32Z,27-Apr-2026,09:55:32,0.26,1
Bewick's Wren,Thryomanes bewickii,2026-04-27T16:55:25Z,27-Apr-2026,09:55:25,0.97,1
Bewick's Wren,Thryomanes bewickii,2026-04-27T16:55:10Z,27-Apr-2026,09:55:10,0.32,1
Bewick's Wren,Thryomanes bewickii,2026-04-27T16:54:42Z,27-Apr-2026,09:54:42,0.58,1
Bewick's Wren,Thryomanes bewickii,2026-04-27T16:54:35Z,27-Apr-2026,09:54:35,0.62,1
Bewick's Wren,Thryomanes bewickii,2026-04-27T16:54:20Z,27-Apr-2026,09:54:20,0.76,1
Bewick's Wren,Thryomanes bewickii,2026-04-27T16:54:10Z,27-Apr-2026,09:54:10,0.95,1
Bewick's Wren,Thryomanes bewickii,2026-04-27T16:54:00Z,27-Apr-2026,09:54:00,0.91,1
Bewick's Wren,Thryomanes bewickii,2026-04-27T16:53:46Z,27-Apr-2026,09:53:46,0.95,1
Bewick's Wren,Thryomanes bewickii,2026-04-27T16:53:40Z,27-Apr-2026,09:53:40,0.93,1
Bewick's Wren,Thryomanes bewickii,2026-04-27T16:53:33Z,27-Apr-2026,09:53:33,0.81,1
Bewick's Wren,Thryomanes bewickii,2026-04-27T16:53:25Z,27-Apr-2026,09:53:25,0.86,1
Bewick's Wren,Thryomanes bewickii,2026-04-27T16:53:18Z,27-Apr-2026,09:53:18,0.94,1
Bewick's Wren,Thryomanes bewickii,2026-04-27T16:53:10Z,27-Apr-2026,09:53:10,0.92,1
Bewick's Wren,Thryomanes bewickii,2026-04-27T16:52:48Z,27-Apr-2026,09:52:48,0.9,1
Bewick's Wren,Thryomanes bewickii,2026-04-27T16:51:55Z,27-Apr-2026,09:51:55,0.96,1
Bewick's Wren,Thryomanes bewickii,2026-04-27T16:51:48Z,27-Apr-2026,09:51:48,0.39,1
Bewick's Wren,Thryomanes bewickii,2026-04-27T16:51:33Z,27-Apr-2026,09:51:33,0.88,1
Bewick's Wren,Thryomanes bewickii,2026-04-27T16:51:25Z,27-Apr-2026,09:51:25,0.91,1
Bewick's Wren,Thryomanes bewickii,2026-04-27T16:51:13Z,27-Apr-2026,09:51:13,0.89,1
Bewick's Wren,Thryomanes bewickii,2026-04-27T16:51:03Z,27-Apr-2026,09:51:03,0.91,1
Bewick's Wren,Thryomanes bewickii,2026-04-27T16:50:55Z,27-Apr-2026,09:50:55,0.99,1
Bewick's Wren,Thryomanes bewickii,2026-04-27T16:50:38Z,27-Apr-2026,09:50:38,0.9,1
Bewick's Wren,Thryomanes bewickii,2026-04-27T16:50:31Z,27-Apr-2026,09:50:31,0.83,1
Bewick's Wren,Thryomanes bewickii,2026-04-27T16:50:10Z,27-Apr-2026,09:50:10,0.52,1
Bewick's Wren,Thryomanes bewickii,2026-04-27T16:49:52Z,27-Apr-2026,09:49:52,0.94,1
Bewick's Wren,Thryomanes bewickii,2026-04-27T16:49:37Z,27-Apr-2026,09:49:37,0.98,1
Bewick's Wren,Thryomanes bewickii,2026-04-27T16:49:31Z,27-Apr-2026,09:49:31,0.9,1
Bewick's Wren,Thryomanes bewickii,2026-04-27T16:49:23Z,27-Apr-2026,09:49:23,0.98,1
House Finch,Haemorhous mexicanus,2026-04-27T16:48:54Z,27-Apr-2026,09:48:54,0.4,1
House Finch,Haemorhous mexicanus,2026-04-27T16:47:41Z,27-Apr-2026,09:47:41,0.8314,1
Orange-crowned Warbler,Leiothlypis celata,2026-04-27T16:44:55Z,27-Apr-2026,09:44:55,0.59,1
Chestnut-backed Chickadee,Poecile rufescens,2026-04-27T16:42:45Z,27-Apr-2026,09:42:45,0.9804,4
Chestnut-backed Chickadee,Poecile rufescens,2026-04-27T16:40:39Z,27-Apr-2026,09:40:39,0.9333,4
American Crow,Corvus brachyrhynchos,2026-04-27T16:40:20Z,27-Apr-2026,09:40:20,0.43,1
American Crow,Corvus brachyrhynchos,2026-04-27T16:39:26Z,27-Apr-2026,09:39:26,0.26,1
American Crow,Corvus brachyrhynchos,2026-04-27T16:39:21Z,27-Apr-2026,09:39:21,0.8,1
Chestnut-backed Chickadee,Poecile rufescens,2026-04-27T16:38:53Z,27-Apr-2026,09:38:53,0.44,1
Chestnut-backed Chickadee,Poecile rufescens,2026-04-27T16:38:10Z,27-Apr-2026,09:38:10,0.949,1
House Finch,Haemorhous mexicanus,2026-04-27T16:36:40Z,27-Apr-2026,09:36:40,0.35,1
Black-capped Chickadee,Poecile atricapillus,2026-04-27T16:35:53Z,27-Apr-2026,09:35:53,0.7804,1
Chestnut-backed Chickadee,Poecile rufescens,2026-04-27T16:31:14Z,27-Apr-2026,09:31:14,0.9569,5
Dark-eyed Junco,Junco hyemalis,2026-04-27T16:30:56Z,27-Apr-2026,09:30:56,0.39,1
Chestnut-backed Chickadee,Poecile rufescens,2026-04-27T16:30:02Z,27-Apr-2026,09:30:02,0.9333,5
Chestnut-backed Chickadee,Poecile rufescens,2026-04-27T16:29:55Z,27-Apr-2026,09:29:55,0.39,1
Chestnut-backed Chickadee,Poecile rufescens,2026-04-27T16:28:57Z,27-Apr-2026,09:28:57,0.9647,8
Chestnut-backed Chickadee,Poecile rufescens,2026-04-27T16:27:38Z,27-Apr-2026,09:27:38,0.5,1
Chestnut-backed Chickadee,Poecile rufescens,2026-04-27T16:27:12Z,27-Apr-2026,09:27:12,0.9529,3
Bewick's Wren,Thryomanes bewickii,2026-04-27T16:26:52Z,27-Apr-2026,09:26:52,0.27,1
Chestnut-backed Chickadee,Poecile rufescens,2026-04-27T16:26:03Z,27-Apr-2026,09:26:03,0.9765,7
Chestnut-backed Chickadee,Poecile rufescens,2026-04-27T16:24:58Z,27-Apr-2026,09:24:58,0.9098,4
House Finch,Haemorhous mexicanus,2026-04-27T16:23:44Z,27-Apr-2026,09:23:44,0.39,1
Chestnut-backed Chickadee,Poecile rufescens,2026-04-27T16:23:37Z,27-Apr-2026,09:23:37,0.8745,7
Chestnut-backed Chickadee,Poecile rufescens,2026-04-27T16:22:55Z,27-Apr-2026,09:22:55,0.41,1
Chestnut-backed Chickadee,Poecile rufescens,2026-04-27T16:22:35Z,27-Apr-2026,09:22:35,0.7804,1
Black-capped Chickadee,Poecile atricapillus,2026-04-27T16:13:24Z,27-Apr-2026,09:13:24,0.898,1
Bewick's Wren,Thryomanes bewickii,2026-04-27T16:11:41Z,27-Apr-2026,09:11:41,0.49,1
Bewick's Wren,Thryomanes bewickii,2026-04-27T16:11:17Z,27-Apr-2026,09:11:17,0.48,1
Bewick's Wren,Thryomanes bewickii,2026-04-27T16:10:58Z,27-Apr-2026,09:10:58,0.82,1
Chestnut-backed Chickadee,Poecile rufescens,2026-04-27T16:09:22Z,27-Apr-2026,09:09:22,0.8157,1
Chestnut-backed Chickadee,Poecile rufescens,2026-04-27T16:08:19Z,27-Apr-2026,09:08:19,0.53,1
Bewick's Wren,Thryomanes bewickii,2026-04-27T16:07:11Z,27-Apr-2026,09:07:11,0.68,1
House Finch,Haemorhous mexicanus,2026-04-27T16:03:42Z,27-Apr-2026,09:03:42,0.4,1
Bewick's Wren,Thryomanes bewickii,2026-04-27T15:57:47Z,27-Apr-2026,08:57:47,0.27,1
Black-capped Chickadee,Poecile atricapillus,2026-04-27T15:55:51Z,27-Apr-2026,08:55:51,0.8627,1
House Finch,Haemorhous mexicanus,2026-04-27T15:53:12Z,27-Apr-2026,08:53:12,0.8314,1
Downy Woodpecker,Dryobates pubescens,2026-04-27T15:50:44Z,27-Apr-2026,08:50:44,0.31,1
Chestnut-backed Chickadee,Poecile rufescens,2026-04-27T15:49:19Z,27-Apr-2026,08:49:19,0.9804,2
Chestnut-backed Chickadee,Poecile rufescens,2026-04-27T15:48:01Z,27-Apr-2026,08:48:01,0.8157,2
Bewick's Wren,Thryomanes bewickii,2026-04-27T15:47:35Z,27-Apr-2026,08:47:35,0.54,1
House Finch,Haemorhous mexicanus,2026-04-27T15:46:25Z,27-Apr-2026,08:46:25,0.7804,1
Chestnut-backed Chickadee,Poecile rufescens,2026-04-27T15:46:02Z,27-Apr-2026,08:46:02,0.949,4
Chestnut-backed Chickadee,Poecile rufescens,2026-04-27T15:44:57Z,27-Apr-2026,08:44:57,0.8471,2
Black-capped Chickadee,Poecile atricapillus,2026-04-27T15:44:52Z,27-Apr-2026,08:44:52,0.8863,2
Black-capped Chickadee,Poecile atricapillus,2026-04-27T15:44:48Z,27-Apr-2026,08:44:48,0.52,1
Chestnut-backed Chickadee,Poecile rufescens,2026-04-27T15:43:41Z,27-Apr-2026,08:43:41,0.9529,1
Northern Flicker,Colaptes auratus,2026-04-27T15:41:48Z,27-Apr-2026,08:41:48,0.33,1
Chestnut-backed Chickadee,Poecile rufescens,2026-04-27T15:41:43Z,27-Apr-2026,08:41:43,0.9529,1
Black-capped Chickadee,Poecile atricapillus,2026-04-27T15:39:48Z,27-Apr-2026,08:39:48,0.8,1
Chestnut-backed Chickadee,Poecile rufescens,2026-04-27T15:39:30Z,27-Apr-2026,08:39:30,0.8471,5
Chestnut-backed Chickadee,Poecile rufescens,2026-04-27T15:39:22Z,27-Apr-2026,08:39:22,0.36,1
Chestnut-backed Chickadee,Poecile rufescens,2026-04-27T15:39:12Z,27-Apr-2026,08:39:12,0.56,1
Bewick's Wren,Thryomanes bewickii,2026-04-27T15:38:31Z,27-Apr-2026,08:38:31,0.79,1
Chestnut-backed Chickadee,Poecile rufescens,2026-04-27T15:38:21Z,27-Apr-2026,08:38:21,0.9255,2
Bewick's Wren,Thryomanes bewickii,2026-04-27T15:37:25Z,27-Apr-2026,08:37:25,0.54,1
Black-capped Chickadee,Poecile atricapillus,2026-04-27T15:37:21Z,27-Apr-2026,08:37:21,0.8,1
Bewick's Wren,Thryomanes bewickii,2026-04-27T15:36:51Z,27-Apr-2026,08:36:51,0.28,1
Bewick's Wren,Thryomanes bewickii,2026-04-27T15:35:59Z,27-Apr-2026,08:35:59,0.49,1
Chestnut-backed Chickadee,Poecile rufescens,2026-04-27T15:35:40Z,27-Apr-2026,08:35:40,0.8,1
Chestnut-backed Chickadee,Poecile rufescens,2026-04-27T15:35:28Z,27-Apr-2026,08:35:28,0.81,1
Chestnut-backed Chickadee,Poecile rufescens,2026-04-27T15:35:25Z,27-Apr-2026,08:35:25,0.9098,4
Bewick's Wren,Thryomanes bewickii,2026-04-27T15:35:18Z,27-Apr-2026,08:35:18,0.65,1
House Finch,Haemorhous mexicanus,2026-04-27T15:35:05Z,27-Apr-2026,08:35:05,0.9098,1
Chestnut-backed Chickadee,Poecile rufescens,2026-04-27T15:34:16Z,27-Apr-2026,08:34:16,0.8314,1
Black-capped Chickadee,Poecile atricapillus,2026-04-27T15:33:28Z,27-Apr-2026,08:33:28,0.52,1
Black-capped Chickadee,Poecile atricapillus,2026-04-27T15:33:24Z,27-Apr-2026,08:33:24,0.9098,1
House Finch,Haemorhous mexicanus,2026-04-27T15:33:17Z,27-Apr-2026,08:33:17,0.35,1
Chestnut-backed Chickadee,Poecile rufescens,2026-04-27T15:32:24Z,27-Apr-2026,08:32:24,0.898,1
House Finch,Haemorhous mexicanus,2026-04-27T15:32:07Z,27-Apr-2026,08:32:07,0.74,1
Black-capped Chickadee,Poecile atricapillus,2026-04-27T15:31:47Z,27-Apr-2026,08:31:47,0.8314,1
House Finch,Haemorhous mexicanus,2026-04-27T15:31:27Z,27-Apr-2026,08:31:27,0.8863,1
Chestnut-backed Chickadee,Poecile rufescens,2026-04-27T15:30:29Z,27-Apr-2026,08:30:29,0.9098,6
Bewick's Wren,Thryomanes bewickii,2026-04-27T15:29:43Z,27-Apr-2026,08:29:43,0.5,1
Chestnut-backed Chickadee,Poecile rufescens,2026-04-27T15:29:23Z,27-Apr-2026,08:29:23,0.8,4
Bewick's Wren,Thryomanes bewickii,2026-04-27T15:29:20Z,27-Apr-2026,08:29:20,0.81,1
House Finch,Haemorhous mexicanus,2026-04-27T15:28:35Z,27-Apr-2026,08:28:35,0.34,1
House Finch,Haemorhous mexicanus,2026-04-27T15:28:27Z,27-Apr-2026,08:28:27,0.56,1
Chestnut-backed Chickadee,Poecile rufescens,2026-04-27T15:28:14Z,27-Apr-2026,08:28:14,0.8,3
House Finch,Haemorhous mexicanus,2026-04-27T15:28:03Z,27-Apr-2026,08:28:03,0.47,1
House Finch,Haemorhous mexicanus,2026-04-27T15:27:46Z,27-Apr-2026,08:27:46,0.29,1
House Finch,Haemorhous mexicanus,2026-04-27T15:27:25Z,27-Apr-2026,08:27:25,0.8157,4
Chestnut-backed Chickadee,Poecile rufescens,2026-04-27T15:27:11Z,27-Apr-2026,08:27:11,0.898,1
House Finch,Haemorhous mexicanus,2026-04-27T15:26:49Z,27-Apr-2026,08:26:49,0.48,1
House Finch,Haemorhous mexicanus,2026-04-27T15:26:14Z,27-Apr-2026,08:26:14,0.7804,1
Chestnut-backed Chickadee,Poecile rufescens,2026-04-27T15:25:47Z,27-Apr-2026,08:25:47,0.898,5
Bewick's Wren,Thryomanes bewickii,2026-04-27T15:25:43Z,27-Apr-2026,08:25:43,0.65,1
Chestnut-backed Chickadee,Poecile rufescens,2026-04-27T15:25:16Z,27-Apr-2026,08:25:16,0.95,1
Bewick's Wren,Thryomanes bewickii,2026-04-27T15:24:34Z,27-Apr-2026,08:24:34,0.27,1
Chestnut-backed Chickadee,Poecile rufescens,2026-04-27T15:24:27Z,27-Apr-2026,08:24:27,0.9333,1
Bewick's Wren,Thryomanes bewickii,2026-04-27T15:23:44Z,27-Apr-2026,08:23:44,0.26,1
House Finch,Haemorhous mexicanus,2026-04-27T15:22:39Z,27-Apr-2026,08:22:39,0.8314,1
Bewick's Wren,Thryomanes bewickii,2026-04-27T15:21:54Z,27-Apr-2026,08:21:54,0.54,1
Black-capped Chickadee,Poecile atricapillus,2026-04-27T15:21:29Z,27-Apr-2026,08:21:29,0.8157,1
Bewick's Wren,Thryomanes bewickii,2026-04-27T15:17:40Z,27-Apr-2026,08:17:40,0.48,1
American Robin,Turdus migratorius,2026-04-27T15:16:55Z,27-Apr-2026,08:16:55,0.35,1
Bewick's Wren,Thryomanes bewickii,2026-04-27T15:15:57Z,27-Apr-2026,08:15:57,0.34,1
American Robin,Turdus migratorius,2026-04-27T15:15:52Z,27-Apr-2026,08:15:52,0.8627,1
House Finch,Haemorhous mexicanus,2026-04-27T15:13:03Z,27-Apr-2026,08:13:03,0.26,1
Chestnut-backed Chickadee,Poecile rufescens,2026-04-27T15:09:56Z,27-Apr-2026,08:09:56,0.8314,1
Bewick's Wren,Thryomanes bewickii,2026-04-27T15:02:26Z,27-Apr-2026,08:02:26,0.37,1
Bewick's Wren,Thryomanes bewickii,2026-04-27T15:01:56Z,27-Apr-2026,08:01:56,0.27,1
Bewick's Wren,Thryomanes bewickii,2026-04-27T14:56:49Z,27-Apr-2026,07:56:49,0.26,1
Black-capped Chickadee,Poecile atricapillus,2026-04-27T14:56:26Z,27-Apr-2026,07:56:26,0.7804,1
Black-capped Chickadee,Poecile atricapillus,2026-04-27T14:55:07Z,27-Apr-2026,07:55:07,0.9176,1
Chestnut-backed Chickadee,Poecile rufescens,2026-04-27T14:52:46Z,27-Apr-2026,07:52:46,0.36,1
Dark-eyed Junco,Junco hyemalis,2026-04-27T14:50:21Z,27-Apr-2026,07:50:21,0.8,1
House Finch,Haemorhous mexicanus,2026-04-27T14:50:06Z,27-Apr-2026,07:50:06,0.42,1
Anna's Hummingbird,Calypte anna,2026-04-27T14:49:52Z,27-Apr-2026,07:49:52,0.8314,1
Chestnut-backed Chickadee,Poecile rufescens,2026-04-27T14:48:45Z,27-Apr-2026,07:48:45,0.8471,1
Steller's Jay,Cyanocitta stelleri,2026-04-27T14:48:08Z,27-Apr-2026,07:48:08,0.8745,1
Black-capped Chickadee,Poecile atricapillus,2026-04-27T14:46:47Z,27-Apr-2026,07:46:47,0.8745,1
Chestnut-backed Chickadee,Poecile rufescens,2026-04-27T14:44:29Z,27-Apr-2026,07:44:29,0.54,1
Chestnut-backed Chickadee,Poecile rufescens,2026-04-27T14:44:16Z,27-Apr-2026,07:44:16,0.52,1
Chestnut-backed Chickadee,Poecile rufescens,2026-04-27T14:43:34Z,27-Apr-2026,07:43:34,0.9843,5
Chestnut-backed Chickadee,Poecile rufescens,2026-04-27T14:42:21Z,27-Apr-2026,07:42:21,0.9569,3
Chestnut-backed Chickadee,Poecile rufescens,2026-04-27T14:41:59Z,27-Apr-2026,07:41:59,0.27,1
Chestnut-backed Chickadee,Poecile rufescens,2026-04-27T14:41:52Z,27-Apr-2026,07:41:52,0.53,1
Chestnut-backed Chickadee,Poecile rufescens,2026-04-27T14:41:29Z,27-Apr-2026,07:41:29,0.46,1
Chestnut-backed Chickadee,Poecile rufescens,2026-04-27T14:41:18Z,27-Apr-2026,07:41:18,0.5,1
Chestnut-backed Chickadee,Poecile rufescens,2026-04-27T14:41:14Z,27-Apr-2026,07:41:14,0.9529,6
Chestnut-backed Chickadee,Poecile rufescens,2026-04-27T14:40:04Z,27-Apr-2026,07:40:04,0.8627,1
Black-capped Chickadee,Poecile atricapillus,2026-04-27T14:39:54Z,27-Apr-2026,07:39:54,0.8627,5
Black-capped Chickadee,Poecile atricapillus,2026-04-27T14:39:33Z,27-Apr-2026,07:39:33,0.67,1
Black-capped Chickadee,Poecile atricapillus,2026-04-27T14:38:44Z,27-Apr-2026,07:38:44,0.8,1
Black-throated Gray Warbler,Setophaga nigrescens,2026-04-27T14:37:11Z,27-Apr-2026,07:37:11,0.66,1
Black-throated Gray Warbler,Setophaga nigrescens,2026-04-27T14:37:04Z,27-Apr-2026,07:37:04,0.38,1
Black-throated Gray Warbler,Setophaga nigrescens,2026-04-27T14:36:49Z,27-Apr-2026,07:36:49,0.57,1
American Robin,Turdus migratorius,2026-04-27T14:34:09Z,27-Apr-2026,07:34:09,0.8,1
Black-capped Chickadee,Poecile atricapillus,2026-04-27T14:33:56Z,27-Apr-2026,07:33:56,0.35,1
Black-capped Chickadee,Poecile atricapillus,2026-04-27T14:33:46Z,27-Apr-2026,07:33:46,0.7804,1
Anna's Hummingbird,Calypte anna,2026-04-27T14:33:01Z,27-Apr-2026,07:33:01,0.26,1
Black-capped Chickadee,Poecile atricapillus,2026-04-27T14:24:20Z,27-Apr-2026,07:24:20,0.8627,1
House Finch,Haemorhous mexicanus,2026-04-27T14:23:47Z,27-Apr-2026,07:23:47,0.8,1
Downy Woodpecker,Dryobates pubescens,2026-04-27T14:17:41Z,27-Apr-2026,07:17:41,0.32,1
Black-capped Chickadee,Poecile atricapillus,2026-04-27T14:17:36Z,27-Apr-2026,07:17:36,0.8,1
Bewick's Wren,Thryomanes bewickii,2026-04-27T14:17:18Z,27-Apr-2026,07:17:18,0.27,1
Black-capped Chickadee,Poecile atricapillus,2026-04-27T14:16:04Z,27-Apr-2026,07:16:04,0.8157,1
House Finch,Haemorhous mexicanus,2026-04-27T14:15:47Z,27-Apr-2026,07:15:47,0.8157,1
Black-capped Chickadee,Poecile atricapillus,2026-04-27T14:11:03Z,27-Apr-2026,07:11:03,0.42,1
Black-capped Chickadee,Poecile atricapillus,2026-04-27T14:10:49Z,27-Apr-2026,07:10:49,0.9098,3
Black-capped Chickadee,Poecile atricapillus,2026-04-27T14:10:42Z,27-Apr-2026,07:10:42,0.27,1
Black-capped Chickadee,Poecile atricapillus,2026-04-27T14:09:38Z,27-Apr-2026,07:09:38,0.48,1
Black-capped Chickadee,Poecile atricapillus,2026-04-27T14:09:34Z,27-Apr-2026,07:09:34,0.8745,5
Black-capped Chickadee,Poecile atricapillus,2026-04-27T14:08:26Z,27-Apr-2026,07:08:26,0.8745,1
House Finch,Haemorhous mexicanus,2026-04-27T14:03:44Z,27-Apr-2026,07:03:44,0.45,1
Black-capped Chickadee,Poecile atricapillus,2026-04-27T14:02:48Z,27-Apr-2026,07:02:48,0.898,1
House Finch,Haemorhous mexicanus,2026-04-27T14:01:01Z,27-Apr-2026,07:01:01,0.36,1
House Finch,Haemorhous mexicanus,2026-04-27T13:58:55Z,27-Apr-2026,06:58:55,0.8471,2
Bewick's Wren,Thryomanes bewickii,2026-04-27T13:58:48Z,27-Apr-2026,06:58:48,0.37,1
Bewick's Wren,Thryomanes bewickii,2026-04-27T13:58:41Z,27-Apr-2026,06:58:41,0.35,1
House Finch,Haemorhous mexicanus,2026-04-27T13:58:11Z,27-Apr-2026,06:58:11,0.45,1
House Finch,Haemorhous mexicanus,2026-04-27T13:57:55Z,27-Apr-2026,06:57:55,0.26,1
House Finch,Haemorhous mexicanus,2026-04-27T13:57:11Z,27-Apr-2026,06:57:11,0.8314,1
Bewick's Wren,Thryomanes bewickii,2026-04-27T13:56:54Z,27-Apr-2026,06:56:54,0.46,1
Bewick's Wren,Thryomanes bewickii,2026-04-27T13:55:53Z,27-Apr-2026,06:55:53,0.57,1
Bewick's Wren,Thryomanes bewickii,2026-04-27T13:54:41Z,27-Apr-2026,06:54:41,0.3,1
House Finch,Haemorhous mexicanus,2026-04-27T13:53:46Z,27-Apr-2026,06:53:46,0.8,3
Bewick's Wren,Thryomanes bewickii,2026-04-27T13:52:41Z,27-Apr-2026,06:52:41,0.26,1
Bewick's Wren,Thryomanes bewickii,2026-04-27T13:51:36Z,27-Apr-2026,06:51:36,0.27,1
Chestnut-backed Chickadee,Poecile rufescens,2026-04-27T13:50:32Z,27-Apr-2026,06:50:32,0.8,3
House Finch,Haemorhous mexicanus,2026-04-27T13:50:25Z,27-Apr-2026,06:50:25,0.44,1
American Goldfinch,Spinus tristis,2026-04-27T13:49:48Z,27-Apr-2026,06:49:48,0.27,1
Chestnut-backed Chickadee,Poecile rufescens,2026-04-27T13:49:27Z,27-Apr-2026,06:49:27,0.7804,4
Chestnut-backed Chickadee,Poecile rufescens,2026-04-27T13:49:05Z,27-Apr-2026,06:49:05,0.54,1
Bewick's Wren,Thryomanes bewickii,2026-04-27T13:47:27Z,27-Apr-2026,06:47:27,0.36,1
Chestnut-backed Chickadee,Poecile rufescens,2026-04-27T13:47:02Z,27-Apr-2026,06:47:02,0.9255,1
Chestnut-backed Chickadee,Poecile rufescens,2026-04-27T13:46:37Z,27-Apr-2026,06:46:37,0.43,1
Bewick's Wren,Thryomanes bewickii,2026-04-27T13:46:16Z,27-Apr-2026,06:46:16,0.87,1
House Finch,Haemorhous mexicanus,2026-04-27T13:45:34Z,27-Apr-2026,06:45:34,0.898,1
Chestnut-backed Chickadee,Poecile rufescens,2026-04-27T13:45:05Z,27-Apr-2026,06:45:05,0.898,1
Bewick's Wren,Thryomanes bewickii,2026-04-27T13:44:21Z,27-Apr-2026,06:44:21,0.33,1
House Finch,Haemorhous mexicanus,2026-04-27T13:43:45Z,27-Apr-2026,06:43:45,0.8471,1
Bewick's Wren,Thryomanes bewickii,2026-04-27T13:43:23Z,27-Apr-2026,06:43:23,0.71,1
Bewick's Wren,Thryomanes bewickii,2026-04-27T13:41:46Z,27-Apr-2026,06:41:46,0.37,1
Bewick's Wren,Thryomanes bewickii,2026-04-27T13:41:01Z,27-Apr-2026,06:41:01,0.4,1
Bewick's Wren,Thryomanes bewickii,2026-04-27T13:40:47Z,27-Apr-2026,06:40:47,0.61,1
Black-capped Chickadee,Poecile atricapillus,2026-04-27T13:40:10Z,27-Apr-2026,06:40:10,0.8745,3
Black-capped Chickadee,Poecile atricapillus,2026-04-27T13:39:51Z,27-Apr-2026,06:39:51,0.41,1
Black-capped Chickadee,Poecile atricapillus,2026-04-27T13:39:44Z,27-Apr-2026,06:39:44,0.55,1
Black-capped Chickadee,Poecile atricapillus,2026-04-27T13:39:08Z,27-Apr-2026,06:39:08,0.36,1
Black-capped Chickadee,Poecile atricapillus,2026-04-27T13:39:04Z,27-Apr-2026,06:39:04,0.8,1
House Finch,Haemorhous mexicanus,2026-04-27T13:37:44Z,27-Apr-2026,06:37:44,0.8471,2
House Finch,Haemorhous mexicanus,2026-04-27T13:36:32Z,27-Apr-2026,06:36:32,0.66,1
House Finch,Haemorhous mexicanus,2026-04-27T13:36:22Z,27-Apr-2026,06:36:22,0.8863,1
House Finch,Haemorhous mexicanus,2026-04-27T13:36:18Z,27-Apr-2026,06:36:18,0.45,1
House Finch,Haemorhous mexicanus,2026-04-27T13:34:53Z,27-Apr-2026,06:34:53,0.41,1
House Finch,Haemorhous mexicanus,2026-04-27T13:34:26Z,27-Apr-2026,06:34:26,0.7804,2
House Finch,Haemorhous mexicanus,2026-04-27T13:32:44Z,27-Apr-2026,06:32:44,0.8157,4
House Finch,Haemorhous mexicanus,2026-04-27T13:30:58Z,27-Apr-2026,06:30:58,0.39,1
House Finch,Haemorhous mexicanus,2026-04-27T13:30:36Z,27-Apr-2026,06:30:36,0.8314,1
Bewick's Wren,Thryomanes bewickii,2026-04-27T13:28:52Z,27-Apr-2026,06:28:52,0.88,1
Bewick's Wren,Thryomanes bewickii,2026-04-27T13:28:02Z,27-Apr-2026,06:28:02,0.39,1
Black-capped Chickadee,Poecile atricapillus,2026-04-27T13:25:04Z,27-Apr-2026,06:25:04,0.31,1
Townsend's Warbler,Setophaga townsendi,2026-04-27T13:24:47Z,27-Apr-2026,06:24:47,0.34,1
Chestnut-backed Chickadee,Poecile rufescens,2026-04-27T13:24:02Z,27-Apr-2026,06:24:02,0.8627,6
Chestnut-backed Chickadee,Poecile rufescens,2026-04-27T13:23:34Z,27-Apr-2026,06:23:34,0.33,1
Chestnut-backed Chickadee,Poecile rufescens,2026-04-27T13:22:52Z,27-Apr-2026,06:22:52,0.9647,9
Chestnut-backed Chickadee,Poecile rufescens,2026-04-27T13:22:07Z,27-Apr-2026,06:22:07,0.62,1
Chestnut-backed Chickadee,Poecile rufescens,2026-04-27T13:21:34Z,27-Apr-2026,06:21:34,0.9176,1
Yellow-rumped Warbler,Setophaga coronata,2026-04-27T13:20:52Z,27-Apr-2026,06:20:52,0.3,1
Bewick's Wren,Thryomanes bewickii,2026-04-27T13:18:34Z,27-Apr-2026,06:18:34,0.32,1
Bewick's Wren,Thryomanes bewickii,2026-04-27T13:18:19Z,27-Apr-2026,06:18:19,0.39,1
Chestnut-backed Chickadee,Poecile rufescens,2026-04-27T13:11:14Z,27-Apr-2026,06:11:14,0.9255,5
Black-capped Chickadee,Poecile atricapillus,2026-04-27T13:08:39Z,27-Apr-2026,06:08:39,0.26,1
Chestnut-backed Chickadee,Poecile rufescens,2026-04-27T13:05:09Z,27-Apr-2026,06:05:09,0.9412,2
Black-capped Chickadee,Poecile atricapillus,2026-04-27T13:05:01Z,27-Apr-2026,06:05:01,0.27,1
Chestnut-backed Chickadee,Poecile rufescens,2026-04-27T13:04:25Z,27-Apr-2026,06:04:25,0.29,1
Chestnut-backed Chickadee,Poecile rufescens,2026-04-27T13:03:43Z,27-Apr-2026,06:03:43,0.9882,1
Bewick's Wren,Thryomanes bewickii,2026-04-27T12:59:11Z,27-Apr-2026,05:59:11,0.92,1
Bewick's Wren,Thryomanes bewickii,2026-04-27T12:59:03Z,27-Apr-2026,05:59:03,0.75,1
Song Sparrow,Melospiza melodia,2026-04-27T12:58:58Z,27-Apr-2026,05:58:58,0.898,1
Bewick's Wren,Thryomanes bewickii,2026-04-27T12:58:54Z,27-Apr-2026,05:58:54,0.63,1
Bewick's Wren,Thryomanes bewickii,2026-04-27T12:58:46Z,27-Apr-2026,05:58:46,0.83,1
Bewick's Wren,Thryomanes bewickii,2026-04-27T12:58:38Z,27-Apr-2026,05:58:38,0.88,1
Bewick's Wren,Thryomanes bewickii,2026-04-27T12:58:30Z,27-Apr-2026,05:58:30,0.95,1
Bewick's Wren,Thryomanes bewickii,2026-04-27T12:58:24Z,27-Apr-2026,05:58:24,0.78,1
Bewick's Wren,Thryomanes bewickii,2026-04-27T12:58:16Z,27-Apr-2026,05:58:16,0.94,1
Bewick's Wren,Thryomanes bewickii,2026-04-27T12:58:10Z,27-Apr-2026,05:58:10,0.89,1
Bewick's Wren,Thryomanes bewickii,2026-04-27T12:58:04Z,27-Apr-2026,05:58:04,0.49,1
Bewick's Wren,Thryomanes bewickii,2026-04-27T12:57:58Z,27-Apr-2026,05:57:58,0.76,1
Bewick's Wren,Thryomanes bewickii,2026-04-27T12:57:50Z,27-Apr-2026,05:57:50,0.81,1
Bewick's Wren,Thryomanes bewickii,2026-04-27T12:57:42Z,27-Apr-2026,05:57:42,0.78,1
Bewick's Wren,Thryomanes bewickii,2026-04-27T12:57:35Z,27-Apr-2026,05:57:35,0.45,1
Bewick's Wren,Thryomanes bewickii,2026-04-27T12:57:20Z,27-Apr-2026,05:57:20,0.81,1
Bewick's Wren,Thryomanes bewickii,2026-04-27T12:57:05Z,27-Apr-2026,05:57:05,0.88,1
Bewick's Wren,Thryomanes bewickii,2026-04-27T12:56:57Z,27-Apr-2026,05:56:57,0.67,1
Bewick's Wren,Thryomanes bewickii,2026-04-27T12:56:49Z,27-Apr-2026,05:56:49,0.81,1
Bewick's Wren,Thryomanes bewickii,2026-04-27T12:56:41Z,27-Apr-2026,05:56:41,0.81,1
Bewick's Wren,Thryomanes bewickii,2026-04-27T12:56:33Z,27-Apr-2026,05:56:33,0.59,1
Bewick's Wren,Thryomanes bewickii,2026-04-27T12:56:26Z,27-Apr-2026,05:56:26,0.61,1
Bewick's Wren,Thryomanes bewickii,2026-04-27T12:56:19Z,27-Apr-2026,05:56:19,0.46,1
Bewick's Wren,Thryomanes bewickii,2026-04-27T12:56:11Z,27-Apr-2026,05:56:11,0.97,1
Bewick's Wren,Thryomanes bewickii,2026-04-27T12:55:59Z,27-Apr-2026,05:55:59,0.77,1
Bewick's Wren,Thryomanes bewickii,2026-04-27T12:55:51Z,27-Apr-2026,05:55:51,0.66,1
Bewick's Wren,Thryomanes bewickii,2026-04-27T12:55:44Z,27-Apr-2026,05:55:44,0.66,1
Bewick's Wren,Thryomanes bewickii,2026-04-27T12:55:37Z,27-Apr-2026,05:55:37,0.88,1
Bewick's Wren,Thryomanes bewickii,2026-04-27T12:55:31Z,27-Apr-2026,05:55:31,0.94,1
Bewick's Wren,Thryomanes bewickii,2026-04-27T12:55:17Z,27-Apr-2026,05:55:17,0.99,1
Bewick's Wren,Thryomanes bewickii,2026-04-27T12:55:11Z,27-Apr-2026,05:55:11,0.89,1
Bewick's Wren,Thryomanes bewickii,2026-04-27T12:54:57Z,27-Apr-2026,05:54:57,0.82,1
Bewick's Wren,Thryomanes bewickii,2026-04-27T12:54:49Z,27-Apr-2026,05:54:49,0.9,1
Bewick's Wren,Thryomanes bewickii,2026-04-27T12:54:41Z,27-Apr-2026,05:54:41,0.68,1
Bewick's Wren,Thryomanes bewickii,2026-04-27T12:54:35Z,27-Apr-2026,05:54:35,0.9,1
Bewick's Wren,Thryomanes bewickii,2026-04-27T12:54:30Z,27-Apr-2026,05:54:30,0.91,1
Bewick's Wren,Thryomanes bewickii,2026-04-27T12:54:22Z,27-Apr-2026,05:54:22,0.97,1
Bewick's Wren,Thryomanes bewickii,2026-04-27T12:54:16Z,27-Apr-2026,05:54:16,0.99,1
Bewick's Wren,Thryomanes bewickii,2026-04-27T12:54:01Z,27-Apr-2026,05:54:01,0.66,1
Bewick's Wren,Thryomanes bewickii,2026-04-27T12:53:46Z,27-Apr-2026,05:53:46,0.9,1
Bewick's Wren,Thryomanes bewickii,2026-04-27T12:53:38Z,27-Apr-2026,05:53:38,0.99,1
Bewick's Wren,Thryomanes bewickii,2026-04-27T12:53:31Z,27-Apr-2026,05:53:31,0.53,1
Bewick's Wren,Thryomanes bewickii,2026-04-27T12:53:23Z,27-Apr-2026,05:53:23,0.97,1
Bewick's Wren,Thryomanes bewickii,2026-04-27T12:53:15Z,27-Apr-2026,05:53:15,0.98,1
Bewick's Wren,Thryomanes bewickii,2026-04-27T12:53:07Z,27-Apr-2026,05:53:07,0.94,1
Bewick's Wren,Thryomanes bewickii,2026-04-27T12:52:56Z,27-Apr-2026,05:52:56,0.98,1
Bewick's Wren,Thryomanes bewickii,2026-04-27T12:52:48Z,27-Apr-2026,05:52:48,0.84,1
Bewick's Wren,Thryomanes bewickii,2026-04-27T12:52:40Z,27-Apr-2026,05:52:40,0.97,1
Bewick's Wren,Thryomanes bewickii,2026-04-27T12:52:32Z,27-Apr-2026,05:52:32,0.81,1
Bewick's Wren,Thryomanes bewickii,2026-04-27T12:52:24Z,27-Apr-2026,05:52:24,0.99,1
Bewick's Wren,Thryomanes bewickii,2026-04-27T12:52:17Z,27-Apr-2026,05:52:17,0.87,1
Bewick's Wren,Thryomanes bewickii,2026-04-27T12:52:10Z,27-Apr-2026,05:52:10,0.97,1
Bewick's Wren,Thryomanes bewickii,2026-04-27T12:52:01Z,27-Apr-2026,05:52:01,0.86,1
Bewick's Wren,Thryomanes bewickii,2026-04-27T12:51:54Z,27-Apr-2026,05:51:54,0.78,1
Bewick's Wren,Thryomanes bewickii,2026-04-27T12:51:47Z,27-Apr-2026,05:51:47,0.97,1
Bewick's Wren,Thryomanes bewickii,2026-04-27T12:51:39Z,27-Apr-2026,05:51:39,0.86,1
Bewick's Wren,Thryomanes bewickii,2026-04-27T12:51:33Z,27-Apr-2026,05:51:33,0.88,1
Bewick's Wren,Thryomanes bewickii,2026-04-27T12:51:28Z,27-Apr-2026,05:51:28,0.35,1
Bewick's Wren,Thryomanes bewickii,2026-04-27T12:51:20Z,27-Apr-2026,05:51:20,0.86,1
Bewick's Wren,Thryomanes bewickii,2026-04-27T12:51:12Z,27-Apr-2026,05:51:12,0.94,1
Bewick's Wren,Thryomanes bewickii,2026-04-27T12:51:05Z,27-Apr-2026,05:51:05,0.99,1
Bewick's Wren,Thryomanes bewickii,2026-04-27T12:50:58Z,27-Apr-2026,05:50:58,0.91,1
Bewick's Wren,Thryomanes bewickii,2026-04-27T12:50:51Z,27-Apr-2026,05:50:51,0.7,1
Bewick's Wren,Thryomanes bewickii,2026-04-27T12:50:37Z,27-Apr-2026,05:50:37,0.28,1
Bewick's Wren,Thryomanes bewickii,2026-04-27T12:50:30Z,27-Apr-2026,05:50:30,0.98,1
Bewick's Wren,Thryomanes bewickii,2026-04-27T12:50:22Z,27-Apr-2026,05:50:22,0.82,1
Bewick's Wren,Thryomanes bewickii,2026-04-27T12:50:14Z,27-Apr-2026,05:50:14,0.95,1
Bewick's Wren,Thryomanes bewickii,2026-04-27T12:50:04Z,27-Apr-2026,05:50:04,0.84,1
Bewick's Wren,Thryomanes bewickii,2026-04-27T12:49:58Z,27-Apr-2026,05:49:58,0.27,1
Bewick's Wren,Thryomanes bewickii,2026-04-27T12:49:50Z,27-Apr-2026,05:49:50,0.98,1
Bewick's Wren,Thryomanes bewickii,2026-04-27T12:49:44Z,27-Apr-2026,05:49:44,0.9,1
Bewick's Wren,Thryomanes bewickii,2026-04-27T12:49:23Z,27-Apr-2026,05:49:23,0.99,1
Bewick's Wren,Thryomanes bewickii,2026-04-27T12:49:15Z,27-Apr-2026,05:49:15,0.98,1
Bewick's Wren,Thryomanes bewickii,2026-04-27T12:49:07Z,27-Apr-2026,05:49:07,0.41,1
Bewick's Wren,Thryomanes bewickii,2026-04-27T12:48:59Z,27-Apr-2026,05:48:59,0.55,1
Bewick's Wren,Thryomanes bewickii,2026-04-27T12:48:44Z,27-Apr-2026,05:48:44,0.43,1
Bewick's Wren,Thryomanes bewickii,2026-04-27T12:48:29Z,27-Apr-2026,05:48:29,0.39,1
Bewick's Wren,Thryomanes bewickii,2026-04-27T12:48:22Z,27-Apr-2026,05:48:22,0.79,1
Bewick's Wren,Thryomanes bewickii,2026-04-27T12:48:14Z,27-Apr-2026,05:48:14,0.95,1
Bewick's Wren,Thryomanes bewickii,2026-04-27T12:48:07Z,27-Apr-2026,05:48:07,0.93,1
Bewick's Wren,Thryomanes bewickii,2026-04-27T12:47:59Z,27-Apr-2026,05:47:59,0.51,1
Bewick's Wren,Thryomanes bewickii,2026-04-27T12:47:52Z,27-Apr-2026,05:47:52,0.33,1
Bewick's Wren,Thryomanes bewickii,2026-04-27T12:47:46Z,27-Apr-2026,05:47:46,0.42,1
Bewick's Wren,Thryomanes bewickii,2026-04-27T12:47:38Z,27-Apr-2026,05:47:38,0.63,1
Bewick's Wren,Thryomanes bewickii,2026-04-27T12:47:30Z,27-Apr-2026,05:47:30,0.71,1
Bewick's Wren,Thryomanes bewickii,2026-04-27T12:47:23Z,27-Apr-2026,05:47:23,0.39,1
Bewick's Wren,Thryomanes bewickii,2026-04-27T12:47:15Z,27-Apr-2026,05:47:15,0.79,1
Bewick's Wren,Thryomanes bewickii,2026-04-27T12:47:08Z,27-Apr-2026,05:47:08,0.45,1
Bewick's Wren,Thryomanes bewickii,2026-04-27T12:47:00Z,27-Apr-2026,05:47:00,0.91,1
Bewick's Wren,Thryomanes bewickii,2026-04-27T12:46:54Z,27-Apr-2026,05:46:54,0.78,1
Bewick's Wren,Thryomanes bewickii,2026-04-27T12:46:39Z,27-Apr-2026,05:46:39,0.54,1
Bewick's Wren,Thryomanes bewickii,2026-04-27T12:46:32Z,27-Apr-2026,05:46:32,0.64,1
Bewick's Wren,Thryomanes bewickii,2026-04-27T12:46:25Z,27-Apr-2026,05:46:25,0.67,1
Bewick's Wren,Thryomanes bewickii,2026-04-27T12:46:17Z,27-Apr-2026,05:46:17,0.5,1
Bewick's Wren,Thryomanes bewickii,2026-04-27T12:46:09Z,27-Apr-2026,05:46:09,0.59,1
Bewick's Wren,Thryomanes bewickii,2026-04-27T12:45:55Z,27-Apr-2026,05:45:55,0.6,1
Bewick's Wren,Thryomanes bewickii,2026-04-27T12:45:47Z,27-Apr-2026,05:45:47,0.32,1
Bewick's Wren,Thryomanes bewickii,2026-04-27T12:45:40Z,27-Apr-2026,05:45:40,0.43,1
Bewick's Wren,Thryomanes bewickii,2026-04-27T12:45:33Z,27-Apr-2026,05:45:33,0.33,1
Bewick's Wren,Thryomanes bewickii,2026-04-27T12:45:26Z,27-Apr-2026,05:45:26,0.61,1
Bewick's Wren,Thryomanes bewickii,2026-04-27T12:45:04Z,27-Apr-2026,05:45:04,0.66,1
Bewick's Wren,Thryomanes bewickii,2026-04-27T12:44:57Z,27-Apr-2026,05:44:57,0.88,1
Bewick's Wren,Thryomanes bewickii,2026-04-27T12:44:51Z,27-Apr-2026,05:44:51,0.78,1
Bewick's Wren,Thryomanes bewickii,2026-04-27T12:44:44Z,27-Apr-2026,05:44:44,0.29,1
Bewick's Wren,Thryomanes bewickii,2026-04-27T12:44:37Z,27-Apr-2026,05:44:37,0.96,1
Bewick's Wren,Thryomanes bewickii,2026-04-27T12:44:29Z,27-Apr-2026,05:44:29,0.54,1
Bewick's Wren,Thryomanes bewickii,2026-04-27T12:44:22Z,27-Apr-2026,05:44:22,0.55,1
Bewick's Wren,Thryomanes bewickii,2026-04-27T12:44:15Z,27-Apr-2026,05:44:15,0.79,1
Bewick's Wren,Thryomanes bewickii,2026-04-27T12:44:08Z,27-Apr-2026,05:44:08,0.91,1
Bewick's Wren,Thryomanes bewickii,2026-04-27T12:44:03Z,27-Apr-2026,05:44:03,0.77,1
Bewick's Wren,Thryomanes bewickii,2026-04-27T12:43:54Z,27-Apr-2026,05:43:54,0.78,1
Bewick's Wren,Thryomanes bewickii,2026-04-27T12:43:47Z,27-Apr-2026,05:43:47,0.72,1
Bewick's Wren,Thryomanes bewickii,2026-04-27T12:43:41Z,27-Apr-2026,05:43:41,0.84,1
Bewick's Wren,Thryomanes bewickii,2026-04-27T12:43:26Z,27-Apr-2026,05:43:26,0.57,1
Bewick's Wren,Thryomanes bewickii,2026-04-27T12:43:18Z,27-Apr-2026,05:43:18,0.58,1
Bewick's Wren,Thryomanes bewickii,2026-04-27T12:43:10Z,27-Apr-2026,05:43:10,0.83,1
Bewick's Wren,Thryomanes bewickii,2026-04-27T12:43:03Z,27-Apr-2026,05:43:03,0.61,1
Bewick's Wren,Thryomanes bewickii,2026-04-27T12:42:56Z,27-Apr-2026,05:42:56,0.36,1
Bewick's Wren,Thryomanes bewickii,2026-04-27T12:42:48Z,27-Apr-2026,05:42:48,0.39,1
Bewick's Wren,Thryomanes bewickii,2026-04-27T12:42:42Z,27-Apr-2026,05:42:42,0.89,1
Bewick's Wren,Thryomanes bewickii,2026-04-27T12:42:33Z,27-Apr-2026,05:42:33,0.9,1
Bewick's Wren,Thryomanes bewickii,2026-04-27T12:42:14Z,27-Apr-2026,05:42:14,0.91,1
Bewick's Wren,Thryomanes bewickii,2026-04-27T12:42:08Z,27-Apr-2026,05:42:08,0.98,1
Bewick's Wren,Thryomanes bewickii,2026-04-27T12:42:01Z,27-Apr-2026,05:42:01,0.97,1
Bewick's Wren,Thryomanes bewickii,2026-04-27T12:41:54Z,27-Apr-2026,05:41:54,0.87,1
Bewick's Wren,Thryomanes bewickii,2026-04-27T12:41:39Z,27-Apr-2026,05:41:39,0.97,1
Bewick's Wren,Thryomanes bewickii,2026-04-27T12:41:17Z,27-Apr-2026,05:41:17,0.88,1
Bewick's Wren,Thryomanes bewickii,2026-04-27T12:41:11Z,27-Apr-2026,05:41:11,0.93,1
Bewick's Wren,Thryomanes bewickii,2026-04-27T12:41:01Z,27-Apr-2026,05:41:01,0.96,1
Bewick's Wren,Thryomanes bewickii,2026-04-27T12:40:54Z,27-Apr-2026,05:40:54,0.96,1
Bewick's Wren,Thryomanes bewickii,2026-04-27T12:40:47Z,27-Apr-2026,05:40:47,0.94,1
Bewick's Wren,Thryomanes bewickii,2026-04-27T12:40:39Z,27-Apr-2026,05:40:39,0.96,1
MacGillivray's Warbler,Geothlypis tolmiei,2026-04-27T12:40:32Z,27-Apr-2026,05:40:32,0.38,1
Bewick's Wren,Thryomanes bewickii,2026-04-27T12:40:25Z,27-Apr-2026,05:40:25,0.7,1
Townsend's Warbler,Setophaga townsendi,2026-04-27T12:40:18Z,27-Apr-2026,05:40:18,0.31,1
MacGillivray's Warbler,Geothlypis tolmiei,2026-04-27T12:40:04Z,27-Apr-2026,05:40:04,0.45,1
Bewick's Wren,Thryomanes bewickii,2026-04-27T12:39:57Z,27-Apr-2026,05:39:57,0.89,1
Bewick's Wren,Thryomanes bewickii,2026-04-27T12:39:51Z,27-Apr-2026,05:39:51,0.96,1
Bewick's Wren,Thryomanes bewickii,2026-04-27T12:39:44Z,27-Apr-2026,05:39:44,0.96,1
Bewick's Wren,Thryomanes bewickii,2026-04-27T12:39:29Z,27-Apr-2026,05:39:29,0.91,1
Bewick's Wren,Thryomanes bewickii,2026-04-27T12:39:21Z,27-Apr-2026,05:39:21,0.61,1
Bewick's Wren,Thryomanes bewickii,2026-04-27T12:39:14Z,27-Apr-2026,05:39:14,0.98,1
Bewick's Wren,Thryomanes bewickii,2026-04-27T12:39:07Z,27-Apr-2026,05:39:07,0.97,1
Bewick's Wren,Thryomanes bewickii,2026-04-27T12:38:45Z,27-Apr-2026,05:38:45,0.97,1
Bewick's Wren,Thryomanes bewickii,2026-04-27T12:38:37Z,27-Apr-2026,05:38:37,0.94,1
American Goldfinch,Spinus tristis,2026-04-27T12:38:29Z,27-Apr-2026,05:38:29,0.8314,3
Bewick's Wren,Thryomanes bewickii,2026-04-27T12:38:21Z,27-Apr-2026,05:38:21,0.88,1
Bewick's Wren,Thryomanes bewickii,2026-04-27T12:38:02Z,27-Apr-2026,05:38:02,0.76,1
Bewick's Wren,Thryomanes bewickii,2026-04-27T12:37:55Z,27-Apr-2026,05:37:55,0.96,1
Bewick's Wren,Thryomanes bewickii,2026-04-27T12:37:50Z,27-Apr-2026,05:37:50,0.98,1
Bewick's Wren,Thryomanes bewickii,2026-04-27T12:37:41Z,27-Apr-2026,05:37:41,0.92,1
Bewick's Wren,Thryomanes bewickii,2026-04-27T12:37:33Z,27-Apr-2026,05:37:33,0.75,1
Bewick's Wren,Thryomanes bewickii,2026-04-27T12:37:12Z,27-Apr-2026,05:37:12,0.93,1
Bewick's Wren,Thryomanes bewickii,2026-04-27T12:37:07Z,27-Apr-2026,05:37:07,0.95,1
Black-capped Chickadee,Poecile atricapillus,2026-04-27T12:36:53Z,27-Apr-2026,05:36:53,0.42,1
Bewick's Wren,Thryomanes bewickii,2026-04-27T12:36:37Z,27-Apr-2026,05:36:37,0.95,1
Bewick's Wren,Thryomanes bewickii,2026-04-27T12:36:31Z,27-Apr-2026,05:36:31,0.95,1
Bewick's Wren,Thryomanes bewickii,2026-04-27T12:36:24Z,27-Apr-2026,05:36:24,0.84,1
MacGillivray's Warbler,Geothlypis tolmiei,2026-04-27T12:36:14Z,27-Apr-2026,05:36:14,0.47,1
MacGillivray's Warbler,Geothlypis tolmiei,2026-04-27T12:36:08Z,27-Apr-2026,05:36:08,0.27,1
Bewick's Wren,Thryomanes bewickii,2026-04-27T12:36:01Z,27-Apr-2026,05:36:01,0.66,1
Bewick's Wren,Thryomanes bewickii,2026-04-27T12:35:56Z,27-Apr-2026,05:35:56,0.87,1
Bewick's Wren,Thryomanes bewickii,2026-04-27T12:35:45Z,27-Apr-2026,05:35:45,0.92,1
Bewick's Wren,Thryomanes bewickii,2026-04-27T12:35:37Z,27-Apr-2026,05:35:37,0.47,1
Bewick's Wren,Thryomanes bewickii,2026-04-27T12:35:29Z,27-Apr-2026,05:35:29,0.77,1
American Goldfinch,Spinus tristis,2026-04-27T12:35:24Z,27-Apr-2026,05:35:24,0.8,1
Bewick's Wren,Thryomanes bewickii,2026-04-27T12:35:18Z,27-Apr-2026,05:35:18,0.49,1
Bewick's Wren,Thryomanes bewickii,2026-04-27T12:35:05Z,27-Apr-2026,05:35:05,0.6,1
Black-capped Chickadee,Poecile atricapillus,2026-04-27T12:34:52Z,27-Apr-2026,05:34:52,0.9176,1
Bewick's Wren,Thryomanes bewickii,2026-04-27T12:34:31Z,27-Apr-2026,05:34:31,0.88,1
Bewick's Wren,Thryomanes bewickii,2026-04-27T12:34:25Z,27-Apr-2026,05:34:25,0.92,1
American Goldfinch,Spinus tristis,2026-04-27T12:34:19Z,27-Apr-2026,05:34:19,0.9176,1
MacGillivray's Warbler,Geothlypis tolmiei,2026-04-27T12:34:15Z,27-Apr-2026,05:34:15,0.33,1
Bewick's Wren,Thryomanes bewickii,2026-04-27T12:33:58Z,27-Apr-2026,05:33:58,0.92,1
Bewick's Wren,Thryomanes bewickii,2026-04-27T12:33:51Z,27-Apr-2026,05:33:51,0.9,1
Bewick's Wren,Thryomanes bewickii,2026-04-27T12:33:19Z,27-Apr-2026,05:33:19,0.81,1
Bewick's Wren,Thryomanes bewickii,2026-04-27T12:33:12Z,27-Apr-2026,05:33:12,0.86,1
American Goldfinch,Spinus tristis,2026-04-27T12:33:07Z,27-Apr-2026,05:33:07,0.8627,1
Bewick's Wren,Thryomanes bewickii,2026-04-27T12:33:00Z,27-Apr-2026,05:33:00,0.58,1
Bewick's Wren,Thryomanes bewickii,2026-04-27T12:32:54Z,27-Apr-2026,05:32:54,0.8,1
Bewick's Wren,Thryomanes bewickii,2026-04-27T12:32:46Z,27-Apr-2026,05:32:46,0.93,1
Bewick's Wren,Thryomanes bewickii,2026-04-27T12:32:41Z,27-Apr-2026,05:32:41,0.7,1
Bewick's Wren,Thryomanes bewickii,2026-04-27T12:32:33Z,27-Apr-2026,05:32:33,0.92,1
Bewick's Wren,Thryomanes bewickii,2026-04-27T12:32:18Z,27-Apr-2026,05:32:18,0.88,1
Bewick's Wren,Thryomanes bewickii,2026-04-27T12:32:11Z,27-Apr-2026,05:32:11,0.79,1
Bewick's Wren,Thryomanes bewickii,2026-04-27T12:32:05Z,27-Apr-2026,05:32:05,0.92,1
MacGillivray's Warbler,Geothlypis tolmiei,2026-04-27T12:31:58Z,27-Apr-2026,05:31:58,0.33,1
Bewick's Wren,Thryomanes bewickii,2026-04-27T12:31:44Z,27-Apr-2026,05:31:44,0.35,1
Bewick's Wren,Thryomanes bewickii,2026-04-27T12:31:36Z,27-Apr-2026,05:31:36,0.86,1
Bewick's Wren,Thryomanes bewickii,2026-04-27T12:31:25Z,27-Apr-2026,05:31:25,0.44,1
Bewick's Wren,Thryomanes bewickii,2026-04-27T12:31:18Z,27-Apr-2026,05:31:18,0.72,1
Song Sparrow,Melospiza melodia,2026-04-27T12:31:13Z,27-Apr-2026,05:31:13,0.8,1
Bewick's Wren,Thryomanes bewickii,2026-04-27T12:30:58Z,27-Apr-2026,05:30:58,0.86,1
Bewick's Wren,Thryomanes bewickii,2026-04-27T12:30:53Z,27-Apr-2026,05:30:53,0.78,1
Bewick's Wren,Thryomanes bewickii,2026-04-27T12:30:45Z,27-Apr-2026,05:30:45,0.93,1
Bewick's Wren,Thryomanes bewickii,2026-04-27T12:30:39Z,27-Apr-2026,05:30:39,0.99,1
Bewick's Wren,Thryomanes bewickii,2026-04-27T12:30:24Z,27-Apr-2026,05:30:24,0.76,1
Bewick's Wren,Thryomanes bewickii,2026-04-27T12:30:17Z,27-Apr-2026,05:30:17,0.88,1
Bewick's Wren,Thryomanes bewickii,2026-04-27T12:30:09Z,27-Apr-2026,05:30:09,0.69,1
Bewick's Wren,Thryomanes bewickii,2026-04-27T12:30:01Z,27-Apr-2026,05:30:01,0.93,1
Bewick's Wren,Thryomanes bewickii,2026-04-27T12:29:53Z,27-Apr-2026,05:29:53,0.94,1
Bewick's Wren,Thryomanes bewickii,2026-04-27T12:29:46Z,27-Apr-2026,05:29:46,0.77,1
Bewick's Wren,Thryomanes bewickii,2026-04-27T12:29:38Z,27-Apr-2026,05:29:38,0.71,1
Bewick's Wren,Thryomanes bewickii,2026-04-27T12:29:30Z,27-Apr-2026,05:29:30,0.48,1
Bewick's Wren,Thryomanes bewickii,2026-04-27T12:29:23Z,27-Apr-2026,05:29:23,0.62,1
Bewick's Wren,Thryomanes bewickii,2026-04-27T12:28:56Z,27-Apr-2026,05:28:56,0.95,1
Bewick's Wren,Thryomanes bewickii,2026-04-27T12:28:46Z,27-Apr-2026,05:28:46,0.28,1
Bewick's Wren,Thryomanes bewickii,2026-04-27T12:28:31Z,27-Apr-2026,05:28:31,0.95,1
Bewick's Wren,Thryomanes bewickii,2026-04-27T12:28:15Z,27-Apr-2026,05:28:15,0.81,1
Bewick's Wren,Thryomanes bewickii,2026-04-27T12:28:09Z,27-Apr-2026,05:28:09,0.98,1
Bewick's Wren,Thryomanes bewickii,2026-04-27T12:28:03Z,27-Apr-2026,05:28:03,0.93,1
Bewick's Wren,Thryomanes bewickii,2026-04-27T12:27:55Z,27-Apr-2026,05:27:55,0.97,1
Bewick's Wren,Thryomanes bewickii,2026-04-27T12:27:40Z,27-Apr-2026,05:27:40,0.89,1
Bewick's Wren,Thryomanes bewickii,2026-04-27T12:27:32Z,27-Apr-2026,05:27:32,0.88,1
Bewick's Wren,Thryomanes bewickii,2026-04-27T12:27:24Z,27-Apr-2026,05:27:24,0.95,1
Bewick's Wren,Thryomanes bewickii,2026-04-27T12:27:18Z,27-Apr-2026,05:27:18,0.82,1
Bewick's Wren,Thryomanes bewickii,2026-04-27T12:27:05Z,27-Apr-2026,05:27:05,0.89,1
Bewick's Wren,Thryomanes bewickii,2026-04-27T12:26:59Z,27-Apr-2026,05:26:59,0.91,1
Bewick's Wren,Thryomanes bewickii,2026-04-27T12:26:51Z,27-Apr-2026,05:26:51,0.96,1
Bewick's Wren,Thryomanes bewickii,2026-04-27T12:26:45Z,27-Apr-2026,05:26:45,0.63,1
Bewick's Wren,Thryomanes bewickii,2026-04-27T12:26:38Z,27-Apr-2026,05:26:38,0.39,1
Bewick's Wren,Thryomanes bewickii,2026-04-27T12:26:31Z,27-Apr-2026,05:26:31,0.72,1
Bewick's Wren,Thryomanes bewickii,2026-04-27T12:26:24Z,27-Apr-2026,05:26:24,0.81,1
Bewick's Wren,Thryomanes bewickii,2026-04-27T12:26:09Z,27-Apr-2026,05:26:09,0.58,1
Bewick's Wren,Thryomanes bewickii,2026-04-27T12:26:03Z,27-Apr-2026,05:26:03,0.8,1
Bewick's Wren,Thryomanes bewickii,2026-04-27T12:25:55Z,27-Apr-2026,05:25:55,0.94,1
Bewick's Wren,Thryomanes bewickii,2026-04-27T12:25:25Z,27-Apr-2026,05:25:25,0.9,1
Bewick's Wren,Thryomanes bewickii,2026-04-27T12:25:18Z,27-Apr-2026,05:25:18,0.97,1
Bewick's Wren,Thryomanes bewickii,2026-04-27T12:25:12Z,27-Apr-2026,05:25:12,0.94,1
Bewick's Wren,Thryomanes bewickii,2026-04-27T12:24:55Z,27-Apr-2026,05:24:55,0.9,1
Bewick's Wren,Thryomanes bewickii,2026-04-27T12:24:47Z,27-Apr-2026,05:24:47,0.99,1
Bewick's Wren,Thryomanes bewickii,2026-04-27T12:24:29Z,27-Apr-2026,05:24:29,0.99,1
Bewick's Wren,Thryomanes bewickii,2026-04-27T12:24:21Z,27-Apr-2026,05:24:21,0.78,1
Bewick's Wren,Thryomanes bewickii,2026-04-27T12:24:12Z,27-Apr-2026,05:24:12,0.95,1
Bewick's Wren,Thryomanes bewickii,2026-04-27T12:23:58Z,27-Apr-2026,05:23:58,0.95,1
Bewick's Wren,Thryomanes bewickii,2026-04-27T12:23:50Z,27-Apr-2026,05:23:50,0.29,1
Bewick's Wren,Thryomanes bewickii,2026-04-27T12:23:44Z,27-Apr-2026,05:23:44,0.97,1
Bewick's Wren,Thryomanes bewickii,2026-04-27T12:23:38Z,27-Apr-2026,05:23:38,0.84,1
Bewick's Wren,Thryomanes bewickii,2026-04-27T12:23:32Z,27-Apr-2026,05:23:32,0.84,1
Bewick's Wren,Thryomanes bewickii,2026-04-27T12:23:26Z,27-Apr-2026,05:23:26,0.83,1
Bewick's Wren,Thryomanes bewickii,2026-04-27T12:23:15Z,27-Apr-2026,05:23:15,0.94,1
Bewick's Wren,Thryomanes bewickii,2026-04-27T12:23:09Z,27-Apr-2026,05:23:09,0.34,1
Bewick's Wren,Thryomanes bewickii,2026-04-27T12:22:58Z,27-Apr-2026,05:22:58,0.92,1
Bewick's Wren,Thryomanes bewickii,2026-04-27T12:22:43Z,27-Apr-2026,05:22:43,0.38,1
Bewick's Wren,Thryomanes bewickii,2026-04-27T12:22:26Z,27-Apr-2026,05:22:26,0.89,1
Bewick's Wren,Thryomanes bewickii,2026-04-27T12:22:18Z,27-Apr-2026,05:22:18,0.91,1
Bewick's Wren,Thryomanes bewickii,2026-04-27T12:22:10Z,27-Apr-2026,05:22:10,0.94,1
Bewick's Wren,Thryomanes bewickii,2026-04-27T12:21:56Z,27-Apr-2026,05:21:56,0.97,1
Bewick's Wren,Thryomanes bewickii,2026-04-27T12:21:49Z,27-Apr-2026,05:21:49,0.94,1
Bewick's Wren,Thryomanes bewickii,2026-04-27T12:21:42Z,27-Apr-2026,05:21:42,0.75,1
Bewick's Wren,Thryomanes bewickii,2026-04-27T12:21:19Z,27-Apr-2026,05:21:19,0.98,1
Bewick's Wren,Thryomanes bewickii,2026-04-27T12:21:04Z,27-Apr-2026,05:21:04,0.4,1
Bewick's Wren,Thryomanes bewickii,2026-04-27T12:20:48Z,27-Apr-2026,05:20:48,0.88,1
Bewick's Wren,Thryomanes bewickii,2026-04-27T12:20:42Z,27-Apr-2026,05:20:42,0.85,1
Bewick's Wren,Thryomanes bewickii,2026-04-27T12:20:28Z,27-Apr-2026,05:20:28,0.98,1
Bewick's Wren,Thryomanes bewickii,2026-04-27T12:19:57Z,27-Apr-2026,05:19:57,0.93,1
Bewick's Wren,Thryomanes bewickii,2026-04-27T12:19:33Z,27-Apr-2026,05:19:33,0.94,1
Bewick's Wren,Thryomanes bewickii,2026-04-27T12:18:54Z,27-Apr-2026,05:18:54,0.89,1
Bewick's Wren,Thryomanes bewickii,2026-04-27T12:18:32Z,27-Apr-2026,05:18:32,0.9,1
Bewick's Wren,Thryomanes bewickii,2026-04-27T12:18:24Z,27-Apr-2026,05:18:24,0.87,1
Bewick's Wren,Thryomanes bewickii,2026-04-27T12:18:01Z,27-Apr-2026,05:18:01,0.94,1
Bewick's Wren,Thryomanes bewickii,2026-04-27T12:17:42Z,27-Apr-2026,05:17:42,0.66,1
Bewick's Wren,Thryomanes bewickii,2026-04-27T12:17:27Z,27-Apr-2026,05:17:27,0.68,1
Bewick's Wren,Thryomanes bewickii,2026-04-27T12:17:05Z,27-Apr-2026,05:17:05,0.98,1
Bewick's Wren,Thryomanes bewickii,2026-04-27T12:16:35Z,27-Apr-2026,05:16:35,0.94,1
Bewick's Wren,Thryomanes bewickii,2026-04-27T12:16:28Z,27-Apr-2026,05:16:28,0.81,1
Bewick's Wren,Thryomanes bewickii,2026-04-27T12:15:59Z,27-Apr-2026,05:15:59,0.68,1
Bewick's Wren,Thryomanes bewickii,2026-04-27T12:15:52Z,27-Apr-2026,05:15:52,0.78,1
Bewick's Wren,Thryomanes bewickii,2026-04-27T12:15:41Z,27-Apr-2026,05:15:41,0.86,1
Bewick's Wren,Thryomanes bewickii,2026-04-27T12:15:34Z,27-Apr-2026,05:15:34,0.85,1
Bewick's Wren,Thryomanes bewickii,2026-04-27T12:15:18Z,27-Apr-2026,05:15:18,0.98,1
Bewick's Wren,Thryomanes bewickii,2026-04-27T12:15:00Z,27-Apr-2026,05:15:00,0.87,1
Bewick's Wren,Thryomanes bewickii,2026-04-27T12:14:52Z,27-Apr-2026,05:14:52,0.64,1
Bewick's Wren,Thryomanes bewickii,2026-04-27T12:14:31Z,27-Apr-2026,05:14:31,0.97,1
Bewick's Wren,Thryomanes bewickii,2026-04-27T12:14:22Z,27-Apr-2026,05:14:22,0.85,1
Bewick's Wren,Thryomanes bewickii,2026-04-27T12:14:04Z,27-Apr-2026,05:14:04,0.51,1
Bewick's Wren,Thryomanes bewickii,2026-04-27T12:13:56Z,27-Apr-2026,05:13:56,0.86,1
Bewick's Wren,Thryomanes bewickii,2026-04-27T12:13:48Z,27-Apr-2026,05:13:48,0.61,1
Bewick's Wren,Thryomanes bewickii,2026-04-27T12:13:12Z,27-Apr-2026,05:13:12,0.91,1
Bewick's Wren,Thryomanes bewickii,2026-04-27T12:12:59Z,27-Apr-2026,05:12:59,0.85,1
Bewick's Wren,Thryomanes bewickii,2026-04-27T12:12:44Z,27-Apr-2026,05:12:44,0.96,1
Bewick's Wren,Thryomanes bewickii,2026-04-27T12:12:33Z,27-Apr-2026,05:12:33,0.95,1
Bewick's Wren,Thryomanes bewickii,2026-04-27T12:12:25Z,27-Apr-2026,05:12:25,0.76,1
Bewick's Wren,Thryomanes bewickii,2026-04-27T12:12:10Z,27-Apr-2026,05:12:10,0.98,1
Bewick's Wren,Thryomanes bewickii,2026-04-27T12:12:04Z,27-Apr-2026,05:12:04,0.73,1
Bewick's Wren,Thryomanes bewickii,2026-04-27T12:11:53Z,27-Apr-2026,05:11:53,0.97,1
Bewick's Wren,Thryomanes bewickii,2026-04-27T12:11:35Z,27-Apr-2026,05:11:35,0.94,1
Bewick's Wren,Thryomanes bewickii,2026-04-27T12:11:21Z,27-Apr-2026,05:11:21,0.67,1
Bewick's Wren,Thryomanes bewickii,2026-04-27T12:11:06Z,27-Apr-2026,05:11:06,0.67,1
Bewick's Wren,Thryomanes bewickii,2026-04-27T12:11:00Z,27-Apr-2026,05:11:00,0.85,1
Bewick's Wren,Thryomanes bewickii,2026-04-27T12:10:33Z,27-Apr-2026,05:10:33,0.96,1
Bewick's Wren,Thryomanes bewickii,2026-04-27T12:09:49Z,27-Apr-2026,05:09:49,0.98,1
Bewick's Wren,Thryomanes bewickii,2026-04-27T12:09:38Z,27-Apr-2026,05:09:38,0.72,1
Bewick's Wren,Thryomanes bewickii,2026-04-27T12:09:23Z,27-Apr-2026,05:09:23,0.96,1
Bewick's Wren,Thryomanes bewickii,2026-04-27T12:09:15Z,27-Apr-2026,05:09:15,0.63,1
Bewick's Wren,Thryomanes bewickii,2026-04-27T12:09:07Z,27-Apr-2026,05:09:07,0.97,1
Bewick's Wren,Thryomanes bewickii,2026-04-27T12:08:56Z,27-Apr-2026,05:08:56,0.65,1
Bewick's Wren,Thryomanes bewickii,2026-04-27T12:08:48Z,27-Apr-2026,05:08:48,0.94,1
Bewick's Wren,Thryomanes bewickii,2026-04-27T12:08:41Z,27-Apr-2026,05:08:41,0.93,1
Bewick's Wren,Thryomanes bewickii,2026-04-27T12:08:27Z,27-Apr-2026,05:08:27,0.73,1
Bewick's Wren,Thryomanes bewickii,2026-04-27T12:08:19Z,27-Apr-2026,05:08:19,0.39,1
Bewick's Wren,Thryomanes bewickii,2026-04-27T12:08:11Z,27-Apr-2026,05:08:11,0.94,1
Bewick's Wren,Thryomanes bewickii,2026-04-27T12:06:15Z,27-Apr-2026,05:06:15,0.96,1
Bewick's Wren,Thryomanes bewickii,2026-04-27T12:06:02Z,27-Apr-2026,05:06:02,0.41,1
Bewick's Wren,Thryomanes bewickii,2026-04-27T12:05:45Z,27-Apr-2026,05:05:45,0.96,1
Bewick's Wren,Thryomanes bewickii,2026-04-27T12:05:27Z,27-Apr-2026,05:05:27,0.96,1
Bewick's Wren,Thryomanes bewickii,2026-04-27T12:05:16Z,27-Apr-2026,05:05:16,0.98,1
Bewick's Wren,Thryomanes bewickii,2026-04-27T12:05:02Z,27-Apr-2026,05:05:02,0.73,1
Bewick's Wren,Thryomanes bewickii,2026-04-27T12:04:52Z,27-Apr-2026,05:04:52,0.98,1
Bewick's Wren,Thryomanes bewickii,2026-04-27T12:04:44Z,27-Apr-2026,05:04:44,0.97,1
Bewick's Wren,Thryomanes bewickii,2026-04-27T12:04:30Z,27-Apr-2026,05:04:30,0.99,1
Bewick's Wren,Thryomanes bewickii,2026-04-27T12:04:22Z,27-Apr-2026,05:04:22,0.84,1
Bewick's Wren,Thryomanes bewickii,2026-04-27T12:04:14Z,27-Apr-2026,05:04:14,0.88,1
Bewick's Wren,Thryomanes bewickii,2026-04-27T12:04:04Z,27-Apr-2026,05:04:04,0.99,1
Bewick's Wren,Thryomanes bewickii,2026-04-27T12:03:57Z,27-Apr-2026,05:03:57,0.99,1
Bewick's Wren,Thryomanes bewickii,2026-04-27T12:03:43Z,27-Apr-2026,05:03:43,0.76,1
Bewick's Wren,Thryomanes bewickii,2026-04-27T12:03:15Z,27-Apr-2026,05:03:15,0.97,1
Bewick's Wren,Thryomanes bewickii,2026-04-27T12:02:44Z,27-Apr-2026,05:02:44,0.93,1
Bewick's Wren,Thryomanes bewickii,2026-04-27T12:02:19Z,27-Apr-2026,05:02:19,0.82,1
Bewick's Wren,Thryomanes bewickii,2026-04-27T12:02:11Z,27-Apr-2026,05:02:11,0.56,1
Bewick's Wren,Thryomanes bewickii,2026-04-27T12:02:01Z,27-Apr-2026,05:02:01,0.97,1
Bewick's Wren,Thryomanes bewickii,2026-04-27T12:01:53Z,27-Apr-2026,05:01:53,0.93,1
Bewick's Wren,Thryomanes bewickii,2026-04-27T12:01:45Z,27-Apr-2026,05:01:45,0.97,1
Bewick's Wren,Thryomanes bewickii,2026-04-27T12:01:35Z,27-Apr-2026,05:01:35,0.98,1
Bewick's Wren,Thryomanes bewickii,2026-04-27T12:01:02Z,27-Apr-2026,05:01:02,0.97,1
Bewick's Wren,Thryomanes bewickii,2026-04-27T12:00:46Z,27-Apr-2026,05:00:46,0.98,1
Bewick's Wren,Thryomanes bewickii,2026-04-27T12:00:35Z,27-Apr-2026,05:00:35,0.98,1
Bewick's Wren,Thryomanes bewickii,2026-04-27T12:00:18Z,27-Apr-2026,05:00:18,0.99,1
Bewick's Wren,Thryomanes bewickii,2026-04-27T11:59:30Z,27-Apr-2026,04:59:30,0.87,1
Bewick's Wren,Thryomanes bewickii,2026-04-27T11:59:24Z,27-Apr-2026,04:59:24,0.98,1
Bewick's Wren,Thryomanes bewickii,2026-04-27T11:59:17Z,27-Apr-2026,04:59:17,0.71,1
Bewick's Wren,Thryomanes bewickii,2026-04-27T11:58:59Z,27-Apr-2026,04:58:59,0.97,1
Bewick's Wren,Thryomanes bewickii,2026-04-27T11:58:48Z,27-Apr-2026,04:58:48,0.97,1
Bewick's Wren,Thryomanes bewickii,2026-04-27T11:58:06Z,27-Apr-2026,04:58:06,0.81,1
Bewick's Wren,Thryomanes bewickii,2026-04-27T11:57:47Z,27-Apr-2026,04:57:47,0.95,1
Bewick's Wren,Thryomanes bewickii,2026-04-27T11:57:36Z,27-Apr-2026,04:57:36,0.97,1
Bewick's Wren,Thryomanes bewickii,2026-04-27T11:57:29Z,27-Apr-2026,04:57:29,0.5,1
Bewick's Wren,Thryomanes bewickii,2026-04-27T11:57:18Z,27-Apr-2026,04:57:18,0.98,1
Bewick's Wren,Thryomanes bewickii,2026-04-27T11:57:08Z,27-Apr-2026,04:57:08,0.86,1
Bewick's Wren,Thryomanes bewickii,2026-04-27T11:57:00Z,27-Apr-2026,04:57:00,0.42,1
Bewick's Wren,Thryomanes bewickii,2026-04-27T11:56:53Z,27-Apr-2026,04:56:53,0.91,1
Bewick's Wren,Thryomanes bewickii,2026-04-27T11:56:45Z,27-Apr-2026,04:56:45,0.74,1
Bewick's Wren,Thryomanes bewickii,2026-04-27T11:56:32Z,27-Apr-2026,04:56:32,0.98,1
Bewick's Wren,Thryomanes bewickii,2026-04-27T11:56:24Z,27-Apr-2026,04:56:24,0.98,1
Bewick's Wren,Thryomanes bewickii,2026-04-27T11:56:04Z,27-Apr-2026,04:56:04,0.94,1
Bewick's Wren,Thryomanes bewickii,2026-04-27T11:55:54Z,27-Apr-2026,04:55:54,0.67,1
Bewick's Wren,Thryomanes bewickii,2026-04-27T11:55:47Z,27-Apr-2026,04:55:47,0.96,1
Bewick's Wren,Thryomanes bewickii,2026-04-27T11:55:33Z,27-Apr-2026,04:55:33,0.96,1
Bewick's Wren,Thryomanes bewickii,2026-04-27T11:55:22Z,27-Apr-2026,04:55:22,0.7,1
Bewick's Wren,Thryomanes bewickii,2026-04-27T11:55:12Z,27-Apr-2026,04:55:12,0.57,1
Bewick's Wren,Thryomanes bewickii,2026-04-27T11:55:05Z,27-Apr-2026,04:55:05,0.98,1
Bewick's Wren,Thryomanes bewickii,2026-04-27T11:54:55Z,27-Apr-2026,04:54:55,0.98,1
Bewick's Wren,Thryomanes bewickii,2026-04-27T11:54:49Z,27-Apr-2026,04:54:49,0.98,1
Bewick's Wren,Thryomanes bewickii,2026-04-27T11:54:21Z,27-Apr-2026,04:54:21,0.98,1
Bewick's Wren,Thryomanes bewickii,2026-04-27T11:54:14Z,27-Apr-2026,04:54:14,0.98,1
Bewick's Wren,Thryomanes bewickii,2026-04-27T11:54:07Z,27-Apr-2026,04:54:07,0.84,1
American Robin,Turdus migratorius,2026-04-27T11:52:37Z,27-Apr-2026,04:52:37,0.8314,1
American Robin,Turdus migratorius,2026-04-27T11:49:45Z,27-Apr-2026,04:49:45,0.8471,2
American Robin,Turdus migratorius,2026-04-27T11:45:36Z,27-Apr-2026,04:45:36,0.41,1
American Robin,Turdus migratorius,2026-04-27T11:44:56Z,27-Apr-2026,04:44:56,0.38,1
American Robin,Turdus migratorius,2026-04-27T11:44:33Z,27-Apr-2026,04:44:33,0.49,1
American Robin,Turdus migratorius,2026-04-27T11:43:55Z,27-Apr-2026,04:43:55,0.7804,2
American Robin,Turdus migratorius,2026-04-27T11:40:53Z,27-Apr-2026,04:40:53,0.54,1
American Robin,Turdus migratorius,2026-04-27T11:40:16Z,27-Apr-2026,04:40:16,0.8157,1
American Robin,Turdus migratorius,2026-04-27T11:39:41Z,27-Apr-2026,04:39:41,0.34,1
American Robin,Turdus migratorius,2026-04-27T11:39:35Z,27-Apr-2026,04:39:35,0.31,1
American Robin,Turdus migratorius,2026-04-27T11:39:27Z,27-Apr-2026,04:39:27,0.34,1
American Robin,Turdus migratorius,2026-04-27T11:34:15Z,27-Apr-2026,04:34:15,0.41,1
American Robin,Turdus migratorius,2026-04-27T11:32:38Z,27-Apr-2026,04:32:38,0.8627,1
American Robin,Turdus migratorius,2026-04-27T11:13:22Z,27-Apr-2026,04:13:22,0.9255,1
American Robin,Turdus migratorius,2026-04-27T11:09:23Z,27-Apr-2026,04:09:23,0.7804,1
American Robin,Turdus migratorius,2026-04-27T10:44:49Z,27-Apr-2026,03:44:49,0.29,1
American Robin,Turdus migratorius,2026-04-27T10:43:39Z,27-Apr-2026,03:43:39,0.8,1
Anna's Hummingbird,Calypte anna,2026-04-27T04:48:30Z,26-Apr-2026,21:48:30,0.9255,1
Anna's Hummingbird,Calypte anna,2026-04-27T04:11:33Z,26-Apr-2026,21:11:33,0.8471,1
Northern Flicker,Colaptes auratus,2026-04-27T03:37:53Z,26-Apr-2026,20:37:53,0.55,1
American Robin,Turdus migratorius,2026-04-27T03:37:15Z,26-Apr-2026,20:37:15,0.9098,11
American Robin,Turdus migratorius,2026-04-27T03:36:13Z,26-Apr-2026,20:36:13,0.8745,2
American Robin,Turdus migratorius,2026-04-27T03:34:57Z,26-Apr-2026,20:34:57,0.8157,1
American Crow,Corvus brachyrhynchos,2026-04-27T03:32:22Z,26-Apr-2026,20:32:22,0.8627,1
American Crow,Corvus brachyrhynchos,2026-04-27T03:19:12Z,26-Apr-2026,20:19:12,0.8627,1
American Crow,Corvus brachyrhynchos,2026-04-27T03:09:21Z,26-Apr-2026,20:09:21,0.33,1
American Crow,Corvus brachyrhynchos,2026-04-27T03:09:13Z,26-Apr-2026,20:09:13,0.8157,1
American Crow,Corvus brachyrhynchos,2026-04-27T03:04:54Z,26-Apr-2026,20:04:54,0.9333,1
American Crow,Corvus brachyrhynchos,2026-04-27T03:03:44Z,26-Apr-2026,20:03:44,0.7804,1
Bushtit,Psaltriparus minimus,2026-04-27T03:02:53Z,26-Apr-2026,20:02:53,0.98,1
Bushtit,Psaltriparus minimus,2026-04-27T03:02:45Z,26-Apr-2026,20:02:45,0.85,1
Bushtit,Psaltriparus minimus,2026-04-27T03:02:35Z,26-Apr-2026,20:02:35,0.99,1
Bushtit,Psaltriparus minimus,2026-04-27T03:02:26Z,26-Apr-2026,20:02:26,0.97,1
Bushtit,Psaltriparus minimus,2026-04-27T03:02:19Z,26-Apr-2026,20:02:19,0.98,1
Bushtit,Psaltriparus minimus,2026-04-27T03:02:11Z,26-Apr-2026,20:02:11,0.99,1
Bushtit,Psaltriparus minimus,2026-04-27T03:02:03Z,26-Apr-2026,20:02:03,0.98,1
Bushtit,Psaltriparus minimus,2026-04-27T03:01:56Z,26-Apr-2026,20:01:56,0.97,1
Bushtit,Psaltriparus minimus,2026-04-27T03:01:49Z,26-Apr-2026,20:01:49,0.99,1
Bushtit,Psaltriparus minimus,2026-04-27T03:01:41Z,26-Apr-2026,20:01:41,0.99,1
Bushtit,Psaltriparus minimus,2026-04-27T03:01:34Z,26-Apr-2026,20:01:34,0.97,1
Bushtit,Psaltriparus minimus,2026-04-27T03:01:27Z,26-Apr-2026,20:01:27,0.99,1
Bushtit,Psaltriparus minimus,2026-04-27T03:01:21Z,26-Apr-2026,20:01:21,0.97,1
Bushtit,Psaltriparus minimus,2026-04-27T03:01:14Z,26-Apr-2026,20:01:14,0.95,1
Bushtit,Psaltriparus minimus,2026-04-27T03:01:06Z,26-Apr-2026,20:01:06,0.99,1
Bushtit,Psaltriparus minimus,2026-04-27T03:00:46Z,26-Apr-2026,20:00:46,0.99,1
Bushtit,Psaltriparus minimus,2026-04-27T03:00:38Z,26-Apr-2026,20:00:38,0.94,1
Bushtit,Psaltriparus minimus,2026-04-27T03:00:30Z,26-Apr-2026,20:00:30,0.89,1
Bushtit,Psaltriparus minimus,2026-04-27T02:59:51Z,26-Apr-2026,19:59:51,0.54,1
Bushtit,Psaltriparus minimus,2026-04-27T02:59:44Z,26-Apr-2026,19:59:44,0.95,1
Bushtit,Psaltriparus minimus,2026-04-27T02:59:36Z,26-Apr-2026,19:59:36,0.92,1
American Robin,Turdus migratorius,2026-04-27T02:57:01Z,26-Apr-2026,19:57:01,0.27,1
American Crow,Corvus brachyrhynchos,2026-04-27T02:55:45Z,26-Apr-2026,19:55:45,0.7804,1
Black-capped Chickadee,Poecile atricapillus,2026-04-27T02:55:04Z,26-Apr-2026,19:55:04,0.7804,1
Black-capped Chickadee,Poecile atricapillus,2026-04-27T02:54:52Z,26-Apr-2026,19:54:52,0.36,1
House Finch,Haemorhous mexicanus,2026-04-27T02:52:39Z,26-Apr-2026,19:52:39,0.7804,1
House Finch,Haemorhous mexicanus,2026-04-27T02:35:45Z,26-Apr-2026,19:35:45,0.8314,4
House Finch,Haemorhous mexicanus,2026-04-27T02:35:36Z,26-Apr-2026,19:35:36,0.33,1
House Finch,Haemorhous mexicanus,2026-04-27T02:35:29Z,26-Apr-2026,19:35:29,0.32,1
House Finch,Haemorhous mexicanus,2026-04-27T02:35:21Z,26-Apr-2026,19:35:21,0.52,1
House Finch,Haemorhous mexicanus,2026-04-27T02:34:28Z,26-Apr-2026,19:34:28,0.28,1
House Finch,Haemorhous mexicanus,2026-04-27T02:34:12Z,26-Apr-2026,19:34:12,0.8,1
House Finch,Haemorhous mexicanus,2026-04-27T02:34:01Z,26-Apr-2026,19:34:01,0.26,1
House Finch,Haemorhous mexicanus,2026-04-27T02:32:34Z,26-Apr-2026,19:32:34,0.57,1
House Finch,Haemorhous mexicanus,2026-04-27T02:32:20Z,26-Apr-2026,19:32:20,0.37,1
House Finch,Haemorhous mexicanus,2026-04-27T02:32:03Z,26-Apr-2026,19:32:03,0.33,1
House Finch,Haemorhous mexicanus,2026-04-27T02:31:43Z,26-Apr-2026,19:31:43,0.8314,1
Dark-eyed Junco,Junco hyemalis,2026-04-27T02:30:34Z,26-Apr-2026,19:30:34,0.32,1
Dark-eyed Junco,Junco hyemalis,2026-04-27T02:29:08Z,26-Apr-2026,19:29:08,0.37,1
White-crowned Sparrow,Zonotrichia leucophrys,2026-04-27T02:28:20Z,26-Apr-2026,19:28:20,0.27,1
Dark-eyed Junco,Junco hyemalis,2026-04-27T02:27:51Z,26-Apr-2026,19:27:51,0.34,1
Dark-eyed Junco,Junco hyemalis,2026-04-27T02:27:25Z,26-Apr-2026,19:27:25,0.43,1
Dark-eyed Junco,Junco hyemalis,2026-04-27T02:26:50Z,26-Apr-2026,19:26:50,0.66,1
Mountain Chickadee,Poecile gambeli,2026-04-27T02:26:06Z,26-Apr-2026,19:26:06,0.27,1
Black-capped Chickadee,Poecile atricapillus,2026-04-27T02:26:02Z,26-Apr-2026,19:26:02,0.898,1
Black-capped Chickadee,Poecile atricapillus,2026-04-27T02:25:29Z,26-Apr-2026,19:25:29,0.61,1
Red-breasted Nuthatch,Sitta canadensis,2026-04-27T02:19:54Z,26-Apr-2026,19:19:54,0.3,1
American Robin,Turdus migratorius,2026-04-27T02:19:49Z,26-Apr-2026,19:19:49,0.8157,1
American Robin,Turdus migratorius,2026-04-27T02:15:15Z,26-Apr-2026,19:15:15,0.8471,1
American Robin,Turdus migratorius,2026-04-27T02:14:50Z,26-Apr-2026,19:14:50,0.33,1
American Robin,Turdus migratorius,2026-04-27T02:14:27Z,26-Apr-2026,19:14:27,0.28,1
American Robin,Turdus migratorius,2026-04-27T02:14:13Z,26-Apr-2026,19:14:13,0.8,6
American Robin,Turdus migratorius,2026-04-27T02:13:04Z,26-Apr-2026,19:13:04,0.8863,5
American Robin,Turdus migratorius,2026-04-27T02:12:57Z,26-Apr-2026,19:12:57,0.44,1
American Robin,Turdus migratorius,2026-04-27T02:12:10Z,26-Apr-2026,19:12:10,0.36,1
American Robin,Turdus migratorius,2026-04-27T02:12:01Z,26-Apr-2026,19:12:01,0.8157,1
House Finch,Haemorhous mexicanus,2026-04-27T01:56:26Z,26-Apr-2026,18:56:26,0.8157,1
American Crow,Corvus brachyrhynchos,2026-04-27T01:56:12Z,26-Apr-2026,18:56:12,0.4,1
American Crow,Corvus brachyrhynchos,2026-04-27T01:55:10Z,26-Apr-2026,18:55:10,0.28,1
American Crow,Corvus brachyrhynchos,2026-04-27T01:55:00Z,26-Apr-2026,18:55:00,0.8314,1
American Crow,Corvus brachyrhynchos,2026-04-27T01:54:47Z,26-Apr-2026,18:54:47,0.42,1
Chestnut-backed Chickadee,Poecile rufescens,2026-04-27T01:53:30Z,26-Apr-2026,18:53:30,0.949,1
American Crow,Corvus brachyrhynchos,2026-04-27T01:53:07Z,26-Apr-2026,18:53:07,0.8157,1
American Crow,Corvus brachyrhynchos,2026-04-27T01:51:53Z,26-Apr-2026,18:51:53,0.7804,3
American Crow,Corvus brachyrhynchos,2026-04-27T01:49:29Z,26-Apr-2026,18:49:29,0.8627,1
Bewick's Wren,Thryomanes bewickii,2026-04-27T01:48:15Z,26-Apr-2026,18:48:15,0.33,1
Bewick's Wren,Thryomanes bewickii,2026-04-27T01:48:09Z,26-Apr-2026,18:48:09,0.51,1
Bewick's Wren,Thryomanes bewickii,2026-04-27T01:48:02Z,26-Apr-2026,18:48:02,0.62,1
Bewick's Wren,Thryomanes bewickii,2026-04-27T01:47:47Z,26-Apr-2026,18:47:47,0.39,1
Bewick's Wren,Thryomanes bewickii,2026-04-27T01:47:16Z,26-Apr-2026,18:47:16,0.54,1
Bewick's Wren,Thryomanes bewickii,2026-04-27T01:47:07Z,26-Apr-2026,18:47:07,0.36,1
Bewick's Wren,Thryomanes bewickii,2026-04-27T01:46:52Z,26-Apr-2026,18:46:52,0.48,1
Bewick's Wren,Thryomanes bewickii,2026-04-27T01:46:41Z,26-Apr-2026,18:46:41,0.41,1
Bewick's Wren,Thryomanes bewickii,2026-04-27T01:46:23Z,26-Apr-2026,18:46:23,0.59,1
American Crow,Corvus brachyrhynchos,2026-04-27T01:42:49Z,26-Apr-2026,18:42:49,0.27,1
Downy Woodpecker,Dryobates pubescens,2026-04-27T01:41:34Z,26-Apr-2026,18:41:34,0.5,1
Downy Woodpecker,Dryobates pubescens,2026-04-27T01:40:57Z,26-Apr-2026,18:40:57,0.26,1
Downy Woodpecker,Dryobates pubescens,2026-04-27T01:40:08Z,26-Apr-2026,18:40:08,0.32,1
American Crow,Corvus brachyrhynchos,2026-04-27T01:30:53Z,26-Apr-2026,18:30:53,0.27,1
Anna's Hummingbird,Calypte anna,2026-04-27T01:24:39Z,26-Apr-2026,18:24:39,0.8627,1
American Robin,Turdus migratorius,2026-04-27T01:23:46Z,26-Apr-2026,18:23:46,0.32,1
American Robin,Turdus migratorius,2026-04-27T01:23:26Z,26-Apr-2026,18:23:26,0.7804,1
American Robin,Turdus migratorius,2026-04-27T01:23:19Z,26-Apr-2026,18:23:19,0.53,1
Black-capped Chickadee,Poecile atricapillus,2026-04-27T01:22:48Z,26-Apr-2026,18:22:48,0.52,1
House Finch,Haemorhous mexicanus,2026-04-27T01:21:03Z,26-Apr-2026,18:21:03,0.32,1
American Robin,Turdus migratorius,2026-04-27T01:18:25Z,26-Apr-2026,18:18:25,0.8314,1
American Robin,Turdus migratorius,2026-04-27T01:17:56Z,26-Apr-2026,18:17:56,0.28,1
House Finch,Haemorhous mexicanus,2026-04-27T01:12:13Z,26-Apr-2026,18:12:13,0.8157,1
American Crow,Corvus brachyrhynchos,2026-04-27T01:07:15Z,26-Apr-2026,18:07:15,0.8,1
Bewick's Wren,Thryomanes bewickii,2026-04-27T01:06:49Z,26-Apr-2026,18:06:49,0.33,1
Bewick's Wren,Thryomanes bewickii,2026-04-27T01:06:02Z,26-Apr-2026,18:06:02,0.49,1
Black-capped Chickadee,Poecile atricapillus,2026-04-27T01:04:55Z,26-Apr-2026,18:04:55,0.8627,1
Bewick's Wren,Thryomanes bewickii,2026-04-27T01:04:40Z,26-Apr-2026,18:04:40,0.32,1
Bewick's Wren,Thryomanes bewickii,2026-04-27T01:04:29Z,26-Apr-2026,18:04:29,0.39,1
Black-capped Chickadee,Poecile atricapillus,2026-04-27T01:03:54Z,26-Apr-2026,18:03:54,0.37,1
White-crowned Sparrow,Zonotrichia leucophrys,2026-04-27T01:03:48Z,26-Apr-2026,18:03:48,0.32,1
Bewick's Wren,Thryomanes bewickii,2026-04-27T01:03:22Z,26-Apr-2026,18:03:22,0.34,1
Bewick's Wren,Thryomanes bewickii,2026-04-27T01:03:16Z,26-Apr-2026,18:03:16,0.36,1
Black-capped Chickadee,Poecile atricapillus,2026-04-27T01:02:37Z,26-Apr-2026,18:02:37,0.26,1
Black-capped Chickadee,Poecile atricapillus,2026-04-27T01:02:21Z,26-Apr-2026,18:02:21,0.48,1
Black-capped Chickadee,Poecile atricapillus,2026-04-27T01:02:15Z,26-Apr-2026,18:02:15,0.45,1
Mountain Chickadee,Poecile gambeli,2026-04-27T01:00:23Z,26-Apr-2026,18:00:23,0.47,1
Black-capped Chickadee,Poecile atricapillus,2026-04-27T00:59:58Z,26-Apr-2026,17:59:58,0.8,1
Bewick's Wren,Thryomanes bewickii,2026-04-27T00:55:31Z,26-Apr-2026,17:55:31,0.76,1
Bewick's Wren,Thryomanes bewickii,2026-04-27T00:53:37Z,26-Apr-2026,17:53:37,0.33,1
Bewick's Wren,Thryomanes bewickii,2026-04-27T00:53:14Z,26-Apr-2026,17:53:14,0.28,1
Bewick's Wren,Thryomanes bewickii,2026-04-27T00:52:38Z,26-Apr-2026,17:52:38,0.64,1
Bewick's Wren,Thryomanes bewickii,2026-04-27T00:52:23Z,26-Apr-2026,17:52:23,0.52,1
Bewick's Wren,Thryomanes bewickii,2026-04-27T00:52:01Z,26-Apr-2026,17:52:01,0.37,1
Bushtit,Psaltriparus minimus,2026-04-27T00:48:54Z,26-Apr-2026,17:48:54,0.88,1
Bushtit,Psaltriparus minimus,2026-04-27T00:48:16Z,26-Apr-2026,17:48:16,0.72,1
Bewick's Wren,Thryomanes bewickii,2026-04-27T00:47:40Z,26-Apr-2026,17:47:40,0.56,1
Bewick's Wren,Thryomanes bewickii,2026-04-27T00:47:32Z,26-Apr-2026,17:47:32,0.47,1
Bewick's Wren,Thryomanes bewickii,2026-04-27T00:47:26Z,26-Apr-2026,17:47:26,0.54,1
Bewick's Wren,Thryomanes bewickii,2026-04-27T00:45:58Z,26-Apr-2026,17:45:58,0.41,1
Black-capped Chickadee,Poecile atricapillus,2026-04-27T00:45:34Z,26-Apr-2026,17:45:34,0.8157,3
Bewick's Wren,Thryomanes bewickii,2026-04-27T00:44:58Z,26-Apr-2026,17:44:58,0.41,1
Black-capped Chickadee,Poecile atricapillus,2026-04-27T00:43:40Z,26-Apr-2026,17:43:40,0.9765,1
Mountain Chickadee,Poecile gambeli,2026-04-27T00:43:36Z,26-Apr-2026,17:43:36,0.36,1
Bewick's Wren,Thryomanes bewickii,2026-04-27T00:43:29Z,26-Apr-2026,17:43:29,0.3,1
Bewick's Wren,Thryomanes bewickii,2026-04-27T00:43:15Z,26-Apr-2026,17:43:15,0.3,1
Red-breasted Nuthatch,Sitta canadensis,2026-04-27T00:43:08Z,26-Apr-2026,17:43:08,0.61,1
Bewick's Wren,Thryomanes bewickii,2026-04-27T00:42:13Z,26-Apr-2026,17:42:13,0.69,1
Bewick's Wren,Thryomanes bewickii,2026-04-27T00:42:07Z,26-Apr-2026,17:42:07,0.78,1
Bewick's Wren,Thryomanes bewickii,2026-04-27T00:41:51Z,26-Apr-2026,17:41:51,0.57,1
Red-breasted Nuthatch,Sitta canadensis,2026-04-27T00:41:41Z,26-Apr-2026,17:41:41,0.28,1
Anna's Hummingbird,Calypte anna,2026-04-27T00:41:14Z,26-Apr-2026,17:41:14,0.9529,1
Dark-eyed Junco,Junco hyemalis,2026-04-27T00:40:06Z,26-Apr-2026,17:40:06,0.63,1
Fox Sparrow,Passerella iliaca,2026-04-27T00:39:45Z,26-Apr-2026,17:39:45,0.59,1
Dark-eyed Junco,Junco hyemalis,2026-04-27T00:39:38Z,26-Apr-2026,17:39:38,0.31,1
Dark-eyed Junco,Junco hyemalis,2026-04-27T00:39:31Z,26-Apr-2026,17:39:31,0.84,1
Dark-eyed Junco,Junco hyemalis,2026-04-27T00:39:17Z,26-Apr-2026,17:39:17,0.36,1
Dark-eyed Junco,Junco hyemalis,2026-04-27T00:39:10Z,26-Apr-2026,17:39:10,0.47,1
Anna's Hummingbird,Calypte anna,2026-04-27T00:39:05Z,26-Apr-2026,17:39:05,0.8745,1
Dark-eyed Junco,Junco hyemalis,2026-04-27T00:39:00Z,26-Apr-2026,17:39:00,0.48,1
Dark-eyed Junco,Junco hyemalis,2026-04-27T00:38:52Z,26-Apr-2026,17:38:52,0.43,1
Dark-eyed Junco,Junco hyemalis,2026-04-27T00:38:27Z,26-Apr-2026,17:38:27,0.64,1
Dark-eyed Junco,Junco hyemalis,2026-04-27T00:38:20Z,26-Apr-2026,17:38:20,0.47,1
Dark-eyed Junco,Junco hyemalis,2026-04-27T00:37:58Z,26-Apr-2026,17:37:58,0.39,1
Anna's Hummingbird,Calypte anna,2026-04-27T00:37:54Z,26-Apr-2026,17:37:54,0.8157,2
Dark-eyed Junco,Junco hyemalis,2026-04-27T00:37:46Z,26-Apr-2026,17:37:46,0.73,1
Anna's Hummingbird,Calypte anna,2026-04-27T00:36:48Z,26-Apr-2026,17:36:48,0.8863,1
Black-capped Chickadee,Poecile atricapillus,2026-04-27T00:36:37Z,26-Apr-2026,17:36:37,0.9176,1
Northern Flicker,Colaptes auratus,2026-04-27T00:34:47Z,26-Apr-2026,17:34:47,0.88,1
Black-capped Chickadee,Poecile atricapillus,2026-04-27T00:34:27Z,26-Apr-2026,17:34:27,0.9098,1
Black-capped Chickadee,Poecile atricapillus,2026-04-27T00:34:24Z,26-Apr-2026,17:34:24,0.4,1
Bushtit,Psaltriparus minimus,2026-04-27T00:34:03Z,26-Apr-2026,17:34:03,0.31,1
Bushtit,Psaltriparus minimus,2026-04-27T00:33:32Z,26-Apr-2026,17:33:32,0.86,1
Bushtit,Psaltriparus minimus,2026-04-27T00:33:19Z,26-Apr-2026,17:33:19,0.94,1
Bushtit,Psaltriparus minimus,2026-04-27T00:33:12Z,26-Apr-2026,17:33:12,0.35,1
Bushtit,Psaltriparus minimus,2026-04-27T00:33:05Z,26-Apr-2026,17:33:05,0.53,1
Bushtit,Psaltriparus minimus,2026-04-27T00:32:58Z,26-Apr-2026,17:32:58,0.7,1
Bushtit,Psaltriparus minimus,2026-04-27T00:32:09Z,26-Apr-2026,17:32:09,0.8,1
Bushtit,Psaltriparus minimus,2026-04-27T00:32:03Z,26-Apr-2026,17:32:03,0.88,1
Bushtit,Psaltriparus minimus,2026-04-27T00:31:56Z,26-Apr-2026,17:31:56,0.98,1
Bushtit,Psaltriparus minimus,2026-04-27T00:31:24Z,26-Apr-2026,17:31:24,0.41,1
Bushtit,Psaltriparus minimus,2026-04-27T00:31:17Z,26-Apr-2026,17:31:17,0.31,1
European Starling,Sturnus vulgaris,2026-04-27T00:31:13Z,26-Apr-2026,17:31:13,0.8471,1
Bushtit,Psaltriparus minimus,2026-04-27T00:30:52Z,26-Apr-2026,17:30:52,0.39,1
Bushtit,Psaltriparus minimus,2026-04-27T00:30:28Z,26-Apr-2026,17:30:28,0.96,1
Bushtit,Psaltriparus minimus,2026-04-27T00:30:21Z,26-Apr-2026,17:30:21,0.97,1
Bushtit,Psaltriparus minimus,2026-04-27T00:30:13Z,26-Apr-2026,17:30:13,0.95,1
Bushtit,Psaltriparus minimus,2026-04-27T00:30:06Z,26-Apr-2026,17:30:06,0.66,1
Bushtit,Psaltriparus minimus,2026-04-27T00:29:51Z,26-Apr-2026,17:29:51,0.76,1
Bushtit,Psaltriparus minimus,2026-04-27T00:29:38Z,26-Apr-2026,17:29:38,0.83,1
Bushtit,Psaltriparus minimus,2026-04-27T00:29:31Z,26-Apr-2026,17:29:31,0.73,1
Bushtit,Psaltriparus minimus,2026-04-27T00:29:24Z,26-Apr-2026,17:29:24,0.98,1
Cedar Waxwing,Bombycilla cedrorum,2026-04-27T00:29:17Z,26-Apr-2026,17:29:17,0.3,1
Bushtit,Psaltriparus minimus,2026-04-27T00:29:03Z,26-Apr-2026,17:29:03,0.93,1
Bewick's Wren,Thryomanes bewickii,2026-04-27T00:28:52Z,26-Apr-2026,17:28:52,0.57,1
Bewick's Wren,Thryomanes bewickii,2026-04-27T00:28:42Z,26-Apr-2026,17:28:42,0.73,1
Bushtit,Psaltriparus minimus,2026-04-27T00:28:09Z,26-Apr-2026,17:28:09,0.27,1
Bushtit,Psaltriparus minimus,2026-04-27T00:27:57Z,26-Apr-2026,17:27:57,0.76,1
Bushtit,Psaltriparus minimus,2026-04-27T00:27:50Z,26-Apr-2026,17:27:50,0.96,1
Bushtit,Psaltriparus minimus,2026-04-27T00:27:42Z,26-Apr-2026,17:27:42,0.89,1
Bushtit,Psaltriparus minimus,2026-04-27T00:27:34Z,26-Apr-2026,17:27:34,0.52,1
American Robin,Turdus migratorius,2026-04-27T00:27:27Z,26-Apr-2026,17:27:27,0.26,1
Bushtit,Psaltriparus minimus,2026-04-27T00:27:19Z,26-Apr-2026,17:27:19,0.55,1
Bushtit,Psaltriparus minimus,2026-04-27T00:27:13Z,26-Apr-2026,17:27:13,0.28,1
American Robin,Turdus migratorius,2026-04-27T00:26:33Z,26-Apr-2026,17:26:33,0.8157,1
Bushtit,Psaltriparus minimus,2026-04-27T00:26:23Z,26-Apr-2026,17:26:23,0.35,1
American Robin,Turdus migratorius,2026-04-27T00:26:04Z,26-Apr-2026,17:26:04,0.28,1
American Robin,Turdus migratorius,2026-04-27T00:25:53Z,26-Apr-2026,17:25:53,0.28,1
House Finch,Haemorhous mexicanus,2026-04-27T00:24:37Z,26-Apr-2026,17:24:37,0.37,1
Hammond's Flycatcher,Empidonax hammondii,2026-04-27T00:24:30Z,26-Apr-2026,17:24:30,0.51,1
American Robin,Turdus migratorius,2026-04-27T00:24:23Z,26-Apr-2026,17:24:23,0.8471,1
House Finch,Haemorhous mexicanus,2026-04-27T00:23:57Z,26-Apr-2026,17:23:57,0.8,5
American Robin,Turdus migratorius,2026-04-27T00:23:24Z,26-Apr-2026,17:23:24,0.28,1
House Finch,Haemorhous mexicanus,2026-04-27T00:22:51Z,26-Apr-2026,17:22:51,0.45,1
House Finch,Haemorhous mexicanus,2026-04-27T00:22:27Z,26-Apr-2026,17:22:27,0.8745,5
American Robin,Turdus migratorius,2026-04-27T00:21:55Z,26-Apr-2026,17:21:55,0.26,1
Red-breasted Nuthatch,Sitta canadensis,2026-04-27T00:21:31Z,26-Apr-2026,17:21:31,0.33,1
House Finch,Haemorhous mexicanus,2026-04-27T00:20:58Z,26-Apr-2026,17:20:58,0.33,1
House Finch,Haemorhous mexicanus,2026-04-27T00:20:44Z,26-Apr-2026,17:20:44,0.8314,4
Bushtit,Psaltriparus minimus,2026-04-27T00:20:23Z,26-Apr-2026,17:20:23,0.71,1
Bushtit,Psaltriparus minimus,2026-04-27T00:20:15Z,26-Apr-2026,17:20:15,0.37,1
Bushtit,Psaltriparus minimus,2026-04-27T00:20:09Z,26-Apr-2026,17:20:09,0.92,1
American Robin,Turdus migratorius,2026-04-27T00:19:54Z,26-Apr-2026,17:19:54,0.7804,1
House Finch,Haemorhous mexicanus,2026-04-27T00:19:31Z,26-Apr-2026,17:19:31,0.8863,3
House Finch,Haemorhous mexicanus,2026-04-27T00:19:23Z,26-Apr-2026,17:19:23,0.51,1
American Robin,Turdus migratorius,2026-04-27T00:18:48Z,26-Apr-2026,17:18:48,0.8471,1
Black-capped Chickadee,Poecile atricapillus,2026-04-27T00:17:19Z,26-Apr-2026,17:17:19,0.29,1
House Finch,Haemorhous mexicanus,2026-04-27T00:17:01Z,26-Apr-2026,17:17:01,0.898,1
American Robin,Turdus migratorius,2026-04-27T00:15:53Z,26-Apr-2026,17:15:53,0.8745,1
American Robin,Turdus migratorius,2026-04-27T00:15:39Z,26-Apr-2026,17:15:39,0.27,1
Black-capped Chickadee,Poecile atricapillus,2026-04-27T00:09:26Z,26-Apr-2026,17:09:26,0.7804,1
Black-capped Chickadee,Poecile atricapillus,2026-04-27T00:07:09Z,26-Apr-2026,17:07:09,0.28,1
American Robin,Turdus migratorius,2026-04-27T00:06:48Z,26-Apr-2026,17:06:48,0.8471,1
Mountain Chickadee,Poecile gambeli,2026-04-27T00:05:31Z,26-Apr-2026,17:05:31,0.34,1
Chestnut-backed Chickadee,Poecile rufescens,2026-04-27T00:05:17Z,26-Apr-2026,17:05:17,0.26,1
Chestnut-backed Chickadee,Poecile rufescens,2026-04-27T00:04:56Z,26-Apr-2026,17:04:56,0.3,1
American Robin,Turdus migratorius,2026-04-27T00:04:48Z,26-Apr-2026,17:04:48,0.31,1
Chestnut-backed Chickadee,Poecile rufescens,2026-04-27T00:04:38Z,26-Apr-2026,17:04:38,0.3,1
Chestnut-backed Chickadee,Poecile rufescens,2026-04-27T00:04:24Z,26-Apr-2026,17:04:24,0.8314,1
Dark-eyed Junco,Junco hyemalis,2026-04-27T00:03:54Z,26-Apr-2026,17:03:54,0.8863,1
Chestnut-backed Chickadee,Poecile rufescens,2026-04-27T00:02:53Z,26-Apr-2026,17:02:53,0.51,1
Chestnut-backed Chickadee,Poecile rufescens,2026-04-27T00:01:02Z,26-Apr-2026,17:01:02,0.8627,1
Bewick's Wren,Thryomanes bewickii,2026-04-27T00:00:01Z,26-Apr-2026,17:00:01,0.88,1
