Species,Scientific Name,UTC Date,Local Date,Local Time,Score,Count
Bewick's Wren,Thryomanes bewickii,2026-04-29T23:59:32Z,29-Apr-2026,16:59:32,0.34,1
Bewick's Wren,Thryomanes bewickii,2026-04-29T23:59:24Z,29-Apr-2026,16:59:24,0.29,1
Bewick's Wren,Thryomanes bewickii,2026-04-29T23:59:13Z,29-Apr-2026,16:59:13,0.4,1
Bewick's Wren,Thryomanes bewickii,2026-04-29T23:58:42Z,29-Apr-2026,16:58:42,0.32,1
Bewick's Wren,Thryomanes bewickii,2026-04-29T23:58:27Z,29-Apr-2026,16:58:27,0.39,1
Bewick's Wren,Thryomanes bewickii,2026-04-29T23:58:16Z,29-Apr-2026,16:58:16,0.26,1
Bewick's Wren,Thryomanes bewickii,2026-04-29T23:58:09Z,29-Apr-2026,16:58:09,0.37,1
American Robin,Turdus migratorius,2026-04-29T23:55:25Z,29-Apr-2026,16:55:25,0.8157,1
Yellow-rumped Warbler,Setophaga coronata,2026-04-29T23:54:36Z,29-Apr-2026,16:54:36,0.59,1
Black-capped Chickadee,Poecile atricapillus,2026-04-29T23:48:51Z,29-Apr-2026,16:48:51,0.4,1
Anna's Hummingbird,Calypte anna,2026-04-29T23:47:25Z,29-Apr-2026,16:47:25,0.949,1
Bewick's Wren,Thryomanes bewickii,2026-04-29T23:39:00Z,29-Apr-2026,16:39:00,0.45,1
Bewick's Wren,Thryomanes bewickii,2026-04-29T23:38:44Z,29-Apr-2026,16:38:44,0.75,1
Bewick's Wren,Thryomanes bewickii,2026-04-29T23:38:12Z,29-Apr-2026,16:38:12,0.33,1
House Finch,Haemorhous mexicanus,2026-04-29T23:36:07Z,29-Apr-2026,16:36:07,0.9412,1
Bewick's Wren,Thryomanes bewickii,2026-04-29T23:34:18Z,29-Apr-2026,16:34:18,0.4,1
Bewick's Wren,Thryomanes bewickii,2026-04-29T23:34:11Z,29-Apr-2026,16:34:11,0.66,1
Bewick's Wren,Thryomanes bewickii,2026-04-29T23:33:58Z,29-Apr-2026,16:33:58,0.33,1
Bewick's Wren,Thryomanes bewickii,2026-04-29T23:33:51Z,29-Apr-2026,16:33:51,0.61,1
Bewick's Wren,Thryomanes bewickii,2026-04-29T23:33:34Z,29-Apr-2026,16:33:34,0.31,1
Bewick's Wren,Thryomanes bewickii,2026-04-29T23:33:27Z,29-Apr-2026,16:33:27,0.81,1
Bewick's Wren,Thryomanes bewickii,2026-04-29T23:33:06Z,29-Apr-2026,16:33:06,0.48,1
American Crow,Corvus brachyrhynchos,2026-04-29T23:27:56Z,29-Apr-2026,16:27:56,0.8471,1
Chestnut-backed Chickadee,Poecile rufescens,2026-04-29T23:24:30Z,29-Apr-2026,16:24:30,0.48,1
Chestnut-backed Chickadee,Poecile rufescens,2026-04-29T23:24:23Z,29-Apr-2026,16:24:23,0.9647,4
Chestnut-backed Chickadee,Poecile rufescens,2026-04-29T23:23:35Z,29-Apr-2026,16:23:35,0.41,1
Chestnut-backed Chickadee,Poecile rufescens,2026-04-29T23:23:25Z,29-Apr-2026,16:23:25,0.31,1
Chestnut-backed Chickadee,Poecile rufescens,2026-04-29T23:23:18Z,29-Apr-2026,16:23:18,0.27,1
Chestnut-backed Chickadee,Poecile rufescens,2026-04-29T23:23:14Z,29-Apr-2026,16:23:14,0.9804,3
Chestnut-backed Chickadee,Poecile rufescens,2026-04-29T23:22:33Z,29-Apr-2026,16:22:33,0.38,1
Chestnut-backed Chickadee,Poecile rufescens,2026-04-29T23:21:24Z,29-Apr-2026,16:21:24,0.949,1
House Finch,Haemorhous mexicanus,2026-04-29T23:20:41Z,29-Apr-2026,16:20:41,0.8471,1
House Finch,Haemorhous mexicanus,2026-04-29T23:13:52Z,29-Apr-2026,16:13:52,0.31,1
House Finch,Haemorhous mexicanus,2026-04-29T23:13:46Z,29-Apr-2026,16:13:46,0.89,1
Black-capped Chickadee,Poecile atricapillus,2026-04-29T23:12:44Z,29-Apr-2026,16:12:44,0.8314,1
Bewick's Wren,Thryomanes bewickii,2026-04-29T23:11:03Z,29-Apr-2026,16:11:03,0.62,1
Bewick's Wren,Thryomanes bewickii,2026-04-29T23:10:37Z,29-Apr-2026,16:10:37,0.29,1
Bewick's Wren,Thryomanes bewickii,2026-04-29T23:10:06Z,29-Apr-2026,16:10:06,0.35,1
Bewick's Wren,Thryomanes bewickii,2026-04-29T23:08:33Z,29-Apr-2026,16:08:33,0.26,1
Chestnut-backed Chickadee,Poecile rufescens,2026-04-29T23:07:17Z,29-Apr-2026,16:07:17,0.71,1
Chestnut-backed Chickadee,Poecile rufescens,2026-04-29T23:06:51Z,29-Apr-2026,16:06:51,0.9804,3
Bewick's Wren,Thryomanes bewickii,2026-04-29T23:06:37Z,29-Apr-2026,16:06:37,0.28,1
Chestnut-backed Chickadee,Poecile rufescens,2026-04-29T23:06:30Z,29-Apr-2026,16:06:30,0.46,1
Chestnut-backed Chickadee,Poecile rufescens,2026-04-29T23:05:40Z,29-Apr-2026,16:05:40,0.8745,2
Chestnut-backed Chickadee,Poecile rufescens,2026-04-29T23:02:36Z,29-Apr-2026,16:02:36,0.898,1
Chestnut-backed Chickadee,Poecile rufescens,2026-04-29T22:59:24Z,29-Apr-2026,15:59:24,0.8,2
American Crow,Corvus brachyrhynchos,2026-04-29T22:58:37Z,29-Apr-2026,15:58:37,0.33,1
Chestnut-backed Chickadee,Poecile rufescens,2026-04-29T22:57:35Z,29-Apr-2026,15:57:35,0.8157,1
Chestnut-backed Chickadee,Poecile rufescens,2026-04-29T22:56:57Z,29-Apr-2026,15:56:57,0.48,1
Bewick's Wren,Thryomanes bewickii,2026-04-29T22:56:50Z,29-Apr-2026,15:56:50,0.26,1
House Finch,Haemorhous mexicanus,2026-04-29T22:55:30Z,29-Apr-2026,15:55:30,0.9333,1
House Finch,Haemorhous mexicanus,2026-04-29T22:55:12Z,29-Apr-2026,15:55:12,0.3,1
Chestnut-backed Chickadee,Poecile rufescens,2026-04-29T22:54:42Z,29-Apr-2026,15:54:42,0.9333,1
House Finch,Haemorhous mexicanus,2026-04-29T22:53:22Z,29-Apr-2026,15:53:22,0.29,1
Bewick's Wren,Thryomanes bewickii,2026-04-29T22:53:09Z,29-Apr-2026,15:53:09,0.29,1
Chestnut-backed Chickadee,Poecile rufescens,2026-04-29T22:53:04Z,29-Apr-2026,15:53:04,0.8471,1
Chestnut-backed Chickadee,Poecile rufescens,2026-04-29T22:52:59Z,29-Apr-2026,15:52:59,0.43,1
Chestnut-backed Chickadee,Poecile rufescens,2026-04-29T22:52:08Z,29-Apr-2026,15:52:08,0.35,1
Bewick's Wren,Thryomanes bewickii,2026-04-29T22:52:01Z,29-Apr-2026,15:52:01,0.26,1
Chestnut-backed Chickadee,Poecile rufescens,2026-04-29T22:51:40Z,29-Apr-2026,15:51:40,0.8314,4
Chestnut-backed Chickadee,Poecile rufescens,2026-04-29T22:50:53Z,29-Apr-2026,15:50:53,0.8,1
American Crow,Corvus brachyrhynchos,2026-04-29T22:50:36Z,29-Apr-2026,15:50:36,0.8157,1
Chestnut-backed Chickadee,Poecile rufescens,2026-04-29T22:50:18Z,29-Apr-2026,15:50:18,0.9176,1
Chestnut-backed Chickadee,Poecile rufescens,2026-04-29T22:48:27Z,29-Apr-2026,15:48:27,0.9961,1
Chestnut-backed Chickadee,Poecile rufescens,2026-04-29T22:47:15Z,29-Apr-2026,15:47:15,0.9176,4
Chestnut-backed Chickadee,Poecile rufescens,2026-04-29T22:46:12Z,29-Apr-2026,15:46:12,0.9765,3
Chestnut-backed Chickadee,Poecile rufescens,2026-04-29T22:44:52Z,29-Apr-2026,15:44:52,0.49,1
Chestnut-backed Chickadee,Poecile rufescens,2026-04-29T22:44:18Z,29-Apr-2026,15:44:18,0.8,2
Chestnut-backed Chickadee,Poecile rufescens,2026-04-29T22:44:12Z,29-Apr-2026,15:44:12,0.32,1
Chestnut-backed Chickadee,Poecile rufescens,2026-04-29T22:43:09Z,29-Apr-2026,15:43:09,0.7804,6
Chestnut-backed Chickadee,Poecile rufescens,2026-04-29T22:42:03Z,29-Apr-2026,15:42:03,0.9255,4
American Crow,Corvus brachyrhynchos,2026-04-29T22:41:01Z,29-Apr-2026,15:41:01,0.8157,1
Chestnut-backed Chickadee,Poecile rufescens,2026-04-29T22:40:00Z,29-Apr-2026,15:40:00,0.9333,1
Chestnut-backed Chickadee,Poecile rufescens,2026-04-29T22:38:30Z,29-Apr-2026,15:38:30,0.8157,7
Chestnut-backed Chickadee,Poecile rufescens,2026-04-29T22:36:44Z,29-Apr-2026,15:36:44,0.59,1
Chestnut-backed Chickadee,Poecile rufescens,2026-04-29T22:36:34Z,29-Apr-2026,15:36:34,0.9333,11
Chestnut-backed Chickadee,Poecile rufescens,2026-04-29T22:36:27Z,29-Apr-2026,15:36:27,0.64,1
Chestnut-backed Chickadee,Poecile rufescens,2026-04-29T22:35:27Z,29-Apr-2026,15:35:27,0.9922,3
Chestnut-backed Chickadee,Poecile rufescens,2026-04-29T22:34:37Z,29-Apr-2026,15:34:37,0.51,1
Bewick's Wren,Thryomanes bewickii,2026-04-29T22:34:22Z,29-Apr-2026,15:34:22,0.34,1
Chestnut-backed Chickadee,Poecile rufescens,2026-04-29T22:34:15Z,29-Apr-2026,15:34:15,0.8,1
Bewick's Wren,Thryomanes bewickii,2026-04-29T22:33:08Z,29-Apr-2026,15:33:08,0.79,1
Chestnut-backed Chickadee,Poecile rufescens,2026-04-29T22:32:44Z,29-Apr-2026,15:32:44,0.8314,2
Bewick's Wren,Thryomanes bewickii,2026-04-29T22:31:52Z,29-Apr-2026,15:31:52,0.38,1
Bewick's Wren,Thryomanes bewickii,2026-04-29T22:31:45Z,29-Apr-2026,15:31:45,0.52,1
Bewick's Wren,Thryomanes bewickii,2026-04-29T22:31:34Z,29-Apr-2026,15:31:34,0.9,1
Bewick's Wren,Thryomanes bewickii,2026-04-29T22:31:24Z,29-Apr-2026,15:31:24,0.28,1
Chestnut-backed Chickadee,Poecile rufescens,2026-04-29T22:29:52Z,29-Apr-2026,15:29:52,0.898,3
Chestnut-backed Chickadee,Poecile rufescens,2026-04-29T22:29:39Z,29-Apr-2026,15:29:39,0.31,1
Chestnut-backed Chickadee,Poecile rufescens,2026-04-29T22:28:48Z,29-Apr-2026,15:28:48,0.9176,1
Chestnut-backed Chickadee,Poecile rufescens,2026-04-29T22:24:14Z,29-Apr-2026,15:24:14,0.7804,1
Bewick's Wren,Thryomanes bewickii,2026-04-29T22:21:13Z,29-Apr-2026,15:21:13,0.39,1
Bewick's Wren,Thryomanes bewickii,2026-04-29T22:21:06Z,29-Apr-2026,15:21:06,0.59,1
Bewick's Wren,Thryomanes bewickii,2026-04-29T22:20:55Z,29-Apr-2026,15:20:55,0.32,1
Bewick's Wren,Thryomanes bewickii,2026-04-29T22:20:40Z,29-Apr-2026,15:20:40,0.41,1
Bewick's Wren,Thryomanes bewickii,2026-04-29T22:20:26Z,29-Apr-2026,15:20:26,0.35,1
Bewick's Wren,Thryomanes bewickii,2026-04-29T22:20:09Z,29-Apr-2026,15:20:09,0.33,1
Bewick's Wren,Thryomanes bewickii,2026-04-29T22:19:39Z,29-Apr-2026,15:19:39,0.55,1
Bewick's Wren,Thryomanes bewickii,2026-04-29T22:19:01Z,29-Apr-2026,15:19:01,0.37,1
House Finch,Haemorhous mexicanus,2026-04-29T22:14:34Z,29-Apr-2026,15:14:34,0.9529,2
House Finch,Haemorhous mexicanus,2026-04-29T22:13:01Z,29-Apr-2026,15:13:01,0.9686,1
House Finch,Haemorhous mexicanus,2026-04-29T22:11:58Z,29-Apr-2026,15:11:58,0.9098,2
Black-capped Chickadee,Poecile atricapillus,2026-04-29T22:11:27Z,29-Apr-2026,15:11:27,0.36,1
Black-capped Chickadee,Poecile atricapillus,2026-04-29T22:11:12Z,29-Apr-2026,15:11:12,0.26,1
House Finch,Haemorhous mexicanus,2026-04-29T22:10:31Z,29-Apr-2026,15:10:31,0.9725,2
Fox Sparrow,Passerella iliaca,2026-04-29T22:09:19Z,29-Apr-2026,15:09:19,0.5,1
House Finch,Haemorhous mexicanus,2026-04-29T22:08:57Z,29-Apr-2026,15:08:57,0.8863,1
Black-capped Chickadee,Poecile atricapillus,2026-04-29T22:08:25Z,29-Apr-2026,15:08:25,0.47,1
Black-capped Chickadee,Poecile atricapillus,2026-04-29T22:08:06Z,29-Apr-2026,15:08:06,0.8,1
Chestnut-backed Chickadee,Poecile rufescens,2026-04-29T22:07:34Z,29-Apr-2026,15:07:34,0.7804,13
White-crowned Sparrow,Zonotrichia leucophrys,2026-04-29T22:04:57Z,29-Apr-2026,15:04:57,0.34,1
Chestnut-backed Chickadee,Poecile rufescens,2026-04-29T22:03:52Z,29-Apr-2026,15:03:52,0.57,1
Chestnut-backed Chickadee,Poecile rufescens,2026-04-29T22:03:09Z,29-Apr-2026,15:03:09,1,13
Chestnut-backed Chickadee,Poecile rufescens,2026-04-29T22:02:24Z,29-Apr-2026,15:02:24,0.26,1
Chestnut-backed Chickadee,Poecile rufescens,2026-04-29T22:02:06Z,29-Apr-2026,15:02:06,0.9569,1
Chestnut-backed Chickadee,Poecile rufescens,2026-04-29T22:01:57Z,29-Apr-2026,15:01:57,0.5,1
Red-breasted Nuthatch,Sitta canadensis,2026-04-29T22:01:32Z,29-Apr-2026,15:01:32,0.67,1
House Finch,Haemorhous mexicanus,2026-04-29T22:01:21Z,29-Apr-2026,15:01:21,0.3,1
Black-capped Chickadee,Poecile atricapillus,2026-04-29T22:00:04Z,29-Apr-2026,15:00:04,0.48,1
Chestnut-backed Chickadee,Poecile rufescens,2026-04-29T21:59:09Z,29-Apr-2026,14:59:09,0.37,1
Black-capped Chickadee,Poecile atricapillus,2026-04-29T21:58:47Z,29-Apr-2026,14:58:47,0.28,1
Chestnut-backed Chickadee,Poecile rufescens,2026-04-29T21:57:46Z,29-Apr-2026,14:57:46,0.36,1
Anna's Hummingbird,Calypte anna,2026-04-29T21:57:41Z,29-Apr-2026,14:57:41,0.7804,1
House Finch,Haemorhous mexicanus,2026-04-29T21:57:36Z,29-Apr-2026,14:57:36,0.3,1
Chestnut-backed Chickadee,Poecile rufescens,2026-04-29T21:56:57Z,29-Apr-2026,14:56:57,0.8,1
American Crow,Corvus brachyrhynchos,2026-04-29T21:56:52Z,29-Apr-2026,14:56:52,0.8,1
Black-capped Chickadee,Poecile atricapillus,2026-04-29T21:53:31Z,29-Apr-2026,14:53:31,0.9529,1
American Crow,Corvus brachyrhynchos,2026-04-29T21:49:33Z,29-Apr-2026,14:49:33,0.7804,1
American Goldfinch,Spinus tristis,2026-04-29T21:46:24Z,29-Apr-2026,14:46:24,0.7804,1
Anna's Hummingbird,Calypte anna,2026-04-29T21:37:21Z,29-Apr-2026,14:37:21,0.8627,1
Chestnut-backed Chickadee,Poecile rufescens,2026-04-29T21:34:35Z,29-Apr-2026,14:34:35,0.8314,1
Chestnut-backed Chickadee,Poecile rufescens,2026-04-29T21:34:15Z,29-Apr-2026,14:34:15,0.65,1
Chestnut-backed Chickadee,Poecile rufescens,2026-04-29T21:29:25Z,29-Apr-2026,14:29:25,0.8,1
Chestnut-backed Chickadee,Poecile rufescens,2026-04-29T21:28:12Z,29-Apr-2026,14:28:12,0.63,1
Chestnut-backed Chickadee,Poecile rufescens,2026-04-29T21:26:24Z,29-Apr-2026,14:26:24,0.8471,3
American Crow,Corvus brachyrhynchos,2026-04-29T21:25:15Z,29-Apr-2026,14:25:15,0.8157,1
American Crow,Corvus brachyrhynchos,2026-04-29T21:24:12Z,29-Apr-2026,14:24:12,0.9176,3
Chestnut-backed Chickadee,Poecile rufescens,2026-04-29T21:23:19Z,29-Apr-2026,14:23:19,0.43,1
Anna's Hummingbird,Calypte anna,2026-04-29T21:23:00Z,29-Apr-2026,14:23:00,0.9098,1
American Crow,Corvus brachyrhynchos,2026-04-29T21:22:11Z,29-Apr-2026,14:22:11,0.8745,3
Chestnut-backed Chickadee,Poecile rufescens,2026-04-29T21:21:24Z,29-Apr-2026,14:21:24,0.35,1
Chestnut-backed Chickadee,Poecile rufescens,2026-04-29T21:20:42Z,29-Apr-2026,14:20:42,0.34,1
Chestnut-backed Chickadee,Poecile rufescens,2026-04-29T21:20:18Z,29-Apr-2026,14:20:18,0.9333,1
American Crow,Corvus brachyrhynchos,2026-04-29T21:20:08Z,29-Apr-2026,14:20:08,0.9255,1
Chestnut-backed Chickadee,Poecile rufescens,2026-04-29T21:17:57Z,29-Apr-2026,14:17:57,0.9176,3
Chestnut-backed Chickadee,Poecile rufescens,2026-04-29T21:16:53Z,29-Apr-2026,14:16:53,0.8,3
Chestnut-backed Chickadee,Poecile rufescens,2026-04-29T21:16:48Z,29-Apr-2026,14:16:48,0.48,1
Chestnut-backed Chickadee,Poecile rufescens,2026-04-29T21:15:34Z,29-Apr-2026,14:15:34,0.35,1
Chestnut-backed Chickadee,Poecile rufescens,2026-04-29T21:15:30Z,29-Apr-2026,14:15:30,0.8863,1
Chestnut-backed Chickadee,Poecile rufescens,2026-04-29T21:12:26Z,29-Apr-2026,14:12:26,0.8,1
House Finch,Haemorhous mexicanus,2026-04-29T21:11:34Z,29-Apr-2026,14:11:34,0.8627,1
House Finch,Haemorhous mexicanus,2026-04-29T21:09:42Z,29-Apr-2026,14:09:42,0.46,1
Chestnut-backed Chickadee,Poecile rufescens,2026-04-29T21:09:31Z,29-Apr-2026,14:09:31,0.898,1
House Finch,Haemorhous mexicanus,2026-04-29T21:07:55Z,29-Apr-2026,14:07:55,0.8157,5
Violet-green Swallow,Tachycineta thalassina,2026-04-29T21:07:51Z,29-Apr-2026,14:07:51,0.54,1
House Finch,Haemorhous mexicanus,2026-04-29T21:06:19Z,29-Apr-2026,14:06:19,0.8471,1
House Finch,Haemorhous mexicanus,2026-04-29T21:06:12Z,29-Apr-2026,14:06:12,0.49,1
Chestnut-backed Chickadee,Poecile rufescens,2026-04-29T21:04:36Z,29-Apr-2026,14:04:36,0.949,7
Chestnut-backed Chickadee,Poecile rufescens,2026-04-29T21:02:46Z,29-Apr-2026,14:02:46,0.33,1
Chestnut-backed Chickadee,Poecile rufescens,2026-04-29T21:02:33Z,29-Apr-2026,14:02:33,0.8863,6
Chestnut-backed Chickadee,Poecile rufescens,2026-04-29T21:01:30Z,29-Apr-2026,14:01:30,0.58,1
Chestnut-backed Chickadee,Poecile rufescens,2026-04-29T21:01:22Z,29-Apr-2026,14:01:22,0.55,1
Chestnut-backed Chickadee,Poecile rufescens,2026-04-29T21:00:48Z,29-Apr-2026,14:00:48,0.9882,4
Chestnut-backed Chickadee,Poecile rufescens,2026-04-29T20:59:59Z,29-Apr-2026,13:59:59,0.28,1
Chestnut-backed Chickadee,Poecile rufescens,2026-04-29T20:59:45Z,29-Apr-2026,13:59:45,0.3,1
Chestnut-backed Chickadee,Poecile rufescens,2026-04-29T20:59:37Z,29-Apr-2026,13:59:37,0.8,1
Bewick's Wren,Thryomanes bewickii,2026-04-29T20:59:27Z,29-Apr-2026,13:59:27,0.28,1
Bewick's Wren,Thryomanes bewickii,2026-04-29T20:59:20Z,29-Apr-2026,13:59:20,0.32,1
Chestnut-backed Chickadee,Poecile rufescens,2026-04-29T20:59:03Z,29-Apr-2026,13:59:03,0.37,1
Bewick's Wren,Thryomanes bewickii,2026-04-29T20:58:09Z,29-Apr-2026,13:58:09,0.42,1
Bewick's Wren,Thryomanes bewickii,2026-04-29T20:58:00Z,29-Apr-2026,13:58:00,0.37,1
White-crowned Sparrow,Zonotrichia leucophrys,2026-04-29T20:54:46Z,29-Apr-2026,13:54:46,0.5,1
Bewick's Wren,Thryomanes bewickii,2026-04-29T20:54:33Z,29-Apr-2026,13:54:33,0.31,1
Bewick's Wren,Thryomanes bewickii,2026-04-29T20:54:19Z,29-Apr-2026,13:54:19,0.54,1
Bewick's Wren,Thryomanes bewickii,2026-04-29T20:54:09Z,29-Apr-2026,13:54:09,0.43,1
Bewick's Wren,Thryomanes bewickii,2026-04-29T20:52:49Z,29-Apr-2026,13:52:49,0.66,1
Bewick's Wren,Thryomanes bewickii,2026-04-29T20:52:31Z,29-Apr-2026,13:52:31,0.63,1
Bewick's Wren,Thryomanes bewickii,2026-04-29T20:52:02Z,29-Apr-2026,13:52:02,0.72,1
Bewick's Wren,Thryomanes bewickii,2026-04-29T20:51:54Z,29-Apr-2026,13:51:54,0.66,1
Bewick's Wren,Thryomanes bewickii,2026-04-29T20:51:44Z,29-Apr-2026,13:51:44,0.89,1
Bewick's Wren,Thryomanes bewickii,2026-04-29T20:51:36Z,29-Apr-2026,13:51:36,0.82,1
Bewick's Wren,Thryomanes bewickii,2026-04-29T20:51:15Z,29-Apr-2026,13:51:15,0.33,1
Bewick's Wren,Thryomanes bewickii,2026-04-29T20:51:04Z,29-Apr-2026,13:51:04,0.65,1
Bewick's Wren,Thryomanes bewickii,2026-04-29T20:50:47Z,29-Apr-2026,13:50:47,0.68,1
Bewick's Wren,Thryomanes bewickii,2026-04-29T20:50:40Z,29-Apr-2026,13:50:40,0.5,1
Bewick's Wren,Thryomanes bewickii,2026-04-29T20:50:25Z,29-Apr-2026,13:50:25,0.49,1
Bewick's Wren,Thryomanes bewickii,2026-04-29T20:50:01Z,29-Apr-2026,13:50:01,0.39,1
Bewick's Wren,Thryomanes bewickii,2026-04-29T20:49:54Z,29-Apr-2026,13:49:54,0.64,1
House Finch,Haemorhous mexicanus,2026-04-29T20:49:44Z,29-Apr-2026,13:49:44,0.28,1
Bewick's Wren,Thryomanes bewickii,2026-04-29T20:49:36Z,29-Apr-2026,13:49:36,0.52,1
Bewick's Wren,Thryomanes bewickii,2026-04-29T20:49:27Z,29-Apr-2026,13:49:27,0.31,1
Bewick's Wren,Thryomanes bewickii,2026-04-29T20:47:56Z,29-Apr-2026,13:47:56,0.3,1
Bewick's Wren,Thryomanes bewickii,2026-04-29T20:47:40Z,29-Apr-2026,13:47:40,0.58,1
House Finch,Haemorhous mexicanus,2026-04-29T20:47:31Z,29-Apr-2026,13:47:31,0.46,1
House Finch,Haemorhous mexicanus,2026-04-29T20:45:55Z,29-Apr-2026,13:45:55,0.8157,3
House Finch,Haemorhous mexicanus,2026-04-29T20:44:53Z,29-Apr-2026,13:44:53,0.7804,1
House Finch,Haemorhous mexicanus,2026-04-29T20:44:34Z,29-Apr-2026,13:44:34,0.36,1
Bewick's Wren,Thryomanes bewickii,2026-04-29T20:42:28Z,29-Apr-2026,13:42:28,0.28,1
House Finch,Haemorhous mexicanus,2026-04-29T20:40:16Z,29-Apr-2026,13:40:16,0.8745,1
House Finch,Haemorhous mexicanus,2026-04-29T20:38:16Z,29-Apr-2026,13:38:16,0.9255,1
Black-capped Chickadee,Poecile atricapillus,2026-04-29T20:37:57Z,29-Apr-2026,13:37:57,0.8314,1
Black-capped Chickadee,Poecile atricapillus,2026-04-29T20:33:18Z,29-Apr-2026,13:33:18,0.9176,1
Downy Woodpecker,Dryobates pubescens,2026-04-29T20:31:51Z,29-Apr-2026,13:31:51,0.8,1
Bewick's Wren,Thryomanes bewickii,2026-04-29T20:31:30Z,29-Apr-2026,13:31:30,0.41,1
Bewick's Wren,Thryomanes bewickii,2026-04-29T20:31:23Z,29-Apr-2026,13:31:23,0.78,1
Bewick's Wren,Thryomanes bewickii,2026-04-29T20:30:57Z,29-Apr-2026,13:30:57,0.36,1
Bewick's Wren,Thryomanes bewickii,2026-04-29T20:30:44Z,29-Apr-2026,13:30:44,0.77,1
Bewick's Wren,Thryomanes bewickii,2026-04-29T20:30:37Z,29-Apr-2026,13:30:37,0.7,1
Bewick's Wren,Thryomanes bewickii,2026-04-29T20:30:24Z,29-Apr-2026,13:30:24,0.76,1
Bewick's Wren,Thryomanes bewickii,2026-04-29T20:30:17Z,29-Apr-2026,13:30:17,0.7,1
Bewick's Wren,Thryomanes bewickii,2026-04-29T20:30:10Z,29-Apr-2026,13:30:10,0.89,1
Bewick's Wren,Thryomanes bewickii,2026-04-29T20:29:35Z,29-Apr-2026,13:29:35,0.46,1
Bewick's Wren,Thryomanes bewickii,2026-04-29T20:29:04Z,29-Apr-2026,13:29:04,0.57,1
Bewick's Wren,Thryomanes bewickii,2026-04-29T20:28:57Z,29-Apr-2026,13:28:57,0.63,1
Bewick's Wren,Thryomanes bewickii,2026-04-29T20:28:47Z,29-Apr-2026,13:28:47,0.6,1
Bewick's Wren,Thryomanes bewickii,2026-04-29T20:28:40Z,29-Apr-2026,13:28:40,0.47,1
Bewick's Wren,Thryomanes bewickii,2026-04-29T20:28:12Z,29-Apr-2026,13:28:12,0.44,1
Bewick's Wren,Thryomanes bewickii,2026-04-29T20:27:59Z,29-Apr-2026,13:27:59,0.44,1
Bewick's Wren,Thryomanes bewickii,2026-04-29T20:27:49Z,29-Apr-2026,13:27:49,0.69,1
Bewick's Wren,Thryomanes bewickii,2026-04-29T20:26:39Z,29-Apr-2026,13:26:39,0.48,1
House Finch,Haemorhous mexicanus,2026-04-29T20:26:28Z,29-Apr-2026,13:26:28,0.86,1
House Finch,Haemorhous mexicanus,2026-04-29T20:26:06Z,29-Apr-2026,13:26:06,0.8157,1
Bewick's Wren,Thryomanes bewickii,2026-04-29T20:25:57Z,29-Apr-2026,13:25:57,0.53,1
Bewick's Wren,Thryomanes bewickii,2026-04-29T20:24:57Z,29-Apr-2026,13:24:57,0.36,1
Black-capped Chickadee,Poecile atricapillus,2026-04-29T20:23:21Z,29-Apr-2026,13:23:21,0.33,1
Yellow-rumped Warbler,Setophaga coronata,2026-04-29T20:21:09Z,29-Apr-2026,13:21:09,0.44,1
Chestnut-backed Chickadee,Poecile rufescens,2026-04-29T20:20:39Z,29-Apr-2026,13:20:39,0.9843,1
Black-capped Chickadee,Poecile atricapillus,2026-04-29T20:19:03Z,29-Apr-2026,13:19:03,0.7804,1
Yellow-rumped Warbler,Setophaga coronata,2026-04-29T20:18:13Z,29-Apr-2026,13:18:13,0.48,1
Yellow-rumped Warbler,Setophaga coronata,2026-04-29T20:17:51Z,29-Apr-2026,13:17:51,0.31,1
Bushtit,Psaltriparus minimus,2026-04-29T20:17:41Z,29-Apr-2026,13:17:41,0.39,1
Bushtit,Psaltriparus minimus,2026-04-29T20:17:34Z,29-Apr-2026,13:17:34,0.3,1
Bushtit,Psaltriparus minimus,2026-04-29T20:17:27Z,29-Apr-2026,13:17:27,0.38,1
Bushtit,Psaltriparus minimus,2026-04-29T20:17:19Z,29-Apr-2026,13:17:19,0.54,1
Bushtit,Psaltriparus minimus,2026-04-29T20:17:10Z,29-Apr-2026,13:17:10,0.8,1
Bushtit,Psaltriparus minimus,2026-04-29T20:17:03Z,29-Apr-2026,13:17:03,0.93,1
Bushtit,Psaltriparus minimus,2026-04-29T20:16:13Z,29-Apr-2026,13:16:13,0.71,1
Bushtit,Psaltriparus minimus,2026-04-29T20:16:05Z,29-Apr-2026,13:16:05,0.46,1
Bushtit,Psaltriparus minimus,2026-04-29T20:15:58Z,29-Apr-2026,13:15:58,0.97,1
Bushtit,Psaltriparus minimus,2026-04-29T20:15:43Z,29-Apr-2026,13:15:43,0.26,1
Black-capped Chickadee,Poecile atricapillus,2026-04-29T20:14:30Z,29-Apr-2026,13:14:30,0.8471,1
House Finch,Haemorhous mexicanus,2026-04-29T20:11:16Z,29-Apr-2026,13:11:16,0.8745,6
House Finch,Haemorhous mexicanus,2026-04-29T20:10:09Z,29-Apr-2026,13:10:09,0.9333,1
Bewick's Wren,Thryomanes bewickii,2026-04-29T20:08:53Z,29-Apr-2026,13:08:53,0.62,1
Bewick's Wren,Thryomanes bewickii,2026-04-29T20:08:32Z,29-Apr-2026,13:08:32,0.58,1
American Goldfinch,Spinus tristis,2026-04-29T20:08:05Z,29-Apr-2026,13:08:05,0.9333,1
Bewick's Wren,Thryomanes bewickii,2026-04-29T20:07:48Z,29-Apr-2026,13:07:48,0.4,1
Bewick's Wren,Thryomanes bewickii,2026-04-29T20:06:47Z,29-Apr-2026,13:06:47,0.75,1
Bewick's Wren,Thryomanes bewickii,2026-04-29T20:06:34Z,29-Apr-2026,13:06:34,0.76,1
Black-capped Chickadee,Poecile atricapillus,2026-04-29T20:04:49Z,29-Apr-2026,13:04:49,0.26,1
Black-capped Chickadee,Poecile atricapillus,2026-04-29T20:04:37Z,29-Apr-2026,13:04:37,0.7804,1
House Finch,Haemorhous mexicanus,2026-04-29T20:04:26Z,29-Apr-2026,13:04:26,0.37,1
House Finch,Haemorhous mexicanus,2026-04-29T20:04:12Z,29-Apr-2026,13:04:12,0.9098,1
Black-capped Chickadee,Poecile atricapillus,2026-04-29T20:03:31Z,29-Apr-2026,13:03:31,0.8157,1
Chestnut-backed Chickadee,Poecile rufescens,2026-04-29T20:03:21Z,29-Apr-2026,13:03:21,0.27,1
Black-capped Chickadee,Poecile atricapillus,2026-04-29T20:03:15Z,29-Apr-2026,13:03:15,0.27,1
Black-capped Chickadee,Poecile atricapillus,2026-04-29T20:02:03Z,29-Apr-2026,13:02:03,0.8745,1
House Finch,Haemorhous mexicanus,2026-04-29T20:01:08Z,29-Apr-2026,13:01:08,0.31,1
Black-capped Chickadee,Poecile atricapillus,2026-04-29T19:59:22Z,29-Apr-2026,12:59:22,0.36,1
Black-capped Chickadee,Poecile atricapillus,2026-04-29T19:58:26Z,29-Apr-2026,12:58:26,0.8745,1
Black-capped Chickadee,Poecile atricapillus,2026-04-29T19:58:00Z,29-Apr-2026,12:58:00,0.3,1
Bewick's Wren,Thryomanes bewickii,2026-04-29T19:57:51Z,29-Apr-2026,12:57:51,0.69,1
House Finch,Haemorhous mexicanus,2026-04-29T19:57:41Z,29-Apr-2026,12:57:41,0.37,1
Black-capped Chickadee,Poecile atricapillus,2026-04-29T19:57:24Z,29-Apr-2026,12:57:24,0.32,1
Bewick's Wren,Thryomanes bewickii,2026-04-29T19:57:17Z,29-Apr-2026,12:57:17,0.43,1
Bewick's Wren,Thryomanes bewickii,2026-04-29T19:57:09Z,29-Apr-2026,12:57:09,0.28,1
Bewick's Wren,Thryomanes bewickii,2026-04-29T19:56:38Z,29-Apr-2026,12:56:38,0.36,1
Bewick's Wren,Thryomanes bewickii,2026-04-29T19:56:31Z,29-Apr-2026,12:56:31,0.49,1
Bewick's Wren,Thryomanes bewickii,2026-04-29T19:56:14Z,29-Apr-2026,12:56:14,0.29,1
House Finch,Haemorhous mexicanus,2026-04-29T19:53:54Z,29-Apr-2026,12:53:54,0.7804,1
Black-capped Chickadee,Poecile atricapillus,2026-04-29T19:53:08Z,29-Apr-2026,12:53:08,0.8314,1
Bewick's Wren,Thryomanes bewickii,2026-04-29T19:49:35Z,29-Apr-2026,12:49:35,0.44,1
Bewick's Wren,Thryomanes bewickii,2026-04-29T19:49:21Z,29-Apr-2026,12:49:21,0.4,1
House Finch,Haemorhous mexicanus,2026-04-29T19:46:49Z,29-Apr-2026,12:46:49,0.8157,1
House Finch,Haemorhous mexicanus,2026-04-29T19:46:42Z,29-Apr-2026,12:46:42,0.38,1
Bewick's Wren,Thryomanes bewickii,2026-04-29T19:45:48Z,29-Apr-2026,12:45:48,0.48,1
Bewick's Wren,Thryomanes bewickii,2026-04-29T19:45:22Z,29-Apr-2026,12:45:22,0.33,1
Bewick's Wren,Thryomanes bewickii,2026-04-29T19:45:15Z,29-Apr-2026,12:45:15,0.81,1
Bewick's Wren,Thryomanes bewickii,2026-04-29T19:37:24Z,29-Apr-2026,12:37:24,0.28,1
Bewick's Wren,Thryomanes bewickii,2026-04-29T19:20:27Z,29-Apr-2026,12:20:27,0.71,1
Bewick's Wren,Thryomanes bewickii,2026-04-29T19:20:18Z,29-Apr-2026,12:20:18,0.83,1
Bewick's Wren,Thryomanes bewickii,2026-04-29T19:20:03Z,29-Apr-2026,12:20:03,0.34,1
Bewick's Wren,Thryomanes bewickii,2026-04-29T19:19:33Z,29-Apr-2026,12:19:33,0.61,1
Bewick's Wren,Thryomanes bewickii,2026-04-29T19:19:26Z,29-Apr-2026,12:19:26,0.56,1
American Robin,Turdus migratorius,2026-04-29T19:19:15Z,29-Apr-2026,12:19:15,0.8,1
Bewick's Wren,Thryomanes bewickii,2026-04-29T19:18:24Z,29-Apr-2026,12:18:24,0.4,1
Yellow-rumped Warbler,Setophaga coronata,2026-04-29T19:17:12Z,29-Apr-2026,12:17:12,0.44,1
Bewick's Wren,Thryomanes bewickii,2026-04-29T19:16:50Z,29-Apr-2026,12:16:50,0.3,1
Red-breasted Nuthatch,Sitta canadensis,2026-04-29T19:15:45Z,29-Apr-2026,12:15:45,0.41,1
Bewick's Wren,Thryomanes bewickii,2026-04-29T19:15:21Z,29-Apr-2026,12:15:21,0.27,1
Red-breasted Nuthatch,Sitta canadensis,2026-04-29T19:15:14Z,29-Apr-2026,12:15:14,0.47,1
Bewick's Wren,Thryomanes bewickii,2026-04-29T19:14:57Z,29-Apr-2026,12:14:57,0.29,1
Bewick's Wren,Thryomanes bewickii,2026-04-29T19:14:30Z,29-Apr-2026,12:14:30,0.85,1
Black-capped Chickadee,Poecile atricapillus,2026-04-29T19:12:21Z,29-Apr-2026,12:12:21,0.31,1
Bewick's Wren,Thryomanes bewickii,2026-04-29T19:12:13Z,29-Apr-2026,12:12:13,0.49,1
Bewick's Wren,Thryomanes bewickii,2026-04-29T19:11:36Z,29-Apr-2026,12:11:36,0.54,1
Bewick's Wren,Thryomanes bewickii,2026-04-29T19:10:44Z,29-Apr-2026,12:10:44,0.85,1
Bewick's Wren,Thryomanes bewickii,2026-04-29T19:10:33Z,29-Apr-2026,12:10:33,0.4,1
Bewick's Wren,Thryomanes bewickii,2026-04-29T19:10:27Z,29-Apr-2026,12:10:27,0.5,1
Bewick's Wren,Thryomanes bewickii,2026-04-29T19:09:55Z,29-Apr-2026,12:09:55,0.63,1
Bewick's Wren,Thryomanes bewickii,2026-04-29T19:09:50Z,29-Apr-2026,12:09:50,0.81,1
Bewick's Wren,Thryomanes bewickii,2026-04-29T19:09:31Z,29-Apr-2026,12:09:31,0.48,1
Yellow-rumped Warbler,Setophaga coronata,2026-04-29T19:09:13Z,29-Apr-2026,12:09:13,0.45,1
Song Sparrow,Melospiza melodia,2026-04-29T19:09:09Z,29-Apr-2026,12:09:09,0.8745,1
Bewick's Wren,Thryomanes bewickii,2026-04-29T19:08:33Z,29-Apr-2026,12:08:33,0.64,1
Bewick's Wren,Thryomanes bewickii,2026-04-29T19:08:24Z,29-Apr-2026,12:08:24,0.53,1
Bewick's Wren,Thryomanes bewickii,2026-04-29T19:07:51Z,29-Apr-2026,12:07:51,0.78,1
Bewick's Wren,Thryomanes bewickii,2026-04-29T19:07:44Z,29-Apr-2026,12:07:44,0.75,1
Bewick's Wren,Thryomanes bewickii,2026-04-29T19:07:00Z,29-Apr-2026,12:07:00,0.87,1
Bewick's Wren,Thryomanes bewickii,2026-04-29T19:06:52Z,29-Apr-2026,12:06:52,0.66,1
Bewick's Wren,Thryomanes bewickii,2026-04-29T19:06:45Z,29-Apr-2026,12:06:45,0.86,1
Bewick's Wren,Thryomanes bewickii,2026-04-29T19:06:28Z,29-Apr-2026,12:06:28,0.77,1
Bewick's Wren,Thryomanes bewickii,2026-04-29T19:06:21Z,29-Apr-2026,12:06:21,0.95,1
Bewick's Wren,Thryomanes bewickii,2026-04-29T19:06:14Z,29-Apr-2026,12:06:14,0.92,1
Bewick's Wren,Thryomanes bewickii,2026-04-29T19:06:06Z,29-Apr-2026,12:06:06,0.66,1
Bewick's Wren,Thryomanes bewickii,2026-04-29T19:05:16Z,29-Apr-2026,12:05:16,0.52,1
Bewick's Wren,Thryomanes bewickii,2026-04-29T19:05:09Z,29-Apr-2026,12:05:09,0.95,1
White-crowned Sparrow,Zonotrichia leucophrys,2026-04-29T19:04:37Z,29-Apr-2026,12:04:37,0.32,1
Bewick's Wren,Thryomanes bewickii,2026-04-29T19:04:15Z,29-Apr-2026,12:04:15,0.36,1
Black-capped Chickadee,Poecile atricapillus,2026-04-29T19:04:03Z,29-Apr-2026,12:04:03,0.8863,1
Yellow-rumped Warbler,Setophaga coronata,2026-04-29T19:03:25Z,29-Apr-2026,12:03:25,0.33,1
Bewick's Wren,Thryomanes bewickii,2026-04-29T19:03:15Z,29-Apr-2026,12:03:15,0.98,1
Bewick's Wren,Thryomanes bewickii,2026-04-29T19:03:00Z,29-Apr-2026,12:03:00,0.8,1
Bewick's Wren,Thryomanes bewickii,2026-04-29T19:02:46Z,29-Apr-2026,12:02:46,0.27,1
Bewick's Wren,Thryomanes bewickii,2026-04-29T19:02:32Z,29-Apr-2026,12:02:32,0.83,1
Bewick's Wren,Thryomanes bewickii,2026-04-29T19:02:11Z,29-Apr-2026,12:02:11,0.95,1
Bewick's Wren,Thryomanes bewickii,2026-04-29T19:02:04Z,29-Apr-2026,12:02:04,0.89,1
Bewick's Wren,Thryomanes bewickii,2026-04-29T19:01:57Z,29-Apr-2026,12:01:57,0.53,1
American Crow,Corvus brachyrhynchos,2026-04-29T19:00:46Z,29-Apr-2026,12:00:46,0.8863,1
Bewick's Wren,Thryomanes bewickii,2026-04-29T19:00:23Z,29-Apr-2026,12:00:23,0.89,1
Bewick's Wren,Thryomanes bewickii,2026-04-29T19:00:13Z,29-Apr-2026,12:00:13,0.55,1
Bewick's Wren,Thryomanes bewickii,2026-04-29T19:00:06Z,29-Apr-2026,12:00:06,0.49,1
Bewick's Wren,Thryomanes bewickii,2026-04-29T18:59:53Z,29-Apr-2026,11:59:53,0.93,1
Bewick's Wren,Thryomanes bewickii,2026-04-29T18:59:46Z,29-Apr-2026,11:59:46,0.7,1
Bewick's Wren,Thryomanes bewickii,2026-04-29T18:59:25Z,29-Apr-2026,11:59:25,0.97,1
Bewick's Wren,Thryomanes bewickii,2026-04-29T18:59:03Z,29-Apr-2026,11:59:03,0.74,1
American Goldfinch,Spinus tristis,2026-04-29T18:58:07Z,29-Apr-2026,11:58:07,0.8471,2
Bewick's Wren,Thryomanes bewickii,2026-04-29T18:57:59Z,29-Apr-2026,11:57:59,0.88,1
Bewick's Wren,Thryomanes bewickii,2026-04-29T18:57:53Z,29-Apr-2026,11:57:53,0.88,1
Bewick's Wren,Thryomanes bewickii,2026-04-29T18:57:45Z,29-Apr-2026,11:57:45,0.27,1
Bewick's Wren,Thryomanes bewickii,2026-04-29T18:57:25Z,29-Apr-2026,11:57:25,0.49,1
Yellow-rumped Warbler,Setophaga coronata,2026-04-29T18:57:09Z,29-Apr-2026,11:57:09,0.27,1
Black-throated Gray Warbler,Setophaga nigrescens,2026-04-29T18:56:54Z,29-Apr-2026,11:56:54,0.29,1
Bewick's Wren,Thryomanes bewickii,2026-04-29T18:56:37Z,29-Apr-2026,11:56:37,0.71,1
Bewick's Wren,Thryomanes bewickii,2026-04-29T18:56:29Z,29-Apr-2026,11:56:29,0.85,1
Bewick's Wren,Thryomanes bewickii,2026-04-29T18:56:21Z,29-Apr-2026,11:56:21,0.89,1
Bewick's Wren,Thryomanes bewickii,2026-04-29T18:56:13Z,29-Apr-2026,11:56:13,0.95,1
American Goldfinch,Spinus tristis,2026-04-29T18:56:07Z,29-Apr-2026,11:56:07,0.8863,1
Bewick's Wren,Thryomanes bewickii,2026-04-29T18:56:02Z,29-Apr-2026,11:56:02,0.29,1
Bewick's Wren,Thryomanes bewickii,2026-04-29T18:55:24Z,29-Apr-2026,11:55:24,0.38,1
Bewick's Wren,Thryomanes bewickii,2026-04-29T18:54:58Z,29-Apr-2026,11:54:58,0.46,1
Yellow-rumped Warbler,Setophaga coronata,2026-04-29T18:54:33Z,29-Apr-2026,11:54:33,0.29,1
Black-throated Gray Warbler,Setophaga nigrescens,2026-04-29T18:53:52Z,29-Apr-2026,11:53:52,0.37,1
Bewick's Wren,Thryomanes bewickii,2026-04-29T18:53:24Z,29-Apr-2026,11:53:24,0.45,1
Bewick's Wren,Thryomanes bewickii,2026-04-29T18:52:53Z,29-Apr-2026,11:52:53,0.28,1
Bewick's Wren,Thryomanes bewickii,2026-04-29T18:52:12Z,29-Apr-2026,11:52:12,0.76,1
Black-throated Gray Warbler,Setophaga nigrescens,2026-04-29T18:52:03Z,29-Apr-2026,11:52:03,0.35,1
Black-throated Gray Warbler,Setophaga nigrescens,2026-04-29T18:50:33Z,29-Apr-2026,11:50:33,0.43,1
Black-capped Chickadee,Poecile atricapillus,2026-04-29T18:50:19Z,29-Apr-2026,11:50:19,0.9333,1
Black-capped Chickadee,Poecile atricapillus,2026-04-29T18:50:06Z,29-Apr-2026,11:50:06,0.53,1
Black-capped Chickadee,Poecile atricapillus,2026-04-29T18:49:51Z,29-Apr-2026,11:49:51,0.63,1
Black-capped Chickadee,Poecile atricapillus,2026-04-29T18:49:29Z,29-Apr-2026,11:49:29,0.31,1
Black-capped Chickadee,Poecile atricapillus,2026-04-29T18:49:22Z,29-Apr-2026,11:49:22,0.28,1
Bewick's Wren,Thryomanes bewickii,2026-04-29T18:48:40Z,29-Apr-2026,11:48:40,0.87,1
Bewick's Wren,Thryomanes bewickii,2026-04-29T18:48:30Z,29-Apr-2026,11:48:30,0.87,1
Bewick's Wren,Thryomanes bewickii,2026-04-29T18:48:07Z,29-Apr-2026,11:48:07,0.87,1
Bewick's Wren,Thryomanes bewickii,2026-04-29T18:46:27Z,29-Apr-2026,11:46:27,0.5,1
Bewick's Wren,Thryomanes bewickii,2026-04-29T18:46:13Z,29-Apr-2026,11:46:13,0.61,1
Bewick's Wren,Thryomanes bewickii,2026-04-29T18:46:06Z,29-Apr-2026,11:46:06,0.53,1
Bewick's Wren,Thryomanes bewickii,2026-04-29T18:45:56Z,29-Apr-2026,11:45:56,0.75,1
Bushtit,Psaltriparus minimus,2026-04-29T18:44:52Z,29-Apr-2026,11:44:52,0.91,1
Northern Flicker,Colaptes auratus,2026-04-29T18:44:45Z,29-Apr-2026,11:44:45,0.63,1
Bushtit,Psaltriparus minimus,2026-04-29T18:44:36Z,29-Apr-2026,11:44:36,0.43,1
Bushtit,Psaltriparus minimus,2026-04-29T18:44:29Z,29-Apr-2026,11:44:29,0.47,1
Bushtit,Psaltriparus minimus,2026-04-29T18:44:22Z,29-Apr-2026,11:44:22,0.44,1
Bushtit,Psaltriparus minimus,2026-04-29T18:44:15Z,29-Apr-2026,11:44:15,0.95,1
Bushtit,Psaltriparus minimus,2026-04-29T18:44:07Z,29-Apr-2026,11:44:07,0.97,1
Bushtit,Psaltriparus minimus,2026-04-29T18:44:01Z,29-Apr-2026,11:44:01,0.45,1
Bushtit,Psaltriparus minimus,2026-04-29T18:43:54Z,29-Apr-2026,11:43:54,0.96,1
Northern Flicker,Colaptes auratus,2026-04-29T18:43:29Z,29-Apr-2026,11:43:29,0.35,1
Bushtit,Psaltriparus minimus,2026-04-29T18:43:22Z,29-Apr-2026,11:43:22,0.27,1
Bushtit,Psaltriparus minimus,2026-04-29T18:43:11Z,29-Apr-2026,11:43:11,0.57,1
Black-capped Chickadee,Poecile atricapillus,2026-04-29T18:42:46Z,29-Apr-2026,11:42:46,0.8314,1
Northern Flicker,Colaptes auratus,2026-04-29T18:42:19Z,29-Apr-2026,11:42:19,0.68,1
Northern Flicker,Colaptes auratus,2026-04-29T18:41:30Z,29-Apr-2026,11:41:30,0.62,1
Bewick's Wren,Thryomanes bewickii,2026-04-29T18:39:02Z,29-Apr-2026,11:39:02,0.46,1
Bewick's Wren,Thryomanes bewickii,2026-04-29T18:38:55Z,29-Apr-2026,11:38:55,0.54,1
Yellow-rumped Warbler,Setophaga coronata,2026-04-29T18:38:45Z,29-Apr-2026,11:38:45,0.54,1
Black-capped Chickadee,Poecile atricapillus,2026-04-29T18:38:42Z,29-Apr-2026,11:38:42,0.8,1
Bewick's Wren,Thryomanes bewickii,2026-04-29T18:38:35Z,29-Apr-2026,11:38:35,0.49,1
Townsend's Warbler,Setophaga townsendi,2026-04-29T18:38:21Z,29-Apr-2026,11:38:21,0.36,1
Townsend's Warbler,Setophaga townsendi,2026-04-29T18:38:10Z,29-Apr-2026,11:38:10,0.69,1
Townsend's Warbler,Setophaga townsendi,2026-04-29T18:37:50Z,29-Apr-2026,11:37:50,0.31,1
Bewick's Wren,Thryomanes bewickii,2026-04-29T18:37:17Z,29-Apr-2026,11:37:17,0.66,1
Bewick's Wren,Thryomanes bewickii,2026-04-29T18:37:10Z,29-Apr-2026,11:37:10,0.27,1
Townsend's Warbler,Setophaga townsendi,2026-04-29T18:36:25Z,29-Apr-2026,11:36:25,0.51,1
Bewick's Wren,Thryomanes bewickii,2026-04-29T18:36:08Z,29-Apr-2026,11:36:08,0.43,1
Townsend's Warbler,Setophaga townsendi,2026-04-29T18:35:52Z,29-Apr-2026,11:35:52,0.68,1
Bewick's Wren,Thryomanes bewickii,2026-04-29T18:35:39Z,29-Apr-2026,11:35:39,0.45,1
Townsend's Warbler,Setophaga townsendi,2026-04-29T18:35:21Z,29-Apr-2026,11:35:21,0.44,1
Bewick's Wren,Thryomanes bewickii,2026-04-29T18:35:04Z,29-Apr-2026,11:35:04,0.41,1
Townsend's Warbler,Setophaga townsendi,2026-04-29T18:33:42Z,29-Apr-2026,11:33:42,0.44,1
Dark-eyed Junco,Junco hyemalis,2026-04-29T18:33:22Z,29-Apr-2026,11:33:22,0.8471,1
Black-capped Chickadee,Poecile atricapillus,2026-04-29T18:32:18Z,29-Apr-2026,11:32:18,0.8157,1
Barn Swallow,Hirundo rustica,2026-04-29T18:31:51Z,29-Apr-2026,11:31:51,0.41,1
Anna's Hummingbird,Calypte anna,2026-04-29T18:31:16Z,29-Apr-2026,11:31:16,0.26,1
Anna's Hummingbird,Calypte anna,2026-04-29T18:30:52Z,29-Apr-2026,11:30:52,0.31,1
Townsend's Warbler,Setophaga townsendi,2026-04-29T18:28:59Z,29-Apr-2026,11:28:59,0.35,1
Townsend's Warbler,Setophaga townsendi,2026-04-29T18:28:51Z,29-Apr-2026,11:28:51,0.65,1
Townsend's Warbler,Setophaga townsendi,2026-04-29T18:28:21Z,29-Apr-2026,11:28:21,0.45,1
Townsend's Warbler,Setophaga townsendi,2026-04-29T18:28:11Z,29-Apr-2026,11:28:11,0.29,1
Bewick's Wren,Thryomanes bewickii,2026-04-29T18:28:03Z,29-Apr-2026,11:28:03,0.58,1
Townsend's Warbler,Setophaga townsendi,2026-04-29T18:27:53Z,29-Apr-2026,11:27:53,0.32,1
Bewick's Wren,Thryomanes bewickii,2026-04-29T18:27:46Z,29-Apr-2026,11:27:46,0.77,1
Townsend's Warbler,Setophaga townsendi,2026-04-29T18:27:39Z,29-Apr-2026,11:27:39,0.43,1
Bewick's Wren,Thryomanes bewickii,2026-04-29T18:27:22Z,29-Apr-2026,11:27:22,0.53,1
Townsend's Warbler,Setophaga townsendi,2026-04-29T18:27:02Z,29-Apr-2026,11:27:02,0.67,1
Yellow-rumped Warbler,Setophaga coronata,2026-04-29T18:25:45Z,29-Apr-2026,11:25:45,0.32,1
Black-throated Gray Warbler,Setophaga nigrescens,2026-04-29T18:25:07Z,29-Apr-2026,11:25:07,0.52,1
Black-throated Gray Warbler,Setophaga nigrescens,2026-04-29T18:24:43Z,29-Apr-2026,11:24:43,0.37,1
American Crow,Corvus brachyrhynchos,2026-04-29T18:22:30Z,29-Apr-2026,11:22:30,0.8471,1
Townsend's Warbler,Setophaga townsendi,2026-04-29T18:21:53Z,29-Apr-2026,11:21:53,0.3,1
Bewick's Wren,Thryomanes bewickii,2026-04-29T18:21:45Z,29-Apr-2026,11:21:45,0.42,1
Townsend's Warbler,Setophaga townsendi,2026-04-29T18:21:39Z,29-Apr-2026,11:21:39,0.47,1
Townsend's Warbler,Setophaga townsendi,2026-04-29T18:21:32Z,29-Apr-2026,11:21:32,0.36,1
Townsend's Warbler,Setophaga townsendi,2026-04-29T18:21:25Z,29-Apr-2026,11:21:25,0.33,1
American Crow,Corvus brachyrhynchos,2026-04-29T18:21:17Z,29-Apr-2026,11:21:17,0.9098,1
Bewick's Wren,Thryomanes bewickii,2026-04-29T18:21:14Z,29-Apr-2026,11:21:14,0.39,1
Bewick's Wren,Thryomanes bewickii,2026-04-29T18:21:07Z,29-Apr-2026,11:21:07,0.4,1
Townsend's Warbler,Setophaga townsendi,2026-04-29T18:20:57Z,29-Apr-2026,11:20:57,0.55,1
Townsend's Warbler,Setophaga townsendi,2026-04-29T18:20:38Z,29-Apr-2026,11:20:38,0.31,1
Townsend's Warbler,Setophaga townsendi,2026-04-29T18:20:17Z,29-Apr-2026,11:20:17,0.35,1
Townsend's Warbler,Setophaga townsendi,2026-04-29T18:20:09Z,29-Apr-2026,11:20:09,0.54,1
Bewick's Wren,Thryomanes bewickii,2026-04-29T18:20:01Z,29-Apr-2026,11:20:01,0.61,1
Townsend's Warbler,Setophaga townsendi,2026-04-29T18:19:51Z,29-Apr-2026,11:19:51,0.72,1
Bewick's Wren,Thryomanes bewickii,2026-04-29T18:19:39Z,29-Apr-2026,11:19:39,0.64,1
Bewick's Wren,Thryomanes bewickii,2026-04-29T18:18:13Z,29-Apr-2026,11:18:13,0.4,1
Townsend's Warbler,Setophaga townsendi,2026-04-29T18:17:53Z,29-Apr-2026,11:17:53,0.52,1
Virginia Rail,Rallus limicola,2026-04-29T18:17:01Z,29-Apr-2026,11:17:01,0.26,1
Bewick's Wren,Thryomanes bewickii,2026-04-29T18:16:34Z,29-Apr-2026,11:16:34,0.34,1
Bewick's Wren,Thryomanes bewickii,2026-04-29T18:16:27Z,29-Apr-2026,11:16:27,0.51,1
Townsend's Warbler,Setophaga townsendi,2026-04-29T18:16:05Z,29-Apr-2026,11:16:05,0.37,1
Townsend's Warbler,Setophaga townsendi,2026-04-29T18:15:58Z,29-Apr-2026,11:15:58,0.26,1
Townsend's Warbler,Setophaga townsendi,2026-04-29T18:15:47Z,29-Apr-2026,11:15:47,0.64,1
Townsend's Warbler,Setophaga townsendi,2026-04-29T18:15:40Z,29-Apr-2026,11:15:40,0.28,1
Bewick's Wren,Thryomanes bewickii,2026-04-29T18:15:21Z,29-Apr-2026,11:15:21,0.32,1
Townsend's Warbler,Setophaga townsendi,2026-04-29T18:15:07Z,29-Apr-2026,11:15:07,0.48,1
Townsend's Warbler,Setophaga townsendi,2026-04-29T18:14:53Z,29-Apr-2026,11:14:53,0.44,1
Townsend's Warbler,Setophaga townsendi,2026-04-29T18:14:46Z,29-Apr-2026,11:14:46,0.27,1
Bewick's Wren,Thryomanes bewickii,2026-04-29T18:14:39Z,29-Apr-2026,11:14:39,0.54,1
Townsend's Warbler,Setophaga townsendi,2026-04-29T18:14:19Z,29-Apr-2026,11:14:19,0.47,1
Townsend's Warbler,Setophaga townsendi,2026-04-29T18:14:12Z,29-Apr-2026,11:14:12,0.35,1
Townsend's Warbler,Setophaga townsendi,2026-04-29T18:14:02Z,29-Apr-2026,11:14:02,0.33,1
Bewick's Wren,Thryomanes bewickii,2026-04-29T18:13:46Z,29-Apr-2026,11:13:46,0.3,1
Downy Woodpecker,Dryobates pubescens,2026-04-29T18:13:18Z,29-Apr-2026,11:13:18,0.34,1
Black-capped Chickadee,Poecile atricapillus,2026-04-29T18:12:46Z,29-Apr-2026,11:12:46,0.37,1
Black-capped Chickadee,Poecile atricapillus,2026-04-29T18:12:33Z,29-Apr-2026,11:12:33,0.8,1
House Finch,Haemorhous mexicanus,2026-04-29T18:11:37Z,29-Apr-2026,11:11:37,0.7804,1
Townsend's Warbler,Setophaga townsendi,2026-04-29T18:10:48Z,29-Apr-2026,11:10:48,0.35,1
Yellow-rumped Warbler,Setophaga coronata,2026-04-29T18:09:45Z,29-Apr-2026,11:09:45,0.64,1
Black-capped Chickadee,Poecile atricapillus,2026-04-29T18:09:13Z,29-Apr-2026,11:09:13,0.3,1
Yellow-rumped Warbler,Setophaga coronata,2026-04-29T18:08:06Z,29-Apr-2026,11:08:06,0.28,1
Bewick's Wren,Thryomanes bewickii,2026-04-29T18:06:18Z,29-Apr-2026,11:06:18,0.28,1
American Robin,Turdus migratorius,2026-04-29T18:05:19Z,29-Apr-2026,11:05:19,0.8314,1
Orange-crowned Warbler,Leiothlypis celata,2026-04-29T18:04:13Z,29-Apr-2026,11:04:13,0.29,1
Townsend's Warbler,Setophaga townsendi,2026-04-29T18:04:00Z,29-Apr-2026,11:04:00,0.34,1
Bewick's Wren,Thryomanes bewickii,2026-04-29T18:02:19Z,29-Apr-2026,11:02:19,0.5,1
Bewick's Wren,Thryomanes bewickii,2026-04-29T18:02:06Z,29-Apr-2026,11:02:06,0.27,1
Bewick's Wren,Thryomanes bewickii,2026-04-29T18:01:23Z,29-Apr-2026,11:01:23,0.71,1
Bewick's Wren,Thryomanes bewickii,2026-04-29T18:01:16Z,29-Apr-2026,11:01:16,0.52,1
Bewick's Wren,Thryomanes bewickii,2026-04-29T18:00:53Z,29-Apr-2026,11:00:53,0.49,1
Bewick's Wren,Thryomanes bewickii,2026-04-29T18:00:39Z,29-Apr-2026,11:00:39,0.58,1
Bewick's Wren,Thryomanes bewickii,2026-04-29T18:00:29Z,29-Apr-2026,11:00:29,0.69,1
Bewick's Wren,Thryomanes bewickii,2026-04-29T18:00:22Z,29-Apr-2026,11:00:22,0.81,1
Bewick's Wren,Thryomanes bewickii,2026-04-29T18:00:01Z,29-Apr-2026,11:00:01,0.36,1
Bewick's Wren,Thryomanes bewickii,2026-04-29T17:59:54Z,29-Apr-2026,10:59:54,0.27,1
Bewick's Wren,Thryomanes bewickii,2026-04-29T17:59:37Z,29-Apr-2026,10:59:37,0.27,1
Bewick's Wren,Thryomanes bewickii,2026-04-29T17:59:15Z,29-Apr-2026,10:59:15,0.4,1
Bewick's Wren,Thryomanes bewickii,2026-04-29T17:59:04Z,29-Apr-2026,10:59:04,0.28,1
Bewick's Wren,Thryomanes bewickii,2026-04-29T17:58:54Z,29-Apr-2026,10:58:54,0.47,1
Bewick's Wren,Thryomanes bewickii,2026-04-29T17:57:16Z,29-Apr-2026,10:57:16,0.3,1
Bewick's Wren,Thryomanes bewickii,2026-04-29T17:57:09Z,29-Apr-2026,10:57:09,0.5,1
Bewick's Wren,Thryomanes bewickii,2026-04-29T17:57:02Z,29-Apr-2026,10:57:02,0.39,1
Bewick's Wren,Thryomanes bewickii,2026-04-29T17:56:41Z,29-Apr-2026,10:56:41,0.38,1
Bewick's Wren,Thryomanes bewickii,2026-04-29T17:56:34Z,29-Apr-2026,10:56:34,0.51,1
Bewick's Wren,Thryomanes bewickii,2026-04-29T17:55:41Z,29-Apr-2026,10:55:41,0.32,1
Chestnut-backed Chickadee,Poecile rufescens,2026-04-29T17:55:37Z,29-Apr-2026,10:55:37,0.9098,2
Chestnut-backed Chickadee,Poecile rufescens,2026-04-29T17:53:50Z,29-Apr-2026,10:53:50,0.68,1
Chestnut-backed Chickadee,Poecile rufescens,2026-04-29T17:53:36Z,29-Apr-2026,10:53:36,0.71,1
Yellow-rumped Warbler,Setophaga coronata,2026-04-29T17:53:26Z,29-Apr-2026,10:53:26,0.53,1
Chestnut-backed Chickadee,Poecile rufescens,2026-04-29T17:53:09Z,29-Apr-2026,10:53:09,0.42,1
Chestnut-backed Chickadee,Poecile rufescens,2026-04-29T17:52:55Z,29-Apr-2026,10:52:55,0.9529,1
Yellow-rumped Warbler,Setophaga coronata,2026-04-29T17:52:20Z,29-Apr-2026,10:52:20,0.26,1
Yellow-rumped Warbler,Setophaga coronata,2026-04-29T17:51:11Z,29-Apr-2026,10:51:11,0.32,1
American Goldfinch,Spinus tristis,2026-04-29T17:49:19Z,29-Apr-2026,10:49:19,0.55,1
American Goldfinch,Spinus tristis,2026-04-29T17:49:14Z,29-Apr-2026,10:49:14,0.8627,1
Yellow-rumped Warbler,Setophaga coronata,2026-04-29T17:48:39Z,29-Apr-2026,10:48:39,0.3,1
Bewick's Wren,Thryomanes bewickii,2026-04-29T17:47:56Z,29-Apr-2026,10:47:56,0.26,1
Purple Finch,Haemorhous purpureus,2026-04-29T17:47:08Z,29-Apr-2026,10:47:08,0.28,1
Yellow-rumped Warbler,Setophaga coronata,2026-04-29T17:46:15Z,29-Apr-2026,10:46:15,0.3,1
Chestnut-backed Chickadee,Poecile rufescens,2026-04-29T17:44:33Z,29-Apr-2026,10:44:33,0.32,1
Bewick's Wren,Thryomanes bewickii,2026-04-29T17:43:40Z,29-Apr-2026,10:43:40,0.89,1
Bewick's Wren,Thryomanes bewickii,2026-04-29T17:41:38Z,29-Apr-2026,10:41:38,0.33,1
Bewick's Wren,Thryomanes bewickii,2026-04-29T17:41:18Z,29-Apr-2026,10:41:18,0.61,1
Bewick's Wren,Thryomanes bewickii,2026-04-29T17:40:53Z,29-Apr-2026,10:40:53,0.41,1
Bewick's Wren,Thryomanes bewickii,2026-04-29T17:40:46Z,29-Apr-2026,10:40:46,0.78,1
Bewick's Wren,Thryomanes bewickii,2026-04-29T17:40:21Z,29-Apr-2026,10:40:21,0.77,1
Anna's Hummingbird,Calypte anna,2026-04-29T17:40:08Z,29-Apr-2026,10:40:08,0.8471,1
Bewick's Wren,Thryomanes bewickii,2026-04-29T17:39:55Z,29-Apr-2026,10:39:55,0.68,1
Bewick's Wren,Thryomanes bewickii,2026-04-29T17:39:47Z,29-Apr-2026,10:39:47,0.27,1
Bewick's Wren,Thryomanes bewickii,2026-04-29T17:39:33Z,29-Apr-2026,10:39:33,0.73,1
Bewick's Wren,Thryomanes bewickii,2026-04-29T17:39:22Z,29-Apr-2026,10:39:22,0.34,1
Bewick's Wren,Thryomanes bewickii,2026-04-29T17:39:15Z,29-Apr-2026,10:39:15,0.45,1
Bewick's Wren,Thryomanes bewickii,2026-04-29T17:38:48Z,29-Apr-2026,10:38:48,0.87,1
Bewick's Wren,Thryomanes bewickii,2026-04-29T17:38:30Z,29-Apr-2026,10:38:30,0.77,1
Bewick's Wren,Thryomanes bewickii,2026-04-29T17:38:02Z,29-Apr-2026,10:38:02,0.58,1
Bewick's Wren,Thryomanes bewickii,2026-04-29T17:37:55Z,29-Apr-2026,10:37:55,0.49,1
Bewick's Wren,Thryomanes bewickii,2026-04-29T17:37:48Z,29-Apr-2026,10:37:48,0.35,1
Bewick's Wren,Thryomanes bewickii,2026-04-29T17:35:19Z,29-Apr-2026,10:35:19,0.61,1
Bewick's Wren,Thryomanes bewickii,2026-04-29T17:34:56Z,29-Apr-2026,10:34:56,0.67,1
Bewick's Wren,Thryomanes bewickii,2026-04-29T17:34:28Z,29-Apr-2026,10:34:28,0.82,1
Bewick's Wren,Thryomanes bewickii,2026-04-29T17:34:21Z,29-Apr-2026,10:34:21,0.66,1
Bewick's Wren,Thryomanes bewickii,2026-04-29T17:34:14Z,29-Apr-2026,10:34:14,0.57,1
Bewick's Wren,Thryomanes bewickii,2026-04-29T17:32:47Z,29-Apr-2026,10:32:47,0.3,1
Yellow-rumped Warbler,Setophaga coronata,2026-04-29T17:32:17Z,29-Apr-2026,10:32:17,0.44,1
Bewick's Wren,Thryomanes bewickii,2026-04-29T17:32:01Z,29-Apr-2026,10:32:01,0.26,1
Yellow-rumped Warbler,Setophaga coronata,2026-04-29T17:31:41Z,29-Apr-2026,10:31:41,0.62,1
Bewick's Wren,Thryomanes bewickii,2026-04-29T17:31:34Z,29-Apr-2026,10:31:34,0.48,1
Yellow-rumped Warbler,Setophaga coronata,2026-04-29T17:30:18Z,29-Apr-2026,10:30:18,0.73,1
Bewick's Wren,Thryomanes bewickii,2026-04-29T17:28:26Z,29-Apr-2026,10:28:26,0.8,1
Bewick's Wren,Thryomanes bewickii,2026-04-29T17:27:58Z,29-Apr-2026,10:27:58,0.62,1
Bewick's Wren,Thryomanes bewickii,2026-04-29T17:27:52Z,29-Apr-2026,10:27:52,0.56,1
Bewick's Wren,Thryomanes bewickii,2026-04-29T17:27:12Z,29-Apr-2026,10:27:12,0.62,1
Bewick's Wren,Thryomanes bewickii,2026-04-29T17:26:59Z,29-Apr-2026,10:26:59,0.67,1
Bewick's Wren,Thryomanes bewickii,2026-04-29T17:26:52Z,29-Apr-2026,10:26:52,0.83,1
Bewick's Wren,Thryomanes bewickii,2026-04-29T17:26:45Z,29-Apr-2026,10:26:45,0.68,1
Bewick's Wren,Thryomanes bewickii,2026-04-29T17:26:38Z,29-Apr-2026,10:26:38,0.63,1
Bewick's Wren,Thryomanes bewickii,2026-04-29T17:26:24Z,29-Apr-2026,10:26:24,0.74,1
House Finch,Haemorhous mexicanus,2026-04-29T17:26:02Z,29-Apr-2026,10:26:02,0.8,1
Bewick's Wren,Thryomanes bewickii,2026-04-29T17:25:55Z,29-Apr-2026,10:25:55,0.55,1
Bewick's Wren,Thryomanes bewickii,2026-04-29T17:25:47Z,29-Apr-2026,10:25:47,0.72,1
Bewick's Wren,Thryomanes bewickii,2026-04-29T17:25:40Z,29-Apr-2026,10:25:40,0.9,1
Bewick's Wren,Thryomanes bewickii,2026-04-29T17:25:24Z,29-Apr-2026,10:25:24,0.59,1
Bewick's Wren,Thryomanes bewickii,2026-04-29T17:25:08Z,29-Apr-2026,10:25:08,0.68,1
Bewick's Wren,Thryomanes bewickii,2026-04-29T17:24:50Z,29-Apr-2026,10:24:50,0.47,1
Bewick's Wren,Thryomanes bewickii,2026-04-29T17:24:42Z,29-Apr-2026,10:24:42,0.52,1
Bewick's Wren,Thryomanes bewickii,2026-04-29T17:24:27Z,29-Apr-2026,10:24:27,0.48,1
Bewick's Wren,Thryomanes bewickii,2026-04-29T17:24:21Z,29-Apr-2026,10:24:21,0.66,1
Bewick's Wren,Thryomanes bewickii,2026-04-29T17:23:50Z,29-Apr-2026,10:23:50,0.74,1
Bewick's Wren,Thryomanes bewickii,2026-04-29T17:23:41Z,29-Apr-2026,10:23:41,0.51,1
Bewick's Wren,Thryomanes bewickii,2026-04-29T17:23:32Z,29-Apr-2026,10:23:32,0.5,1
Bewick's Wren,Thryomanes bewickii,2026-04-29T17:22:51Z,29-Apr-2026,10:22:51,0.33,1
Bewick's Wren,Thryomanes bewickii,2026-04-29T17:22:43Z,29-Apr-2026,10:22:43,0.29,1
Bewick's Wren,Thryomanes bewickii,2026-04-29T17:22:28Z,29-Apr-2026,10:22:28,0.44,1
Bewick's Wren,Thryomanes bewickii,2026-04-29T17:22:13Z,29-Apr-2026,10:22:13,0.55,1
Bewick's Wren,Thryomanes bewickii,2026-04-29T17:21:40Z,29-Apr-2026,10:21:40,0.45,1
Bewick's Wren,Thryomanes bewickii,2026-04-29T17:20:56Z,29-Apr-2026,10:20:56,0.27,1
Bewick's Wren,Thryomanes bewickii,2026-04-29T17:20:16Z,29-Apr-2026,10:20:16,0.56,1
Bewick's Wren,Thryomanes bewickii,2026-04-29T17:20:05Z,29-Apr-2026,10:20:05,0.7,1
Bewick's Wren,Thryomanes bewickii,2026-04-29T17:19:39Z,29-Apr-2026,10:19:39,0.35,1
Bewick's Wren,Thryomanes bewickii,2026-04-29T17:18:53Z,29-Apr-2026,10:18:53,0.45,1
Bewick's Wren,Thryomanes bewickii,2026-04-29T17:18:39Z,29-Apr-2026,10:18:39,0.49,1
Bewick's Wren,Thryomanes bewickii,2026-04-29T17:18:29Z,29-Apr-2026,10:18:29,0.59,1
Bewick's Wren,Thryomanes bewickii,2026-04-29T17:18:22Z,29-Apr-2026,10:18:22,0.62,1
Anna's Hummingbird,Calypte anna,2026-04-29T17:15:44Z,29-Apr-2026,10:15:44,0.9333,1
Chestnut-backed Chickadee,Poecile rufescens,2026-04-29T17:15:40Z,29-Apr-2026,10:15:40,0.53,1
Black-capped Chickadee,Poecile atricapillus,2026-04-29T17:15:32Z,29-Apr-2026,10:15:32,0.9333,1
Bewick's Wren,Thryomanes bewickii,2026-04-29T17:13:05Z,29-Apr-2026,10:13:05,0.45,1
Bewick's Wren,Thryomanes bewickii,2026-04-29T17:12:57Z,29-Apr-2026,10:12:57,0.72,1
Bewick's Wren,Thryomanes bewickii,2026-04-29T17:12:43Z,29-Apr-2026,10:12:43,0.64,1
Bewick's Wren,Thryomanes bewickii,2026-04-29T17:12:36Z,29-Apr-2026,10:12:36,0.43,1
Black-throated Gray Warbler,Setophaga nigrescens,2026-04-29T17:12:21Z,29-Apr-2026,10:12:21,0.41,1
Bewick's Wren,Thryomanes bewickii,2026-04-29T17:12:06Z,29-Apr-2026,10:12:06,0.32,1
Bewick's Wren,Thryomanes bewickii,2026-04-29T17:11:36Z,29-Apr-2026,10:11:36,0.36,1
Bewick's Wren,Thryomanes bewickii,2026-04-29T17:10:40Z,29-Apr-2026,10:10:40,0.55,1
Bewick's Wren,Thryomanes bewickii,2026-04-29T17:09:40Z,29-Apr-2026,10:09:40,0.63,1
Bewick's Wren,Thryomanes bewickii,2026-04-29T17:09:14Z,29-Apr-2026,10:09:14,0.44,1
Bewick's Wren,Thryomanes bewickii,2026-04-29T17:08:53Z,29-Apr-2026,10:08:53,0.31,1
Black-throated Gray Warbler,Setophaga nigrescens,2026-04-29T17:08:29Z,29-Apr-2026,10:08:29,0.28,1
Bewick's Wren,Thryomanes bewickii,2026-04-29T17:08:16Z,29-Apr-2026,10:08:16,0.33,1
Bewick's Wren,Thryomanes bewickii,2026-04-29T17:05:18Z,29-Apr-2026,10:05:18,0.64,1
Black-capped Chickadee,Poecile atricapillus,2026-04-29T17:03:02Z,29-Apr-2026,10:03:02,0.8,1
Bewick's Wren,Thryomanes bewickii,2026-04-29T17:02:51Z,29-Apr-2026,10:02:51,0.4,1
Bewick's Wren,Thryomanes bewickii,2026-04-29T17:01:32Z,29-Apr-2026,10:01:32,0.57,1
Bewick's Wren,Thryomanes bewickii,2026-04-29T17:00:23Z,29-Apr-2026,10:00:23,0.51,1
Bewick's Wren,Thryomanes bewickii,2026-04-29T16:59:23Z,29-Apr-2026,09:59:23,0.6,1
Bewick's Wren,Thryomanes bewickii,2026-04-29T16:59:12Z,29-Apr-2026,09:59:12,0.28,1
Mourning Dove,Zenaida macroura,2026-04-29T16:58:50Z,29-Apr-2026,09:58:50,0.81,1
House Finch,Haemorhous mexicanus,2026-04-29T16:58:10Z,29-Apr-2026,09:58:10,0.8314,1
House Finch,Haemorhous mexicanus,2026-04-29T16:55:59Z,29-Apr-2026,09:55:59,0.34,1
Bewick's Wren,Thryomanes bewickii,2026-04-29T16:54:54Z,29-Apr-2026,09:54:54,0.81,1
Bewick's Wren,Thryomanes bewickii,2026-04-29T16:54:44Z,29-Apr-2026,09:54:44,0.69,1
Bewick's Wren,Thryomanes bewickii,2026-04-29T16:54:36Z,29-Apr-2026,09:54:36,0.68,1
Bewick's Wren,Thryomanes bewickii,2026-04-29T16:54:26Z,29-Apr-2026,09:54:26,0.37,1
Bewick's Wren,Thryomanes bewickii,2026-04-29T16:54:15Z,29-Apr-2026,09:54:15,0.4,1
Bewick's Wren,Thryomanes bewickii,2026-04-29T16:53:57Z,29-Apr-2026,09:53:57,0.52,1
Bewick's Wren,Thryomanes bewickii,2026-04-29T16:53:28Z,29-Apr-2026,09:53:28,0.43,1
House Finch,Haemorhous mexicanus,2026-04-29T16:53:13Z,29-Apr-2026,09:53:13,0.8471,1
Bewick's Wren,Thryomanes bewickii,2026-04-29T16:53:06Z,29-Apr-2026,09:53:06,0.52,1
Bewick's Wren,Thryomanes bewickii,2026-04-29T16:52:47Z,29-Apr-2026,09:52:47,0.55,1
Bewick's Wren,Thryomanes bewickii,2026-04-29T16:51:46Z,29-Apr-2026,09:51:46,0.63,1
Bewick's Wren,Thryomanes bewickii,2026-04-29T16:51:39Z,29-Apr-2026,09:51:39,0.34,1
Bewick's Wren,Thryomanes bewickii,2026-04-29T16:51:29Z,29-Apr-2026,09:51:29,0.6,1
Bewick's Wren,Thryomanes bewickii,2026-04-29T16:51:22Z,29-Apr-2026,09:51:22,0.65,1
Bewick's Wren,Thryomanes bewickii,2026-04-29T16:51:06Z,29-Apr-2026,09:51:06,0.48,1
Bewick's Wren,Thryomanes bewickii,2026-04-29T16:50:53Z,29-Apr-2026,09:50:53,0.3,1
Bewick's Wren,Thryomanes bewickii,2026-04-29T16:50:39Z,29-Apr-2026,09:50:39,0.33,1
Bewick's Wren,Thryomanes bewickii,2026-04-29T16:50:29Z,29-Apr-2026,09:50:29,0.57,1
Bewick's Wren,Thryomanes bewickii,2026-04-29T16:50:09Z,29-Apr-2026,09:50:09,0.73,1
Bewick's Wren,Thryomanes bewickii,2026-04-29T16:50:03Z,29-Apr-2026,09:50:03,0.8,1
Bewick's Wren,Thryomanes bewickii,2026-04-29T16:49:31Z,29-Apr-2026,09:49:31,0.79,1
Bewick's Wren,Thryomanes bewickii,2026-04-29T16:49:24Z,29-Apr-2026,09:49:24,0.66,1
Bewick's Wren,Thryomanes bewickii,2026-04-29T16:49:17Z,29-Apr-2026,09:49:17,0.37,1
Bewick's Wren,Thryomanes bewickii,2026-04-29T16:48:48Z,29-Apr-2026,09:48:48,0.65,1
Bewick's Wren,Thryomanes bewickii,2026-04-29T16:48:28Z,29-Apr-2026,09:48:28,0.6,1
House Finch,Haemorhous mexicanus,2026-04-29T16:47:16Z,29-Apr-2026,09:47:16,0.8157,1
House Finch,Haemorhous mexicanus,2026-04-29T16:46:42Z,29-Apr-2026,09:46:42,0.51,1
American Robin,Turdus migratorius,2026-04-29T16:43:38Z,29-Apr-2026,09:43:38,0.8745,1
House Finch,Haemorhous mexicanus,2026-04-29T16:42:47Z,29-Apr-2026,09:42:47,0.8627,1
Bewick's Wren,Thryomanes bewickii,2026-04-29T16:41:36Z,29-Apr-2026,09:41:36,0.28,1
Bewick's Wren,Thryomanes bewickii,2026-04-29T16:41:23Z,29-Apr-2026,09:41:23,0.36,1
Bewick's Wren,Thryomanes bewickii,2026-04-29T16:41:01Z,29-Apr-2026,09:41:01,0.29,1
House Finch,Haemorhous mexicanus,2026-04-29T16:37:59Z,29-Apr-2026,09:37:59,0.8,1
House Finch,Haemorhous mexicanus,2026-04-29T16:33:49Z,29-Apr-2026,09:33:49,0.53,1
House Finch,Haemorhous mexicanus,2026-04-29T16:33:44Z,29-Apr-2026,09:33:44,0.8,1
Bewick's Wren,Thryomanes bewickii,2026-04-29T16:32:50Z,29-Apr-2026,09:32:50,0.38,1
Anna's Hummingbird,Calypte anna,2026-04-29T16:32:05Z,29-Apr-2026,09:32:05,0.57,1
Anna's Hummingbird,Calypte anna,2026-04-29T16:31:52Z,29-Apr-2026,09:31:52,0.8863,1
American Goldfinch,Spinus tristis,2026-04-29T16:30:37Z,29-Apr-2026,09:30:37,0.7804,1
Bushtit,Psaltriparus minimus,2026-04-29T16:30:28Z,29-Apr-2026,09:30:28,0.52,1
Bushtit,Psaltriparus minimus,2026-04-29T16:30:21Z,29-Apr-2026,09:30:21,0.63,1
Bushtit,Psaltriparus minimus,2026-04-29T16:30:14Z,29-Apr-2026,09:30:14,0.8,1
Bushtit,Psaltriparus minimus,2026-04-29T16:30:06Z,29-Apr-2026,09:30:06,0.71,1
Bushtit,Psaltriparus minimus,2026-04-29T16:29:59Z,29-Apr-2026,09:29:59,0.4,1
Bushtit,Psaltriparus minimus,2026-04-29T16:29:53Z,29-Apr-2026,09:29:53,0.35,1
Bushtit,Psaltriparus minimus,2026-04-29T16:29:34Z,29-Apr-2026,09:29:34,0.84,1
Yellow-rumped Warbler,Setophaga coronata,2026-04-29T16:29:23Z,29-Apr-2026,09:29:23,0.31,1
House Finch,Haemorhous mexicanus,2026-04-29T16:29:09Z,29-Apr-2026,09:29:09,0.8,2
Chipping Sparrow,Spizella passerina,2026-04-29T16:27:17Z,29-Apr-2026,09:27:17,0.44,1
House Finch,Haemorhous mexicanus,2026-04-29T16:25:54Z,29-Apr-2026,09:25:54,0.8314,2
House Finch,Haemorhous mexicanus,2026-04-29T16:24:25Z,29-Apr-2026,09:24:25,0.8314,1
Bewick's Wren,Thryomanes bewickii,2026-04-29T16:23:51Z,29-Apr-2026,09:23:51,0.56,1
Bewick's Wren,Thryomanes bewickii,2026-04-29T16:23:33Z,29-Apr-2026,09:23:33,0.62,1
House Finch,Haemorhous mexicanus,2026-04-29T16:22:14Z,29-Apr-2026,09:22:14,0.8,1
Bewick's Wren,Thryomanes bewickii,2026-04-29T16:21:17Z,29-Apr-2026,09:21:17,0.51,1
Bewick's Wren,Thryomanes bewickii,2026-04-29T16:21:11Z,29-Apr-2026,09:21:11,0.7,1
Chestnut-backed Chickadee,Poecile rufescens,2026-04-29T16:20:59Z,29-Apr-2026,09:20:59,0.39,1
Bewick's Wren,Thryomanes bewickii,2026-04-29T16:20:46Z,29-Apr-2026,09:20:46,0.52,1
Chestnut-backed Chickadee,Poecile rufescens,2026-04-29T16:20:25Z,29-Apr-2026,09:20:25,0.8627,1
Chestnut-backed Chickadee,Poecile rufescens,2026-04-29T16:20:06Z,29-Apr-2026,09:20:06,0.32,1
Bewick's Wren,Thryomanes bewickii,2026-04-29T16:19:50Z,29-Apr-2026,09:19:50,0.43,1
Black-capped Chickadee,Poecile atricapillus,2026-04-29T16:19:34Z,29-Apr-2026,09:19:34,0.57,1
Bewick's Wren,Thryomanes bewickii,2026-04-29T16:19:25Z,29-Apr-2026,09:19:25,0.77,1
Chestnut-backed Chickadee,Poecile rufescens,2026-04-29T16:19:16Z,29-Apr-2026,09:19:16,0.9098,1
Bewick's Wren,Thryomanes bewickii,2026-04-29T16:19:11Z,29-Apr-2026,09:19:11,0.89,1
Bewick's Wren,Thryomanes bewickii,2026-04-29T16:18:38Z,29-Apr-2026,09:18:38,0.81,1
Bewick's Wren,Thryomanes bewickii,2026-04-29T16:17:59Z,29-Apr-2026,09:17:59,0.96,1
Bewick's Wren,Thryomanes bewickii,2026-04-29T16:17:51Z,29-Apr-2026,09:17:51,0.51,1
Bewick's Wren,Thryomanes bewickii,2026-04-29T16:17:44Z,29-Apr-2026,09:17:44,0.91,1
Steller's Jay,Cyanocitta stelleri,2026-04-29T16:16:53Z,29-Apr-2026,09:16:53,0.36,1
Bewick's Wren,Thryomanes bewickii,2026-04-29T16:16:47Z,29-Apr-2026,09:16:47,0.99,1
MacGillivray's Warbler,Geothlypis tolmiei,2026-04-29T16:16:38Z,29-Apr-2026,09:16:38,0.77,1
Bewick's Wren,Thryomanes bewickii,2026-04-29T16:16:18Z,29-Apr-2026,09:16:18,0.88,1
Chestnut-backed Chickadee,Poecile rufescens,2026-04-29T16:15:37Z,29-Apr-2026,09:15:37,0.7804,2
Chestnut-backed Chickadee,Poecile rufescens,2026-04-29T16:13:13Z,29-Apr-2026,09:13:13,0.949,7
Chestnut-backed Chickadee,Poecile rufescens,2026-04-29T16:13:10Z,29-Apr-2026,09:13:10,0.32,1
Chestnut-backed Chickadee,Poecile rufescens,2026-04-29T16:13:03Z,29-Apr-2026,09:13:03,0.29,1
Chestnut-backed Chickadee,Poecile rufescens,2026-04-29T16:12:02Z,29-Apr-2026,09:12:02,0.9686,1
House Finch,Haemorhous mexicanus,2026-04-29T16:11:37Z,29-Apr-2026,09:11:37,0.26,1
House Finch,Haemorhous mexicanus,2026-04-29T16:11:26Z,29-Apr-2026,09:11:26,0.9176,1
Cedar Waxwing,Bombycilla cedrorum,2026-04-29T16:10:15Z,29-Apr-2026,09:10:15,0.52,1
Bushtit,Psaltriparus minimus,2026-04-29T16:10:07Z,29-Apr-2026,09:10:07,0.44,1
American Robin,Turdus migratorius,2026-04-29T16:09:53Z,29-Apr-2026,09:09:53,0.3,1
Bushtit,Psaltriparus minimus,2026-04-29T16:09:40Z,29-Apr-2026,09:09:40,0.93,1
MacGillivray's Warbler,Geothlypis tolmiei,2026-04-29T16:09:27Z,29-Apr-2026,09:09:27,0.85,1
Bushtit,Psaltriparus minimus,2026-04-29T16:09:17Z,29-Apr-2026,09:09:17,0.63,1
Bushtit,Psaltriparus minimus,2026-04-29T16:09:10Z,29-Apr-2026,09:09:10,0.54,1
Black-throated Gray Warbler,Setophaga nigrescens,2026-04-29T16:08:39Z,29-Apr-2026,09:08:39,0.37,1
House Finch,Haemorhous mexicanus,2026-04-29T16:06:40Z,29-Apr-2026,09:06:40,0.8,1
Black-throated Gray Warbler,Setophaga nigrescens,2026-04-29T16:06:29Z,29-Apr-2026,09:06:29,0.48,1
House Finch,Haemorhous mexicanus,2026-04-29T16:06:12Z,29-Apr-2026,09:06:12,0.46,1
MacGillivray's Warbler,Geothlypis tolmiei,2026-04-29T16:05:52Z,29-Apr-2026,09:05:52,0.28,1
Black-throated Gray Warbler,Setophaga nigrescens,2026-04-29T16:04:31Z,29-Apr-2026,09:04:31,0.26,1
Bewick's Wren,Thryomanes bewickii,2026-04-29T16:03:56Z,29-Apr-2026,09:03:56,0.43,1
House Finch,Haemorhous mexicanus,2026-04-29T16:03:48Z,29-Apr-2026,09:03:48,0.8471,2
Yellow-rumped Warbler,Setophaga coronata,2026-04-29T16:03:37Z,29-Apr-2026,09:03:37,0.3,1
Bewick's Wren,Thryomanes bewickii,2026-04-29T16:02:21Z,29-Apr-2026,09:02:21,0.81,1
House Finch,Haemorhous mexicanus,2026-04-29T16:02:14Z,29-Apr-2026,09:02:14,0.8471,1
Purple Finch,Haemorhous purpureus,2026-04-29T16:01:55Z,29-Apr-2026,09:01:55,0.26,1
Bewick's Wren,Thryomanes bewickii,2026-04-29T16:01:24Z,29-Apr-2026,09:01:24,0.68,1
Bewick's Wren,Thryomanes bewickii,2026-04-29T15:59:56Z,29-Apr-2026,08:59:56,0.58,1
Anna's Hummingbird,Calypte anna,2026-04-29T15:59:40Z,29-Apr-2026,08:59:40,0.9333,1
Bewick's Wren,Thryomanes bewickii,2026-04-29T15:59:33Z,29-Apr-2026,08:59:33,0.4,1
MacGillivray's Warbler,Geothlypis tolmiei,2026-04-29T15:58:11Z,29-Apr-2026,08:58:11,0.48,1
Black-throated Gray Warbler,Setophaga nigrescens,2026-04-29T15:58:04Z,29-Apr-2026,08:58:04,0.3,1
Bewick's Wren,Thryomanes bewickii,2026-04-29T15:57:57Z,29-Apr-2026,08:57:57,0.29,1
Bewick's Wren,Thryomanes bewickii,2026-04-29T15:57:44Z,29-Apr-2026,08:57:44,0.67,1
Black-throated Gray Warbler,Setophaga nigrescens,2026-04-29T15:57:13Z,29-Apr-2026,08:57:13,0.35,1
Black-throated Gray Warbler,Setophaga nigrescens,2026-04-29T15:53:57Z,29-Apr-2026,08:53:57,0.26,1
Yellow-rumped Warbler,Setophaga coronata,2026-04-29T15:53:49Z,29-Apr-2026,08:53:49,0.33,1
Bewick's Wren,Thryomanes bewickii,2026-04-29T15:49:47Z,29-Apr-2026,08:49:47,0.26,1
Bewick's Wren,Thryomanes bewickii,2026-04-29T15:49:32Z,29-Apr-2026,08:49:32,0.83,1
Bewick's Wren,Thryomanes bewickii,2026-04-29T15:49:16Z,29-Apr-2026,08:49:16,0.85,1
Bewick's Wren,Thryomanes bewickii,2026-04-29T15:49:05Z,29-Apr-2026,08:49:05,0.9,1
Bewick's Wren,Thryomanes bewickii,2026-04-29T15:48:57Z,29-Apr-2026,08:48:57,0.87,1
Yellow-rumped Warbler,Setophaga coronata,2026-04-29T15:48:50Z,29-Apr-2026,08:48:50,0.27,1
Bewick's Wren,Thryomanes bewickii,2026-04-29T15:48:34Z,29-Apr-2026,08:48:34,0.77,1
Bewick's Wren,Thryomanes bewickii,2026-04-29T15:48:11Z,29-Apr-2026,08:48:11,0.68,1
Bewick's Wren,Thryomanes bewickii,2026-04-29T15:48:02Z,29-Apr-2026,08:48:02,0.47,1
Bewick's Wren,Thryomanes bewickii,2026-04-29T15:47:45Z,29-Apr-2026,08:47:45,0.84,1
Bewick's Wren,Thryomanes bewickii,2026-04-29T15:47:38Z,29-Apr-2026,08:47:38,0.6,1
Bewick's Wren,Thryomanes bewickii,2026-04-29T15:47:21Z,29-Apr-2026,08:47:21,0.9,1
Bewick's Wren,Thryomanes bewickii,2026-04-29T15:47:14Z,29-Apr-2026,08:47:14,0.99,1
Bewick's Wren,Thryomanes bewickii,2026-04-29T15:47:06Z,29-Apr-2026,08:47:06,0.64,1
Bewick's Wren,Thryomanes bewickii,2026-04-29T15:46:51Z,29-Apr-2026,08:46:51,0.98,1
Bewick's Wren,Thryomanes bewickii,2026-04-29T15:46:44Z,29-Apr-2026,08:46:44,0.39,1
Bewick's Wren,Thryomanes bewickii,2026-04-29T15:46:36Z,29-Apr-2026,08:46:36,0.99,1
Bewick's Wren,Thryomanes bewickii,2026-04-29T15:46:14Z,29-Apr-2026,08:46:14,0.66,1
Bewick's Wren,Thryomanes bewickii,2026-04-29T15:45:48Z,29-Apr-2026,08:45:48,0.96,1
Bewick's Wren,Thryomanes bewickii,2026-04-29T15:45:41Z,29-Apr-2026,08:45:41,0.95,1
Bewick's Wren,Thryomanes bewickii,2026-04-29T15:45:34Z,29-Apr-2026,08:45:34,0.66,1
American Robin,Turdus migratorius,2026-04-29T15:45:15Z,29-Apr-2026,08:45:15,0.8627,1
Bewick's Wren,Thryomanes bewickii,2026-04-29T15:44:53Z,29-Apr-2026,08:44:53,0.29,1
House Finch,Haemorhous mexicanus,2026-04-29T15:43:25Z,29-Apr-2026,08:43:25,0.8471,2
American Robin,Turdus migratorius,2026-04-29T15:41:52Z,29-Apr-2026,08:41:52,0.28,1
House Finch,Haemorhous mexicanus,2026-04-29T15:40:09Z,29-Apr-2026,08:40:09,0.33,1
Yellow-rumped Warbler,Setophaga coronata,2026-04-29T15:38:54Z,29-Apr-2026,08:38:54,0.56,1
House Finch,Haemorhous mexicanus,2026-04-29T15:38:49Z,29-Apr-2026,08:38:49,0.8627,4
MacGillivray's Warbler,Geothlypis tolmiei,2026-04-29T15:38:44Z,29-Apr-2026,08:38:44,0.46,1
House Finch,Haemorhous mexicanus,2026-04-29T15:37:38Z,29-Apr-2026,08:37:38,0.7804,2
House Finch,Haemorhous mexicanus,2026-04-29T15:37:21Z,29-Apr-2026,08:37:21,0.31,1
House Finch,Haemorhous mexicanus,2026-04-29T15:36:06Z,29-Apr-2026,08:36:06,0.8314,1
House Finch,Haemorhous mexicanus,2026-04-29T15:35:22Z,29-Apr-2026,08:35:22,0.29,1
Chestnut-backed Chickadee,Poecile rufescens,2026-04-29T15:35:18Z,29-Apr-2026,08:35:18,0.8863,1
Pacific-slope Flycatcher,Empidonax difficilis,2026-04-29T15:34:30Z,29-Apr-2026,08:34:30,0.37,1
House Finch,Haemorhous mexicanus,2026-04-29T15:34:05Z,29-Apr-2026,08:34:05,0.7804,1
Yellow-rumped Warbler,Setophaga coronata,2026-04-29T15:32:23Z,29-Apr-2026,08:32:23,0.32,1
Chestnut-backed Chickadee,Poecile rufescens,2026-04-29T15:32:09Z,29-Apr-2026,08:32:09,0.29,1
Chestnut-backed Chickadee,Poecile rufescens,2026-04-29T15:31:28Z,29-Apr-2026,08:31:28,0.8,5
MacGillivray's Warbler,Geothlypis tolmiei,2026-04-29T15:31:11Z,29-Apr-2026,08:31:11,0.35,1
Yellow-rumped Warbler,Setophaga coronata,2026-04-29T15:30:09Z,29-Apr-2026,08:30:09,0.34,1
Chestnut-backed Chickadee,Poecile rufescens,2026-04-29T15:29:14Z,29-Apr-2026,08:29:14,0.9804,4
Peregrine Falcon,Falco peregrinus,2026-04-29T15:29:08Z,29-Apr-2026,08:29:08,0.59,1
House Finch,Haemorhous mexicanus,2026-04-29T15:28:54Z,29-Apr-2026,08:28:54,0.42,1
Red-breasted Nuthatch,Sitta canadensis,2026-04-29T15:28:43Z,29-Apr-2026,08:28:43,0.26,1
Chestnut-backed Chickadee,Poecile rufescens,2026-04-29T15:28:36Z,29-Apr-2026,08:28:36,0.33,1
Chestnut-backed Chickadee,Poecile rufescens,2026-04-29T15:28:13Z,29-Apr-2026,08:28:13,0.8745,1
Chestnut-backed Chickadee,Poecile rufescens,2026-04-29T15:27:08Z,29-Apr-2026,08:27:08,0.949,1
American Crow,Corvus brachyrhynchos,2026-04-29T15:24:09Z,29-Apr-2026,08:24:09,0.8157,1
House Finch,Haemorhous mexicanus,2026-04-29T15:23:55Z,29-Apr-2026,08:23:55,0.32,1
Anna's Hummingbird,Calypte anna,2026-04-29T15:23:04Z,29-Apr-2026,08:23:04,0.8745,1
American Goldfinch,Spinus tristis,2026-04-29T15:22:16Z,29-Apr-2026,08:22:16,0.43,1
Chestnut-backed Chickadee,Poecile rufescens,2026-04-29T15:21:57Z,29-Apr-2026,08:21:57,0.949,4
Chestnut-backed Chickadee,Poecile rufescens,2026-04-29T15:21:39Z,29-Apr-2026,08:21:39,0.52,1
Chestnut-backed Chickadee,Poecile rufescens,2026-04-29T15:20:46Z,29-Apr-2026,08:20:46,0.9176,1
House Finch,Haemorhous mexicanus,2026-04-29T15:19:49Z,29-Apr-2026,08:19:49,0.8314,4
House Finch,Haemorhous mexicanus,2026-04-29T15:18:39Z,29-Apr-2026,08:18:39,0.7804,5
House Finch,Haemorhous mexicanus,2026-04-29T15:16:15Z,29-Apr-2026,08:16:15,0.8745,1
House Finch,Haemorhous mexicanus,2026-04-29T15:14:52Z,29-Apr-2026,08:14:52,0.8,1
House Finch,Haemorhous mexicanus,2026-04-29T15:13:47Z,29-Apr-2026,08:13:47,0.28,1
Bewick's Wren,Thryomanes bewickii,2026-04-29T15:13:28Z,29-Apr-2026,08:13:28,0.42,1
House Finch,Haemorhous mexicanus,2026-04-29T15:10:38Z,29-Apr-2026,08:10:38,0.8157,1
House Finch,Haemorhous mexicanus,2026-04-29T15:10:24Z,29-Apr-2026,08:10:24,0.3,1
Steller's Jay,Cyanocitta stelleri,2026-04-29T15:08:43Z,29-Apr-2026,08:08:43,0.64,1
Steller's Jay,Cyanocitta stelleri,2026-04-29T15:08:26Z,29-Apr-2026,08:08:26,0.8627,2
Bewick's Wren,Thryomanes bewickii,2026-04-29T15:08:22Z,29-Apr-2026,08:08:22,0.42,1
Steller's Jay,Cyanocitta stelleri,2026-04-29T15:08:07Z,29-Apr-2026,08:08:07,0.39,1
Steller's Jay,Cyanocitta stelleri,2026-04-29T15:08:01Z,29-Apr-2026,08:08:01,0.27,1
Steller's Jay,Cyanocitta stelleri,2026-04-29T15:07:54Z,29-Apr-2026,08:07:54,0.4,1
Steller's Jay,Cyanocitta stelleri,2026-04-29T15:07:47Z,29-Apr-2026,08:07:47,0.37,1
Steller's Jay,Cyanocitta stelleri,2026-04-29T15:07:39Z,29-Apr-2026,08:07:39,0.65,1
Bewick's Wren,Thryomanes bewickii,2026-04-29T15:07:17Z,29-Apr-2026,08:07:17,0.39,1
Bewick's Wren,Thryomanes bewickii,2026-04-29T15:06:54Z,29-Apr-2026,08:06:54,0.53,1
Steller's Jay,Cyanocitta stelleri,2026-04-29T15:06:34Z,29-Apr-2026,08:06:34,0.9176,1
Pacific-slope Flycatcher,Empidonax difficilis,2026-04-29T15:06:17Z,29-Apr-2026,08:06:17,0.48,1
House Finch,Haemorhous mexicanus,2026-04-29T15:06:12Z,29-Apr-2026,08:06:12,0.8,1
Bewick's Wren,Thryomanes bewickii,2026-04-29T15:05:41Z,29-Apr-2026,08:05:41,0.42,1
Bewick's Wren,Thryomanes bewickii,2026-04-29T15:04:12Z,29-Apr-2026,08:04:12,0.55,1
Bewick's Wren,Thryomanes bewickii,2026-04-29T15:03:29Z,29-Apr-2026,08:03:29,0.41,1
House Finch,Haemorhous mexicanus,2026-04-29T15:03:14Z,29-Apr-2026,08:03:14,0.898,1
Bewick's Wren,Thryomanes bewickii,2026-04-29T15:02:11Z,29-Apr-2026,08:02:11,0.55,1
House Finch,Haemorhous mexicanus,2026-04-29T15:02:07Z,29-Apr-2026,08:02:07,0.8471,1
Bewick's Wren,Thryomanes bewickii,2026-04-29T15:01:39Z,29-Apr-2026,08:01:39,0.39,1
House Finch,Haemorhous mexicanus,2026-04-29T15:00:59Z,29-Apr-2026,08:00:59,0.8157,2
Bewick's Wren,Thryomanes bewickii,2026-04-29T15:00:51Z,29-Apr-2026,08:00:51,0.47,1
Bewick's Wren,Thryomanes bewickii,2026-04-29T15:00:00Z,29-Apr-2026,08:00:00,0.4,1
House Finch,Haemorhous mexicanus,2026-04-29T14:59:56Z,29-Apr-2026,07:59:56,0.8,4
Bewick's Wren,Thryomanes bewickii,2026-04-29T14:59:48Z,29-Apr-2026,07:59:48,0.39,1
Bewick's Wren,Thryomanes bewickii,2026-04-29T14:59:33Z,29-Apr-2026,07:59:33,0.34,1
Bewick's Wren,Thryomanes bewickii,2026-04-29T14:59:27Z,29-Apr-2026,07:59:27,0.63,1
Bewick's Wren,Thryomanes bewickii,2026-04-29T14:59:13Z,29-Apr-2026,07:59:13,0.51,1
Black-capped Chickadee,Poecile atricapillus,2026-04-29T14:58:40Z,29-Apr-2026,07:58:40,0.27,1
Bewick's Wren,Thryomanes bewickii,2026-04-29T14:57:50Z,29-Apr-2026,07:57:50,0.43,1
House Finch,Haemorhous mexicanus,2026-04-29T14:57:45Z,29-Apr-2026,07:57:45,0.8314,2
Black-capped Chickadee,Poecile atricapillus,2026-04-29T14:57:13Z,29-Apr-2026,07:57:13,0.9098,1
House Finch,Haemorhous mexicanus,2026-04-29T14:55:57Z,29-Apr-2026,07:55:57,0.8157,1
Bewick's Wren,Thryomanes bewickii,2026-04-29T14:53:45Z,29-Apr-2026,07:53:45,0.5,1
Bewick's Wren,Thryomanes bewickii,2026-04-29T14:50:52Z,29-Apr-2026,07:50:52,0.49,1
Bewick's Wren,Thryomanes bewickii,2026-04-29T14:50:38Z,29-Apr-2026,07:50:38,0.3,1
Bewick's Wren,Thryomanes bewickii,2026-04-29T14:50:05Z,29-Apr-2026,07:50:05,0.36,1
Bewick's Wren,Thryomanes bewickii,2026-04-29T14:49:11Z,29-Apr-2026,07:49:11,0.42,1
Bewick's Wren,Thryomanes bewickii,2026-04-29T14:48:48Z,29-Apr-2026,07:48:48,0.36,1
Bewick's Wren,Thryomanes bewickii,2026-04-29T14:47:48Z,29-Apr-2026,07:47:48,0.34,1
House Finch,Haemorhous mexicanus,2026-04-29T14:46:05Z,29-Apr-2026,07:46:05,0.9412,1
House Finch,Haemorhous mexicanus,2026-04-29T14:44:57Z,29-Apr-2026,07:44:57,0.8471,1
House Finch,Haemorhous mexicanus,2026-04-29T14:43:05Z,29-Apr-2026,07:43:05,0.7804,1
American Robin,Turdus migratorius,2026-04-29T14:42:02Z,29-Apr-2026,07:42:02,0.8314,1
American Robin,Turdus migratorius,2026-04-29T14:40:41Z,29-Apr-2026,07:40:41,0.4,1
American Robin,Turdus migratorius,2026-04-29T14:40:31Z,29-Apr-2026,07:40:31,0.8314,1
House Finch,Haemorhous mexicanus,2026-04-29T14:37:47Z,29-Apr-2026,07:37:47,0.7804,1
Black-capped Chickadee,Poecile atricapillus,2026-04-29T14:36:57Z,29-Apr-2026,07:36:57,0.26,1
Chestnut-backed Chickadee,Poecile rufescens,2026-04-29T14:32:34Z,29-Apr-2026,07:32:34,0.31,1
Chestnut-backed Chickadee,Poecile rufescens,2026-04-29T14:31:51Z,29-Apr-2026,07:31:51,0.9255,3
Chestnut-backed Chickadee,Poecile rufescens,2026-04-29T14:31:05Z,29-Apr-2026,07:31:05,0.45,1
Chestnut-backed Chickadee,Poecile rufescens,2026-04-29T14:30:49Z,29-Apr-2026,07:30:49,0.9255,1
American Robin,Turdus migratorius,2026-04-29T14:29:56Z,29-Apr-2026,07:29:56,0.29,1
American Robin,Turdus migratorius,2026-04-29T14:29:42Z,29-Apr-2026,07:29:42,0.34,1
Chestnut-backed Chickadee,Poecile rufescens,2026-04-29T14:29:14Z,29-Apr-2026,07:29:14,0.8471,1
Bewick's Wren,Thryomanes bewickii,2026-04-29T14:29:08Z,29-Apr-2026,07:29:08,0.43,1
Bewick's Wren,Thryomanes bewickii,2026-04-29T14:29:02Z,29-Apr-2026,07:29:02,0.74,1
Bewick's Wren,Thryomanes bewickii,2026-04-29T14:28:54Z,29-Apr-2026,07:28:54,0.36,1
MacGillivray's Warbler,Geothlypis tolmiei,2026-04-29T14:28:40Z,29-Apr-2026,07:28:40,0.34,1
Bewick's Wren,Thryomanes bewickii,2026-04-29T14:28:13Z,29-Apr-2026,07:28:13,0.67,1
American Robin,Turdus migratorius,2026-04-29T14:28:06Z,29-Apr-2026,07:28:06,0.39,1
MacGillivray's Warbler,Geothlypis tolmiei,2026-04-29T14:28:00Z,29-Apr-2026,07:28:00,0.31,1
Chestnut-backed Chickadee,Poecile rufescens,2026-04-29T14:27:22Z,29-Apr-2026,07:27:22,0.37,1
American Crow,Corvus brachyrhynchos,2026-04-29T14:27:08Z,29-Apr-2026,07:27:08,0.8471,1
Chestnut-backed Chickadee,Poecile rufescens,2026-04-29T14:26:46Z,29-Apr-2026,07:26:46,0.27,1
Chestnut-backed Chickadee,Poecile rufescens,2026-04-29T14:26:42Z,29-Apr-2026,07:26:42,0.9961,12
Chestnut-backed Chickadee,Poecile rufescens,2026-04-29T14:26:36Z,29-Apr-2026,07:26:36,0.46,1
American Crow,Corvus brachyrhynchos,2026-04-29T14:25:46Z,29-Apr-2026,07:25:46,0.8627,1
Chestnut-backed Chickadee,Poecile rufescens,2026-04-29T14:25:41Z,29-Apr-2026,07:25:41,0.949,1
American Robin,Turdus migratorius,2026-04-29T14:25:38Z,29-Apr-2026,07:25:38,0.898,2
Chestnut-backed Chickadee,Poecile rufescens,2026-04-29T14:24:37Z,29-Apr-2026,07:24:37,0.949,1
Chestnut-backed Chickadee,Poecile rufescens,2026-04-29T14:24:30Z,29-Apr-2026,07:24:30,0.3,1
Chestnut-backed Chickadee,Poecile rufescens,2026-04-29T14:24:08Z,29-Apr-2026,07:24:08,0.36,1
American Robin,Turdus migratorius,2026-04-29T14:23:50Z,29-Apr-2026,07:23:50,0.29,1
American Robin,Turdus migratorius,2026-04-29T14:23:44Z,29-Apr-2026,07:23:44,0.7804,1
American Robin,Turdus migratorius,2026-04-29T14:23:31Z,29-Apr-2026,07:23:31,0.77,1
Black-throated Gray Warbler,Setophaga nigrescens,2026-04-29T14:22:49Z,29-Apr-2026,07:22:49,0.32,1
Steller's Jay,Cyanocitta stelleri,2026-04-29T14:22:43Z,29-Apr-2026,07:22:43,0.42,1
Steller's Jay,Cyanocitta stelleri,2026-04-29T14:22:38Z,29-Apr-2026,07:22:38,0.9647,4
House Finch,Haemorhous mexicanus,2026-04-29T14:22:17Z,29-Apr-2026,07:22:17,0.8314,1
Steller's Jay,Cyanocitta stelleri,2026-04-29T14:22:13Z,29-Apr-2026,07:22:13,0.53,1
American Robin,Turdus migratorius,2026-04-29T14:21:53Z,29-Apr-2026,07:21:53,0.41,1
American Robin,Turdus migratorius,2026-04-29T14:21:47Z,29-Apr-2026,07:21:47,0.8,3
American Robin,Turdus migratorius,2026-04-29T14:21:21Z,29-Apr-2026,07:21:21,0.31,1
American Crow,Corvus brachyrhynchos,2026-04-29T14:20:54Z,29-Apr-2026,07:20:54,0.8471,1
American Robin,Turdus migratorius,2026-04-29T14:20:43Z,29-Apr-2026,07:20:43,0.42,1
American Robin,Turdus migratorius,2026-04-29T14:20:35Z,29-Apr-2026,07:20:35,0.58,1
American Robin,Turdus migratorius,2026-04-29T14:20:29Z,29-Apr-2026,07:20:29,0.68,1
American Robin,Turdus migratorius,2026-04-29T14:20:25Z,29-Apr-2026,07:20:25,0.8627,1
American Robin,Turdus migratorius,2026-04-29T14:20:20Z,29-Apr-2026,07:20:20,0.62,1
American Robin,Turdus migratorius,2026-04-29T14:20:11Z,29-Apr-2026,07:20:11,0.78,1
American Robin,Turdus migratorius,2026-04-29T14:20:04Z,29-Apr-2026,07:20:04,0.67,1
American Robin,Turdus migratorius,2026-04-29T14:19:56Z,29-Apr-2026,07:19:56,0.87,1
American Robin,Turdus migratorius,2026-04-29T14:19:46Z,29-Apr-2026,07:19:46,0.41,1
American Robin,Turdus migratorius,2026-04-29T14:19:24Z,29-Apr-2026,07:19:24,0.8,1
American Robin,Turdus migratorius,2026-04-29T14:19:16Z,29-Apr-2026,07:19:16,0.37,1
American Robin,Turdus migratorius,2026-04-29T14:19:06Z,29-Apr-2026,07:19:06,0.59,1
Steller's Jay,Cyanocitta stelleri,2026-04-29T14:18:58Z,29-Apr-2026,07:18:58,0.78,1
Steller's Jay,Cyanocitta stelleri,2026-04-29T14:18:36Z,29-Apr-2026,07:18:36,0.42,1
Steller's Jay,Cyanocitta stelleri,2026-04-29T14:18:25Z,29-Apr-2026,07:18:25,0.8745,1
American Robin,Turdus migratorius,2026-04-29T14:18:18Z,29-Apr-2026,07:18:18,0.58,1
American Robin,Turdus migratorius,2026-04-29T14:18:10Z,29-Apr-2026,07:18:10,0.8471,3
American Robin,Turdus migratorius,2026-04-29T14:17:39Z,29-Apr-2026,07:17:39,0.94,1
American Robin,Turdus migratorius,2026-04-29T14:17:32Z,29-Apr-2026,07:17:32,0.28,1
American Robin,Turdus migratorius,2026-04-29T14:17:24Z,29-Apr-2026,07:17:24,0.84,1
American Robin,Turdus migratorius,2026-04-29T14:17:17Z,29-Apr-2026,07:17:17,0.73,1
American Robin,Turdus migratorius,2026-04-29T14:17:10Z,29-Apr-2026,07:17:10,0.4,1
American Robin,Turdus migratorius,2026-04-29T14:17:03Z,29-Apr-2026,07:17:03,0.8627,1
Mountain Chickadee,Poecile gambeli,2026-04-29T14:16:39Z,29-Apr-2026,07:16:39,0.47,1
House Finch,Haemorhous mexicanus,2026-04-29T14:16:02Z,29-Apr-2026,07:16:02,0.8157,1
Bewick's Wren,Thryomanes bewickii,2026-04-29T14:14:24Z,29-Apr-2026,07:14:24,0.29,1
Bewick's Wren,Thryomanes bewickii,2026-04-29T14:14:13Z,29-Apr-2026,07:14:13,0.36,1
Bewick's Wren,Thryomanes bewickii,2026-04-29T14:14:06Z,29-Apr-2026,07:14:06,0.64,1
Bewick's Wren,Thryomanes bewickii,2026-04-29T14:13:58Z,29-Apr-2026,07:13:58,0.55,1
Bewick's Wren,Thryomanes bewickii,2026-04-29T14:13:32Z,29-Apr-2026,07:13:32,0.38,1
Bewick's Wren,Thryomanes bewickii,2026-04-29T14:13:01Z,29-Apr-2026,07:13:01,0.27,1
Bewick's Wren,Thryomanes bewickii,2026-04-29T14:12:37Z,29-Apr-2026,07:12:37,0.31,1
American Robin,Turdus migratorius,2026-04-29T14:11:52Z,29-Apr-2026,07:11:52,0.8,2
Bewick's Wren,Thryomanes bewickii,2026-04-29T14:11:48Z,29-Apr-2026,07:11:48,0.28,1
Bewick's Wren,Thryomanes bewickii,2026-04-29T14:11:41Z,29-Apr-2026,07:11:41,0.42,1
Bewick's Wren,Thryomanes bewickii,2026-04-29T14:11:27Z,29-Apr-2026,07:11:27,0.48,1
Bewick's Wren,Thryomanes bewickii,2026-04-29T14:11:19Z,29-Apr-2026,07:11:19,0.44,1
American Robin,Turdus migratorius,2026-04-29T14:11:09Z,29-Apr-2026,07:11:09,0.31,1
American Robin,Turdus migratorius,2026-04-29T14:10:48Z,29-Apr-2026,07:10:48,0.45,1
American Robin,Turdus migratorius,2026-04-29T14:10:34Z,29-Apr-2026,07:10:34,0.7804,1
Bewick's Wren,Thryomanes bewickii,2026-04-29T14:10:19Z,29-Apr-2026,07:10:19,0.28,1
Bewick's Wren,Thryomanes bewickii,2026-04-29T14:09:57Z,29-Apr-2026,07:09:57,0.42,1
Bewick's Wren,Thryomanes bewickii,2026-04-29T14:09:50Z,29-Apr-2026,07:09:50,0.6,1
Bewick's Wren,Thryomanes bewickii,2026-04-29T14:09:43Z,29-Apr-2026,07:09:43,0.77,1
Bewick's Wren,Thryomanes bewickii,2026-04-29T14:09:29Z,29-Apr-2026,07:09:29,0.66,1
Bewick's Wren,Thryomanes bewickii,2026-04-29T14:09:22Z,29-Apr-2026,07:09:22,0.61,1
Bewick's Wren,Thryomanes bewickii,2026-04-29T14:09:08Z,29-Apr-2026,07:09:08,0.58,1
Bewick's Wren,Thryomanes bewickii,2026-04-29T14:08:38Z,29-Apr-2026,07:08:38,0.38,1
Bewick's Wren,Thryomanes bewickii,2026-04-29T14:08:32Z,29-Apr-2026,07:08:32,0.39,1
Bewick's Wren,Thryomanes bewickii,2026-04-29T14:08:19Z,29-Apr-2026,07:08:19,0.59,1
Bewick's Wren,Thryomanes bewickii,2026-04-29T14:08:08Z,29-Apr-2026,07:08:08,0.32,1
Bewick's Wren,Thryomanes bewickii,2026-04-29T14:08:00Z,29-Apr-2026,07:08:00,0.61,1
Bewick's Wren,Thryomanes bewickii,2026-04-29T14:07:49Z,29-Apr-2026,07:07:49,0.66,1
Bewick's Wren,Thryomanes bewickii,2026-04-29T14:07:36Z,29-Apr-2026,07:07:36,0.37,1
Bewick's Wren,Thryomanes bewickii,2026-04-29T14:07:28Z,29-Apr-2026,07:07:28,0.75,1
Bewick's Wren,Thryomanes bewickii,2026-04-29T14:07:20Z,29-Apr-2026,07:07:20,0.3,1
Bewick's Wren,Thryomanes bewickii,2026-04-29T14:07:13Z,29-Apr-2026,07:07:13,0.36,1
Chestnut-backed Chickadee,Poecile rufescens,2026-04-29T14:06:55Z,29-Apr-2026,07:06:55,0.52,1
Chestnut-backed Chickadee,Poecile rufescens,2026-04-29T14:06:42Z,29-Apr-2026,07:06:42,0.8,1
Chestnut-backed Chickadee,Poecile rufescens,2026-04-29T14:06:17Z,29-Apr-2026,07:06:17,0.33,1
Chestnut-backed Chickadee,Poecile rufescens,2026-04-29T14:06:10Z,29-Apr-2026,07:06:10,0.41,1
Bewick's Wren,Thryomanes bewickii,2026-04-29T14:06:02Z,29-Apr-2026,07:06:02,0.34,1
Bewick's Wren,Thryomanes bewickii,2026-04-29T14:05:26Z,29-Apr-2026,07:05:26,0.32,1
Bewick's Wren,Thryomanes bewickii,2026-04-29T14:04:57Z,29-Apr-2026,07:04:57,0.38,1
Bewick's Wren,Thryomanes bewickii,2026-04-29T14:04:43Z,29-Apr-2026,07:04:43,0.47,1
Bewick's Wren,Thryomanes bewickii,2026-04-29T14:04:36Z,29-Apr-2026,07:04:36,0.36,1
Bewick's Wren,Thryomanes bewickii,2026-04-29T14:03:36Z,29-Apr-2026,07:03:36,0.44,1
Bewick's Wren,Thryomanes bewickii,2026-04-29T14:03:28Z,29-Apr-2026,07:03:28,0.26,1
Bewick's Wren,Thryomanes bewickii,2026-04-29T14:03:18Z,29-Apr-2026,07:03:18,0.31,1
Bewick's Wren,Thryomanes bewickii,2026-04-29T14:02:26Z,29-Apr-2026,07:02:26,0.37,1
Bewick's Wren,Thryomanes bewickii,2026-04-29T14:02:16Z,29-Apr-2026,07:02:16,0.3,1
White-crowned Sparrow,Zonotrichia leucophrys,2026-04-29T14:01:47Z,29-Apr-2026,07:01:47,0.44,1
Bewick's Wren,Thryomanes bewickii,2026-04-29T14:00:03Z,29-Apr-2026,07:00:03,0.46,1
Bewick's Wren,Thryomanes bewickii,2026-04-29T13:59:27Z,29-Apr-2026,06:59:27,0.36,1
Orange-crowned Warbler,Leiothlypis celata,2026-04-29T13:59:20Z,29-Apr-2026,06:59:20,0.73,1
Bewick's Wren,Thryomanes bewickii,2026-04-29T13:58:36Z,29-Apr-2026,06:58:36,0.85,1
Bewick's Wren,Thryomanes bewickii,2026-04-29T13:58:20Z,29-Apr-2026,06:58:20,0.56,1
Bewick's Wren,Thryomanes bewickii,2026-04-29T13:58:05Z,29-Apr-2026,06:58:05,0.67,1
Bewick's Wren,Thryomanes bewickii,2026-04-29T13:57:58Z,29-Apr-2026,06:57:58,0.76,1
Bewick's Wren,Thryomanes bewickii,2026-04-29T13:57:32Z,29-Apr-2026,06:57:32,0.56,1
Chestnut-backed Chickadee,Poecile rufescens,2026-04-29T13:57:27Z,29-Apr-2026,06:57:27,0.8314,4
Bewick's Wren,Thryomanes bewickii,2026-04-29T13:57:15Z,29-Apr-2026,06:57:15,0.73,1
Bewick's Wren,Thryomanes bewickii,2026-04-29T13:56:50Z,29-Apr-2026,06:56:50,0.95,1
Bewick's Wren,Thryomanes bewickii,2026-04-29T13:56:42Z,29-Apr-2026,06:56:42,0.58,1
Bewick's Wren,Thryomanes bewickii,2026-04-29T13:56:34Z,29-Apr-2026,06:56:34,0.98,1
Bewick's Wren,Thryomanes bewickii,2026-04-29T13:56:23Z,29-Apr-2026,06:56:23,0.79,1
Chestnut-backed Chickadee,Poecile rufescens,2026-04-29T13:56:16Z,29-Apr-2026,06:56:16,0.9333,4
Chestnut-backed Chickadee,Poecile rufescens,2026-04-29T13:56:08Z,29-Apr-2026,06:56:08,0.34,1
Bewick's Wren,Thryomanes bewickii,2026-04-29T13:55:24Z,29-Apr-2026,06:55:24,0.72,1
Chestnut-backed Chickadee,Poecile rufescens,2026-04-29T13:55:02Z,29-Apr-2026,06:55:02,0.8471,1
Bewick's Wren,Thryomanes bewickii,2026-04-29T13:54:31Z,29-Apr-2026,06:54:31,0.98,1
Bewick's Wren,Thryomanes bewickii,2026-04-29T13:54:24Z,29-Apr-2026,06:54:24,0.97,1
Yellow-rumped Warbler,Setophaga coronata,2026-04-29T13:53:56Z,29-Apr-2026,06:53:56,0.59,1
Bewick's Wren,Thryomanes bewickii,2026-04-29T13:53:51Z,29-Apr-2026,06:53:51,0.97,1
Bewick's Wren,Thryomanes bewickii,2026-04-29T13:53:44Z,29-Apr-2026,06:53:44,0.93,1
Bewick's Wren,Thryomanes bewickii,2026-04-29T13:53:29Z,29-Apr-2026,06:53:29,0.9,1
Bewick's Wren,Thryomanes bewickii,2026-04-29T13:53:06Z,29-Apr-2026,06:53:06,0.83,1
Bewick's Wren,Thryomanes bewickii,2026-04-29T13:52:58Z,29-Apr-2026,06:52:58,0.79,1
Bewick's Wren,Thryomanes bewickii,2026-04-29T13:52:44Z,29-Apr-2026,06:52:44,0.97,1
Bewick's Wren,Thryomanes bewickii,2026-04-29T13:52:22Z,29-Apr-2026,06:52:22,0.97,1
Bewick's Wren,Thryomanes bewickii,2026-04-29T13:52:14Z,29-Apr-2026,06:52:14,0.95,1
Bewick's Wren,Thryomanes bewickii,2026-04-29T13:52:06Z,29-Apr-2026,06:52:06,0.98,1
Bewick's Wren,Thryomanes bewickii,2026-04-29T13:51:55Z,29-Apr-2026,06:51:55,0.97,1
Bewick's Wren,Thryomanes bewickii,2026-04-29T13:51:47Z,29-Apr-2026,06:51:47,0.97,1
Bewick's Wren,Thryomanes bewickii,2026-04-29T13:51:39Z,29-Apr-2026,06:51:39,0.96,1
Bewick's Wren,Thryomanes bewickii,2026-04-29T13:51:33Z,29-Apr-2026,06:51:33,0.97,1
Bewick's Wren,Thryomanes bewickii,2026-04-29T13:51:15Z,29-Apr-2026,06:51:15,0.97,1
Bewick's Wren,Thryomanes bewickii,2026-04-29T13:51:09Z,29-Apr-2026,06:51:09,0.71,1
Bewick's Wren,Thryomanes bewickii,2026-04-29T13:50:58Z,29-Apr-2026,06:50:58,0.99,1
Bewick's Wren,Thryomanes bewickii,2026-04-29T13:50:25Z,29-Apr-2026,06:50:25,0.99,1
Bewick's Wren,Thryomanes bewickii,2026-04-29T13:50:17Z,29-Apr-2026,06:50:17,0.42,1
Bewick's Wren,Thryomanes bewickii,2026-04-29T13:49:51Z,29-Apr-2026,06:49:51,0.7,1
Bewick's Wren,Thryomanes bewickii,2026-04-29T13:48:40Z,29-Apr-2026,06:48:40,0.45,1
Bewick's Wren,Thryomanes bewickii,2026-04-29T13:48:32Z,29-Apr-2026,06:48:32,0.51,1
Bewick's Wren,Thryomanes bewickii,2026-04-29T13:48:21Z,29-Apr-2026,06:48:21,0.31,1
Bewick's Wren,Thryomanes bewickii,2026-04-29T13:47:52Z,29-Apr-2026,06:47:52,0.85,1
Bewick's Wren,Thryomanes bewickii,2026-04-29T13:47:45Z,29-Apr-2026,06:47:45,0.84,1
White-crowned Sparrow,Zonotrichia leucophrys,2026-04-29T13:47:37Z,29-Apr-2026,06:47:37,0.35,1
House Finch,Haemorhous mexicanus,2026-04-29T13:47:09Z,29-Apr-2026,06:47:09,0.31,1
House Finch,Haemorhous mexicanus,2026-04-29T13:45:46Z,29-Apr-2026,06:45:46,0.29,1
Chestnut-backed Chickadee,Poecile rufescens,2026-04-29T13:45:21Z,29-Apr-2026,06:45:21,0.8157,3
Orange-crowned Warbler,Leiothlypis celata,2026-04-29T13:42:12Z,29-Apr-2026,06:42:12,0.73,1
Chestnut-backed Chickadee,Poecile rufescens,2026-04-29T13:40:45Z,29-Apr-2026,06:40:45,0.9255,8
Chestnut-backed Chickadee,Poecile rufescens,2026-04-29T13:39:36Z,29-Apr-2026,06:39:36,0.8471,1
American Robin,Turdus migratorius,2026-04-29T13:38:15Z,29-Apr-2026,06:38:15,0.29,1
Black-capped Chickadee,Poecile atricapillus,2026-04-29T13:38:03Z,29-Apr-2026,06:38:03,0.7804,1
Black-capped Chickadee,Poecile atricapillus,2026-04-29T13:37:48Z,29-Apr-2026,06:37:48,0.43,1
Bewick's Wren,Thryomanes bewickii,2026-04-29T13:37:13Z,29-Apr-2026,06:37:13,0.68,1
Bewick's Wren,Thryomanes bewickii,2026-04-29T13:36:30Z,29-Apr-2026,06:36:30,0.54,1
Chestnut-backed Chickadee,Poecile rufescens,2026-04-29T13:35:14Z,29-Apr-2026,06:35:14,0.37,1
Chestnut-backed Chickadee,Poecile rufescens,2026-04-29T13:35:00Z,29-Apr-2026,06:35:00,0.9255,1
Yellow-rumped Warbler,Setophaga coronata,2026-04-29T13:34:39Z,29-Apr-2026,06:34:39,0.31,1
Downy Woodpecker,Dryobates pubescens,2026-04-29T13:34:35Z,29-Apr-2026,06:34:35,0.8863,1
Yellow-rumped Warbler,Setophaga coronata,2026-04-29T13:34:13Z,29-Apr-2026,06:34:13,0.49,1
Yellow-rumped Warbler,Setophaga coronata,2026-04-29T13:33:59Z,29-Apr-2026,06:33:59,0.57,1
Yellow-rumped Warbler,Setophaga coronata,2026-04-29T13:33:43Z,29-Apr-2026,06:33:43,0.73,1
Yellow-rumped Warbler,Setophaga coronata,2026-04-29T13:33:20Z,29-Apr-2026,06:33:20,0.33,1
Yellow-rumped Warbler,Setophaga coronata,2026-04-29T13:33:13Z,29-Apr-2026,06:33:13,0.72,1
Yellow-rumped Warbler,Setophaga coronata,2026-04-29T13:33:06Z,29-Apr-2026,06:33:06,0.45,1
Yellow-rumped Warbler,Setophaga coronata,2026-04-29T13:32:51Z,29-Apr-2026,06:32:51,0.31,1
Yellow-rumped Warbler,Setophaga coronata,2026-04-29T13:31:15Z,29-Apr-2026,06:31:15,0.48,1
House Finch,Haemorhous mexicanus,2026-04-29T13:26:56Z,29-Apr-2026,06:26:56,0.8157,1
House Finch,Haemorhous mexicanus,2026-04-29T13:26:48Z,29-Apr-2026,06:26:48,0.33,1
House Finch,Haemorhous mexicanus,2026-04-29T13:25:08Z,29-Apr-2026,06:25:08,0.8314,1
Yellow-rumped Warbler,Setophaga coronata,2026-04-29T13:24:04Z,29-Apr-2026,06:24:04,0.37,1
Bewick's Wren,Thryomanes bewickii,2026-04-29T13:21:35Z,29-Apr-2026,06:21:35,0.55,1
House Finch,Haemorhous mexicanus,2026-04-29T13:21:25Z,29-Apr-2026,06:21:25,0.8471,1
Bewick's Wren,Thryomanes bewickii,2026-04-29T13:20:48Z,29-Apr-2026,06:20:48,0.35,1
MacGillivray's Warbler,Geothlypis tolmiei,2026-04-29T13:17:46Z,29-Apr-2026,06:17:46,0.3,1
Bewick's Wren,Thryomanes bewickii,2026-04-29T13:12:33Z,29-Apr-2026,06:12:33,0.59,1
Bewick's Wren,Thryomanes bewickii,2026-04-29T13:11:37Z,29-Apr-2026,06:11:37,0.77,1
Bewick's Wren,Thryomanes bewickii,2026-04-29T13:11:23Z,29-Apr-2026,06:11:23,0.28,1
Bewick's Wren,Thryomanes bewickii,2026-04-29T13:08:56Z,29-Apr-2026,06:08:56,0.29,1
Bewick's Wren,Thryomanes bewickii,2026-04-29T13:08:43Z,29-Apr-2026,06:08:43,0.32,1
Bewick's Wren,Thryomanes bewickii,2026-04-29T13:08:26Z,29-Apr-2026,06:08:26,0.45,1
Peregrine Falcon,Falco peregrinus,2026-04-29T13:07:44Z,29-Apr-2026,06:07:44,0.69,1
Bewick's Wren,Thryomanes bewickii,2026-04-29T13:04:19Z,29-Apr-2026,06:04:19,0.47,1
Bewick's Wren,Thryomanes bewickii,2026-04-29T13:03:37Z,29-Apr-2026,06:03:37,0.57,1
Yellow-rumped Warbler,Setophaga coronata,2026-04-29T13:01:46Z,29-Apr-2026,06:01:46,0.46,1
Yellow-rumped Warbler,Setophaga coronata,2026-04-29T12:59:51Z,29-Apr-2026,05:59:51,0.26,1
Bewick's Wren,Thryomanes bewickii,2026-04-29T12:57:00Z,29-Apr-2026,05:57:00,0.84,1
Bewick's Wren,Thryomanes bewickii,2026-04-29T12:56:46Z,29-Apr-2026,05:56:46,0.93,1
Bewick's Wren,Thryomanes bewickii,2026-04-29T12:56:38Z,29-Apr-2026,05:56:38,0.94,1
Bewick's Wren,Thryomanes bewickii,2026-04-29T12:56:31Z,29-Apr-2026,05:56:31,0.85,1
Bewick's Wren,Thryomanes bewickii,2026-04-29T12:56:25Z,29-Apr-2026,05:56:25,0.57,1
Bewick's Wren,Thryomanes bewickii,2026-04-29T12:56:10Z,29-Apr-2026,05:56:10,0.26,1
Bewick's Wren,Thryomanes bewickii,2026-04-29T12:56:02Z,29-Apr-2026,05:56:02,0.98,1
Bewick's Wren,Thryomanes bewickii,2026-04-29T12:55:48Z,29-Apr-2026,05:55:48,0.76,1
Bewick's Wren,Thryomanes bewickii,2026-04-29T12:55:41Z,29-Apr-2026,05:55:41,0.95,1
Bewick's Wren,Thryomanes bewickii,2026-04-29T12:55:18Z,29-Apr-2026,05:55:18,0.78,1
Bewick's Wren,Thryomanes bewickii,2026-04-29T12:55:11Z,29-Apr-2026,05:55:11,0.67,1
Bewick's Wren,Thryomanes bewickii,2026-04-29T12:55:04Z,29-Apr-2026,05:55:04,0.96,1
Bewick's Wren,Thryomanes bewickii,2026-04-29T12:54:56Z,29-Apr-2026,05:54:56,0.35,1
Bewick's Wren,Thryomanes bewickii,2026-04-29T12:54:48Z,29-Apr-2026,05:54:48,0.87,1
Bewick's Wren,Thryomanes bewickii,2026-04-29T12:54:42Z,29-Apr-2026,05:54:42,0.69,1
Bewick's Wren,Thryomanes bewickii,2026-04-29T12:54:26Z,29-Apr-2026,05:54:26,0.97,1
Bewick's Wren,Thryomanes bewickii,2026-04-29T12:54:19Z,29-Apr-2026,05:54:19,0.77,1
Bewick's Wren,Thryomanes bewickii,2026-04-29T12:54:12Z,29-Apr-2026,05:54:12,0.99,1
Bewick's Wren,Thryomanes bewickii,2026-04-29T12:54:05Z,29-Apr-2026,05:54:05,0.99,1
Bewick's Wren,Thryomanes bewickii,2026-04-29T12:53:43Z,29-Apr-2026,05:53:43,0.91,1
Bewick's Wren,Thryomanes bewickii,2026-04-29T12:53:22Z,29-Apr-2026,05:53:22,0.84,1
Bewick's Wren,Thryomanes bewickii,2026-04-29T12:53:17Z,29-Apr-2026,05:53:17,0.94,1
Bewick's Wren,Thryomanes bewickii,2026-04-29T12:53:10Z,29-Apr-2026,05:53:10,0.75,1
Bewick's Wren,Thryomanes bewickii,2026-04-29T12:53:03Z,29-Apr-2026,05:53:03,0.38,1
Bewick's Wren,Thryomanes bewickii,2026-04-29T12:52:55Z,29-Apr-2026,05:52:55,0.98,1
Bewick's Wren,Thryomanes bewickii,2026-04-29T12:52:48Z,29-Apr-2026,05:52:48,0.97,1
Bewick's Wren,Thryomanes bewickii,2026-04-29T12:52:41Z,29-Apr-2026,05:52:41,0.95,1
Bewick's Wren,Thryomanes bewickii,2026-04-29T12:52:26Z,29-Apr-2026,05:52:26,0.79,1
Black-capped Chickadee,Poecile atricapillus,2026-04-29T12:52:19Z,29-Apr-2026,05:52:19,0.4,1
Bewick's Wren,Thryomanes bewickii,2026-04-29T12:52:11Z,29-Apr-2026,05:52:11,0.61,1
Bewick's Wren,Thryomanes bewickii,2026-04-29T12:52:04Z,29-Apr-2026,05:52:04,0.79,1
Bewick's Wren,Thryomanes bewickii,2026-04-29T12:51:57Z,29-Apr-2026,05:51:57,0.98,1
Bewick's Wren,Thryomanes bewickii,2026-04-29T12:51:49Z,29-Apr-2026,05:51:49,0.81,1
Bewick's Wren,Thryomanes bewickii,2026-04-29T12:51:43Z,29-Apr-2026,05:51:43,0.95,1
Bewick's Wren,Thryomanes bewickii,2026-04-29T12:51:35Z,29-Apr-2026,05:51:35,0.98,1
Bewick's Wren,Thryomanes bewickii,2026-04-29T12:51:24Z,29-Apr-2026,05:51:24,0.98,1
Bewick's Wren,Thryomanes bewickii,2026-04-29T12:51:16Z,29-Apr-2026,05:51:16,0.93,1
Bewick's Wren,Thryomanes bewickii,2026-04-29T12:51:09Z,29-Apr-2026,05:51:09,0.28,1
Bewick's Wren,Thryomanes bewickii,2026-04-29T12:51:02Z,29-Apr-2026,05:51:02,0.97,1
Bewick's Wren,Thryomanes bewickii,2026-04-29T12:50:54Z,29-Apr-2026,05:50:54,0.56,1
Bewick's Wren,Thryomanes bewickii,2026-04-29T12:50:47Z,29-Apr-2026,05:50:47,0.78,1
Bewick's Wren,Thryomanes bewickii,2026-04-29T12:50:33Z,29-Apr-2026,05:50:33,0.97,1
Bewick's Wren,Thryomanes bewickii,2026-04-29T12:50:25Z,29-Apr-2026,05:50:25,0.97,1
Bewick's Wren,Thryomanes bewickii,2026-04-29T12:50:17Z,29-Apr-2026,05:50:17,0.97,1
Bewick's Wren,Thryomanes bewickii,2026-04-29T12:50:09Z,29-Apr-2026,05:50:09,0.77,1
Bewick's Wren,Thryomanes bewickii,2026-04-29T12:50:01Z,29-Apr-2026,05:50:01,0.94,1
Bewick's Wren,Thryomanes bewickii,2026-04-29T12:49:54Z,29-Apr-2026,05:49:54,0.87,1
Bewick's Wren,Thryomanes bewickii,2026-04-29T12:49:48Z,29-Apr-2026,05:49:48,0.3,1
Bewick's Wren,Thryomanes bewickii,2026-04-29T12:49:40Z,29-Apr-2026,05:49:40,0.95,1
Bewick's Wren,Thryomanes bewickii,2026-04-29T12:49:34Z,29-Apr-2026,05:49:34,0.97,1
Bewick's Wren,Thryomanes bewickii,2026-04-29T12:49:27Z,29-Apr-2026,05:49:27,0.98,1
Bewick's Wren,Thryomanes bewickii,2026-04-29T12:49:19Z,29-Apr-2026,05:49:19,0.74,1
Bewick's Wren,Thryomanes bewickii,2026-04-29T12:49:12Z,29-Apr-2026,05:49:12,0.91,1
Bewick's Wren,Thryomanes bewickii,2026-04-29T12:49:07Z,29-Apr-2026,05:49:07,0.74,1
Bewick's Wren,Thryomanes bewickii,2026-04-29T12:48:59Z,29-Apr-2026,05:48:59,0.99,1
Bewick's Wren,Thryomanes bewickii,2026-04-29T12:48:24Z,29-Apr-2026,05:48:24,0.85,1
Bewick's Wren,Thryomanes bewickii,2026-04-29T12:48:15Z,29-Apr-2026,05:48:15,0.69,1
Bewick's Wren,Thryomanes bewickii,2026-04-29T12:48:08Z,29-Apr-2026,05:48:08,0.64,1
Bewick's Wren,Thryomanes bewickii,2026-04-29T12:47:53Z,29-Apr-2026,05:47:53,0.72,1
Bewick's Wren,Thryomanes bewickii,2026-04-29T12:46:36Z,29-Apr-2026,05:46:36,0.42,1
American Robin,Turdus migratorius,2026-04-29T12:46:12Z,29-Apr-2026,05:46:12,0.8157,1
American Robin,Turdus migratorius,2026-04-29T12:45:41Z,29-Apr-2026,05:45:41,0.3,1
Bewick's Wren,Thryomanes bewickii,2026-04-29T12:45:19Z,29-Apr-2026,05:45:19,0.31,1
Bewick's Wren,Thryomanes bewickii,2026-04-29T12:45:05Z,29-Apr-2026,05:45:05,0.52,1
Bewick's Wren,Thryomanes bewickii,2026-04-29T12:44:57Z,29-Apr-2026,05:44:57,0.6,1
Bewick's Wren,Thryomanes bewickii,2026-04-29T12:44:50Z,29-Apr-2026,05:44:50,0.46,1
Bewick's Wren,Thryomanes bewickii,2026-04-29T12:44:19Z,29-Apr-2026,05:44:19,0.55,1
Bewick's Wren,Thryomanes bewickii,2026-04-29T12:44:12Z,29-Apr-2026,05:44:12,0.91,1
Bewick's Wren,Thryomanes bewickii,2026-04-29T12:44:06Z,29-Apr-2026,05:44:06,0.49,1
Bewick's Wren,Thryomanes bewickii,2026-04-29T12:43:55Z,29-Apr-2026,05:43:55,0.8,1
Bewick's Wren,Thryomanes bewickii,2026-04-29T12:43:47Z,29-Apr-2026,05:43:47,0.98,1
Bewick's Wren,Thryomanes bewickii,2026-04-29T12:43:40Z,29-Apr-2026,05:43:40,0.9,1
Bewick's Wren,Thryomanes bewickii,2026-04-29T12:43:25Z,29-Apr-2026,05:43:25,0.86,1
Bewick's Wren,Thryomanes bewickii,2026-04-29T12:43:04Z,29-Apr-2026,05:43:04,0.86,1
Bewick's Wren,Thryomanes bewickii,2026-04-29T12:42:56Z,29-Apr-2026,05:42:56,0.58,1
Bewick's Wren,Thryomanes bewickii,2026-04-29T12:42:41Z,29-Apr-2026,05:42:41,0.34,1
Bewick's Wren,Thryomanes bewickii,2026-04-29T12:42:33Z,29-Apr-2026,05:42:33,0.78,1
Bewick's Wren,Thryomanes bewickii,2026-04-29T12:42:26Z,29-Apr-2026,05:42:26,0.28,1
Bewick's Wren,Thryomanes bewickii,2026-04-29T12:42:19Z,29-Apr-2026,05:42:19,0.46,1
Black-capped Chickadee,Poecile atricapillus,2026-04-29T12:42:08Z,29-Apr-2026,05:42:08,0.8314,1
Bewick's Wren,Thryomanes bewickii,2026-04-29T12:42:00Z,29-Apr-2026,05:42:00,0.81,1
Bewick's Wren,Thryomanes bewickii,2026-04-29T12:41:46Z,29-Apr-2026,05:41:46,0.33,1
Mountain Chickadee,Poecile gambeli,2026-04-29T12:41:39Z,29-Apr-2026,05:41:39,0.32,1
Bewick's Wren,Thryomanes bewickii,2026-04-29T12:41:23Z,29-Apr-2026,05:41:23,0.52,1
Bewick's Wren,Thryomanes bewickii,2026-04-29T12:41:16Z,29-Apr-2026,05:41:16,0.63,1
Bewick's Wren,Thryomanes bewickii,2026-04-29T12:41:08Z,29-Apr-2026,05:41:08,0.67,1
Bewick's Wren,Thryomanes bewickii,2026-04-29T12:40:16Z,29-Apr-2026,05:40:16,0.58,1
Bewick's Wren,Thryomanes bewickii,2026-04-29T12:40:02Z,29-Apr-2026,05:40:02,0.44,1
Bewick's Wren,Thryomanes bewickii,2026-04-29T12:39:31Z,29-Apr-2026,05:39:31,0.7,1
Bewick's Wren,Thryomanes bewickii,2026-04-29T12:39:24Z,29-Apr-2026,05:39:24,0.9,1
Bewick's Wren,Thryomanes bewickii,2026-04-29T12:39:16Z,29-Apr-2026,05:39:16,0.81,1
Bewick's Wren,Thryomanes bewickii,2026-04-29T12:39:09Z,29-Apr-2026,05:39:09,0.96,1
Bewick's Wren,Thryomanes bewickii,2026-04-29T12:38:54Z,29-Apr-2026,05:38:54,0.93,1
Bewick's Wren,Thryomanes bewickii,2026-04-29T12:38:47Z,29-Apr-2026,05:38:47,0.87,1
Bewick's Wren,Thryomanes bewickii,2026-04-29T12:38:40Z,29-Apr-2026,05:38:40,0.85,1
Bewick's Wren,Thryomanes bewickii,2026-04-29T12:38:32Z,29-Apr-2026,05:38:32,0.97,1
Bewick's Wren,Thryomanes bewickii,2026-04-29T12:38:24Z,29-Apr-2026,05:38:24,0.75,1
Bewick's Wren,Thryomanes bewickii,2026-04-29T12:38:17Z,29-Apr-2026,05:38:17,0.95,1
MacGillivray's Warbler,Geothlypis tolmiei,2026-04-29T12:38:10Z,29-Apr-2026,05:38:10,0.37,1
Bewick's Wren,Thryomanes bewickii,2026-04-29T12:38:02Z,29-Apr-2026,05:38:02,0.46,1
Bewick's Wren,Thryomanes bewickii,2026-04-29T12:37:55Z,29-Apr-2026,05:37:55,0.97,1
Bewick's Wren,Thryomanes bewickii,2026-04-29T12:37:47Z,29-Apr-2026,05:37:47,0.94,1
Bewick's Wren,Thryomanes bewickii,2026-04-29T12:37:40Z,29-Apr-2026,05:37:40,0.86,1
Bewick's Wren,Thryomanes bewickii,2026-04-29T12:37:33Z,29-Apr-2026,05:37:33,0.95,1
Bewick's Wren,Thryomanes bewickii,2026-04-29T12:37:25Z,29-Apr-2026,05:37:25,0.9,1
Bewick's Wren,Thryomanes bewickii,2026-04-29T12:37:17Z,29-Apr-2026,05:37:17,0.91,1
Bewick's Wren,Thryomanes bewickii,2026-04-29T12:37:10Z,29-Apr-2026,05:37:10,0.69,1
Bewick's Wren,Thryomanes bewickii,2026-04-29T12:37:03Z,29-Apr-2026,05:37:03,0.57,1
Bewick's Wren,Thryomanes bewickii,2026-04-29T12:36:57Z,29-Apr-2026,05:36:57,0.88,1
Bewick's Wren,Thryomanes bewickii,2026-04-29T12:36:36Z,29-Apr-2026,05:36:36,0.8,1
Bewick's Wren,Thryomanes bewickii,2026-04-29T12:36:14Z,29-Apr-2026,05:36:14,0.94,1
Bewick's Wren,Thryomanes bewickii,2026-04-29T12:36:07Z,29-Apr-2026,05:36:07,0.96,1
Bewick's Wren,Thryomanes bewickii,2026-04-29T12:35:59Z,29-Apr-2026,05:35:59,0.98,1
MacGillivray's Warbler,Geothlypis tolmiei,2026-04-29T12:35:39Z,29-Apr-2026,05:35:39,0.38,1
Bewick's Wren,Thryomanes bewickii,2026-04-29T12:35:31Z,29-Apr-2026,05:35:31,0.92,1
Bewick's Wren,Thryomanes bewickii,2026-04-29T12:35:23Z,29-Apr-2026,05:35:23,0.95,1
Bewick's Wren,Thryomanes bewickii,2026-04-29T12:35:08Z,29-Apr-2026,05:35:08,0.96,1
Bewick's Wren,Thryomanes bewickii,2026-04-29T12:35:01Z,29-Apr-2026,05:35:01,0.32,1
Bewick's Wren,Thryomanes bewickii,2026-04-29T12:34:53Z,29-Apr-2026,05:34:53,0.57,1
Bewick's Wren,Thryomanes bewickii,2026-04-29T12:34:46Z,29-Apr-2026,05:34:46,0.72,1
Bewick's Wren,Thryomanes bewickii,2026-04-29T12:34:39Z,29-Apr-2026,05:34:39,0.98,1
Bewick's Wren,Thryomanes bewickii,2026-04-29T12:34:34Z,29-Apr-2026,05:34:34,0.94,1
Bewick's Wren,Thryomanes bewickii,2026-04-29T12:34:26Z,29-Apr-2026,05:34:26,0.96,1
Bewick's Wren,Thryomanes bewickii,2026-04-29T12:34:18Z,29-Apr-2026,05:34:18,0.89,1
Bewick's Wren,Thryomanes bewickii,2026-04-29T12:34:10Z,29-Apr-2026,05:34:10,0.59,1
Bewick's Wren,Thryomanes bewickii,2026-04-29T12:34:03Z,29-Apr-2026,05:34:03,0.94,1
Bewick's Wren,Thryomanes bewickii,2026-04-29T12:33:56Z,29-Apr-2026,05:33:56,0.96,1
Bewick's Wren,Thryomanes bewickii,2026-04-29T12:33:49Z,29-Apr-2026,05:33:49,0.44,1
Bewick's Wren,Thryomanes bewickii,2026-04-29T12:33:41Z,29-Apr-2026,05:33:41,0.97,1
Bewick's Wren,Thryomanes bewickii,2026-04-29T12:33:35Z,29-Apr-2026,05:33:35,0.98,1
Bewick's Wren,Thryomanes bewickii,2026-04-29T12:33:19Z,29-Apr-2026,05:33:19,0.92,1
Bewick's Wren,Thryomanes bewickii,2026-04-29T12:33:04Z,29-Apr-2026,05:33:04,0.96,1
Bewick's Wren,Thryomanes bewickii,2026-04-29T12:32:58Z,29-Apr-2026,05:32:58,0.98,1
Bewick's Wren,Thryomanes bewickii,2026-04-29T12:32:50Z,29-Apr-2026,05:32:50,0.99,1
Bewick's Wren,Thryomanes bewickii,2026-04-29T12:32:43Z,29-Apr-2026,05:32:43,0.26,1
Bewick's Wren,Thryomanes bewickii,2026-04-29T12:32:35Z,29-Apr-2026,05:32:35,0.98,1
Bewick's Wren,Thryomanes bewickii,2026-04-29T12:32:28Z,29-Apr-2026,05:32:28,0.99,1
Bewick's Wren,Thryomanes bewickii,2026-04-29T12:32:20Z,29-Apr-2026,05:32:20,0.97,1
Bewick's Wren,Thryomanes bewickii,2026-04-29T12:32:04Z,29-Apr-2026,05:32:04,0.93,1
Bewick's Wren,Thryomanes bewickii,2026-04-29T12:31:56Z,29-Apr-2026,05:31:56,0.97,1
Bewick's Wren,Thryomanes bewickii,2026-04-29T12:31:48Z,29-Apr-2026,05:31:48,0.98,1
Bewick's Wren,Thryomanes bewickii,2026-04-29T12:31:40Z,29-Apr-2026,05:31:40,0.95,1
Bewick's Wren,Thryomanes bewickii,2026-04-29T12:31:34Z,29-Apr-2026,05:31:34,0.95,1
Bewick's Wren,Thryomanes bewickii,2026-04-29T12:31:26Z,29-Apr-2026,05:31:26,0.97,1
Bewick's Wren,Thryomanes bewickii,2026-04-29T12:31:19Z,29-Apr-2026,05:31:19,0.98,1
Bewick's Wren,Thryomanes bewickii,2026-04-29T12:31:12Z,29-Apr-2026,05:31:12,0.99,1
Bewick's Wren,Thryomanes bewickii,2026-04-29T12:31:05Z,29-Apr-2026,05:31:05,0.97,1
Bewick's Wren,Thryomanes bewickii,2026-04-29T12:30:58Z,29-Apr-2026,05:30:58,0.6,1
Bewick's Wren,Thryomanes bewickii,2026-04-29T12:30:50Z,29-Apr-2026,05:30:50,0.83,1
Bewick's Wren,Thryomanes bewickii,2026-04-29T12:30:43Z,29-Apr-2026,05:30:43,0.97,1
Bewick's Wren,Thryomanes bewickii,2026-04-29T12:30:36Z,29-Apr-2026,05:30:36,0.98,1
Bewick's Wren,Thryomanes bewickii,2026-04-29T12:30:28Z,29-Apr-2026,05:30:28,0.94,1
Bewick's Wren,Thryomanes bewickii,2026-04-29T12:30:21Z,29-Apr-2026,05:30:21,0.92,1
Bewick's Wren,Thryomanes bewickii,2026-04-29T12:30:13Z,29-Apr-2026,05:30:13,0.94,1
Bewick's Wren,Thryomanes bewickii,2026-04-29T12:30:05Z,29-Apr-2026,05:30:05,0.95,1
Bewick's Wren,Thryomanes bewickii,2026-04-29T12:29:57Z,29-Apr-2026,05:29:57,0.66,1
Bewick's Wren,Thryomanes bewickii,2026-04-29T12:29:49Z,29-Apr-2026,05:29:49,0.92,1
Bewick's Wren,Thryomanes bewickii,2026-04-29T12:29:42Z,29-Apr-2026,05:29:42,0.89,1
Bewick's Wren,Thryomanes bewickii,2026-04-29T12:29:34Z,29-Apr-2026,05:29:34,0.9,1
Bewick's Wren,Thryomanes bewickii,2026-04-29T12:29:27Z,29-Apr-2026,05:29:27,0.7,1
Bewick's Wren,Thryomanes bewickii,2026-04-29T12:29:20Z,29-Apr-2026,05:29:20,0.89,1
Bewick's Wren,Thryomanes bewickii,2026-04-29T12:29:13Z,29-Apr-2026,05:29:13,0.8,1
Bewick's Wren,Thryomanes bewickii,2026-04-29T12:28:52Z,29-Apr-2026,05:28:52,0.62,1
Bewick's Wren,Thryomanes bewickii,2026-04-29T12:28:45Z,29-Apr-2026,05:28:45,0.87,1
Bewick's Wren,Thryomanes bewickii,2026-04-29T12:28:38Z,29-Apr-2026,05:28:38,0.68,1
Bewick's Wren,Thryomanes bewickii,2026-04-29T12:28:17Z,29-Apr-2026,05:28:17,0.62,1
Bewick's Wren,Thryomanes bewickii,2026-04-29T12:27:54Z,29-Apr-2026,05:27:54,0.5,1
Bewick's Wren,Thryomanes bewickii,2026-04-29T12:27:40Z,29-Apr-2026,05:27:40,0.42,1
Bewick's Wren,Thryomanes bewickii,2026-04-29T12:27:32Z,29-Apr-2026,05:27:32,0.76,1
Bewick's Wren,Thryomanes bewickii,2026-04-29T12:27:04Z,29-Apr-2026,05:27:04,0.66,1
Bewick's Wren,Thryomanes bewickii,2026-04-29T12:26:50Z,29-Apr-2026,05:26:50,0.64,1
Bewick's Wren,Thryomanes bewickii,2026-04-29T12:26:42Z,29-Apr-2026,05:26:42,0.82,1
Bewick's Wren,Thryomanes bewickii,2026-04-29T12:26:35Z,29-Apr-2026,05:26:35,0.64,1
Bewick's Wren,Thryomanes bewickii,2026-04-29T12:26:28Z,29-Apr-2026,05:26:28,0.51,1
Black-capped Chickadee,Poecile atricapillus,2026-04-29T12:26:21Z,29-Apr-2026,05:26:21,0.63,1
Bewick's Wren,Thryomanes bewickii,2026-04-29T12:26:10Z,29-Apr-2026,05:26:10,0.65,1
Bewick's Wren,Thryomanes bewickii,2026-04-29T12:25:47Z,29-Apr-2026,05:25:47,0.32,1
Bewick's Wren,Thryomanes bewickii,2026-04-29T12:25:19Z,29-Apr-2026,05:25:19,0.31,1
Bewick's Wren,Thryomanes bewickii,2026-04-29T12:25:04Z,29-Apr-2026,05:25:04,0.71,1
Bewick's Wren,Thryomanes bewickii,2026-04-29T12:24:57Z,29-Apr-2026,05:24:57,0.6,1
Bewick's Wren,Thryomanes bewickii,2026-04-29T12:24:49Z,29-Apr-2026,05:24:49,0.65,1
Bewick's Wren,Thryomanes bewickii,2026-04-29T12:24:43Z,29-Apr-2026,05:24:43,0.68,1
Bewick's Wren,Thryomanes bewickii,2026-04-29T12:24:35Z,29-Apr-2026,05:24:35,0.93,1
Bewick's Wren,Thryomanes bewickii,2026-04-29T12:24:28Z,29-Apr-2026,05:24:28,0.72,1
Bewick's Wren,Thryomanes bewickii,2026-04-29T12:24:20Z,29-Apr-2026,05:24:20,0.62,1
Bewick's Wren,Thryomanes bewickii,2026-04-29T12:24:07Z,29-Apr-2026,05:24:07,0.56,1
Bewick's Wren,Thryomanes bewickii,2026-04-29T12:24:00Z,29-Apr-2026,05:24:00,0.7,1
Bewick's Wren,Thryomanes bewickii,2026-04-29T12:23:38Z,29-Apr-2026,05:23:38,0.45,1
Bewick's Wren,Thryomanes bewickii,2026-04-29T12:23:10Z,29-Apr-2026,05:23:10,0.55,1
Bewick's Wren,Thryomanes bewickii,2026-04-29T12:22:43Z,29-Apr-2026,05:22:43,0.54,1
Bewick's Wren,Thryomanes bewickii,2026-04-29T12:22:35Z,29-Apr-2026,05:22:35,0.59,1
Bewick's Wren,Thryomanes bewickii,2026-04-29T12:22:28Z,29-Apr-2026,05:22:28,0.37,1
Bewick's Wren,Thryomanes bewickii,2026-04-29T12:22:20Z,29-Apr-2026,05:22:20,0.54,1
Bewick's Wren,Thryomanes bewickii,2026-04-29T12:22:12Z,29-Apr-2026,05:22:12,0.9,1
Bewick's Wren,Thryomanes bewickii,2026-04-29T12:22:04Z,29-Apr-2026,05:22:04,0.8,1
Bewick's Wren,Thryomanes bewickii,2026-04-29T12:21:57Z,29-Apr-2026,05:21:57,0.88,1
Bewick's Wren,Thryomanes bewickii,2026-04-29T12:21:36Z,29-Apr-2026,05:21:36,0.49,1
Bewick's Wren,Thryomanes bewickii,2026-04-29T12:21:26Z,29-Apr-2026,05:21:26,0.98,1
Bewick's Wren,Thryomanes bewickii,2026-04-29T12:21:11Z,29-Apr-2026,05:21:11,0.97,1
Bewick's Wren,Thryomanes bewickii,2026-04-29T12:21:03Z,29-Apr-2026,05:21:03,0.57,1
Bewick's Wren,Thryomanes bewickii,2026-04-29T12:20:49Z,29-Apr-2026,05:20:49,0.94,1
Bewick's Wren,Thryomanes bewickii,2026-04-29T12:20:41Z,29-Apr-2026,05:20:41,0.99,1
Bewick's Wren,Thryomanes bewickii,2026-04-29T12:20:34Z,29-Apr-2026,05:20:34,0.96,1
Bewick's Wren,Thryomanes bewickii,2026-04-29T12:20:27Z,29-Apr-2026,05:20:27,0.97,1
Bewick's Wren,Thryomanes bewickii,2026-04-29T12:20:12Z,29-Apr-2026,05:20:12,0.67,1
Bewick's Wren,Thryomanes bewickii,2026-04-29T12:20:05Z,29-Apr-2026,05:20:05,0.9,1
Bewick's Wren,Thryomanes bewickii,2026-04-29T12:19:50Z,29-Apr-2026,05:19:50,0.91,1
Bewick's Wren,Thryomanes bewickii,2026-04-29T12:19:42Z,29-Apr-2026,05:19:42,0.42,1
Bewick's Wren,Thryomanes bewickii,2026-04-29T12:19:20Z,29-Apr-2026,05:19:20,0.44,1
Bewick's Wren,Thryomanes bewickii,2026-04-29T12:19:13Z,29-Apr-2026,05:19:13,0.5,1
Bewick's Wren,Thryomanes bewickii,2026-04-29T12:19:05Z,29-Apr-2026,05:19:05,0.81,1
Bewick's Wren,Thryomanes bewickii,2026-04-29T12:18:37Z,29-Apr-2026,05:18:37,0.84,1
Bewick's Wren,Thryomanes bewickii,2026-04-29T12:18:18Z,29-Apr-2026,05:18:18,0.94,1
Bewick's Wren,Thryomanes bewickii,2026-04-29T12:18:11Z,29-Apr-2026,05:18:11,0.96,1
Bewick's Wren,Thryomanes bewickii,2026-04-29T12:18:01Z,29-Apr-2026,05:18:01,0.98,1
Bewick's Wren,Thryomanes bewickii,2026-04-29T12:17:54Z,29-Apr-2026,05:17:54,0.94,1
Bewick's Wren,Thryomanes bewickii,2026-04-29T12:17:32Z,29-Apr-2026,05:17:32,0.31,1
Bewick's Wren,Thryomanes bewickii,2026-04-29T12:17:25Z,29-Apr-2026,05:17:25,0.43,1
Bewick's Wren,Thryomanes bewickii,2026-04-29T12:16:56Z,29-Apr-2026,05:16:56,0.63,1
Bewick's Wren,Thryomanes bewickii,2026-04-29T12:16:49Z,29-Apr-2026,05:16:49,0.94,1
Bewick's Wren,Thryomanes bewickii,2026-04-29T12:16:42Z,29-Apr-2026,05:16:42,0.76,1
Bewick's Wren,Thryomanes bewickii,2026-04-29T12:16:35Z,29-Apr-2026,05:16:35,0.83,1
Bewick's Wren,Thryomanes bewickii,2026-04-29T12:16:28Z,29-Apr-2026,05:16:28,0.9,1
Bewick's Wren,Thryomanes bewickii,2026-04-29T12:15:47Z,29-Apr-2026,05:15:47,0.98,1
Bewick's Wren,Thryomanes bewickii,2026-04-29T12:15:34Z,29-Apr-2026,05:15:34,0.95,1
Bewick's Wren,Thryomanes bewickii,2026-04-29T12:15:26Z,29-Apr-2026,05:15:26,0.97,1
Bewick's Wren,Thryomanes bewickii,2026-04-29T12:15:16Z,29-Apr-2026,05:15:16,0.99,1
Bewick's Wren,Thryomanes bewickii,2026-04-29T12:15:10Z,29-Apr-2026,05:15:10,0.98,1
Bewick's Wren,Thryomanes bewickii,2026-04-29T12:15:02Z,29-Apr-2026,05:15:02,0.96,1
Bewick's Wren,Thryomanes bewickii,2026-04-29T12:14:52Z,29-Apr-2026,05:14:52,0.96,1
Bewick's Wren,Thryomanes bewickii,2026-04-29T12:14:44Z,29-Apr-2026,05:14:44,0.95,1
Bewick's Wren,Thryomanes bewickii,2026-04-29T12:14:36Z,29-Apr-2026,05:14:36,0.94,1
Bewick's Wren,Thryomanes bewickii,2026-04-29T12:14:26Z,29-Apr-2026,05:14:26,0.92,1
Bewick's Wren,Thryomanes bewickii,2026-04-29T12:14:18Z,29-Apr-2026,05:14:18,0.53,1
Bewick's Wren,Thryomanes bewickii,2026-04-29T12:14:04Z,29-Apr-2026,05:14:04,0.83,1
Bewick's Wren,Thryomanes bewickii,2026-04-29T12:13:57Z,29-Apr-2026,05:13:57,0.28,1
Bewick's Wren,Thryomanes bewickii,2026-04-29T12:13:50Z,29-Apr-2026,05:13:50,0.97,1
Bewick's Wren,Thryomanes bewickii,2026-04-29T12:13:42Z,29-Apr-2026,05:13:42,0.96,1
Bewick's Wren,Thryomanes bewickii,2026-04-29T12:13:36Z,29-Apr-2026,05:13:36,0.89,1
Bewick's Wren,Thryomanes bewickii,2026-04-29T12:13:28Z,29-Apr-2026,05:13:28,0.96,1
Bewick's Wren,Thryomanes bewickii,2026-04-29T12:13:20Z,29-Apr-2026,05:13:20,0.96,1
Bewick's Wren,Thryomanes bewickii,2026-04-29T12:13:10Z,29-Apr-2026,05:13:10,0.78,1
Bewick's Wren,Thryomanes bewickii,2026-04-29T12:13:03Z,29-Apr-2026,05:13:03,0.46,1
Bewick's Wren,Thryomanes bewickii,2026-04-29T12:12:55Z,29-Apr-2026,05:12:55,0.96,1
Bewick's Wren,Thryomanes bewickii,2026-04-29T12:11:53Z,29-Apr-2026,05:11:53,0.31,1
Bewick's Wren,Thryomanes bewickii,2026-04-29T12:11:43Z,29-Apr-2026,05:11:43,0.89,1
Bewick's Wren,Thryomanes bewickii,2026-04-29T12:11:28Z,29-Apr-2026,05:11:28,0.73,1
Bewick's Wren,Thryomanes bewickii,2026-04-29T12:11:20Z,29-Apr-2026,05:11:20,0.91,1
Bewick's Wren,Thryomanes bewickii,2026-04-29T12:10:47Z,29-Apr-2026,05:10:47,0.97,1
Bewick's Wren,Thryomanes bewickii,2026-04-29T12:09:42Z,29-Apr-2026,05:09:42,0.97,1
Bewick's Wren,Thryomanes bewickii,2026-04-29T12:09:36Z,29-Apr-2026,05:09:36,0.79,1
Bewick's Wren,Thryomanes bewickii,2026-04-29T12:09:15Z,29-Apr-2026,05:09:15,0.7,1
Bewick's Wren,Thryomanes bewickii,2026-04-29T12:09:07Z,29-Apr-2026,05:09:07,0.74,1
Bewick's Wren,Thryomanes bewickii,2026-04-29T12:09:01Z,29-Apr-2026,05:09:01,0.95,1
Bewick's Wren,Thryomanes bewickii,2026-04-29T12:08:53Z,29-Apr-2026,05:08:53,0.38,1
Bewick's Wren,Thryomanes bewickii,2026-04-29T12:08:40Z,29-Apr-2026,05:08:40,0.86,1
Bewick's Wren,Thryomanes bewickii,2026-04-29T12:08:34Z,29-Apr-2026,05:08:34,0.69,1
American Robin,Turdus migratorius,2026-04-29T12:08:27Z,29-Apr-2026,05:08:27,0.32,1
Bewick's Wren,Thryomanes bewickii,2026-04-29T12:08:19Z,29-Apr-2026,05:08:19,0.96,1
Bewick's Wren,Thryomanes bewickii,2026-04-29T12:08:12Z,29-Apr-2026,05:08:12,0.83,1
Bewick's Wren,Thryomanes bewickii,2026-04-29T12:07:36Z,29-Apr-2026,05:07:36,0.9,1
Bewick's Wren,Thryomanes bewickii,2026-04-29T12:07:28Z,29-Apr-2026,05:07:28,0.99,1
Bewick's Wren,Thryomanes bewickii,2026-04-29T12:07:14Z,29-Apr-2026,05:07:14,0.64,1
Bewick's Wren,Thryomanes bewickii,2026-04-29T12:06:56Z,29-Apr-2026,05:06:56,0.99,1
Bewick's Wren,Thryomanes bewickii,2026-04-29T12:06:43Z,29-Apr-2026,05:06:43,0.94,1
Bewick's Wren,Thryomanes bewickii,2026-04-29T12:06:28Z,29-Apr-2026,05:06:28,0.67,1
Townsend's Warbler,Setophaga townsendi,2026-04-29T12:06:21Z,29-Apr-2026,05:06:21,0.39,1
Bewick's Wren,Thryomanes bewickii,2026-04-29T12:06:14Z,29-Apr-2026,05:06:14,0.79,1
Bewick's Wren,Thryomanes bewickii,2026-04-29T12:06:07Z,29-Apr-2026,05:06:07,0.92,1
Bewick's Wren,Thryomanes bewickii,2026-04-29T12:05:59Z,29-Apr-2026,05:05:59,0.96,1
Bewick's Wren,Thryomanes bewickii,2026-04-29T12:05:53Z,29-Apr-2026,05:05:53,0.53,1
Bewick's Wren,Thryomanes bewickii,2026-04-29T12:05:38Z,29-Apr-2026,05:05:38,0.98,1
Bewick's Wren,Thryomanes bewickii,2026-04-29T12:05:31Z,29-Apr-2026,05:05:31,0.67,1
Bewick's Wren,Thryomanes bewickii,2026-04-29T12:05:23Z,29-Apr-2026,05:05:23,0.95,1
Bewick's Wren,Thryomanes bewickii,2026-04-29T12:05:16Z,29-Apr-2026,05:05:16,0.88,1
American Robin,Turdus migratorius,2026-04-29T12:05:12Z,29-Apr-2026,05:05:12,0.8314,1
Bewick's Wren,Thryomanes bewickii,2026-04-29T12:05:04Z,29-Apr-2026,05:05:04,0.28,1
Bewick's Wren,Thryomanes bewickii,2026-04-29T12:04:55Z,29-Apr-2026,05:04:55,0.78,1
Bewick's Wren,Thryomanes bewickii,2026-04-29T12:04:48Z,29-Apr-2026,05:04:48,0.91,1
Bewick's Wren,Thryomanes bewickii,2026-04-29T12:04:26Z,29-Apr-2026,05:04:26,0.98,1
Bewick's Wren,Thryomanes bewickii,2026-04-29T12:04:19Z,29-Apr-2026,05:04:19,0.62,1
Bewick's Wren,Thryomanes bewickii,2026-04-29T12:04:12Z,29-Apr-2026,05:04:12,0.97,1
Bewick's Wren,Thryomanes bewickii,2026-04-29T12:03:59Z,29-Apr-2026,05:03:59,0.44,1
Bewick's Wren,Thryomanes bewickii,2026-04-29T12:03:35Z,29-Apr-2026,05:03:35,0.4,1
Bewick's Wren,Thryomanes bewickii,2026-04-29T12:03:27Z,29-Apr-2026,05:03:27,0.4,1
American Robin,Turdus migratorius,2026-04-29T12:03:17Z,29-Apr-2026,05:03:17,0.8863,1
Bewick's Wren,Thryomanes bewickii,2026-04-29T12:03:10Z,29-Apr-2026,05:03:10,0.86,1
Bewick's Wren,Thryomanes bewickii,2026-04-29T12:02:55Z,29-Apr-2026,05:02:55,0.83,1
Bewick's Wren,Thryomanes bewickii,2026-04-29T12:02:26Z,29-Apr-2026,05:02:26,0.79,1
Bewick's Wren,Thryomanes bewickii,2026-04-29T12:02:19Z,29-Apr-2026,05:02:19,0.62,1
Bewick's Wren,Thryomanes bewickii,2026-04-29T12:01:41Z,29-Apr-2026,05:01:41,0.43,1
Bewick's Wren,Thryomanes bewickii,2026-04-29T12:01:35Z,29-Apr-2026,05:01:35,0.53,1
American Robin,Turdus migratorius,2026-04-29T12:01:21Z,29-Apr-2026,05:01:21,0.3,1
Bewick's Wren,Thryomanes bewickii,2026-04-29T12:00:50Z,29-Apr-2026,05:00:50,0.79,1
Bewick's Wren,Thryomanes bewickii,2026-04-29T12:00:25Z,29-Apr-2026,05:00:25,0.29,1
Bewick's Wren,Thryomanes bewickii,2026-04-29T11:59:57Z,29-Apr-2026,04:59:57,0.3,1
Bewick's Wren,Thryomanes bewickii,2026-04-29T11:58:33Z,29-Apr-2026,04:58:33,0.48,1
Bewick's Wren,Thryomanes bewickii,2026-04-29T11:55:27Z,29-Apr-2026,04:55:27,0.56,1
Bewick's Wren,Thryomanes bewickii,2026-04-29T11:53:43Z,29-Apr-2026,04:53:43,0.47,1
American Robin,Turdus migratorius,2026-04-29T11:52:49Z,29-Apr-2026,04:52:49,0.3,1
American Robin,Turdus migratorius,2026-04-29T11:50:41Z,29-Apr-2026,04:50:41,0.8471,1
Bewick's Wren,Thryomanes bewickii,2026-04-29T11:50:06Z,29-Apr-2026,04:50:06,0.97,1
American Robin,Turdus migratorius,2026-04-29T11:49:09Z,29-Apr-2026,04:49:09,0.31,1
Bewick's Wren,Thryomanes bewickii,2026-04-29T11:48:37Z,29-Apr-2026,04:48:37,0.99,1
American Robin,Turdus migratorius,2026-04-29T11:48:23Z,29-Apr-2026,04:48:23,0.31,1
American Robin,Turdus migratorius,2026-04-29T11:48:16Z,29-Apr-2026,04:48:16,0.27,1
Bewick's Wren,Thryomanes bewickii,2026-04-29T11:45:43Z,29-Apr-2026,04:45:43,0.99,1
Bewick's Wren,Thryomanes bewickii,2026-04-29T11:45:36Z,29-Apr-2026,04:45:36,0.99,1
Bewick's Wren,Thryomanes bewickii,2026-04-29T11:44:19Z,29-Apr-2026,04:44:19,0.98,1
Bewick's Wren,Thryomanes bewickii,2026-04-29T11:44:11Z,29-Apr-2026,04:44:11,0.97,1
Red-breasted Nuthatch,Sitta canadensis,2026-04-29T11:34:59Z,29-Apr-2026,04:34:59,0.54,1
American Robin,Turdus migratorius,2026-04-29T11:24:06Z,29-Apr-2026,04:24:06,0.34,1
American Robin,Turdus migratorius,2026-04-29T11:23:54Z,29-Apr-2026,04:23:54,0.8,1
American Robin,Turdus migratorius,2026-04-29T11:23:02Z,29-Apr-2026,04:23:02,0.3,1
American Robin,Turdus migratorius,2026-04-29T03:21:57Z,28-Apr-2026,20:21:57,0.8471,1
American Robin,Turdus migratorius,2026-04-29T03:20:33Z,28-Apr-2026,20:20:33,0.37,1
American Robin,Turdus migratorius,2026-04-29T03:16:49Z,28-Apr-2026,20:16:49,0.8745,1
Bewick's Wren,Thryomanes bewickii,2026-04-29T03:14:40Z,28-Apr-2026,20:14:40,0.33,1
American Robin,Turdus migratorius,2026-04-29T03:14:12Z,28-Apr-2026,20:14:12,0.8,2
American Robin,Turdus migratorius,2026-04-29T03:13:10Z,28-Apr-2026,20:13:10,0.8,1
American Robin,Turdus migratorius,2026-04-29T03:09:26Z,28-Apr-2026,20:09:26,0.898,1
Bewick's Wren,Thryomanes bewickii,2026-04-29T03:08:24Z,28-Apr-2026,20:08:24,0.87,1
American Crow,Corvus brachyrhynchos,2026-04-29T02:54:01Z,28-Apr-2026,19:54:01,0.8157,1
Bewick's Wren,Thryomanes bewickii,2026-04-29T02:53:23Z,28-Apr-2026,19:53:23,0.44,1
Bewick's Wren,Thryomanes bewickii,2026-04-29T02:53:08Z,28-Apr-2026,19:53:08,0.69,1
Bewick's Wren,Thryomanes bewickii,2026-04-29T02:52:55Z,28-Apr-2026,19:52:55,0.81,1
Bewick's Wren,Thryomanes bewickii,2026-04-29T02:52:48Z,28-Apr-2026,19:52:48,0.68,1
Bewick's Wren,Thryomanes bewickii,2026-04-29T02:52:35Z,28-Apr-2026,19:52:35,0.77,1
Bewick's Wren,Thryomanes bewickii,2026-04-29T02:52:28Z,28-Apr-2026,19:52:28,0.6,1
Bewick's Wren,Thryomanes bewickii,2026-04-29T02:52:11Z,28-Apr-2026,19:52:11,0.32,1
Bewick's Wren,Thryomanes bewickii,2026-04-29T02:51:52Z,28-Apr-2026,19:51:52,0.7,1
Bewick's Wren,Thryomanes bewickii,2026-04-29T02:51:46Z,28-Apr-2026,19:51:46,0.36,1
Bewick's Wren,Thryomanes bewickii,2026-04-29T02:51:30Z,28-Apr-2026,19:51:30,0.68,1
Bewick's Wren,Thryomanes bewickii,2026-04-29T02:51:16Z,28-Apr-2026,19:51:16,0.27,1
Bewick's Wren,Thryomanes bewickii,2026-04-29T02:51:09Z,28-Apr-2026,19:51:09,0.36,1
Bewick's Wren,Thryomanes bewickii,2026-04-29T02:50:46Z,28-Apr-2026,19:50:46,0.65,1
Bewick's Wren,Thryomanes bewickii,2026-04-29T02:50:37Z,28-Apr-2026,19:50:37,0.91,1
Bewick's Wren,Thryomanes bewickii,2026-04-29T02:50:29Z,28-Apr-2026,19:50:29,0.83,1
Bewick's Wren,Thryomanes bewickii,2026-04-29T02:50:20Z,28-Apr-2026,19:50:20,0.27,1
Bewick's Wren,Thryomanes bewickii,2026-04-29T02:49:38Z,28-Apr-2026,19:49:38,0.59,1
Bewick's Wren,Thryomanes bewickii,2026-04-29T02:49:31Z,28-Apr-2026,19:49:31,0.88,1
Bewick's Wren,Thryomanes bewickii,2026-04-29T02:49:21Z,28-Apr-2026,19:49:21,0.66,1
American Robin,Turdus migratorius,2026-04-29T02:38:33Z,28-Apr-2026,19:38:33,0.31,1
Black-capped Chickadee,Poecile atricapillus,2026-04-29T02:29:35Z,28-Apr-2026,19:29:35,0.38,1
American Robin,Turdus migratorius,2026-04-29T02:29:15Z,28-Apr-2026,19:29:15,0.8314,1
Black-capped Chickadee,Poecile atricapillus,2026-04-29T02:28:13Z,28-Apr-2026,19:28:13,0.34,1
Black-capped Chickadee,Poecile atricapillus,2026-04-29T02:26:27Z,28-Apr-2026,19:26:27,0.8745,1
American Robin,Turdus migratorius,2026-04-29T02:23:28Z,28-Apr-2026,19:23:28,0.7804,1
House Finch,Haemorhous mexicanus,2026-04-29T02:20:35Z,28-Apr-2026,19:20:35,0.8471,1
American Robin,Turdus migratorius,2026-04-29T02:16:07Z,28-Apr-2026,19:16:07,0.42,1
American Robin,Turdus migratorius,2026-04-29T02:13:02Z,28-Apr-2026,19:13:02,0.55,1
American Robin,Turdus migratorius,2026-04-29T02:12:55Z,28-Apr-2026,19:12:55,0.34,1
American Robin,Turdus migratorius,2026-04-29T02:12:48Z,28-Apr-2026,19:12:48,0.44,1
American Robin,Turdus migratorius,2026-04-29T02:11:46Z,28-Apr-2026,19:11:46,0.82,1
American Robin,Turdus migratorius,2026-04-29T02:11:35Z,28-Apr-2026,19:11:35,0.8,1
American Robin,Turdus migratorius,2026-04-29T02:11:29Z,28-Apr-2026,19:11:29,0.61,1
American Robin,Turdus migratorius,2026-04-29T02:11:21Z,28-Apr-2026,19:11:21,0.77,1
American Robin,Turdus migratorius,2026-04-29T02:10:29Z,28-Apr-2026,19:10:29,0.29,1
American Robin,Turdus migratorius,2026-04-29T02:10:22Z,28-Apr-2026,19:10:22,0.8157,1
American Robin,Turdus migratorius,2026-04-29T02:09:58Z,28-Apr-2026,19:09:58,0.38,1
American Robin,Turdus migratorius,2026-04-29T02:09:43Z,28-Apr-2026,19:09:43,0.73,1
American Robin,Turdus migratorius,2026-04-29T02:09:27Z,28-Apr-2026,19:09:27,0.39,1
American Robin,Turdus migratorius,2026-04-29T02:08:54Z,28-Apr-2026,19:08:54,0.3,1
Bewick's Wren,Thryomanes bewickii,2026-04-29T02:07:45Z,28-Apr-2026,19:07:45,0.37,1
Bewick's Wren,Thryomanes bewickii,2026-04-29T02:05:48Z,28-Apr-2026,19:05:48,0.47,1
American Robin,Turdus migratorius,2026-04-29T02:05:25Z,28-Apr-2026,19:05:25,0.32,1
Bewick's Wren,Thryomanes bewickii,2026-04-29T02:04:54Z,28-Apr-2026,19:04:54,0.64,1
American Robin,Turdus migratorius,2026-04-29T02:03:38Z,28-Apr-2026,19:03:38,0.42,1
American Robin,Turdus migratorius,2026-04-29T02:02:47Z,28-Apr-2026,19:02:47,0.41,1
American Robin,Turdus migratorius,2026-04-29T02:02:33Z,28-Apr-2026,19:02:33,0.8157,2
American Robin,Turdus migratorius,2026-04-29T02:02:10Z,28-Apr-2026,19:02:10,0.4,1
American Robin,Turdus migratorius,2026-04-29T02:01:32Z,28-Apr-2026,19:01:32,0.78,1
American Robin,Turdus migratorius,2026-04-29T02:01:22Z,28-Apr-2026,19:01:22,0.8627,1
American Robin,Turdus migratorius,2026-04-29T02:00:12Z,28-Apr-2026,19:00:12,0.58,1
American Robin,Turdus migratorius,2026-04-29T01:58:12Z,28-Apr-2026,18:58:12,0.8471,1
Black-capped Chickadee,Poecile atricapillus,2026-04-29T01:56:37Z,28-Apr-2026,18:56:37,0.7804,1
Yellow-rumped Warbler,Setophaga coronata,2026-04-29T01:54:16Z,28-Apr-2026,18:54:16,0.31,1
Yellow-rumped Warbler,Setophaga coronata,2026-04-29T01:53:23Z,28-Apr-2026,18:53:23,0.45,1
Yellow-rumped Warbler,Setophaga coronata,2026-04-29T01:52:58Z,28-Apr-2026,18:52:58,0.35,1
Yellow-rumped Warbler,Setophaga coronata,2026-04-29T01:52:46Z,28-Apr-2026,18:52:46,0.35,1
Dark-eyed Junco,Junco hyemalis,2026-04-29T01:50:29Z,28-Apr-2026,18:50:29,0.43,1
Downy Woodpecker,Dryobates pubescens,2026-04-29T01:48:02Z,28-Apr-2026,18:48:02,0.42,1
Black-capped Chickadee,Poecile atricapillus,2026-04-29T01:46:21Z,28-Apr-2026,18:46:21,0.8471,1
Bewick's Wren,Thryomanes bewickii,2026-04-29T01:43:33Z,28-Apr-2026,18:43:33,0.34,1
Bewick's Wren,Thryomanes bewickii,2026-04-29T01:43:09Z,28-Apr-2026,18:43:09,0.32,1
American Robin,Turdus migratorius,2026-04-29T01:39:39Z,28-Apr-2026,18:39:39,0.8627,1
American Robin,Turdus migratorius,2026-04-29T01:39:32Z,28-Apr-2026,18:39:32,0.26,1
House Finch,Haemorhous mexicanus,2026-04-29T01:34:19Z,28-Apr-2026,18:34:19,0.29,1
American Robin,Turdus migratorius,2026-04-29T01:32:04Z,28-Apr-2026,18:32:04,0.8863,1
American Robin,Turdus migratorius,2026-04-29T01:31:41Z,28-Apr-2026,18:31:41,0.3,1
American Crow,Corvus brachyrhynchos,2026-04-29T01:31:27Z,28-Apr-2026,18:31:27,0.8,1
American Robin,Turdus migratorius,2026-04-29T01:31:20Z,28-Apr-2026,18:31:20,0.56,1
Black-capped Chickadee,Poecile atricapillus,2026-04-29T01:30:12Z,28-Apr-2026,18:30:12,0.7804,1
Yellow-rumped Warbler,Setophaga coronata,2026-04-29T01:21:32Z,28-Apr-2026,18:21:32,0.48,1
American Robin,Turdus migratorius,2026-04-29T01:19:38Z,28-Apr-2026,18:19:38,0.28,1
Bewick's Wren,Thryomanes bewickii,2026-04-29T01:15:25Z,28-Apr-2026,18:15:25,0.39,1
Bewick's Wren,Thryomanes bewickii,2026-04-29T01:14:39Z,28-Apr-2026,18:14:39,0.71,1
Bewick's Wren,Thryomanes bewickii,2026-04-29T01:14:17Z,28-Apr-2026,18:14:17,0.4,1
Bewick's Wren,Thryomanes bewickii,2026-04-29T01:14:02Z,28-Apr-2026,18:14:02,0.29,1
Bewick's Wren,Thryomanes bewickii,2026-04-29T01:13:45Z,28-Apr-2026,18:13:45,0.36,1
Bewick's Wren,Thryomanes bewickii,2026-04-29T01:13:37Z,28-Apr-2026,18:13:37,0.46,1
Bewick's Wren,Thryomanes bewickii,2026-04-29T01:13:29Z,28-Apr-2026,18:13:29,0.97,1
Bewick's Wren,Thryomanes bewickii,2026-04-29T01:13:13Z,28-Apr-2026,18:13:13,0.72,1
Bewick's Wren,Thryomanes bewickii,2026-04-29T01:13:02Z,28-Apr-2026,18:13:02,0.89,1
Bewick's Wren,Thryomanes bewickii,2026-04-29T01:12:52Z,28-Apr-2026,18:12:52,0.7,1
Bewick's Wren,Thryomanes bewickii,2026-04-29T01:12:46Z,28-Apr-2026,18:12:46,0.68,1
Bewick's Wren,Thryomanes bewickii,2026-04-29T01:12:32Z,28-Apr-2026,18:12:32,0.85,1
Bewick's Wren,Thryomanes bewickii,2026-04-29T01:12:25Z,28-Apr-2026,18:12:25,0.95,1
Bewick's Wren,Thryomanes bewickii,2026-04-29T01:12:18Z,28-Apr-2026,18:12:18,0.4,1
American Robin,Turdus migratorius,2026-04-29T01:12:08Z,28-Apr-2026,18:12:08,0.8,1
Bewick's Wren,Thryomanes bewickii,2026-04-29T01:12:04Z,28-Apr-2026,18:12:04,0.87,1
Bewick's Wren,Thryomanes bewickii,2026-04-29T01:11:57Z,28-Apr-2026,18:11:57,0.7,1
Bewick's Wren,Thryomanes bewickii,2026-04-29T01:11:49Z,28-Apr-2026,18:11:49,0.34,1
Bewick's Wren,Thryomanes bewickii,2026-04-29T01:11:39Z,28-Apr-2026,18:11:39,0.68,1
Bewick's Wren,Thryomanes bewickii,2026-04-29T01:11:22Z,28-Apr-2026,18:11:22,0.29,1
Bewick's Wren,Thryomanes bewickii,2026-04-29T01:07:15Z,28-Apr-2026,18:07:15,0.4,1
Yellow-rumped Warbler,Setophaga coronata,2026-04-29T01:06:52Z,28-Apr-2026,18:06:52,0.47,1
House Finch,Haemorhous mexicanus,2026-04-29T01:02:30Z,28-Apr-2026,18:02:30,0.35,1
House Finch,Haemorhous mexicanus,2026-04-29T01:01:31Z,28-Apr-2026,18:01:31,0.37,1
House Finch,Haemorhous mexicanus,2026-04-29T00:59:01Z,28-Apr-2026,17:59:01,0.46,1
American Robin,Turdus migratorius,2026-04-29T00:55:22Z,28-Apr-2026,17:55:22,0.7804,1
House Finch,Haemorhous mexicanus,2026-04-29T00:49:13Z,28-Apr-2026,17:49:13,0.8471,1
Bewick's Wren,Thryomanes bewickii,2026-04-29T00:48:51Z,28-Apr-2026,17:48:51,0.36,1
Bewick's Wren,Thryomanes bewickii,2026-04-29T00:48:34Z,28-Apr-2026,17:48:34,0.9,1
Bewick's Wren,Thryomanes bewickii,2026-04-29T00:48:26Z,28-Apr-2026,17:48:26,0.92,1
Bewick's Wren,Thryomanes bewickii,2026-04-29T00:48:16Z,28-Apr-2026,17:48:16,0.71,1
Bewick's Wren,Thryomanes bewickii,2026-04-29T00:46:04Z,28-Apr-2026,17:46:04,0.26,1
Golden-crowned Kinglet,Regulus satrapa,2026-04-29T00:42:45Z,28-Apr-2026,17:42:45,0.4,1
Bewick's Wren,Thryomanes bewickii,2026-04-29T00:41:49Z,28-Apr-2026,17:41:49,0.38,1
Anna's Hummingbird,Calypte anna,2026-04-29T00:41:07Z,28-Apr-2026,17:41:07,0.26,1
Bewick's Wren,Thryomanes bewickii,2026-04-29T00:32:39Z,28-Apr-2026,17:32:39,0.65,1
Bewick's Wren,Thryomanes bewickii,2026-04-29T00:32:32Z,28-Apr-2026,17:32:32,0.5,1
Bewick's Wren,Thryomanes bewickii,2026-04-29T00:32:25Z,28-Apr-2026,17:32:25,0.73,1
Bewick's Wren,Thryomanes bewickii,2026-04-29T00:32:15Z,28-Apr-2026,17:32:15,0.76,1
Bewick's Wren,Thryomanes bewickii,2026-04-29T00:32:08Z,28-Apr-2026,17:32:08,0.58,1
Bewick's Wren,Thryomanes bewickii,2026-04-29T00:32:01Z,28-Apr-2026,17:32:01,0.9,1
Bewick's Wren,Thryomanes bewickii,2026-04-29T00:31:29Z,28-Apr-2026,17:31:29,0.86,1
Bewick's Wren,Thryomanes bewickii,2026-04-29T00:31:22Z,28-Apr-2026,17:31:22,0.57,1
Bewick's Wren,Thryomanes bewickii,2026-04-29T00:30:53Z,28-Apr-2026,17:30:53,0.91,1
Bewick's Wren,Thryomanes bewickii,2026-04-29T00:30:46Z,28-Apr-2026,17:30:46,0.77,1
Bewick's Wren,Thryomanes bewickii,2026-04-29T00:30:39Z,28-Apr-2026,17:30:39,0.8,1
Steller's Jay,Cyanocitta stelleri,2026-04-29T00:30:35Z,28-Apr-2026,17:30:35,0.9765,1
Bewick's Wren,Thryomanes bewickii,2026-04-29T00:30:20Z,28-Apr-2026,17:30:20,0.96,1
Bewick's Wren,Thryomanes bewickii,2026-04-29T00:30:13Z,28-Apr-2026,17:30:13,0.97,1
Bewick's Wren,Thryomanes bewickii,2026-04-29T00:30:06Z,28-Apr-2026,17:30:06,0.87,1
Bewick's Wren,Thryomanes bewickii,2026-04-29T00:29:52Z,28-Apr-2026,17:29:52,0.85,1
Bewick's Wren,Thryomanes bewickii,2026-04-29T00:29:34Z,28-Apr-2026,17:29:34,0.67,1
Bewick's Wren,Thryomanes bewickii,2026-04-29T00:29:04Z,28-Apr-2026,17:29:04,0.49,1
Steller's Jay,Cyanocitta stelleri,2026-04-29T00:24:16Z,28-Apr-2026,17:24:16,0.29,1
House Finch,Haemorhous mexicanus,2026-04-29T00:17:46Z,28-Apr-2026,17:17:46,0.47,1
Bewick's Wren,Thryomanes bewickii,2026-04-29T00:16:58Z,28-Apr-2026,17:16:58,0.59,1
Mountain Chickadee,Poecile gambeli,2026-04-29T00:16:16Z,28-Apr-2026,17:16:16,0.29,1
Bewick's Wren,Thryomanes bewickii,2026-04-29T00:15:17Z,28-Apr-2026,17:15:17,0.32,1
Bewick's Wren,Thryomanes bewickii,2026-04-29T00:11:31Z,28-Apr-2026,17:11:31,0.37,1
American Robin,Turdus migratorius,2026-04-29T00:11:06Z,28-Apr-2026,17:11:06,0.8157,1
American Robin,Turdus migratorius,2026-04-29T00:09:48Z,28-Apr-2026,17:09:48,0.32,1
Bewick's Wren,Thryomanes bewickii,2026-04-29T00:07:23Z,28-Apr-2026,17:07:23,0.73,1
Bewick's Wren,Thryomanes bewickii,2026-04-29T00:07:16Z,28-Apr-2026,17:07:16,0.75,1
Bewick's Wren,Thryomanes bewickii,2026-04-29T00:07:02Z,28-Apr-2026,17:07:02,0.6,1
Bewick's Wren,Thryomanes bewickii,2026-04-29T00:06:50Z,28-Apr-2026,17:06:50,0.8,1
Bewick's Wren,Thryomanes bewickii,2026-04-29T00:06:39Z,28-Apr-2026,17:06:39,0.66,1
Bewick's Wren,Thryomanes bewickii,2026-04-29T00:06:21Z,28-Apr-2026,17:06:21,0.87,1
Bewick's Wren,Thryomanes bewickii,2026-04-29T00:06:13Z,28-Apr-2026,17:06:13,0.56,1
Bewick's Wren,Thryomanes bewickii,2026-04-29T00:06:03Z,28-Apr-2026,17:06:03,0.71,1
Bewick's Wren,Thryomanes bewickii,2026-04-29T00:05:56Z,28-Apr-2026,17:05:56,0.75,1
Bewick's Wren,Thryomanes bewickii,2026-04-29T00:05:46Z,28-Apr-2026,17:05:46,0.54,1
Bewick's Wren,Thryomanes bewickii,2026-04-29T00:05:29Z,28-Apr-2026,17:05:29,0.9,1
Bewick's Wren,Thryomanes bewickii,2026-04-29T00:05:23Z,28-Apr-2026,17:05:23,0.83,1
Bewick's Wren,Thryomanes bewickii,2026-04-29T00:05:13Z,28-Apr-2026,17:05:13,0.27,1
Bewick's Wren,Thryomanes bewickii,2026-04-29T00:05:03Z,28-Apr-2026,17:05:03,0.47,1
Bewick's Wren,Thryomanes bewickii,2026-04-29T00:02:35Z,28-Apr-2026,17:02:35,0.42,1
Bewick's Wren,Thryomanes bewickii,2026-04-29T00:02:05Z,28-Apr-2026,17:02:05,0.41,1
Bewick's Wren,Thryomanes bewickii,2026-04-29T00:01:40Z,28-Apr-2026,17:01:40,0.37,1
Bewick's Wren,Thryomanes bewickii,2026-04-29T00:01:32Z,28-Apr-2026,17:01:32,0.76,1
Bewick's Wren,Thryomanes bewickii,2026-04-29T00:00:58Z,28-Apr-2026,17:00:58,0.34,1
