Species,Scientific Name,UTC Date,Local Date,Local Time,Score,Count
Bewick's Wren,Thryomanes bewickii,2026-05-03T23:59:40Z,03-May-2026,16:59:40,0.26,1
Bewick's Wren,Thryomanes bewickii,2026-05-03T23:58:31Z,03-May-2026,16:58:31,0.39,1
Bewick's Wren,Thryomanes bewickii,2026-05-03T23:58:19Z,03-May-2026,16:58:19,0.32,1
Bewick's Wren,Thryomanes bewickii,2026-05-03T23:58:10Z,03-May-2026,16:58:10,0.43,1
Bewick's Wren,Thryomanes bewickii,2026-05-03T23:57:42Z,03-May-2026,16:57:42,0.34,1
Bewick's Wren,Thryomanes bewickii,2026-05-03T23:57:31Z,03-May-2026,16:57:31,0.43,1
Bewick's Wren,Thryomanes bewickii,2026-05-03T23:53:49Z,03-May-2026,16:53:49,0.43,1
Bewick's Wren,Thryomanes bewickii,2026-05-03T23:53:14Z,03-May-2026,16:53:14,0.5,1
Bewick's Wren,Thryomanes bewickii,2026-05-03T23:52:58Z,03-May-2026,16:52:58,0.52,1
Bewick's Wren,Thryomanes bewickii,2026-05-03T23:52:35Z,03-May-2026,16:52:35,0.37,1
American Crow,Corvus brachyrhynchos,2026-05-03T23:52:30Z,03-May-2026,16:52:30,0.7804,1
House Finch,Haemorhous mexicanus,2026-05-03T23:46:10Z,03-May-2026,16:46:10,0.8471,1
House Finch,Haemorhous mexicanus,2026-05-03T23:46:04Z,03-May-2026,16:46:04,0.91,1
Bewick's Wren,Thryomanes bewickii,2026-05-03T23:42:18Z,03-May-2026,16:42:18,0.29,1
House Finch,Haemorhous mexicanus,2026-05-03T23:42:08Z,03-May-2026,16:42:08,0.7804,1
Bewick's Wren,Thryomanes bewickii,2026-05-03T23:42:02Z,03-May-2026,16:42:02,0.57,1
House Finch,Haemorhous mexicanus,2026-05-03T23:41:01Z,03-May-2026,16:41:01,0.8314,1
House Finch,Haemorhous mexicanus,2026-05-03T23:37:50Z,03-May-2026,16:37:50,0.8863,5
Anna's Hummingbird,Calypte anna,2026-05-03T23:37:32Z,03-May-2026,16:37:32,0.7804,1
House Finch,Haemorhous mexicanus,2026-05-03T23:36:46Z,03-May-2026,16:36:46,0.9647,1
House Finch,Haemorhous mexicanus,2026-05-03T23:33:52Z,03-May-2026,16:33:52,0.8314,1
American Robin,Turdus migratorius,2026-05-03T23:29:34Z,03-May-2026,16:29:34,0.8314,1
American Robin,Turdus migratorius,2026-05-03T23:24:39Z,03-May-2026,16:24:39,0.41,1
Bushtit,Psaltriparus minimus,2026-05-03T23:23:34Z,03-May-2026,16:23:34,0.98,1
Anna's Hummingbird,Calypte anna,2026-05-03T23:22:44Z,03-May-2026,16:22:44,0.9176,1
House Finch,Haemorhous mexicanus,2026-05-03T23:21:59Z,03-May-2026,16:21:59,0.9255,2
American Robin,Turdus migratorius,2026-05-03T23:21:51Z,03-May-2026,16:21:51,0.7804,1
American Robin,Turdus migratorius,2026-05-03T23:21:43Z,03-May-2026,16:21:43,0.67,1
American Robin,Turdus migratorius,2026-05-03T23:21:33Z,03-May-2026,16:21:33,0.65,1
American Robin,Turdus migratorius,2026-05-03T23:21:25Z,03-May-2026,16:21:25,0.45,1
Dark-eyed Junco,Junco hyemalis,2026-05-03T23:19:53Z,03-May-2026,16:19:53,0.53,1
House Finch,Haemorhous mexicanus,2026-05-03T23:19:45Z,03-May-2026,16:19:45,0.4,1
Dark-eyed Junco,Junco hyemalis,2026-05-03T23:19:39Z,03-May-2026,16:19:39,0.38,1
House Finch,Haemorhous mexicanus,2026-05-03T23:19:32Z,03-May-2026,16:19:32,0.61,1
House Finch,Haemorhous mexicanus,2026-05-03T23:19:22Z,03-May-2026,16:19:22,0.9098,1
Chestnut-backed Chickadee,Poecile rufescens,2026-05-03T23:05:49Z,03-May-2026,16:05:49,0.55,1
Chestnut-backed Chickadee,Poecile rufescens,2026-05-03T23:05:42Z,03-May-2026,16:05:42,0.49,1
Chestnut-backed Chickadee,Poecile rufescens,2026-05-03T23:05:07Z,03-May-2026,16:05:07,0.48,1
Chestnut-backed Chickadee,Poecile rufescens,2026-05-03T23:05:02Z,03-May-2026,16:05:02,0.9725,1
Bewick's Wren,Thryomanes bewickii,2026-05-03T23:02:30Z,03-May-2026,16:02:30,0.77,1
House Finch,Haemorhous mexicanus,2026-05-03T22:54:34Z,03-May-2026,15:54:34,0.34,1
House Finch,Haemorhous mexicanus,2026-05-03T22:54:08Z,03-May-2026,15:54:08,0.8471,1
House Finch,Haemorhous mexicanus,2026-05-03T22:52:55Z,03-May-2026,15:52:55,0.8471,1
House Finch,Haemorhous mexicanus,2026-05-03T22:49:30Z,03-May-2026,15:49:30,0.34,1
House Finch,Haemorhous mexicanus,2026-05-03T22:48:18Z,03-May-2026,15:48:18,0.8,2
House Finch,Haemorhous mexicanus,2026-05-03T22:45:46Z,03-May-2026,15:45:46,0.8627,3
Osprey,Pandion haliaetus,2026-05-03T22:45:41Z,03-May-2026,15:45:41,0.84,1
House Finch,Haemorhous mexicanus,2026-05-03T22:44:36Z,03-May-2026,15:44:36,0.9098,1
Bewick's Wren,Thryomanes bewickii,2026-05-03T22:44:19Z,03-May-2026,15:44:19,0.34,1
Bewick's Wren,Thryomanes bewickii,2026-05-03T22:43:28Z,03-May-2026,15:43:28,0.61,1
Bewick's Wren,Thryomanes bewickii,2026-05-03T22:43:10Z,03-May-2026,15:43:10,0.27,1
House Finch,Haemorhous mexicanus,2026-05-03T22:42:40Z,03-May-2026,15:42:40,0.8314,3
Bewick's Wren,Thryomanes bewickii,2026-05-03T22:41:38Z,03-May-2026,15:41:38,0.37,1
Bewick's Wren,Thryomanes bewickii,2026-05-03T22:41:31Z,03-May-2026,15:41:31,0.3,1
Bewick's Wren,Thryomanes bewickii,2026-05-03T22:41:01Z,03-May-2026,15:41:01,0.47,1
Bewick's Wren,Thryomanes bewickii,2026-05-03T22:40:24Z,03-May-2026,15:40:24,0.35,1
Bewick's Wren,Thryomanes bewickii,2026-05-03T22:39:54Z,03-May-2026,15:39:54,0.32,1
Bewick's Wren,Thryomanes bewickii,2026-05-03T22:39:36Z,03-May-2026,15:39:36,0.31,1
Bewick's Wren,Thryomanes bewickii,2026-05-03T22:39:16Z,03-May-2026,15:39:16,0.59,1
Bewick's Wren,Thryomanes bewickii,2026-05-03T22:38:53Z,03-May-2026,15:38:53,0.44,1
Bewick's Wren,Thryomanes bewickii,2026-05-03T22:38:42Z,03-May-2026,15:38:42,0.46,1
House Finch,Haemorhous mexicanus,2026-05-03T22:38:10Z,03-May-2026,15:38:10,0.8314,3
House Finch,Haemorhous mexicanus,2026-05-03T22:38:01Z,03-May-2026,15:38:01,0.34,1
House Finch,Haemorhous mexicanus,2026-05-03T22:37:03Z,03-May-2026,15:37:03,0.8745,4
House Finch,Haemorhous mexicanus,2026-05-03T22:36:22Z,03-May-2026,15:36:22,0.42,1
House Finch,Haemorhous mexicanus,2026-05-03T22:36:12Z,03-May-2026,15:36:12,0.42,1
House Finch,Haemorhous mexicanus,2026-05-03T22:35:51Z,03-May-2026,15:35:51,0.8157,3
House Finch,Haemorhous mexicanus,2026-05-03T22:35:25Z,03-May-2026,15:35:25,0.26,1
House Finch,Haemorhous mexicanus,2026-05-03T22:35:16Z,03-May-2026,15:35:16,0.45,1
House Finch,Haemorhous mexicanus,2026-05-03T22:34:46Z,03-May-2026,15:34:46,0.7804,1
Bewick's Wren,Thryomanes bewickii,2026-05-03T22:30:27Z,03-May-2026,15:30:27,0.31,1
Bewick's Wren,Thryomanes bewickii,2026-05-03T22:29:56Z,03-May-2026,15:29:56,0.39,1
Bewick's Wren,Thryomanes bewickii,2026-05-03T22:29:49Z,03-May-2026,15:29:49,0.33,1
House Finch,Haemorhous mexicanus,2026-05-03T22:29:35Z,03-May-2026,15:29:35,0.8471,3
Orange-crowned Warbler,Leiothlypis celata,2026-05-03T22:28:44Z,03-May-2026,15:28:44,0.34,1
House Finch,Haemorhous mexicanus,2026-05-03T22:28:17Z,03-May-2026,15:28:17,0.8157,3
House Finch,Haemorhous mexicanus,2026-05-03T22:27:10Z,03-May-2026,15:27:10,0.8157,1
American Crow,Corvus brachyrhynchos,2026-05-03T22:20:58Z,03-May-2026,15:20:58,0.8314,1
Black-capped Chickadee,Poecile atricapillus,2026-05-03T22:18:44Z,03-May-2026,15:18:44,0.29,1
Black-capped Chickadee,Poecile atricapillus,2026-05-03T22:18:37Z,03-May-2026,15:18:37,0.898,1
American Robin,Turdus migratorius,2026-05-03T22:18:11Z,03-May-2026,15:18:11,0.7804,1
American Robin,Turdus migratorius,2026-05-03T22:17:58Z,03-May-2026,15:17:58,0.39,1
American Robin,Turdus migratorius,2026-05-03T22:17:51Z,03-May-2026,15:17:51,0.27,1
American Robin,Turdus migratorius,2026-05-03T22:17:44Z,03-May-2026,15:17:44,0.38,1
American Robin,Turdus migratorius,2026-05-03T22:17:36Z,03-May-2026,15:17:36,0.28,1
American Crow,Corvus brachyrhynchos,2026-05-03T22:17:01Z,03-May-2026,15:17:01,0.28,1
American Crow,Corvus brachyrhynchos,2026-05-03T22:16:48Z,03-May-2026,15:16:48,0.41,1
American Crow,Corvus brachyrhynchos,2026-05-03T22:16:16Z,03-May-2026,15:16:16,0.34,1
House Finch,Haemorhous mexicanus,2026-05-03T22:10:50Z,03-May-2026,15:10:50,0.44,1
House Finch,Haemorhous mexicanus,2026-05-03T22:10:06Z,03-May-2026,15:10:06,0.5,1
House Finch,Haemorhous mexicanus,2026-05-03T22:09:14Z,03-May-2026,15:09:14,0.8745,5
House Finch,Haemorhous mexicanus,2026-05-03T22:08:13Z,03-May-2026,15:08:13,0.8314,1
House Finch,Haemorhous mexicanus,2026-05-03T22:04:33Z,03-May-2026,15:04:33,0.8314,3
House Finch,Haemorhous mexicanus,2026-05-03T22:02:47Z,03-May-2026,15:02:47,0.8745,1
House Finch,Haemorhous mexicanus,2026-05-03T21:59:35Z,03-May-2026,14:59:35,0.8745,4
House Finch,Haemorhous mexicanus,2026-05-03T21:58:12Z,03-May-2026,14:58:12,0.8863,1
House Finch,Haemorhous mexicanus,2026-05-03T21:58:02Z,03-May-2026,14:58:02,0.4,1
American Goldfinch,Spinus tristis,2026-05-03T21:57:34Z,03-May-2026,14:57:34,0.32,1
House Finch,Haemorhous mexicanus,2026-05-03T21:57:11Z,03-May-2026,14:57:11,0.8314,3
House Finch,Haemorhous mexicanus,2026-05-03T21:56:02Z,03-May-2026,14:56:02,0.9098,1
House Finch,Haemorhous mexicanus,2026-05-03T21:55:09Z,03-May-2026,14:55:09,0.34,1
House Finch,Haemorhous mexicanus,2026-05-03T21:53:33Z,03-May-2026,14:53:33,0.37,1
House Finch,Haemorhous mexicanus,2026-05-03T21:52:11Z,03-May-2026,14:52:11,0.8,7
House Finch,Haemorhous mexicanus,2026-05-03T21:52:07Z,03-May-2026,14:52:07,0.54,1
House Finch,Haemorhous mexicanus,2026-05-03T21:51:03Z,03-May-2026,14:51:03,0.8863,4
House Finch,Haemorhous mexicanus,2026-05-03T21:50:24Z,03-May-2026,14:50:24,0.39,1
House Finch,Haemorhous mexicanus,2026-05-03T21:49:54Z,03-May-2026,14:49:54,0.9098,4
House Finch,Haemorhous mexicanus,2026-05-03T21:48:48Z,03-May-2026,14:48:48,0.8157,1
House Finch,Haemorhous mexicanus,2026-05-03T21:47:50Z,03-May-2026,14:47:50,0.29,1
House Finch,Haemorhous mexicanus,2026-05-03T21:47:31Z,03-May-2026,14:47:31,0.26,1
House Finch,Haemorhous mexicanus,2026-05-03T21:46:03Z,03-May-2026,14:46:03,0.7804,5
House Finch,Haemorhous mexicanus,2026-05-03T21:45:06Z,03-May-2026,14:45:06,0.43,1
House Finch,Haemorhous mexicanus,2026-05-03T21:44:59Z,03-May-2026,14:44:59,0.9412,4
Anna's Hummingbird,Calypte anna,2026-05-03T21:44:45Z,03-May-2026,14:44:45,0.54,1
House Finch,Haemorhous mexicanus,2026-05-03T21:43:21Z,03-May-2026,14:43:21,0.8863,4
House Finch,Haemorhous mexicanus,2026-05-03T21:42:16Z,03-May-2026,14:42:16,0.8157,4
House Finch,Haemorhous mexicanus,2026-05-03T21:41:12Z,03-May-2026,14:41:12,0.8863,1
House Finch,Haemorhous mexicanus,2026-05-03T21:39:09Z,03-May-2026,14:39:09,0.33,1
House Finch,Haemorhous mexicanus,2026-05-03T21:39:05Z,03-May-2026,14:39:05,0.8,3
House Finch,Haemorhous mexicanus,2026-05-03T21:37:47Z,03-May-2026,14:37:47,0.8471,2
House Finch,Haemorhous mexicanus,2026-05-03T21:36:40Z,03-May-2026,14:36:40,0.9098,3
House Finch,Haemorhous mexicanus,2026-05-03T21:35:35Z,03-May-2026,14:35:35,0.8314,3
House Finch,Haemorhous mexicanus,2026-05-03T21:34:33Z,03-May-2026,14:34:33,0.5,1
House Finch,Haemorhous mexicanus,2026-05-03T21:34:17Z,03-May-2026,14:34:17,0.27,1
House Finch,Haemorhous mexicanus,2026-05-03T21:33:53Z,03-May-2026,14:33:53,0.35,1
House Finch,Haemorhous mexicanus,2026-05-03T21:32:23Z,03-May-2026,14:32:23,0.34,1
House Finch,Haemorhous mexicanus,2026-05-03T21:32:10Z,03-May-2026,14:32:10,0.8314,1
House Finch,Haemorhous mexicanus,2026-05-03T21:24:05Z,03-May-2026,14:24:05,0.8157,1
House Finch,Haemorhous mexicanus,2026-05-03T21:22:02Z,03-May-2026,14:22:02,0.8314,1
House Finch,Haemorhous mexicanus,2026-05-03T21:15:23Z,03-May-2026,14:15:23,0.8157,1
Bewick's Wren,Thryomanes bewickii,2026-05-03T21:14:56Z,03-May-2026,14:14:56,0.59,1
Bewick's Wren,Thryomanes bewickii,2026-05-03T21:14:14Z,03-May-2026,14:14:14,0.65,1
House Finch,Haemorhous mexicanus,2026-05-03T21:14:02Z,03-May-2026,14:14:02,0.7804,1
Bewick's Wren,Thryomanes bewickii,2026-05-03T21:13:47Z,03-May-2026,14:13:47,0.26,1
Bewick's Wren,Thryomanes bewickii,2026-05-03T21:13:20Z,03-May-2026,14:13:20,0.52,1
Bewick's Wren,Thryomanes bewickii,2026-05-03T21:13:13Z,03-May-2026,14:13:13,0.81,1
Bewick's Wren,Thryomanes bewickii,2026-05-03T21:12:29Z,03-May-2026,14:12:29,0.52,1
Bewick's Wren,Thryomanes bewickii,2026-05-03T21:12:13Z,03-May-2026,14:12:13,0.39,1
Bewick's Wren,Thryomanes bewickii,2026-05-03T21:11:22Z,03-May-2026,14:11:22,0.66,1
Bewick's Wren,Thryomanes bewickii,2026-05-03T21:10:59Z,03-May-2026,14:10:59,0.37,1
Bewick's Wren,Thryomanes bewickii,2026-05-03T21:10:52Z,03-May-2026,14:10:52,0.29,1
House Finch,Haemorhous mexicanus,2026-05-03T21:09:59Z,03-May-2026,14:09:59,0.8471,1
Bewick's Wren,Thryomanes bewickii,2026-05-03T21:09:18Z,03-May-2026,14:09:18,0.6,1
Bewick's Wren,Thryomanes bewickii,2026-05-03T21:09:10Z,03-May-2026,14:09:10,0.62,1
Bewick's Wren,Thryomanes bewickii,2026-05-03T21:09:04Z,03-May-2026,14:09:04,0.28,1
Bewick's Wren,Thryomanes bewickii,2026-05-03T21:08:54Z,03-May-2026,14:08:54,0.27,1
Bewick's Wren,Thryomanes bewickii,2026-05-03T21:08:40Z,03-May-2026,14:08:40,0.8,1
Bewick's Wren,Thryomanes bewickii,2026-05-03T21:08:20Z,03-May-2026,14:08:20,0.77,1
Bewick's Wren,Thryomanes bewickii,2026-05-03T21:08:11Z,03-May-2026,14:08:11,0.65,1
Bewick's Wren,Thryomanes bewickii,2026-05-03T21:07:58Z,03-May-2026,14:07:58,0.74,1
Bewick's Wren,Thryomanes bewickii,2026-05-03T21:07:02Z,03-May-2026,14:07:02,0.88,1
Bewick's Wren,Thryomanes bewickii,2026-05-03T21:06:24Z,03-May-2026,14:06:24,0.32,1
Bewick's Wren,Thryomanes bewickii,2026-05-03T21:06:05Z,03-May-2026,14:06:05,0.32,1
Bewick's Wren,Thryomanes bewickii,2026-05-03T21:05:28Z,03-May-2026,14:05:28,0.77,1
House Finch,Haemorhous mexicanus,2026-05-03T21:02:44Z,03-May-2026,14:02:44,0.8471,1
Bewick's Wren,Thryomanes bewickii,2026-05-03T20:59:20Z,03-May-2026,13:59:20,0.3,1
Bewick's Wren,Thryomanes bewickii,2026-05-03T20:58:56Z,03-May-2026,13:58:56,0.71,1
Dusky Flycatcher,Empidonax oberholseri,2026-05-03T20:58:21Z,03-May-2026,13:58:21,0.46,1
Bewick's Wren,Thryomanes bewickii,2026-05-03T20:57:58Z,03-May-2026,13:57:58,0.33,1
House Finch,Haemorhous mexicanus,2026-05-03T20:56:46Z,03-May-2026,13:56:46,0.8471,2
House Finch,Haemorhous mexicanus,2026-05-03T20:55:50Z,03-May-2026,13:55:50,0.39,1
House Finch,Haemorhous mexicanus,2026-05-03T20:55:31Z,03-May-2026,13:55:31,0.5,1
House Finch,Haemorhous mexicanus,2026-05-03T20:55:16Z,03-May-2026,13:55:16,0.8471,1
Bewick's Wren,Thryomanes bewickii,2026-05-03T20:53:12Z,03-May-2026,13:53:12,0.72,1
Bewick's Wren,Thryomanes bewickii,2026-05-03T20:52:50Z,03-May-2026,13:52:50,0.6,1
Bewick's Wren,Thryomanes bewickii,2026-05-03T20:52:34Z,03-May-2026,13:52:34,0.96,1
Bewick's Wren,Thryomanes bewickii,2026-05-03T20:52:24Z,03-May-2026,13:52:24,0.98,1
Bewick's Wren,Thryomanes bewickii,2026-05-03T20:52:14Z,03-May-2026,13:52:14,0.84,1
House Finch,Haemorhous mexicanus,2026-05-03T20:46:35Z,03-May-2026,13:46:35,0.8314,1
Bewick's Wren,Thryomanes bewickii,2026-05-03T20:46:12Z,03-May-2026,13:46:12,0.88,1
Bewick's Wren,Thryomanes bewickii,2026-05-03T20:45:59Z,03-May-2026,13:45:59,0.78,1
Bewick's Wren,Thryomanes bewickii,2026-05-03T20:45:32Z,03-May-2026,13:45:32,0.43,1
Bewick's Wren,Thryomanes bewickii,2026-05-03T20:39:53Z,03-May-2026,13:39:53,0.28,1
Bewick's Wren,Thryomanes bewickii,2026-05-03T20:39:24Z,03-May-2026,13:39:24,0.36,1
Black-capped Chickadee,Poecile atricapillus,2026-05-03T20:25:23Z,03-May-2026,13:25:23,0.8157,1
American Crow,Corvus brachyrhynchos,2026-05-03T20:23:25Z,03-May-2026,13:23:25,0.8314,1
House Finch,Haemorhous mexicanus,2026-05-03T20:23:13Z,03-May-2026,13:23:13,0.8,4
House Finch,Haemorhous mexicanus,2026-05-03T20:21:49Z,03-May-2026,13:21:49,0.9176,1
House Finch,Haemorhous mexicanus,2026-05-03T20:19:06Z,03-May-2026,13:19:06,0.3,1
House Finch,Haemorhous mexicanus,2026-05-03T20:18:59Z,03-May-2026,13:18:59,0.8863,1
House Finch,Haemorhous mexicanus,2026-05-03T20:18:34Z,03-May-2026,13:18:34,0.27,1
House Finch,Haemorhous mexicanus,2026-05-03T20:17:02Z,03-May-2026,13:17:02,0.29,1
House Finch,Haemorhous mexicanus,2026-05-03T20:15:11Z,03-May-2026,13:15:11,0.27,1
Bewick's Wren,Thryomanes bewickii,2026-05-03T20:12:54Z,03-May-2026,13:12:54,0.82,1
Bewick's Wren,Thryomanes bewickii,2026-05-03T20:12:29Z,03-May-2026,13:12:29,0.42,1
House Finch,Haemorhous mexicanus,2026-05-03T20:11:23Z,03-May-2026,13:11:23,0.8,1
Bald Eagle,Haliaeetus leucocephalus,2026-05-03T20:10:45Z,03-May-2026,13:10:45,0.37,1
Bald Eagle,Haliaeetus leucocephalus,2026-05-03T20:10:35Z,03-May-2026,13:10:35,0.44,1
Bald Eagle,Haliaeetus leucocephalus,2026-05-03T20:09:39Z,03-May-2026,13:09:39,0.26,1
Bald Eagle,Haliaeetus leucocephalus,2026-05-03T20:07:38Z,03-May-2026,13:07:38,0.32,1
House Finch,Haemorhous mexicanus,2026-05-03T20:03:56Z,03-May-2026,13:03:56,0.51,1
House Finch,Haemorhous mexicanus,2026-05-03T20:03:32Z,03-May-2026,13:03:32,0.8,3
House Finch,Haemorhous mexicanus,2026-05-03T20:02:54Z,03-May-2026,13:02:54,0.33,1
House Finch,Haemorhous mexicanus,2026-05-03T20:02:29Z,03-May-2026,13:02:29,0.8627,2
Bewick's Wren,Thryomanes bewickii,2026-05-03T20:01:29Z,03-May-2026,13:01:29,0.39,1
House Finch,Haemorhous mexicanus,2026-05-03T20:00:59Z,03-May-2026,13:00:59,0.8627,1
Bewick's Wren,Thryomanes bewickii,2026-05-03T20:00:14Z,03-May-2026,13:00:14,0.48,1
Bewick's Wren,Thryomanes bewickii,2026-05-03T20:00:02Z,03-May-2026,13:00:02,0.42,1
Fox Sparrow,Passerella iliaca,2026-05-03T19:54:18Z,03-May-2026,12:54:18,0.29,1
House Finch,Haemorhous mexicanus,2026-05-03T19:54:11Z,03-May-2026,12:54:11,0.8,1
American Robin,Turdus migratorius,2026-05-03T19:53:47Z,03-May-2026,12:53:47,0.27,1
House Finch,Haemorhous mexicanus,2026-05-03T19:49:11Z,03-May-2026,12:49:11,0.26,1
Bewick's Wren,Thryomanes bewickii,2026-05-03T19:45:36Z,03-May-2026,12:45:36,0.31,1
Bewick's Wren,Thryomanes bewickii,2026-05-03T19:45:11Z,03-May-2026,12:45:11,0.28,1
House Finch,Haemorhous mexicanus,2026-05-03T19:43:50Z,03-May-2026,12:43:50,0.9686,7
House Finch,Haemorhous mexicanus,2026-05-03T19:42:53Z,03-May-2026,12:42:53,0.5,1
House Finch,Haemorhous mexicanus,2026-05-03T19:42:41Z,03-May-2026,12:42:41,0.898,7
Fox Sparrow,Passerella iliaca,2026-05-03T19:42:11Z,03-May-2026,12:42:11,0.39,1
House Finch,Haemorhous mexicanus,2026-05-03T19:42:03Z,03-May-2026,12:42:03,0.39,1
Bewick's Wren,Thryomanes bewickii,2026-05-03T19:41:28Z,03-May-2026,12:41:28,0.29,1
House Finch,Haemorhous mexicanus,2026-05-03T19:41:20Z,03-May-2026,12:41:20,0.898,5
House Finch,Haemorhous mexicanus,2026-05-03T19:40:04Z,03-May-2026,12:40:04,0.8745,8
House Finch,Haemorhous mexicanus,2026-05-03T19:38:57Z,03-May-2026,12:38:57,0.9176,1
American Crow,Corvus brachyrhynchos,2026-05-03T19:36:15Z,03-May-2026,12:36:15,0.8314,1
Anna's Hummingbird,Calypte anna,2026-05-03T19:29:37Z,03-May-2026,12:29:37,0.7804,1
Bewick's Wren,Thryomanes bewickii,2026-05-03T19:26:59Z,03-May-2026,12:26:59,0.43,1
Bewick's Wren,Thryomanes bewickii,2026-05-03T19:26:11Z,03-May-2026,12:26:11,0.36,1
Bewick's Wren,Thryomanes bewickii,2026-05-03T19:23:56Z,03-May-2026,12:23:56,0.28,1
Bewick's Wren,Thryomanes bewickii,2026-05-03T19:22:45Z,03-May-2026,12:22:45,0.42,1
Bewick's Wren,Thryomanes bewickii,2026-05-03T19:22:38Z,03-May-2026,12:22:38,0.34,1
Bewick's Wren,Thryomanes bewickii,2026-05-03T19:22:31Z,03-May-2026,12:22:31,0.36,1
Bewick's Wren,Thryomanes bewickii,2026-05-03T19:22:17Z,03-May-2026,12:22:17,0.28,1
Bewick's Wren,Thryomanes bewickii,2026-05-03T19:21:51Z,03-May-2026,12:21:51,0.4,1
House Finch,Haemorhous mexicanus,2026-05-03T19:19:12Z,03-May-2026,12:19:12,0.8863,3
House Finch,Haemorhous mexicanus,2026-05-03T19:17:13Z,03-May-2026,12:17:13,0.8627,1
Purple Martin,Progne subis,2026-05-03T19:15:36Z,03-May-2026,12:15:36,0.28,1
Purple Martin,Progne subis,2026-05-03T19:15:26Z,03-May-2026,12:15:26,0.53,1
Purple Martin,Progne subis,2026-05-03T19:15:18Z,03-May-2026,12:15:18,0.34,1
Purple Martin,Progne subis,2026-05-03T19:15:07Z,03-May-2026,12:15:07,0.27,1
Purple Martin,Progne subis,2026-05-03T19:15:00Z,03-May-2026,12:15:00,0.8,1
Purple Martin,Progne subis,2026-05-03T19:14:52Z,03-May-2026,12:14:52,0.72,1
Purple Martin,Progne subis,2026-05-03T19:14:45Z,03-May-2026,12:14:45,0.94,1
Purple Martin,Progne subis,2026-05-03T19:13:53Z,03-May-2026,12:13:53,0.41,1
Purple Martin,Progne subis,2026-05-03T19:13:46Z,03-May-2026,12:13:46,0.36,1
Purple Martin,Progne subis,2026-05-03T19:13:39Z,03-May-2026,12:13:39,0.3,1
Purple Martin,Progne subis,2026-05-03T19:13:01Z,03-May-2026,12:13:01,0.88,1
House Finch,Haemorhous mexicanus,2026-05-03T19:12:56Z,03-May-2026,12:12:56,0.8745,2
House Finch,Haemorhous mexicanus,2026-05-03T19:11:59Z,03-May-2026,12:11:59,0.31,1
Evening Grosbeak,Coccothraustes vespertinus,2026-05-03T19:11:08Z,03-May-2026,12:11:08,0.5,1
House Finch,Haemorhous mexicanus,2026-05-03T19:10:33Z,03-May-2026,12:10:33,0.9176,5
House Finch,Haemorhous mexicanus,2026-05-03T19:10:28Z,03-May-2026,12:10:28,0.3,1
House Finch,Haemorhous mexicanus,2026-05-03T19:09:34Z,03-May-2026,12:09:34,0.3,1
House Finch,Haemorhous mexicanus,2026-05-03T19:09:30Z,03-May-2026,12:09:30,0.9176,1
Bewick's Wren,Thryomanes bewickii,2026-05-03T19:07:17Z,03-May-2026,12:07:17,0.42,1
Bewick's Wren,Thryomanes bewickii,2026-05-03T19:06:52Z,03-May-2026,12:06:52,0.28,1
Bewick's Wren,Thryomanes bewickii,2026-05-03T19:06:42Z,03-May-2026,12:06:42,0.42,1
Bewick's Wren,Thryomanes bewickii,2026-05-03T19:06:21Z,03-May-2026,12:06:21,0.56,1
House Finch,Haemorhous mexicanus,2026-05-03T19:05:21Z,03-May-2026,12:05:21,0.27,1
House Finch,Haemorhous mexicanus,2026-05-03T19:05:01Z,03-May-2026,12:05:01,0.8,1
Bewick's Wren,Thryomanes bewickii,2026-05-03T19:04:48Z,03-May-2026,12:04:48,0.35,1
House Finch,Haemorhous mexicanus,2026-05-03T19:04:18Z,03-May-2026,12:04:18,0.28,1
House Finch,Haemorhous mexicanus,2026-05-03T19:03:22Z,03-May-2026,12:03:22,0.9255,1
House Finch,Haemorhous mexicanus,2026-05-03T19:03:18Z,03-May-2026,12:03:18,0.54,1
Bewick's Wren,Thryomanes bewickii,2026-05-03T19:02:39Z,03-May-2026,12:02:39,0.79,1
Bewick's Wren,Thryomanes bewickii,2026-05-03T19:02:29Z,03-May-2026,12:02:29,0.38,1
Red-breasted Nuthatch,Sitta canadensis,2026-05-03T19:00:34Z,03-May-2026,12:00:34,0.46,1
Red-breasted Nuthatch,Sitta canadensis,2026-05-03T19:00:28Z,03-May-2026,12:00:28,0.83,1
Bewick's Wren,Thryomanes bewickii,2026-05-03T19:00:14Z,03-May-2026,12:00:14,0.26,1
House Finch,Haemorhous mexicanus,2026-05-03T19:00:03Z,03-May-2026,12:00:03,0.9098,3
Bewick's Wren,Thryomanes bewickii,2026-05-03T18:59:58Z,03-May-2026,11:59:58,0.42,1
Bewick's Wren,Thryomanes bewickii,2026-05-03T18:59:42Z,03-May-2026,11:59:42,0.46,1
Bewick's Wren,Thryomanes bewickii,2026-05-03T18:58:54Z,03-May-2026,11:58:54,0.49,1
House Finch,Haemorhous mexicanus,2026-05-03T18:58:40Z,03-May-2026,11:58:40,0.7804,8
House Finch,Haemorhous mexicanus,2026-05-03T18:58:33Z,03-May-2026,11:58:33,0.64,1
House Finch,Haemorhous mexicanus,2026-05-03T18:58:26Z,03-May-2026,11:58:26,0.37,1
House Finch,Haemorhous mexicanus,2026-05-03T18:57:20Z,03-May-2026,11:57:20,0.9176,3
Bewick's Wren,Thryomanes bewickii,2026-05-03T18:56:52Z,03-May-2026,11:56:52,0.31,1
Bewick's Wren,Thryomanes bewickii,2026-05-03T18:56:30Z,03-May-2026,11:56:30,0.4,1
House Finch,Haemorhous mexicanus,2026-05-03T18:56:19Z,03-May-2026,11:56:19,0.8314,2
Bewick's Wren,Thryomanes bewickii,2026-05-03T18:55:59Z,03-May-2026,11:55:59,0.37,1
Bewick's Wren,Thryomanes bewickii,2026-05-03T18:55:31Z,03-May-2026,11:55:31,0.55,1
Bewick's Wren,Thryomanes bewickii,2026-05-03T18:55:24Z,03-May-2026,11:55:24,0.39,1
Bewick's Wren,Thryomanes bewickii,2026-05-03T18:55:17Z,03-May-2026,11:55:17,0.69,1
Bewick's Wren,Thryomanes bewickii,2026-05-03T18:54:59Z,03-May-2026,11:54:59,0.56,1
House Finch,Haemorhous mexicanus,2026-05-03T18:54:51Z,03-May-2026,11:54:51,0.8,1
Bewick's Wren,Thryomanes bewickii,2026-05-03T18:54:44Z,03-May-2026,11:54:44,0.65,1
Steller's Jay,Cyanocitta stelleri,2026-05-03T18:54:23Z,03-May-2026,11:54:23,0.8157,1
Bewick's Wren,Thryomanes bewickii,2026-05-03T18:53:59Z,03-May-2026,11:53:59,0.57,1
House Finch,Haemorhous mexicanus,2026-05-03T18:53:06Z,03-May-2026,11:53:06,0.8745,3
House Finch,Haemorhous mexicanus,2026-05-03T18:53:02Z,03-May-2026,11:53:02,0.46,1
Bewick's Wren,Thryomanes bewickii,2026-05-03T18:52:54Z,03-May-2026,11:52:54,0.33,1
Bewick's Wren,Thryomanes bewickii,2026-05-03T18:52:44Z,03-May-2026,11:52:44,0.37,1
Bewick's Wren,Thryomanes bewickii,2026-05-03T18:52:31Z,03-May-2026,11:52:31,0.63,1
Bewick's Wren,Thryomanes bewickii,2026-05-03T18:51:49Z,03-May-2026,11:51:49,0.63,1
Bewick's Wren,Thryomanes bewickii,2026-05-03T18:51:41Z,03-May-2026,11:51:41,0.5,1
Bewick's Wren,Thryomanes bewickii,2026-05-03T18:51:06Z,03-May-2026,11:51:06,0.44,1
House Finch,Haemorhous mexicanus,2026-05-03T18:50:13Z,03-May-2026,11:50:13,0.9255,1
Bewick's Wren,Thryomanes bewickii,2026-05-03T18:45:07Z,03-May-2026,11:45:07,0.66,1
Bewick's Wren,Thryomanes bewickii,2026-05-03T18:44:52Z,03-May-2026,11:44:52,0.63,1
Bewick's Wren,Thryomanes bewickii,2026-05-03T18:44:42Z,03-May-2026,11:44:42,0.56,1
Bewick's Wren,Thryomanes bewickii,2026-05-03T18:44:28Z,03-May-2026,11:44:28,0.44,1
Bewick's Wren,Thryomanes bewickii,2026-05-03T18:43:29Z,03-May-2026,11:43:29,0.35,1
Bewick's Wren,Thryomanes bewickii,2026-05-03T18:43:12Z,03-May-2026,11:43:12,0.36,1
Bewick's Wren,Thryomanes bewickii,2026-05-03T18:42:57Z,03-May-2026,11:42:57,0.3,1
Bewick's Wren,Thryomanes bewickii,2026-05-03T18:42:48Z,03-May-2026,11:42:48,0.44,1
Bewick's Wren,Thryomanes bewickii,2026-05-03T18:41:23Z,03-May-2026,11:41:23,0.26,1
Bewick's Wren,Thryomanes bewickii,2026-05-03T18:41:09Z,03-May-2026,11:41:09,0.34,1
Bewick's Wren,Thryomanes bewickii,2026-05-03T18:40:44Z,03-May-2026,11:40:44,0.51,1
Bewick's Wren,Thryomanes bewickii,2026-05-03T18:39:31Z,03-May-2026,11:39:31,0.26,1
Bewick's Wren,Thryomanes bewickii,2026-05-03T18:39:25Z,03-May-2026,11:39:25,0.38,1
House Finch,Haemorhous mexicanus,2026-05-03T18:38:16Z,03-May-2026,11:38:16,0.8745,1
Bewick's Wren,Thryomanes bewickii,2026-05-03T18:37:44Z,03-May-2026,11:37:44,0.27,1
Bewick's Wren,Thryomanes bewickii,2026-05-03T18:37:31Z,03-May-2026,11:37:31,0.43,1
Bewick's Wren,Thryomanes bewickii,2026-05-03T18:37:23Z,03-May-2026,11:37:23,0.54,1
House Finch,Haemorhous mexicanus,2026-05-03T18:37:13Z,03-May-2026,11:37:13,0.7804,3
Bewick's Wren,Thryomanes bewickii,2026-05-03T18:35:42Z,03-May-2026,11:35:42,0.92,1
Bewick's Wren,Thryomanes bewickii,2026-05-03T18:35:30Z,03-May-2026,11:35:30,0.3,1
Bewick's Wren,Thryomanes bewickii,2026-05-03T18:34:13Z,03-May-2026,11:34:13,0.46,1
Bewick's Wren,Thryomanes bewickii,2026-05-03T18:34:07Z,03-May-2026,11:34:07,0.47,1
Bewick's Wren,Thryomanes bewickii,2026-05-03T18:34:00Z,03-May-2026,11:34:00,0.55,1
Bewick's Wren,Thryomanes bewickii,2026-05-03T18:33:38Z,03-May-2026,11:33:38,0.31,1
Chestnut-backed Chickadee,Poecile rufescens,2026-05-03T18:32:50Z,03-May-2026,11:32:50,0.6,1
Chestnut-backed Chickadee,Poecile rufescens,2026-05-03T18:32:31Z,03-May-2026,11:32:31,0.58,1
Chestnut-backed Chickadee,Poecile rufescens,2026-05-03T18:32:21Z,03-May-2026,11:32:21,0.949,1
House Finch,Haemorhous mexicanus,2026-05-03T18:31:50Z,03-May-2026,11:31:50,0.4,1
House Finch,Haemorhous mexicanus,2026-05-03T18:31:38Z,03-May-2026,11:31:38,0.7804,2
Bewick's Wren,Thryomanes bewickii,2026-05-03T18:30:39Z,03-May-2026,11:30:39,0.64,1
Bewick's Wren,Thryomanes bewickii,2026-05-03T18:30:23Z,03-May-2026,11:30:23,0.52,1
Bewick's Wren,Thryomanes bewickii,2026-05-03T18:29:58Z,03-May-2026,11:29:58,0.46,1
Bewick's Wren,Thryomanes bewickii,2026-05-03T18:29:35Z,03-May-2026,11:29:35,0.59,1
House Finch,Haemorhous mexicanus,2026-05-03T18:28:45Z,03-May-2026,11:28:45,0.9098,1
Bewick's Wren,Thryomanes bewickii,2026-05-03T18:28:19Z,03-May-2026,11:28:19,0.35,1
Bewick's Wren,Thryomanes bewickii,2026-05-03T18:28:09Z,03-May-2026,11:28:09,0.75,1
Bewick's Wren,Thryomanes bewickii,2026-05-03T18:27:48Z,03-May-2026,11:27:48,0.77,1
Bewick's Wren,Thryomanes bewickii,2026-05-03T18:27:38Z,03-May-2026,11:27:38,0.55,1
Bewick's Wren,Thryomanes bewickii,2026-05-03T18:26:15Z,03-May-2026,11:26:15,0.72,1
Bewick's Wren,Thryomanes bewickii,2026-05-03T18:26:00Z,03-May-2026,11:26:00,0.27,1
Bewick's Wren,Thryomanes bewickii,2026-05-03T18:25:54Z,03-May-2026,11:25:54,0.71,1
Bewick's Wren,Thryomanes bewickii,2026-05-03T18:25:47Z,03-May-2026,11:25:47,0.42,1
Bewick's Wren,Thryomanes bewickii,2026-05-03T18:25:15Z,03-May-2026,11:25:15,0.5,1
House Finch,Haemorhous mexicanus,2026-05-03T18:21:46Z,03-May-2026,11:21:46,0.8,2
House Finch,Haemorhous mexicanus,2026-05-03T18:21:39Z,03-May-2026,11:21:39,0.47,1
Bewick's Wren,Thryomanes bewickii,2026-05-03T18:21:26Z,03-May-2026,11:21:26,0.46,1
Bewick's Wren,Thryomanes bewickii,2026-05-03T18:21:03Z,03-May-2026,11:21:03,0.42,1
Bewick's Wren,Thryomanes bewickii,2026-05-03T18:20:51Z,03-May-2026,11:20:51,0.51,1
Bewick's Wren,Thryomanes bewickii,2026-05-03T18:20:41Z,03-May-2026,11:20:41,0.86,1
Bewick's Wren,Thryomanes bewickii,2026-05-03T18:20:13Z,03-May-2026,11:20:13,0.44,1
House Finch,Haemorhous mexicanus,2026-05-03T18:19:29Z,03-May-2026,11:19:29,0.36,1
House Finch,Haemorhous mexicanus,2026-05-03T18:19:25Z,03-May-2026,11:19:25,0.8627,1
Bewick's Wren,Thryomanes bewickii,2026-05-03T18:18:43Z,03-May-2026,11:18:43,0.68,1
Bewick's Wren,Thryomanes bewickii,2026-05-03T18:18:36Z,03-May-2026,11:18:36,0.35,1
Bewick's Wren,Thryomanes bewickii,2026-05-03T18:18:28Z,03-May-2026,11:18:28,0.89,1
Bewick's Wren,Thryomanes bewickii,2026-05-03T18:18:21Z,03-May-2026,11:18:21,0.26,1
Bewick's Wren,Thryomanes bewickii,2026-05-03T18:18:01Z,03-May-2026,11:18:01,0.44,1
Bewick's Wren,Thryomanes bewickii,2026-05-03T18:17:51Z,03-May-2026,11:17:51,0.32,1
Bewick's Wren,Thryomanes bewickii,2026-05-03T18:17:45Z,03-May-2026,11:17:45,0.63,1
Bewick's Wren,Thryomanes bewickii,2026-05-03T18:17:32Z,03-May-2026,11:17:32,0.5,1
House Finch,Haemorhous mexicanus,2026-05-03T18:15:21Z,03-May-2026,11:15:21,0.81,1
Bewick's Wren,Thryomanes bewickii,2026-05-03T18:15:15Z,03-May-2026,11:15:15,0.83,1
Bewick's Wren,Thryomanes bewickii,2026-05-03T18:15:06Z,03-May-2026,11:15:06,0.83,1
Bewick's Wren,Thryomanes bewickii,2026-05-03T18:15:00Z,03-May-2026,11:15:00,0.68,1
Bewick's Wren,Thryomanes bewickii,2026-05-03T18:14:46Z,03-May-2026,11:14:46,0.63,1
Bewick's Wren,Thryomanes bewickii,2026-05-03T18:14:30Z,03-May-2026,11:14:30,0.83,1
House Finch,Haemorhous mexicanus,2026-05-03T18:14:25Z,03-May-2026,11:14:25,0.9529,9
Bewick's Wren,Thryomanes bewickii,2026-05-03T18:13:57Z,03-May-2026,11:13:57,0.78,1
House Finch,Haemorhous mexicanus,2026-05-03T18:13:19Z,03-May-2026,11:13:19,0.9686,2
House Finch,Haemorhous mexicanus,2026-05-03T18:12:25Z,03-May-2026,11:12:25,0.8,1
Bewick's Wren,Thryomanes bewickii,2026-05-03T18:12:10Z,03-May-2026,11:12:10,0.32,1
House Finch,Haemorhous mexicanus,2026-05-03T18:11:41Z,03-May-2026,11:11:41,0.8627,2
House Finch,Haemorhous mexicanus,2026-05-03T18:11:37Z,03-May-2026,11:11:37,0.27,1
Bewick's Wren,Thryomanes bewickii,2026-05-03T18:11:12Z,03-May-2026,11:11:12,0.75,1
House Finch,Haemorhous mexicanus,2026-05-03T18:10:38Z,03-May-2026,11:10:38,0.7804,5
House Finch,Haemorhous mexicanus,2026-05-03T18:10:24Z,03-May-2026,11:10:24,0.36,1
House Finch,Haemorhous mexicanus,2026-05-03T18:10:10Z,03-May-2026,11:10:10,0.37,1
House Finch,Haemorhous mexicanus,2026-05-03T18:09:34Z,03-May-2026,11:09:34,0.8863,5
House Finch,Haemorhous mexicanus,2026-05-03T18:09:13Z,03-May-2026,11:09:13,0.39,1
House Finch,Haemorhous mexicanus,2026-05-03T18:09:02Z,03-May-2026,11:09:02,0.37,1
House Finch,Haemorhous mexicanus,2026-05-03T18:08:32Z,03-May-2026,11:08:32,0.8863,1
Bewick's Wren,Thryomanes bewickii,2026-05-03T18:08:25Z,03-May-2026,11:08:25,0.65,1
Bewick's Wren,Thryomanes bewickii,2026-05-03T18:08:08Z,03-May-2026,11:08:08,0.63,1
Bewick's Wren,Thryomanes bewickii,2026-05-03T18:08:01Z,03-May-2026,11:08:01,0.57,1
Bewick's Wren,Thryomanes bewickii,2026-05-03T18:07:49Z,03-May-2026,11:07:49,0.38,1
Bewick's Wren,Thryomanes bewickii,2026-05-03T18:06:46Z,03-May-2026,11:06:46,0.26,1
Bewick's Wren,Thryomanes bewickii,2026-05-03T18:06:33Z,03-May-2026,11:06:33,0.34,1
House Finch,Haemorhous mexicanus,2026-05-03T18:04:30Z,03-May-2026,11:04:30,0.34,1
Bewick's Wren,Thryomanes bewickii,2026-05-03T18:04:04Z,03-May-2026,11:04:04,0.62,1
Bewick's Wren,Thryomanes bewickii,2026-05-03T18:02:17Z,03-May-2026,11:02:17,0.48,1
American Crow,Corvus brachyrhynchos,2026-05-03T17:58:43Z,03-May-2026,10:58:43,0.28,1
Black-capped Chickadee,Poecile atricapillus,2026-05-03T17:57:54Z,03-May-2026,10:57:54,0.7804,1
Bewick's Wren,Thryomanes bewickii,2026-05-03T17:57:08Z,03-May-2026,10:57:08,0.8,1
American Crow,Corvus brachyrhynchos,2026-05-03T17:56:20Z,03-May-2026,10:56:20,0.8627,1
Bewick's Wren,Thryomanes bewickii,2026-05-03T17:55:28Z,03-May-2026,10:55:28,0.44,1
House Finch,Haemorhous mexicanus,2026-05-03T17:54:39Z,03-May-2026,10:54:39,0.32,1
Bewick's Wren,Thryomanes bewickii,2026-05-03T17:53:08Z,03-May-2026,10:53:08,0.76,1
Bewick's Wren,Thryomanes bewickii,2026-05-03T17:52:20Z,03-May-2026,10:52:20,0.41,1
Bewick's Wren,Thryomanes bewickii,2026-05-03T17:52:13Z,03-May-2026,10:52:13,0.38,1
Bewick's Wren,Thryomanes bewickii,2026-05-03T17:51:57Z,03-May-2026,10:51:57,0.63,1
Bewick's Wren,Thryomanes bewickii,2026-05-03T17:51:23Z,03-May-2026,10:51:23,0.28,1
Black-capped Chickadee,Poecile atricapillus,2026-05-03T17:51:11Z,03-May-2026,10:51:11,0.54,1
Bewick's Wren,Thryomanes bewickii,2026-05-03T17:50:58Z,03-May-2026,10:50:58,0.47,1
Bewick's Wren,Thryomanes bewickii,2026-05-03T17:50:15Z,03-May-2026,10:50:15,0.9,1
Bewick's Wren,Thryomanes bewickii,2026-05-03T17:48:10Z,03-May-2026,10:48:10,0.82,1
Steller's Jay,Cyanocitta stelleri,2026-05-03T17:47:48Z,03-May-2026,10:47:48,0.46,1
Steller's Jay,Cyanocitta stelleri,2026-05-03T17:47:41Z,03-May-2026,10:47:41,0.8745,13
Bewick's Wren,Thryomanes bewickii,2026-05-03T17:47:32Z,03-May-2026,10:47:32,0.45,1
Steller's Jay,Cyanocitta stelleri,2026-05-03T17:47:10Z,03-May-2026,10:47:10,0.92,1
Steller's Jay,Cyanocitta stelleri,2026-05-03T17:46:50Z,03-May-2026,10:46:50,0.96,1
Steller's Jay,Cyanocitta stelleri,2026-05-03T17:46:23Z,03-May-2026,10:46:23,0.8745,8
Steller's Jay,Cyanocitta stelleri,2026-05-03T17:45:52Z,03-May-2026,10:45:52,0.34,1
Bewick's Wren,Thryomanes bewickii,2026-05-03T17:45:44Z,03-May-2026,10:45:44,0.57,1
Steller's Jay,Cyanocitta stelleri,2026-05-03T17:45:19Z,03-May-2026,10:45:19,0.44,1
Steller's Jay,Cyanocitta stelleri,2026-05-03T17:45:14Z,03-May-2026,10:45:14,0.9176,1
House Finch,Haemorhous mexicanus,2026-05-03T17:44:22Z,03-May-2026,10:44:22,0.8627,1
House Finch,Haemorhous mexicanus,2026-05-03T17:43:03Z,03-May-2026,10:43:03,0.8627,1
American Robin,Turdus migratorius,2026-05-03T17:41:26Z,03-May-2026,10:41:26,0.47,1
American Robin,Turdus migratorius,2026-05-03T17:40:30Z,03-May-2026,10:40:30,0.27,1
House Finch,Haemorhous mexicanus,2026-05-03T17:38:52Z,03-May-2026,10:38:52,0.8471,2
House Finch,Haemorhous mexicanus,2026-05-03T17:36:57Z,03-May-2026,10:36:57,0.9647,7
Chestnut-backed Chickadee,Poecile rufescens,2026-05-03T17:36:53Z,03-May-2026,10:36:53,0.35,1
House Finch,Haemorhous mexicanus,2026-05-03T17:36:47Z,03-May-2026,10:36:47,0.26,1
House Finch,Haemorhous mexicanus,2026-05-03T17:36:01Z,03-May-2026,10:36:01,0.4,1
House Finch,Haemorhous mexicanus,2026-05-03T17:35:51Z,03-May-2026,10:35:51,0.9176,7
House Finch,Haemorhous mexicanus,2026-05-03T17:35:00Z,03-May-2026,10:35:00,0.9,1
House Finch,Haemorhous mexicanus,2026-05-03T17:34:41Z,03-May-2026,10:34:41,0.54,1
House Finch,Haemorhous mexicanus,2026-05-03T17:34:36Z,03-May-2026,10:34:36,0.949,7
House Finch,Haemorhous mexicanus,2026-05-03T17:34:05Z,03-May-2026,10:34:05,0.48,1
House Finch,Haemorhous mexicanus,2026-05-03T17:33:31Z,03-May-2026,10:33:31,0.8745,4
Chestnut-backed Chickadee,Poecile rufescens,2026-05-03T17:33:16Z,03-May-2026,10:33:16,0.949,3
American Robin,Turdus migratorius,2026-05-03T17:33:12Z,03-May-2026,10:33:12,0.32,1
American Robin,Turdus migratorius,2026-05-03T17:33:05Z,03-May-2026,10:33:05,0.46,1
American Robin,Turdus migratorius,2026-05-03T17:32:50Z,03-May-2026,10:32:50,0.28,1
Chestnut-backed Chickadee,Poecile rufescens,2026-05-03T17:32:40Z,03-May-2026,10:32:40,0.42,1
House Finch,Haemorhous mexicanus,2026-05-03T17:32:28Z,03-May-2026,10:32:28,0.9098,1
Chestnut-backed Chickadee,Poecile rufescens,2026-05-03T17:32:13Z,03-May-2026,10:32:13,0.949,2
Chestnut-backed Chickadee,Poecile rufescens,2026-05-03T17:31:59Z,03-May-2026,10:31:59,0.32,1
Black-capped Chickadee,Poecile atricapillus,2026-05-03T17:31:22Z,03-May-2026,10:31:22,0.898,1
Chestnut-backed Chickadee,Poecile rufescens,2026-05-03T17:30:37Z,03-May-2026,10:30:37,0.9176,1
House Finch,Haemorhous mexicanus,2026-05-03T17:29:26Z,03-May-2026,10:29:26,0.8314,4
Chestnut-backed Chickadee,Poecile rufescens,2026-05-03T17:29:11Z,03-May-2026,10:29:11,0.38,1
Chestnut-backed Chickadee,Poecile rufescens,2026-05-03T17:28:47Z,03-May-2026,10:28:47,0.8,1
House Finch,Haemorhous mexicanus,2026-05-03T17:28:11Z,03-May-2026,10:28:11,0.7804,4
Black-capped Chickadee,Poecile atricapillus,2026-05-03T17:27:20Z,03-May-2026,10:27:20,0.3,1
House Finch,Haemorhous mexicanus,2026-05-03T17:25:57Z,03-May-2026,10:25:57,0.8157,8
Fox Sparrow,Passerella iliaca,2026-05-03T17:25:48Z,03-May-2026,10:25:48,0.27,1
House Finch,Haemorhous mexicanus,2026-05-03T17:25:17Z,03-May-2026,10:25:17,0.28,1
House Finch,Haemorhous mexicanus,2026-05-03T17:24:54Z,03-May-2026,10:24:54,0.8314,4
House Finch,Haemorhous mexicanus,2026-05-03T17:24:46Z,03-May-2026,10:24:46,0.39,1
House Finch,Haemorhous mexicanus,2026-05-03T17:24:36Z,03-May-2026,10:24:36,0.26,1
Chestnut-backed Chickadee,Poecile rufescens,2026-05-03T17:24:16Z,03-May-2026,10:24:16,0.9255,1
Chestnut-backed Chickadee,Poecile rufescens,2026-05-03T17:24:11Z,03-May-2026,10:24:11,0.47,1
House Finch,Haemorhous mexicanus,2026-05-03T17:24:04Z,03-May-2026,10:24:04,0.5,1
House Finch,Haemorhous mexicanus,2026-05-03T17:23:31Z,03-May-2026,10:23:31,0.8314,2
Chestnut-backed Chickadee,Poecile rufescens,2026-05-03T17:23:14Z,03-May-2026,10:23:14,0.43,1
Evening Grosbeak,Coccothraustes vespertinus,2026-05-03T17:22:59Z,03-May-2026,10:22:59,0.26,1
House Finch,Haemorhous mexicanus,2026-05-03T17:22:10Z,03-May-2026,10:22:10,0.8863,5
House Finch,Haemorhous mexicanus,2026-05-03T17:22:06Z,03-May-2026,10:22:06,0.42,1
House Finch,Haemorhous mexicanus,2026-05-03T17:21:03Z,03-May-2026,10:21:03,0.7804,1
Evening Grosbeak,Coccothraustes vespertinus,2026-05-03T17:19:52Z,03-May-2026,10:19:52,0.42,1
House Finch,Haemorhous mexicanus,2026-05-03T17:19:34Z,03-May-2026,10:19:34,0.8745,8
House Finch,Haemorhous mexicanus,2026-05-03T17:19:28Z,03-May-2026,10:19:28,0.28,1
House Finch,Haemorhous mexicanus,2026-05-03T17:18:21Z,03-May-2026,10:18:21,0.8863,4
House Finch,Haemorhous mexicanus,2026-05-03T17:17:08Z,03-May-2026,10:17:08,0.8745,2
American Robin,Turdus migratorius,2026-05-03T17:14:41Z,03-May-2026,10:14:41,0.9333,1
American Robin,Turdus migratorius,2026-05-03T17:14:14Z,03-May-2026,10:14:14,0.27,1
American Robin,Turdus migratorius,2026-05-03T17:13:44Z,03-May-2026,10:13:44,0.27,1
American Robin,Turdus migratorius,2026-05-03T17:13:29Z,03-May-2026,10:13:29,0.43,1
House Finch,Haemorhous mexicanus,2026-05-03T17:13:17Z,03-May-2026,10:13:17,0.9176,1
American Robin,Turdus migratorius,2026-05-03T17:12:52Z,03-May-2026,10:12:52,0.8,1
Dark-eyed Junco,Junco hyemalis,2026-05-03T17:09:23Z,03-May-2026,10:09:23,0.26,1
House Finch,Haemorhous mexicanus,2026-05-03T17:07:38Z,03-May-2026,10:07:38,0.9255,2
American Robin,Turdus migratorius,2026-05-03T17:06:21Z,03-May-2026,10:06:21,0.8,1
American Robin,Turdus migratorius,2026-05-03T17:05:00Z,03-May-2026,10:05:00,0.8,1
Northern Flicker,Colaptes auratus,2026-05-03T17:04:36Z,03-May-2026,10:04:36,0.64,1
American Robin,Turdus migratorius,2026-05-03T17:03:04Z,03-May-2026,10:03:04,0.7804,1
House Finch,Haemorhous mexicanus,2026-05-03T17:01:11Z,03-May-2026,10:01:11,0.61,1
House Finch,Haemorhous mexicanus,2026-05-03T17:00:22Z,03-May-2026,10:00:22,0.8745,2
Bewick's Wren,Thryomanes bewickii,2026-05-03T16:58:46Z,03-May-2026,09:58:46,0.4,1
American Robin,Turdus migratorius,2026-05-03T16:58:35Z,03-May-2026,09:58:35,0.8,1
Bewick's Wren,Thryomanes bewickii,2026-05-03T16:58:09Z,03-May-2026,09:58:09,0.39,1
House Finch,Haemorhous mexicanus,2026-05-03T16:57:48Z,03-May-2026,09:57:48,0.5,1
Bewick's Wren,Thryomanes bewickii,2026-05-03T16:57:41Z,03-May-2026,09:57:41,0.26,1
Townsend's Warbler,Setophaga townsendi,2026-05-03T16:57:34Z,03-May-2026,09:57:34,0.45,1
Townsend's Warbler,Setophaga townsendi,2026-05-03T16:57:27Z,03-May-2026,09:57:27,0.35,1
Townsend's Warbler,Setophaga townsendi,2026-05-03T16:56:49Z,03-May-2026,09:56:49,0.7,1
Bewick's Wren,Thryomanes bewickii,2026-05-03T16:56:29Z,03-May-2026,09:56:29,0.44,1
American Robin,Turdus migratorius,2026-05-03T16:56:22Z,03-May-2026,09:56:22,0.33,1
Black-capped Chickadee,Poecile atricapillus,2026-05-03T16:55:02Z,03-May-2026,09:55:02,0.8,1
Townsend's Warbler,Setophaga townsendi,2026-05-03T16:54:58Z,03-May-2026,09:54:58,0.54,1
House Finch,Haemorhous mexicanus,2026-05-03T16:53:49Z,03-May-2026,09:53:49,0.8157,1
Bewick's Wren,Thryomanes bewickii,2026-05-03T16:53:14Z,03-May-2026,09:53:14,0.36,1
American Crow,Corvus brachyrhynchos,2026-05-03T16:49:39Z,03-May-2026,09:49:39,0.8157,1
Red-breasted Nuthatch,Sitta canadensis,2026-05-03T16:47:48Z,03-May-2026,09:47:48,0.92,1
House Finch,Haemorhous mexicanus,2026-05-03T16:47:05Z,03-May-2026,09:47:05,0.8627,3
House Finch,Haemorhous mexicanus,2026-05-03T16:45:47Z,03-May-2026,09:45:47,0.8745,3
House Finch,Haemorhous mexicanus,2026-05-03T16:44:43Z,03-May-2026,09:44:43,0.7804,1
House Finch,Haemorhous mexicanus,2026-05-03T16:43:19Z,03-May-2026,09:43:19,0.898,1
Bewick's Wren,Thryomanes bewickii,2026-05-03T16:42:08Z,03-May-2026,09:42:08,0.37,1
Bewick's Wren,Thryomanes bewickii,2026-05-03T16:41:59Z,03-May-2026,09:41:59,0.38,1
Bewick's Wren,Thryomanes bewickii,2026-05-03T16:41:41Z,03-May-2026,09:41:41,0.51,1
Bewick's Wren,Thryomanes bewickii,2026-05-03T16:41:19Z,03-May-2026,09:41:19,0.65,1
Bewick's Wren,Thryomanes bewickii,2026-05-03T16:41:05Z,03-May-2026,09:41:05,0.4,1
Warbling Vireo,Vireo gilvus,2026-05-03T16:40:56Z,03-May-2026,09:40:56,0.36,1
Bewick's Wren,Thryomanes bewickii,2026-05-03T16:40:42Z,03-May-2026,09:40:42,0.48,1
Bewick's Wren,Thryomanes bewickii,2026-05-03T16:40:28Z,03-May-2026,09:40:28,0.32,1
Bewick's Wren,Thryomanes bewickii,2026-05-03T16:38:54Z,03-May-2026,09:38:54,0.29,1
Bewick's Wren,Thryomanes bewickii,2026-05-03T16:38:36Z,03-May-2026,09:38:36,0.34,1
House Finch,Haemorhous mexicanus,2026-05-03T16:37:59Z,03-May-2026,09:37:59,0.75,1
House Finch,Haemorhous mexicanus,2026-05-03T16:37:54Z,03-May-2026,09:37:54,0.9333,3
Bewick's Wren,Thryomanes bewickii,2026-05-03T16:37:37Z,03-May-2026,09:37:37,0.35,1
American Robin,Turdus migratorius,2026-05-03T16:37:00Z,03-May-2026,09:37:00,0.26,1
American Robin,Turdus migratorius,2026-05-03T16:36:49Z,03-May-2026,09:36:49,0.8314,7
American Robin,Turdus migratorius,2026-05-03T16:36:06Z,03-May-2026,09:36:06,0.34,1
American Robin,Turdus migratorius,2026-05-03T16:35:23Z,03-May-2026,09:35:23,0.38,1
American Robin,Turdus migratorius,2026-05-03T16:35:00Z,03-May-2026,09:35:00,0.8314,1
Bewick's Wren,Thryomanes bewickii,2026-05-03T16:34:36Z,03-May-2026,09:34:36,0.33,1
American Robin,Turdus migratorius,2026-05-03T16:33:22Z,03-May-2026,09:33:22,0.8471,1
House Finch,Haemorhous mexicanus,2026-05-03T16:31:48Z,03-May-2026,09:31:48,0.8,1
House Finch,Haemorhous mexicanus,2026-05-03T16:30:08Z,03-May-2026,09:30:08,0.8745,1
House Finch,Haemorhous mexicanus,2026-05-03T16:29:58Z,03-May-2026,09:29:58,0.3,1
Bewick's Wren,Thryomanes bewickii,2026-05-03T16:29:03Z,03-May-2026,09:29:03,0.26,1
Bewick's Wren,Thryomanes bewickii,2026-05-03T16:27:55Z,03-May-2026,09:27:55,0.66,1
Spotted Towhee,Pipilo maculatus,2026-05-03T16:27:28Z,03-May-2026,09:27:28,0.28,1
House Finch,Haemorhous mexicanus,2026-05-03T16:27:16Z,03-May-2026,09:27:16,0.8863,3
Bewick's Wren,Thryomanes bewickii,2026-05-03T16:27:06Z,03-May-2026,09:27:06,0.62,1
Bewick's Wren,Thryomanes bewickii,2026-05-03T16:26:52Z,03-May-2026,09:26:52,0.52,1
Bewick's Wren,Thryomanes bewickii,2026-05-03T16:26:36Z,03-May-2026,09:26:36,0.52,1
Black-capped Chickadee,Poecile atricapillus,2026-05-03T16:25:22Z,03-May-2026,09:25:22,0.29,1
House Finch,Haemorhous mexicanus,2026-05-03T16:25:05Z,03-May-2026,09:25:05,0.9412,5
House Finch,Haemorhous mexicanus,2026-05-03T16:23:49Z,03-May-2026,09:23:49,0.34,1
House Finch,Haemorhous mexicanus,2026-05-03T16:23:33Z,03-May-2026,09:23:33,0.8471,2
House Finch,Haemorhous mexicanus,2026-05-03T16:22:05Z,03-May-2026,09:22:05,0.8157,4
Black-capped Chickadee,Poecile atricapillus,2026-05-03T16:21:26Z,03-May-2026,09:21:26,0.29,1
House Finch,Haemorhous mexicanus,2026-05-03T16:21:01Z,03-May-2026,09:21:01,0.8,3
Chestnut-backed Chickadee,Poecile rufescens,2026-05-03T16:20:13Z,03-May-2026,09:20:13,0.34,1
Black-capped Chickadee,Poecile atricapillus,2026-05-03T16:19:57Z,03-May-2026,09:19:57,0.37,1
House Finch,Haemorhous mexicanus,2026-05-03T16:19:42Z,03-May-2026,09:19:42,0.8157,3
Bewick's Wren,Thryomanes bewickii,2026-05-03T16:19:39Z,03-May-2026,09:19:39,0.69,1
Chestnut-backed Chickadee,Poecile rufescens,2026-05-03T16:19:12Z,03-May-2026,09:19:12,0.35,1
Chestnut-backed Chickadee,Poecile rufescens,2026-05-03T16:19:05Z,03-May-2026,09:19:05,0.69,1
Chestnut-backed Chickadee,Poecile rufescens,2026-05-03T16:18:58Z,03-May-2026,09:18:58,0.8,2
Chestnut-backed Chickadee,Poecile rufescens,2026-05-03T16:18:40Z,03-May-2026,09:18:40,0.74,1
Black-capped Chickadee,Poecile atricapillus,2026-05-03T16:18:05Z,03-May-2026,09:18:05,0.27,1
House Finch,Haemorhous mexicanus,2026-05-03T16:17:54Z,03-May-2026,09:17:54,0.8863,1
Chestnut-backed Chickadee,Poecile rufescens,2026-05-03T16:17:47Z,03-May-2026,09:17:47,0.41,1
Chestnut-backed Chickadee,Poecile rufescens,2026-05-03T16:17:42Z,03-May-2026,09:17:42,0.8627,3
Chestnut-backed Chickadee,Poecile rufescens,2026-05-03T16:17:39Z,03-May-2026,09:17:39,0.5,1
Chestnut-backed Chickadee,Poecile rufescens,2026-05-03T16:17:32Z,03-May-2026,09:17:32,0.38,1
Chestnut-backed Chickadee,Poecile rufescens,2026-05-03T16:17:15Z,03-May-2026,09:17:15,0.68,1
Chestnut-backed Chickadee,Poecile rufescens,2026-05-03T16:16:53Z,03-May-2026,09:16:53,0.57,1
Chestnut-backed Chickadee,Poecile rufescens,2026-05-03T16:16:38Z,03-May-2026,09:16:38,0.8,1
Chestnut-backed Chickadee,Poecile rufescens,2026-05-03T16:16:31Z,03-May-2026,09:16:31,0.8,10
Chestnut-backed Chickadee,Poecile rufescens,2026-05-03T16:16:07Z,03-May-2026,09:16:07,0.72,1
Chestnut-backed Chickadee,Poecile rufescens,2026-05-03T16:16:00Z,03-May-2026,09:16:00,0.46,1
Chestnut-backed Chickadee,Poecile rufescens,2026-05-03T16:15:34Z,03-May-2026,09:15:34,0.39,1
Chestnut-backed Chickadee,Poecile rufescens,2026-05-03T16:15:29Z,03-May-2026,09:15:29,0.8745,13
Chestnut-backed Chickadee,Poecile rufescens,2026-05-03T16:15:15Z,03-May-2026,09:15:15,0.5,1
Bewick's Wren,Thryomanes bewickii,2026-05-03T16:14:48Z,03-May-2026,09:14:48,0.29,1
Chestnut-backed Chickadee,Poecile rufescens,2026-05-03T16:14:25Z,03-May-2026,09:14:25,0.9843,10
Chestnut-backed Chickadee,Poecile rufescens,2026-05-03T16:14:14Z,03-May-2026,09:14:14,0.41,1
Chestnut-backed Chickadee,Poecile rufescens,2026-05-03T16:14:08Z,03-May-2026,09:14:08,0.36,1
Chestnut-backed Chickadee,Poecile rufescens,2026-05-03T16:14:01Z,03-May-2026,09:14:01,0.34,1
Chestnut-backed Chickadee,Poecile rufescens,2026-05-03T16:13:23Z,03-May-2026,09:13:23,0.898,1
Bewick's Wren,Thryomanes bewickii,2026-05-03T16:12:47Z,03-May-2026,09:12:47,0.57,1
Bewick's Wren,Thryomanes bewickii,2026-05-03T16:12:16Z,03-May-2026,09:12:16,0.48,1
Bewick's Wren,Thryomanes bewickii,2026-05-03T16:12:05Z,03-May-2026,09:12:05,0.38,1
Bewick's Wren,Thryomanes bewickii,2026-05-03T16:11:52Z,03-May-2026,09:11:52,0.44,1
Bewick's Wren,Thryomanes bewickii,2026-05-03T16:11:45Z,03-May-2026,09:11:45,0.46,1
Bewick's Wren,Thryomanes bewickii,2026-05-03T16:10:52Z,03-May-2026,09:10:52,0.78,1
Bewick's Wren,Thryomanes bewickii,2026-05-03T16:10:46Z,03-May-2026,09:10:46,0.59,1
Chestnut-backed Chickadee,Poecile rufescens,2026-05-03T16:10:34Z,03-May-2026,09:10:34,0.9412,1
Bewick's Wren,Thryomanes bewickii,2026-05-03T16:10:24Z,03-May-2026,09:10:24,0.33,1
Bewick's Wren,Thryomanes bewickii,2026-05-03T16:09:13Z,03-May-2026,09:09:13,0.59,1
Bewick's Wren,Thryomanes bewickii,2026-05-03T16:08:35Z,03-May-2026,09:08:35,0.36,1
Bewick's Wren,Thryomanes bewickii,2026-05-03T16:08:28Z,03-May-2026,09:08:28,0.57,1
Bewick's Wren,Thryomanes bewickii,2026-05-03T16:08:17Z,03-May-2026,09:08:17,0.46,1
Mountain Chickadee,Poecile gambeli,2026-05-03T16:07:42Z,03-May-2026,09:07:42,0.38,1
Black-capped Chickadee,Poecile atricapillus,2026-05-03T16:07:32Z,03-May-2026,09:07:32,0.9176,5
Bewick's Wren,Thryomanes bewickii,2026-05-03T16:06:43Z,03-May-2026,09:06:43,0.28,1
Chestnut-backed Chickadee,Poecile rufescens,2026-05-03T16:06:36Z,03-May-2026,09:06:36,0.3,1
Chestnut-backed Chickadee,Poecile rufescens,2026-05-03T16:06:27Z,03-May-2026,09:06:27,0.949,4
Black-capped Chickadee,Poecile atricapillus,2026-05-03T16:06:06Z,03-May-2026,09:06:06,0.8627,6
Chestnut-backed Chickadee,Poecile rufescens,2026-05-03T16:05:58Z,03-May-2026,09:05:58,0.34,1
Black-capped Chickadee,Poecile atricapillus,2026-05-03T16:05:52Z,03-May-2026,09:05:52,0.48,1
Bushtit,Psaltriparus minimus,2026-05-03T16:05:21Z,03-May-2026,09:05:21,0.44,1
Chestnut-backed Chickadee,Poecile rufescens,2026-05-03T16:05:10Z,03-May-2026,09:05:10,0.949,1
Chestnut-backed Chickadee,Poecile rufescens,2026-05-03T16:05:07Z,03-May-2026,09:05:07,0.41,1
Black-capped Chickadee,Poecile atricapillus,2026-05-03T16:04:36Z,03-May-2026,09:04:36,0.9098,1
Bewick's Wren,Thryomanes bewickii,2026-05-03T16:04:07Z,03-May-2026,09:04:07,0.39,1
Black-capped Chickadee,Poecile atricapillus,2026-05-03T16:04:00Z,03-May-2026,09:04:00,0.33,1
Bushtit,Psaltriparus minimus,2026-05-03T16:03:38Z,03-May-2026,09:03:38,0.44,1
Bewick's Wren,Thryomanes bewickii,2026-05-03T16:03:19Z,03-May-2026,09:03:19,0.53,1
American Crow,Corvus brachyrhynchos,2026-05-03T16:03:09Z,03-May-2026,09:03:09,0.27,1
Chestnut-backed Chickadee,Poecile rufescens,2026-05-03T16:01:08Z,03-May-2026,09:01:08,0.8157,1
Bewick's Wren,Thryomanes bewickii,2026-05-03T16:01:01Z,03-May-2026,09:01:01,0.34,1
Bewick's Wren,Thryomanes bewickii,2026-05-03T16:00:54Z,03-May-2026,09:00:54,0.72,1
Bewick's Wren,Thryomanes bewickii,2026-05-03T15:59:52Z,03-May-2026,08:59:52,0.73,1
Bewick's Wren,Thryomanes bewickii,2026-05-03T15:59:45Z,03-May-2026,08:59:45,0.42,1
Bewick's Wren,Thryomanes bewickii,2026-05-03T15:59:40Z,03-May-2026,08:59:40,0.31,1
Bewick's Wren,Thryomanes bewickii,2026-05-03T15:59:09Z,03-May-2026,08:59:09,0.28,1
Bewick's Wren,Thryomanes bewickii,2026-05-03T15:58:19Z,03-May-2026,08:58:19,0.26,1
Bewick's Wren,Thryomanes bewickii,2026-05-03T15:56:09Z,03-May-2026,08:56:09,0.47,1
Bewick's Wren,Thryomanes bewickii,2026-05-03T15:56:02Z,03-May-2026,08:56:02,0.76,1
Bewick's Wren,Thryomanes bewickii,2026-05-03T15:55:35Z,03-May-2026,08:55:35,0.27,1
Bewick's Wren,Thryomanes bewickii,2026-05-03T15:55:28Z,03-May-2026,08:55:28,0.71,1
Bewick's Wren,Thryomanes bewickii,2026-05-03T15:55:21Z,03-May-2026,08:55:21,0.46,1
Bewick's Wren,Thryomanes bewickii,2026-05-03T15:55:11Z,03-May-2026,08:55:11,0.32,1
Bewick's Wren,Thryomanes bewickii,2026-05-03T15:54:38Z,03-May-2026,08:54:38,0.61,1
Bewick's Wren,Thryomanes bewickii,2026-05-03T15:53:54Z,03-May-2026,08:53:54,0.61,1
Bewick's Wren,Thryomanes bewickii,2026-05-03T15:53:45Z,03-May-2026,08:53:45,0.27,1
Bushtit,Psaltriparus minimus,2026-05-03T15:53:17Z,03-May-2026,08:53:17,0.27,1
Bewick's Wren,Thryomanes bewickii,2026-05-03T15:53:07Z,03-May-2026,08:53:07,0.46,1
Bewick's Wren,Thryomanes bewickii,2026-05-03T15:52:51Z,03-May-2026,08:52:51,0.27,1
Bewick's Wren,Thryomanes bewickii,2026-05-03T15:52:43Z,03-May-2026,08:52:43,0.48,1
Bewick's Wren,Thryomanes bewickii,2026-05-03T15:52:36Z,03-May-2026,08:52:36,0.58,1
Bewick's Wren,Thryomanes bewickii,2026-05-03T15:52:29Z,03-May-2026,08:52:29,0.38,1
American Robin,Turdus migratorius,2026-05-03T15:48:42Z,03-May-2026,08:48:42,0.898,2
House Finch,Haemorhous mexicanus,2026-05-03T15:46:41Z,03-May-2026,08:46:41,0.949,6
House Finch,Haemorhous mexicanus,2026-05-03T15:45:36Z,03-May-2026,08:45:36,0.28,1
House Finch,Haemorhous mexicanus,2026-05-03T15:45:31Z,03-May-2026,08:45:31,0.8863,1
American Robin,Turdus migratorius,2026-05-03T15:44:39Z,03-May-2026,08:44:39,0.28,1
American Robin,Turdus migratorius,2026-05-03T15:44:12Z,03-May-2026,08:44:12,0.8157,1
House Finch,Haemorhous mexicanus,2026-05-03T15:41:24Z,03-May-2026,08:41:24,0.8745,1
Bewick's Wren,Thryomanes bewickii,2026-05-03T15:39:59Z,03-May-2026,08:39:59,0.37,1
Mountain Chickadee,Poecile gambeli,2026-05-03T15:32:04Z,03-May-2026,08:32:04,0.28,1
Black-capped Chickadee,Poecile atricapillus,2026-05-03T15:31:17Z,03-May-2026,08:31:17,0.33,1
Black-capped Chickadee,Poecile atricapillus,2026-05-03T15:30:32Z,03-May-2026,08:30:32,0.28,1
White-crowned Sparrow,Zonotrichia leucophrys,2026-05-03T15:30:14Z,03-May-2026,08:30:14,0.5,1
House Finch,Haemorhous mexicanus,2026-05-03T15:29:40Z,03-May-2026,08:29:40,0.9412,1
Red-breasted Nuthatch,Sitta canadensis,2026-05-03T15:29:01Z,03-May-2026,08:29:01,0.3,1
House Finch,Haemorhous mexicanus,2026-05-03T15:28:07Z,03-May-2026,08:28:07,0.8471,4
Black-capped Chickadee,Poecile atricapillus,2026-05-03T15:27:03Z,03-May-2026,08:27:03,0.32,1
House Finch,Haemorhous mexicanus,2026-05-03T15:26:17Z,03-May-2026,08:26:17,0.8745,1
House Finch,Haemorhous mexicanus,2026-05-03T15:25:39Z,03-May-2026,08:25:39,0.52,1
American Robin,Turdus migratorius,2026-05-03T15:24:46Z,03-May-2026,08:24:46,0.29,1
House Finch,Haemorhous mexicanus,2026-05-03T15:22:55Z,03-May-2026,08:22:55,0.29,1
American Robin,Turdus migratorius,2026-05-03T15:19:46Z,03-May-2026,08:19:46,0.33,1
American Robin,Turdus migratorius,2026-05-03T15:19:18Z,03-May-2026,08:19:18,0.43,1
American Robin,Turdus migratorius,2026-05-03T15:19:09Z,03-May-2026,08:19:09,0.7804,3
House Finch,Haemorhous mexicanus,2026-05-03T15:17:40Z,03-May-2026,08:17:40,0.8745,2
House Finch,Haemorhous mexicanus,2026-05-03T15:16:04Z,03-May-2026,08:16:04,0.8627,1
Bewick's Wren,Thryomanes bewickii,2026-05-03T15:15:13Z,03-May-2026,08:15:13,0.38,1
American Robin,Turdus migratorius,2026-05-03T15:12:29Z,03-May-2026,08:12:29,0.78,1
American Robin,Turdus migratorius,2026-05-03T15:12:19Z,03-May-2026,08:12:19,0.74,1
American Robin,Turdus migratorius,2026-05-03T15:12:11Z,03-May-2026,08:12:11,0.39,1
American Robin,Turdus migratorius,2026-05-03T15:12:05Z,03-May-2026,08:12:05,0.898,2
Bewick's Wren,Thryomanes bewickii,2026-05-03T15:11:38Z,03-May-2026,08:11:38,0.37,1
American Robin,Turdus migratorius,2026-05-03T15:10:52Z,03-May-2026,08:10:52,0.7804,6
American Robin,Turdus migratorius,2026-05-03T15:09:59Z,03-May-2026,08:09:59,0.31,1
American Robin,Turdus migratorius,2026-05-03T15:09:46Z,03-May-2026,08:09:46,0.8863,11
American Robin,Turdus migratorius,2026-05-03T15:09:13Z,03-May-2026,08:09:13,0.5,1
American Robin,Turdus migratorius,2026-05-03T15:08:40Z,03-May-2026,08:08:40,0.9098,10
American Robin,Turdus migratorius,2026-05-03T15:08:30Z,03-May-2026,08:08:30,0.49,1
American Robin,Turdus migratorius,2026-05-03T15:07:38Z,03-May-2026,08:07:38,0.9255,8
American Robin,Turdus migratorius,2026-05-03T15:07:15Z,03-May-2026,08:07:15,0.58,1
Red-breasted Nuthatch,Sitta canadensis,2026-05-03T15:07:07Z,03-May-2026,08:07:07,0.31,1
Red-breasted Nuthatch,Sitta canadensis,2026-05-03T15:06:58Z,03-May-2026,08:06:58,0.3,1
American Robin,Turdus migratorius,2026-05-03T15:06:50Z,03-May-2026,08:06:50,0.58,1
American Robin,Turdus migratorius,2026-05-03T15:06:43Z,03-May-2026,08:06:43,0.79,1
American Robin,Turdus migratorius,2026-05-03T15:06:36Z,03-May-2026,08:06:36,0.8471,8
American Robin,Turdus migratorius,2026-05-03T15:06:25Z,03-May-2026,08:06:25,0.46,1
American Robin,Turdus migratorius,2026-05-03T15:06:07Z,03-May-2026,08:06:07,0.36,1
Steller's Jay,Cyanocitta stelleri,2026-05-03T15:05:59Z,03-May-2026,08:05:59,0.9569,1
American Robin,Turdus migratorius,2026-05-03T15:05:41Z,03-May-2026,08:05:41,0.64,1
American Robin,Turdus migratorius,2026-05-03T15:05:31Z,03-May-2026,08:05:31,0.38,1
American Robin,Turdus migratorius,2026-05-03T15:05:26Z,03-May-2026,08:05:26,0.898,7
American Robin,Turdus migratorius,2026-05-03T15:05:22Z,03-May-2026,08:05:22,0.76,1
American Robin,Turdus migratorius,2026-05-03T15:05:09Z,03-May-2026,08:05:09,0.62,1
Anna's Hummingbird,Calypte anna,2026-05-03T15:04:54Z,03-May-2026,08:04:54,0.8157,1
American Robin,Turdus migratorius,2026-05-03T15:04:43Z,03-May-2026,08:04:43,0.57,1
American Robin,Turdus migratorius,2026-05-03T15:04:21Z,03-May-2026,08:04:21,0.87,1
American Robin,Turdus migratorius,2026-05-03T15:04:13Z,03-May-2026,08:04:13,0.34,1
American Robin,Turdus migratorius,2026-05-03T15:04:08Z,03-May-2026,08:04:08,0.71,1
American Robin,Turdus migratorius,2026-05-03T15:03:57Z,03-May-2026,08:03:57,0.44,1
American Robin,Turdus migratorius,2026-05-03T15:03:47Z,03-May-2026,08:03:47,0.9412,1
American Robin,Turdus migratorius,2026-05-03T15:03:40Z,03-May-2026,08:03:40,0.34,1
American Robin,Turdus migratorius,2026-05-03T15:03:33Z,03-May-2026,08:03:33,0.28,1
Bewick's Wren,Thryomanes bewickii,2026-05-03T15:01:01Z,03-May-2026,08:01:01,0.46,1
Bewick's Wren,Thryomanes bewickii,2026-05-03T15:00:32Z,03-May-2026,08:00:32,0.48,1
House Finch,Haemorhous mexicanus,2026-05-03T14:59:38Z,03-May-2026,07:59:38,0.34,1
House Finch,Haemorhous mexicanus,2026-05-03T14:59:33Z,03-May-2026,07:59:33,0.8,2
Bewick's Wren,Thryomanes bewickii,2026-05-03T14:59:02Z,03-May-2026,07:59:02,0.58,1
Bewick's Wren,Thryomanes bewickii,2026-05-03T14:57:38Z,03-May-2026,07:57:38,0.85,1
American Robin,Turdus migratorius,2026-05-03T14:57:30Z,03-May-2026,07:57:30,0.8627,1
American Robin,Turdus migratorius,2026-05-03T14:56:37Z,03-May-2026,07:56:37,0.32,1
Bewick's Wren,Thryomanes bewickii,2026-05-03T14:55:44Z,03-May-2026,07:55:44,0.53,1
Bewick's Wren,Thryomanes bewickii,2026-05-03T14:55:23Z,03-May-2026,07:55:23,0.36,1
Bewick's Wren,Thryomanes bewickii,2026-05-03T14:54:43Z,03-May-2026,07:54:43,0.34,1
House Finch,Haemorhous mexicanus,2026-05-03T14:54:38Z,03-May-2026,07:54:38,0.8,7
House Finch,Haemorhous mexicanus,2026-05-03T14:53:37Z,03-May-2026,07:53:37,0.8157,1
House Finch,Haemorhous mexicanus,2026-05-03T14:53:17Z,03-May-2026,07:53:17,0.59,1
House Finch,Haemorhous mexicanus,2026-05-03T14:52:31Z,03-May-2026,07:52:31,0.8157,4
Black-capped Chickadee,Poecile atricapillus,2026-05-03T14:51:56Z,03-May-2026,07:51:56,0.8471,1
House Finch,Haemorhous mexicanus,2026-05-03T14:50:57Z,03-May-2026,07:50:57,0.77,1
House Finch,Haemorhous mexicanus,2026-05-03T14:50:16Z,03-May-2026,07:50:16,0.34,1
House Finch,Haemorhous mexicanus,2026-05-03T14:50:05Z,03-May-2026,07:50:05,0.8627,1
Black-headed Grosbeak,Pheucticus melanocephalus,2026-05-03T14:50:01Z,03-May-2026,07:50:01,0.27,1
House Finch,Haemorhous mexicanus,2026-05-03T14:49:28Z,03-May-2026,07:49:28,0.29,1
House Finch,Haemorhous mexicanus,2026-05-03T14:49:04Z,03-May-2026,07:49:04,0.8745,3
House Finch,Haemorhous mexicanus,2026-05-03T14:49:00Z,03-May-2026,07:49:00,0.57,1
American Robin,Turdus migratorius,2026-05-03T14:48:17Z,03-May-2026,07:48:17,0.29,1
White-crowned Sparrow,Zonotrichia leucophrys,2026-05-03T14:47:49Z,03-May-2026,07:47:49,0.32,1
House Finch,Haemorhous mexicanus,2026-05-03T14:47:41Z,03-May-2026,07:47:41,0.26,1
House Finch,Haemorhous mexicanus,2026-05-03T14:47:14Z,03-May-2026,07:47:14,0.8627,7
House Finch,Haemorhous mexicanus,2026-05-03T14:46:13Z,03-May-2026,07:46:13,0.7804,1
American Robin,Turdus migratorius,2026-05-03T14:46:08Z,03-May-2026,07:46:08,0.8157,5
American Robin,Turdus migratorius,2026-05-03T14:44:44Z,03-May-2026,07:44:44,0.8745,5
American Robin,Turdus migratorius,2026-05-03T14:43:39Z,03-May-2026,07:43:39,0.8863,1
House Finch,Haemorhous mexicanus,2026-05-03T14:43:18Z,03-May-2026,07:43:18,0.77,1
House Finch,Haemorhous mexicanus,2026-05-03T14:43:14Z,03-May-2026,07:43:14,0.7804,3
House Finch,Haemorhous mexicanus,2026-05-03T14:41:19Z,03-May-2026,07:41:19,0.31,1
American Robin,Turdus migratorius,2026-05-03T14:40:25Z,03-May-2026,07:40:25,0.8,1
House Finch,Haemorhous mexicanus,2026-05-03T14:40:17Z,03-May-2026,07:40:17,0.43,1
House Finch,Haemorhous mexicanus,2026-05-03T14:40:02Z,03-May-2026,07:40:02,0.8627,1
American Robin,Turdus migratorius,2026-05-03T14:39:12Z,03-May-2026,07:39:12,0.8627,3
American Robin,Turdus migratorius,2026-05-03T14:38:11Z,03-May-2026,07:38:11,0.8,1
House Finch,Haemorhous mexicanus,2026-05-03T14:37:10Z,03-May-2026,07:37:10,0.8157,1
Rock Pigeon,Columba livia,2026-05-03T14:36:56Z,03-May-2026,07:36:56,0.54,1
Black-capped Chickadee,Poecile atricapillus,2026-05-03T14:36:22Z,03-May-2026,07:36:22,0.8471,1
Bewick's Wren,Thryomanes bewickii,2026-05-03T14:35:57Z,03-May-2026,07:35:57,0.59,1
Bewick's Wren,Thryomanes bewickii,2026-05-03T14:35:47Z,03-May-2026,07:35:47,0.83,1
Bewick's Wren,Thryomanes bewickii,2026-05-03T14:35:40Z,03-May-2026,07:35:40,0.35,1
Bewick's Wren,Thryomanes bewickii,2026-05-03T14:35:32Z,03-May-2026,07:35:32,0.5,1
Bewick's Wren,Thryomanes bewickii,2026-05-03T14:35:25Z,03-May-2026,07:35:25,0.47,1
Bewick's Wren,Thryomanes bewickii,2026-05-03T14:35:18Z,03-May-2026,07:35:18,0.78,1
Bewick's Wren,Thryomanes bewickii,2026-05-03T14:34:55Z,03-May-2026,07:34:55,0.3,1
Bewick's Wren,Thryomanes bewickii,2026-05-03T14:34:47Z,03-May-2026,07:34:47,0.55,1
Bewick's Wren,Thryomanes bewickii,2026-05-03T14:33:51Z,03-May-2026,07:33:51,0.28,1
Bewick's Wren,Thryomanes bewickii,2026-05-03T14:33:41Z,03-May-2026,07:33:41,0.46,1
Bewick's Wren,Thryomanes bewickii,2026-05-03T14:33:01Z,03-May-2026,07:33:01,0.79,1
Bewick's Wren,Thryomanes bewickii,2026-05-03T14:32:38Z,03-May-2026,07:32:38,0.45,1
Bewick's Wren,Thryomanes bewickii,2026-05-03T14:32:15Z,03-May-2026,07:32:15,0.75,1
Bewick's Wren,Thryomanes bewickii,2026-05-03T14:32:08Z,03-May-2026,07:32:08,0.6,1
Bewick's Wren,Thryomanes bewickii,2026-05-03T14:31:47Z,03-May-2026,07:31:47,0.35,1
Bewick's Wren,Thryomanes bewickii,2026-05-03T14:31:41Z,03-May-2026,07:31:41,0.41,1
House Finch,Haemorhous mexicanus,2026-05-03T14:29:30Z,03-May-2026,07:29:30,0.55,1
House Finch,Haemorhous mexicanus,2026-05-03T14:28:30Z,03-May-2026,07:28:30,0.7804,3
House Finch,Haemorhous mexicanus,2026-05-03T14:27:31Z,03-May-2026,07:27:31,0.53,1
House Finch,Haemorhous mexicanus,2026-05-03T14:27:03Z,03-May-2026,07:27:03,0.8745,1
Bewick's Wren,Thryomanes bewickii,2026-05-03T14:26:05Z,03-May-2026,07:26:05,0.38,1
Bewick's Wren,Thryomanes bewickii,2026-05-03T14:25:42Z,03-May-2026,07:25:42,0.38,1
House Finch,Haemorhous mexicanus,2026-05-03T14:25:34Z,03-May-2026,07:25:34,0.8157,1
House Finch,Haemorhous mexicanus,2026-05-03T14:25:30Z,03-May-2026,07:25:30,0.62,1
Anna's Hummingbird,Calypte anna,2026-05-03T14:25:25Z,03-May-2026,07:25:25,0.34,1
Bewick's Wren,Thryomanes bewickii,2026-05-03T14:25:12Z,03-May-2026,07:25:12,0.75,1
Bewick's Wren,Thryomanes bewickii,2026-05-03T14:25:05Z,03-May-2026,07:25:05,0.55,1
Bewick's Wren,Thryomanes bewickii,2026-05-03T14:24:52Z,03-May-2026,07:24:52,0.89,1
Bewick's Wren,Thryomanes bewickii,2026-05-03T14:24:45Z,03-May-2026,07:24:45,0.49,1
House Finch,Haemorhous mexicanus,2026-05-03T14:24:36Z,03-May-2026,07:24:36,0.44,1
House Finch,Haemorhous mexicanus,2026-05-03T14:24:29Z,03-May-2026,07:24:29,0.8471,4
Anna's Hummingbird,Calypte anna,2026-05-03T14:24:22Z,03-May-2026,07:24:22,0.8627,1
Bewick's Wren,Thryomanes bewickii,2026-05-03T14:23:48Z,03-May-2026,07:23:48,0.66,1
House Finch,Haemorhous mexicanus,2026-05-03T14:23:28Z,03-May-2026,07:23:28,0.8745,2
Bewick's Wren,Thryomanes bewickii,2026-05-03T14:23:06Z,03-May-2026,07:23:06,0.3,1
Bewick's Wren,Thryomanes bewickii,2026-05-03T14:22:49Z,03-May-2026,07:22:49,0.27,1
Bewick's Wren,Thryomanes bewickii,2026-05-03T14:22:34Z,03-May-2026,07:22:34,0.82,1
House Finch,Haemorhous mexicanus,2026-05-03T14:22:08Z,03-May-2026,07:22:08,0.8745,4
Bewick's Wren,Thryomanes bewickii,2026-05-03T14:21:55Z,03-May-2026,07:21:55,0.42,1
Bewick's Wren,Thryomanes bewickii,2026-05-03T14:21:47Z,03-May-2026,07:21:47,0.68,1
Bewick's Wren,Thryomanes bewickii,2026-05-03T14:21:37Z,03-May-2026,07:21:37,0.67,1
Bewick's Wren,Thryomanes bewickii,2026-05-03T14:21:13Z,03-May-2026,07:21:13,0.4,1
Bewick's Wren,Thryomanes bewickii,2026-05-03T14:21:03Z,03-May-2026,07:21:03,0.73,1
Bewick's Wren,Thryomanes bewickii,2026-05-03T14:20:56Z,03-May-2026,07:20:56,0.5,1
Bewick's Wren,Thryomanes bewickii,2026-05-03T14:20:46Z,03-May-2026,07:20:46,0.29,1
House Finch,Haemorhous mexicanus,2026-05-03T14:20:34Z,03-May-2026,07:20:34,0.8,1
Bewick's Wren,Thryomanes bewickii,2026-05-03T14:20:20Z,03-May-2026,07:20:20,0.55,1
Bewick's Wren,Thryomanes bewickii,2026-05-03T14:18:17Z,03-May-2026,07:18:17,0.43,1
Bewick's Wren,Thryomanes bewickii,2026-05-03T14:17:46Z,03-May-2026,07:17:46,0.44,1
Black-capped Chickadee,Poecile atricapillus,2026-05-03T14:16:04Z,03-May-2026,07:16:04,0.47,1
Bewick's Wren,Thryomanes bewickii,2026-05-03T14:14:24Z,03-May-2026,07:14:24,0.62,1
Bewick's Wren,Thryomanes bewickii,2026-05-03T14:13:49Z,03-May-2026,07:13:49,0.55,1
Bewick's Wren,Thryomanes bewickii,2026-05-03T14:13:39Z,03-May-2026,07:13:39,0.51,1
Bewick's Wren,Thryomanes bewickii,2026-05-03T14:13:10Z,03-May-2026,07:13:10,0.43,1
Bewick's Wren,Thryomanes bewickii,2026-05-03T14:12:55Z,03-May-2026,07:12:55,0.7,1
Bewick's Wren,Thryomanes bewickii,2026-05-03T14:12:47Z,03-May-2026,07:12:47,0.26,1
Bewick's Wren,Thryomanes bewickii,2026-05-03T14:12:40Z,03-May-2026,07:12:40,0.28,1
Bewick's Wren,Thryomanes bewickii,2026-05-03T14:12:26Z,03-May-2026,07:12:26,0.93,1
Bewick's Wren,Thryomanes bewickii,2026-05-03T14:12:10Z,03-May-2026,07:12:10,0.38,1
American Robin,Turdus migratorius,2026-05-03T14:11:13Z,03-May-2026,07:11:13,0.8157,1
Chestnut-backed Chickadee,Poecile rufescens,2026-05-03T14:08:17Z,03-May-2026,07:08:17,0.949,10
Chestnut-backed Chickadee,Poecile rufescens,2026-05-03T14:07:40Z,03-May-2026,07:07:40,0.38,1
Chestnut-backed Chickadee,Poecile rufescens,2026-05-03T14:07:05Z,03-May-2026,07:07:05,0.9647,2
Bewick's Wren,Thryomanes bewickii,2026-05-03T14:05:48Z,03-May-2026,07:05:48,0.52,1
Chestnut-backed Chickadee,Poecile rufescens,2026-05-03T14:05:30Z,03-May-2026,07:05:30,0.37,1
Bewick's Wren,Thryomanes bewickii,2026-05-03T14:05:24Z,03-May-2026,07:05:24,0.67,1
Chestnut-backed Chickadee,Poecile rufescens,2026-05-03T14:05:12Z,03-May-2026,07:05:12,0.9686,4
Chestnut-backed Chickadee,Poecile rufescens,2026-05-03T14:05:07Z,03-May-2026,07:05:07,0.33,1
American Crow,Corvus brachyrhynchos,2026-05-03T14:04:45Z,03-May-2026,07:04:45,0.7804,1
Black-capped Chickadee,Poecile atricapillus,2026-05-03T14:04:20Z,03-May-2026,07:04:20,0.46,1
Black-capped Chickadee,Poecile atricapillus,2026-05-03T14:04:12Z,03-May-2026,07:04:12,0.26,1
House Finch,Haemorhous mexicanus,2026-05-03T14:04:05Z,03-May-2026,07:04:05,0.36,1
House Finch,Haemorhous mexicanus,2026-05-03T14:04:01Z,03-May-2026,07:04:01,0.8745,1
Black-capped Chickadee,Poecile atricapillus,2026-05-03T14:02:43Z,03-May-2026,07:02:43,0.48,1
Golden-crowned Sparrow,Zonotrichia atricapilla,2026-05-03T14:02:36Z,03-May-2026,07:02:36,0.4,1
Chestnut-backed Chickadee,Poecile rufescens,2026-05-03T14:02:13Z,03-May-2026,07:02:13,0.32,1
Black-capped Chickadee,Poecile atricapillus,2026-05-03T14:02:06Z,03-May-2026,07:02:06,0.29,1
Varied Thrush,Ixoreus naevius,2026-05-03T14:01:52Z,03-May-2026,07:01:52,0.27,1
Chestnut-backed Chickadee,Poecile rufescens,2026-05-03T14:01:29Z,03-May-2026,07:01:29,0.9333,1
Black-capped Chickadee,Poecile atricapillus,2026-05-03T14:01:23Z,03-May-2026,07:01:23,0.27,1
Black-capped Chickadee,Poecile atricapillus,2026-05-03T14:01:08Z,03-May-2026,07:01:08,0.3,1
Black-capped Chickadee,Poecile atricapillus,2026-05-03T13:59:22Z,03-May-2026,06:59:22,0.37,1
Black-capped Chickadee,Poecile atricapillus,2026-05-03T13:59:07Z,03-May-2026,06:59:07,0.34,1
Chestnut-backed Chickadee,Poecile rufescens,2026-05-03T13:58:47Z,03-May-2026,06:58:47,0.8,3
Black-capped Chickadee,Poecile atricapillus,2026-05-03T13:55:41Z,03-May-2026,06:55:41,0.8,1
House Finch,Haemorhous mexicanus,2026-05-03T13:55:22Z,03-May-2026,06:55:22,0.27,1
Black-capped Chickadee,Poecile atricapillus,2026-05-03T13:54:48Z,03-May-2026,06:54:48,0.34,1
White-crowned Sparrow,Zonotrichia leucophrys,2026-05-03T13:54:41Z,03-May-2026,06:54:41,0.63,1
Chestnut-backed Chickadee,Poecile rufescens,2026-05-03T13:53:28Z,03-May-2026,06:53:28,0.33,1
Black-capped Chickadee,Poecile atricapillus,2026-05-03T13:53:18Z,03-May-2026,06:53:18,0.36,1
Chestnut-backed Chickadee,Poecile rufescens,2026-05-03T13:52:52Z,03-May-2026,06:52:52,0.57,1
Chestnut-backed Chickadee,Poecile rufescens,2026-05-03T13:52:47Z,03-May-2026,06:52:47,0.898,1
Anna's Hummingbird,Calypte anna,2026-05-03T13:52:43Z,03-May-2026,06:52:43,0.8745,2
Anna's Hummingbird,Calypte anna,2026-05-03T13:52:39Z,03-May-2026,06:52:39,0.26,1
Black-capped Chickadee,Poecile atricapillus,2026-05-03T13:52:04Z,03-May-2026,06:52:04,0.37,1
Black-capped Chickadee,Poecile atricapillus,2026-05-03T13:51:42Z,03-May-2026,06:51:42,0.29,1
Chestnut-backed Chickadee,Poecile rufescens,2026-05-03T13:51:38Z,03-May-2026,06:51:38,0.9686,1
American Robin,Turdus migratorius,2026-05-03T13:51:32Z,03-May-2026,06:51:32,0.3,1
Anna's Hummingbird,Calypte anna,2026-05-03T13:50:55Z,03-May-2026,06:50:55,0.9922,1
American Robin,Turdus migratorius,2026-05-03T13:50:43Z,03-May-2026,06:50:43,0.8157,1
White-crowned Sparrow,Zonotrichia leucophrys,2026-05-03T13:50:31Z,03-May-2026,06:50:31,0.37,1
Black-capped Chickadee,Poecile atricapillus,2026-05-03T13:50:24Z,03-May-2026,06:50:24,0.35,1
American Robin,Turdus migratorius,2026-05-03T13:49:33Z,03-May-2026,06:49:33,0.3,1
House Finch,Haemorhous mexicanus,2026-05-03T13:47:23Z,03-May-2026,06:47:23,0.8,2
House Finch,Haemorhous mexicanus,2026-05-03T13:45:23Z,03-May-2026,06:45:23,0.8314,3
Chestnut-backed Chickadee,Poecile rufescens,2026-05-03T13:44:55Z,03-May-2026,06:44:55,0.898,1
Chestnut-backed Chickadee,Poecile rufescens,2026-05-03T13:44:49Z,03-May-2026,06:44:49,0.49,1
Anna's Hummingbird,Calypte anna,2026-05-03T13:44:42Z,03-May-2026,06:44:42,0.4,1
Chestnut-backed Chickadee,Poecile rufescens,2026-05-03T13:44:20Z,03-May-2026,06:44:20,0.44,1
House Finch,Haemorhous mexicanus,2026-05-03T13:43:24Z,03-May-2026,06:43:24,0.32,1
House Finch,Haemorhous mexicanus,2026-05-03T13:43:11Z,03-May-2026,06:43:11,0.44,1
House Finch,Haemorhous mexicanus,2026-05-03T13:42:58Z,03-May-2026,06:42:58,0.9255,5
House Finch,Haemorhous mexicanus,2026-05-03T13:42:44Z,03-May-2026,06:42:44,0.82,1
House Finch,Haemorhous mexicanus,2026-05-03T13:41:50Z,03-May-2026,06:41:50,0.8157,2
Chestnut-backed Chickadee,Poecile rufescens,2026-05-03T13:41:46Z,03-May-2026,06:41:46,0.8627,1
American Crow,Corvus brachyrhynchos,2026-05-03T13:41:34Z,03-May-2026,06:41:34,0.8,1
House Finch,Haemorhous mexicanus,2026-05-03T13:40:29Z,03-May-2026,06:40:29,0.9255,3
Chestnut-backed Chickadee,Poecile rufescens,2026-05-03T13:40:09Z,03-May-2026,06:40:09,0.26,1
House Finch,Haemorhous mexicanus,2026-05-03T13:39:55Z,03-May-2026,06:39:55,0.62,1
House Finch,Haemorhous mexicanus,2026-05-03T13:39:20Z,03-May-2026,06:39:20,0.9098,1
American Robin,Turdus migratorius,2026-05-03T13:39:06Z,03-May-2026,06:39:06,0.26,1
Chestnut-backed Chickadee,Poecile rufescens,2026-05-03T13:37:47Z,03-May-2026,06:37:47,0.42,1
Anna's Hummingbird,Calypte anna,2026-05-03T13:35:37Z,03-May-2026,06:35:37,0.9569,1
Bewick's Wren,Thryomanes bewickii,2026-05-03T13:35:01Z,03-May-2026,06:35:01,0.57,1
Bewick's Wren,Thryomanes bewickii,2026-05-03T13:34:53Z,03-May-2026,06:34:53,0.3,1
Steller's Jay,Cyanocitta stelleri,2026-05-03T13:32:46Z,03-May-2026,06:32:46,0.7804,1
Steller's Jay,Cyanocitta stelleri,2026-05-03T13:31:46Z,03-May-2026,06:31:46,0.64,1
Bewick's Wren,Thryomanes bewickii,2026-05-03T13:31:40Z,03-May-2026,06:31:40,0.28,1
Bewick's Wren,Thryomanes bewickii,2026-05-03T13:30:15Z,03-May-2026,06:30:15,0.27,1
Bewick's Wren,Thryomanes bewickii,2026-05-03T13:30:08Z,03-May-2026,06:30:08,0.64,1
American Robin,Turdus migratorius,2026-05-03T13:28:03Z,03-May-2026,06:28:03,0.8627,1
Black-capped Chickadee,Poecile atricapillus,2026-05-03T13:26:28Z,03-May-2026,06:26:28,0.8314,1
Black-capped Chickadee,Poecile atricapillus,2026-05-03T13:26:13Z,03-May-2026,06:26:13,0.49,1
Black-capped Chickadee,Poecile atricapillus,2026-05-03T13:24:23Z,03-May-2026,06:24:23,0.7804,2
Anna's Hummingbird,Calypte anna,2026-05-03T13:23:36Z,03-May-2026,06:23:36,0.8157,1
Chestnut-backed Chickadee,Poecile rufescens,2026-05-03T13:22:27Z,03-May-2026,06:22:27,0.898,2
Chestnut-backed Chickadee,Poecile rufescens,2026-05-03T13:21:11Z,03-May-2026,06:21:11,0.898,4
Black-capped Chickadee,Poecile atricapillus,2026-05-03T13:20:43Z,03-May-2026,06:20:43,0.8745,1
Chestnut-backed Chickadee,Poecile rufescens,2026-05-03T13:20:14Z,03-May-2026,06:20:14,0.58,1
Chestnut-backed Chickadee,Poecile rufescens,2026-05-03T13:19:46Z,03-May-2026,06:19:46,0.7804,1
Black-capped Chickadee,Poecile atricapillus,2026-05-03T13:17:18Z,03-May-2026,06:17:18,0.9333,1
Black-capped Chickadee,Poecile atricapillus,2026-05-03T13:17:10Z,03-May-2026,06:17:10,0.75,1
Black-capped Chickadee,Poecile atricapillus,2026-05-03T13:17:02Z,03-May-2026,06:17:02,0.48,1
House Finch,Haemorhous mexicanus,2026-05-03T13:14:54Z,03-May-2026,06:14:54,0.51,1
House Finch,Haemorhous mexicanus,2026-05-03T13:14:44Z,03-May-2026,06:14:44,0.8745,1
House Finch,Haemorhous mexicanus,2026-05-03T13:14:23Z,03-May-2026,06:14:23,0.49,1
Anna's Hummingbird,Calypte anna,2026-05-03T13:12:46Z,03-May-2026,06:12:46,0.8157,1
Warbling Vireo,Vireo gilvus,2026-05-03T13:11:38Z,03-May-2026,06:11:38,0.32,1
Warbling Vireo,Vireo gilvus,2026-05-03T13:09:56Z,03-May-2026,06:09:56,0.38,1
Chestnut-backed Chickadee,Poecile rufescens,2026-05-03T13:08:10Z,03-May-2026,06:08:10,0.9412,5
Anna's Hummingbird,Calypte anna,2026-05-03T13:06:51Z,03-May-2026,06:06:51,0.48,1
Chestnut-backed Chickadee,Poecile rufescens,2026-05-03T13:05:16Z,03-May-2026,06:05:16,0.38,1
Chestnut-backed Chickadee,Poecile rufescens,2026-05-03T13:05:02Z,03-May-2026,06:05:02,0.8745,2
Chestnut-backed Chickadee,Poecile rufescens,2026-05-03T13:03:53Z,03-May-2026,06:03:53,0.7804,3
House Finch,Haemorhous mexicanus,2026-05-03T13:02:47Z,03-May-2026,06:02:47,0.26,1
Chestnut-backed Chickadee,Poecile rufescens,2026-05-03T13:02:01Z,03-May-2026,06:02:01,0.41,1
Chestnut-backed Chickadee,Poecile rufescens,2026-05-03T13:01:46Z,03-May-2026,06:01:46,0.898,3
Chestnut-backed Chickadee,Poecile rufescens,2026-05-03T13:01:28Z,03-May-2026,06:01:28,0.43,1
Chestnut-backed Chickadee,Poecile rufescens,2026-05-03T13:00:52Z,03-May-2026,06:00:52,0.29,1
Chestnut-backed Chickadee,Poecile rufescens,2026-05-03T13:00:33Z,03-May-2026,06:00:33,0.9843,1
Chestnut-backed Chickadee,Poecile rufescens,2026-05-03T13:00:19Z,03-May-2026,06:00:19,0.27,1
Chestnut-backed Chickadee,Poecile rufescens,2026-05-03T12:58:49Z,03-May-2026,05:58:49,0.8627,1
Black-capped Chickadee,Poecile atricapillus,2026-05-03T12:57:30Z,03-May-2026,05:57:30,0.46,1
Black-capped Chickadee,Poecile atricapillus,2026-05-03T12:56:29Z,03-May-2026,05:56:29,0.9098,1
Black-capped Chickadee,Poecile atricapillus,2026-05-03T12:55:58Z,03-May-2026,05:55:58,0.47,1
White-throated Sparrow,Zonotrichia albicollis,2026-05-03T12:55:41Z,03-May-2026,05:55:41,0.32,1
White-throated Sparrow,Zonotrichia albicollis,2026-05-03T12:55:27Z,03-May-2026,05:55:27,0.5,1
Black-capped Chickadee,Poecile atricapillus,2026-05-03T12:54:22Z,03-May-2026,05:54:22,0.8,1
Black-capped Chickadee,Poecile atricapillus,2026-05-03T12:53:59Z,03-May-2026,05:53:59,0.52,1
Black-capped Chickadee,Poecile atricapillus,2026-05-03T12:53:52Z,03-May-2026,05:53:52,0.39,1
Black-capped Chickadee,Poecile atricapillus,2026-05-03T12:53:03Z,03-May-2026,05:53:03,0.8314,1
Black-capped Chickadee,Poecile atricapillus,2026-05-03T12:52:27Z,03-May-2026,05:52:27,0.34,1
Black-capped Chickadee,Poecile atricapillus,2026-05-03T12:52:19Z,03-May-2026,05:52:19,0.37,1
Black-capped Chickadee,Poecile atricapillus,2026-05-03T12:50:04Z,03-May-2026,05:50:04,0.8627,1
White-crowned Sparrow,Zonotrichia leucophrys,2026-05-03T12:48:49Z,03-May-2026,05:48:49,0.27,1
House Finch,Haemorhous mexicanus,2026-05-03T12:48:06Z,03-May-2026,05:48:06,0.8157,1
Red-breasted Nuthatch,Sitta canadensis,2026-05-03T12:46:30Z,03-May-2026,05:46:30,0.69,1
Black-capped Chickadee,Poecile atricapillus,2026-05-03T12:46:01Z,03-May-2026,05:46:01,0.8627,2
White-crowned Sparrow,Zonotrichia leucophrys,2026-05-03T12:45:33Z,03-May-2026,05:45:33,0.27,1
Red-breasted Nuthatch,Sitta canadensis,2026-05-03T12:45:25Z,03-May-2026,05:45:25,0.88,1
Black-capped Chickadee,Poecile atricapillus,2026-05-03T12:44:57Z,03-May-2026,05:44:57,0.34,1
Black-capped Chickadee,Poecile atricapillus,2026-05-03T12:44:48Z,03-May-2026,05:44:48,0.27,1
Black-capped Chickadee,Poecile atricapillus,2026-05-03T12:44:05Z,03-May-2026,05:44:05,0.8314,1
Black-capped Chickadee,Poecile atricapillus,2026-05-03T12:43:58Z,03-May-2026,05:43:58,0.43,1
Mountain Chickadee,Poecile gambeli,2026-05-03T12:43:03Z,03-May-2026,05:43:03,0.28,1
Black-capped Chickadee,Poecile atricapillus,2026-05-03T12:42:33Z,03-May-2026,05:42:33,0.29,1
Black-capped Chickadee,Poecile atricapillus,2026-05-03T12:41:45Z,03-May-2026,05:41:45,0.26,1
Black-capped Chickadee,Poecile atricapillus,2026-05-03T12:39:07Z,03-May-2026,05:39:07,0.32,1
Black-capped Chickadee,Poecile atricapillus,2026-05-03T12:38:47Z,03-May-2026,05:38:47,0.8157,2
White-crowned Sparrow,Zonotrichia leucophrys,2026-05-03T12:38:43Z,03-May-2026,05:38:43,0.31,1
Black-capped Chickadee,Poecile atricapillus,2026-05-03T12:38:18Z,03-May-2026,05:38:18,0.35,1
Black-capped Chickadee,Poecile atricapillus,2026-05-03T12:37:39Z,03-May-2026,05:37:39,0.7,1
Black-capped Chickadee,Poecile atricapillus,2026-05-03T12:37:35Z,03-May-2026,05:37:35,0.8157,1
White-throated Sparrow,Zonotrichia albicollis,2026-05-03T12:37:30Z,03-May-2026,05:37:30,0.55,1
Black-capped Chickadee,Poecile atricapillus,2026-05-03T12:37:23Z,03-May-2026,05:37:23,0.57,1
White-throated Sparrow,Zonotrichia albicollis,2026-05-03T12:37:15Z,03-May-2026,05:37:15,0.32,1
Black-capped Chickadee,Poecile atricapillus,2026-05-03T12:37:08Z,03-May-2026,05:37:08,0.53,1
Black-capped Chickadee,Poecile atricapillus,2026-05-03T12:36:31Z,03-May-2026,05:36:31,0.34,1
Black-capped Chickadee,Poecile atricapillus,2026-05-03T12:36:16Z,03-May-2026,05:36:16,0.4,1
Black-capped Chickadee,Poecile atricapillus,2026-05-03T12:36:10Z,03-May-2026,05:36:10,0.8314,1
Black-capped Chickadee,Poecile atricapillus,2026-05-03T12:36:06Z,03-May-2026,05:36:06,0.39,1
Black-capped Chickadee,Poecile atricapillus,2026-05-03T12:36:00Z,03-May-2026,05:36:00,0.54,1
White-throated Sparrow,Zonotrichia albicollis,2026-05-03T12:35:46Z,03-May-2026,05:35:46,0.3,1
Black-capped Chickadee,Poecile atricapillus,2026-05-03T12:35:38Z,03-May-2026,05:35:38,0.45,1
Black-capped Chickadee,Poecile atricapillus,2026-05-03T12:35:16Z,03-May-2026,05:35:16,0.46,1
Black-capped Chickadee,Poecile atricapillus,2026-05-03T12:35:09Z,03-May-2026,05:35:09,0.38,1
White-throated Sparrow,Zonotrichia albicollis,2026-05-03T12:35:02Z,03-May-2026,05:35:02,0.33,1
Black-capped Chickadee,Poecile atricapillus,2026-05-03T12:34:23Z,03-May-2026,05:34:23,0.34,1
Black-capped Chickadee,Poecile atricapillus,2026-05-03T12:34:09Z,03-May-2026,05:34:09,0.26,1
Black-capped Chickadee,Poecile atricapillus,2026-05-03T12:33:14Z,03-May-2026,05:33:14,0.9647,1
Black-capped Chickadee,Poecile atricapillus,2026-05-03T12:33:10Z,03-May-2026,05:33:10,0.33,1
Black-capped Chickadee,Poecile atricapillus,2026-05-03T12:32:31Z,03-May-2026,05:32:31,0.65,1
Black-capped Chickadee,Poecile atricapillus,2026-05-03T12:32:16Z,03-May-2026,05:32:16,0.42,1
Black-capped Chickadee,Poecile atricapillus,2026-05-03T12:32:09Z,03-May-2026,05:32:09,0.49,1
Black-capped Chickadee,Poecile atricapillus,2026-05-03T12:31:58Z,03-May-2026,05:31:58,0.51,1
Black-capped Chickadee,Poecile atricapillus,2026-05-03T12:31:47Z,03-May-2026,05:31:47,0.29,1
Black-capped Chickadee,Poecile atricapillus,2026-05-03T12:31:25Z,03-May-2026,05:31:25,0.81,1
Black-capped Chickadee,Poecile atricapillus,2026-05-03T12:31:17Z,03-May-2026,05:31:17,0.37,1
Black-capped Chickadee,Poecile atricapillus,2026-05-03T12:31:03Z,03-May-2026,05:31:03,0.74,1
Black-capped Chickadee,Poecile atricapillus,2026-05-03T12:30:55Z,03-May-2026,05:30:55,0.57,1
Black-capped Chickadee,Poecile atricapillus,2026-05-03T12:30:49Z,03-May-2026,05:30:49,0.43,1
Black-capped Chickadee,Poecile atricapillus,2026-05-03T12:30:42Z,03-May-2026,05:30:42,0.3,1
White-throated Sparrow,Zonotrichia albicollis,2026-05-03T12:30:34Z,03-May-2026,05:30:34,0.65,1
Black-capped Chickadee,Poecile atricapillus,2026-05-03T12:30:26Z,03-May-2026,05:30:26,0.71,1
Black-capped Chickadee,Poecile atricapillus,2026-05-03T12:30:18Z,03-May-2026,05:30:18,0.55,1
White-throated Sparrow,Zonotrichia albicollis,2026-05-03T12:30:12Z,03-May-2026,05:30:12,0.4,1
Black-capped Chickadee,Poecile atricapillus,2026-05-03T12:30:04Z,03-May-2026,05:30:04,0.54,1
Black-capped Chickadee,Poecile atricapillus,2026-05-03T12:29:57Z,03-May-2026,05:29:57,0.83,1
Black-capped Chickadee,Poecile atricapillus,2026-05-03T12:29:43Z,03-May-2026,05:29:43,0.84,1
White-throated Sparrow,Zonotrichia albicollis,2026-05-03T12:29:29Z,03-May-2026,05:29:29,0.32,1
White-crowned Sparrow,Zonotrichia leucophrys,2026-05-03T12:29:15Z,03-May-2026,05:29:15,0.36,1
White-throated Sparrow,Zonotrichia albicollis,2026-05-03T12:29:07Z,03-May-2026,05:29:07,0.67,1
White-throated Sparrow,Zonotrichia albicollis,2026-05-03T12:29:00Z,03-May-2026,05:29:00,0.39,1
White-throated Sparrow,Zonotrichia albicollis,2026-05-03T12:28:54Z,03-May-2026,05:28:54,0.58,1
Black-capped Chickadee,Poecile atricapillus,2026-05-03T12:28:44Z,03-May-2026,05:28:44,0.5,1
White-throated Sparrow,Zonotrichia albicollis,2026-05-03T12:28:29Z,03-May-2026,05:28:29,0.27,1
White-throated Sparrow,Zonotrichia albicollis,2026-05-03T12:28:24Z,03-May-2026,05:28:24,0.33,1
Black-capped Chickadee,Poecile atricapillus,2026-05-03T12:28:09Z,03-May-2026,05:28:09,0.57,1
White-throated Sparrow,Zonotrichia albicollis,2026-05-03T12:28:02Z,03-May-2026,05:28:02,0.42,1
Black-capped Chickadee,Poecile atricapillus,2026-05-03T12:27:55Z,03-May-2026,05:27:55,0.36,1
White-throated Sparrow,Zonotrichia albicollis,2026-05-03T12:27:48Z,03-May-2026,05:27:48,0.54,1
Black-capped Chickadee,Poecile atricapillus,2026-05-03T12:27:41Z,03-May-2026,05:27:41,0.31,1
Black-capped Chickadee,Poecile atricapillus,2026-05-03T12:27:37Z,03-May-2026,05:27:37,0.7804,1
White-throated Sparrow,Zonotrichia albicollis,2026-05-03T12:27:29Z,03-May-2026,05:27:29,0.26,1
White-throated Sparrow,Zonotrichia albicollis,2026-05-03T12:27:22Z,03-May-2026,05:27:22,0.35,1
Black-capped Chickadee,Poecile atricapillus,2026-05-03T12:27:14Z,03-May-2026,05:27:14,0.36,1
Red-breasted Nuthatch,Sitta canadensis,2026-05-03T12:26:14Z,03-May-2026,05:26:14,0.29,1
White-throated Sparrow,Zonotrichia albicollis,2026-05-03T12:25:58Z,03-May-2026,05:25:58,0.26,1
Dark-eyed Junco,Junco hyemalis,2026-05-03T12:25:16Z,03-May-2026,05:25:16,0.26,1
Dark-eyed Junco,Junco hyemalis,2026-05-03T12:25:09Z,03-May-2026,05:25:09,0.3,1
Black-capped Chickadee,Poecile atricapillus,2026-05-03T12:24:36Z,03-May-2026,05:24:36,0.8627,1
Dark-eyed Junco,Junco hyemalis,2026-05-03T12:23:52Z,03-May-2026,05:23:52,0.3,1
Black-capped Chickadee,Poecile atricapillus,2026-05-03T12:14:48Z,03-May-2026,05:14:48,0.7804,1
Varied Thrush,Ixoreus naevius,2026-05-03T12:14:44Z,03-May-2026,05:14:44,0.27,1
Black-capped Chickadee,Poecile atricapillus,2026-05-03T12:14:30Z,03-May-2026,05:14:30,0.34,1
Black-capped Chickadee,Poecile atricapillus,2026-05-03T12:14:22Z,03-May-2026,05:14:22,0.36,1
White-crowned Sparrow,Zonotrichia leucophrys,2026-05-03T12:14:00Z,03-May-2026,05:14:00,0.27,1
White-throated Sparrow,Zonotrichia albicollis,2026-05-03T12:13:53Z,03-May-2026,05:13:53,0.4,1
Spotted Towhee,Pipilo maculatus,2026-05-03T12:13:03Z,03-May-2026,05:13:03,0.29,1
Bewick's Wren,Thryomanes bewickii,2026-05-03T12:09:42Z,03-May-2026,05:09:42,0.36,1
Bewick's Wren,Thryomanes bewickii,2026-05-03T12:09:01Z,03-May-2026,05:09:01,0.43,1
Townsend's Warbler,Setophaga townsendi,2026-05-03T12:08:36Z,03-May-2026,05:08:36,0.32,1
Townsend's Warbler,Setophaga townsendi,2026-05-03T12:07:42Z,03-May-2026,05:07:42,0.33,1
Townsend's Warbler,Setophaga townsendi,2026-05-03T12:07:28Z,03-May-2026,05:07:28,0.37,1
Bewick's Wren,Thryomanes bewickii,2026-05-03T12:05:03Z,03-May-2026,05:05:03,0.72,1
Bewick's Wren,Thryomanes bewickii,2026-05-03T12:04:55Z,03-May-2026,05:04:55,0.93,1
Bewick's Wren,Thryomanes bewickii,2026-05-03T12:04:47Z,03-May-2026,05:04:47,0.82,1
Bewick's Wren,Thryomanes bewickii,2026-05-03T12:04:39Z,03-May-2026,05:04:39,0.7,1
Bewick's Wren,Thryomanes bewickii,2026-05-03T12:04:31Z,03-May-2026,05:04:31,0.61,1
Bewick's Wren,Thryomanes bewickii,2026-05-03T12:04:10Z,03-May-2026,05:04:10,0.46,1
Bewick's Wren,Thryomanes bewickii,2026-05-03T12:03:48Z,03-May-2026,05:03:48,0.95,1
Bewick's Wren,Thryomanes bewickii,2026-05-03T12:03:37Z,03-May-2026,05:03:37,0.95,1
Bewick's Wren,Thryomanes bewickii,2026-05-03T12:03:30Z,03-May-2026,05:03:30,0.97,1
Bewick's Wren,Thryomanes bewickii,2026-05-03T12:03:22Z,03-May-2026,05:03:22,0.89,1
Bewick's Wren,Thryomanes bewickii,2026-05-03T12:03:04Z,03-May-2026,05:03:04,0.96,1
Bewick's Wren,Thryomanes bewickii,2026-05-03T12:02:01Z,03-May-2026,05:02:01,0.95,1
Bewick's Wren,Thryomanes bewickii,2026-05-03T12:01:55Z,03-May-2026,05:01:55,0.78,1
Bewick's Wren,Thryomanes bewickii,2026-05-03T12:01:41Z,03-May-2026,05:01:41,0.36,1
Bewick's Wren,Thryomanes bewickii,2026-05-03T12:01:27Z,03-May-2026,05:01:27,0.86,1
Bewick's Wren,Thryomanes bewickii,2026-05-03T12:01:20Z,03-May-2026,05:01:20,0.95,1
American Goldfinch,Spinus tristis,2026-05-03T12:01:15Z,03-May-2026,05:01:15,0.8471,1
Bewick's Wren,Thryomanes bewickii,2026-05-03T12:01:02Z,03-May-2026,05:01:02,0.35,1
MacGillivray's Warbler,Geothlypis tolmiei,2026-05-03T12:00:48Z,03-May-2026,05:00:48,0.65,1
MacGillivray's Warbler,Geothlypis tolmiei,2026-05-03T12:00:41Z,03-May-2026,05:00:41,0.46,1
Bewick's Wren,Thryomanes bewickii,2026-05-03T12:00:34Z,03-May-2026,05:00:34,0.38,1
Bewick's Wren,Thryomanes bewickii,2026-05-03T11:59:39Z,03-May-2026,04:59:39,0.58,1
Bewick's Wren,Thryomanes bewickii,2026-05-03T11:59:13Z,03-May-2026,04:59:13,0.87,1
MacGillivray's Warbler,Geothlypis tolmiei,2026-05-03T11:59:06Z,03-May-2026,04:59:06,0.35,1
Bewick's Wren,Thryomanes bewickii,2026-05-03T11:58:58Z,03-May-2026,04:58:58,0.97,1
MacGillivray's Warbler,Geothlypis tolmiei,2026-05-03T11:58:50Z,03-May-2026,04:58:50,0.36,1
Bewick's Wren,Thryomanes bewickii,2026-05-03T11:58:42Z,03-May-2026,04:58:42,0.89,1
American Goldfinch,Spinus tristis,2026-05-03T11:58:38Z,03-May-2026,04:58:38,0.8471,1
Bewick's Wren,Thryomanes bewickii,2026-05-03T11:57:12Z,03-May-2026,04:57:12,0.95,1
MacGillivray's Warbler,Geothlypis tolmiei,2026-05-03T11:56:57Z,03-May-2026,04:56:57,0.6,1
Bewick's Wren,Thryomanes bewickii,2026-05-03T11:56:44Z,03-May-2026,04:56:44,0.36,1
American Robin,Turdus migratorius,2026-05-03T11:56:37Z,03-May-2026,04:56:37,0.4,1
Bewick's Wren,Thryomanes bewickii,2026-05-03T11:56:06Z,03-May-2026,04:56:06,0.61,1
Bewick's Wren,Thryomanes bewickii,2026-05-03T11:55:44Z,03-May-2026,04:55:44,0.87,1
Bewick's Wren,Thryomanes bewickii,2026-05-03T11:55:27Z,03-May-2026,04:55:27,0.91,1
American Goldfinch,Spinus tristis,2026-05-03T11:55:15Z,03-May-2026,04:55:15,0.8627,1
MacGillivray's Warbler,Geothlypis tolmiei,2026-05-03T11:55:01Z,03-May-2026,04:55:01,0.67,1
Bewick's Wren,Thryomanes bewickii,2026-05-03T11:54:47Z,03-May-2026,04:54:47,0.87,1
Bewick's Wren,Thryomanes bewickii,2026-05-03T11:54:40Z,03-May-2026,04:54:40,0.93,1
Bewick's Wren,Thryomanes bewickii,2026-05-03T11:54:32Z,03-May-2026,04:54:32,0.92,1
Bewick's Wren,Thryomanes bewickii,2026-05-03T11:54:25Z,03-May-2026,04:54:25,0.87,1
Bewick's Wren,Thryomanes bewickii,2026-05-03T11:54:17Z,03-May-2026,04:54:17,0.95,1
Bewick's Wren,Thryomanes bewickii,2026-05-03T11:54:09Z,03-May-2026,04:54:09,0.96,1
Bewick's Wren,Thryomanes bewickii,2026-05-03T11:54:03Z,03-May-2026,04:54:03,0.94,1
Bewick's Wren,Thryomanes bewickii,2026-05-03T11:53:52Z,03-May-2026,04:53:52,0.7,1
Bewick's Wren,Thryomanes bewickii,2026-05-03T11:53:45Z,03-May-2026,04:53:45,0.95,1
Bewick's Wren,Thryomanes bewickii,2026-05-03T11:53:37Z,03-May-2026,04:53:37,0.96,1
Bewick's Wren,Thryomanes bewickii,2026-05-03T11:53:31Z,03-May-2026,04:53:31,0.95,1
Bewick's Wren,Thryomanes bewickii,2026-05-03T11:52:43Z,03-May-2026,04:52:43,0.91,1
American Goldfinch,Spinus tristis,2026-05-03T11:52:25Z,03-May-2026,04:52:25,0.7804,1
MacGillivray's Warbler,Geothlypis tolmiei,2026-05-03T11:52:17Z,03-May-2026,04:52:17,0.49,1
Bewick's Wren,Thryomanes bewickii,2026-05-03T11:52:09Z,03-May-2026,04:52:09,0.96,1
Bewick's Wren,Thryomanes bewickii,2026-05-03T11:51:47Z,03-May-2026,04:51:47,0.94,1
Bewick's Wren,Thryomanes bewickii,2026-05-03T11:51:38Z,03-May-2026,04:51:38,0.98,1
American Robin,Turdus migratorius,2026-05-03T11:51:30Z,03-May-2026,04:51:30,0.35,1
Bewick's Wren,Thryomanes bewickii,2026-05-03T11:51:03Z,03-May-2026,04:51:03,0.46,1
Bewick's Wren,Thryomanes bewickii,2026-05-03T11:50:53Z,03-May-2026,04:50:53,0.59,1
Bewick's Wren,Thryomanes bewickii,2026-05-03T11:50:02Z,03-May-2026,04:50:02,0.97,1
Bewick's Wren,Thryomanes bewickii,2026-05-03T11:49:56Z,03-May-2026,04:49:56,0.47,1
Bewick's Wren,Thryomanes bewickii,2026-05-03T11:49:48Z,03-May-2026,04:49:48,0.96,1
Bewick's Wren,Thryomanes bewickii,2026-05-03T11:49:42Z,03-May-2026,04:49:42,0.93,1
Bewick's Wren,Thryomanes bewickii,2026-05-03T11:49:23Z,03-May-2026,04:49:23,0.51,1
Bewick's Wren,Thryomanes bewickii,2026-05-03T11:49:16Z,03-May-2026,04:49:16,0.31,1
Bewick's Wren,Thryomanes bewickii,2026-05-03T11:48:50Z,03-May-2026,04:48:50,0.26,1
Bewick's Wren,Thryomanes bewickii,2026-05-03T11:48:06Z,03-May-2026,04:48:06,0.94,1
Bewick's Wren,Thryomanes bewickii,2026-05-03T11:47:56Z,03-May-2026,04:47:56,0.42,1
Bewick's Wren,Thryomanes bewickii,2026-05-03T11:47:48Z,03-May-2026,04:47:48,0.95,1
Bewick's Wren,Thryomanes bewickii,2026-05-03T11:47:38Z,03-May-2026,04:47:38,0.95,1
Bewick's Wren,Thryomanes bewickii,2026-05-03T11:47:18Z,03-May-2026,04:47:18,0.96,1
Bewick's Wren,Thryomanes bewickii,2026-05-03T11:47:11Z,03-May-2026,04:47:11,0.9,1
American Goldfinch,Spinus tristis,2026-05-03T11:46:41Z,03-May-2026,04:46:41,0.8,2
Bewick's Wren,Thryomanes bewickii,2026-05-03T11:46:37Z,03-May-2026,04:46:37,0.98,1
Bewick's Wren,Thryomanes bewickii,2026-05-03T11:45:31Z,03-May-2026,04:45:31,0.98,1
Bewick's Wren,Thryomanes bewickii,2026-05-03T11:45:14Z,03-May-2026,04:45:14,0.96,1
Bewick's Wren,Thryomanes bewickii,2026-05-03T11:45:05Z,03-May-2026,04:45:05,0.99,1
Bewick's Wren,Thryomanes bewickii,2026-05-03T11:44:58Z,03-May-2026,04:44:58,0.62,1
MacGillivray's Warbler,Geothlypis tolmiei,2026-05-03T11:44:52Z,03-May-2026,04:44:52,0.91,1
MacGillivray's Warbler,Geothlypis tolmiei,2026-05-03T11:44:44Z,03-May-2026,04:44:44,0.73,1
Bewick's Wren,Thryomanes bewickii,2026-05-03T11:44:36Z,03-May-2026,04:44:36,0.98,1
Bewick's Wren,Thryomanes bewickii,2026-05-03T11:44:26Z,03-May-2026,04:44:26,0.97,1
Bewick's Wren,Thryomanes bewickii,2026-05-03T11:44:18Z,03-May-2026,04:44:18,0.93,1
Bewick's Wren,Thryomanes bewickii,2026-05-03T11:43:56Z,03-May-2026,04:43:56,0.93,1
Bewick's Wren,Thryomanes bewickii,2026-05-03T11:43:42Z,03-May-2026,04:43:42,0.94,1
Bewick's Wren,Thryomanes bewickii,2026-05-03T11:43:23Z,03-May-2026,04:43:23,0.98,1
Bewick's Wren,Thryomanes bewickii,2026-05-03T11:43:15Z,03-May-2026,04:43:15,0.98,1
Bewick's Wren,Thryomanes bewickii,2026-05-03T11:42:54Z,03-May-2026,04:42:54,0.97,1
Violet-green Swallow,Tachycineta thalassina,2026-05-03T11:42:26Z,03-May-2026,04:42:26,0.65,1
Bewick's Wren,Thryomanes bewickii,2026-05-03T11:42:03Z,03-May-2026,04:42:03,0.93,1
Bewick's Wren,Thryomanes bewickii,2026-05-03T11:41:56Z,03-May-2026,04:41:56,0.98,1
Bewick's Wren,Thryomanes bewickii,2026-05-03T11:41:49Z,03-May-2026,04:41:49,0.93,1
Bewick's Wren,Thryomanes bewickii,2026-05-03T11:41:42Z,03-May-2026,04:41:42,0.73,1
Violet-green Swallow,Tachycineta thalassina,2026-05-03T11:41:35Z,03-May-2026,04:41:35,0.56,1
American Goldfinch,Spinus tristis,2026-05-03T11:41:28Z,03-May-2026,04:41:28,0.8745,1
Bewick's Wren,Thryomanes bewickii,2026-05-03T11:41:24Z,03-May-2026,04:41:24,0.26,1
Bewick's Wren,Thryomanes bewickii,2026-05-03T11:41:10Z,03-May-2026,04:41:10,0.87,1
Bewick's Wren,Thryomanes bewickii,2026-05-03T11:41:01Z,03-May-2026,04:41:01,0.94,1
American Robin,Turdus migratorius,2026-05-03T11:31:40Z,03-May-2026,04:31:40,0.42,1
American Robin,Turdus migratorius,2026-05-03T11:31:01Z,03-May-2026,04:31:01,0.43,1
American Robin,Turdus migratorius,2026-05-03T11:26:54Z,03-May-2026,04:26:54,0.27,1
Violet-green Swallow,Tachycineta thalassina,2026-05-03T11:26:47Z,03-May-2026,04:26:47,0.28,1
American Robin,Turdus migratorius,2026-05-03T11:24:47Z,03-May-2026,04:24:47,0.26,1
Red-breasted Nuthatch,Sitta canadensis,2026-05-03T11:23:56Z,03-May-2026,04:23:56,0.41,1
Hermit Thrush,Catharus guttatus,2026-05-03T11:23:49Z,03-May-2026,04:23:49,0.3,1
American Robin,Turdus migratorius,2026-05-03T11:16:11Z,03-May-2026,04:16:11,0.7804,1
American Robin,Turdus migratorius,2026-05-03T11:05:20Z,03-May-2026,04:05:20,0.26,1
American Robin,Turdus migratorius,2026-05-03T11:02:45Z,03-May-2026,04:02:45,0.26,1
American Robin,Turdus migratorius,2026-05-03T11:00:48Z,03-May-2026,04:00:48,0.31,1
American Robin,Turdus migratorius,2026-05-03T10:57:32Z,03-May-2026,03:57:32,0.26,1
American Robin,Turdus migratorius,2026-05-03T10:52:53Z,03-May-2026,03:52:53,0.31,1
Anna's Hummingbird,Calypte anna,2026-05-03T09:33:37Z,03-May-2026,02:33:37,0.7804,1
White-throated Sparrow,Zonotrichia albicollis,2026-05-03T04:33:25Z,02-May-2026,21:33:25,0.52,1
White-throated Sparrow,Zonotrichia albicollis,2026-05-03T04:33:15Z,02-May-2026,21:33:15,0.53,1
White-throated Sparrow,Zonotrichia albicollis,2026-05-03T04:33:07Z,02-May-2026,21:33:07,0.67,1
White-throated Sparrow,Zonotrichia albicollis,2026-05-03T04:33:00Z,02-May-2026,21:33:00,0.29,1
White-throated Sparrow,Zonotrichia albicollis,2026-05-03T04:32:45Z,02-May-2026,21:32:45,0.34,1
American Robin,Turdus migratorius,2026-05-03T03:39:46Z,02-May-2026,20:39:46,0.8157,3
American Robin,Turdus migratorius,2026-05-03T03:37:10Z,02-May-2026,20:37:10,0.9255,1
American Crow,Corvus brachyrhynchos,2026-05-03T03:34:01Z,02-May-2026,20:34:01,0.9333,1
American Crow,Corvus brachyrhynchos,2026-05-03T03:28:52Z,02-May-2026,20:28:52,0.8,1
House Finch,Haemorhous mexicanus,2026-05-03T03:27:20Z,02-May-2026,20:27:20,0.47,1
American Robin,Turdus migratorius,2026-05-03T03:27:09Z,02-May-2026,20:27:09,0.49,1
American Robin,Turdus migratorius,2026-05-03T03:26:50Z,02-May-2026,20:26:50,0.78,1
American Robin,Turdus migratorius,2026-05-03T03:26:40Z,02-May-2026,20:26:40,0.8745,3
American Robin,Turdus migratorius,2026-05-03T03:23:56Z,02-May-2026,20:23:56,0.8627,1
American Robin,Turdus migratorius,2026-05-03T03:23:15Z,02-May-2026,20:23:15,0.27,1
Bewick's Wren,Thryomanes bewickii,2026-05-03T03:22:28Z,02-May-2026,20:22:28,0.3,1
Bewick's Wren,Thryomanes bewickii,2026-05-03T03:22:06Z,02-May-2026,20:22:06,0.83,1
American Robin,Turdus migratorius,2026-05-03T03:21:20Z,02-May-2026,20:21:20,0.28,1
American Robin,Turdus migratorius,2026-05-03T03:20:50Z,02-May-2026,20:20:50,0.3,1
American Robin,Turdus migratorius,2026-05-03T03:20:37Z,02-May-2026,20:20:37,0.8,2
Bewick's Wren,Thryomanes bewickii,2026-05-03T03:19:38Z,02-May-2026,20:19:38,0.67,1
American Robin,Turdus migratorius,2026-05-03T03:19:01Z,02-May-2026,20:19:01,0.7804,2
Bewick's Wren,Thryomanes bewickii,2026-05-03T03:18:11Z,02-May-2026,20:18:11,0.46,1
American Robin,Turdus migratorius,2026-05-03T03:17:27Z,02-May-2026,20:17:27,0.7804,1
Bewick's Wren,Thryomanes bewickii,2026-05-03T03:17:08Z,02-May-2026,20:17:08,0.28,1
American Crow,Corvus brachyrhynchos,2026-05-03T03:16:47Z,02-May-2026,20:16:47,0.8863,1
American Robin,Turdus migratorius,2026-05-03T03:15:11Z,02-May-2026,20:15:11,0.36,1
American Robin,Turdus migratorius,2026-05-03T03:14:50Z,02-May-2026,20:14:50,0.31,1
American Robin,Turdus migratorius,2026-05-03T03:14:01Z,02-May-2026,20:14:01,0.8471,1
American Robin,Turdus migratorius,2026-05-03T03:11:20Z,02-May-2026,20:11:20,0.36,1
American Robin,Turdus migratorius,2026-05-03T03:11:06Z,02-May-2026,20:11:06,0.8,1
American Robin,Turdus migratorius,2026-05-03T03:10:52Z,02-May-2026,20:10:52,0.38,1
American Robin,Turdus migratorius,2026-05-03T03:10:42Z,02-May-2026,20:10:42,0.29,1
American Robin,Turdus migratorius,2026-05-03T03:09:41Z,02-May-2026,20:09:41,0.8314,2
American Robin,Turdus migratorius,2026-05-03T03:08:20Z,02-May-2026,20:08:20,0.8,1
American Robin,Turdus migratorius,2026-05-03T03:08:13Z,02-May-2026,20:08:13,0.31,1
American Robin,Turdus migratorius,2026-05-03T03:06:50Z,02-May-2026,20:06:50,0.8,1
American Robin,Turdus migratorius,2026-05-03T03:06:08Z,02-May-2026,20:06:08,0.34,1
Bewick's Wren,Thryomanes bewickii,2026-05-03T03:05:32Z,02-May-2026,20:05:32,0.26,1
Townsend's Warbler,Setophaga townsendi,2026-05-03T03:04:27Z,02-May-2026,20:04:27,0.43,1
Townsend's Warbler,Setophaga townsendi,2026-05-03T03:04:14Z,02-May-2026,20:04:14,0.3,1
Bewick's Wren,Thryomanes bewickii,2026-05-03T03:03:30Z,02-May-2026,20:03:30,0.26,1
American Robin,Turdus migratorius,2026-05-03T03:02:03Z,02-May-2026,20:02:03,0.8157,1
American Robin,Turdus migratorius,2026-05-03T02:56:28Z,02-May-2026,19:56:28,0.32,1
Dark-eyed Junco,Junco hyemalis,2026-05-03T02:56:22Z,02-May-2026,19:56:22,0.38,1
Townsend's Warbler,Setophaga townsendi,2026-05-03T02:56:15Z,02-May-2026,19:56:15,0.43,1
American Robin,Turdus migratorius,2026-05-03T02:55:55Z,02-May-2026,19:55:55,0.33,1
American Crow,Corvus brachyrhynchos,2026-05-03T02:52:53Z,02-May-2026,19:52:53,0.8314,1
Anna's Hummingbird,Calypte anna,2026-05-03T02:47:30Z,02-May-2026,19:47:30,0.9255,1
Red-breasted Nuthatch,Sitta canadensis,2026-05-03T02:47:16Z,02-May-2026,19:47:16,0.42,1
Red-breasted Nuthatch,Sitta canadensis,2026-05-03T02:47:08Z,02-May-2026,19:47:08,0.26,1
House Finch,Haemorhous mexicanus,2026-05-03T02:46:25Z,02-May-2026,19:46:25,0.7804,2
House Finch,Haemorhous mexicanus,2026-05-03T02:45:09Z,02-May-2026,19:45:09,0.8157,1
American Robin,Turdus migratorius,2026-05-03T02:40:04Z,02-May-2026,19:40:04,0.8,1
American Robin,Turdus migratorius,2026-05-03T02:39:38Z,02-May-2026,19:39:38,0.37,1
American Robin,Turdus migratorius,2026-05-03T02:39:31Z,02-May-2026,19:39:31,0.29,1
American Robin,Turdus migratorius,2026-05-03T02:39:17Z,02-May-2026,19:39:17,0.35,1
American Robin,Turdus migratorius,2026-05-03T02:38:46Z,02-May-2026,19:38:46,0.8314,3
American Robin,Turdus migratorius,2026-05-03T02:37:51Z,02-May-2026,19:37:51,0.32,1
American Robin,Turdus migratorius,2026-05-03T02:37:24Z,02-May-2026,19:37:24,0.7804,1
American Robin,Turdus migratorius,2026-05-03T02:37:20Z,02-May-2026,19:37:20,0.49,1
American Robin,Turdus migratorius,2026-05-03T02:37:13Z,02-May-2026,19:37:13,0.38,1
American Robin,Turdus migratorius,2026-05-03T02:36:50Z,02-May-2026,19:36:50,0.27,1
American Robin,Turdus migratorius,2026-05-03T02:36:28Z,02-May-2026,19:36:28,0.27,1
American Robin,Turdus migratorius,2026-05-03T02:36:19Z,02-May-2026,19:36:19,0.26,1
Bewick's Wren,Thryomanes bewickii,2026-05-03T02:35:56Z,02-May-2026,19:35:56,0.27,1
American Robin,Turdus migratorius,2026-05-03T02:35:40Z,02-May-2026,19:35:40,0.34,1
American Robin,Turdus migratorius,2026-05-03T02:35:03Z,02-May-2026,19:35:03,0.8471,1
Bewick's Wren,Thryomanes bewickii,2026-05-03T02:34:15Z,02-May-2026,19:34:15,0.26,1
American Robin,Turdus migratorius,2026-05-03T02:33:41Z,02-May-2026,19:33:41,0.7804,1
Anna's Hummingbird,Calypte anna,2026-05-03T02:32:32Z,02-May-2026,19:32:32,0.9922,1
American Robin,Turdus migratorius,2026-05-03T02:32:22Z,02-May-2026,19:32:22,0.27,1
American Robin,Turdus migratorius,2026-05-03T02:31:24Z,02-May-2026,19:31:24,0.28,1
American Robin,Turdus migratorius,2026-05-03T02:31:17Z,02-May-2026,19:31:17,0.29,1
Black-capped Chickadee,Poecile atricapillus,2026-05-03T02:29:49Z,02-May-2026,19:29:49,0.8,1
American Robin,Turdus migratorius,2026-05-03T02:29:44Z,02-May-2026,19:29:44,0.8471,1
American Robin,Turdus migratorius,2026-05-03T02:28:11Z,02-May-2026,19:28:11,0.82,1
American Robin,Turdus migratorius,2026-05-03T02:28:01Z,02-May-2026,19:28:01,0.8,4
American Robin,Turdus migratorius,2026-05-03T02:27:54Z,02-May-2026,19:27:54,0.28,1
American Robin,Turdus migratorius,2026-05-03T02:27:33Z,02-May-2026,19:27:33,0.62,1
American Robin,Turdus migratorius,2026-05-03T02:27:13Z,02-May-2026,19:27:13,0.33,1
American Robin,Turdus migratorius,2026-05-03T02:26:59Z,02-May-2026,19:26:59,0.41,1
American Robin,Turdus migratorius,2026-05-03T02:26:55Z,02-May-2026,19:26:55,0.8627,5
American Robin,Turdus migratorius,2026-05-03T02:26:47Z,02-May-2026,19:26:47,0.46,1
American Robin,Turdus migratorius,2026-05-03T02:25:37Z,02-May-2026,19:25:37,0.32,1
American Robin,Turdus migratorius,2026-05-03T02:25:02Z,02-May-2026,19:25:02,0.38,1
American Robin,Turdus migratorius,2026-05-03T02:23:45Z,02-May-2026,19:23:45,0.8314,6
American Robin,Turdus migratorius,2026-05-03T02:23:38Z,02-May-2026,19:23:38,0.56,1
American Robin,Turdus migratorius,2026-05-03T02:23:18Z,02-May-2026,19:23:18,0.63,1
American Robin,Turdus migratorius,2026-05-03T02:22:41Z,02-May-2026,19:22:41,0.26,1
American Robin,Turdus migratorius,2026-05-03T02:22:36Z,02-May-2026,19:22:36,0.8745,2
American Robin,Turdus migratorius,2026-05-03T02:22:32Z,02-May-2026,19:22:32,0.84,1
American Robin,Turdus migratorius,2026-05-03T02:21:22Z,02-May-2026,19:21:22,0.8,6
American Robin,Turdus migratorius,2026-05-03T02:21:12Z,02-May-2026,19:21:12,0.72,1
American Robin,Turdus migratorius,2026-05-03T02:21:05Z,02-May-2026,19:21:05,0.9,1
American Robin,Turdus migratorius,2026-05-03T02:20:58Z,02-May-2026,19:20:58,0.84,1
American Robin,Turdus migratorius,2026-05-03T02:20:50Z,02-May-2026,19:20:50,0.48,1
American Robin,Turdus migratorius,2026-05-03T02:20:41Z,02-May-2026,19:20:41,0.93,1
American Robin,Turdus migratorius,2026-05-03T02:20:34Z,02-May-2026,19:20:34,0.3,1
American Robin,Turdus migratorius,2026-05-03T02:20:20Z,02-May-2026,19:20:20,0.9412,7
American Robin,Turdus migratorius,2026-05-03T02:20:16Z,02-May-2026,19:20:16,0.58,1
American Robin,Turdus migratorius,2026-05-03T02:19:54Z,02-May-2026,19:19:54,0.81,1
American Robin,Turdus migratorius,2026-05-03T02:19:37Z,02-May-2026,19:19:37,0.77,1
American Robin,Turdus migratorius,2026-05-03T02:19:16Z,02-May-2026,19:19:16,0.8471,10
American Robin,Turdus migratorius,2026-05-03T02:18:52Z,02-May-2026,19:18:52,0.77,1
American Robin,Turdus migratorius,2026-05-03T02:18:45Z,02-May-2026,19:18:45,0.31,1
American Robin,Turdus migratorius,2026-05-03T02:18:35Z,02-May-2026,19:18:35,0.73,1
American Robin,Turdus migratorius,2026-05-03T02:18:22Z,02-May-2026,19:18:22,0.83,1
American Robin,Turdus migratorius,2026-05-03T02:18:14Z,02-May-2026,19:18:14,0.9569,12
American Robin,Turdus migratorius,2026-05-03T02:18:08Z,02-May-2026,19:18:08,0.83,1
American Robin,Turdus migratorius,2026-05-03T02:17:10Z,02-May-2026,19:17:10,0.8,10
American Robin,Turdus migratorius,2026-05-03T02:17:02Z,02-May-2026,19:17:02,0.39,1
House Finch,Haemorhous mexicanus,2026-05-03T02:16:38Z,02-May-2026,19:16:38,0.7804,1
American Robin,Turdus migratorius,2026-05-03T02:16:06Z,02-May-2026,19:16:06,0.8745,7
American Robin,Turdus migratorius,2026-05-03T02:15:28Z,02-May-2026,19:15:28,0.72,1
American Robin,Turdus migratorius,2026-05-03T02:15:19Z,02-May-2026,19:15:19,0.38,1
American Robin,Turdus migratorius,2026-05-03T02:15:05Z,02-May-2026,19:15:05,0.8,6
American Robin,Turdus migratorius,2026-05-03T02:14:51Z,02-May-2026,19:14:51,0.29,1
American Robin,Turdus migratorius,2026-05-03T02:14:15Z,02-May-2026,19:14:15,0.55,1
American Robin,Turdus migratorius,2026-05-03T02:14:02Z,02-May-2026,19:14:02,0.8745,14
American Robin,Turdus migratorius,2026-05-03T02:13:23Z,02-May-2026,19:13:23,0.42,1
American Robin,Turdus migratorius,2026-05-03T02:13:01Z,02-May-2026,19:13:01,0.9176,2
American Robin,Turdus migratorius,2026-05-03T02:12:50Z,02-May-2026,19:12:50,0.33,1
Dusky Flycatcher,Empidonax oberholseri,2026-05-03T02:12:34Z,02-May-2026,19:12:34,0.3,1
American Robin,Turdus migratorius,2026-05-03T02:10:28Z,02-May-2026,19:10:28,0.9333,6
American Robin,Turdus migratorius,2026-05-03T02:09:23Z,02-May-2026,19:09:23,0.8863,9
American Robin,Turdus migratorius,2026-05-03T02:08:30Z,02-May-2026,19:08:30,0.42,1
American Robin,Turdus migratorius,2026-05-03T02:08:17Z,02-May-2026,19:08:17,0.898,10
American Robin,Turdus migratorius,2026-05-03T02:07:05Z,02-May-2026,19:07:05,0.8745,6
House Finch,Haemorhous mexicanus,2026-05-03T02:07:00Z,02-May-2026,19:07:00,0.8314,1
House Finch,Haemorhous mexicanus,2026-05-03T02:06:26Z,02-May-2026,19:06:26,0.68,1
American Robin,Turdus migratorius,2026-05-03T02:05:59Z,02-May-2026,19:05:59,0.8471,1
American Robin,Turdus migratorius,2026-05-03T02:03:24Z,02-May-2026,19:03:24,0.83,1
American Robin,Turdus migratorius,2026-05-03T02:02:57Z,02-May-2026,19:02:57,0.8157,1
American Robin,Turdus migratorius,2026-05-03T02:02:49Z,02-May-2026,19:02:49,0.27,1
American Robin,Turdus migratorius,2026-05-03T02:02:38Z,02-May-2026,19:02:38,0.43,1
American Robin,Turdus migratorius,2026-05-03T02:02:23Z,02-May-2026,19:02:23,0.34,1
House Finch,Haemorhous mexicanus,2026-05-03T01:59:58Z,02-May-2026,18:59:58,0.37,1
Bewick's Wren,Thryomanes bewickii,2026-05-03T01:59:51Z,02-May-2026,18:59:51,0.43,1
American Robin,Turdus migratorius,2026-05-03T01:59:40Z,02-May-2026,18:59:40,0.8157,1
Marsh Wren,Cistothorus palustris,2026-05-03T01:59:27Z,02-May-2026,18:59:27,0.28,1
House Finch,Haemorhous mexicanus,2026-05-03T01:59:20Z,02-May-2026,18:59:20,0.8157,1
House Finch,Haemorhous mexicanus,2026-05-03T01:57:45Z,02-May-2026,18:57:45,0.56,1
Black-capped Chickadee,Poecile atricapillus,2026-05-03T01:52:50Z,02-May-2026,18:52:50,0.8314,2
American Robin,Turdus migratorius,2026-05-03T01:52:43Z,02-May-2026,18:52:43,0.46,1
American Robin,Turdus migratorius,2026-05-03T01:50:54Z,02-May-2026,18:50:54,0.8745,1
American Robin,Turdus migratorius,2026-05-03T01:50:47Z,02-May-2026,18:50:47,0.52,1
Downy Woodpecker,Dryobates pubescens,2026-05-03T01:50:41Z,02-May-2026,18:50:41,0.45,1
Bewick's Wren,Thryomanes bewickii,2026-05-03T01:50:27Z,02-May-2026,18:50:27,0.53,1
Downy Woodpecker,Dryobates pubescens,2026-05-03T01:50:19Z,02-May-2026,18:50:19,0.6,1
Black-capped Chickadee,Poecile atricapillus,2026-05-03T01:49:42Z,02-May-2026,18:49:42,0.8157,1
Bewick's Wren,Thryomanes bewickii,2026-05-03T01:48:44Z,02-May-2026,18:48:44,0.59,1
American Robin,Turdus migratorius,2026-05-03T01:47:48Z,02-May-2026,18:47:48,0.5,1
American Robin,Turdus migratorius,2026-05-03T01:47:41Z,02-May-2026,18:47:41,0.57,1
Bewick's Wren,Thryomanes bewickii,2026-05-03T01:45:52Z,02-May-2026,18:45:52,0.28,1
American Robin,Turdus migratorius,2026-05-03T01:45:14Z,02-May-2026,18:45:14,0.29,1
American Robin,Turdus migratorius,2026-05-03T01:44:16Z,02-May-2026,18:44:16,0.3,1
American Robin,Turdus migratorius,2026-05-03T01:43:48Z,02-May-2026,18:43:48,0.52,1
Anna's Hummingbird,Calypte anna,2026-05-03T01:42:28Z,02-May-2026,18:42:28,0.8157,1
Black-capped Chickadee,Poecile atricapillus,2026-05-03T01:41:11Z,02-May-2026,18:41:11,0.7804,1
American Robin,Turdus migratorius,2026-05-03T01:40:26Z,02-May-2026,18:40:26,0.28,1
American Robin,Turdus migratorius,2026-05-03T01:37:24Z,02-May-2026,18:37:24,0.5,1
Mountain Chickadee,Poecile gambeli,2026-05-03T01:33:42Z,02-May-2026,18:33:42,0.26,1
Black-capped Chickadee,Poecile atricapillus,2026-05-03T01:33:35Z,02-May-2026,18:33:35,0.37,1
American Robin,Turdus migratorius,2026-05-03T01:32:37Z,02-May-2026,18:32:37,0.38,1
House Finch,Haemorhous mexicanus,2026-05-03T01:32:04Z,02-May-2026,18:32:04,0.898,5
House Finch,Haemorhous mexicanus,2026-05-03T01:31:51Z,02-May-2026,18:31:51,0.33,1
House Finch,Haemorhous mexicanus,2026-05-03T01:28:40Z,02-May-2026,18:28:40,0.9098,1
House Finch,Haemorhous mexicanus,2026-05-03T01:26:45Z,02-May-2026,18:26:45,0.8863,1
Black-capped Chickadee,Poecile atricapillus,2026-05-03T01:22:35Z,02-May-2026,18:22:35,0.8863,1
House Finch,Haemorhous mexicanus,2026-05-03T01:20:05Z,02-May-2026,18:20:05,0.8314,1
House Finch,Haemorhous mexicanus,2026-05-03T01:19:04Z,02-May-2026,18:19:04,0.27,1
House Finch,Haemorhous mexicanus,2026-05-03T01:18:56Z,02-May-2026,18:18:56,0.8471,2
House Finch,Haemorhous mexicanus,2026-05-03T01:18:18Z,02-May-2026,18:18:18,0.3,1
House Finch,Haemorhous mexicanus,2026-05-03T01:17:53Z,02-May-2026,18:17:53,0.7804,2
Steller's Jay,Cyanocitta stelleri,2026-05-03T01:17:26Z,02-May-2026,18:17:26,0.8314,1
Steller's Jay,Cyanocitta stelleri,2026-05-03T01:17:18Z,02-May-2026,18:17:18,0.39,1
House Finch,Haemorhous mexicanus,2026-05-03T01:16:50Z,02-May-2026,18:16:50,0.8471,1
American Robin,Turdus migratorius,2026-05-03T01:16:36Z,02-May-2026,18:16:36,0.7804,1
American Robin,Turdus migratorius,2026-05-03T01:15:25Z,02-May-2026,18:15:25,0.8471,1
Black-capped Chickadee,Poecile atricapillus,2026-05-03T01:15:10Z,02-May-2026,18:15:10,0.8627,1
American Robin,Turdus migratorius,2026-05-03T01:15:04Z,02-May-2026,18:15:04,0.32,1
American Robin,Turdus migratorius,2026-05-03T01:14:08Z,02-May-2026,18:14:08,0.8,1
American Robin,Turdus migratorius,2026-05-03T01:13:24Z,02-May-2026,18:13:24,0.28,1
American Robin,Turdus migratorius,2026-05-03T01:13:16Z,02-May-2026,18:13:16,0.28,1
House Finch,Haemorhous mexicanus,2026-05-03T01:13:10Z,02-May-2026,18:13:10,0.44,1
Orange-crowned Warbler,Leiothlypis celata,2026-05-03T01:12:30Z,02-May-2026,18:12:30,0.31,1
American Robin,Turdus migratorius,2026-05-03T01:12:14Z,02-May-2026,18:12:14,0.26,1
Bewick's Wren,Thryomanes bewickii,2026-05-03T01:11:58Z,02-May-2026,18:11:58,0.39,1
American Robin,Turdus migratorius,2026-05-03T01:11:38Z,02-May-2026,18:11:38,0.36,1
Bewick's Wren,Thryomanes bewickii,2026-05-03T01:11:28Z,02-May-2026,18:11:28,0.31,1
Bewick's Wren,Thryomanes bewickii,2026-05-03T01:11:21Z,02-May-2026,18:11:21,0.66,1
American Robin,Turdus migratorius,2026-05-03T01:10:33Z,02-May-2026,18:10:33,0.27,1
American Robin,Turdus migratorius,2026-05-03T01:09:55Z,02-May-2026,18:09:55,0.38,1
House Finch,Haemorhous mexicanus,2026-05-03T01:08:59Z,02-May-2026,18:08:59,0.8,5
House Finch,Haemorhous mexicanus,2026-05-03T01:07:54Z,02-May-2026,18:07:54,0.9176,1
House Finch,Haemorhous mexicanus,2026-05-03T01:06:51Z,02-May-2026,18:06:51,0.8471,2
House Finch,Haemorhous mexicanus,2026-05-03T01:06:28Z,02-May-2026,18:06:28,0.53,1
House Finch,Haemorhous mexicanus,2026-05-03T01:06:07Z,02-May-2026,18:06:07,0.59,1
House Finch,Haemorhous mexicanus,2026-05-03T01:05:59Z,02-May-2026,18:05:59,0.32,1
House Finch,Haemorhous mexicanus,2026-05-03T01:05:40Z,02-May-2026,18:05:40,0.59,1
Osprey,Pandion haliaetus,2026-05-03T01:05:33Z,02-May-2026,18:05:33,0.34,1
House Finch,Haemorhous mexicanus,2026-05-03T01:04:53Z,02-May-2026,18:04:53,0.7804,1
Anna's Hummingbird,Calypte anna,2026-05-03T01:02:50Z,02-May-2026,18:02:50,0.8157,1
Black-capped Chickadee,Poecile atricapillus,2026-05-03T01:01:55Z,02-May-2026,18:01:55,0.8,1
Black-capped Chickadee,Poecile atricapillus,2026-05-03T01:01:49Z,02-May-2026,18:01:49,0.26,1
Anna's Hummingbird,Calypte anna,2026-05-03T01:01:15Z,02-May-2026,18:01:15,0.9255,2
House Finch,Haemorhous mexicanus,2026-05-03T00:59:31Z,02-May-2026,17:59:31,0.33,1
House Finch,Haemorhous mexicanus,2026-05-03T00:59:21Z,02-May-2026,17:59:21,0.8863,3
House Finch,Haemorhous mexicanus,2026-05-03T00:58:27Z,02-May-2026,17:58:27,0.33,1
House Finch,Haemorhous mexicanus,2026-05-03T00:58:20Z,02-May-2026,17:58:20,0.8314,1
American Robin,Turdus migratorius,2026-05-03T00:56:39Z,02-May-2026,17:56:39,0.7804,6
American Robin,Turdus migratorius,2026-05-03T00:56:05Z,02-May-2026,17:56:05,0.28,1
American Robin,Turdus migratorius,2026-05-03T00:55:38Z,02-May-2026,17:55:38,0.8157,1
Chestnut-backed Chickadee,Poecile rufescens,2026-05-03T00:55:15Z,02-May-2026,17:55:15,0.39,1
Chestnut-backed Chickadee,Poecile rufescens,2026-05-03T00:55:02Z,02-May-2026,17:55:02,0.68,1
Chestnut-backed Chickadee,Poecile rufescens,2026-05-03T00:54:47Z,02-May-2026,17:54:47,0.64,1
Chestnut-backed Chickadee,Poecile rufescens,2026-05-03T00:54:31Z,02-May-2026,17:54:31,0.8471,1
Chestnut-backed Chickadee,Poecile rufescens,2026-05-03T00:54:09Z,02-May-2026,17:54:09,0.48,1
Anna's Hummingbird,Calypte anna,2026-05-03T00:53:50Z,02-May-2026,17:53:50,0.9725,1
Chestnut-backed Chickadee,Poecile rufescens,2026-05-03T00:53:39Z,02-May-2026,17:53:39,0.44,1
Chestnut-backed Chickadee,Poecile rufescens,2026-05-03T00:53:22Z,02-May-2026,17:53:22,0.8471,2
American Robin,Turdus migratorius,2026-05-03T00:52:08Z,02-May-2026,17:52:08,0.8157,1
Chestnut-backed Chickadee,Poecile rufescens,2026-05-03T00:51:44Z,02-May-2026,17:51:44,0.898,1
House Finch,Haemorhous mexicanus,2026-05-03T00:51:17Z,02-May-2026,17:51:17,0.8471,1
House Finch,Haemorhous mexicanus,2026-05-03T00:48:01Z,02-May-2026,17:48:01,0.31,1
American Robin,Turdus migratorius,2026-05-03T00:44:41Z,02-May-2026,17:44:41,0.7804,1
American Crow,Corvus brachyrhynchos,2026-05-03T00:42:32Z,02-May-2026,17:42:32,0.8157,1
American Robin,Turdus migratorius,2026-05-03T00:42:25Z,02-May-2026,17:42:25,0.44,1
American Robin,Turdus migratorius,2026-05-03T00:42:09Z,02-May-2026,17:42:09,0.8157,1
American Robin,Turdus migratorius,2026-05-03T00:40:50Z,02-May-2026,17:40:50,0.29,1
House Finch,Haemorhous mexicanus,2026-05-03T00:39:10Z,02-May-2026,17:39:10,0.35,1
House Finch,Haemorhous mexicanus,2026-05-03T00:38:02Z,02-May-2026,17:38:02,0.7804,1
Chestnut-backed Chickadee,Poecile rufescens,2026-05-03T00:35:08Z,02-May-2026,17:35:08,0.9686,4
Chestnut-backed Chickadee,Poecile rufescens,2026-05-03T00:35:03Z,02-May-2026,17:35:03,0.38,1
House Finch,Haemorhous mexicanus,2026-05-03T00:34:30Z,02-May-2026,17:34:30,0.37,1
House Finch,Haemorhous mexicanus,2026-05-03T00:34:20Z,02-May-2026,17:34:20,0.32,1
Chestnut-backed Chickadee,Poecile rufescens,2026-05-03T00:33:53Z,02-May-2026,17:33:53,0.9686,1
House Finch,Haemorhous mexicanus,2026-05-03T00:33:26Z,02-May-2026,17:33:26,0.47,1
Chestnut-backed Chickadee,Poecile rufescens,2026-05-03T00:33:10Z,02-May-2026,17:33:10,0.33,1
House Finch,Haemorhous mexicanus,2026-05-03T00:32:41Z,02-May-2026,17:32:41,0.29,1
Chestnut-backed Chickadee,Poecile rufescens,2026-05-03T00:32:38Z,02-May-2026,17:32:38,0.8745,6
Chestnut-backed Chickadee,Poecile rufescens,2026-05-03T00:32:28Z,02-May-2026,17:32:28,0.51,1
Chestnut-backed Chickadee,Poecile rufescens,2026-05-03T00:32:21Z,02-May-2026,17:32:21,0.58,1
House Finch,Haemorhous mexicanus,2026-05-03T00:32:02Z,02-May-2026,17:32:02,0.8,1
Chestnut-backed Chickadee,Poecile rufescens,2026-05-03T00:30:29Z,02-May-2026,17:30:29,0.31,1
Chestnut-backed Chickadee,Poecile rufescens,2026-05-03T00:29:51Z,02-May-2026,17:29:51,0.9333,1
Steller's Jay,Cyanocitta stelleri,2026-05-03T00:29:30Z,02-May-2026,17:29:30,0.28,1
House Finch,Haemorhous mexicanus,2026-05-03T00:27:56Z,02-May-2026,17:27:56,0.7804,1
American Robin,Turdus migratorius,2026-05-03T00:26:58Z,02-May-2026,17:26:58,0.8157,1
American Robin,Turdus migratorius,2026-05-03T00:26:26Z,02-May-2026,17:26:26,0.27,1
American Robin,Turdus migratorius,2026-05-03T00:26:11Z,02-May-2026,17:26:11,0.32,1
Anna's Hummingbird,Calypte anna,2026-05-03T00:23:11Z,02-May-2026,17:23:11,0.949,1
Steller's Jay,Cyanocitta stelleri,2026-05-03T00:22:06Z,02-May-2026,17:22:06,0.5,1
Steller's Jay,Cyanocitta stelleri,2026-05-03T00:21:56Z,02-May-2026,17:21:56,0.5,1
Steller's Jay,Cyanocitta stelleri,2026-05-03T00:21:07Z,02-May-2026,17:21:07,0.9098,1
Steller's Jay,Cyanocitta stelleri,2026-05-03T00:18:59Z,02-May-2026,17:18:59,0.8627,4
Steller's Jay,Cyanocitta stelleri,2026-05-03T00:18:50Z,02-May-2026,17:18:50,0.36,1
American Robin,Turdus migratorius,2026-05-03T00:18:43Z,02-May-2026,17:18:43,0.34,1
Steller's Jay,Cyanocitta stelleri,2026-05-03T00:18:36Z,02-May-2026,17:18:36,0.37,1
Steller's Jay,Cyanocitta stelleri,2026-05-03T00:17:58Z,02-May-2026,17:17:58,0.95,1
Steller's Jay,Cyanocitta stelleri,2026-05-03T00:17:50Z,02-May-2026,17:17:50,0.8863,1
Steller's Jay,Cyanocitta stelleri,2026-05-03T00:16:51Z,02-May-2026,17:16:51,0.29,1
Bewick's Wren,Thryomanes bewickii,2026-05-03T00:14:39Z,02-May-2026,17:14:39,0.67,1
Bewick's Wren,Thryomanes bewickii,2026-05-03T00:14:32Z,02-May-2026,17:14:32,0.42,1
American Robin,Turdus migratorius,2026-05-03T00:13:46Z,02-May-2026,17:13:46,0.4,1
American Robin,Turdus migratorius,2026-05-03T00:13:13Z,02-May-2026,17:13:13,0.8627,1
Bewick's Wren,Thryomanes bewickii,2026-05-03T00:13:09Z,02-May-2026,17:13:09,0.39,1
American Crow,Corvus brachyrhynchos,2026-05-03T00:12:31Z,02-May-2026,17:12:31,0.26,1
American Crow,Corvus brachyrhynchos,2026-05-03T00:12:17Z,02-May-2026,17:12:17,0.29,1
American Crow,Corvus brachyrhynchos,2026-05-03T00:11:56Z,02-May-2026,17:11:56,0.9255,1
Bewick's Wren,Thryomanes bewickii,2026-05-03T00:10:35Z,02-May-2026,17:10:35,0.57,1
American Robin,Turdus migratorius,2026-05-03T00:10:20Z,02-May-2026,17:10:20,0.5,1
American Robin,Turdus migratorius,2026-05-03T00:10:12Z,02-May-2026,17:10:12,0.32,1
American Robin,Turdus migratorius,2026-05-03T00:10:05Z,02-May-2026,17:10:05,0.84,1
American Robin,Turdus migratorius,2026-05-03T00:09:58Z,02-May-2026,17:09:58,0.64,1
American Robin,Turdus migratorius,2026-05-03T00:09:50Z,02-May-2026,17:09:50,0.28,1
Red-breasted Nuthatch,Sitta canadensis,2026-05-03T00:09:43Z,02-May-2026,17:09:43,0.37,1
American Robin,Turdus migratorius,2026-05-03T00:09:28Z,02-May-2026,17:09:28,0.36,1
American Robin,Turdus migratorius,2026-05-03T00:09:14Z,02-May-2026,17:09:14,0.7804,2
American Robin,Turdus migratorius,2026-05-03T00:09:02Z,02-May-2026,17:09:02,0.56,1
House Finch,Haemorhous mexicanus,2026-05-03T00:08:10Z,02-May-2026,17:08:10,0.8157,1
American Crow,Corvus brachyrhynchos,2026-05-03T00:08:00Z,02-May-2026,17:08:00,0.8745,1
American Robin,Turdus migratorius,2026-05-03T00:07:56Z,02-May-2026,17:07:56,0.27,1
American Robin,Turdus migratorius,2026-05-03T00:07:29Z,02-May-2026,17:07:29,0.28,1
American Crow,Corvus brachyrhynchos,2026-05-03T00:06:01Z,02-May-2026,17:06:01,0.8471,1
American Robin,Turdus migratorius,2026-05-03T00:04:57Z,02-May-2026,17:04:57,0.43,1
Bewick's Wren,Thryomanes bewickii,2026-05-03T00:04:36Z,02-May-2026,17:04:36,0.31,1
American Robin,Turdus migratorius,2026-05-03T00:03:10Z,02-May-2026,17:03:10,0.32,1
American Robin,Turdus migratorius,2026-05-03T00:02:59Z,02-May-2026,17:02:59,0.8157,1
Bewick's Wren,Thryomanes bewickii,2026-05-03T00:02:54Z,02-May-2026,17:02:54,0.5,1
Bewick's Wren,Thryomanes bewickii,2026-05-03T00:02:47Z,02-May-2026,17:02:47,0.72,1
Bewick's Wren,Thryomanes bewickii,2026-05-03T00:02:31Z,02-May-2026,17:02:31,0.33,1
Bewick's Wren,Thryomanes bewickii,2026-05-03T00:01:40Z,02-May-2026,17:01:40,0.47,1
Bewick's Wren,Thryomanes bewickii,2026-05-03T00:00:33Z,02-May-2026,17:00:33,0.33,1
