Species,Scientific Name,UTC Date,Local Date,Local Time,Score,Count
Black-capped Chickadee,Poecile atricapillus,2026-04-25T23:59:15Z,25-Apr-2026,16:59:15,0.8157,1
Black-capped Chickadee,Poecile atricapillus,2026-04-25T23:57:51Z,25-Apr-2026,16:57:51,0.7804,1
Black-capped Chickadee,Poecile atricapillus,2026-04-25T23:56:39Z,25-Apr-2026,16:56:39,0.8745,1
Black-capped Chickadee,Poecile atricapillus,2026-04-25T23:52:14Z,25-Apr-2026,16:52:14,0.8745,6
Black-capped Chickadee,Poecile atricapillus,2026-04-25T23:51:00Z,25-Apr-2026,16:51:00,0.31,1
Black-capped Chickadee,Poecile atricapillus,2026-04-25T23:50:28Z,25-Apr-2026,16:50:28,0.8471,3
Black-capped Chickadee,Poecile atricapillus,2026-04-25T23:49:59Z,25-Apr-2026,16:49:59,0.34,1
Black-capped Chickadee,Poecile atricapillus,2026-04-25T23:49:16Z,25-Apr-2026,16:49:16,0.5,1
Black-capped Chickadee,Poecile atricapillus,2026-04-25T23:49:05Z,25-Apr-2026,16:49:05,0.9412,3
Black-capped Chickadee,Poecile atricapillus,2026-04-25T23:47:23Z,25-Apr-2026,16:47:23,0.27,1
Downy Woodpecker,Dryobates pubescens,2026-04-25T23:47:13Z,25-Apr-2026,16:47:13,0.36,1
Black-capped Chickadee,Poecile atricapillus,2026-04-25T23:47:08Z,25-Apr-2026,16:47:08,0.7804,2
Golden-crowned Kinglet,Regulus satrapa,2026-04-25T23:46:51Z,25-Apr-2026,16:46:51,0.51,1
Golden-crowned Kinglet,Regulus satrapa,2026-04-25T23:46:45Z,25-Apr-2026,16:46:45,0.27,1
Downy Woodpecker,Dryobates pubescens,2026-04-25T23:45:52Z,25-Apr-2026,16:45:52,0.32,1
Black-capped Chickadee,Poecile atricapillus,2026-04-25T23:45:22Z,25-Apr-2026,16:45:22,0.898,5
House Finch,Haemorhous mexicanus,2026-04-25T23:41:51Z,25-Apr-2026,16:41:51,0.42,1
Bewick's Wren,Thryomanes bewickii,2026-04-25T23:40:21Z,25-Apr-2026,16:40:21,0.68,1
Black-capped Chickadee,Poecile atricapillus,2026-04-25T23:38:20Z,25-Apr-2026,16:38:20,0.9412,3
Black-capped Chickadee,Poecile atricapillus,2026-04-25T23:36:59Z,25-Apr-2026,16:36:59,0.9647,1
Bewick's Wren,Thryomanes bewickii,2026-04-25T23:34:39Z,25-Apr-2026,16:34:39,0.46,1
Bewick's Wren,Thryomanes bewickii,2026-04-25T23:34:29Z,25-Apr-2026,16:34:29,0.54,1
Bewick's Wren,Thryomanes bewickii,2026-04-25T23:32:26Z,25-Apr-2026,16:32:26,0.4,1
Bewick's Wren,Thryomanes bewickii,2026-04-25T23:31:29Z,25-Apr-2026,16:31:29,0.48,1
Red-breasted Nuthatch,Sitta canadensis,2026-04-25T23:16:39Z,25-Apr-2026,16:16:39,0.35,1
Red-breasted Nuthatch,Sitta canadensis,2026-04-25T23:16:32Z,25-Apr-2026,16:16:32,0.49,1
Red-breasted Nuthatch,Sitta canadensis,2026-04-25T23:16:24Z,25-Apr-2026,16:16:24,0.29,1
Caspian Tern,Hydroprogne caspia,2026-04-25T22:56:14Z,25-Apr-2026,15:56:14,0.46,1
Caspian Tern,Hydroprogne caspia,2026-04-25T22:55:38Z,25-Apr-2026,15:55:38,0.44,1
Caspian Tern,Hydroprogne caspia,2026-04-25T22:54:50Z,25-Apr-2026,15:54:50,0.44,1
Steller's Jay,Cyanocitta stelleri,2026-04-25T22:47:33Z,25-Apr-2026,15:47:33,0.98,1
Steller's Jay,Cyanocitta stelleri,2026-04-25T22:47:14Z,25-Apr-2026,15:47:14,0.7804,1
Steller's Jay,Cyanocitta stelleri,2026-04-25T22:46:46Z,25-Apr-2026,15:46:46,0.34,1
Steller's Jay,Cyanocitta stelleri,2026-04-25T22:45:50Z,25-Apr-2026,15:45:50,0.36,1
Steller's Jay,Cyanocitta stelleri,2026-04-25T22:44:19Z,25-Apr-2026,15:44:19,0.32,1
Steller's Jay,Cyanocitta stelleri,2026-04-25T22:44:11Z,25-Apr-2026,15:44:11,0.74,1
Steller's Jay,Cyanocitta stelleri,2026-04-25T22:43:55Z,25-Apr-2026,15:43:55,0.9569,1
American Crow,Corvus brachyrhynchos,2026-04-25T22:42:47Z,25-Apr-2026,15:42:47,0.7804,1
Anna's Hummingbird,Calypte anna,2026-04-25T22:27:31Z,25-Apr-2026,15:27:31,0.8,1
House Finch,Haemorhous mexicanus,2026-04-25T22:25:59Z,25-Apr-2026,15:25:59,0.41,1
House Finch,Haemorhous mexicanus,2026-04-25T22:20:27Z,25-Apr-2026,15:20:27,0.898,1
House Finch,Haemorhous mexicanus,2026-04-25T22:19:17Z,25-Apr-2026,15:19:17,0.8157,1
American Crow,Corvus brachyrhynchos,2026-04-25T22:16:50Z,25-Apr-2026,15:16:50,0.898,1
Anna's Hummingbird,Calypte anna,2026-04-25T22:09:47Z,25-Apr-2026,15:09:47,0.898,1
Downy Woodpecker,Dryobates pubescens,2026-04-25T22:06:02Z,25-Apr-2026,15:06:02,0.8,1
Black-capped Chickadee,Poecile atricapillus,2026-04-25T21:59:36Z,25-Apr-2026,14:59:36,0.949,1
Black-capped Chickadee,Poecile atricapillus,2026-04-25T21:55:58Z,25-Apr-2026,14:55:58,0.8745,1
Dark-eyed Junco,Junco hyemalis,2026-04-25T21:55:50Z,25-Apr-2026,14:55:50,0.32,1
Dark-eyed Junco,Junco hyemalis,2026-04-25T21:55:17Z,25-Apr-2026,14:55:17,0.27,1
Dark-eyed Junco,Junco hyemalis,2026-04-25T21:55:00Z,25-Apr-2026,14:55:00,0.35,1
Dark-eyed Junco,Junco hyemalis,2026-04-25T21:54:53Z,25-Apr-2026,14:54:53,0.49,1
Dark-eyed Junco,Junco hyemalis,2026-04-25T21:54:45Z,25-Apr-2026,14:54:45,0.41,1
Downy Woodpecker,Dryobates pubescens,2026-04-25T21:48:00Z,25-Apr-2026,14:48:00,0.43,1
House Finch,Haemorhous mexicanus,2026-04-25T21:45:54Z,25-Apr-2026,14:45:54,0.8745,1
Dark-eyed Junco,Junco hyemalis,2026-04-25T21:42:19Z,25-Apr-2026,14:42:19,0.44,1
Downy Woodpecker,Dryobates pubescens,2026-04-25T21:42:06Z,25-Apr-2026,14:42:06,0.4,1
Anna's Hummingbird,Calypte anna,2026-04-25T21:32:11Z,25-Apr-2026,14:32:11,0.8745,1
Dark-eyed Junco,Junco hyemalis,2026-04-25T21:28:58Z,25-Apr-2026,14:28:58,0.72,1
Anna's Hummingbird,Calypte anna,2026-04-25T21:25:26Z,25-Apr-2026,14:25:26,0.9765,1
Black-capped Chickadee,Poecile atricapillus,2026-04-25T21:24:03Z,25-Apr-2026,14:24:03,0.7804,7
Black-capped Chickadee,Poecile atricapillus,2026-04-25T21:20:17Z,25-Apr-2026,14:20:17,0.63,1
Black-capped Chickadee,Poecile atricapillus,2026-04-25T21:20:10Z,25-Apr-2026,14:20:10,0.46,1
Black-capped Chickadee,Poecile atricapillus,2026-04-25T21:20:00Z,25-Apr-2026,14:20:00,0.9255,1
Common Raven,Corvus corax,2026-04-25T21:19:13Z,25-Apr-2026,14:19:13,0.41,1
Mountain Chickadee,Poecile gambeli,2026-04-25T21:10:06Z,25-Apr-2026,14:10:06,0.32,1
Red-winged Blackbird,Agelaius phoeniceus,2026-04-25T20:57:14Z,25-Apr-2026,13:57:14,0.33,1
Bewick's Wren,Thryomanes bewickii,2026-04-25T20:43:42Z,25-Apr-2026,13:43:42,0.53,1
Bewick's Wren,Thryomanes bewickii,2026-04-25T20:42:55Z,25-Apr-2026,13:42:55,0.29,1
Townsend's Warbler,Setophaga townsendi,2026-04-25T20:38:18Z,25-Apr-2026,13:38:18,0.66,1
Townsend's Warbler,Setophaga townsendi,2026-04-25T20:38:04Z,25-Apr-2026,13:38:04,0.26,1
Bewick's Wren,Thryomanes bewickii,2026-04-25T20:37:57Z,25-Apr-2026,13:37:57,0.44,1
American Crow,Corvus brachyrhynchos,2026-04-25T20:37:34Z,25-Apr-2026,13:37:34,0.32,1
American Crow,Corvus brachyrhynchos,2026-04-25T20:37:26Z,25-Apr-2026,13:37:26,0.59,1
Anna's Hummingbird,Calypte anna,2026-04-25T20:36:28Z,25-Apr-2026,13:36:28,0.8,1
Black-capped Chickadee,Poecile atricapillus,2026-04-25T20:36:00Z,25-Apr-2026,13:36:00,0.37,1
Black-capped Chickadee,Poecile atricapillus,2026-04-25T20:35:53Z,25-Apr-2026,13:35:53,0.57,1
Townsend's Warbler,Setophaga townsendi,2026-04-25T20:29:49Z,25-Apr-2026,13:29:49,0.35,1
Bewick's Wren,Thryomanes bewickii,2026-04-25T20:29:15Z,25-Apr-2026,13:29:15,0.31,1
Trumpeter Swan,Cygnus buccinator,2026-04-25T20:28:24Z,25-Apr-2026,13:28:24,0.54,1
Bewick's Wren,Thryomanes bewickii,2026-04-25T20:28:17Z,25-Apr-2026,13:28:17,0.35,1
House Finch,Haemorhous mexicanus,2026-04-25T20:20:11Z,25-Apr-2026,13:20:11,0.7804,1
Dark-eyed Junco,Junco hyemalis,2026-04-25T20:17:52Z,25-Apr-2026,13:17:52,0.57,1
Dark-eyed Junco,Junco hyemalis,2026-04-25T20:17:27Z,25-Apr-2026,13:17:27,0.59,1
Dark-eyed Junco,Junco hyemalis,2026-04-25T20:17:20Z,25-Apr-2026,13:17:20,0.69,1
Dark-eyed Junco,Junco hyemalis,2026-04-25T20:17:13Z,25-Apr-2026,13:17:13,0.67,1
Dark-eyed Junco,Junco hyemalis,2026-04-25T20:15:50Z,25-Apr-2026,13:15:50,0.87,1
Dark-eyed Junco,Junco hyemalis,2026-04-25T20:14:46Z,25-Apr-2026,13:14:46,0.51,1
House Finch,Haemorhous mexicanus,2026-04-25T20:13:24Z,25-Apr-2026,13:13:24,0.26,1
House Finch,Haemorhous mexicanus,2026-04-25T20:07:37Z,25-Apr-2026,13:07:37,0.8157,1
Black-capped Chickadee,Poecile atricapillus,2026-04-25T19:57:56Z,25-Apr-2026,12:57:56,0.29,1
Red-breasted Nuthatch,Sitta canadensis,2026-04-25T19:55:52Z,25-Apr-2026,12:55:52,0.27,1
Red-breasted Nuthatch,Sitta canadensis,2026-04-25T19:55:46Z,25-Apr-2026,12:55:46,0.33,1
Black-capped Chickadee,Poecile atricapillus,2026-04-25T19:54:00Z,25-Apr-2026,12:54:00,0.8471,1
Black-capped Chickadee,Poecile atricapillus,2026-04-25T19:53:39Z,25-Apr-2026,12:53:39,0.41,1
Black-capped Chickadee,Poecile atricapillus,2026-04-25T19:52:44Z,25-Apr-2026,12:52:44,0.35,1
House Finch,Haemorhous mexicanus,2026-04-25T19:51:57Z,25-Apr-2026,12:51:57,0.949,5
White-throated Sparrow,Zonotrichia albicollis,2026-04-25T19:51:44Z,25-Apr-2026,12:51:44,0.27,1
House Finch,Haemorhous mexicanus,2026-04-25T19:50:33Z,25-Apr-2026,12:50:33,0.9098,2
Bewick's Wren,Thryomanes bewickii,2026-04-25T19:50:27Z,25-Apr-2026,12:50:27,0.52,1
House Finch,Haemorhous mexicanus,2026-04-25T19:48:54Z,25-Apr-2026,12:48:54,0.7804,3
House Finch,Haemorhous mexicanus,2026-04-25T19:47:33Z,25-Apr-2026,12:47:33,0.8863,1
Chestnut-backed Chickadee,Poecile rufescens,2026-04-25T19:47:19Z,25-Apr-2026,12:47:19,0.8157,2
American Robin,Turdus migratorius,2026-04-25T19:46:02Z,25-Apr-2026,12:46:02,0.8314,1
American Robin,Turdus migratorius,2026-04-25T19:45:51Z,25-Apr-2026,12:45:51,0.41,1
American Robin,Turdus migratorius,2026-04-25T19:45:35Z,25-Apr-2026,12:45:35,0.27,1
House Finch,Haemorhous mexicanus,2026-04-25T19:42:53Z,25-Apr-2026,12:42:53,0.7804,3
House Finch,Haemorhous mexicanus,2026-04-25T19:41:42Z,25-Apr-2026,12:41:42,0.8863,1
Chestnut-backed Chickadee,Poecile rufescens,2026-04-25T19:40:18Z,25-Apr-2026,12:40:18,0.47,1
American Crow,Corvus brachyrhynchos,2026-04-25T19:40:09Z,25-Apr-2026,12:40:09,0.9176,1
Black-capped Chickadee,Poecile atricapillus,2026-04-25T19:39:57Z,25-Apr-2026,12:39:57,0.8863,2
Chestnut-backed Chickadee,Poecile rufescens,2026-04-25T19:39:50Z,25-Apr-2026,12:39:50,0.8,1
Black-capped Chickadee,Poecile atricapillus,2026-04-25T19:38:25Z,25-Apr-2026,12:38:25,0.9176,1
Chestnut-backed Chickadee,Poecile rufescens,2026-04-25T19:34:07Z,25-Apr-2026,12:34:07,0.45,1
Chestnut-backed Chickadee,Poecile rufescens,2026-04-25T19:33:56Z,25-Apr-2026,12:33:56,0.31,1
American Crow,Corvus brachyrhynchos,2026-04-25T19:33:41Z,25-Apr-2026,12:33:41,0.33,1
Chestnut-backed Chickadee,Poecile rufescens,2026-04-25T19:33:21Z,25-Apr-2026,12:33:21,0.29,1
Bewick's Wren,Thryomanes bewickii,2026-04-25T19:33:10Z,25-Apr-2026,12:33:10,0.78,1
Chestnut-backed Chickadee,Poecile rufescens,2026-04-25T19:33:00Z,25-Apr-2026,12:33:00,0.9098,2
American Crow,Corvus brachyrhynchos,2026-04-25T19:32:03Z,25-Apr-2026,12:32:03,0.4,1
Chestnut-backed Chickadee,Poecile rufescens,2026-04-25T19:28:55Z,25-Apr-2026,12:28:55,0.9255,1
House Finch,Haemorhous mexicanus,2026-04-25T19:27:58Z,25-Apr-2026,12:27:58,0.8,1
House Finch,Haemorhous mexicanus,2026-04-25T19:27:17Z,25-Apr-2026,12:27:17,0.37,1
American Crow,Corvus brachyrhynchos,2026-04-25T19:27:00Z,25-Apr-2026,12:27:00,0.8157,1
Chestnut-backed Chickadee,Poecile rufescens,2026-04-25T19:26:47Z,25-Apr-2026,12:26:47,0.77,1
Chestnut-backed Chickadee,Poecile rufescens,2026-04-25T19:26:09Z,25-Apr-2026,12:26:09,0.32,1
Chestnut-backed Chickadee,Poecile rufescens,2026-04-25T19:25:48Z,25-Apr-2026,12:25:48,0.28,1
House Finch,Haemorhous mexicanus,2026-04-25T19:25:29Z,25-Apr-2026,12:25:29,0.8314,1
Chestnut-backed Chickadee,Poecile rufescens,2026-04-25T19:25:15Z,25-Apr-2026,12:25:15,0.8471,1
Dark-eyed Junco,Junco hyemalis,2026-04-25T19:23:54Z,25-Apr-2026,12:23:54,0.37,1
House Finch,Haemorhous mexicanus,2026-04-25T19:23:47Z,25-Apr-2026,12:23:47,0.29,1
House Finch,Haemorhous mexicanus,2026-04-25T19:23:36Z,25-Apr-2026,12:23:36,0.8471,1
House Finch,Haemorhous mexicanus,2026-04-25T19:23:00Z,25-Apr-2026,12:23:00,0.29,1
Chestnut-backed Chickadee,Poecile rufescens,2026-04-25T19:22:42Z,25-Apr-2026,12:22:42,0.33,1
Chestnut-backed Chickadee,Poecile rufescens,2026-04-25T19:22:35Z,25-Apr-2026,12:22:35,0.51,1
House Finch,Haemorhous mexicanus,2026-04-25T19:21:44Z,25-Apr-2026,12:21:44,0.8157,5
House Finch,Haemorhous mexicanus,2026-04-25T19:21:05Z,25-Apr-2026,12:21:05,0.49,1
Chestnut-backed Chickadee,Poecile rufescens,2026-04-25T19:20:49Z,25-Apr-2026,12:20:49,0.7804,3
Chestnut-backed Chickadee,Poecile rufescens,2026-04-25T19:20:44Z,25-Apr-2026,12:20:44,0.53,1
Chestnut-backed Chickadee,Poecile rufescens,2026-04-25T19:20:29Z,25-Apr-2026,12:20:29,0.53,1
House Finch,Haemorhous mexicanus,2026-04-25T19:20:25Z,25-Apr-2026,12:20:25,0.8745,3
Chestnut-backed Chickadee,Poecile rufescens,2026-04-25T19:20:21Z,25-Apr-2026,12:20:21,0.4,1
House Finch,Haemorhous mexicanus,2026-04-25T19:19:14Z,25-Apr-2026,12:19:14,0.898,3
Chestnut-backed Chickadee,Poecile rufescens,2026-04-25T19:19:07Z,25-Apr-2026,12:19:07,0.46,1
Chestnut-backed Chickadee,Poecile rufescens,2026-04-25T19:18:38Z,25-Apr-2026,12:18:38,0.9176,5
House Finch,Haemorhous mexicanus,2026-04-25T19:18:01Z,25-Apr-2026,12:18:01,0.8314,1
House Finch,Haemorhous mexicanus,2026-04-25T19:17:42Z,25-Apr-2026,12:17:42,0.43,1
Chestnut-backed Chickadee,Poecile rufescens,2026-04-25T19:17:29Z,25-Apr-2026,12:17:29,0.9098,1
Chestnut-backed Chickadee,Poecile rufescens,2026-04-25T19:17:02Z,25-Apr-2026,12:17:02,0.52,1
House Finch,Haemorhous mexicanus,2026-04-25T19:14:17Z,25-Apr-2026,12:14:17,0.8314,2
House Finch,Haemorhous mexicanus,2026-04-25T19:13:00Z,25-Apr-2026,12:13:00,0.59,1
House Finch,Haemorhous mexicanus,2026-04-25T19:12:50Z,25-Apr-2026,12:12:50,0.8863,1
House Finch,Haemorhous mexicanus,2026-04-25T19:11:09Z,25-Apr-2026,12:11:09,0.8157,1
House Finch,Haemorhous mexicanus,2026-04-25T19:08:38Z,25-Apr-2026,12:08:38,0.29,1
House Finch,Haemorhous mexicanus,2026-04-25T19:07:41Z,25-Apr-2026,12:07:41,0.44,1
House Finch,Haemorhous mexicanus,2026-04-25T19:07:30Z,25-Apr-2026,12:07:30,0.8863,1
House Finch,Haemorhous mexicanus,2026-04-25T19:06:09Z,25-Apr-2026,12:06:09,0.8863,1
Black-capped Chickadee,Poecile atricapillus,2026-04-25T19:03:25Z,25-Apr-2026,12:03:25,0.8,2
Dark-eyed Junco,Junco hyemalis,2026-04-25T19:03:03Z,25-Apr-2026,12:03:03,0.26,1
Mountain Chickadee,Poecile gambeli,2026-04-25T19:02:31Z,25-Apr-2026,12:02:31,0.68,1
Black-capped Chickadee,Poecile atricapillus,2026-04-25T19:02:15Z,25-Apr-2026,12:02:15,0.8863,3
Downy Woodpecker,Dryobates pubescens,2026-04-25T18:59:25Z,25-Apr-2026,11:59:25,0.8157,1
Black-capped Chickadee,Poecile atricapillus,2026-04-25T18:58:12Z,25-Apr-2026,11:58:12,0.8314,5
Black-capped Chickadee,Poecile atricapillus,2026-04-25T18:57:08Z,25-Apr-2026,11:57:08,0.8,1
Downy Woodpecker,Dryobates pubescens,2026-04-25T18:56:48Z,25-Apr-2026,11:56:48,0.56,1
House Finch,Haemorhous mexicanus,2026-04-25T18:56:05Z,25-Apr-2026,11:56:05,0.8,1
House Finch,Haemorhous mexicanus,2026-04-25T18:54:35Z,25-Apr-2026,11:54:35,0.9255,1
American Crow,Corvus brachyrhynchos,2026-04-25T18:53:20Z,25-Apr-2026,11:53:20,0.7804,1
Dark-eyed Junco,Junco hyemalis,2026-04-25T18:53:09Z,25-Apr-2026,11:53:09,0.43,1
Dark-eyed Junco,Junco hyemalis,2026-04-25T18:52:06Z,25-Apr-2026,11:52:06,0.58,1
Chipping Sparrow,Spizella passerina,2026-04-25T18:51:45Z,25-Apr-2026,11:51:45,0.47,1
Red-breasted Nuthatch,Sitta canadensis,2026-04-25T18:50:38Z,25-Apr-2026,11:50:38,0.28,1
Bewick's Wren,Thryomanes bewickii,2026-04-25T18:50:11Z,25-Apr-2026,11:50:11,0.48,1
Bewick's Wren,Thryomanes bewickii,2026-04-25T18:48:54Z,25-Apr-2026,11:48:54,0.81,1
Bewick's Wren,Thryomanes bewickii,2026-04-25T18:48:31Z,25-Apr-2026,11:48:31,0.36,1
Bewick's Wren,Thryomanes bewickii,2026-04-25T18:48:25Z,25-Apr-2026,11:48:25,0.84,1
Bewick's Wren,Thryomanes bewickii,2026-04-25T18:47:54Z,25-Apr-2026,11:47:54,0.5,1
Bewick's Wren,Thryomanes bewickii,2026-04-25T18:47:43Z,25-Apr-2026,11:47:43,0.95,1
Bewick's Wren,Thryomanes bewickii,2026-04-25T18:46:57Z,25-Apr-2026,11:46:57,0.61,1
Dark-eyed Junco,Junco hyemalis,2026-04-25T18:45:46Z,25-Apr-2026,11:45:46,0.43,1
Chestnut-backed Chickadee,Poecile rufescens,2026-04-25T18:44:17Z,25-Apr-2026,11:44:17,0.26,1
Chestnut-backed Chickadee,Poecile rufescens,2026-04-25T18:43:52Z,25-Apr-2026,11:43:52,0.57,1
Anna's Hummingbird,Calypte anna,2026-04-25T18:43:38Z,25-Apr-2026,11:43:38,0.8863,1
Dark-eyed Junco,Junco hyemalis,2026-04-25T18:43:31Z,25-Apr-2026,11:43:31,0.8314,1
Chestnut-backed Chickadee,Poecile rufescens,2026-04-25T18:42:51Z,25-Apr-2026,11:42:51,0.8157,8
Bewick's Wren,Thryomanes bewickii,2026-04-25T18:42:39Z,25-Apr-2026,11:42:39,0.5,1
Chestnut-backed Chickadee,Poecile rufescens,2026-04-25T18:41:59Z,25-Apr-2026,11:41:59,0.44,1
Chestnut-backed Chickadee,Poecile rufescens,2026-04-25T18:41:49Z,25-Apr-2026,11:41:49,0.65,1
Chestnut-backed Chickadee,Poecile rufescens,2026-04-25T18:41:36Z,25-Apr-2026,11:41:36,0.9412,5
Bewick's Wren,Thryomanes bewickii,2026-04-25T18:41:08Z,25-Apr-2026,11:41:08,0.78,1
House Finch,Haemorhous mexicanus,2026-04-25T18:39:46Z,25-Apr-2026,11:39:46,0.26,1
Chestnut-backed Chickadee,Poecile rufescens,2026-04-25T18:39:23Z,25-Apr-2026,11:39:23,0.9961,4
Chestnut-backed Chickadee,Poecile rufescens,2026-04-25T18:38:17Z,25-Apr-2026,11:38:17,0.9098,3
Chestnut-backed Chickadee,Poecile rufescens,2026-04-25T18:37:12Z,25-Apr-2026,11:37:12,0.8314,4
Chestnut-backed Chickadee,Poecile rufescens,2026-04-25T18:37:07Z,25-Apr-2026,11:37:07,0.41,1
Chestnut-backed Chickadee,Poecile rufescens,2026-04-25T18:36:51Z,25-Apr-2026,11:36:51,0.29,1
Chestnut-backed Chickadee,Poecile rufescens,2026-04-25T18:36:29Z,25-Apr-2026,11:36:29,0.48,1
Chestnut-backed Chickadee,Poecile rufescens,2026-04-25T18:36:12Z,25-Apr-2026,11:36:12,0.76,1
Chestnut-backed Chickadee,Poecile rufescens,2026-04-25T18:36:05Z,25-Apr-2026,11:36:05,0.949,6
Chestnut-backed Chickadee,Poecile rufescens,2026-04-25T18:35:30Z,25-Apr-2026,11:35:30,0.63,1
Chestnut-backed Chickadee,Poecile rufescens,2026-04-25T18:35:02Z,25-Apr-2026,11:35:02,0.9804,6
Chestnut-backed Chickadee,Poecile rufescens,2026-04-25T18:34:05Z,25-Apr-2026,11:34:05,0.49,1
Chestnut-backed Chickadee,Poecile rufescens,2026-04-25T18:33:58Z,25-Apr-2026,11:33:58,0.898,1
Chestnut-backed Chickadee,Poecile rufescens,2026-04-25T18:33:48Z,25-Apr-2026,11:33:48,0.59,1
Chestnut-backed Chickadee,Poecile rufescens,2026-04-25T18:33:18Z,25-Apr-2026,11:33:18,0.39,1
Fox Sparrow,Passerella iliaca,2026-04-25T18:32:55Z,25-Apr-2026,11:32:55,0.55,1
Dark-eyed Junco,Junco hyemalis,2026-04-25T18:27:51Z,25-Apr-2026,11:27:51,0.41,1
Bewick's Wren,Thryomanes bewickii,2026-04-25T18:26:48Z,25-Apr-2026,11:26:48,0.52,1
Bewick's Wren,Thryomanes bewickii,2026-04-25T18:26:41Z,25-Apr-2026,11:26:41,0.33,1
Bewick's Wren,Thryomanes bewickii,2026-04-25T18:24:14Z,25-Apr-2026,11:24:14,0.66,1
Bewick's Wren,Thryomanes bewickii,2026-04-25T18:23:28Z,25-Apr-2026,11:23:28,0.27,1
American Crow,Corvus brachyrhynchos,2026-04-25T18:22:29Z,25-Apr-2026,11:22:29,0.8627,1
Anna's Hummingbird,Calypte anna,2026-04-25T18:21:16Z,25-Apr-2026,11:21:16,0.9569,1
Bewick's Wren,Thryomanes bewickii,2026-04-25T18:21:12Z,25-Apr-2026,11:21:12,0.61,1
Anna's Hummingbird,Calypte anna,2026-04-25T18:17:15Z,25-Apr-2026,11:17:15,0.8745,1
American Crow,Corvus brachyrhynchos,2026-04-25T18:15:37Z,25-Apr-2026,11:15:37,0.7804,1
Merlin,Falco columbarius,2026-04-25T18:15:20Z,25-Apr-2026,11:15:20,0.51,1
Chestnut-backed Chickadee,Poecile rufescens,2026-04-25T18:14:45Z,25-Apr-2026,11:14:45,0.8627,12
Chestnut-backed Chickadee,Poecile rufescens,2026-04-25T18:13:41Z,25-Apr-2026,11:13:41,0.9176,12
Chestnut-backed Chickadee,Poecile rufescens,2026-04-25T18:12:35Z,25-Apr-2026,11:12:35,0.949,3
Bewick's Wren,Thryomanes bewickii,2026-04-25T18:11:50Z,25-Apr-2026,11:11:50,0.61,1
Dark-eyed Junco,Junco hyemalis,2026-04-25T18:11:10Z,25-Apr-2026,11:11:10,0.32,1
Chestnut-backed Chickadee,Poecile rufescens,2026-04-25T18:10:57Z,25-Apr-2026,11:10:57,0.9569,3
House Finch,Haemorhous mexicanus,2026-04-25T18:10:20Z,25-Apr-2026,11:10:20,0.8157,1
Bewick's Wren,Thryomanes bewickii,2026-04-25T18:10:10Z,25-Apr-2026,11:10:10,0.35,1
Chestnut-backed Chickadee,Poecile rufescens,2026-04-25T18:09:52Z,25-Apr-2026,11:09:52,0.9333,4
Chestnut-backed Chickadee,Poecile rufescens,2026-04-25T18:09:34Z,25-Apr-2026,11:09:34,0.47,1
Chestnut-backed Chickadee,Poecile rufescens,2026-04-25T18:09:27Z,25-Apr-2026,11:09:27,0.27,1
Bewick's Wren,Thryomanes bewickii,2026-04-25T18:08:35Z,25-Apr-2026,11:08:35,0.26,1
Chestnut-backed Chickadee,Poecile rufescens,2026-04-25T18:08:14Z,25-Apr-2026,11:08:14,0.8863,3
Black-capped Chickadee,Poecile atricapillus,2026-04-25T18:08:10Z,25-Apr-2026,11:08:10,0.8627,1
Chestnut-backed Chickadee,Poecile rufescens,2026-04-25T18:08:03Z,25-Apr-2026,11:08:03,0.6,1
House Finch,Haemorhous mexicanus,2026-04-25T18:07:59Z,25-Apr-2026,11:07:59,0.8,2
Chestnut-backed Chickadee,Poecile rufescens,2026-04-25T18:07:22Z,25-Apr-2026,11:07:22,0.3,1
Chestnut-backed Chickadee,Poecile rufescens,2026-04-25T18:07:00Z,25-Apr-2026,11:07:00,0.8157,5
Chestnut-backed Chickadee,Poecile rufescens,2026-04-25T18:06:56Z,25-Apr-2026,11:06:56,0.48,1
House Finch,Haemorhous mexicanus,2026-04-25T18:06:35Z,25-Apr-2026,11:06:35,0.41,1
House Finch,Haemorhous mexicanus,2026-04-25T18:06:31Z,25-Apr-2026,11:06:31,0.8157,1
Chestnut-backed Chickadee,Poecile rufescens,2026-04-25T18:05:58Z,25-Apr-2026,11:05:58,0.8863,5
Chestnut-backed Chickadee,Poecile rufescens,2026-04-25T18:04:52Z,25-Apr-2026,11:04:52,0.8471,2
Chestnut-backed Chickadee,Poecile rufescens,2026-04-25T18:03:47Z,25-Apr-2026,11:03:47,0.35,1
Chestnut-backed Chickadee,Poecile rufescens,2026-04-25T18:03:40Z,25-Apr-2026,11:03:40,0.4,1
Chestnut-backed Chickadee,Poecile rufescens,2026-04-25T18:03:36Z,25-Apr-2026,11:03:36,0.8314,2
House Finch,Haemorhous mexicanus,2026-04-25T18:03:32Z,25-Apr-2026,11:03:32,0.8471,1
Chestnut-backed Chickadee,Poecile rufescens,2026-04-25T18:03:03Z,25-Apr-2026,11:03:03,0.5,1
Chestnut-backed Chickadee,Poecile rufescens,2026-04-25T18:02:15Z,25-Apr-2026,11:02:15,0.949,5
Chestnut-backed Chickadee,Poecile rufescens,2026-04-25T18:01:04Z,25-Apr-2026,11:01:04,0.8157,5
Chestnut-backed Chickadee,Poecile rufescens,2026-04-25T18:00:51Z,25-Apr-2026,11:00:51,0.33,1
Chestnut-backed Chickadee,Poecile rufescens,2026-04-25T18:00:37Z,25-Apr-2026,11:00:37,0.29,1
Chestnut-backed Chickadee,Poecile rufescens,2026-04-25T18:00:20Z,25-Apr-2026,11:00:20,0.45,1
Chestnut-backed Chickadee,Poecile rufescens,2026-04-25T18:00:10Z,25-Apr-2026,11:00:10,0.65,1
Chestnut-backed Chickadee,Poecile rufescens,2026-04-25T17:59:59Z,25-Apr-2026,10:59:59,0.7804,1
Dark-eyed Junco,Junco hyemalis,2026-04-25T17:58:53Z,25-Apr-2026,10:58:53,0.28,1
White-crowned Sparrow,Zonotrichia leucophrys,2026-04-25T17:58:46Z,25-Apr-2026,10:58:46,0.38,1
White-crowned Sparrow,Zonotrichia leucophrys,2026-04-25T17:58:17Z,25-Apr-2026,10:58:17,0.29,1
House Finch,Haemorhous mexicanus,2026-04-25T17:56:32Z,25-Apr-2026,10:56:32,0.7804,1
House Finch,Haemorhous mexicanus,2026-04-25T17:55:11Z,25-Apr-2026,10:55:11,0.9098,5
House Finch,Haemorhous mexicanus,2026-04-25T17:54:50Z,25-Apr-2026,10:54:50,0.58,1
House Finch,Haemorhous mexicanus,2026-04-25T17:54:17Z,25-Apr-2026,10:54:17,0.37,1
House Finch,Haemorhous mexicanus,2026-04-25T17:54:03Z,25-Apr-2026,10:54:03,0.8471,7
Black-capped Chickadee,Poecile atricapillus,2026-04-25T17:53:56Z,25-Apr-2026,10:53:56,0.5,1
House Finch,Haemorhous mexicanus,2026-04-25T17:53:25Z,25-Apr-2026,10:53:25,0.37,1
House Finch,Haemorhous mexicanus,2026-04-25T17:53:02Z,25-Apr-2026,10:53:02,0.28,1
House Finch,Haemorhous mexicanus,2026-04-25T17:52:48Z,25-Apr-2026,10:52:48,0.8627,7
Red-breasted Nuthatch,Sitta canadensis,2026-04-25T17:52:17Z,25-Apr-2026,10:52:17,0.47,1
House Finch,Haemorhous mexicanus,2026-04-25T17:51:53Z,25-Apr-2026,10:51:53,0.26,1
House Finch,Haemorhous mexicanus,2026-04-25T17:51:46Z,25-Apr-2026,10:51:46,0.9647,1
Chestnut-backed Chickadee,Poecile rufescens,2026-04-25T17:50:37Z,25-Apr-2026,10:50:37,0.53,1
House Finch,Haemorhous mexicanus,2026-04-25T17:47:56Z,25-Apr-2026,10:47:56,0.8,1
House Finch,Haemorhous mexicanus,2026-04-25T17:43:29Z,25-Apr-2026,10:43:29,0.8627,5
Bewick's Wren,Thryomanes bewickii,2026-04-25T17:42:56Z,25-Apr-2026,10:42:56,0.75,1
Bewick's Wren,Thryomanes bewickii,2026-04-25T17:42:49Z,25-Apr-2026,10:42:49,0.31,1
Bewick's Wren,Thryomanes bewickii,2026-04-25T17:42:35Z,25-Apr-2026,10:42:35,0.7,1
Bewick's Wren,Thryomanes bewickii,2026-04-25T17:42:11Z,25-Apr-2026,10:42:11,0.51,1
Bewick's Wren,Thryomanes bewickii,2026-04-25T17:42:00Z,25-Apr-2026,10:42:00,0.69,1
Bewick's Wren,Thryomanes bewickii,2026-04-25T17:41:44Z,25-Apr-2026,10:41:44,0.6,1
Bewick's Wren,Thryomanes bewickii,2026-04-25T17:41:30Z,25-Apr-2026,10:41:30,0.78,1
House Finch,Haemorhous mexicanus,2026-04-25T17:40:48Z,25-Apr-2026,10:40:48,0.8745,5
House Finch,Haemorhous mexicanus,2026-04-25T17:40:34Z,25-Apr-2026,10:40:34,0.27,1
Bewick's Wren,Thryomanes bewickii,2026-04-25T17:40:23Z,25-Apr-2026,10:40:23,0.4,1
House Finch,Haemorhous mexicanus,2026-04-25T17:39:33Z,25-Apr-2026,10:39:33,0.8627,9
House Finch,Haemorhous mexicanus,2026-04-25T17:39:02Z,25-Apr-2026,10:39:02,0.29,1
House Finch,Haemorhous mexicanus,2026-04-25T17:37:44Z,25-Apr-2026,10:37:44,0.8745,1
Bewick's Wren,Thryomanes bewickii,2026-04-25T17:37:32Z,25-Apr-2026,10:37:32,0.69,1
Bewick's Wren,Thryomanes bewickii,2026-04-25T17:37:24Z,25-Apr-2026,10:37:24,0.72,1
Bewick's Wren,Thryomanes bewickii,2026-04-25T17:37:07Z,25-Apr-2026,10:37:07,0.27,1
Bewick's Wren,Thryomanes bewickii,2026-04-25T17:36:54Z,25-Apr-2026,10:36:54,0.55,1
Bewick's Wren,Thryomanes bewickii,2026-04-25T17:36:42Z,25-Apr-2026,10:36:42,0.46,1
Bewick's Wren,Thryomanes bewickii,2026-04-25T17:36:23Z,25-Apr-2026,10:36:23,0.86,1
Chestnut-backed Chickadee,Poecile rufescens,2026-04-25T17:36:16Z,25-Apr-2026,10:36:16,0.48,1
Bewick's Wren,Thryomanes bewickii,2026-04-25T17:36:09Z,25-Apr-2026,10:36:09,0.64,1
Bewick's Wren,Thryomanes bewickii,2026-04-25T17:36:02Z,25-Apr-2026,10:36:02,0.83,1
Bewick's Wren,Thryomanes bewickii,2026-04-25T17:35:53Z,25-Apr-2026,10:35:53,0.92,1
Chestnut-backed Chickadee,Poecile rufescens,2026-04-25T17:35:47Z,25-Apr-2026,10:35:47,0.8157,1
Bewick's Wren,Thryomanes bewickii,2026-04-25T17:35:43Z,25-Apr-2026,10:35:43,0.8,1
Bewick's Wren,Thryomanes bewickii,2026-04-25T17:35:36Z,25-Apr-2026,10:35:36,0.79,1
Bewick's Wren,Thryomanes bewickii,2026-04-25T17:35:20Z,25-Apr-2026,10:35:20,0.9,1
Bewick's Wren,Thryomanes bewickii,2026-04-25T17:35:06Z,25-Apr-2026,10:35:06,0.81,1
Bewick's Wren,Thryomanes bewickii,2026-04-25T17:34:56Z,25-Apr-2026,10:34:56,0.86,1
Bewick's Wren,Thryomanes bewickii,2026-04-25T17:34:49Z,25-Apr-2026,10:34:49,0.56,1
Bewick's Wren,Thryomanes bewickii,2026-04-25T17:34:29Z,25-Apr-2026,10:34:29,0.72,1
Dark-eyed Junco,Junco hyemalis,2026-04-25T17:34:05Z,25-Apr-2026,10:34:05,0.46,1
Dark-eyed Junco,Junco hyemalis,2026-04-25T17:33:55Z,25-Apr-2026,10:33:55,0.41,1
Dark-eyed Junco,Junco hyemalis,2026-04-25T17:33:48Z,25-Apr-2026,10:33:48,0.31,1
Dark-eyed Junco,Junco hyemalis,2026-04-25T17:33:41Z,25-Apr-2026,10:33:41,0.52,1
Chestnut-backed Chickadee,Poecile rufescens,2026-04-25T17:33:16Z,25-Apr-2026,10:33:16,0.8157,1
Bewick's Wren,Thryomanes bewickii,2026-04-25T17:30:32Z,25-Apr-2026,10:30:32,0.46,1
Bewick's Wren,Thryomanes bewickii,2026-04-25T17:30:19Z,25-Apr-2026,10:30:19,0.85,1
American Goldfinch,Spinus tristis,2026-04-25T17:30:12Z,25-Apr-2026,10:30:12,0.7804,1
Bewick's Wren,Thryomanes bewickii,2026-04-25T17:30:05Z,25-Apr-2026,10:30:05,0.82,1
Bewick's Wren,Thryomanes bewickii,2026-04-25T17:29:52Z,25-Apr-2026,10:29:52,0.5,1
American Crow,Corvus brachyrhynchos,2026-04-25T17:29:33Z,25-Apr-2026,10:29:33,0.898,1
Steller's Jay,Cyanocitta stelleri,2026-04-25T17:27:14Z,25-Apr-2026,10:27:14,0.28,1
Chestnut-backed Chickadee,Poecile rufescens,2026-04-25T17:26:45Z,25-Apr-2026,10:26:45,0.8314,1
Chestnut-backed Chickadee,Poecile rufescens,2026-04-25T17:25:56Z,25-Apr-2026,10:25:56,0.28,1
Chestnut-backed Chickadee,Poecile rufescens,2026-04-25T17:25:23Z,25-Apr-2026,10:25:23,0.51,1
American Crow,Corvus brachyrhynchos,2026-04-25T17:25:01Z,25-Apr-2026,10:25:01,0.8157,1
Steller's Jay,Cyanocitta stelleri,2026-04-25T17:24:47Z,25-Apr-2026,10:24:47,0.9647,2
Chestnut-backed Chickadee,Poecile rufescens,2026-04-25T17:23:31Z,25-Apr-2026,10:23:31,0.62,1
Chestnut-backed Chickadee,Poecile rufescens,2026-04-25T17:23:24Z,25-Apr-2026,10:23:24,0.5,1
Chestnut-backed Chickadee,Poecile rufescens,2026-04-25T17:23:08Z,25-Apr-2026,10:23:08,0.7804,7
Chestnut-backed Chickadee,Poecile rufescens,2026-04-25T17:22:36Z,25-Apr-2026,10:22:36,0.26,1
Chestnut-backed Chickadee,Poecile rufescens,2026-04-25T17:22:05Z,25-Apr-2026,10:22:05,0.8,1
Bewick's Wren,Thryomanes bewickii,2026-04-25T17:21:38Z,25-Apr-2026,10:21:38,0.55,1
Bewick's Wren,Thryomanes bewickii,2026-04-25T17:20:56Z,25-Apr-2026,10:20:56,0.87,1
Dark-eyed Junco,Junco hyemalis,2026-04-25T17:20:42Z,25-Apr-2026,10:20:42,0.31,1
Bewick's Wren,Thryomanes bewickii,2026-04-25T17:20:22Z,25-Apr-2026,10:20:22,0.95,1
Bewick's Wren,Thryomanes bewickii,2026-04-25T17:20:15Z,25-Apr-2026,10:20:15,0.97,1
Bewick's Wren,Thryomanes bewickii,2026-04-25T17:19:54Z,25-Apr-2026,10:19:54,0.99,1
Bewick's Wren,Thryomanes bewickii,2026-04-25T17:19:47Z,25-Apr-2026,10:19:47,0.95,1
Bewick's Wren,Thryomanes bewickii,2026-04-25T17:19:39Z,25-Apr-2026,10:19:39,0.98,1
Bewick's Wren,Thryomanes bewickii,2026-04-25T17:19:33Z,25-Apr-2026,10:19:33,0.97,1
Steller's Jay,Cyanocitta stelleri,2026-04-25T17:19:25Z,25-Apr-2026,10:19:25,0.77,1
Bewick's Wren,Thryomanes bewickii,2026-04-25T17:19:18Z,25-Apr-2026,10:19:18,0.84,1
Bewick's Wren,Thryomanes bewickii,2026-04-25T17:19:11Z,25-Apr-2026,10:19:11,0.85,1
Steller's Jay,Cyanocitta stelleri,2026-04-25T17:19:04Z,25-Apr-2026,10:19:04,0.9176,1
Steller's Jay,Cyanocitta stelleri,2026-04-25T17:18:58Z,25-Apr-2026,10:18:58,0.95,1
Bewick's Wren,Thryomanes bewickii,2026-04-25T17:18:51Z,25-Apr-2026,10:18:51,0.86,1
Bewick's Wren,Thryomanes bewickii,2026-04-25T17:18:45Z,25-Apr-2026,10:18:45,0.97,1
Bewick's Wren,Thryomanes bewickii,2026-04-25T17:18:23Z,25-Apr-2026,10:18:23,0.29,1
Bewick's Wren,Thryomanes bewickii,2026-04-25T17:18:15Z,25-Apr-2026,10:18:15,0.81,1
Bewick's Wren,Thryomanes bewickii,2026-04-25T17:17:57Z,25-Apr-2026,10:17:57,0.33,1
Black-capped Chickadee,Poecile atricapillus,2026-04-25T17:17:52Z,25-Apr-2026,10:17:52,0.7804,1
Black-capped Chickadee,Poecile atricapillus,2026-04-25T17:17:46Z,25-Apr-2026,10:17:46,0.28,1
Black-capped Chickadee,Poecile atricapillus,2026-04-25T17:17:32Z,25-Apr-2026,10:17:32,0.31,1
Bewick's Wren,Thryomanes bewickii,2026-04-25T17:17:24Z,25-Apr-2026,10:17:24,0.99,1
Bewick's Wren,Thryomanes bewickii,2026-04-25T17:17:10Z,25-Apr-2026,10:17:10,0.99,1
Bewick's Wren,Thryomanes bewickii,2026-04-25T17:17:02Z,25-Apr-2026,10:17:02,0.99,1
Bewick's Wren,Thryomanes bewickii,2026-04-25T17:16:42Z,25-Apr-2026,10:16:42,0.69,1
Bewick's Wren,Thryomanes bewickii,2026-04-25T17:16:34Z,25-Apr-2026,10:16:34,0.98,1
Bewick's Wren,Thryomanes bewickii,2026-04-25T17:16:26Z,25-Apr-2026,10:16:26,0.83,1
Bewick's Wren,Thryomanes bewickii,2026-04-25T17:16:19Z,25-Apr-2026,10:16:19,0.96,1
Bewick's Wren,Thryomanes bewickii,2026-04-25T17:16:11Z,25-Apr-2026,10:16:11,0.99,1
Bewick's Wren,Thryomanes bewickii,2026-04-25T17:15:56Z,25-Apr-2026,10:15:56,0.99,1
Bewick's Wren,Thryomanes bewickii,2026-04-25T17:15:49Z,25-Apr-2026,10:15:49,0.99,1
Bewick's Wren,Thryomanes bewickii,2026-04-25T17:15:42Z,25-Apr-2026,10:15:42,0.54,1
Bewick's Wren,Thryomanes bewickii,2026-04-25T17:15:35Z,25-Apr-2026,10:15:35,0.99,1
Bewick's Wren,Thryomanes bewickii,2026-04-25T17:15:14Z,25-Apr-2026,10:15:14,0.92,1
Bewick's Wren,Thryomanes bewickii,2026-04-25T17:14:46Z,25-Apr-2026,10:14:46,0.99,1
Bewick's Wren,Thryomanes bewickii,2026-04-25T17:14:39Z,25-Apr-2026,10:14:39,0.89,1
Bewick's Wren,Thryomanes bewickii,2026-04-25T17:14:31Z,25-Apr-2026,10:14:31,0.98,1
Bewick's Wren,Thryomanes bewickii,2026-04-25T17:14:09Z,25-Apr-2026,10:14:09,0.95,1
Bewick's Wren,Thryomanes bewickii,2026-04-25T17:14:03Z,25-Apr-2026,10:14:03,0.38,1
Bewick's Wren,Thryomanes bewickii,2026-04-25T17:13:48Z,25-Apr-2026,10:13:48,0.84,1
Bewick's Wren,Thryomanes bewickii,2026-04-25T17:13:32Z,25-Apr-2026,10:13:32,0.93,1
Black-capped Chickadee,Poecile atricapillus,2026-04-25T17:13:08Z,25-Apr-2026,10:13:08,0.28,1
Bewick's Wren,Thryomanes bewickii,2026-04-25T17:13:02Z,25-Apr-2026,10:13:02,0.8,1
Bewick's Wren,Thryomanes bewickii,2026-04-25T17:12:55Z,25-Apr-2026,10:12:55,0.93,1
Bewick's Wren,Thryomanes bewickii,2026-04-25T17:12:47Z,25-Apr-2026,10:12:47,0.94,1
Bewick's Wren,Thryomanes bewickii,2026-04-25T17:12:34Z,25-Apr-2026,10:12:34,0.88,1
Bewick's Wren,Thryomanes bewickii,2026-04-25T17:12:27Z,25-Apr-2026,10:12:27,0.95,1
Bewick's Wren,Thryomanes bewickii,2026-04-25T17:12:20Z,25-Apr-2026,10:12:20,0.94,1
Bewick's Wren,Thryomanes bewickii,2026-04-25T17:12:05Z,25-Apr-2026,10:12:05,0.77,1
House Finch,Haemorhous mexicanus,2026-04-25T17:09:33Z,25-Apr-2026,10:09:33,0.37,1
House Finch,Haemorhous mexicanus,2026-04-25T17:09:16Z,25-Apr-2026,10:09:16,0.36,1
House Finch,Haemorhous mexicanus,2026-04-25T17:09:11Z,25-Apr-2026,10:09:11,0.9176,3
House Finch,Haemorhous mexicanus,2026-04-25T17:07:16Z,25-Apr-2026,10:07:16,0.8627,1
Bewick's Wren,Thryomanes bewickii,2026-04-25T17:03:42Z,25-Apr-2026,10:03:42,0.66,1
House Finch,Haemorhous mexicanus,2026-04-25T16:58:11Z,25-Apr-2026,09:58:11,0.9176,5
Bewick's Wren,Thryomanes bewickii,2026-04-25T16:57:44Z,25-Apr-2026,09:57:44,0.54,1
Bewick's Wren,Thryomanes bewickii,2026-04-25T16:57:10Z,25-Apr-2026,09:57:10,0.4,1
House Finch,Haemorhous mexicanus,2026-04-25T16:56:45Z,25-Apr-2026,09:56:45,0.7804,1
Dusky Flycatcher,Empidonax oberholseri,2026-04-25T16:56:33Z,25-Apr-2026,09:56:33,0.52,1
Bewick's Wren,Thryomanes bewickii,2026-04-25T16:56:20Z,25-Apr-2026,09:56:20,0.4,1
Bewick's Wren,Thryomanes bewickii,2026-04-25T16:56:11Z,25-Apr-2026,09:56:11,0.29,1
Bewick's Wren,Thryomanes bewickii,2026-04-25T16:55:51Z,25-Apr-2026,09:55:51,0.36,1
Bewick's Wren,Thryomanes bewickii,2026-04-25T16:55:09Z,25-Apr-2026,09:55:09,0.69,1
Bewick's Wren,Thryomanes bewickii,2026-04-25T16:55:02Z,25-Apr-2026,09:55:02,0.26,1
Bewick's Wren,Thryomanes bewickii,2026-04-25T16:54:47Z,25-Apr-2026,09:54:47,0.55,1
Bewick's Wren,Thryomanes bewickii,2026-04-25T16:54:41Z,25-Apr-2026,09:54:41,0.6,1
Bewick's Wren,Thryomanes bewickii,2026-04-25T16:54:28Z,25-Apr-2026,09:54:28,0.45,1
Bewick's Wren,Thryomanes bewickii,2026-04-25T16:54:21Z,25-Apr-2026,09:54:21,0.75,1
Bewick's Wren,Thryomanes bewickii,2026-04-25T16:54:14Z,25-Apr-2026,09:54:14,0.52,1
Bewick's Wren,Thryomanes bewickii,2026-04-25T16:53:41Z,25-Apr-2026,09:53:41,0.42,1
Bewick's Wren,Thryomanes bewickii,2026-04-25T16:53:13Z,25-Apr-2026,09:53:13,0.32,1
House Finch,Haemorhous mexicanus,2026-04-25T16:52:44Z,25-Apr-2026,09:52:44,0.26,1
House Finch,Haemorhous mexicanus,2026-04-25T16:52:40Z,25-Apr-2026,09:52:40,0.8157,1
House Finch,Haemorhous mexicanus,2026-04-25T16:50:48Z,25-Apr-2026,09:50:48,0.8157,1
White-crowned Sparrow,Zonotrichia leucophrys,2026-04-25T16:50:31Z,25-Apr-2026,09:50:31,0.56,1
Bewick's Wren,Thryomanes bewickii,2026-04-25T16:49:56Z,25-Apr-2026,09:49:56,0.61,1
Dark-eyed Junco,Junco hyemalis,2026-04-25T16:48:43Z,25-Apr-2026,09:48:43,0.37,1
Chestnut-backed Chickadee,Poecile rufescens,2026-04-25T16:47:18Z,25-Apr-2026,09:47:18,0.41,1
House Finch,Haemorhous mexicanus,2026-04-25T16:45:56Z,25-Apr-2026,09:45:56,0.8471,1
House Finch,Haemorhous mexicanus,2026-04-25T16:45:44Z,25-Apr-2026,09:45:44,0.31,1
Chestnut-backed Chickadee,Poecile rufescens,2026-04-25T16:45:18Z,25-Apr-2026,09:45:18,0.49,1
Chestnut-backed Chickadee,Poecile rufescens,2026-04-25T16:45:05Z,25-Apr-2026,09:45:05,0.9569,2
Bewick's Wren,Thryomanes bewickii,2026-04-25T16:45:01Z,25-Apr-2026,09:45:01,0.27,1
Chestnut-backed Chickadee,Poecile rufescens,2026-04-25T16:43:27Z,25-Apr-2026,09:43:27,0.898,1
Anna's Hummingbird,Calypte anna,2026-04-25T16:42:45Z,25-Apr-2026,09:42:45,0.8,1
House Finch,Haemorhous mexicanus,2026-04-25T16:42:38Z,25-Apr-2026,09:42:38,0.8471,2
Chestnut-backed Chickadee,Poecile rufescens,2026-04-25T16:42:00Z,25-Apr-2026,09:42:00,0.8157,1
House Finch,Haemorhous mexicanus,2026-04-25T16:41:13Z,25-Apr-2026,09:41:13,0.8,3
House Finch,Haemorhous mexicanus,2026-04-25T16:36:39Z,25-Apr-2026,09:36:39,0.8471,1
House Finch,Haemorhous mexicanus,2026-04-25T16:35:38Z,25-Apr-2026,09:35:38,0.8,1
House Finch,Haemorhous mexicanus,2026-04-25T16:34:11Z,25-Apr-2026,09:34:11,0.8,1
Bewick's Wren,Thryomanes bewickii,2026-04-25T16:32:56Z,25-Apr-2026,09:32:56,0.83,1
Bewick's Wren,Thryomanes bewickii,2026-04-25T16:32:43Z,25-Apr-2026,09:32:43,0.78,1
House Finch,Haemorhous mexicanus,2026-04-25T16:32:39Z,25-Apr-2026,09:32:39,0.8,2
Bewick's Wren,Thryomanes bewickii,2026-04-25T16:32:35Z,25-Apr-2026,09:32:35,0.67,1
Bewick's Wren,Thryomanes bewickii,2026-04-25T16:32:21Z,25-Apr-2026,09:32:21,0.42,1
House Finch,Haemorhous mexicanus,2026-04-25T16:31:26Z,25-Apr-2026,09:31:26,0.8157,1
Bewick's Wren,Thryomanes bewickii,2026-04-25T16:29:35Z,25-Apr-2026,09:29:35,0.27,1
House Finch,Haemorhous mexicanus,2026-04-25T16:29:28Z,25-Apr-2026,09:29:28,0.9255,1
Bewick's Wren,Thryomanes bewickii,2026-04-25T16:29:07Z,25-Apr-2026,09:29:07,0.3,1
Bewick's Wren,Thryomanes bewickii,2026-04-25T16:28:50Z,25-Apr-2026,09:28:50,0.67,1
Bewick's Wren,Thryomanes bewickii,2026-04-25T16:27:40Z,25-Apr-2026,09:27:40,0.76,1
Black-capped Chickadee,Poecile atricapillus,2026-04-25T16:25:27Z,25-Apr-2026,09:25:27,0.8314,1
Bewick's Wren,Thryomanes bewickii,2026-04-25T16:24:57Z,25-Apr-2026,09:24:57,0.42,1
Bewick's Wren,Thryomanes bewickii,2026-04-25T16:24:43Z,25-Apr-2026,09:24:43,0.32,1
Bewick's Wren,Thryomanes bewickii,2026-04-25T16:23:33Z,25-Apr-2026,09:23:33,0.94,1
Bewick's Wren,Thryomanes bewickii,2026-04-25T16:23:19Z,25-Apr-2026,09:23:19,0.67,1
Bewick's Wren,Thryomanes bewickii,2026-04-25T16:23:12Z,25-Apr-2026,09:23:12,0.45,1
House Finch,Haemorhous mexicanus,2026-04-25T16:22:53Z,25-Apr-2026,09:22:53,0.31,1
House Finch,Haemorhous mexicanus,2026-04-25T16:22:35Z,25-Apr-2026,09:22:35,0.8314,2
Bewick's Wren,Thryomanes bewickii,2026-04-25T16:22:24Z,25-Apr-2026,09:22:24,0.65,1
Bewick's Wren,Thryomanes bewickii,2026-04-25T16:21:36Z,25-Apr-2026,09:21:36,0.63,1
House Finch,Haemorhous mexicanus,2026-04-25T16:21:32Z,25-Apr-2026,09:21:32,0.8157,4
House Finch,Haemorhous mexicanus,2026-04-25T16:19:05Z,25-Apr-2026,09:19:05,0.42,1
Orange-crowned Warbler,Leiothlypis celata,2026-04-25T16:18:28Z,25-Apr-2026,09:18:28,0.27,1
House Finch,Haemorhous mexicanus,2026-04-25T16:16:11Z,25-Apr-2026,09:16:11,0.8863,9
House Finch,Haemorhous mexicanus,2026-04-25T16:15:10Z,25-Apr-2026,09:15:10,0.8157,1
Bewick's Wren,Thryomanes bewickii,2026-04-25T16:14:20Z,25-Apr-2026,09:14:20,0.56,1
House Finch,Haemorhous mexicanus,2026-04-25T16:14:09Z,25-Apr-2026,09:14:09,0.8314,7
Bewick's Wren,Thryomanes bewickii,2026-04-25T16:13:57Z,25-Apr-2026,09:13:57,0.86,1
House Finch,Haemorhous mexicanus,2026-04-25T16:13:47Z,25-Apr-2026,09:13:47,0.47,1
House Finch,Haemorhous mexicanus,2026-04-25T16:12:48Z,25-Apr-2026,09:12:48,0.7804,2
House Finch,Haemorhous mexicanus,2026-04-25T16:11:42Z,25-Apr-2026,09:11:42,0.8471,1
House Finch,Haemorhous mexicanus,2026-04-25T16:11:37Z,25-Apr-2026,09:11:37,0.32,1
Bewick's Wren,Thryomanes bewickii,2026-04-25T16:11:14Z,25-Apr-2026,09:11:14,0.49,1
Bewick's Wren,Thryomanes bewickii,2026-04-25T16:09:53Z,25-Apr-2026,09:09:53,0.76,1
Bewick's Wren,Thryomanes bewickii,2026-04-25T16:09:42Z,25-Apr-2026,09:09:42,0.88,1
Bewick's Wren,Thryomanes bewickii,2026-04-25T16:09:15Z,25-Apr-2026,09:09:15,0.66,1
Bewick's Wren,Thryomanes bewickii,2026-04-25T16:09:02Z,25-Apr-2026,09:09:02,0.91,1
Bewick's Wren,Thryomanes bewickii,2026-04-25T16:06:01Z,25-Apr-2026,09:06:01,0.61,1
Bewick's Wren,Thryomanes bewickii,2026-04-25T16:05:51Z,25-Apr-2026,09:05:51,0.46,1
Bewick's Wren,Thryomanes bewickii,2026-04-25T16:05:29Z,25-Apr-2026,09:05:29,0.82,1
Bewick's Wren,Thryomanes bewickii,2026-04-25T16:05:11Z,25-Apr-2026,09:05:11,0.28,1
Bewick's Wren,Thryomanes bewickii,2026-04-25T16:04:33Z,25-Apr-2026,09:04:33,0.27,1
Bewick's Wren,Thryomanes bewickii,2026-04-25T16:03:55Z,25-Apr-2026,09:03:55,0.37,1
Black-capped Chickadee,Poecile atricapillus,2026-04-25T16:03:20Z,25-Apr-2026,09:03:20,0.8471,2
Black-capped Chickadee,Poecile atricapillus,2026-04-25T16:03:01Z,25-Apr-2026,09:03:01,0.62,1
Anna's Hummingbird,Calypte anna,2026-04-25T16:02:44Z,25-Apr-2026,09:02:44,0.87,1
Anna's Hummingbird,Calypte anna,2026-04-25T16:02:36Z,25-Apr-2026,09:02:36,0.91,1
Anna's Hummingbird,Calypte anna,2026-04-25T16:01:59Z,25-Apr-2026,09:01:59,0.8471,1
Black-capped Chickadee,Poecile atricapillus,2026-04-25T16:01:22Z,25-Apr-2026,09:01:22,0.27,1
Bewick's Wren,Thryomanes bewickii,2026-04-25T16:00:36Z,25-Apr-2026,09:00:36,0.46,1
Black-capped Chickadee,Poecile atricapillus,2026-04-25T16:00:32Z,25-Apr-2026,09:00:32,0.8157,9
Bewick's Wren,Thryomanes bewickii,2026-04-25T16:00:28Z,25-Apr-2026,09:00:28,0.49,1
Bewick's Wren,Thryomanes bewickii,2026-04-25T16:00:14Z,25-Apr-2026,09:00:14,0.69,1
Bewick's Wren,Thryomanes bewickii,2026-04-25T15:59:13Z,25-Apr-2026,08:59:13,0.54,1
Black-capped Chickadee,Poecile atricapillus,2026-04-25T15:59:06Z,25-Apr-2026,08:59:06,0.32,1
Black-capped Chickadee,Poecile atricapillus,2026-04-25T15:58:41Z,25-Apr-2026,08:58:41,0.898,12
Black-capped Chickadee,Poecile atricapillus,2026-04-25T15:58:35Z,25-Apr-2026,08:58:35,0.46,1
Black-capped Chickadee,Poecile atricapillus,2026-04-25T15:58:28Z,25-Apr-2026,08:58:28,0.32,1
Black-capped Chickadee,Poecile atricapillus,2026-04-25T15:57:52Z,25-Apr-2026,08:57:52,0.35,1
Black-capped Chickadee,Poecile atricapillus,2026-04-25T15:57:34Z,25-Apr-2026,08:57:34,0.8314,11
Black-capped Chickadee,Poecile atricapillus,2026-04-25T15:56:47Z,25-Apr-2026,08:56:47,0.45,1
Black-capped Chickadee,Poecile atricapillus,2026-04-25T15:56:39Z,25-Apr-2026,08:56:39,0.69,1
Black-capped Chickadee,Poecile atricapillus,2026-04-25T15:56:32Z,25-Apr-2026,08:56:32,0.7804,1
Dark-eyed Junco,Junco hyemalis,2026-04-25T15:54:12Z,25-Apr-2026,08:54:12,0.39,1
Red-breasted Nuthatch,Sitta canadensis,2026-04-25T15:53:51Z,25-Apr-2026,08:53:51,0.29,1
Dark-eyed Junco,Junco hyemalis,2026-04-25T15:53:44Z,25-Apr-2026,08:53:44,0.43,1
Dark-eyed Junco,Junco hyemalis,2026-04-25T15:53:33Z,25-Apr-2026,08:53:33,0.5,1
Bewick's Wren,Thryomanes bewickii,2026-04-25T15:52:06Z,25-Apr-2026,08:52:06,0.49,1
Bewick's Wren,Thryomanes bewickii,2026-04-25T15:51:45Z,25-Apr-2026,08:51:45,0.38,1
Dark-eyed Junco,Junco hyemalis,2026-04-25T15:51:17Z,25-Apr-2026,08:51:17,0.46,1
Merlin,Falco columbarius,2026-04-25T15:51:10Z,25-Apr-2026,08:51:10,0.98,1
Dark-eyed Junco,Junco hyemalis,2026-04-25T15:50:57Z,25-Apr-2026,08:50:57,0.29,1
Downy Woodpecker,Dryobates pubescens,2026-04-25T15:50:41Z,25-Apr-2026,08:50:41,0.26,1
Dark-eyed Junco,Junco hyemalis,2026-04-25T15:50:00Z,25-Apr-2026,08:50:00,0.33,1
Dark-eyed Junco,Junco hyemalis,2026-04-25T15:49:11Z,25-Apr-2026,08:49:11,0.49,1
Dark-eyed Junco,Junco hyemalis,2026-04-25T15:47:35Z,25-Apr-2026,08:47:35,0.55,1
Orange-crowned Warbler,Leiothlypis celata,2026-04-25T15:46:25Z,25-Apr-2026,08:46:25,0.49,1
Dark-eyed Junco,Junco hyemalis,2026-04-25T15:46:18Z,25-Apr-2026,08:46:18,0.43,1
Orange-crowned Warbler,Leiothlypis celata,2026-04-25T15:46:11Z,25-Apr-2026,08:46:11,0.4,1
Chestnut-backed Chickadee,Poecile rufescens,2026-04-25T15:45:46Z,25-Apr-2026,08:45:46,0.7804,1
American Robin,Turdus migratorius,2026-04-25T15:45:28Z,25-Apr-2026,08:45:28,0.37,1
Bewick's Wren,Thryomanes bewickii,2026-04-25T15:45:18Z,25-Apr-2026,08:45:18,0.45,1
Chestnut-backed Chickadee,Poecile rufescens,2026-04-25T15:44:21Z,25-Apr-2026,08:44:21,0.9176,1
Bewick's Wren,Thryomanes bewickii,2026-04-25T15:44:00Z,25-Apr-2026,08:44:00,0.61,1
Bewick's Wren,Thryomanes bewickii,2026-04-25T15:43:32Z,25-Apr-2026,08:43:32,0.69,1
Black-capped Chickadee,Poecile atricapillus,2026-04-25T15:43:06Z,25-Apr-2026,08:43:06,0.8157,1
Bewick's Wren,Thryomanes bewickii,2026-04-25T15:42:58Z,25-Apr-2026,08:42:58,0.42,1
Bewick's Wren,Thryomanes bewickii,2026-04-25T15:42:51Z,25-Apr-2026,08:42:51,0.8,1
Chestnut-backed Chickadee,Poecile rufescens,2026-04-25T15:42:41Z,25-Apr-2026,08:42:41,0.33,1
Bewick's Wren,Thryomanes bewickii,2026-04-25T15:41:41Z,25-Apr-2026,08:41:41,0.55,1
Bewick's Wren,Thryomanes bewickii,2026-04-25T15:41:11Z,25-Apr-2026,08:41:11,0.62,1
Bewick's Wren,Thryomanes bewickii,2026-04-25T15:40:56Z,25-Apr-2026,08:40:56,0.28,1
Bewick's Wren,Thryomanes bewickii,2026-04-25T15:40:49Z,25-Apr-2026,08:40:49,0.36,1
Bewick's Wren,Thryomanes bewickii,2026-04-25T15:40:33Z,25-Apr-2026,08:40:33,0.45,1
Bewick's Wren,Thryomanes bewickii,2026-04-25T15:40:26Z,25-Apr-2026,08:40:26,0.44,1
Dark-eyed Junco,Junco hyemalis,2026-04-25T15:40:18Z,25-Apr-2026,08:40:18,0.29,1
Bewick's Wren,Thryomanes bewickii,2026-04-25T15:40:11Z,25-Apr-2026,08:40:11,0.29,1
Bewick's Wren,Thryomanes bewickii,2026-04-25T15:39:50Z,25-Apr-2026,08:39:50,0.31,1
Dark-eyed Junco,Junco hyemalis,2026-04-25T15:39:42Z,25-Apr-2026,08:39:42,0.29,1
Orange-crowned Warbler,Leiothlypis celata,2026-04-25T15:39:36Z,25-Apr-2026,08:39:36,0.46,1
Dark-eyed Junco,Junco hyemalis,2026-04-25T15:39:22Z,25-Apr-2026,08:39:22,0.3,1
Chestnut-backed Chickadee,Poecile rufescens,2026-04-25T15:39:08Z,25-Apr-2026,08:39:08,0.51,1
Bewick's Wren,Thryomanes bewickii,2026-04-25T15:38:48Z,25-Apr-2026,08:38:48,0.56,1
Chestnut-backed Chickadee,Poecile rufescens,2026-04-25T15:38:29Z,25-Apr-2026,08:38:29,0.9176,1
Chestnut-backed Chickadee,Poecile rufescens,2026-04-25T15:38:25Z,25-Apr-2026,08:38:25,0.27,1
Bewick's Wren,Thryomanes bewickii,2026-04-25T15:38:12Z,25-Apr-2026,08:38:12,0.3,1
Bewick's Wren,Thryomanes bewickii,2026-04-25T15:38:05Z,25-Apr-2026,08:38:05,0.28,1
Bewick's Wren,Thryomanes bewickii,2026-04-25T15:37:58Z,25-Apr-2026,08:37:58,0.52,1
Chestnut-backed Chickadee,Poecile rufescens,2026-04-25T15:37:51Z,25-Apr-2026,08:37:51,0.49,1
Bewick's Wren,Thryomanes bewickii,2026-04-25T15:37:44Z,25-Apr-2026,08:37:44,0.49,1
Chestnut-backed Chickadee,Poecile rufescens,2026-04-25T15:37:36Z,25-Apr-2026,08:37:36,0.47,1
Chestnut-backed Chickadee,Poecile rufescens,2026-04-25T15:37:26Z,25-Apr-2026,08:37:26,0.26,1
Chestnut-backed Chickadee,Poecile rufescens,2026-04-25T15:37:22Z,25-Apr-2026,08:37:22,0.898,1
Bewick's Wren,Thryomanes bewickii,2026-04-25T15:37:18Z,25-Apr-2026,08:37:18,0.56,1
Bewick's Wren,Thryomanes bewickii,2026-04-25T15:37:11Z,25-Apr-2026,08:37:11,0.55,1
Bewick's Wren,Thryomanes bewickii,2026-04-25T15:37:01Z,25-Apr-2026,08:37:01,0.78,1
Bewick's Wren,Thryomanes bewickii,2026-04-25T15:36:53Z,25-Apr-2026,08:36:53,0.91,1
Bewick's Wren,Thryomanes bewickii,2026-04-25T15:36:40Z,25-Apr-2026,08:36:40,0.85,1
Bewick's Wren,Thryomanes bewickii,2026-04-25T15:36:34Z,25-Apr-2026,08:36:34,0.53,1
Bewick's Wren,Thryomanes bewickii,2026-04-25T15:36:27Z,25-Apr-2026,08:36:27,0.56,1
American Goldfinch,Spinus tristis,2026-04-25T15:36:20Z,25-Apr-2026,08:36:20,0.8,1
Bewick's Wren,Thryomanes bewickii,2026-04-25T15:35:31Z,25-Apr-2026,08:35:31,0.73,1
Bewick's Wren,Thryomanes bewickii,2026-04-25T15:35:24Z,25-Apr-2026,08:35:24,0.84,1
Bewick's Wren,Thryomanes bewickii,2026-04-25T15:35:17Z,25-Apr-2026,08:35:17,0.75,1
Bewick's Wren,Thryomanes bewickii,2026-04-25T15:35:11Z,25-Apr-2026,08:35:11,0.42,1
Bewick's Wren,Thryomanes bewickii,2026-04-25T15:35:04Z,25-Apr-2026,08:35:04,0.41,1
Bewick's Wren,Thryomanes bewickii,2026-04-25T15:34:57Z,25-Apr-2026,08:34:57,0.42,1
Bewick's Wren,Thryomanes bewickii,2026-04-25T15:34:43Z,25-Apr-2026,08:34:43,0.52,1
Bewick's Wren,Thryomanes bewickii,2026-04-25T15:34:29Z,25-Apr-2026,08:34:29,0.83,1
Bewick's Wren,Thryomanes bewickii,2026-04-25T15:34:16Z,25-Apr-2026,08:34:16,0.58,1
Bewick's Wren,Thryomanes bewickii,2026-04-25T15:33:54Z,25-Apr-2026,08:33:54,0.7,1
Bewick's Wren,Thryomanes bewickii,2026-04-25T15:33:40Z,25-Apr-2026,08:33:40,0.53,1
Bewick's Wren,Thryomanes bewickii,2026-04-25T15:33:33Z,25-Apr-2026,08:33:33,0.92,1
Bewick's Wren,Thryomanes bewickii,2026-04-25T15:33:26Z,25-Apr-2026,08:33:26,0.27,1
Bewick's Wren,Thryomanes bewickii,2026-04-25T15:33:19Z,25-Apr-2026,08:33:19,0.86,1
Bewick's Wren,Thryomanes bewickii,2026-04-25T15:31:43Z,25-Apr-2026,08:31:43,0.31,1
American Crow,Corvus brachyrhynchos,2026-04-25T15:30:10Z,25-Apr-2026,08:30:10,0.8,1
House Finch,Haemorhous mexicanus,2026-04-25T15:28:34Z,25-Apr-2026,08:28:34,0.8314,1
House Finch,Haemorhous mexicanus,2026-04-25T15:27:58Z,25-Apr-2026,08:27:58,0.31,1
Bewick's Wren,Thryomanes bewickii,2026-04-25T15:27:08Z,25-Apr-2026,08:27:08,0.3,1
Chestnut-backed Chickadee,Poecile rufescens,2026-04-25T15:26:34Z,25-Apr-2026,08:26:34,0.26,1
Chestnut-backed Chickadee,Poecile rufescens,2026-04-25T15:26:06Z,25-Apr-2026,08:26:06,0.7804,1
Chestnut-backed Chickadee,Poecile rufescens,2026-04-25T15:24:45Z,25-Apr-2026,08:24:45,0.27,1
Chestnut-backed Chickadee,Poecile rufescens,2026-04-25T15:24:20Z,25-Apr-2026,08:24:20,0.32,1
Bewick's Wren,Thryomanes bewickii,2026-04-25T15:23:44Z,25-Apr-2026,08:23:44,0.54,1
Chestnut-backed Chickadee,Poecile rufescens,2026-04-25T15:22:57Z,25-Apr-2026,08:22:57,0.28,1
Black-capped Chickadee,Poecile atricapillus,2026-04-25T15:21:12Z,25-Apr-2026,08:21:12,0.8314,3
Downy Woodpecker,Dryobates pubescens,2026-04-25T15:19:42Z,25-Apr-2026,08:19:42,0.3,1
White-crowned Sparrow,Zonotrichia leucophrys,2026-04-25T15:18:07Z,25-Apr-2026,08:18:07,0.43,1
Townsend's Warbler,Setophaga townsendi,2026-04-25T15:17:53Z,25-Apr-2026,08:17:53,0.27,1
Bewick's Wren,Thryomanes bewickii,2026-04-25T15:17:42Z,25-Apr-2026,08:17:42,0.41,1
American Crow,Corvus brachyrhynchos,2026-04-25T15:17:33Z,25-Apr-2026,08:17:33,0.26,1
Bewick's Wren,Thryomanes bewickii,2026-04-25T15:16:02Z,25-Apr-2026,08:16:02,0.32,1
Bewick's Wren,Thryomanes bewickii,2026-04-25T15:15:44Z,25-Apr-2026,08:15:44,0.35,1
Black-capped Chickadee,Poecile atricapillus,2026-04-25T15:15:30Z,25-Apr-2026,08:15:30,0.8157,1
Mountain Chickadee,Poecile gambeli,2026-04-25T15:15:03Z,25-Apr-2026,08:15:03,0.45,1
Black-capped Chickadee,Poecile atricapillus,2026-04-25T15:14:08Z,25-Apr-2026,08:14:08,0.33,1
House Finch,Haemorhous mexicanus,2026-04-25T15:13:53Z,25-Apr-2026,08:13:53,0.8627,4
Black-capped Chickadee,Poecile atricapillus,2026-04-25T15:13:28Z,25-Apr-2026,08:13:28,0.7804,1
Mountain Chickadee,Poecile gambeli,2026-04-25T15:13:16Z,25-Apr-2026,08:13:16,0.43,1
House Finch,Haemorhous mexicanus,2026-04-25T15:12:51Z,25-Apr-2026,08:12:51,0.8471,3
Townsend's Warbler,Setophaga townsendi,2026-04-25T15:12:41Z,25-Apr-2026,08:12:41,0.82,1
Bewick's Wren,Thryomanes bewickii,2026-04-25T15:11:43Z,25-Apr-2026,08:11:43,0.4,1
Bewick's Wren,Thryomanes bewickii,2026-04-25T15:11:36Z,25-Apr-2026,08:11:36,0.66,1
Townsend's Warbler,Setophaga townsendi,2026-04-25T15:11:26Z,25-Apr-2026,08:11:26,0.49,1
Bewick's Wren,Thryomanes bewickii,2026-04-25T15:10:49Z,25-Apr-2026,08:10:49,0.37,1
House Finch,Haemorhous mexicanus,2026-04-25T15:10:44Z,25-Apr-2026,08:10:44,0.8863,1
Townsend's Warbler,Setophaga townsendi,2026-04-25T15:10:27Z,25-Apr-2026,08:10:27,0.34,1
Chestnut-backed Chickadee,Poecile rufescens,2026-04-25T15:10:21Z,25-Apr-2026,08:10:21,0.8863,18
Chestnut-backed Chickadee,Poecile rufescens,2026-04-25T15:09:20Z,25-Apr-2026,08:09:20,0.949,3
Townsend's Warbler,Setophaga townsendi,2026-04-25T15:09:13Z,25-Apr-2026,08:09:13,0.47,1
Bewick's Wren,Thryomanes bewickii,2026-04-25T15:08:59Z,25-Apr-2026,08:08:59,0.31,1
Bewick's Wren,Thryomanes bewickii,2026-04-25T15:08:24Z,25-Apr-2026,08:08:24,0.44,1
Townsend's Warbler,Setophaga townsendi,2026-04-25T15:07:55Z,25-Apr-2026,08:07:55,0.3,1
Chestnut-backed Chickadee,Poecile rufescens,2026-04-25T15:07:51Z,25-Apr-2026,08:07:51,0.898,3
Chestnut-backed Chickadee,Poecile rufescens,2026-04-25T15:06:43Z,25-Apr-2026,08:06:43,0.8471,15
Bewick's Wren,Thryomanes bewickii,2026-04-25T15:06:29Z,25-Apr-2026,08:06:29,0.7,1
Chestnut-backed Chickadee,Poecile rufescens,2026-04-25T15:05:41Z,25-Apr-2026,08:05:41,0.9647,2
Chestnut-backed Chickadee,Poecile rufescens,2026-04-25T15:05:17Z,25-Apr-2026,08:05:17,0.44,1
Chestnut-backed Chickadee,Poecile rufescens,2026-04-25T15:04:33Z,25-Apr-2026,08:04:33,0.8627,15
Chestnut-backed Chickadee,Poecile rufescens,2026-04-25T15:03:20Z,25-Apr-2026,08:03:20,0.8,12
Chestnut-backed Chickadee,Poecile rufescens,2026-04-25T15:02:14Z,25-Apr-2026,08:02:14,0.9255,10
Chestnut-backed Chickadee,Poecile rufescens,2026-04-25T15:01:59Z,25-Apr-2026,08:01:59,0.43,1
House Finch,Haemorhous mexicanus,2026-04-25T15:01:53Z,25-Apr-2026,08:01:53,0.34,1
Chestnut-backed Chickadee,Poecile rufescens,2026-04-25T15:01:42Z,25-Apr-2026,08:01:42,0.35,1
Chestnut-backed Chickadee,Poecile rufescens,2026-04-25T15:01:12Z,25-Apr-2026,08:01:12,0.8471,5
Chestnut-backed Chickadee,Poecile rufescens,2026-04-25T15:00:09Z,25-Apr-2026,08:00:09,0.9098,4
Chestnut-backed Chickadee,Poecile rufescens,2026-04-25T14:59:28Z,25-Apr-2026,07:59:28,0.74,1
Chestnut-backed Chickadee,Poecile rufescens,2026-04-25T14:59:05Z,25-Apr-2026,07:59:05,0.8471,1
Downy Woodpecker,Dryobates pubescens,2026-04-25T14:57:16Z,25-Apr-2026,07:57:16,0.58,1
Bewick's Wren,Thryomanes bewickii,2026-04-25T14:55:56Z,25-Apr-2026,07:55:56,0.47,1
Bewick's Wren,Thryomanes bewickii,2026-04-25T14:54:27Z,25-Apr-2026,07:54:27,0.65,1
House Finch,Haemorhous mexicanus,2026-04-25T14:52:26Z,25-Apr-2026,07:52:26,0.7804,1
Black-capped Chickadee,Poecile atricapillus,2026-04-25T14:52:22Z,25-Apr-2026,07:52:22,0.38,1
Townsend's Warbler,Setophaga townsendi,2026-04-25T14:52:14Z,25-Apr-2026,07:52:14,0.51,1
Black-capped Chickadee,Poecile atricapillus,2026-04-25T14:51:50Z,25-Apr-2026,07:51:50,0.31,1
Black-capped Chickadee,Poecile atricapillus,2026-04-25T14:51:45Z,25-Apr-2026,07:51:45,0.9176,2
Bewick's Wren,Thryomanes bewickii,2026-04-25T14:51:38Z,25-Apr-2026,07:51:38,0.51,1
Bewick's Wren,Thryomanes bewickii,2026-04-25T14:50:28Z,25-Apr-2026,07:50:28,0.26,1
Black-capped Chickadee,Poecile atricapillus,2026-04-25T14:50:14Z,25-Apr-2026,07:50:14,0.42,1
Black-capped Chickadee,Poecile atricapillus,2026-04-25T14:50:10Z,25-Apr-2026,07:50:10,0.9529,1
Bewick's Wren,Thryomanes bewickii,2026-04-25T14:49:25Z,25-Apr-2026,07:49:25,0.62,1
Bewick's Wren,Thryomanes bewickii,2026-04-25T14:48:22Z,25-Apr-2026,07:48:22,0.47,1
White-crowned Sparrow,Zonotrichia leucophrys,2026-04-25T14:47:20Z,25-Apr-2026,07:47:20,0.31,1
Townsend's Warbler,Setophaga townsendi,2026-04-25T14:47:09Z,25-Apr-2026,07:47:09,0.39,1
White-crowned Sparrow,Zonotrichia leucophrys,2026-04-25T14:45:43Z,25-Apr-2026,07:45:43,0.33,1
House Finch,Haemorhous mexicanus,2026-04-25T14:45:39Z,25-Apr-2026,07:45:39,0.7804,1
Bewick's Wren,Thryomanes bewickii,2026-04-25T14:45:35Z,25-Apr-2026,07:45:35,0.27,1
American Crow,Corvus brachyrhynchos,2026-04-25T14:45:29Z,25-Apr-2026,07:45:29,0.44,1
Bewick's Wren,Thryomanes bewickii,2026-04-25T14:45:16Z,25-Apr-2026,07:45:16,0.27,1
Chestnut-backed Chickadee,Poecile rufescens,2026-04-25T14:45:11Z,25-Apr-2026,07:45:11,0.8,1
Townsend's Warbler,Setophaga townsendi,2026-04-25T14:44:58Z,25-Apr-2026,07:44:58,0.59,1
Chestnut-backed Chickadee,Poecile rufescens,2026-04-25T14:44:35Z,25-Apr-2026,07:44:35,0.41,1
Chestnut-backed Chickadee,Poecile rufescens,2026-04-25T14:43:59Z,25-Apr-2026,07:43:59,0.3,1
Chestnut-backed Chickadee,Poecile rufescens,2026-04-25T14:43:45Z,25-Apr-2026,07:43:45,0.8863,4
Hammond's Flycatcher,Empidonax hammondii,2026-04-25T14:43:31Z,25-Apr-2026,07:43:31,0.55,1
Bewick's Wren,Thryomanes bewickii,2026-04-25T14:43:04Z,25-Apr-2026,07:43:04,0.29,1
House Finch,Haemorhous mexicanus,2026-04-25T14:43:00Z,25-Apr-2026,07:43:00,0.8745,3
House Finch,Haemorhous mexicanus,2026-04-25T14:42:47Z,25-Apr-2026,07:42:47,0.35,1
Townsend's Warbler,Setophaga townsendi,2026-04-25T14:42:32Z,25-Apr-2026,07:42:32,0.78,1
Chestnut-backed Chickadee,Poecile rufescens,2026-04-25T14:42:07Z,25-Apr-2026,07:42:07,0.47,1
Chestnut-backed Chickadee,Poecile rufescens,2026-04-25T14:41:46Z,25-Apr-2026,07:41:46,0.898,3
Black-capped Chickadee,Poecile atricapillus,2026-04-25T14:41:24Z,25-Apr-2026,07:41:24,0.7804,1
Townsend's Warbler,Setophaga townsendi,2026-04-25T14:40:56Z,25-Apr-2026,07:40:56,0.44,1
Merlin,Falco columbarius,2026-04-25T14:40:48Z,25-Apr-2026,07:40:48,0.8,1
Chestnut-backed Chickadee,Poecile rufescens,2026-04-25T14:40:44Z,25-Apr-2026,07:40:44,0.9569,5
Chestnut-backed Chickadee,Poecile rufescens,2026-04-25T14:40:41Z,25-Apr-2026,07:40:41,0.64,1
House Finch,Haemorhous mexicanus,2026-04-25T14:40:10Z,25-Apr-2026,07:40:10,0.7804,1
Chestnut-backed Chickadee,Poecile rufescens,2026-04-25T14:39:36Z,25-Apr-2026,07:39:36,0.8863,4
Bewick's Wren,Thryomanes bewickii,2026-04-25T14:39:33Z,25-Apr-2026,07:39:33,0.38,1
Bewick's Wren,Thryomanes bewickii,2026-04-25T14:39:26Z,25-Apr-2026,07:39:26,0.68,1
Bewick's Wren,Thryomanes bewickii,2026-04-25T14:39:06Z,25-Apr-2026,07:39:06,0.34,1
Bewick's Wren,Thryomanes bewickii,2026-04-25T14:38:59Z,25-Apr-2026,07:38:59,0.29,1
Townsend's Warbler,Setophaga townsendi,2026-04-25T14:38:38Z,25-Apr-2026,07:38:38,0.67,1
Townsend's Warbler,Setophaga townsendi,2026-04-25T14:38:17Z,25-Apr-2026,07:38:17,0.5,1
Bewick's Wren,Thryomanes bewickii,2026-04-25T14:38:07Z,25-Apr-2026,07:38:07,0.35,1
Townsend's Warbler,Setophaga townsendi,2026-04-25T14:37:57Z,25-Apr-2026,07:37:57,0.34,1
Chestnut-backed Chickadee,Poecile rufescens,2026-04-25T14:37:53Z,25-Apr-2026,07:37:53,0.9765,3
Townsend's Warbler,Setophaga townsendi,2026-04-25T14:37:36Z,25-Apr-2026,07:37:36,0.33,1
Townsend's Warbler,Setophaga townsendi,2026-04-25T14:37:29Z,25-Apr-2026,07:37:29,0.27,1
Chestnut-backed Chickadee,Poecile rufescens,2026-04-25T14:36:51Z,25-Apr-2026,07:36:51,0.9176,1
Golden-crowned Kinglet,Regulus satrapa,2026-04-25T14:36:14Z,25-Apr-2026,07:36:14,0.27,1
Golden-crowned Kinglet,Regulus satrapa,2026-04-25T14:36:06Z,25-Apr-2026,07:36:06,0.5,1
House Finch,Haemorhous mexicanus,2026-04-25T14:36:02Z,25-Apr-2026,07:36:02,0.8,5
Golden-crowned Kinglet,Regulus satrapa,2026-04-25T14:35:57Z,25-Apr-2026,07:35:57,0.34,1
Chestnut-backed Chickadee,Poecile rufescens,2026-04-25T14:35:39Z,25-Apr-2026,07:35:39,0.9098,1
Steller's Jay,Cyanocitta stelleri,2026-04-25T14:35:24Z,25-Apr-2026,07:35:24,0.8863,1
House Finch,Haemorhous mexicanus,2026-04-25T14:34:59Z,25-Apr-2026,07:34:59,0.8863,1
Chestnut-backed Chickadee,Poecile rufescens,2026-04-25T14:34:48Z,25-Apr-2026,07:34:48,0.34,1
Chestnut-backed Chickadee,Poecile rufescens,2026-04-25T14:34:34Z,25-Apr-2026,07:34:34,0.9529,3
Chestnut-backed Chickadee,Poecile rufescens,2026-04-25T14:33:48Z,25-Apr-2026,07:33:48,0.26,1
Chestnut-backed Chickadee,Poecile rufescens,2026-04-25T14:33:29Z,25-Apr-2026,07:33:29,0.8471,1
House Finch,Haemorhous mexicanus,2026-04-25T14:32:08Z,25-Apr-2026,07:32:08,0.8,2
Chestnut-backed Chickadee,Poecile rufescens,2026-04-25T14:31:29Z,25-Apr-2026,07:31:29,0.8471,1
House Finch,Haemorhous mexicanus,2026-04-25T14:29:45Z,25-Apr-2026,07:29:45,0.8157,1
American Robin,Turdus migratorius,2026-04-25T14:28:20Z,25-Apr-2026,07:28:20,0.8745,1
Red-breasted Nuthatch,Sitta canadensis,2026-04-25T14:27:05Z,25-Apr-2026,07:27:05,0.85,1
Black-capped Chickadee,Poecile atricapillus,2026-04-25T14:26:00Z,25-Apr-2026,07:26:00,0.7804,1
Chestnut-backed Chickadee,Poecile rufescens,2026-04-25T14:23:04Z,25-Apr-2026,07:23:04,0.32,1
Chestnut-backed Chickadee,Poecile rufescens,2026-04-25T14:23:00Z,25-Apr-2026,07:23:00,0.8157,1
Chestnut-backed Chickadee,Poecile rufescens,2026-04-25T14:21:48Z,25-Apr-2026,07:21:48,0.9412,4
Chestnut-backed Chickadee,Poecile rufescens,2026-04-25T14:21:21Z,25-Apr-2026,07:21:21,0.27,1
Bewick's Wren,Thryomanes bewickii,2026-04-25T14:20:32Z,25-Apr-2026,07:20:32,0.32,1
Black-capped Chickadee,Poecile atricapillus,2026-04-25T14:20:28Z,25-Apr-2026,07:20:28,0.7804,1
Chestnut-backed Chickadee,Poecile rufescens,2026-04-25T14:20:17Z,25-Apr-2026,07:20:17,0.47,1
Black-capped Chickadee,Poecile atricapillus,2026-04-25T14:20:11Z,25-Apr-2026,07:20:11,0.26,1
Downy Woodpecker,Dryobates pubescens,2026-04-25T14:19:37Z,25-Apr-2026,07:19:37,0.32,1
Chestnut-backed Chickadee,Poecile rufescens,2026-04-25T14:19:12Z,25-Apr-2026,07:19:12,0.8745,1
Bewick's Wren,Thryomanes bewickii,2026-04-25T14:18:47Z,25-Apr-2026,07:18:47,0.32,1
Bewick's Wren,Thryomanes bewickii,2026-04-25T14:18:20Z,25-Apr-2026,07:18:20,0.49,1
Anna's Hummingbird,Calypte anna,2026-04-25T14:18:04Z,25-Apr-2026,07:18:04,0.9176,1
Bewick's Wren,Thryomanes bewickii,2026-04-25T14:17:47Z,25-Apr-2026,07:17:47,0.55,1
Bewick's Wren,Thryomanes bewickii,2026-04-25T14:17:27Z,25-Apr-2026,07:17:27,0.61,1
Chestnut-backed Chickadee,Poecile rufescens,2026-04-25T14:16:55Z,25-Apr-2026,07:16:55,0.8627,1
Bewick's Wren,Thryomanes bewickii,2026-04-25T14:16:18Z,25-Apr-2026,07:16:18,0.75,1
Bewick's Wren,Thryomanes bewickii,2026-04-25T14:16:08Z,25-Apr-2026,07:16:08,0.61,1
Bewick's Wren,Thryomanes bewickii,2026-04-25T14:15:57Z,25-Apr-2026,07:15:57,0.92,1
Bewick's Wren,Thryomanes bewickii,2026-04-25T14:15:50Z,25-Apr-2026,07:15:50,0.99,1
Bewick's Wren,Thryomanes bewickii,2026-04-25T14:15:37Z,25-Apr-2026,07:15:37,0.89,1
Bewick's Wren,Thryomanes bewickii,2026-04-25T14:15:29Z,25-Apr-2026,07:15:29,0.96,1
Bewick's Wren,Thryomanes bewickii,2026-04-25T14:15:16Z,25-Apr-2026,07:15:16,0.91,1
Bewick's Wren,Thryomanes bewickii,2026-04-25T14:15:09Z,25-Apr-2026,07:15:09,0.95,1
Bewick's Wren,Thryomanes bewickii,2026-04-25T14:15:02Z,25-Apr-2026,07:15:02,0.79,1
Bewick's Wren,Thryomanes bewickii,2026-04-25T14:14:55Z,25-Apr-2026,07:14:55,0.95,1
Bewick's Wren,Thryomanes bewickii,2026-04-25T14:14:50Z,25-Apr-2026,07:14:50,0.99,1
Bewick's Wren,Thryomanes bewickii,2026-04-25T14:14:39Z,25-Apr-2026,07:14:39,0.99,1
Bewick's Wren,Thryomanes bewickii,2026-04-25T14:14:32Z,25-Apr-2026,07:14:32,0.99,1
Bewick's Wren,Thryomanes bewickii,2026-04-25T14:14:24Z,25-Apr-2026,07:14:24,0.99,1
Song Sparrow,Melospiza melodia,2026-04-25T14:14:12Z,25-Apr-2026,07:14:12,0.8627,1
Bewick's Wren,Thryomanes bewickii,2026-04-25T14:14:01Z,25-Apr-2026,07:14:01,0.99,1
Bewick's Wren,Thryomanes bewickii,2026-04-25T14:13:54Z,25-Apr-2026,07:13:54,0.99,1
Bewick's Wren,Thryomanes bewickii,2026-04-25T14:13:46Z,25-Apr-2026,07:13:46,0.99,1
Bewick's Wren,Thryomanes bewickii,2026-04-25T14:13:39Z,25-Apr-2026,07:13:39,0.99,1
Bewick's Wren,Thryomanes bewickii,2026-04-25T14:13:32Z,25-Apr-2026,07:13:32,0.99,1
Bewick's Wren,Thryomanes bewickii,2026-04-25T14:13:25Z,25-Apr-2026,07:13:25,0.97,1
Bewick's Wren,Thryomanes bewickii,2026-04-25T14:13:18Z,25-Apr-2026,07:13:18,0.54,1
Bewick's Wren,Thryomanes bewickii,2026-04-25T14:13:11Z,25-Apr-2026,07:13:11,0.91,1
Bewick's Wren,Thryomanes bewickii,2026-04-25T14:13:03Z,25-Apr-2026,07:13:03,0.99,1
Bewick's Wren,Thryomanes bewickii,2026-04-25T14:12:56Z,25-Apr-2026,07:12:56,0.99,1
Bewick's Wren,Thryomanes bewickii,2026-04-25T14:12:45Z,25-Apr-2026,07:12:45,0.98,1
Bewick's Wren,Thryomanes bewickii,2026-04-25T14:12:38Z,25-Apr-2026,07:12:38,0.99,1
Bewick's Wren,Thryomanes bewickii,2026-04-25T14:12:32Z,25-Apr-2026,07:12:32,0.85,1
Bewick's Wren,Thryomanes bewickii,2026-04-25T14:12:25Z,25-Apr-2026,07:12:25,0.99,1
Bewick's Wren,Thryomanes bewickii,2026-04-25T14:12:18Z,25-Apr-2026,07:12:18,0.99,1
Bewick's Wren,Thryomanes bewickii,2026-04-25T14:12:08Z,25-Apr-2026,07:12:08,0.92,1
Bewick's Wren,Thryomanes bewickii,2026-04-25T14:12:00Z,25-Apr-2026,07:12:00,0.89,1
Bewick's Wren,Thryomanes bewickii,2026-04-25T14:11:53Z,25-Apr-2026,07:11:53,0.95,1
Bewick's Wren,Thryomanes bewickii,2026-04-25T14:11:46Z,25-Apr-2026,07:11:46,0.9,1
Bewick's Wren,Thryomanes bewickii,2026-04-25T14:11:39Z,25-Apr-2026,07:11:39,0.96,1
Bewick's Wren,Thryomanes bewickii,2026-04-25T14:11:32Z,25-Apr-2026,07:11:32,0.99,1
Bewick's Wren,Thryomanes bewickii,2026-04-25T14:11:25Z,25-Apr-2026,07:11:25,0.95,1
Bewick's Wren,Thryomanes bewickii,2026-04-25T14:11:18Z,25-Apr-2026,07:11:18,0.93,1
Bewick's Wren,Thryomanes bewickii,2026-04-25T14:11:11Z,25-Apr-2026,07:11:11,0.98,1
Bewick's Wren,Thryomanes bewickii,2026-04-25T14:11:04Z,25-Apr-2026,07:11:04,0.94,1
Bewick's Wren,Thryomanes bewickii,2026-04-25T14:10:57Z,25-Apr-2026,07:10:57,0.75,1
Bewick's Wren,Thryomanes bewickii,2026-04-25T14:10:50Z,25-Apr-2026,07:10:50,0.52,1
Bewick's Wren,Thryomanes bewickii,2026-04-25T14:10:45Z,25-Apr-2026,07:10:45,0.95,1
Bewick's Wren,Thryomanes bewickii,2026-04-25T14:10:31Z,25-Apr-2026,07:10:31,0.98,1
Bewick's Wren,Thryomanes bewickii,2026-04-25T14:10:24Z,25-Apr-2026,07:10:24,0.95,1
Bewick's Wren,Thryomanes bewickii,2026-04-25T14:10:09Z,25-Apr-2026,07:10:09,0.99,1
Bewick's Wren,Thryomanes bewickii,2026-04-25T14:10:02Z,25-Apr-2026,07:10:02,0.98,1
Bewick's Wren,Thryomanes bewickii,2026-04-25T14:09:55Z,25-Apr-2026,07:09:55,0.99,1
Bewick's Wren,Thryomanes bewickii,2026-04-25T14:09:48Z,25-Apr-2026,07:09:48,0.99,1
Bewick's Wren,Thryomanes bewickii,2026-04-25T14:09:41Z,25-Apr-2026,07:09:41,0.99,1
Bewick's Wren,Thryomanes bewickii,2026-04-25T14:09:33Z,25-Apr-2026,07:09:33,0.99,1
Bewick's Wren,Thryomanes bewickii,2026-04-25T14:09:26Z,25-Apr-2026,07:09:26,0.97,1
Black-capped Chickadee,Poecile atricapillus,2026-04-25T14:09:21Z,25-Apr-2026,07:09:21,0.8745,1
Bewick's Wren,Thryomanes bewickii,2026-04-25T14:09:14Z,25-Apr-2026,07:09:14,0.85,1
Bewick's Wren,Thryomanes bewickii,2026-04-25T14:08:59Z,25-Apr-2026,07:08:59,0.97,1
Bewick's Wren,Thryomanes bewickii,2026-04-25T14:08:51Z,25-Apr-2026,07:08:51,0.99,1
Bewick's Wren,Thryomanes bewickii,2026-04-25T14:08:44Z,25-Apr-2026,07:08:44,0.96,1
Bewick's Wren,Thryomanes bewickii,2026-04-25T14:08:37Z,25-Apr-2026,07:08:37,0.57,1
Bewick's Wren,Thryomanes bewickii,2026-04-25T14:08:31Z,25-Apr-2026,07:08:31,0.9,1
Bewick's Wren,Thryomanes bewickii,2026-04-25T14:08:24Z,25-Apr-2026,07:08:24,0.82,1
Bewick's Wren,Thryomanes bewickii,2026-04-25T14:08:17Z,25-Apr-2026,07:08:17,0.48,1
Bewick's Wren,Thryomanes bewickii,2026-04-25T14:08:09Z,25-Apr-2026,07:08:09,0.99,1
Bewick's Wren,Thryomanes bewickii,2026-04-25T14:08:02Z,25-Apr-2026,07:08:02,0.99,1
Bewick's Wren,Thryomanes bewickii,2026-04-25T14:07:41Z,25-Apr-2026,07:07:41,0.97,1
Bewick's Wren,Thryomanes bewickii,2026-04-25T14:07:36Z,25-Apr-2026,07:07:36,0.99,1
Bewick's Wren,Thryomanes bewickii,2026-04-25T14:07:28Z,25-Apr-2026,07:07:28,0.98,1
Bewick's Wren,Thryomanes bewickii,2026-04-25T14:07:21Z,25-Apr-2026,07:07:21,0.85,1
Bewick's Wren,Thryomanes bewickii,2026-04-25T14:07:14Z,25-Apr-2026,07:07:14,0.98,1
Bewick's Wren,Thryomanes bewickii,2026-04-25T14:07:00Z,25-Apr-2026,07:07:00,0.92,1
Bewick's Wren,Thryomanes bewickii,2026-04-25T14:06:53Z,25-Apr-2026,07:06:53,0.84,1
Bewick's Wren,Thryomanes bewickii,2026-04-25T14:06:46Z,25-Apr-2026,07:06:46,0.98,1
Bewick's Wren,Thryomanes bewickii,2026-04-25T14:06:38Z,25-Apr-2026,07:06:38,0.9,1
Bewick's Wren,Thryomanes bewickii,2026-04-25T14:06:24Z,25-Apr-2026,07:06:24,0.73,1
Bewick's Wren,Thryomanes bewickii,2026-04-25T14:06:18Z,25-Apr-2026,07:06:18,0.77,1
Orange-crowned Warbler,Leiothlypis celata,2026-04-25T14:05:44Z,25-Apr-2026,07:05:44,0.27,1
Dark-eyed Junco,Junco hyemalis,2026-04-25T14:05:37Z,25-Apr-2026,07:05:37,0.84,1
Dark-eyed Junco,Junco hyemalis,2026-04-25T14:05:19Z,25-Apr-2026,07:05:19,0.62,1
Dark-eyed Junco,Junco hyemalis,2026-04-25T14:05:12Z,25-Apr-2026,07:05:12,0.61,1
Dark-eyed Junco,Junco hyemalis,2026-04-25T14:05:06Z,25-Apr-2026,07:05:06,0.7804,1
Dark-eyed Junco,Junco hyemalis,2026-04-25T14:04:49Z,25-Apr-2026,07:04:49,0.66,1
Dark-eyed Junco,Junco hyemalis,2026-04-25T14:04:41Z,25-Apr-2026,07:04:41,0.54,1
Dark-eyed Junco,Junco hyemalis,2026-04-25T14:04:35Z,25-Apr-2026,07:04:35,0.27,1
Dark-eyed Junco,Junco hyemalis,2026-04-25T14:04:22Z,25-Apr-2026,07:04:22,0.53,1
Dark-eyed Junco,Junco hyemalis,2026-04-25T14:04:15Z,25-Apr-2026,07:04:15,0.44,1
Dark-eyed Junco,Junco hyemalis,2026-04-25T14:03:48Z,25-Apr-2026,07:03:48,0.65,1
Dark-eyed Junco,Junco hyemalis,2026-04-25T14:03:34Z,25-Apr-2026,07:03:34,0.57,1
Orange-crowned Warbler,Leiothlypis celata,2026-04-25T14:03:24Z,25-Apr-2026,07:03:24,0.3,1
Dark-eyed Junco,Junco hyemalis,2026-04-25T14:03:18Z,25-Apr-2026,07:03:18,0.43,1
Bewick's Wren,Thryomanes bewickii,2026-04-25T14:03:11Z,25-Apr-2026,07:03:11,0.33,1
Dark-eyed Junco,Junco hyemalis,2026-04-25T14:03:04Z,25-Apr-2026,07:03:04,0.66,1
Dark-eyed Junco,Junco hyemalis,2026-04-25T14:02:56Z,25-Apr-2026,07:02:56,0.35,1
Bewick's Wren,Thryomanes bewickii,2026-04-25T13:59:44Z,25-Apr-2026,06:59:44,0.42,1
Bewick's Wren,Thryomanes bewickii,2026-04-25T13:59:26Z,25-Apr-2026,06:59:26,0.43,1
Bewick's Wren,Thryomanes bewickii,2026-04-25T13:58:01Z,25-Apr-2026,06:58:01,0.75,1
Anna's Hummingbird,Calypte anna,2026-04-25T13:57:12Z,25-Apr-2026,06:57:12,0.898,1
Bewick's Wren,Thryomanes bewickii,2026-04-25T13:54:54Z,25-Apr-2026,06:54:54,0.36,1
Mountain Chickadee,Poecile gambeli,2026-04-25T13:54:32Z,25-Apr-2026,06:54:32,0.37,1
Chestnut-backed Chickadee,Poecile rufescens,2026-04-25T13:54:01Z,25-Apr-2026,06:54:01,0.7804,2
Bewick's Wren,Thryomanes bewickii,2026-04-25T13:53:58Z,25-Apr-2026,06:53:58,0.27,1
Bewick's Wren,Thryomanes bewickii,2026-04-25T13:53:34Z,25-Apr-2026,06:53:34,0.3,1
House Finch,Haemorhous mexicanus,2026-04-25T13:51:52Z,25-Apr-2026,06:51:52,0.8,2
Red-breasted Nuthatch,Sitta canadensis,2026-04-25T13:51:12Z,25-Apr-2026,06:51:12,0.48,1
Red-breasted Nuthatch,Sitta canadensis,2026-04-25T13:51:04Z,25-Apr-2026,06:51:04,0.54,1
Chestnut-backed Chickadee,Poecile rufescens,2026-04-25T13:50:28Z,25-Apr-2026,06:50:28,0.898,2
Chestnut-backed Chickadee,Poecile rufescens,2026-04-25T13:50:21Z,25-Apr-2026,06:50:21,0.28,1
House Finch,Haemorhous mexicanus,2026-04-25T13:49:14Z,25-Apr-2026,06:49:14,0.7804,1
Chestnut-backed Chickadee,Poecile rufescens,2026-04-25T13:48:52Z,25-Apr-2026,06:48:52,0.29,1
House Finch,Haemorhous mexicanus,2026-04-25T13:47:59Z,25-Apr-2026,06:47:59,0.8314,1
Chestnut-backed Chickadee,Poecile rufescens,2026-04-25T13:47:38Z,25-Apr-2026,06:47:38,0.8745,1
House Finch,Haemorhous mexicanus,2026-04-25T13:46:43Z,25-Apr-2026,06:46:43,0.34,1
Chestnut-backed Chickadee,Poecile rufescens,2026-04-25T13:45:37Z,25-Apr-2026,06:45:37,0.8,2
Chestnut-backed Chickadee,Poecile rufescens,2026-04-25T13:44:22Z,25-Apr-2026,06:44:22,0.8157,3
Chestnut-backed Chickadee,Poecile rufescens,2026-04-25T13:43:17Z,25-Apr-2026,06:43:17,0.8627,1
Chestnut-backed Chickadee,Poecile rufescens,2026-04-25T13:42:15Z,25-Apr-2026,06:42:15,0.26,1
House Finch,Haemorhous mexicanus,2026-04-25T13:40:38Z,25-Apr-2026,06:40:38,0.63,1
House Finch,Haemorhous mexicanus,2026-04-25T13:40:27Z,25-Apr-2026,06:40:27,0.8,1
American Crow,Corvus brachyrhynchos,2026-04-25T13:39:55Z,25-Apr-2026,06:39:55,0.8627,1
American Crow,Corvus brachyrhynchos,2026-04-25T13:39:45Z,25-Apr-2026,06:39:45,0.37,1
House Finch,Haemorhous mexicanus,2026-04-25T13:36:06Z,25-Apr-2026,06:36:06,0.8471,1
American Crow,Corvus brachyrhynchos,2026-04-25T13:35:20Z,25-Apr-2026,06:35:20,0.7804,1
Bewick's Wren,Thryomanes bewickii,2026-04-25T13:34:29Z,25-Apr-2026,06:34:29,0.74,1
Bewick's Wren,Thryomanes bewickii,2026-04-25T13:31:31Z,25-Apr-2026,06:31:31,0.26,1
Chestnut-backed Chickadee,Poecile rufescens,2026-04-25T13:24:43Z,25-Apr-2026,06:24:43,0.9804,3
Bewick's Wren,Thryomanes bewickii,2026-04-25T13:23:59Z,25-Apr-2026,06:23:59,0.28,1
Chestnut-backed Chickadee,Poecile rufescens,2026-04-25T13:23:41Z,25-Apr-2026,06:23:41,0.8314,1
White-throated Sparrow,Zonotrichia albicollis,2026-04-25T13:19:07Z,25-Apr-2026,06:19:07,0.26,1
Varied Thrush,Ixoreus naevius,2026-04-25T13:18:35Z,25-Apr-2026,06:18:35,0.3,1
Black-capped Chickadee,Poecile atricapillus,2026-04-25T13:16:21Z,25-Apr-2026,06:16:21,0.54,1
Bewick's Wren,Thryomanes bewickii,2026-04-25T13:13:18Z,25-Apr-2026,06:13:18,0.41,1
Bewick's Wren,Thryomanes bewickii,2026-04-25T13:12:49Z,25-Apr-2026,06:12:49,0.28,1
Bewick's Wren,Thryomanes bewickii,2026-04-25T13:12:35Z,25-Apr-2026,06:12:35,0.48,1
Chestnut-backed Chickadee,Poecile rufescens,2026-04-25T13:12:13Z,25-Apr-2026,06:12:13,0.57,1
Chestnut-backed Chickadee,Poecile rufescens,2026-04-25T13:11:58Z,25-Apr-2026,06:11:58,0.31,1
Chestnut-backed Chickadee,Poecile rufescens,2026-04-25T13:11:45Z,25-Apr-2026,06:11:45,0.86,1
Chestnut-backed Chickadee,Poecile rufescens,2026-04-25T13:11:25Z,25-Apr-2026,06:11:25,0.57,1
Chestnut-backed Chickadee,Poecile rufescens,2026-04-25T13:11:19Z,25-Apr-2026,06:11:19,0.34,1
Chestnut-backed Chickadee,Poecile rufescens,2026-04-25T13:11:12Z,25-Apr-2026,06:11:12,0.69,1
Chestnut-backed Chickadee,Poecile rufescens,2026-04-25T13:11:04Z,25-Apr-2026,06:11:04,0.69,1
Chestnut-backed Chickadee,Poecile rufescens,2026-04-25T13:10:54Z,25-Apr-2026,06:10:54,0.67,1
Chestnut-backed Chickadee,Poecile rufescens,2026-04-25T13:10:46Z,25-Apr-2026,06:10:46,0.82,1
Chestnut-backed Chickadee,Poecile rufescens,2026-04-25T13:10:42Z,25-Apr-2026,06:10:42,0.8627,1
Chestnut-backed Chickadee,Poecile rufescens,2026-04-25T13:10:38Z,25-Apr-2026,06:10:38,0.58,1
Black-capped Chickadee,Poecile atricapillus,2026-04-25T13:10:33Z,25-Apr-2026,06:10:33,0.27,1
Black-capped Chickadee,Poecile atricapillus,2026-04-25T13:10:18Z,25-Apr-2026,06:10:18,0.31,1
Chestnut-backed Chickadee,Poecile rufescens,2026-04-25T13:09:41Z,25-Apr-2026,06:09:41,0.37,1
Chestnut-backed Chickadee,Poecile rufescens,2026-04-25T13:09:29Z,25-Apr-2026,06:09:29,0.9176,10
Mountain Chickadee,Poecile gambeli,2026-04-25T13:08:38Z,25-Apr-2026,06:08:38,0.31,1
Chestnut-backed Chickadee,Poecile rufescens,2026-04-25T13:08:22Z,25-Apr-2026,06:08:22,0.8,1
Black-capped Chickadee,Poecile atricapillus,2026-04-25T13:07:50Z,25-Apr-2026,06:07:50,0.9098,1
Chestnut-backed Chickadee,Poecile rufescens,2026-04-25T13:05:48Z,25-Apr-2026,06:05:48,0.8314,1
American Crow,Corvus brachyrhynchos,2026-04-25T13:05:14Z,25-Apr-2026,06:05:14,0.7804,1
Mountain Chickadee,Poecile gambeli,2026-04-25T13:04:38Z,25-Apr-2026,06:04:38,0.39,1
House Finch,Haemorhous mexicanus,2026-04-25T13:02:20Z,25-Apr-2026,06:02:20,0.8745,1
MacGillivray's Warbler,Geothlypis tolmiei,2026-04-25T13:01:46Z,25-Apr-2026,06:01:46,0.26,1
Yellow-rumped Warbler,Setophaga coronata,2026-04-25T13:01:32Z,25-Apr-2026,06:01:32,0.36,1
Black-throated Gray Warbler,Setophaga nigrescens,2026-04-25T13:01:25Z,25-Apr-2026,06:01:25,0.31,1
Yellow-rumped Warbler,Setophaga coronata,2026-04-25T13:00:56Z,25-Apr-2026,06:00:56,0.36,1
Bewick's Wren,Thryomanes bewickii,2026-04-25T13:00:32Z,25-Apr-2026,06:00:32,0.36,1
Bewick's Wren,Thryomanes bewickii,2026-04-25T12:59:54Z,25-Apr-2026,05:59:54,0.28,1
Bewick's Wren,Thryomanes bewickii,2026-04-25T12:59:47Z,25-Apr-2026,05:59:47,0.55,1
Mountain Chickadee,Poecile gambeli,2026-04-25T12:59:27Z,25-Apr-2026,05:59:27,0.29,1
Black-capped Chickadee,Poecile atricapillus,2026-04-25T12:56:58Z,25-Apr-2026,05:56:58,0.36,1
Black-capped Chickadee,Poecile atricapillus,2026-04-25T12:56:54Z,25-Apr-2026,05:56:54,0.9333,1
Bewick's Wren,Thryomanes bewickii,2026-04-25T12:55:51Z,25-Apr-2026,05:55:51,0.43,1
Black-capped Chickadee,Poecile atricapillus,2026-04-25T12:52:08Z,25-Apr-2026,05:52:08,0.34,1
Bewick's Wren,Thryomanes bewickii,2026-04-25T12:52:01Z,25-Apr-2026,05:52:01,0.43,1
Bewick's Wren,Thryomanes bewickii,2026-04-25T12:51:47Z,25-Apr-2026,05:51:47,0.27,1
Bewick's Wren,Thryomanes bewickii,2026-04-25T12:51:40Z,25-Apr-2026,05:51:40,0.67,1
Bewick's Wren,Thryomanes bewickii,2026-04-25T12:51:33Z,25-Apr-2026,05:51:33,0.46,1
Bewick's Wren,Thryomanes bewickii,2026-04-25T12:51:11Z,25-Apr-2026,05:51:11,0.88,1
Bewick's Wren,Thryomanes bewickii,2026-04-25T12:51:04Z,25-Apr-2026,05:51:04,0.78,1
Bewick's Wren,Thryomanes bewickii,2026-04-25T12:50:57Z,25-Apr-2026,05:50:57,0.28,1
Bewick's Wren,Thryomanes bewickii,2026-04-25T12:50:42Z,25-Apr-2026,05:50:42,0.59,1
Bewick's Wren,Thryomanes bewickii,2026-04-25T12:50:29Z,25-Apr-2026,05:50:29,0.45,1
Bewick's Wren,Thryomanes bewickii,2026-04-25T12:49:26Z,25-Apr-2026,05:49:26,0.42,1
Bewick's Wren,Thryomanes bewickii,2026-04-25T12:49:19Z,25-Apr-2026,05:49:19,0.51,1
Black-capped Chickadee,Poecile atricapillus,2026-04-25T12:49:14Z,25-Apr-2026,05:49:14,0.8157,1
Black-capped Chickadee,Poecile atricapillus,2026-04-25T12:49:10Z,25-Apr-2026,05:49:10,0.47,1
Bewick's Wren,Thryomanes bewickii,2026-04-25T12:48:42Z,25-Apr-2026,05:48:42,0.49,1
Bewick's Wren,Thryomanes bewickii,2026-04-25T12:48:35Z,25-Apr-2026,05:48:35,0.41,1
Bewick's Wren,Thryomanes bewickii,2026-04-25T12:48:21Z,25-Apr-2026,05:48:21,0.5,1
Bewick's Wren,Thryomanes bewickii,2026-04-25T12:48:14Z,25-Apr-2026,05:48:14,0.79,1
Bewick's Wren,Thryomanes bewickii,2026-04-25T12:48:06Z,25-Apr-2026,05:48:06,0.31,1
Bewick's Wren,Thryomanes bewickii,2026-04-25T12:48:00Z,25-Apr-2026,05:48:00,0.83,1
Bewick's Wren,Thryomanes bewickii,2026-04-25T12:47:53Z,25-Apr-2026,05:47:53,0.89,1
Bewick's Wren,Thryomanes bewickii,2026-04-25T12:47:46Z,25-Apr-2026,05:47:46,0.5,1
Bewick's Wren,Thryomanes bewickii,2026-04-25T12:47:40Z,25-Apr-2026,05:47:40,0.75,1
Bewick's Wren,Thryomanes bewickii,2026-04-25T12:47:33Z,25-Apr-2026,05:47:33,0.48,1
Bewick's Wren,Thryomanes bewickii,2026-04-25T12:47:18Z,25-Apr-2026,05:47:18,0.65,1
Bewick's Wren,Thryomanes bewickii,2026-04-25T12:47:11Z,25-Apr-2026,05:47:11,0.49,1
Bewick's Wren,Thryomanes bewickii,2026-04-25T12:47:05Z,25-Apr-2026,05:47:05,0.28,1
Bewick's Wren,Thryomanes bewickii,2026-04-25T12:46:58Z,25-Apr-2026,05:46:58,0.84,1
Bewick's Wren,Thryomanes bewickii,2026-04-25T12:46:38Z,25-Apr-2026,05:46:38,0.91,1
Bewick's Wren,Thryomanes bewickii,2026-04-25T12:46:31Z,25-Apr-2026,05:46:31,0.64,1
Bewick's Wren,Thryomanes bewickii,2026-04-25T12:46:24Z,25-Apr-2026,05:46:24,0.74,1
Bewick's Wren,Thryomanes bewickii,2026-04-25T12:46:19Z,25-Apr-2026,05:46:19,0.47,1
Bewick's Wren,Thryomanes bewickii,2026-04-25T12:46:11Z,25-Apr-2026,05:46:11,0.62,1
Bewick's Wren,Thryomanes bewickii,2026-04-25T12:46:03Z,25-Apr-2026,05:46:03,0.57,1
Golden-crowned Sparrow,Zonotrichia atricapilla,2026-04-25T12:45:42Z,25-Apr-2026,05:45:42,0.37,1
Golden-crowned Sparrow,Zonotrichia atricapilla,2026-04-25T12:45:35Z,25-Apr-2026,05:45:35,0.28,1
Bewick's Wren,Thryomanes bewickii,2026-04-25T12:45:28Z,25-Apr-2026,05:45:28,0.65,1
Bewick's Wren,Thryomanes bewickii,2026-04-25T12:45:21Z,25-Apr-2026,05:45:21,0.78,1
Bewick's Wren,Thryomanes bewickii,2026-04-25T12:45:14Z,25-Apr-2026,05:45:14,0.53,1
Bewick's Wren,Thryomanes bewickii,2026-04-25T12:45:05Z,25-Apr-2026,05:45:05,0.87,1
Black-capped Chickadee,Poecile atricapillus,2026-04-25T12:44:58Z,25-Apr-2026,05:44:58,0.41,1
Bewick's Wren,Thryomanes bewickii,2026-04-25T12:44:44Z,25-Apr-2026,05:44:44,0.87,1
Bewick's Wren,Thryomanes bewickii,2026-04-25T12:44:30Z,25-Apr-2026,05:44:30,0.56,1
Bewick's Wren,Thryomanes bewickii,2026-04-25T12:44:24Z,25-Apr-2026,05:44:24,0.86,1
Black-capped Chickadee,Poecile atricapillus,2026-04-25T12:44:03Z,25-Apr-2026,05:44:03,0.58,1
Black-capped Chickadee,Poecile atricapillus,2026-04-25T12:43:56Z,25-Apr-2026,05:43:56,0.35,1
Bewick's Wren,Thryomanes bewickii,2026-04-25T12:43:26Z,25-Apr-2026,05:43:26,0.9,1
Black-capped Chickadee,Poecile atricapillus,2026-04-25T12:43:18Z,25-Apr-2026,05:43:18,0.5,1
Black-capped Chickadee,Poecile atricapillus,2026-04-25T12:43:13Z,25-Apr-2026,05:43:13,0.8314,2
Bewick's Wren,Thryomanes bewickii,2026-04-25T12:43:08Z,25-Apr-2026,05:43:08,0.61,1
Bewick's Wren,Thryomanes bewickii,2026-04-25T12:42:37Z,25-Apr-2026,05:42:37,0.47,1
Bewick's Wren,Thryomanes bewickii,2026-04-25T12:42:30Z,25-Apr-2026,05:42:30,0.27,1
Bewick's Wren,Thryomanes bewickii,2026-04-25T12:42:10Z,25-Apr-2026,05:42:10,0.79,1
Bewick's Wren,Thryomanes bewickii,2026-04-25T12:41:49Z,25-Apr-2026,05:41:49,0.79,1
Black-capped Chickadee,Poecile atricapillus,2026-04-25T12:41:43Z,25-Apr-2026,05:41:43,0.898,1
Black-capped Chickadee,Poecile atricapillus,2026-04-25T12:41:35Z,25-Apr-2026,05:41:35,0.29,1
Bewick's Wren,Thryomanes bewickii,2026-04-25T12:41:28Z,25-Apr-2026,05:41:28,0.75,1
Bewick's Wren,Thryomanes bewickii,2026-04-25T12:41:22Z,25-Apr-2026,05:41:22,0.77,1
Bewick's Wren,Thryomanes bewickii,2026-04-25T12:41:14Z,25-Apr-2026,05:41:14,0.95,1
Bewick's Wren,Thryomanes bewickii,2026-04-25T12:40:59Z,25-Apr-2026,05:40:59,0.49,1
Bewick's Wren,Thryomanes bewickii,2026-04-25T12:40:38Z,25-Apr-2026,05:40:38,0.6,1
Bewick's Wren,Thryomanes bewickii,2026-04-25T12:40:30Z,25-Apr-2026,05:40:30,0.36,1
Bewick's Wren,Thryomanes bewickii,2026-04-25T12:40:23Z,25-Apr-2026,05:40:23,0.79,1
Bewick's Wren,Thryomanes bewickii,2026-04-25T12:40:16Z,25-Apr-2026,05:40:16,0.33,1
Bewick's Wren,Thryomanes bewickii,2026-04-25T12:40:08Z,25-Apr-2026,05:40:08,0.38,1
Bewick's Wren,Thryomanes bewickii,2026-04-25T12:40:00Z,25-Apr-2026,05:40:00,0.4,1
Bewick's Wren,Thryomanes bewickii,2026-04-25T12:39:54Z,25-Apr-2026,05:39:54,0.26,1
Bewick's Wren,Thryomanes bewickii,2026-04-25T12:39:47Z,25-Apr-2026,05:39:47,0.27,1
Bewick's Wren,Thryomanes bewickii,2026-04-25T12:39:18Z,25-Apr-2026,05:39:18,0.38,1
Bewick's Wren,Thryomanes bewickii,2026-04-25T12:39:07Z,25-Apr-2026,05:39:07,0.4,1
Bewick's Wren,Thryomanes bewickii,2026-04-25T12:39:00Z,25-Apr-2026,05:39:00,0.34,1
Bewick's Wren,Thryomanes bewickii,2026-04-25T12:38:46Z,25-Apr-2026,05:38:46,0.45,1
Bewick's Wren,Thryomanes bewickii,2026-04-25T12:38:28Z,25-Apr-2026,05:38:28,0.39,1
Bewick's Wren,Thryomanes bewickii,2026-04-25T12:37:52Z,25-Apr-2026,05:37:52,0.27,1
Bewick's Wren,Thryomanes bewickii,2026-04-25T12:37:45Z,25-Apr-2026,05:37:45,0.73,1
Bewick's Wren,Thryomanes bewickii,2026-04-25T12:37:38Z,25-Apr-2026,05:37:38,0.71,1
Bewick's Wren,Thryomanes bewickii,2026-04-25T12:37:30Z,25-Apr-2026,05:37:30,0.33,1
Bewick's Wren,Thryomanes bewickii,2026-04-25T12:37:20Z,25-Apr-2026,05:37:20,0.47,1
Bewick's Wren,Thryomanes bewickii,2026-04-25T12:37:05Z,25-Apr-2026,05:37:05,0.36,1
Bewick's Wren,Thryomanes bewickii,2026-04-25T12:36:58Z,25-Apr-2026,05:36:58,0.53,1
Bewick's Wren,Thryomanes bewickii,2026-04-25T12:36:24Z,25-Apr-2026,05:36:24,0.5,1
Bewick's Wren,Thryomanes bewickii,2026-04-25T12:36:17Z,25-Apr-2026,05:36:17,0.37,1
Bewick's Wren,Thryomanes bewickii,2026-04-25T12:36:10Z,25-Apr-2026,05:36:10,0.3,1
Bewick's Wren,Thryomanes bewickii,2026-04-25T12:36:03Z,25-Apr-2026,05:36:03,0.71,1
Bewick's Wren,Thryomanes bewickii,2026-04-25T12:35:50Z,25-Apr-2026,05:35:50,0.5,1
Bewick's Wren,Thryomanes bewickii,2026-04-25T12:35:36Z,25-Apr-2026,05:35:36,0.36,1
Bewick's Wren,Thryomanes bewickii,2026-04-25T12:35:28Z,25-Apr-2026,05:35:28,0.52,1
Bewick's Wren,Thryomanes bewickii,2026-04-25T12:35:11Z,25-Apr-2026,05:35:11,0.56,1
Bewick's Wren,Thryomanes bewickii,2026-04-25T12:35:04Z,25-Apr-2026,05:35:04,0.73,1
Bewick's Wren,Thryomanes bewickii,2026-04-25T12:34:00Z,25-Apr-2026,05:34:00,0.42,1
Bewick's Wren,Thryomanes bewickii,2026-04-25T12:33:53Z,25-Apr-2026,05:33:53,0.29,1
Bewick's Wren,Thryomanes bewickii,2026-04-25T12:33:47Z,25-Apr-2026,05:33:47,0.29,1
Bewick's Wren,Thryomanes bewickii,2026-04-25T12:32:52Z,25-Apr-2026,05:32:52,0.66,1
Bewick's Wren,Thryomanes bewickii,2026-04-25T12:32:39Z,25-Apr-2026,05:32:39,0.31,1
Bewick's Wren,Thryomanes bewickii,2026-04-25T12:31:54Z,25-Apr-2026,05:31:54,0.78,1
Bewick's Wren,Thryomanes bewickii,2026-04-25T12:31:47Z,25-Apr-2026,05:31:47,0.37,1
Bewick's Wren,Thryomanes bewickii,2026-04-25T12:31:32Z,25-Apr-2026,05:31:32,0.65,1
Bewick's Wren,Thryomanes bewickii,2026-04-25T12:31:12Z,25-Apr-2026,05:31:12,0.46,1
Bewick's Wren,Thryomanes bewickii,2026-04-25T12:31:05Z,25-Apr-2026,05:31:05,0.7,1
Bewick's Wren,Thryomanes bewickii,2026-04-25T12:30:51Z,25-Apr-2026,05:30:51,0.77,1
Bewick's Wren,Thryomanes bewickii,2026-04-25T12:30:27Z,25-Apr-2026,05:30:27,0.35,1
Bewick's Wren,Thryomanes bewickii,2026-04-25T12:29:15Z,25-Apr-2026,05:29:15,0.38,1
Bewick's Wren,Thryomanes bewickii,2026-04-25T12:29:07Z,25-Apr-2026,05:29:07,0.37,1
Bewick's Wren,Thryomanes bewickii,2026-04-25T12:29:01Z,25-Apr-2026,05:29:01,0.29,1
Bewick's Wren,Thryomanes bewickii,2026-04-25T12:28:48Z,25-Apr-2026,05:28:48,0.37,1
Bewick's Wren,Thryomanes bewickii,2026-04-25T12:28:41Z,25-Apr-2026,05:28:41,0.36,1
Bewick's Wren,Thryomanes bewickii,2026-04-25T12:28:24Z,25-Apr-2026,05:28:24,0.97,1
MacGillivray's Warbler,Geothlypis tolmiei,2026-04-25T12:28:17Z,25-Apr-2026,05:28:17,0.42,1
Bewick's Wren,Thryomanes bewickii,2026-04-25T12:28:09Z,25-Apr-2026,05:28:09,0.92,1
Bewick's Wren,Thryomanes bewickii,2026-04-25T12:28:02Z,25-Apr-2026,05:28:02,0.95,1
Bewick's Wren,Thryomanes bewickii,2026-04-25T12:27:40Z,25-Apr-2026,05:27:40,0.92,1
Bewick's Wren,Thryomanes bewickii,2026-04-25T12:27:33Z,25-Apr-2026,05:27:33,0.83,1
Bewick's Wren,Thryomanes bewickii,2026-04-25T12:27:26Z,25-Apr-2026,05:27:26,0.31,1
Bewick's Wren,Thryomanes bewickii,2026-04-25T12:27:19Z,25-Apr-2026,05:27:19,0.81,1
Bewick's Wren,Thryomanes bewickii,2026-04-25T12:26:58Z,25-Apr-2026,05:26:58,0.81,1
Bewick's Wren,Thryomanes bewickii,2026-04-25T12:26:52Z,25-Apr-2026,05:26:52,0.92,1
Bewick's Wren,Thryomanes bewickii,2026-04-25T12:26:38Z,25-Apr-2026,05:26:38,0.67,1
Bewick's Wren,Thryomanes bewickii,2026-04-25T12:26:24Z,25-Apr-2026,05:26:24,0.69,1
Bewick's Wren,Thryomanes bewickii,2026-04-25T12:26:09Z,25-Apr-2026,05:26:09,0.64,1
Bewick's Wren,Thryomanes bewickii,2026-04-25T12:25:54Z,25-Apr-2026,05:25:54,0.74,1
Bewick's Wren,Thryomanes bewickii,2026-04-25T12:25:47Z,25-Apr-2026,05:25:47,0.71,1
Bewick's Wren,Thryomanes bewickii,2026-04-25T12:25:26Z,25-Apr-2026,05:25:26,0.85,1
Bewick's Wren,Thryomanes bewickii,2026-04-25T12:25:05Z,25-Apr-2026,05:25:05,0.64,1
Bewick's Wren,Thryomanes bewickii,2026-04-25T12:24:52Z,25-Apr-2026,05:24:52,0.92,1
Bewick's Wren,Thryomanes bewickii,2026-04-25T12:24:45Z,25-Apr-2026,05:24:45,0.74,1
Bewick's Wren,Thryomanes bewickii,2026-04-25T12:24:38Z,25-Apr-2026,05:24:38,0.26,1
Bewick's Wren,Thryomanes bewickii,2026-04-25T12:24:31Z,25-Apr-2026,05:24:31,0.86,1
Chestnut-backed Chickadee,Poecile rufescens,2026-04-25T12:23:56Z,25-Apr-2026,05:23:56,0.27,1
Bewick's Wren,Thryomanes bewickii,2026-04-25T12:23:49Z,25-Apr-2026,05:23:49,0.88,1
Bewick's Wren,Thryomanes bewickii,2026-04-25T12:23:43Z,25-Apr-2026,05:23:43,0.35,1
Bewick's Wren,Thryomanes bewickii,2026-04-25T12:23:29Z,25-Apr-2026,05:23:29,0.29,1
Bewick's Wren,Thryomanes bewickii,2026-04-25T12:23:22Z,25-Apr-2026,05:23:22,0.59,1
Bewick's Wren,Thryomanes bewickii,2026-04-25T12:23:14Z,25-Apr-2026,05:23:14,0.38,1
Bewick's Wren,Thryomanes bewickii,2026-04-25T12:22:52Z,25-Apr-2026,05:22:52,0.77,1
Bewick's Wren,Thryomanes bewickii,2026-04-25T12:22:45Z,25-Apr-2026,05:22:45,0.75,1
Chestnut-backed Chickadee,Poecile rufescens,2026-04-25T12:22:34Z,25-Apr-2026,05:22:34,0.8627,1
Bewick's Wren,Thryomanes bewickii,2026-04-25T12:22:29Z,25-Apr-2026,05:22:29,0.81,1
Bewick's Wren,Thryomanes bewickii,2026-04-25T12:22:07Z,25-Apr-2026,05:22:07,0.86,1
Bewick's Wren,Thryomanes bewickii,2026-04-25T12:21:59Z,25-Apr-2026,05:21:59,0.69,1
Bewick's Wren,Thryomanes bewickii,2026-04-25T12:21:52Z,25-Apr-2026,05:21:52,0.86,1
Bewick's Wren,Thryomanes bewickii,2026-04-25T12:21:45Z,25-Apr-2026,05:21:45,0.87,1
Bewick's Wren,Thryomanes bewickii,2026-04-25T12:21:38Z,25-Apr-2026,05:21:38,0.33,1
Bewick's Wren,Thryomanes bewickii,2026-04-25T12:21:30Z,25-Apr-2026,05:21:30,0.9,1
Bewick's Wren,Thryomanes bewickii,2026-04-25T12:21:23Z,25-Apr-2026,05:21:23,0.9,1
Bewick's Wren,Thryomanes bewickii,2026-04-25T12:21:16Z,25-Apr-2026,05:21:16,0.83,1
Bewick's Wren,Thryomanes bewickii,2026-04-25T12:21:09Z,25-Apr-2026,05:21:09,0.77,1
Bewick's Wren,Thryomanes bewickii,2026-04-25T12:21:02Z,25-Apr-2026,05:21:02,0.81,1
Bewick's Wren,Thryomanes bewickii,2026-04-25T12:20:53Z,25-Apr-2026,05:20:53,0.58,1
Bewick's Wren,Thryomanes bewickii,2026-04-25T12:20:38Z,25-Apr-2026,05:20:38,0.88,1
Bewick's Wren,Thryomanes bewickii,2026-04-25T12:20:16Z,25-Apr-2026,05:20:16,0.43,1
Bewick's Wren,Thryomanes bewickii,2026-04-25T12:19:45Z,25-Apr-2026,05:19:45,0.4,1
Song Sparrow,Melospiza melodia,2026-04-25T12:19:40Z,25-Apr-2026,05:19:40,0.8157,1
Bewick's Wren,Thryomanes bewickii,2026-04-25T12:19:25Z,25-Apr-2026,05:19:25,0.81,1
Bewick's Wren,Thryomanes bewickii,2026-04-25T12:19:18Z,25-Apr-2026,05:19:18,0.82,1
Bewick's Wren,Thryomanes bewickii,2026-04-25T12:19:11Z,25-Apr-2026,05:19:11,0.88,1
Bewick's Wren,Thryomanes bewickii,2026-04-25T12:18:49Z,25-Apr-2026,05:18:49,0.8,1
Bewick's Wren,Thryomanes bewickii,2026-04-25T12:18:41Z,25-Apr-2026,05:18:41,0.87,1
Bewick's Wren,Thryomanes bewickii,2026-04-25T12:18:33Z,25-Apr-2026,05:18:33,0.42,1
Bewick's Wren,Thryomanes bewickii,2026-04-25T12:18:26Z,25-Apr-2026,05:18:26,0.82,1
Bewick's Wren,Thryomanes bewickii,2026-04-25T12:18:15Z,25-Apr-2026,05:18:15,0.91,1
Bewick's Wren,Thryomanes bewickii,2026-04-25T12:18:09Z,25-Apr-2026,05:18:09,0.9,1
Bewick's Wren,Thryomanes bewickii,2026-04-25T12:18:02Z,25-Apr-2026,05:18:02,0.83,1
American Robin,Turdus migratorius,2026-04-25T12:17:35Z,25-Apr-2026,05:17:35,0.45,1
Bewick's Wren,Thryomanes bewickii,2026-04-25T12:17:28Z,25-Apr-2026,05:17:28,0.78,1
Bewick's Wren,Thryomanes bewickii,2026-04-25T12:17:20Z,25-Apr-2026,05:17:20,0.52,1
Bewick's Wren,Thryomanes bewickii,2026-04-25T12:17:00Z,25-Apr-2026,05:17:00,0.97,1
American Robin,Turdus migratorius,2026-04-25T12:16:56Z,25-Apr-2026,05:16:56,0.8314,2
Bewick's Wren,Thryomanes bewickii,2026-04-25T12:16:49Z,25-Apr-2026,05:16:49,0.88,1
Bewick's Wren,Thryomanes bewickii,2026-04-25T12:16:42Z,25-Apr-2026,05:16:42,0.61,1
Bewick's Wren,Thryomanes bewickii,2026-04-25T12:16:27Z,25-Apr-2026,05:16:27,0.88,1
Bewick's Wren,Thryomanes bewickii,2026-04-25T12:16:04Z,25-Apr-2026,05:16:04,0.32,1
Bewick's Wren,Thryomanes bewickii,2026-04-25T12:15:43Z,25-Apr-2026,05:15:43,0.86,1
American Robin,Turdus migratorius,2026-04-25T12:15:39Z,25-Apr-2026,05:15:39,0.8,1
Bewick's Wren,Thryomanes bewickii,2026-04-25T12:15:31Z,25-Apr-2026,05:15:31,0.84,1
Bewick's Wren,Thryomanes bewickii,2026-04-25T12:15:24Z,25-Apr-2026,05:15:24,0.91,1
Bewick's Wren,Thryomanes bewickii,2026-04-25T12:15:17Z,25-Apr-2026,05:15:17,0.87,1
Bewick's Wren,Thryomanes bewickii,2026-04-25T12:15:10Z,25-Apr-2026,05:15:10,0.88,1
Bewick's Wren,Thryomanes bewickii,2026-04-25T12:15:02Z,25-Apr-2026,05:15:02,0.94,1
Song Sparrow,Melospiza melodia,2026-04-25T12:14:50Z,25-Apr-2026,05:14:50,0.8,1
Bewick's Wren,Thryomanes bewickii,2026-04-25T12:14:37Z,25-Apr-2026,05:14:37,0.63,1
Bewick's Wren,Thryomanes bewickii,2026-04-25T12:14:15Z,25-Apr-2026,05:14:15,0.91,1
Bewick's Wren,Thryomanes bewickii,2026-04-25T12:14:08Z,25-Apr-2026,05:14:08,0.91,1
Bewick's Wren,Thryomanes bewickii,2026-04-25T12:13:52Z,25-Apr-2026,05:13:52,0.9,1
Bewick's Wren,Thryomanes bewickii,2026-04-25T12:13:46Z,25-Apr-2026,05:13:46,0.94,1
Bewick's Wren,Thryomanes bewickii,2026-04-25T12:13:38Z,25-Apr-2026,05:13:38,0.97,1
Bewick's Wren,Thryomanes bewickii,2026-04-25T12:13:30Z,25-Apr-2026,05:13:30,0.93,1
Bewick's Wren,Thryomanes bewickii,2026-04-25T12:13:23Z,25-Apr-2026,05:13:23,0.88,1
Bewick's Wren,Thryomanes bewickii,2026-04-25T12:13:16Z,25-Apr-2026,05:13:16,0.62,1
Bewick's Wren,Thryomanes bewickii,2026-04-25T12:12:59Z,25-Apr-2026,05:12:59,0.99,1
Bewick's Wren,Thryomanes bewickii,2026-04-25T12:12:52Z,25-Apr-2026,05:12:52,0.99,1
Bewick's Wren,Thryomanes bewickii,2026-04-25T12:12:44Z,25-Apr-2026,05:12:44,0.48,1
Bewick's Wren,Thryomanes bewickii,2026-04-25T12:12:37Z,25-Apr-2026,05:12:37,0.9,1
Bewick's Wren,Thryomanes bewickii,2026-04-25T12:12:11Z,25-Apr-2026,05:12:11,0.57,1
Bewick's Wren,Thryomanes bewickii,2026-04-25T12:11:36Z,25-Apr-2026,05:11:36,0.97,1
Bewick's Wren,Thryomanes bewickii,2026-04-25T12:11:26Z,25-Apr-2026,05:11:26,0.98,1
Bewick's Wren,Thryomanes bewickii,2026-04-25T12:11:18Z,25-Apr-2026,05:11:18,0.99,1
Bewick's Wren,Thryomanes bewickii,2026-04-25T12:11:08Z,25-Apr-2026,05:11:08,0.99,1
American Robin,Turdus migratorius,2026-04-25T12:10:41Z,25-Apr-2026,05:10:41,0.26,1
Bewick's Wren,Thryomanes bewickii,2026-04-25T12:10:33Z,25-Apr-2026,05:10:33,0.98,1
Bewick's Wren,Thryomanes bewickii,2026-04-25T12:09:58Z,25-Apr-2026,05:09:58,0.59,1
Bewick's Wren,Thryomanes bewickii,2026-04-25T12:09:43Z,25-Apr-2026,05:09:43,0.98,1
Bewick's Wren,Thryomanes bewickii,2026-04-25T12:09:33Z,25-Apr-2026,05:09:33,0.98,1
American Robin,Turdus migratorius,2026-04-25T12:09:29Z,25-Apr-2026,05:09:29,0.8471,1
Bewick's Wren,Thryomanes bewickii,2026-04-25T12:09:14Z,25-Apr-2026,05:09:14,0.9,1
Bewick's Wren,Thryomanes bewickii,2026-04-25T12:09:04Z,25-Apr-2026,05:09:04,0.98,1
Bewick's Wren,Thryomanes bewickii,2026-04-25T12:08:54Z,25-Apr-2026,05:08:54,0.75,1
Bewick's Wren,Thryomanes bewickii,2026-04-25T12:08:20Z,25-Apr-2026,05:08:20,0.98,1
Bewick's Wren,Thryomanes bewickii,2026-04-25T12:08:12Z,25-Apr-2026,05:08:12,0.98,1
Bewick's Wren,Thryomanes bewickii,2026-04-25T12:08:05Z,25-Apr-2026,05:08:05,0.99,1
Bewick's Wren,Thryomanes bewickii,2026-04-25T12:07:51Z,25-Apr-2026,05:07:51,0.99,1
Bewick's Wren,Thryomanes bewickii,2026-04-25T12:07:44Z,25-Apr-2026,05:07:44,0.98,1
Bewick's Wren,Thryomanes bewickii,2026-04-25T12:07:37Z,25-Apr-2026,05:07:37,0.37,1
Bewick's Wren,Thryomanes bewickii,2026-04-25T12:06:23Z,25-Apr-2026,05:06:23,0.99,1
Bewick's Wren,Thryomanes bewickii,2026-04-25T12:05:13Z,25-Apr-2026,05:05:13,0.98,1
Bewick's Wren,Thryomanes bewickii,2026-04-25T12:05:06Z,25-Apr-2026,05:05:06,0.99,1
Bewick's Wren,Thryomanes bewickii,2026-04-25T12:04:39Z,25-Apr-2026,05:04:39,0.99,1
Bewick's Wren,Thryomanes bewickii,2026-04-25T12:04:29Z,25-Apr-2026,05:04:29,0.98,1
Bewick's Wren,Thryomanes bewickii,2026-04-25T12:03:17Z,25-Apr-2026,05:03:17,0.96,1
Bewick's Wren,Thryomanes bewickii,2026-04-25T12:03:08Z,25-Apr-2026,05:03:08,0.99,1
American Robin,Turdus migratorius,2026-04-25T12:03:01Z,25-Apr-2026,05:03:01,0.7804,1
Bewick's Wren,Thryomanes bewickii,2026-04-25T12:02:08Z,25-Apr-2026,05:02:08,0.97,1
Bewick's Wren,Thryomanes bewickii,2026-04-25T12:01:54Z,25-Apr-2026,05:01:54,0.97,1
Bewick's Wren,Thryomanes bewickii,2026-04-25T12:01:37Z,25-Apr-2026,05:01:37,0.98,1
Bewick's Wren,Thryomanes bewickii,2026-04-25T12:01:20Z,25-Apr-2026,05:01:20,0.99,1
Bewick's Wren,Thryomanes bewickii,2026-04-25T12:01:11Z,25-Apr-2026,05:01:11,0.78,1
Bewick's Wren,Thryomanes bewickii,2026-04-25T12:00:47Z,25-Apr-2026,05:00:47,0.85,1
American Robin,Turdus migratorius,2026-04-25T12:00:25Z,25-Apr-2026,05:00:25,0.8627,2
Bewick's Wren,Thryomanes bewickii,2026-04-25T12:00:14Z,25-Apr-2026,05:00:14,0.7,1
Bewick's Wren,Thryomanes bewickii,2026-04-25T11:59:19Z,25-Apr-2026,04:59:19,0.99,1
Bewick's Wren,Thryomanes bewickii,2026-04-25T11:58:41Z,25-Apr-2026,04:58:41,0.67,1
Bewick's Wren,Thryomanes bewickii,2026-04-25T11:58:18Z,25-Apr-2026,04:58:18,0.99,1
Bewick's Wren,Thryomanes bewickii,2026-04-25T11:58:10Z,25-Apr-2026,04:58:10,0.98,1
Bewick's Wren,Thryomanes bewickii,2026-04-25T11:57:50Z,25-Apr-2026,04:57:50,0.99,1
Bewick's Wren,Thryomanes bewickii,2026-04-25T11:57:41Z,25-Apr-2026,04:57:41,0.98,1
Bewick's Wren,Thryomanes bewickii,2026-04-25T11:57:24Z,25-Apr-2026,04:57:24,0.98,1
Bewick's Wren,Thryomanes bewickii,2026-04-25T11:57:09Z,25-Apr-2026,04:57:09,0.93,1
Bewick's Wren,Thryomanes bewickii,2026-04-25T11:56:58Z,25-Apr-2026,04:56:58,0.99,1
American Robin,Turdus migratorius,2026-04-25T11:55:39Z,25-Apr-2026,04:55:39,0.7804,1
American Robin,Turdus migratorius,2026-04-25T11:53:25Z,25-Apr-2026,04:53:25,0.7804,1
American Robin,Turdus migratorius,2026-04-25T11:47:48Z,25-Apr-2026,04:47:48,0.32,1
Steller's Jay,Cyanocitta stelleri,2026-04-25T11:45:48Z,25-Apr-2026,04:45:48,0.62,1
American Robin,Turdus migratorius,2026-04-25T11:37:35Z,25-Apr-2026,04:37:35,0.29,1
American Robin,Turdus migratorius,2026-04-25T11:36:18Z,25-Apr-2026,04:36:18,0.8314,1
American Robin,Turdus migratorius,2026-04-25T11:32:07Z,25-Apr-2026,04:32:07,0.27,1
American Robin,Turdus migratorius,2026-04-25T11:32:00Z,25-Apr-2026,04:32:00,0.898,1
American Robin,Turdus migratorius,2026-04-25T11:11:12Z,25-Apr-2026,04:11:12,0.8,2
American Robin,Turdus migratorius,2026-04-25T11:05:23Z,25-Apr-2026,04:05:23,0.9255,1
American Robin,Turdus migratorius,2026-04-25T10:59:15Z,25-Apr-2026,03:59:15,0.34,1
American Robin,Turdus migratorius,2026-04-25T10:55:58Z,25-Apr-2026,03:55:58,0.32,1
American Robin,Turdus migratorius,2026-04-25T10:55:54Z,25-Apr-2026,03:55:54,0.7804,2
American Robin,Turdus migratorius,2026-04-25T10:55:51Z,25-Apr-2026,03:55:51,0.33,1
American Robin,Turdus migratorius,2026-04-25T10:54:56Z,25-Apr-2026,03:54:56,0.29,1
American Robin,Turdus migratorius,2026-04-25T10:54:44Z,25-Apr-2026,03:54:44,0.7804,1
American Robin,Turdus migratorius,2026-04-25T10:52:36Z,25-Apr-2026,03:52:36,0.7804,2
American Robin,Turdus migratorius,2026-04-25T10:51:54Z,25-Apr-2026,03:51:54,0.44,1
American Robin,Turdus migratorius,2026-04-25T10:51:29Z,25-Apr-2026,03:51:29,0.8471,1
White-crowned Sparrow,Zonotrichia leucophrys,2026-04-25T09:09:08Z,25-Apr-2026,02:09:08,0.35,1
White-throated Sparrow,Zonotrichia albicollis,2026-04-25T08:24:11Z,25-Apr-2026,01:24:11,0.36,1
Anna's Hummingbird,Calypte anna,2026-04-25T06:30:28Z,24-Apr-2026,23:30:28,0.8314,1
Varied Thrush,Ixoreus naevius,2026-04-25T04:39:46Z,24-Apr-2026,21:39:46,0.42,1
American Robin,Turdus migratorius,2026-04-25T03:37:34Z,24-Apr-2026,20:37:34,0.8745,1
American Robin,Turdus migratorius,2026-04-25T03:29:24Z,24-Apr-2026,20:29:24,0.64,1
American Robin,Turdus migratorius,2026-04-25T03:29:04Z,24-Apr-2026,20:29:04,0.898,1
American Crow,Corvus brachyrhynchos,2026-04-25T03:19:57Z,24-Apr-2026,20:19:57,0.8745,1
American Crow,Corvus brachyrhynchos,2026-04-25T03:19:49Z,24-Apr-2026,20:19:49,0.28,1
Dark-eyed Junco,Junco hyemalis,2026-04-25T03:06:47Z,24-Apr-2026,20:06:47,0.51,1
Bewick's Wren,Thryomanes bewickii,2026-04-25T03:01:31Z,24-Apr-2026,20:01:31,0.67,1
Bewick's Wren,Thryomanes bewickii,2026-04-25T03:01:05Z,24-Apr-2026,20:01:05,0.82,1
Bewick's Wren,Thryomanes bewickii,2026-04-25T02:59:31Z,24-Apr-2026,19:59:31,0.39,1
Bewick's Wren,Thryomanes bewickii,2026-04-25T02:59:07Z,24-Apr-2026,19:59:07,0.4,1
American Crow,Corvus brachyrhynchos,2026-04-25T02:55:25Z,24-Apr-2026,19:55:25,0.8745,1
Townsend's Warbler,Setophaga townsendi,2026-04-25T02:50:01Z,24-Apr-2026,19:50:01,0.29,1
Bewick's Wren,Thryomanes bewickii,2026-04-25T02:48:47Z,24-Apr-2026,19:48:47,0.35,1
Townsend's Warbler,Setophaga townsendi,2026-04-25T02:48:34Z,24-Apr-2026,19:48:34,0.32,1
Townsend's Warbler,Setophaga townsendi,2026-04-25T02:48:24Z,24-Apr-2026,19:48:24,0.35,1
Bewick's Wren,Thryomanes bewickii,2026-04-25T02:47:42Z,24-Apr-2026,19:47:42,0.39,1
American Crow,Corvus brachyrhynchos,2026-04-25T02:45:55Z,24-Apr-2026,19:45:55,0.8157,1
Mountain Chickadee,Poecile gambeli,2026-04-25T02:45:42Z,24-Apr-2026,19:45:42,0.4,1
Black-capped Chickadee,Poecile atricapillus,2026-04-25T02:45:21Z,24-Apr-2026,19:45:21,0.8157,1
Yellow-rumped Warbler,Setophaga coronata,2026-04-25T02:37:51Z,24-Apr-2026,19:37:51,0.36,1
Downy Woodpecker,Dryobates pubescens,2026-04-25T02:36:12Z,24-Apr-2026,19:36:12,0.3,1
Bewick's Wren,Thryomanes bewickii,2026-04-25T02:36:01Z,24-Apr-2026,19:36:01,0.64,1
Red-breasted Nuthatch,Sitta canadensis,2026-04-25T02:35:29Z,24-Apr-2026,19:35:29,0.32,1
Bewick's Wren,Thryomanes bewickii,2026-04-25T02:31:17Z,24-Apr-2026,19:31:17,0.38,1
Bewick's Wren,Thryomanes bewickii,2026-04-25T02:31:10Z,24-Apr-2026,19:31:10,0.53,1
American Robin,Turdus migratorius,2026-04-25T02:30:41Z,24-Apr-2026,19:30:41,0.8,1
American Robin,Turdus migratorius,2026-04-25T02:30:14Z,24-Apr-2026,19:30:14,0.39,1
Bewick's Wren,Thryomanes bewickii,2026-04-25T02:29:44Z,24-Apr-2026,19:29:44,0.36,1
Bewick's Wren,Thryomanes bewickii,2026-04-25T02:29:37Z,24-Apr-2026,19:29:37,0.77,1
Bewick's Wren,Thryomanes bewickii,2026-04-25T02:29:30Z,24-Apr-2026,19:29:30,0.27,1
Dark-eyed Junco,Junco hyemalis,2026-04-25T02:29:06Z,24-Apr-2026,19:29:06,0.83,1
Dark-eyed Junco,Junco hyemalis,2026-04-25T02:28:57Z,24-Apr-2026,19:28:57,0.49,1
Anna's Hummingbird,Calypte anna,2026-04-25T02:28:50Z,24-Apr-2026,19:28:50,0.8,1
Dark-eyed Junco,Junco hyemalis,2026-04-25T02:28:42Z,24-Apr-2026,19:28:42,0.28,1
Bewick's Wren,Thryomanes bewickii,2026-04-25T02:28:29Z,24-Apr-2026,19:28:29,0.35,1
Townsend's Warbler,Setophaga townsendi,2026-04-25T02:28:09Z,24-Apr-2026,19:28:09,0.54,1
Townsend's Warbler,Setophaga townsendi,2026-04-25T02:27:55Z,24-Apr-2026,19:27:55,0.37,1
Bewick's Wren,Thryomanes bewickii,2026-04-25T02:27:45Z,24-Apr-2026,19:27:45,0.33,1
Bewick's Wren,Thryomanes bewickii,2026-04-25T02:27:31Z,24-Apr-2026,19:27:31,0.34,1
Bewick's Wren,Thryomanes bewickii,2026-04-25T02:27:25Z,24-Apr-2026,19:27:25,0.68,1
Bewick's Wren,Thryomanes bewickii,2026-04-25T02:27:18Z,24-Apr-2026,19:27:18,0.67,1
Bewick's Wren,Thryomanes bewickii,2026-04-25T02:25:59Z,24-Apr-2026,19:25:59,0.29,1
Townsend's Warbler,Setophaga townsendi,2026-04-25T02:25:52Z,24-Apr-2026,19:25:52,0.36,1
Red-breasted Nuthatch,Sitta canadensis,2026-04-25T02:25:46Z,24-Apr-2026,19:25:46,0.71,1
Red-breasted Nuthatch,Sitta canadensis,2026-04-25T02:25:39Z,24-Apr-2026,19:25:39,0.72,1
Townsend's Warbler,Setophaga townsendi,2026-04-25T02:25:25Z,24-Apr-2026,19:25:25,0.45,1
American Robin,Turdus migratorius,2026-04-25T02:24:28Z,24-Apr-2026,19:24:28,0.35,1
American Robin,Turdus migratorius,2026-04-25T02:24:21Z,24-Apr-2026,19:24:21,0.7804,1
American Robin,Turdus migratorius,2026-04-25T02:22:18Z,24-Apr-2026,19:22:18,0.8157,1
American Robin,Turdus migratorius,2026-04-25T02:20:54Z,24-Apr-2026,19:20:54,0.8,1
Dark-eyed Junco,Junco hyemalis,2026-04-25T02:14:30Z,24-Apr-2026,19:14:30,0.7804,1
Bewick's Wren,Thryomanes bewickii,2026-04-25T02:13:42Z,24-Apr-2026,19:13:42,0.43,1
House Finch,Haemorhous mexicanus,2026-04-25T02:10:56Z,24-Apr-2026,19:10:56,0.8,1
Chestnut-backed Chickadee,Poecile rufescens,2026-04-25T02:10:44Z,24-Apr-2026,19:10:44,0.898,1
American Robin,Turdus migratorius,2026-04-25T02:10:22Z,24-Apr-2026,19:10:22,0.5,1
Bewick's Wren,Thryomanes bewickii,2026-04-25T02:09:34Z,24-Apr-2026,19:09:34,0.27,1
Anna's Hummingbird,Calypte anna,2026-04-25T02:08:16Z,24-Apr-2026,19:08:16,0.9176,1
House Finch,Haemorhous mexicanus,2026-04-25T02:06:26Z,24-Apr-2026,19:06:26,0.7804,1
House Finch,Haemorhous mexicanus,2026-04-25T02:04:54Z,24-Apr-2026,19:04:54,0.8314,2
Bewick's Wren,Thryomanes bewickii,2026-04-25T02:03:52Z,24-Apr-2026,19:03:52,0.34,1
House Finch,Haemorhous mexicanus,2026-04-25T02:02:57Z,24-Apr-2026,19:02:57,0.8471,3
Bewick's Wren,Thryomanes bewickii,2026-04-25T02:02:36Z,24-Apr-2026,19:02:36,0.6,1
Bewick's Wren,Thryomanes bewickii,2026-04-25T02:01:51Z,24-Apr-2026,19:01:51,0.52,1
House Finch,Haemorhous mexicanus,2026-04-25T02:01:34Z,24-Apr-2026,19:01:34,0.8157,1
Chestnut-backed Chickadee,Poecile rufescens,2026-04-25T02:01:15Z,24-Apr-2026,19:01:15,0.8863,1
Chestnut-backed Chickadee,Poecile rufescens,2026-04-25T02:00:32Z,24-Apr-2026,19:00:32,0.33,1
Chestnut-backed Chickadee,Poecile rufescens,2026-04-25T02:00:01Z,24-Apr-2026,19:00:01,0.9176,1
Bewick's Wren,Thryomanes bewickii,2026-04-25T01:59:30Z,24-Apr-2026,18:59:30,0.82,1
Bewick's Wren,Thryomanes bewickii,2026-04-25T01:59:23Z,24-Apr-2026,18:59:23,0.66,1
Bewick's Wren,Thryomanes bewickii,2026-04-25T01:59:06Z,24-Apr-2026,18:59:06,0.62,1
Bewick's Wren,Thryomanes bewickii,2026-04-25T01:57:39Z,24-Apr-2026,18:57:39,0.36,1
Black-capped Chickadee,Poecile atricapillus,2026-04-25T01:52:54Z,24-Apr-2026,18:52:54,0.8157,1
Black-capped Chickadee,Poecile atricapillus,2026-04-25T01:50:12Z,24-Apr-2026,18:50:12,0.7804,3
MacGillivray's Warbler,Geothlypis tolmiei,2026-04-25T01:49:36Z,24-Apr-2026,18:49:36,0.44,1
Black-capped Chickadee,Poecile atricapillus,2026-04-25T01:47:56Z,24-Apr-2026,18:47:56,0.9098,1
Mountain Chickadee,Poecile gambeli,2026-04-25T01:47:38Z,24-Apr-2026,18:47:38,0.46,1
House Finch,Haemorhous mexicanus,2026-04-25T01:47:34Z,24-Apr-2026,18:47:34,0.8157,1
House Finch,Haemorhous mexicanus,2026-04-25T01:45:12Z,24-Apr-2026,18:45:12,0.27,1
House Finch,Haemorhous mexicanus,2026-04-25T01:45:08Z,24-Apr-2026,18:45:08,0.8157,1
Anna's Hummingbird,Calypte anna,2026-04-25T01:44:41Z,24-Apr-2026,18:44:41,0.8157,1
Bewick's Wren,Thryomanes bewickii,2026-04-25T01:43:37Z,24-Apr-2026,18:43:37,0.94,1
Bewick's Wren,Thryomanes bewickii,2026-04-25T01:43:27Z,24-Apr-2026,18:43:27,0.96,1
Bewick's Wren,Thryomanes bewickii,2026-04-25T01:43:04Z,24-Apr-2026,18:43:04,0.41,1
Bewick's Wren,Thryomanes bewickii,2026-04-25T01:42:57Z,24-Apr-2026,18:42:57,0.84,1
Bewick's Wren,Thryomanes bewickii,2026-04-25T01:42:49Z,24-Apr-2026,18:42:49,0.83,1
Bewick's Wren,Thryomanes bewickii,2026-04-25T01:42:35Z,24-Apr-2026,18:42:35,0.63,1
Bewick's Wren,Thryomanes bewickii,2026-04-25T01:42:28Z,24-Apr-2026,18:42:28,0.91,1
Bewick's Wren,Thryomanes bewickii,2026-04-25T01:42:12Z,24-Apr-2026,18:42:12,0.52,1
Bewick's Wren,Thryomanes bewickii,2026-04-25T01:42:04Z,24-Apr-2026,18:42:04,0.98,1
Bewick's Wren,Thryomanes bewickii,2026-04-25T01:41:57Z,24-Apr-2026,18:41:57,0.88,1
Bewick's Wren,Thryomanes bewickii,2026-04-25T01:41:51Z,24-Apr-2026,18:41:51,0.65,1
Bewick's Wren,Thryomanes bewickii,2026-04-25T01:41:37Z,24-Apr-2026,18:41:37,0.86,1
Bewick's Wren,Thryomanes bewickii,2026-04-25T01:41:10Z,24-Apr-2026,18:41:10,0.68,1
Bewick's Wren,Thryomanes bewickii,2026-04-25T01:41:02Z,24-Apr-2026,18:41:02,0.78,1
Bewick's Wren,Thryomanes bewickii,2026-04-25T01:40:52Z,24-Apr-2026,18:40:52,0.77,1
Bewick's Wren,Thryomanes bewickii,2026-04-25T01:40:41Z,24-Apr-2026,18:40:41,0.75,1
Bewick's Wren,Thryomanes bewickii,2026-04-25T01:40:33Z,24-Apr-2026,18:40:33,0.89,1
Bewick's Wren,Thryomanes bewickii,2026-04-25T01:40:25Z,24-Apr-2026,18:40:25,0.91,1
Bewick's Wren,Thryomanes bewickii,2026-04-25T01:40:00Z,24-Apr-2026,18:40:00,0.75,1
Bewick's Wren,Thryomanes bewickii,2026-04-25T01:39:47Z,24-Apr-2026,18:39:47,0.89,1
Bewick's Wren,Thryomanes bewickii,2026-04-25T01:39:31Z,24-Apr-2026,18:39:31,0.96,1
Bewick's Wren,Thryomanes bewickii,2026-04-25T01:39:24Z,24-Apr-2026,18:39:24,0.95,1
Bewick's Wren,Thryomanes bewickii,2026-04-25T01:39:14Z,24-Apr-2026,18:39:14,0.79,1
Bewick's Wren,Thryomanes bewickii,2026-04-25T01:39:07Z,24-Apr-2026,18:39:07,0.91,1
Bewick's Wren,Thryomanes bewickii,2026-04-25T01:38:44Z,24-Apr-2026,18:38:44,0.95,1
Bewick's Wren,Thryomanes bewickii,2026-04-25T01:38:37Z,24-Apr-2026,18:38:37,0.41,1
Bewick's Wren,Thryomanes bewickii,2026-04-25T01:38:30Z,24-Apr-2026,18:38:30,0.92,1
Bewick's Wren,Thryomanes bewickii,2026-04-25T01:38:04Z,24-Apr-2026,18:38:04,0.53,1
Bewick's Wren,Thryomanes bewickii,2026-04-25T01:37:25Z,24-Apr-2026,18:37:25,0.96,1
Bewick's Wren,Thryomanes bewickii,2026-04-25T01:37:18Z,24-Apr-2026,18:37:18,0.99,1
Bewick's Wren,Thryomanes bewickii,2026-04-25T01:36:50Z,24-Apr-2026,18:36:50,0.61,1
Bewick's Wren,Thryomanes bewickii,2026-04-25T01:36:33Z,24-Apr-2026,18:36:33,0.41,1
Bewick's Wren,Thryomanes bewickii,2026-04-25T01:36:00Z,24-Apr-2026,18:36:00,0.79,1
Bewick's Wren,Thryomanes bewickii,2026-04-25T01:35:38Z,24-Apr-2026,18:35:38,0.51,1
Bewick's Wren,Thryomanes bewickii,2026-04-25T01:35:30Z,24-Apr-2026,18:35:30,0.72,1
Bewick's Wren,Thryomanes bewickii,2026-04-25T01:35:20Z,24-Apr-2026,18:35:20,0.41,1
Bewick's Wren,Thryomanes bewickii,2026-04-25T01:35:13Z,24-Apr-2026,18:35:13,0.29,1
Bewick's Wren,Thryomanes bewickii,2026-04-25T01:35:06Z,24-Apr-2026,18:35:06,0.4,1
Bewick's Wren,Thryomanes bewickii,2026-04-25T01:34:56Z,24-Apr-2026,18:34:56,0.61,1
Bewick's Wren,Thryomanes bewickii,2026-04-25T01:34:40Z,24-Apr-2026,18:34:40,0.52,1
Cedar Waxwing,Bombycilla cedrorum,2026-04-25T01:34:33Z,24-Apr-2026,18:34:33,0.45,1
Bewick's Wren,Thryomanes bewickii,2026-04-25T01:34:23Z,24-Apr-2026,18:34:23,0.3,1
Bewick's Wren,Thryomanes bewickii,2026-04-25T01:33:31Z,24-Apr-2026,18:33:31,0.94,1
Bewick's Wren,Thryomanes bewickii,2026-04-25T01:33:21Z,24-Apr-2026,18:33:21,0.93,1
Bewick's Wren,Thryomanes bewickii,2026-04-25T01:33:05Z,24-Apr-2026,18:33:05,0.99,1
Bewick's Wren,Thryomanes bewickii,2026-04-25T01:32:54Z,24-Apr-2026,18:32:54,0.99,1
Bewick's Wren,Thryomanes bewickii,2026-04-25T01:32:47Z,24-Apr-2026,18:32:47,0.98,1
Bewick's Wren,Thryomanes bewickii,2026-04-25T01:32:39Z,24-Apr-2026,18:32:39,0.99,1
Bewick's Wren,Thryomanes bewickii,2026-04-25T01:32:32Z,24-Apr-2026,18:32:32,0.99,1
Bewick's Wren,Thryomanes bewickii,2026-04-25T01:32:00Z,24-Apr-2026,18:32:00,0.98,1
Bewick's Wren,Thryomanes bewickii,2026-04-25T01:31:53Z,24-Apr-2026,18:31:53,0.76,1
Bewick's Wren,Thryomanes bewickii,2026-04-25T01:31:45Z,24-Apr-2026,18:31:45,0.83,1
Bewick's Wren,Thryomanes bewickii,2026-04-25T01:31:38Z,24-Apr-2026,18:31:38,0.54,1
Bewick's Wren,Thryomanes bewickii,2026-04-25T01:31:23Z,24-Apr-2026,18:31:23,0.88,1
Bewick's Wren,Thryomanes bewickii,2026-04-25T01:31:00Z,24-Apr-2026,18:31:00,0.97,1
Bewick's Wren,Thryomanes bewickii,2026-04-25T01:30:52Z,24-Apr-2026,18:30:52,0.92,1
Bewick's Wren,Thryomanes bewickii,2026-04-25T01:30:42Z,24-Apr-2026,18:30:42,0.49,1
Bewick's Wren,Thryomanes bewickii,2026-04-25T01:30:11Z,24-Apr-2026,18:30:11,0.82,1
Bewick's Wren,Thryomanes bewickii,2026-04-25T01:30:01Z,24-Apr-2026,18:30:01,0.66,1
Cedar Waxwing,Bombycilla cedrorum,2026-04-25T01:29:54Z,24-Apr-2026,18:29:54,0.5,1
Bushtit,Psaltriparus minimus,2026-04-25T01:29:41Z,24-Apr-2026,18:29:41,0.94,1
Bewick's Wren,Thryomanes bewickii,2026-04-25T01:27:17Z,24-Apr-2026,18:27:17,0.43,1
Bewick's Wren,Thryomanes bewickii,2026-04-25T01:27:07Z,24-Apr-2026,18:27:07,0.61,1
Bewick's Wren,Thryomanes bewickii,2026-04-25T01:26:59Z,24-Apr-2026,18:26:59,0.59,1
Bewick's Wren,Thryomanes bewickii,2026-04-25T01:26:49Z,24-Apr-2026,18:26:49,0.75,1
House Finch,Haemorhous mexicanus,2026-04-25T01:26:14Z,24-Apr-2026,18:26:14,0.33,1
Bewick's Wren,Thryomanes bewickii,2026-04-25T01:25:08Z,24-Apr-2026,18:25:08,0.98,1
Bewick's Wren,Thryomanes bewickii,2026-04-25T01:25:00Z,24-Apr-2026,18:25:00,0.92,1
Bewick's Wren,Thryomanes bewickii,2026-04-25T01:24:46Z,24-Apr-2026,18:24:46,0.83,1
Bewick's Wren,Thryomanes bewickii,2026-04-25T01:24:39Z,24-Apr-2026,18:24:39,0.97,1
Bewick's Wren,Thryomanes bewickii,2026-04-25T01:24:32Z,24-Apr-2026,18:24:32,0.98,1
Bewick's Wren,Thryomanes bewickii,2026-04-25T01:24:25Z,24-Apr-2026,18:24:25,0.66,1
Bewick's Wren,Thryomanes bewickii,2026-04-25T01:24:18Z,24-Apr-2026,18:24:18,0.98,1
Bewick's Wren,Thryomanes bewickii,2026-04-25T01:24:11Z,24-Apr-2026,18:24:11,0.42,1
House Finch,Haemorhous mexicanus,2026-04-25T01:23:28Z,24-Apr-2026,18:23:28,0.42,1
American Crow,Corvus brachyrhynchos,2026-04-25T01:22:19Z,24-Apr-2026,18:22:19,0.7804,1
Bewick's Wren,Thryomanes bewickii,2026-04-25T01:15:49Z,24-Apr-2026,18:15:49,0.47,1
Bewick's Wren,Thryomanes bewickii,2026-04-25T01:15:41Z,24-Apr-2026,18:15:41,0.59,1
Bewick's Wren,Thryomanes bewickii,2026-04-25T01:15:34Z,24-Apr-2026,18:15:34,0.97,1
Bewick's Wren,Thryomanes bewickii,2026-04-25T01:15:26Z,24-Apr-2026,18:15:26,0.95,1
Bewick's Wren,Thryomanes bewickii,2026-04-25T01:14:21Z,24-Apr-2026,18:14:21,0.43,1
Anna's Hummingbird,Calypte anna,2026-04-25T01:12:31Z,24-Apr-2026,18:12:31,0.949,1
Bewick's Wren,Thryomanes bewickii,2026-04-25T01:11:25Z,24-Apr-2026,18:11:25,0.97,1
Bewick's Wren,Thryomanes bewickii,2026-04-25T01:11:20Z,24-Apr-2026,18:11:20,0.96,1
Bewick's Wren,Thryomanes bewickii,2026-04-25T01:11:12Z,24-Apr-2026,18:11:12,0.26,1
Bewick's Wren,Thryomanes bewickii,2026-04-25T01:10:57Z,24-Apr-2026,18:10:57,0.43,1
Steller's Jay,Cyanocitta stelleri,2026-04-25T01:10:50Z,24-Apr-2026,18:10:50,0.69,1
Bewick's Wren,Thryomanes bewickii,2026-04-25T01:10:42Z,24-Apr-2026,18:10:42,0.56,1
Bewick's Wren,Thryomanes bewickii,2026-04-25T01:10:36Z,24-Apr-2026,18:10:36,0.98,1
Steller's Jay,Cyanocitta stelleri,2026-04-25T01:10:29Z,24-Apr-2026,18:10:29,0.53,1
Steller's Jay,Cyanocitta stelleri,2026-04-25T01:10:21Z,24-Apr-2026,18:10:21,0.36,1
Bewick's Wren,Thryomanes bewickii,2026-04-25T01:10:04Z,24-Apr-2026,18:10:04,0.98,1
Bewick's Wren,Thryomanes bewickii,2026-04-25T01:09:56Z,24-Apr-2026,18:09:56,0.39,1
American Robin,Turdus migratorius,2026-04-25T01:06:28Z,24-Apr-2026,18:06:28,0.8157,1
Bewick's Wren,Thryomanes bewickii,2026-04-25T00:57:46Z,24-Apr-2026,17:57:46,0.37,1
Bewick's Wren,Thryomanes bewickii,2026-04-25T00:56:59Z,24-Apr-2026,17:56:59,0.26,1
Bewick's Wren,Thryomanes bewickii,2026-04-25T00:56:50Z,24-Apr-2026,17:56:50,0.35,1
Bewick's Wren,Thryomanes bewickii,2026-04-25T00:54:16Z,24-Apr-2026,17:54:16,0.42,1
Bewick's Wren,Thryomanes bewickii,2026-04-25T00:54:09Z,24-Apr-2026,17:54:09,0.53,1
Bewick's Wren,Thryomanes bewickii,2026-04-25T00:53:09Z,24-Apr-2026,17:53:09,0.27,1
Bewick's Wren,Thryomanes bewickii,2026-04-25T00:53:02Z,24-Apr-2026,17:53:02,0.67,1
Bewick's Wren,Thryomanes bewickii,2026-04-25T00:52:48Z,24-Apr-2026,17:52:48,0.35,1
Bewick's Wren,Thryomanes bewickii,2026-04-25T00:52:40Z,24-Apr-2026,17:52:40,0.44,1
Bewick's Wren,Thryomanes bewickii,2026-04-25T00:52:33Z,24-Apr-2026,17:52:33,0.34,1
Bewick's Wren,Thryomanes bewickii,2026-04-25T00:51:32Z,24-Apr-2026,17:51:32,0.99,1
Bewick's Wren,Thryomanes bewickii,2026-04-25T00:51:25Z,24-Apr-2026,17:51:25,0.26,1
Bewick's Wren,Thryomanes bewickii,2026-04-25T00:51:08Z,24-Apr-2026,17:51:08,0.99,1
Bewick's Wren,Thryomanes bewickii,2026-04-25T00:50:57Z,24-Apr-2026,17:50:57,0.32,1
Bewick's Wren,Thryomanes bewickii,2026-04-25T00:50:49Z,24-Apr-2026,17:50:49,0.26,1
Bewick's Wren,Thryomanes bewickii,2026-04-25T00:50:39Z,24-Apr-2026,17:50:39,0.99,1
Bewick's Wren,Thryomanes bewickii,2026-04-25T00:50:22Z,24-Apr-2026,17:50:22,0.73,1
Bewick's Wren,Thryomanes bewickii,2026-04-25T00:50:15Z,24-Apr-2026,17:50:15,0.39,1
Bewick's Wren,Thryomanes bewickii,2026-04-25T00:50:08Z,24-Apr-2026,17:50:08,0.99,1
Bewick's Wren,Thryomanes bewickii,2026-04-25T00:49:37Z,24-Apr-2026,17:49:37,0.5,1
Bewick's Wren,Thryomanes bewickii,2026-04-25T00:47:48Z,24-Apr-2026,17:47:48,0.34,1
Bewick's Wren,Thryomanes bewickii,2026-04-25T00:46:41Z,24-Apr-2026,17:46:41,0.33,1
Dark-eyed Junco,Junco hyemalis,2026-04-25T00:46:15Z,24-Apr-2026,17:46:15,0.4,1
Bewick's Wren,Thryomanes bewickii,2026-04-25T00:45:35Z,24-Apr-2026,17:45:35,0.47,1
Bewick's Wren,Thryomanes bewickii,2026-04-25T00:43:44Z,24-Apr-2026,17:43:44,0.95,1
Bewick's Wren,Thryomanes bewickii,2026-04-25T00:43:36Z,24-Apr-2026,17:43:36,0.82,1
Bewick's Wren,Thryomanes bewickii,2026-04-25T00:43:17Z,24-Apr-2026,17:43:17,0.95,1
Bewick's Wren,Thryomanes bewickii,2026-04-25T00:43:11Z,24-Apr-2026,17:43:11,0.71,1
Bewick's Wren,Thryomanes bewickii,2026-04-25T00:43:03Z,24-Apr-2026,17:43:03,0.95,1
Bewick's Wren,Thryomanes bewickii,2026-04-25T00:42:51Z,24-Apr-2026,17:42:51,0.99,1
Bewick's Wren,Thryomanes bewickii,2026-04-25T00:42:40Z,24-Apr-2026,17:42:40,0.97,1
Bewick's Wren,Thryomanes bewickii,2026-04-25T00:42:19Z,24-Apr-2026,17:42:19,0.99,1
Bewick's Wren,Thryomanes bewickii,2026-04-25T00:31:10Z,24-Apr-2026,17:31:10,0.78,1
Bewick's Wren,Thryomanes bewickii,2026-04-25T00:30:54Z,24-Apr-2026,17:30:54,0.65,1
Bewick's Wren,Thryomanes bewickii,2026-04-25T00:30:31Z,24-Apr-2026,17:30:31,0.84,1
Bewick's Wren,Thryomanes bewickii,2026-04-25T00:30:20Z,24-Apr-2026,17:30:20,0.95,1
Song Sparrow,Melospiza melodia,2026-04-25T00:30:01Z,24-Apr-2026,17:30:01,0.8157,1
Bewick's Wren,Thryomanes bewickii,2026-04-25T00:28:59Z,24-Apr-2026,17:28:59,0.91,1
Bewick's Wren,Thryomanes bewickii,2026-04-25T00:28:48Z,24-Apr-2026,17:28:48,0.64,1
Bewick's Wren,Thryomanes bewickii,2026-04-25T00:28:33Z,24-Apr-2026,17:28:33,0.99,1
Chestnut-backed Chickadee,Poecile rufescens,2026-04-25T00:28:07Z,24-Apr-2026,17:28:07,0.8471,2
Chestnut-backed Chickadee,Poecile rufescens,2026-04-25T00:27:16Z,24-Apr-2026,17:27:16,0.3,1
Chestnut-backed Chickadee,Poecile rufescens,2026-04-25T00:27:07Z,24-Apr-2026,17:27:07,0.77,1
Chestnut-backed Chickadee,Poecile rufescens,2026-04-25T00:26:13Z,24-Apr-2026,17:26:13,0.7804,1
Song Sparrow,Melospiza melodia,2026-04-25T00:25:30Z,24-Apr-2026,17:25:30,0.8745,1
Bewick's Wren,Thryomanes bewickii,2026-04-25T00:25:25Z,24-Apr-2026,17:25:25,0.52,1
Bewick's Wren,Thryomanes bewickii,2026-04-25T00:25:03Z,24-Apr-2026,17:25:03,0.51,1
Dark-eyed Junco,Junco hyemalis,2026-04-25T00:24:51Z,24-Apr-2026,17:24:51,0.54,1
Bewick's Wren,Thryomanes bewickii,2026-04-25T00:24:17Z,24-Apr-2026,17:24:17,0.75,1
Bewick's Wren,Thryomanes bewickii,2026-04-25T00:24:10Z,24-Apr-2026,17:24:10,0.82,1
Bewick's Wren,Thryomanes bewickii,2026-04-25T00:23:59Z,24-Apr-2026,17:23:59,0.75,1
Bewick's Wren,Thryomanes bewickii,2026-04-25T00:23:39Z,24-Apr-2026,17:23:39,0.85,1
Red-breasted Nuthatch,Sitta canadensis,2026-04-25T00:22:05Z,24-Apr-2026,17:22:05,0.32,1
Black-capped Chickadee,Poecile atricapillus,2026-04-25T00:21:49Z,24-Apr-2026,17:21:49,0.58,1
Black-capped Chickadee,Poecile atricapillus,2026-04-25T00:21:30Z,24-Apr-2026,17:21:30,0.8745,1
Downy Woodpecker,Dryobates pubescens,2026-04-25T00:20:57Z,24-Apr-2026,17:20:57,0.57,1
Downy Woodpecker,Dryobates pubescens,2026-04-25T00:20:50Z,24-Apr-2026,17:20:50,0.6,1
Downy Woodpecker,Dryobates pubescens,2026-04-25T00:20:31Z,24-Apr-2026,17:20:31,0.3,1
Downy Woodpecker,Dryobates pubescens,2026-04-25T00:19:52Z,24-Apr-2026,17:19:52,0.63,1
Bewick's Wren,Thryomanes bewickii,2026-04-25T00:18:32Z,24-Apr-2026,17:18:32,0.85,1
Black-capped Chickadee,Poecile atricapillus,2026-04-25T00:18:28Z,24-Apr-2026,17:18:28,0.8157,4
Chestnut-backed Chickadee,Poecile rufescens,2026-04-25T00:18:24Z,24-Apr-2026,17:18:24,0.6,1
Bewick's Wren,Thryomanes bewickii,2026-04-25T00:18:16Z,24-Apr-2026,17:18:16,0.91,1
Bewick's Wren,Thryomanes bewickii,2026-04-25T00:18:09Z,24-Apr-2026,17:18:09,0.74,1
Bewick's Wren,Thryomanes bewickii,2026-04-25T00:18:01Z,24-Apr-2026,17:18:01,0.83,1
Bewick's Wren,Thryomanes bewickii,2026-04-25T00:17:54Z,24-Apr-2026,17:17:54,0.88,1
Bewick's Wren,Thryomanes bewickii,2026-04-25T00:17:37Z,24-Apr-2026,17:17:37,0.31,1
Bewick's Wren,Thryomanes bewickii,2026-04-25T00:17:29Z,24-Apr-2026,17:17:29,0.87,1
Black-capped Chickadee,Poecile atricapillus,2026-04-25T00:17:25Z,24-Apr-2026,17:17:25,0.8745,1
Bewick's Wren,Thryomanes bewickii,2026-04-25T00:17:11Z,24-Apr-2026,17:17:11,0.67,1
Bewick's Wren,Thryomanes bewickii,2026-04-25T00:17:04Z,24-Apr-2026,17:17:04,0.43,1
Red-breasted Nuthatch,Sitta canadensis,2026-04-25T00:16:42Z,24-Apr-2026,17:16:42,0.27,1
Black-capped Chickadee,Poecile atricapillus,2026-04-25T00:16:23Z,24-Apr-2026,17:16:23,0.9176,1
Bewick's Wren,Thryomanes bewickii,2026-04-25T00:16:01Z,24-Apr-2026,17:16:01,0.46,1
Bewick's Wren,Thryomanes bewickii,2026-04-25T00:15:45Z,24-Apr-2026,17:15:45,0.52,1
Bewick's Wren,Thryomanes bewickii,2026-04-25T00:15:39Z,24-Apr-2026,17:15:39,0.88,1
Bewick's Wren,Thryomanes bewickii,2026-04-25T00:15:31Z,24-Apr-2026,17:15:31,0.74,1
Bewick's Wren,Thryomanes bewickii,2026-04-25T00:15:24Z,24-Apr-2026,17:15:24,0.37,1
Bewick's Wren,Thryomanes bewickii,2026-04-25T00:15:13Z,24-Apr-2026,17:15:13,0.57,1
Bewick's Wren,Thryomanes bewickii,2026-04-25T00:14:59Z,24-Apr-2026,17:14:59,0.69,1
Green-winged Teal,Anas crecca,2026-04-25T00:10:00Z,24-Apr-2026,17:10:00,0.46,1
Bewick's Wren,Thryomanes bewickii,2026-04-25T00:01:52Z,24-Apr-2026,17:01:52,0.59,1
Bewick's Wren,Thryomanes bewickii,2026-04-25T00:01:45Z,24-Apr-2026,17:01:45,0.4,1
Golden-crowned Kinglet,Regulus satrapa,2026-04-25T00:01:21Z,24-Apr-2026,17:01:21,0.34,1
Chestnut-backed Chickadee,Poecile rufescens,2026-04-25T00:00:18Z,24-Apr-2026,17:00:18,0.8627,1
