Species,Scientific Name,UTC Date,Local Date,Local Time,Score,Count
Bewick's Wren,Thryomanes bewickii,2026-05-01T23:59:47Z,01-May-2026,16:59:47,0.45,1
Bewick's Wren,Thryomanes bewickii,2026-05-01T23:59:34Z,01-May-2026,16:59:34,0.78,1
Bewick's Wren,Thryomanes bewickii,2026-05-01T23:59:25Z,01-May-2026,16:59:25,0.36,1
Bewick's Wren,Thryomanes bewickii,2026-05-01T23:59:13Z,01-May-2026,16:59:13,0.87,1
Bewick's Wren,Thryomanes bewickii,2026-05-01T23:58:23Z,01-May-2026,16:58:23,0.47,1
Bewick's Wren,Thryomanes bewickii,2026-05-01T23:58:16Z,01-May-2026,16:58:16,0.44,1
Bewick's Wren,Thryomanes bewickii,2026-05-01T23:57:26Z,01-May-2026,16:57:26,0.26,1
Bewick's Wren,Thryomanes bewickii,2026-05-01T23:57:11Z,01-May-2026,16:57:11,0.39,1
Bewick's Wren,Thryomanes bewickii,2026-05-01T23:57:04Z,01-May-2026,16:57:04,0.83,1
Bewick's Wren,Thryomanes bewickii,2026-05-01T23:55:59Z,01-May-2026,16:55:59,0.26,1
Bewick's Wren,Thryomanes bewickii,2026-05-01T23:55:52Z,01-May-2026,16:55:52,0.52,1
Bewick's Wren,Thryomanes bewickii,2026-05-01T23:55:26Z,01-May-2026,16:55:26,0.58,1
House Finch,Haemorhous mexicanus,2026-05-01T23:54:52Z,01-May-2026,16:54:52,0.8314,1
Bewick's Wren,Thryomanes bewickii,2026-05-01T23:54:34Z,01-May-2026,16:54:34,0.59,1
Bewick's Wren,Thryomanes bewickii,2026-05-01T23:54:19Z,01-May-2026,16:54:19,0.64,1
Bewick's Wren,Thryomanes bewickii,2026-05-01T23:54:03Z,01-May-2026,16:54:03,0.3,1
Bewick's Wren,Thryomanes bewickii,2026-05-01T23:53:53Z,01-May-2026,16:53:53,0.45,1
Bewick's Wren,Thryomanes bewickii,2026-05-01T23:52:53Z,01-May-2026,16:52:53,0.44,1
Bewick's Wren,Thryomanes bewickii,2026-05-01T23:52:35Z,01-May-2026,16:52:35,0.74,1
Bewick's Wren,Thryomanes bewickii,2026-05-01T23:52:28Z,01-May-2026,16:52:28,0.34,1
Bewick's Wren,Thryomanes bewickii,2026-05-01T23:52:20Z,01-May-2026,16:52:20,0.8,1
Bewick's Wren,Thryomanes bewickii,2026-05-01T23:51:32Z,01-May-2026,16:51:32,0.28,1
Bewick's Wren,Thryomanes bewickii,2026-05-01T23:51:25Z,01-May-2026,16:51:25,0.8,1
American Robin,Turdus migratorius,2026-05-01T23:46:05Z,01-May-2026,16:46:05,0.8471,1
Bewick's Wren,Thryomanes bewickii,2026-05-01T23:41:26Z,01-May-2026,16:41:26,0.68,1
Bewick's Wren,Thryomanes bewickii,2026-05-01T23:40:44Z,01-May-2026,16:40:44,0.29,1
Bewick's Wren,Thryomanes bewickii,2026-05-01T23:39:02Z,01-May-2026,16:39:02,0.35,1
Bewick's Wren,Thryomanes bewickii,2026-05-01T23:38:11Z,01-May-2026,16:38:11,0.28,1
Bewick's Wren,Thryomanes bewickii,2026-05-01T23:36:40Z,01-May-2026,16:36:40,0.4,1
Bewick's Wren,Thryomanes bewickii,2026-05-01T23:36:07Z,01-May-2026,16:36:07,0.31,1
Bewick's Wren,Thryomanes bewickii,2026-05-01T23:34:31Z,01-May-2026,16:34:31,0.62,1
Bewick's Wren,Thryomanes bewickii,2026-05-01T23:34:14Z,01-May-2026,16:34:14,0.28,1
Bewick's Wren,Thryomanes bewickii,2026-05-01T23:33:40Z,01-May-2026,16:33:40,0.39,1
Bewick's Wren,Thryomanes bewickii,2026-05-01T23:32:52Z,01-May-2026,16:32:52,0.28,1
Cedar Waxwing,Bombycilla cedrorum,2026-05-01T23:32:28Z,01-May-2026,16:32:28,0.53,1
Bewick's Wren,Thryomanes bewickii,2026-05-01T23:32:07Z,01-May-2026,16:32:07,0.42,1
American Crow,Corvus brachyrhynchos,2026-05-01T23:23:50Z,01-May-2026,16:23:50,0.9412,1
House Finch,Haemorhous mexicanus,2026-05-01T23:23:45Z,01-May-2026,16:23:45,0.26,1
Black-capped Chickadee,Poecile atricapillus,2026-05-01T23:16:42Z,01-May-2026,16:16:42,0.37,1
Bewick's Wren,Thryomanes bewickii,2026-05-01T23:08:20Z,01-May-2026,16:08:20,0.27,1
Bewick's Wren,Thryomanes bewickii,2026-05-01T23:07:36Z,01-May-2026,16:07:36,0.39,1
Bewick's Wren,Thryomanes bewickii,2026-05-01T23:07:20Z,01-May-2026,16:07:20,0.45,1
House Finch,Haemorhous mexicanus,2026-05-01T23:06:11Z,01-May-2026,16:06:11,0.43,1
House Finch,Haemorhous mexicanus,2026-05-01T23:06:04Z,01-May-2026,16:06:04,0.44,1
House Finch,Haemorhous mexicanus,2026-05-01T23:05:39Z,01-May-2026,16:05:39,0.44,1
Bewick's Wren,Thryomanes bewickii,2026-05-01T23:04:52Z,01-May-2026,16:04:52,0.49,1
House Finch,Haemorhous mexicanus,2026-05-01T23:04:16Z,01-May-2026,16:04:16,0.8471,1
Bewick's Wren,Thryomanes bewickii,2026-05-01T23:02:47Z,01-May-2026,16:02:47,0.58,1
Bewick's Wren,Thryomanes bewickii,2026-05-01T22:56:39Z,01-May-2026,15:56:39,0.29,1
Song Sparrow,Melospiza melodia,2026-05-01T22:56:32Z,01-May-2026,15:56:32,0.39,1
Bewick's Wren,Thryomanes bewickii,2026-05-01T22:56:25Z,01-May-2026,15:56:25,0.47,1
Bewick's Wren,Thryomanes bewickii,2026-05-01T22:55:34Z,01-May-2026,15:55:34,0.72,1
Bewick's Wren,Thryomanes bewickii,2026-05-01T22:55:08Z,01-May-2026,15:55:08,0.38,1
Bewick's Wren,Thryomanes bewickii,2026-05-01T22:51:42Z,01-May-2026,15:51:42,0.9,1
Bewick's Wren,Thryomanes bewickii,2026-05-01T22:51:35Z,01-May-2026,15:51:35,0.85,1
Bewick's Wren,Thryomanes bewickii,2026-05-01T22:51:28Z,01-May-2026,15:51:28,0.95,1
Bewick's Wren,Thryomanes bewickii,2026-05-01T22:51:21Z,01-May-2026,15:51:21,0.77,1
Bewick's Wren,Thryomanes bewickii,2026-05-01T22:50:57Z,01-May-2026,15:50:57,0.5,1
Bewick's Wren,Thryomanes bewickii,2026-05-01T22:50:50Z,01-May-2026,15:50:50,0.94,1
Bewick's Wren,Thryomanes bewickii,2026-05-01T22:50:37Z,01-May-2026,15:50:37,0.94,1
Bewick's Wren,Thryomanes bewickii,2026-05-01T22:50:22Z,01-May-2026,15:50:22,0.48,1
Bewick's Wren,Thryomanes bewickii,2026-05-01T22:50:07Z,01-May-2026,15:50:07,0.91,1
Bewick's Wren,Thryomanes bewickii,2026-05-01T22:50:00Z,01-May-2026,15:50:00,0.56,1
Bewick's Wren,Thryomanes bewickii,2026-05-01T22:49:52Z,01-May-2026,15:49:52,0.74,1
Bewick's Wren,Thryomanes bewickii,2026-05-01T22:49:44Z,01-May-2026,15:49:44,0.43,1
Bewick's Wren,Thryomanes bewickii,2026-05-01T22:49:37Z,01-May-2026,15:49:37,0.85,1
Bewick's Wren,Thryomanes bewickii,2026-05-01T22:49:15Z,01-May-2026,15:49:15,0.75,1
Bewick's Wren,Thryomanes bewickii,2026-05-01T22:49:08Z,01-May-2026,15:49:08,0.26,1
Bewick's Wren,Thryomanes bewickii,2026-05-01T22:48:27Z,01-May-2026,15:48:27,0.64,1
Bewick's Wren,Thryomanes bewickii,2026-05-01T22:48:13Z,01-May-2026,15:48:13,0.42,1
Bewick's Wren,Thryomanes bewickii,2026-05-01T22:47:44Z,01-May-2026,15:47:44,0.95,1
Bewick's Wren,Thryomanes bewickii,2026-05-01T22:46:18Z,01-May-2026,15:46:18,0.54,1
Bewick's Wren,Thryomanes bewickii,2026-05-01T22:45:22Z,01-May-2026,15:45:22,0.45,1
Bewick's Wren,Thryomanes bewickii,2026-05-01T22:44:28Z,01-May-2026,15:44:28,0.5,1
Bewick's Wren,Thryomanes bewickii,2026-05-01T22:43:50Z,01-May-2026,15:43:50,0.78,1
Bewick's Wren,Thryomanes bewickii,2026-05-01T22:43:35Z,01-May-2026,15:43:35,0.66,1
Bewick's Wren,Thryomanes bewickii,2026-05-01T22:43:28Z,01-May-2026,15:43:28,0.7,1
Bewick's Wren,Thryomanes bewickii,2026-05-01T22:43:14Z,01-May-2026,15:43:14,0.63,1
Bewick's Wren,Thryomanes bewickii,2026-05-01T22:40:48Z,01-May-2026,15:40:48,0.41,1
Steller's Jay,Cyanocitta stelleri,2026-05-01T22:38:52Z,01-May-2026,15:38:52,0.48,1
Steller's Jay,Cyanocitta stelleri,2026-05-01T22:38:41Z,01-May-2026,15:38:41,0.79,1
Steller's Jay,Cyanocitta stelleri,2026-05-01T22:38:14Z,01-May-2026,15:38:14,0.9686,4
Steller's Jay,Cyanocitta stelleri,2026-05-01T22:38:10Z,01-May-2026,15:38:10,0.84,1
Bewick's Wren,Thryomanes bewickii,2026-05-01T22:37:56Z,01-May-2026,15:37:56,0.52,1
Steller's Jay,Cyanocitta stelleri,2026-05-01T22:37:49Z,01-May-2026,15:37:49,0.79,1
Steller's Jay,Cyanocitta stelleri,2026-05-01T22:37:39Z,01-May-2026,15:37:39,0.39,1
Steller's Jay,Cyanocitta stelleri,2026-05-01T22:37:22Z,01-May-2026,15:37:22,0.76,1
Steller's Jay,Cyanocitta stelleri,2026-05-01T22:37:15Z,01-May-2026,15:37:15,0.51,1
Steller's Jay,Cyanocitta stelleri,2026-05-01T22:37:10Z,01-May-2026,15:37:10,0.9725,5
Bewick's Wren,Thryomanes bewickii,2026-05-01T22:36:52Z,01-May-2026,15:36:52,0.56,1
Anna's Hummingbird,Calypte anna,2026-05-01T22:36:40Z,01-May-2026,15:36:40,0.9882,1
Steller's Jay,Cyanocitta stelleri,2026-05-01T22:36:35Z,01-May-2026,15:36:35,0.95,1
Steller's Jay,Cyanocitta stelleri,2026-05-01T22:36:22Z,01-May-2026,15:36:22,0.77,1
Steller's Jay,Cyanocitta stelleri,2026-05-01T22:36:15Z,01-May-2026,15:36:15,0.93,1
Steller's Jay,Cyanocitta stelleri,2026-05-01T22:36:07Z,01-May-2026,15:36:07,0.8863,1
Steller's Jay,Cyanocitta stelleri,2026-05-01T22:35:19Z,01-May-2026,15:35:19,0.7,1
Steller's Jay,Cyanocitta stelleri,2026-05-01T22:35:01Z,01-May-2026,15:35:01,0.51,1
Steller's Jay,Cyanocitta stelleri,2026-05-01T22:34:16Z,01-May-2026,15:34:16,0.46,1
Steller's Jay,Cyanocitta stelleri,2026-05-01T22:33:58Z,01-May-2026,15:33:58,0.64,1
Bewick's Wren,Thryomanes bewickii,2026-05-01T22:33:43Z,01-May-2026,15:33:43,0.56,1
Steller's Jay,Cyanocitta stelleri,2026-05-01T22:33:21Z,01-May-2026,15:33:21,0.36,1
Steller's Jay,Cyanocitta stelleri,2026-05-01T22:33:11Z,01-May-2026,15:33:11,0.52,1
Steller's Jay,Cyanocitta stelleri,2026-05-01T22:33:00Z,01-May-2026,15:33:00,0.72,1
Steller's Jay,Cyanocitta stelleri,2026-05-01T22:32:50Z,01-May-2026,15:32:50,0.4,1
Steller's Jay,Cyanocitta stelleri,2026-05-01T22:32:42Z,01-May-2026,15:32:42,0.9098,6
Bewick's Wren,Thryomanes bewickii,2026-05-01T22:32:25Z,01-May-2026,15:32:25,0.64,1
Steller's Jay,Cyanocitta stelleri,2026-05-01T22:31:56Z,01-May-2026,15:31:56,0.27,1
Steller's Jay,Cyanocitta stelleri,2026-05-01T22:31:46Z,01-May-2026,15:31:46,0.39,1
Steller's Jay,Cyanocitta stelleri,2026-05-01T22:31:37Z,01-May-2026,15:31:37,0.9647,1
Steller's Jay,Cyanocitta stelleri,2026-05-01T22:31:19Z,01-May-2026,15:31:19,0.74,1
Bewick's Wren,Thryomanes bewickii,2026-05-01T22:31:12Z,01-May-2026,15:31:12,0.41,1
Bewick's Wren,Thryomanes bewickii,2026-05-01T22:31:05Z,01-May-2026,15:31:05,0.37,1
Bewick's Wren,Thryomanes bewickii,2026-05-01T22:30:44Z,01-May-2026,15:30:44,0.42,1
Bewick's Wren,Thryomanes bewickii,2026-05-01T22:30:29Z,01-May-2026,15:30:29,0.34,1
Bewick's Wren,Thryomanes bewickii,2026-05-01T22:29:32Z,01-May-2026,15:29:32,0.43,1
Bewick's Wren,Thryomanes bewickii,2026-05-01T22:23:09Z,01-May-2026,15:23:09,0.45,1
Bewick's Wren,Thryomanes bewickii,2026-05-01T22:23:01Z,01-May-2026,15:23:01,0.61,1
Bewick's Wren,Thryomanes bewickii,2026-05-01T22:22:00Z,01-May-2026,15:22:00,0.27,1
Chestnut-backed Chickadee,Poecile rufescens,2026-05-01T22:21:40Z,01-May-2026,15:21:40,0.8314,1
Bewick's Wren,Thryomanes bewickii,2026-05-01T22:20:42Z,01-May-2026,15:20:42,0.86,1
Song Sparrow,Melospiza melodia,2026-05-01T22:20:30Z,01-May-2026,15:20:30,0.8157,1
Bewick's Wren,Thryomanes bewickii,2026-05-01T22:20:26Z,01-May-2026,15:20:26,0.78,1
Bewick's Wren,Thryomanes bewickii,2026-05-01T22:20:15Z,01-May-2026,15:20:15,0.8,1
Bewick's Wren,Thryomanes bewickii,2026-05-01T22:20:00Z,01-May-2026,15:20:00,0.87,1
Bewick's Wren,Thryomanes bewickii,2026-05-01T22:18:50Z,01-May-2026,15:18:50,0.51,1
Bewick's Wren,Thryomanes bewickii,2026-05-01T22:18:42Z,01-May-2026,15:18:42,0.99,1
Bewick's Wren,Thryomanes bewickii,2026-05-01T22:18:34Z,01-May-2026,15:18:34,0.93,1
House Finch,Haemorhous mexicanus,2026-05-01T22:14:55Z,01-May-2026,15:14:55,0.34,1
House Finch,Haemorhous mexicanus,2026-05-01T22:14:28Z,01-May-2026,15:14:28,0.8627,3
Hammond's Flycatcher,Empidonax hammondii,2026-05-01T22:14:24Z,01-May-2026,15:14:24,0.4,1
House Finch,Haemorhous mexicanus,2026-05-01T22:12:59Z,01-May-2026,15:12:59,0.9569,7
House Finch,Haemorhous mexicanus,2026-05-01T22:11:51Z,01-May-2026,15:11:51,0.9765,1
Hammond's Flycatcher,Empidonax hammondii,2026-05-01T22:11:48Z,01-May-2026,15:11:48,0.64,1
American Dipper,Cinclus mexicanus,2026-05-01T22:11:15Z,01-May-2026,15:11:15,0.67,1
Bewick's Wren,Thryomanes bewickii,2026-05-01T22:09:08Z,01-May-2026,15:09:08,0.32,1
Bewick's Wren,Thryomanes bewickii,2026-05-01T22:09:00Z,01-May-2026,15:09:00,0.69,1
Bewick's Wren,Thryomanes bewickii,2026-05-01T22:08:53Z,01-May-2026,15:08:53,0.86,1
Bewick's Wren,Thryomanes bewickii,2026-05-01T22:06:56Z,01-May-2026,15:06:56,0.94,1
American Crow,Corvus brachyrhynchos,2026-05-01T22:05:40Z,01-May-2026,15:05:40,0.8745,1
Bewick's Wren,Thryomanes bewickii,2026-05-01T22:05:35Z,01-May-2026,15:05:35,0.95,1
Bewick's Wren,Thryomanes bewickii,2026-05-01T22:04:15Z,01-May-2026,15:04:15,0.81,1
Bewick's Wren,Thryomanes bewickii,2026-05-01T22:03:46Z,01-May-2026,15:03:46,0.99,1
Bewick's Wren,Thryomanes bewickii,2026-05-01T22:03:38Z,01-May-2026,15:03:38,0.96,1
Bewick's Wren,Thryomanes bewickii,2026-05-01T22:03:30Z,01-May-2026,15:03:30,0.5,1
Bewick's Wren,Thryomanes bewickii,2026-05-01T22:03:24Z,01-May-2026,15:03:24,0.85,1
Bewick's Wren,Thryomanes bewickii,2026-05-01T22:03:14Z,01-May-2026,15:03:14,0.98,1
Bewick's Wren,Thryomanes bewickii,2026-05-01T22:03:03Z,01-May-2026,15:03:03,0.96,1
Bewick's Wren,Thryomanes bewickii,2026-05-01T22:02:46Z,01-May-2026,15:02:46,0.89,1
Bewick's Wren,Thryomanes bewickii,2026-05-01T22:02:39Z,01-May-2026,15:02:39,0.79,1
Bewick's Wren,Thryomanes bewickii,2026-05-01T22:02:25Z,01-May-2026,15:02:25,0.88,1
Bewick's Wren,Thryomanes bewickii,2026-05-01T22:02:17Z,01-May-2026,15:02:17,0.98,1
Bewick's Wren,Thryomanes bewickii,2026-05-01T22:02:03Z,01-May-2026,15:02:03,0.95,1
Bewick's Wren,Thryomanes bewickii,2026-05-01T22:01:56Z,01-May-2026,15:01:56,0.93,1
Bewick's Wren,Thryomanes bewickii,2026-05-01T22:01:06Z,01-May-2026,15:01:06,0.92,1
Bewick's Wren,Thryomanes bewickii,2026-05-01T22:00:59Z,01-May-2026,15:00:59,0.88,1
Bewick's Wren,Thryomanes bewickii,2026-05-01T22:00:52Z,01-May-2026,15:00:52,0.95,1
House Finch,Haemorhous mexicanus,2026-05-01T22:00:38Z,01-May-2026,15:00:38,0.8314,1
Bewick's Wren,Thryomanes bewickii,2026-05-01T22:00:34Z,01-May-2026,15:00:34,0.51,1
Bewick's Wren,Thryomanes bewickii,2026-05-01T22:00:27Z,01-May-2026,15:00:27,0.94,1
Bewick's Wren,Thryomanes bewickii,2026-05-01T22:00:20Z,01-May-2026,15:00:20,0.58,1
Bewick's Wren,Thryomanes bewickii,2026-05-01T22:00:12Z,01-May-2026,15:00:12,0.81,1
Bewick's Wren,Thryomanes bewickii,2026-05-01T22:00:05Z,01-May-2026,15:00:05,0.97,1
Bewick's Wren,Thryomanes bewickii,2026-05-01T21:59:58Z,01-May-2026,14:59:58,0.95,1
Bewick's Wren,Thryomanes bewickii,2026-05-01T21:59:51Z,01-May-2026,14:59:51,0.98,1
Bewick's Wren,Thryomanes bewickii,2026-05-01T21:59:43Z,01-May-2026,14:59:43,0.97,1
Bewick's Wren,Thryomanes bewickii,2026-05-01T21:59:33Z,01-May-2026,14:59:33,0.84,1
Bewick's Wren,Thryomanes bewickii,2026-05-01T21:59:19Z,01-May-2026,14:59:19,0.64,1
Bewick's Wren,Thryomanes bewickii,2026-05-01T21:58:07Z,01-May-2026,14:58:07,0.37,1
Bewick's Wren,Thryomanes bewickii,2026-05-01T21:57:33Z,01-May-2026,14:57:33,0.41,1
Anna's Hummingbird,Calypte anna,2026-05-01T21:57:16Z,01-May-2026,14:57:16,0.949,1
White-crowned Sparrow,Zonotrichia leucophrys,2026-05-01T21:56:55Z,01-May-2026,14:56:55,0.3,1
White-crowned Sparrow,Zonotrichia leucophrys,2026-05-01T21:56:47Z,01-May-2026,14:56:47,0.34,1
Black-capped Chickadee,Poecile atricapillus,2026-05-01T21:56:34Z,01-May-2026,14:56:34,0.36,1
Black-capped Chickadee,Poecile atricapillus,2026-05-01T21:55:51Z,01-May-2026,14:55:51,0.34,1
House Finch,Haemorhous mexicanus,2026-05-01T21:55:20Z,01-May-2026,14:55:20,0.8471,1
Bewick's Wren,Thryomanes bewickii,2026-05-01T21:53:31Z,01-May-2026,14:53:31,0.98,1
Bewick's Wren,Thryomanes bewickii,2026-05-01T21:53:01Z,01-May-2026,14:53:01,0.67,1
Bewick's Wren,Thryomanes bewickii,2026-05-01T21:52:48Z,01-May-2026,14:52:48,0.99,1
Bewick's Wren,Thryomanes bewickii,2026-05-01T21:52:39Z,01-May-2026,14:52:39,0.98,1
Bewick's Wren,Thryomanes bewickii,2026-05-01T21:52:26Z,01-May-2026,14:52:26,0.99,1
Bewick's Wren,Thryomanes bewickii,2026-05-01T21:51:52Z,01-May-2026,14:51:52,0.99,1
Bewick's Wren,Thryomanes bewickii,2026-05-01T21:51:44Z,01-May-2026,14:51:44,0.73,1
Bewick's Wren,Thryomanes bewickii,2026-05-01T21:51:37Z,01-May-2026,14:51:37,0.65,1
Bewick's Wren,Thryomanes bewickii,2026-05-01T21:51:31Z,01-May-2026,14:51:31,0.99,1
Bewick's Wren,Thryomanes bewickii,2026-05-01T21:51:07Z,01-May-2026,14:51:07,0.98,1
Bewick's Wren,Thryomanes bewickii,2026-05-01T21:50:59Z,01-May-2026,14:50:59,0.99,1
Bewick's Wren,Thryomanes bewickii,2026-05-01T21:50:45Z,01-May-2026,14:50:45,0.96,1
Bewick's Wren,Thryomanes bewickii,2026-05-01T21:50:35Z,01-May-2026,14:50:35,0.86,1
Chestnut-backed Chickadee,Poecile rufescens,2026-05-01T21:48:17Z,01-May-2026,14:48:17,0.949,2
Chestnut-backed Chickadee,Poecile rufescens,2026-05-01T21:46:37Z,01-May-2026,14:46:37,0.9725,4
Chestnut-backed Chickadee,Poecile rufescens,2026-05-01T21:45:34Z,01-May-2026,14:45:34,0.9882,1
Bewick's Wren,Thryomanes bewickii,2026-05-01T21:38:50Z,01-May-2026,14:38:50,0.49,1
Bewick's Wren,Thryomanes bewickii,2026-05-01T21:38:38Z,01-May-2026,14:38:38,0.83,1
Bewick's Wren,Thryomanes bewickii,2026-05-01T21:37:59Z,01-May-2026,14:37:59,0.26,1
Bewick's Wren,Thryomanes bewickii,2026-05-01T21:37:51Z,01-May-2026,14:37:51,0.48,1
Bewick's Wren,Thryomanes bewickii,2026-05-01T21:37:44Z,01-May-2026,14:37:44,0.86,1
Bewick's Wren,Thryomanes bewickii,2026-05-01T21:37:37Z,01-May-2026,14:37:37,0.52,1
House Finch,Haemorhous mexicanus,2026-05-01T21:37:32Z,01-May-2026,14:37:32,0.8471,1
Bewick's Wren,Thryomanes bewickii,2026-05-01T21:37:25Z,01-May-2026,14:37:25,0.44,1
Bewick's Wren,Thryomanes bewickii,2026-05-01T21:37:18Z,01-May-2026,14:37:18,0.3,1
Bewick's Wren,Thryomanes bewickii,2026-05-01T21:37:10Z,01-May-2026,14:37:10,0.94,1
Bewick's Wren,Thryomanes bewickii,2026-05-01T21:37:02Z,01-May-2026,14:37:02,0.88,1
Bewick's Wren,Thryomanes bewickii,2026-05-01T21:36:48Z,01-May-2026,14:36:48,0.88,1
Bewick's Wren,Thryomanes bewickii,2026-05-01T21:36:15Z,01-May-2026,14:36:15,0.98,1
Bewick's Wren,Thryomanes bewickii,2026-05-01T21:36:07Z,01-May-2026,14:36:07,0.9,1
Bewick's Wren,Thryomanes bewickii,2026-05-01T21:36:00Z,01-May-2026,14:36:00,0.49,1
Bewick's Wren,Thryomanes bewickii,2026-05-01T21:35:52Z,01-May-2026,14:35:52,0.4,1
Bewick's Wren,Thryomanes bewickii,2026-05-01T21:35:45Z,01-May-2026,14:35:45,0.67,1
Bewick's Wren,Thryomanes bewickii,2026-05-01T21:35:37Z,01-May-2026,14:35:37,0.96,1
Bewick's Wren,Thryomanes bewickii,2026-05-01T21:35:30Z,01-May-2026,14:35:30,0.99,1
Bewick's Wren,Thryomanes bewickii,2026-05-01T21:35:18Z,01-May-2026,14:35:18,0.98,1
Bewick's Wren,Thryomanes bewickii,2026-05-01T21:34:49Z,01-May-2026,14:34:49,0.9,1
Bewick's Wren,Thryomanes bewickii,2026-05-01T21:34:41Z,01-May-2026,14:34:41,0.98,1
Bewick's Wren,Thryomanes bewickii,2026-05-01T21:34:30Z,01-May-2026,14:34:30,0.96,1
Bewick's Wren,Thryomanes bewickii,2026-05-01T21:34:23Z,01-May-2026,14:34:23,0.3,1
House Finch,Haemorhous mexicanus,2026-05-01T21:34:02Z,01-May-2026,14:34:02,0.37,1
Bewick's Wren,Thryomanes bewickii,2026-05-01T21:33:34Z,01-May-2026,14:33:34,0.5,1
Chestnut-backed Chickadee,Poecile rufescens,2026-05-01T21:33:24Z,01-May-2026,14:33:24,0.9765,1
Chestnut-backed Chickadee,Poecile rufescens,2026-05-01T21:33:19Z,01-May-2026,14:33:19,0.59,1
Bewick's Wren,Thryomanes bewickii,2026-05-01T21:32:50Z,01-May-2026,14:32:50,0.79,1
Bewick's Wren,Thryomanes bewickii,2026-05-01T21:32:03Z,01-May-2026,14:32:03,0.55,1
Bewick's Wren,Thryomanes bewickii,2026-05-01T21:30:08Z,01-May-2026,14:30:08,0.31,1
Bewick's Wren,Thryomanes bewickii,2026-05-01T21:29:59Z,01-May-2026,14:29:59,0.33,1
House Finch,Haemorhous mexicanus,2026-05-01T21:24:07Z,01-May-2026,14:24:07,0.7804,1
Chestnut-backed Chickadee,Poecile rufescens,2026-05-01T21:21:59Z,01-May-2026,14:21:59,0.8,1
Bushtit,Psaltriparus minimus,2026-05-01T21:17:28Z,01-May-2026,14:17:28,0.84,1
Bewick's Wren,Thryomanes bewickii,2026-05-01T21:16:10Z,01-May-2026,14:16:10,0.72,1
Bewick's Wren,Thryomanes bewickii,2026-05-01T21:15:52Z,01-May-2026,14:15:52,0.59,1
Bewick's Wren,Thryomanes bewickii,2026-05-01T21:15:42Z,01-May-2026,14:15:42,0.48,1
Bewick's Wren,Thryomanes bewickii,2026-05-01T21:15:35Z,01-May-2026,14:15:35,0.38,1
Bewick's Wren,Thryomanes bewickii,2026-05-01T21:11:36Z,01-May-2026,14:11:36,0.53,1
House Finch,Haemorhous mexicanus,2026-05-01T21:11:19Z,01-May-2026,14:11:19,0.8471,1
Fox Sparrow,Passerella iliaca,2026-05-01T21:10:27Z,01-May-2026,14:10:27,0.32,1
House Finch,Haemorhous mexicanus,2026-05-01T21:10:11Z,01-May-2026,14:10:11,0.8157,1
Bewick's Wren,Thryomanes bewickii,2026-05-01T21:09:56Z,01-May-2026,14:09:56,0.28,1
Bewick's Wren,Thryomanes bewickii,2026-05-01T21:08:56Z,01-May-2026,14:08:56,0.72,1
Bewick's Wren,Thryomanes bewickii,2026-05-01T21:08:42Z,01-May-2026,14:08:42,0.49,1
Red-breasted Nuthatch,Sitta canadensis,2026-05-01T21:08:34Z,01-May-2026,14:08:34,0.47,1
Red-breasted Nuthatch,Sitta canadensis,2026-05-01T21:08:27Z,01-May-2026,14:08:27,0.52,1
Bewick's Wren,Thryomanes bewickii,2026-05-01T21:08:09Z,01-May-2026,14:08:09,0.51,1
Bewick's Wren,Thryomanes bewickii,2026-05-01T21:08:01Z,01-May-2026,14:08:01,0.43,1
Bewick's Wren,Thryomanes bewickii,2026-05-01T21:07:52Z,01-May-2026,14:07:52,0.3,1
Bewick's Wren,Thryomanes bewickii,2026-05-01T21:07:24Z,01-May-2026,14:07:24,0.64,1
Bewick's Wren,Thryomanes bewickii,2026-05-01T21:07:17Z,01-May-2026,14:07:17,0.26,1
Bewick's Wren,Thryomanes bewickii,2026-05-01T21:06:48Z,01-May-2026,14:06:48,0.84,1
Bewick's Wren,Thryomanes bewickii,2026-05-01T21:06:43Z,01-May-2026,14:06:43,0.35,1
Bewick's Wren,Thryomanes bewickii,2026-05-01T21:06:35Z,01-May-2026,14:06:35,0.6,1
Bewick's Wren,Thryomanes bewickii,2026-05-01T21:06:15Z,01-May-2026,14:06:15,0.64,1
Bewick's Wren,Thryomanes bewickii,2026-05-01T21:06:07Z,01-May-2026,14:06:07,0.72,1
Bewick's Wren,Thryomanes bewickii,2026-05-01T21:06:01Z,01-May-2026,14:06:01,0.83,1
Bewick's Wren,Thryomanes bewickii,2026-05-01T21:05:53Z,01-May-2026,14:05:53,0.63,1
Bewick's Wren,Thryomanes bewickii,2026-05-01T21:05:32Z,01-May-2026,14:05:32,0.4,1
Bewick's Wren,Thryomanes bewickii,2026-05-01T21:05:19Z,01-May-2026,14:05:19,0.85,1
Bewick's Wren,Thryomanes bewickii,2026-05-01T21:04:57Z,01-May-2026,14:04:57,0.76,1
Fox Sparrow,Passerella iliaca,2026-05-01T21:04:52Z,01-May-2026,14:04:52,0.31,1
Townsend's Warbler,Setophaga townsendi,2026-05-01T21:04:44Z,01-May-2026,14:04:44,0.38,1
Townsend's Warbler,Setophaga townsendi,2026-05-01T21:04:19Z,01-May-2026,14:04:19,0.43,1
Townsend's Warbler,Setophaga townsendi,2026-05-01T21:03:42Z,01-May-2026,14:03:42,0.48,1
Townsend's Warbler,Setophaga townsendi,2026-05-01T21:03:28Z,01-May-2026,14:03:28,0.72,1
Bewick's Wren,Thryomanes bewickii,2026-05-01T21:02:57Z,01-May-2026,14:02:57,0.38,1
Bewick's Wren,Thryomanes bewickii,2026-05-01T20:51:07Z,01-May-2026,13:51:07,0.27,1
Bewick's Wren,Thryomanes bewickii,2026-05-01T20:50:54Z,01-May-2026,13:50:54,0.26,1
Bewick's Wren,Thryomanes bewickii,2026-05-01T20:50:10Z,01-May-2026,13:50:10,0.55,1
Bewick's Wren,Thryomanes bewickii,2026-05-01T20:50:02Z,01-May-2026,13:50:02,0.32,1
Bewick's Wren,Thryomanes bewickii,2026-05-01T20:48:55Z,01-May-2026,13:48:55,0.32,1
Bewick's Wren,Thryomanes bewickii,2026-05-01T20:48:28Z,01-May-2026,13:48:28,0.53,1
Bewick's Wren,Thryomanes bewickii,2026-05-01T20:48:21Z,01-May-2026,13:48:21,0.36,1
Bewick's Wren,Thryomanes bewickii,2026-05-01T20:48:07Z,01-May-2026,13:48:07,0.53,1
Bewick's Wren,Thryomanes bewickii,2026-05-01T20:47:56Z,01-May-2026,13:47:56,0.44,1
Orange-crowned Warbler,Leiothlypis celata,2026-05-01T20:47:20Z,01-May-2026,13:47:20,0.28,1
Bewick's Wren,Thryomanes bewickii,2026-05-01T20:47:09Z,01-May-2026,13:47:09,0.65,1
Bewick's Wren,Thryomanes bewickii,2026-05-01T20:46:48Z,01-May-2026,13:46:48,0.41,1
Bewick's Wren,Thryomanes bewickii,2026-05-01T20:46:38Z,01-May-2026,13:46:38,0.41,1
Bewick's Wren,Thryomanes bewickii,2026-05-01T20:46:24Z,01-May-2026,13:46:24,0.65,1
Bewick's Wren,Thryomanes bewickii,2026-05-01T20:45:49Z,01-May-2026,13:45:49,0.31,1
Bewick's Wren,Thryomanes bewickii,2026-05-01T20:45:29Z,01-May-2026,13:45:29,0.5,1
Bewick's Wren,Thryomanes bewickii,2026-05-01T20:45:22Z,01-May-2026,13:45:22,0.64,1
Bewick's Wren,Thryomanes bewickii,2026-05-01T20:45:16Z,01-May-2026,13:45:16,0.35,1
Bewick's Wren,Thryomanes bewickii,2026-05-01T20:45:09Z,01-May-2026,13:45:09,0.36,1
Bewick's Wren,Thryomanes bewickii,2026-05-01T20:44:54Z,01-May-2026,13:44:54,0.28,1
Bewick's Wren,Thryomanes bewickii,2026-05-01T20:40:41Z,01-May-2026,13:40:41,0.4,1
Bewick's Wren,Thryomanes bewickii,2026-05-01T20:40:32Z,01-May-2026,13:40:32,0.45,1
Bewick's Wren,Thryomanes bewickii,2026-05-01T20:40:14Z,01-May-2026,13:40:14,0.27,1
Bewick's Wren,Thryomanes bewickii,2026-05-01T20:39:27Z,01-May-2026,13:39:27,0.56,1
Bewick's Wren,Thryomanes bewickii,2026-05-01T20:39:05Z,01-May-2026,13:39:05,0.64,1
House Finch,Haemorhous mexicanus,2026-05-01T20:38:31Z,01-May-2026,13:38:31,0.28,1
Bewick's Wren,Thryomanes bewickii,2026-05-01T20:38:07Z,01-May-2026,13:38:07,0.36,1
House Finch,Haemorhous mexicanus,2026-05-01T20:38:02Z,01-May-2026,13:38:02,0.8745,1
Bewick's Wren,Thryomanes bewickii,2026-05-01T20:36:23Z,01-May-2026,13:36:23,0.57,1
Bewick's Wren,Thryomanes bewickii,2026-05-01T20:35:55Z,01-May-2026,13:35:55,0.26,1
Bewick's Wren,Thryomanes bewickii,2026-05-01T20:35:15Z,01-May-2026,13:35:15,0.29,1
Bewick's Wren,Thryomanes bewickii,2026-05-01T20:32:28Z,01-May-2026,13:32:28,0.48,1
Bewick's Wren,Thryomanes bewickii,2026-05-01T20:31:57Z,01-May-2026,13:31:57,0.48,1
House Finch,Haemorhous mexicanus,2026-05-01T20:30:01Z,01-May-2026,13:30:01,0.7804,1
Steller's Jay,Cyanocitta stelleri,2026-05-01T20:26:24Z,01-May-2026,13:26:24,0.54,1
Bewick's Wren,Thryomanes bewickii,2026-05-01T20:25:58Z,01-May-2026,13:25:58,0.58,1
Bewick's Wren,Thryomanes bewickii,2026-05-01T20:21:23Z,01-May-2026,13:21:23,0.53,1
House Finch,Haemorhous mexicanus,2026-05-01T20:18:34Z,01-May-2026,13:18:34,0.8157,1
Bewick's Wren,Thryomanes bewickii,2026-05-01T20:16:41Z,01-May-2026,13:16:41,0.41,1
Bewick's Wren,Thryomanes bewickii,2026-05-01T20:15:40Z,01-May-2026,13:15:40,0.4,1
Bewick's Wren,Thryomanes bewickii,2026-05-01T20:15:16Z,01-May-2026,13:15:16,0.3,1
American Crow,Corvus brachyrhynchos,2026-05-01T20:14:15Z,01-May-2026,13:14:15,0.8471,1
Mountain Chickadee,Poecile gambeli,2026-05-01T20:12:54Z,01-May-2026,13:12:54,0.6,1
Black-capped Chickadee,Poecile atricapillus,2026-05-01T20:11:53Z,01-May-2026,13:11:53,0.26,1
Black-capped Chickadee,Poecile atricapillus,2026-05-01T20:11:38Z,01-May-2026,13:11:38,0.39,1
Steller's Jay,Cyanocitta stelleri,2026-05-01T20:09:25Z,01-May-2026,13:09:25,0.8314,1
Steller's Jay,Cyanocitta stelleri,2026-05-01T20:09:03Z,01-May-2026,13:09:03,0.54,1
Bewick's Wren,Thryomanes bewickii,2026-05-01T20:08:40Z,01-May-2026,13:08:40,0.37,1
House Finch,Haemorhous mexicanus,2026-05-01T20:08:00Z,01-May-2026,13:08:00,0.8157,1
Bewick's Wren,Thryomanes bewickii,2026-05-01T20:06:57Z,01-May-2026,13:06:57,0.31,1
Bewick's Wren,Thryomanes bewickii,2026-05-01T20:04:47Z,01-May-2026,13:04:47,0.27,1
Bewick's Wren,Thryomanes bewickii,2026-05-01T20:04:14Z,01-May-2026,13:04:14,0.5,1
Bewick's Wren,Thryomanes bewickii,2026-05-01T20:03:32Z,01-May-2026,13:03:32,0.64,1
Bewick's Wren,Thryomanes bewickii,2026-05-01T20:03:22Z,01-May-2026,13:03:22,0.57,1
Bewick's Wren,Thryomanes bewickii,2026-05-01T20:03:04Z,01-May-2026,13:03:04,0.54,1
Bewick's Wren,Thryomanes bewickii,2026-05-01T20:02:50Z,01-May-2026,13:02:50,0.31,1
Bewick's Wren,Thryomanes bewickii,2026-05-01T20:02:25Z,01-May-2026,13:02:25,0.43,1
Bewick's Wren,Thryomanes bewickii,2026-05-01T20:02:04Z,01-May-2026,13:02:04,0.3,1
Bewick's Wren,Thryomanes bewickii,2026-05-01T20:01:32Z,01-May-2026,13:01:32,0.52,1
Bewick's Wren,Thryomanes bewickii,2026-05-01T19:59:35Z,01-May-2026,12:59:35,0.77,1
Bewick's Wren,Thryomanes bewickii,2026-05-01T19:59:27Z,01-May-2026,12:59:27,0.78,1
Bewick's Wren,Thryomanes bewickii,2026-05-01T19:59:18Z,01-May-2026,12:59:18,0.58,1
Bewick's Wren,Thryomanes bewickii,2026-05-01T19:59:11Z,01-May-2026,12:59:11,0.7,1
Bewick's Wren,Thryomanes bewickii,2026-05-01T19:59:03Z,01-May-2026,12:59:03,0.28,1
Bewick's Wren,Thryomanes bewickii,2026-05-01T19:58:44Z,01-May-2026,12:58:44,0.81,1
Bewick's Wren,Thryomanes bewickii,2026-05-01T19:58:24Z,01-May-2026,12:58:24,0.96,1
Bewick's Wren,Thryomanes bewickii,2026-05-01T19:58:18Z,01-May-2026,12:58:18,0.47,1
Bewick's Wren,Thryomanes bewickii,2026-05-01T19:58:03Z,01-May-2026,12:58:03,0.76,1
Bewick's Wren,Thryomanes bewickii,2026-05-01T19:57:56Z,01-May-2026,12:57:56,0.76,1
Bewick's Wren,Thryomanes bewickii,2026-05-01T19:57:41Z,01-May-2026,12:57:41,0.55,1
Bewick's Wren,Thryomanes bewickii,2026-05-01T19:57:34Z,01-May-2026,12:57:34,0.77,1
Bewick's Wren,Thryomanes bewickii,2026-05-01T19:57:27Z,01-May-2026,12:57:27,0.93,1
Bewick's Wren,Thryomanes bewickii,2026-05-01T19:57:02Z,01-May-2026,12:57:02,0.65,1
Bewick's Wren,Thryomanes bewickii,2026-05-01T19:56:53Z,01-May-2026,12:56:53,0.37,1
Bewick's Wren,Thryomanes bewickii,2026-05-01T19:56:32Z,01-May-2026,12:56:32,0.84,1
Bewick's Wren,Thryomanes bewickii,2026-05-01T19:56:13Z,01-May-2026,12:56:13,0.81,1
Bewick's Wren,Thryomanes bewickii,2026-05-01T19:55:54Z,01-May-2026,12:55:54,0.62,1
Bewick's Wren,Thryomanes bewickii,2026-05-01T19:55:37Z,01-May-2026,12:55:37,0.8,1
Bewick's Wren,Thryomanes bewickii,2026-05-01T19:55:12Z,01-May-2026,12:55:12,0.68,1
Bewick's Wren,Thryomanes bewickii,2026-05-01T19:55:05Z,01-May-2026,12:55:05,0.74,1
Bewick's Wren,Thryomanes bewickii,2026-05-01T19:54:41Z,01-May-2026,12:54:41,0.63,1
Bewick's Wren,Thryomanes bewickii,2026-05-01T19:53:57Z,01-May-2026,12:53:57,0.63,1
Bewick's Wren,Thryomanes bewickii,2026-05-01T19:53:51Z,01-May-2026,12:53:51,0.8,1
Bewick's Wren,Thryomanes bewickii,2026-05-01T19:53:35Z,01-May-2026,12:53:35,0.59,1
Bewick's Wren,Thryomanes bewickii,2026-05-01T19:53:24Z,01-May-2026,12:53:24,0.82,1
Bewick's Wren,Thryomanes bewickii,2026-05-01T19:53:17Z,01-May-2026,12:53:17,0.7,1
Bewick's Wren,Thryomanes bewickii,2026-05-01T19:53:00Z,01-May-2026,12:53:00,0.31,1
Bewick's Wren,Thryomanes bewickii,2026-05-01T19:52:53Z,01-May-2026,12:52:53,0.54,1
Bewick's Wren,Thryomanes bewickii,2026-05-01T19:52:42Z,01-May-2026,12:52:42,0.3,1
Bewick's Wren,Thryomanes bewickii,2026-05-01T19:52:35Z,01-May-2026,12:52:35,0.76,1
Bewick's Wren,Thryomanes bewickii,2026-05-01T19:52:07Z,01-May-2026,12:52:07,0.84,1
Bewick's Wren,Thryomanes bewickii,2026-05-01T19:52:00Z,01-May-2026,12:52:00,0.39,1
Bewick's Wren,Thryomanes bewickii,2026-05-01T19:51:54Z,01-May-2026,12:51:54,0.86,1
Bewick's Wren,Thryomanes bewickii,2026-05-01T19:51:46Z,01-May-2026,12:51:46,0.64,1
Bewick's Wren,Thryomanes bewickii,2026-05-01T19:51:39Z,01-May-2026,12:51:39,0.73,1
Bewick's Wren,Thryomanes bewickii,2026-05-01T19:51:29Z,01-May-2026,12:51:29,0.6,1
Bewick's Wren,Thryomanes bewickii,2026-05-01T19:51:16Z,01-May-2026,12:51:16,0.65,1
Bewick's Wren,Thryomanes bewickii,2026-05-01T19:51:09Z,01-May-2026,12:51:09,0.71,1
Bewick's Wren,Thryomanes bewickii,2026-05-01T19:51:02Z,01-May-2026,12:51:02,0.71,1
Bewick's Wren,Thryomanes bewickii,2026-05-01T19:50:56Z,01-May-2026,12:50:56,0.67,1
Bewick's Wren,Thryomanes bewickii,2026-05-01T19:50:46Z,01-May-2026,12:50:46,0.52,1
Bewick's Wren,Thryomanes bewickii,2026-05-01T19:50:38Z,01-May-2026,12:50:38,0.61,1
Bewick's Wren,Thryomanes bewickii,2026-05-01T19:50:29Z,01-May-2026,12:50:29,0.76,1
Bewick's Wren,Thryomanes bewickii,2026-05-01T19:50:02Z,01-May-2026,12:50:02,0.56,1
Bewick's Wren,Thryomanes bewickii,2026-05-01T19:49:53Z,01-May-2026,12:49:53,0.72,1
Bewick's Wren,Thryomanes bewickii,2026-05-01T19:49:43Z,01-May-2026,12:49:43,0.38,1
House Finch,Haemorhous mexicanus,2026-05-01T19:49:06Z,01-May-2026,12:49:06,0.31,1
House Finch,Haemorhous mexicanus,2026-05-01T19:48:40Z,01-May-2026,12:48:40,0.9098,1
Bewick's Wren,Thryomanes bewickii,2026-05-01T19:46:30Z,01-May-2026,12:46:30,0.64,1
Bewick's Wren,Thryomanes bewickii,2026-05-01T19:46:23Z,01-May-2026,12:46:23,0.41,1
House Finch,Haemorhous mexicanus,2026-05-01T19:45:17Z,01-May-2026,12:45:17,0.8314,3
Bewick's Wren,Thryomanes bewickii,2026-05-01T19:44:10Z,01-May-2026,12:44:10,0.29,1
Bewick's Wren,Thryomanes bewickii,2026-05-01T19:43:56Z,01-May-2026,12:43:56,0.28,1
House Finch,Haemorhous mexicanus,2026-05-01T19:43:10Z,01-May-2026,12:43:10,0.8745,7
House Finch,Haemorhous mexicanus,2026-05-01T19:42:54Z,01-May-2026,12:42:54,0.29,1
House Finch,Haemorhous mexicanus,2026-05-01T19:41:40Z,01-May-2026,12:41:40,0.898,1
Bewick's Wren,Thryomanes bewickii,2026-05-01T19:40:57Z,01-May-2026,12:40:57,0.61,1
Bewick's Wren,Thryomanes bewickii,2026-05-01T19:40:43Z,01-May-2026,12:40:43,0.38,1
Bewick's Wren,Thryomanes bewickii,2026-05-01T19:40:36Z,01-May-2026,12:40:36,0.84,1
Bewick's Wren,Thryomanes bewickii,2026-05-01T19:40:30Z,01-May-2026,12:40:30,0.31,1
Steller's Jay,Cyanocitta stelleri,2026-05-01T19:40:23Z,01-May-2026,12:40:23,0.33,1
House Finch,Haemorhous mexicanus,2026-05-01T19:35:10Z,01-May-2026,12:35:10,0.9098,3
House Finch,Haemorhous mexicanus,2026-05-01T19:34:04Z,01-May-2026,12:34:04,0.8157,6
House Finch,Haemorhous mexicanus,2026-05-01T19:33:34Z,01-May-2026,12:33:34,0.75,1
Bewick's Wren,Thryomanes bewickii,2026-05-01T19:33:22Z,01-May-2026,12:33:22,0.72,1
Bewick's Wren,Thryomanes bewickii,2026-05-01T19:33:09Z,01-May-2026,12:33:09,0.67,1
Bewick's Wren,Thryomanes bewickii,2026-05-01T19:33:02Z,01-May-2026,12:33:02,0.89,1
Bewick's Wren,Thryomanes bewickii,2026-05-01T19:32:39Z,01-May-2026,12:32:39,0.95,1
House Finch,Haemorhous mexicanus,2026-05-01T19:32:31Z,01-May-2026,12:32:31,0.8471,2
Bewick's Wren,Thryomanes bewickii,2026-05-01T19:32:16Z,01-May-2026,12:32:16,0.56,1
Bewick's Wren,Thryomanes bewickii,2026-05-01T19:32:01Z,01-May-2026,12:32:01,0.78,1
Bewick's Wren,Thryomanes bewickii,2026-05-01T19:31:52Z,01-May-2026,12:31:52,0.96,1
Bewick's Wren,Thryomanes bewickii,2026-05-01T19:31:46Z,01-May-2026,12:31:46,0.76,1
Bewick's Wren,Thryomanes bewickii,2026-05-01T19:31:25Z,01-May-2026,12:31:25,0.39,1
Bewick's Wren,Thryomanes bewickii,2026-05-01T19:31:13Z,01-May-2026,12:31:13,0.86,1
House Finch,Haemorhous mexicanus,2026-05-01T19:31:05Z,01-May-2026,12:31:05,0.9765,1
House Finch,Haemorhous mexicanus,2026-05-01T19:30:58Z,01-May-2026,12:30:58,0.93,1
Bewick's Wren,Thryomanes bewickii,2026-05-01T19:30:51Z,01-May-2026,12:30:51,0.89,1
Bewick's Wren,Thryomanes bewickii,2026-05-01T19:28:10Z,01-May-2026,12:28:10,0.53,1
House Finch,Haemorhous mexicanus,2026-05-01T19:20:19Z,01-May-2026,12:20:19,0.8627,1
Bewick's Wren,Thryomanes bewickii,2026-05-01T19:20:15Z,01-May-2026,12:20:15,0.32,1
House Finch,Haemorhous mexicanus,2026-05-01T19:20:05Z,01-May-2026,12:20:05,0.29,1
Bewick's Wren,Thryomanes bewickii,2026-05-01T19:19:49Z,01-May-2026,12:19:49,0.57,1
House Finch,Haemorhous mexicanus,2026-05-01T19:18:45Z,01-May-2026,12:18:45,0.8314,1
Bewick's Wren,Thryomanes bewickii,2026-05-01T19:18:04Z,01-May-2026,12:18:04,0.27,1
Bewick's Wren,Thryomanes bewickii,2026-05-01T19:17:19Z,01-May-2026,12:17:19,0.8,1
American Robin,Turdus migratorius,2026-05-01T19:17:08Z,01-May-2026,12:17:08,0.7804,1
Bewick's Wren,Thryomanes bewickii,2026-05-01T19:16:59Z,01-May-2026,12:16:59,0.39,1
Bewick's Wren,Thryomanes bewickii,2026-05-01T19:16:16Z,01-May-2026,12:16:16,0.86,1
Bewick's Wren,Thryomanes bewickii,2026-05-01T19:15:58Z,01-May-2026,12:15:58,0.56,1
Bewick's Wren,Thryomanes bewickii,2026-05-01T19:15:38Z,01-May-2026,12:15:38,0.76,1
Bewick's Wren,Thryomanes bewickii,2026-05-01T19:15:19Z,01-May-2026,12:15:19,0.45,1
Bewick's Wren,Thryomanes bewickii,2026-05-01T19:13:46Z,01-May-2026,12:13:46,0.84,1
Bewick's Wren,Thryomanes bewickii,2026-05-01T19:12:59Z,01-May-2026,12:12:59,0.37,1
Bewick's Wren,Thryomanes bewickii,2026-05-01T19:12:34Z,01-May-2026,12:12:34,0.8,1
Bewick's Wren,Thryomanes bewickii,2026-05-01T19:12:23Z,01-May-2026,12:12:23,0.95,1
Bewick's Wren,Thryomanes bewickii,2026-05-01T19:12:07Z,01-May-2026,12:12:07,0.45,1
Bewick's Wren,Thryomanes bewickii,2026-05-01T19:11:54Z,01-May-2026,12:11:54,0.28,1
Bewick's Wren,Thryomanes bewickii,2026-05-01T19:11:40Z,01-May-2026,12:11:40,0.34,1
Bewick's Wren,Thryomanes bewickii,2026-05-01T19:11:25Z,01-May-2026,12:11:25,0.35,1
Bewick's Wren,Thryomanes bewickii,2026-05-01T19:11:19Z,01-May-2026,12:11:19,0.4,1
Bewick's Wren,Thryomanes bewickii,2026-05-01T19:11:07Z,01-May-2026,12:11:07,0.44,1
Bewick's Wren,Thryomanes bewickii,2026-05-01T19:08:59Z,01-May-2026,12:08:59,0.53,1
Bewick's Wren,Thryomanes bewickii,2026-05-01T19:08:42Z,01-May-2026,12:08:42,0.73,1
Bewick's Wren,Thryomanes bewickii,2026-05-01T19:08:10Z,01-May-2026,12:08:10,0.45,1
Bewick's Wren,Thryomanes bewickii,2026-05-01T19:08:03Z,01-May-2026,12:08:03,0.87,1
Bewick's Wren,Thryomanes bewickii,2026-05-01T19:07:52Z,01-May-2026,12:07:52,0.29,1
Bewick's Wren,Thryomanes bewickii,2026-05-01T19:07:45Z,01-May-2026,12:07:45,0.51,1
Bewick's Wren,Thryomanes bewickii,2026-05-01T19:07:20Z,01-May-2026,12:07:20,0.67,1
Bewick's Wren,Thryomanes bewickii,2026-05-01T19:07:06Z,01-May-2026,12:07:06,0.57,1
Bewick's Wren,Thryomanes bewickii,2026-05-01T19:06:53Z,01-May-2026,12:06:53,0.63,1
House Finch,Haemorhous mexicanus,2026-05-01T19:05:07Z,01-May-2026,12:05:07,0.48,1
House Finch,Haemorhous mexicanus,2026-05-01T19:04:55Z,01-May-2026,12:04:55,0.9255,1
Bewick's Wren,Thryomanes bewickii,2026-05-01T19:04:32Z,01-May-2026,12:04:32,0.69,1
House Finch,Haemorhous mexicanus,2026-05-01T19:03:50Z,01-May-2026,12:03:50,0.8157,1
Chestnut-backed Chickadee,Poecile rufescens,2026-05-01T19:03:43Z,01-May-2026,12:03:43,0.9922,1
Bewick's Wren,Thryomanes bewickii,2026-05-01T19:03:30Z,01-May-2026,12:03:30,0.72,1
Chestnut-backed Chickadee,Poecile rufescens,2026-05-01T19:02:30Z,01-May-2026,12:02:30,0.9333,2
Chestnut-backed Chickadee,Poecile rufescens,2026-05-01T19:01:27Z,01-May-2026,12:01:27,0.9098,3
Chestnut-backed Chickadee,Poecile rufescens,2026-05-01T19:01:18Z,01-May-2026,12:01:18,0.29,1
Chestnut-backed Chickadee,Poecile rufescens,2026-05-01T19:00:58Z,01-May-2026,12:00:58,0.38,1
Bewick's Wren,Thryomanes bewickii,2026-05-01T19:00:48Z,01-May-2026,12:00:48,0.3,1
Chestnut-backed Chickadee,Poecile rufescens,2026-05-01T19:00:23Z,01-May-2026,12:00:23,0.8627,1
Bewick's Wren,Thryomanes bewickii,2026-05-01T19:00:18Z,01-May-2026,12:00:18,0.95,1
Bewick's Wren,Thryomanes bewickii,2026-05-01T18:59:43Z,01-May-2026,11:59:43,0.57,1
Bewick's Wren,Thryomanes bewickii,2026-05-01T18:59:07Z,01-May-2026,11:59:07,0.87,1
Bewick's Wren,Thryomanes bewickii,2026-05-01T18:58:54Z,01-May-2026,11:58:54,0.44,1
Bewick's Wren,Thryomanes bewickii,2026-05-01T18:58:00Z,01-May-2026,11:58:00,0.65,1
Bewick's Wren,Thryomanes bewickii,2026-05-01T18:55:41Z,01-May-2026,11:55:41,0.33,1
House Finch,Haemorhous mexicanus,2026-05-01T18:53:50Z,01-May-2026,11:53:50,0.8157,3
Bewick's Wren,Thryomanes bewickii,2026-05-01T18:53:22Z,01-May-2026,11:53:22,0.28,1
House Finch,Haemorhous mexicanus,2026-05-01T18:52:39Z,01-May-2026,11:52:39,0.8627,1
American Robin,Turdus migratorius,2026-05-01T18:52:27Z,01-May-2026,11:52:27,0.31,1
American Robin,Turdus migratorius,2026-05-01T18:51:51Z,01-May-2026,11:51:51,0.32,1
Bewick's Wren,Thryomanes bewickii,2026-05-01T18:45:35Z,01-May-2026,11:45:35,0.66,1
Bewick's Wren,Thryomanes bewickii,2026-05-01T18:45:24Z,01-May-2026,11:45:24,0.42,1
Bewick's Wren,Thryomanes bewickii,2026-05-01T18:45:18Z,01-May-2026,11:45:18,0.63,1
Bewick's Wren,Thryomanes bewickii,2026-05-01T18:45:00Z,01-May-2026,11:45:00,0.37,1
Bewick's Wren,Thryomanes bewickii,2026-05-01T18:44:30Z,01-May-2026,11:44:30,0.72,1
Bewick's Wren,Thryomanes bewickii,2026-05-01T18:44:17Z,01-May-2026,11:44:17,0.58,1
Bewick's Wren,Thryomanes bewickii,2026-05-01T18:43:53Z,01-May-2026,11:43:53,0.42,1
Bewick's Wren,Thryomanes bewickii,2026-05-01T18:43:30Z,01-May-2026,11:43:30,0.42,1
Bewick's Wren,Thryomanes bewickii,2026-05-01T18:43:23Z,01-May-2026,11:43:23,0.7,1
Bewick's Wren,Thryomanes bewickii,2026-05-01T18:43:12Z,01-May-2026,11:43:12,0.48,1
Chestnut-backed Chickadee,Poecile rufescens,2026-05-01T18:42:23Z,01-May-2026,11:42:23,0.9176,3
House Finch,Haemorhous mexicanus,2026-05-01T18:42:15Z,01-May-2026,11:42:15,0.7804,1
Bewick's Wren,Thryomanes bewickii,2026-05-01T18:42:01Z,01-May-2026,11:42:01,0.59,1
Bewick's Wren,Thryomanes bewickii,2026-05-01T18:40:59Z,01-May-2026,11:40:59,0.78,1
Chestnut-backed Chickadee,Poecile rufescens,2026-05-01T18:40:19Z,01-May-2026,11:40:19,0.7804,1
Chestnut-backed Chickadee,Poecile rufescens,2026-05-01T18:40:12Z,01-May-2026,11:40:12,0.39,1
Bewick's Wren,Thryomanes bewickii,2026-05-01T18:39:46Z,01-May-2026,11:39:46,0.31,1
Bewick's Wren,Thryomanes bewickii,2026-05-01T18:39:37Z,01-May-2026,11:39:37,0.66,1
Bewick's Wren,Thryomanes bewickii,2026-05-01T18:39:21Z,01-May-2026,11:39:21,0.5,1
Mountain Chickadee,Poecile gambeli,2026-05-01T18:39:13Z,01-May-2026,11:39:13,0.52,1
Bewick's Wren,Thryomanes bewickii,2026-05-01T18:38:42Z,01-May-2026,11:38:42,0.81,1
Bewick's Wren,Thryomanes bewickii,2026-05-01T18:38:35Z,01-May-2026,11:38:35,0.33,1
Black-capped Chickadee,Poecile atricapillus,2026-05-01T18:38:30Z,01-May-2026,11:38:30,0.7804,1
Bewick's Wren,Thryomanes bewickii,2026-05-01T18:38:23Z,01-May-2026,11:38:23,0.47,1
Bewick's Wren,Thryomanes bewickii,2026-05-01T18:38:17Z,01-May-2026,11:38:17,0.32,1
Chestnut-backed Chickadee,Poecile rufescens,2026-05-01T18:38:11Z,01-May-2026,11:38:11,0.31,1
Bewick's Wren,Thryomanes bewickii,2026-05-01T18:38:04Z,01-May-2026,11:38:04,0.9,1
Chestnut-backed Chickadee,Poecile rufescens,2026-05-01T18:37:33Z,01-May-2026,11:37:33,0.9529,2
Chestnut-backed Chickadee,Poecile rufescens,2026-05-01T18:36:48Z,01-May-2026,11:36:48,0.38,1
Chestnut-backed Chickadee,Poecile rufescens,2026-05-01T18:36:17Z,01-May-2026,11:36:17,0.9255,6
Bewick's Wren,Thryomanes bewickii,2026-05-01T18:35:48Z,01-May-2026,11:35:48,0.84,1
Chestnut-backed Chickadee,Poecile rufescens,2026-05-01T18:35:12Z,01-May-2026,11:35:12,0.8745,4
Chestnut-backed Chickadee,Poecile rufescens,2026-05-01T18:35:04Z,01-May-2026,11:35:04,0.28,1
Chestnut-backed Chickadee,Poecile rufescens,2026-05-01T18:34:31Z,01-May-2026,11:34:31,0.58,1
Chestnut-backed Chickadee,Poecile rufescens,2026-05-01T18:34:24Z,01-May-2026,11:34:24,0.42,1
Black-capped Chickadee,Poecile atricapillus,2026-05-01T18:34:14Z,01-May-2026,11:34:14,0.28,1
Chestnut-backed Chickadee,Poecile rufescens,2026-05-01T18:34:02Z,01-May-2026,11:34:02,0.9176,1
White-crowned Sparrow,Zonotrichia leucophrys,2026-05-01T18:33:55Z,01-May-2026,11:33:55,0.46,1
Chestnut-backed Chickadee,Poecile rufescens,2026-05-01T18:33:31Z,01-May-2026,11:33:31,0.74,1
Red-breasted Nuthatch,Sitta canadensis,2026-05-01T18:32:46Z,01-May-2026,11:32:46,0.42,1
Bewick's Wren,Thryomanes bewickii,2026-05-01T18:32:18Z,01-May-2026,11:32:18,0.64,1
Bewick's Wren,Thryomanes bewickii,2026-05-01T18:32:04Z,01-May-2026,11:32:04,0.37,1
Bewick's Wren,Thryomanes bewickii,2026-05-01T18:31:49Z,01-May-2026,11:31:49,0.42,1
American Crow,Corvus brachyrhynchos,2026-05-01T18:31:43Z,01-May-2026,11:31:43,0.31,1
Black-capped Chickadee,Poecile atricapillus,2026-05-01T18:31:22Z,01-May-2026,11:31:22,0.33,1
Bewick's Wren,Thryomanes bewickii,2026-05-01T18:30:20Z,01-May-2026,11:30:20,0.58,1
Black-capped Chickadee,Poecile atricapillus,2026-05-01T18:29:45Z,01-May-2026,11:29:45,0.35,1
Bewick's Wren,Thryomanes bewickii,2026-05-01T18:29:14Z,01-May-2026,11:29:14,0.3,1
Bewick's Wren,Thryomanes bewickii,2026-05-01T18:28:33Z,01-May-2026,11:28:33,0.53,1
House Finch,Haemorhous mexicanus,2026-05-01T18:27:29Z,01-May-2026,11:27:29,0.8471,2
American Crow,Corvus brachyrhynchos,2026-05-01T18:26:18Z,01-May-2026,11:26:18,0.8863,1
House Finch,Haemorhous mexicanus,2026-05-01T18:25:02Z,01-May-2026,11:25:02,0.8,1
House Finch,Haemorhous mexicanus,2026-05-01T18:21:46Z,01-May-2026,11:21:46,0.7804,1
House Finch,Haemorhous mexicanus,2026-05-01T18:14:37Z,01-May-2026,11:14:37,0.8,1
Bewick's Wren,Thryomanes bewickii,2026-05-01T18:13:32Z,01-May-2026,11:13:32,0.44,1
Bewick's Wren,Thryomanes bewickii,2026-05-01T18:13:25Z,01-May-2026,11:13:25,0.3,1
Bewick's Wren,Thryomanes bewickii,2026-05-01T18:13:02Z,01-May-2026,11:13:02,0.32,1
Bewick's Wren,Thryomanes bewickii,2026-05-01T18:12:51Z,01-May-2026,11:12:51,0.49,1
Bewick's Wren,Thryomanes bewickii,2026-05-01T18:12:38Z,01-May-2026,11:12:38,0.38,1
Bewick's Wren,Thryomanes bewickii,2026-05-01T18:12:31Z,01-May-2026,11:12:31,0.29,1
Bewick's Wren,Thryomanes bewickii,2026-05-01T18:12:17Z,01-May-2026,11:12:17,0.49,1
Barn Owl,Tyto alba,2026-05-01T18:12:07Z,01-May-2026,11:12:07,0.51,1
Bewick's Wren,Thryomanes bewickii,2026-05-01T18:12:01Z,01-May-2026,11:12:01,0.3,1
Bewick's Wren,Thryomanes bewickii,2026-05-01T18:11:55Z,01-May-2026,11:11:55,0.39,1
White-throated Sparrow,Zonotrichia albicollis,2026-05-01T18:08:52Z,01-May-2026,11:08:52,0.27,1
Bewick's Wren,Thryomanes bewickii,2026-05-01T18:04:34Z,01-May-2026,11:04:34,0.43,1
Bewick's Wren,Thryomanes bewickii,2026-05-01T18:03:41Z,01-May-2026,11:03:41,0.49,1
Bewick's Wren,Thryomanes bewickii,2026-05-01T18:03:34Z,01-May-2026,11:03:34,0.26,1
American Robin,Turdus migratorius,2026-05-01T18:01:46Z,01-May-2026,11:01:46,0.8,1
Steller's Jay,Cyanocitta stelleri,2026-05-01T18:01:40Z,01-May-2026,11:01:40,0.94,1
American Robin,Turdus migratorius,2026-05-01T17:59:51Z,01-May-2026,10:59:51,0.8745,1
American Robin,Turdus migratorius,2026-05-01T17:57:49Z,01-May-2026,10:57:49,0.54,1
Bewick's Wren,Thryomanes bewickii,2026-05-01T17:57:34Z,01-May-2026,10:57:34,0.36,1
Bewick's Wren,Thryomanes bewickii,2026-05-01T17:56:33Z,01-May-2026,10:56:33,0.49,1
Bewick's Wren,Thryomanes bewickii,2026-05-01T17:56:15Z,01-May-2026,10:56:15,0.6,1
Bewick's Wren,Thryomanes bewickii,2026-05-01T17:55:57Z,01-May-2026,10:55:57,0.47,1
Bewick's Wren,Thryomanes bewickii,2026-05-01T17:55:51Z,01-May-2026,10:55:51,0.4,1
Bewick's Wren,Thryomanes bewickii,2026-05-01T17:55:28Z,01-May-2026,10:55:28,0.54,1
Northern Flicker,Colaptes auratus,2026-05-01T17:54:28Z,01-May-2026,10:54:28,0.45,1
House Finch,Haemorhous mexicanus,2026-05-01T17:50:37Z,01-May-2026,10:50:37,0.78,1
Bewick's Wren,Thryomanes bewickii,2026-05-01T17:49:52Z,01-May-2026,10:49:52,0.41,1
House Finch,Haemorhous mexicanus,2026-05-01T17:49:35Z,01-May-2026,10:49:35,0.9176,1
Bewick's Wren,Thryomanes bewickii,2026-05-01T17:48:59Z,01-May-2026,10:48:59,0.3,1
House Finch,Haemorhous mexicanus,2026-05-01T17:48:24Z,01-May-2026,10:48:24,0.9412,3
Bewick's Wren,Thryomanes bewickii,2026-05-01T17:48:20Z,01-May-2026,10:48:20,0.42,1
House Finch,Haemorhous mexicanus,2026-05-01T17:48:07Z,01-May-2026,10:48:07,0.44,1
Northern Flicker,Colaptes auratus,2026-05-01T17:47:28Z,01-May-2026,10:47:28,0.5,1
House Finch,Haemorhous mexicanus,2026-05-01T17:47:08Z,01-May-2026,10:47:08,0.9098,4
Northern Flicker,Colaptes auratus,2026-05-01T17:46:30Z,01-May-2026,10:46:30,0.69,1
Bewick's Wren,Thryomanes bewickii,2026-05-01T17:46:05Z,01-May-2026,10:46:05,0.43,1
House Finch,Haemorhous mexicanus,2026-05-01T17:45:58Z,01-May-2026,10:45:58,0.9176,1
Northern Flicker,Colaptes auratus,2026-05-01T17:45:47Z,01-May-2026,10:45:47,0.88,1
House Finch,Haemorhous mexicanus,2026-05-01T17:45:40Z,01-May-2026,10:45:40,0.96,1
House Finch,Haemorhous mexicanus,2026-05-01T17:45:32Z,01-May-2026,10:45:32,0.41,1
Bewick's Wren,Thryomanes bewickii,2026-05-01T17:44:16Z,01-May-2026,10:44:16,0.35,1
Bewick's Wren,Thryomanes bewickii,2026-05-01T17:42:30Z,01-May-2026,10:42:30,0.57,1
Bewick's Wren,Thryomanes bewickii,2026-05-01T17:41:57Z,01-May-2026,10:41:57,0.58,1
Bewick's Wren,Thryomanes bewickii,2026-05-01T17:41:14Z,01-May-2026,10:41:14,0.33,1
Bewick's Wren,Thryomanes bewickii,2026-05-01T17:40:59Z,01-May-2026,10:40:59,0.26,1
House Finch,Haemorhous mexicanus,2026-05-01T17:40:52Z,01-May-2026,10:40:52,0.7804,1
Bewick's Wren,Thryomanes bewickii,2026-05-01T17:40:48Z,01-May-2026,10:40:48,0.45,1
Bewick's Wren,Thryomanes bewickii,2026-05-01T17:40:11Z,01-May-2026,10:40:11,0.91,1
Chestnut-backed Chickadee,Poecile rufescens,2026-05-01T17:38:56Z,01-May-2026,10:38:56,0.55,1
Chestnut-backed Chickadee,Poecile rufescens,2026-05-01T17:38:40Z,01-May-2026,10:38:40,0.37,1
Chestnut-backed Chickadee,Poecile rufescens,2026-05-01T17:38:29Z,01-May-2026,10:38:29,0.8471,2
Chestnut-backed Chickadee,Poecile rufescens,2026-05-01T17:36:36Z,01-May-2026,10:36:36,0.3,1
Chestnut-backed Chickadee,Poecile rufescens,2026-05-01T17:36:29Z,01-May-2026,10:36:29,0.53,1
Chestnut-backed Chickadee,Poecile rufescens,2026-05-01T17:35:36Z,01-May-2026,10:35:36,0.32,1
Chestnut-backed Chickadee,Poecile rufescens,2026-05-01T17:35:22Z,01-May-2026,10:35:22,0.9098,1
Bewick's Wren,Thryomanes bewickii,2026-05-01T17:34:16Z,01-May-2026,10:34:16,0.57,1
Bewick's Wren,Thryomanes bewickii,2026-05-01T17:34:08Z,01-May-2026,10:34:08,0.45,1
Bewick's Wren,Thryomanes bewickii,2026-05-01T17:34:01Z,01-May-2026,10:34:01,0.57,1
Bewick's Wren,Thryomanes bewickii,2026-05-01T17:33:53Z,01-May-2026,10:33:53,0.31,1
Bewick's Wren,Thryomanes bewickii,2026-05-01T17:33:32Z,01-May-2026,10:33:32,0.65,1
Bewick's Wren,Thryomanes bewickii,2026-05-01T17:33:26Z,01-May-2026,10:33:26,0.77,1
Bewick's Wren,Thryomanes bewickii,2026-05-01T17:33:12Z,01-May-2026,10:33:12,0.61,1
House Finch,Haemorhous mexicanus,2026-05-01T17:32:09Z,01-May-2026,10:32:09,0.7804,1
Bewick's Wren,Thryomanes bewickii,2026-05-01T17:31:43Z,01-May-2026,10:31:43,0.72,1
Orange-crowned Warbler,Leiothlypis celata,2026-05-01T17:30:54Z,01-May-2026,10:30:54,0.41,1
House Finch,Haemorhous mexicanus,2026-05-01T17:30:32Z,01-May-2026,10:30:32,0.3,1
Bewick's Wren,Thryomanes bewickii,2026-05-01T17:29:59Z,01-May-2026,10:29:59,0.72,1
Bewick's Wren,Thryomanes bewickii,2026-05-01T17:29:49Z,01-May-2026,10:29:49,0.52,1
Bewick's Wren,Thryomanes bewickii,2026-05-01T17:29:43Z,01-May-2026,10:29:43,0.71,1
Bewick's Wren,Thryomanes bewickii,2026-05-01T17:29:35Z,01-May-2026,10:29:35,0.39,1
Bewick's Wren,Thryomanes bewickii,2026-05-01T17:27:14Z,01-May-2026,10:27:14,0.36,1
Bewick's Wren,Thryomanes bewickii,2026-05-01T17:26:13Z,01-May-2026,10:26:13,0.53,1
Bewick's Wren,Thryomanes bewickii,2026-05-01T17:25:29Z,01-May-2026,10:25:29,0.48,1
Bewick's Wren,Thryomanes bewickii,2026-05-01T17:25:22Z,01-May-2026,10:25:22,0.41,1
Bewick's Wren,Thryomanes bewickii,2026-05-01T17:25:11Z,01-May-2026,10:25:11,0.79,1
Bewick's Wren,Thryomanes bewickii,2026-05-01T17:25:04Z,01-May-2026,10:25:04,0.31,1
Bewick's Wren,Thryomanes bewickii,2026-05-01T17:24:36Z,01-May-2026,10:24:36,0.28,1
House Finch,Haemorhous mexicanus,2026-05-01T17:23:48Z,01-May-2026,10:23:48,0.7804,3
Chestnut-backed Chickadee,Poecile rufescens,2026-05-01T17:23:08Z,01-May-2026,10:23:08,0.8627,1
Black-capped Chickadee,Poecile atricapillus,2026-05-01T17:22:47Z,01-May-2026,10:22:47,0.9333,1
House Finch,Haemorhous mexicanus,2026-05-01T17:22:39Z,01-May-2026,10:22:39,0.9098,2
Pacific-slope Flycatcher,Empidonax difficilis,2026-05-01T17:21:56Z,01-May-2026,10:21:56,0.37,1
House Finch,Haemorhous mexicanus,2026-05-01T17:21:35Z,01-May-2026,10:21:35,0.7804,2
House Finch,Haemorhous mexicanus,2026-05-01T17:18:54Z,01-May-2026,10:18:54,0.8157,8
House Finch,Haemorhous mexicanus,2026-05-01T17:17:25Z,01-May-2026,10:17:25,0.8745,4
Steller's Jay,Cyanocitta stelleri,2026-05-01T17:16:09Z,01-May-2026,10:16:09,0.898,1
Steller's Jay,Cyanocitta stelleri,2026-05-01T17:15:52Z,01-May-2026,10:15:52,0.51,1
Bewick's Wren,Thryomanes bewickii,2026-05-01T17:15:23Z,01-May-2026,10:15:23,0.37,1
House Finch,Haemorhous mexicanus,2026-05-01T17:14:46Z,01-May-2026,10:14:46,0.8863,4
House Finch,Haemorhous mexicanus,2026-05-01T17:12:55Z,01-May-2026,10:12:55,0.8314,1
Black-throated Gray Warbler,Setophaga nigrescens,2026-05-01T17:12:41Z,01-May-2026,10:12:41,0.28,1
Bewick's Wren,Thryomanes bewickii,2026-05-01T17:11:04Z,01-May-2026,10:11:04,0.55,1
Bewick's Wren,Thryomanes bewickii,2026-05-01T17:09:44Z,01-May-2026,10:09:44,0.43,1
Bewick's Wren,Thryomanes bewickii,2026-05-01T17:09:35Z,01-May-2026,10:09:35,0.27,1
Barn Owl,Tyto alba,2026-05-01T17:05:54Z,01-May-2026,10:05:54,0.33,1
Barn Owl,Tyto alba,2026-05-01T17:05:48Z,01-May-2026,10:05:48,0.33,1
Steller's Jay,Cyanocitta stelleri,2026-05-01T17:05:38Z,01-May-2026,10:05:38,0.73,1
Barn Owl,Tyto alba,2026-05-01T17:05:31Z,01-May-2026,10:05:31,0.45,1
Barn Owl,Tyto alba,2026-05-01T17:05:18Z,01-May-2026,10:05:18,0.28,1
American Robin,Turdus migratorius,2026-05-01T16:55:49Z,01-May-2026,09:55:49,0.41,1
Song Sparrow,Melospiza melodia,2026-05-01T16:52:15Z,01-May-2026,09:52:15,0.37,1
Song Sparrow,Melospiza melodia,2026-05-01T16:51:36Z,01-May-2026,09:51:36,0.46,1
Song Sparrow,Melospiza melodia,2026-05-01T16:51:28Z,01-May-2026,09:51:28,0.8,4
Song Sparrow,Melospiza melodia,2026-05-01T16:50:20Z,01-May-2026,09:50:20,0.9412,1
Song Sparrow,Melospiza melodia,2026-05-01T16:49:02Z,01-May-2026,09:49:02,0.9176,1
Yellow-rumped Warbler,Setophaga coronata,2026-05-01T16:45:59Z,01-May-2026,09:45:59,0.33,1
Song Sparrow,Melospiza melodia,2026-05-01T16:45:45Z,01-May-2026,09:45:45,0.28,1
Bewick's Wren,Thryomanes bewickii,2026-05-01T16:43:13Z,01-May-2026,09:43:13,0.43,1
Bushtit,Psaltriparus minimus,2026-05-01T16:42:26Z,01-May-2026,09:42:26,0.55,1
Bushtit,Psaltriparus minimus,2026-05-01T16:39:31Z,01-May-2026,09:39:31,0.41,1
Bewick's Wren,Thryomanes bewickii,2026-05-01T16:37:47Z,01-May-2026,09:37:47,0.34,1
Chestnut-backed Chickadee,Poecile rufescens,2026-05-01T16:35:04Z,01-May-2026,09:35:04,0.61,1
Black-capped Chickadee,Poecile atricapillus,2026-05-01T16:34:53Z,01-May-2026,09:34:53,0.28,1
Black-capped Chickadee,Poecile atricapillus,2026-05-01T16:34:39Z,01-May-2026,09:34:39,0.56,1
House Finch,Haemorhous mexicanus,2026-05-01T16:32:57Z,01-May-2026,09:32:57,0.7804,6
House Finch,Haemorhous mexicanus,2026-05-01T16:30:06Z,01-May-2026,09:30:06,0.35,1
House Finch,Haemorhous mexicanus,2026-05-01T16:29:50Z,01-May-2026,09:29:50,0.48,1
Bewick's Wren,Thryomanes bewickii,2026-05-01T16:29:34Z,01-May-2026,09:29:34,0.26,1
Chestnut-backed Chickadee,Poecile rufescens,2026-05-01T16:29:14Z,01-May-2026,09:29:14,0.26,1
Chestnut-backed Chickadee,Poecile rufescens,2026-05-01T16:29:02Z,01-May-2026,09:29:02,0.9804,3
House Finch,Haemorhous mexicanus,2026-05-01T16:28:37Z,01-May-2026,09:28:37,0.898,2
Chestnut-backed Chickadee,Poecile rufescens,2026-05-01T16:27:59Z,01-May-2026,09:27:59,0.9176,10
Chestnut-backed Chickadee,Poecile rufescens,2026-05-01T16:27:52Z,01-May-2026,09:27:52,0.27,1
Bewick's Wren,Thryomanes bewickii,2026-05-01T16:27:22Z,01-May-2026,09:27:22,0.26,1
House Finch,Haemorhous mexicanus,2026-05-01T16:27:08Z,01-May-2026,09:27:08,0.8,1
House Finch,Haemorhous mexicanus,2026-05-01T16:27:00Z,01-May-2026,09:27:00,0.43,1
Chestnut-backed Chickadee,Poecile rufescens,2026-05-01T16:26:47Z,01-May-2026,09:26:47,0.9765,1
Chestnut-backed Chickadee,Poecile rufescens,2026-05-01T16:26:43Z,01-May-2026,09:26:43,0.27,1
Bewick's Wren,Thryomanes bewickii,2026-05-01T16:25:12Z,01-May-2026,09:25:12,0.51,1
Chestnut-backed Chickadee,Poecile rufescens,2026-05-01T16:23:44Z,01-May-2026,09:23:44,0.8471,1
Bewick's Wren,Thryomanes bewickii,2026-05-01T16:23:37Z,01-May-2026,09:23:37,0.26,1
Bewick's Wren,Thryomanes bewickii,2026-05-01T16:22:54Z,01-May-2026,09:22:54,0.33,1
Bewick's Wren,Thryomanes bewickii,2026-05-01T16:22:24Z,01-May-2026,09:22:24,0.35,1
Chestnut-backed Chickadee,Poecile rufescens,2026-05-01T16:21:38Z,01-May-2026,09:21:38,0.898,1
Bewick's Wren,Thryomanes bewickii,2026-05-01T16:21:30Z,01-May-2026,09:21:30,0.26,1
Bewick's Wren,Thryomanes bewickii,2026-05-01T16:20:36Z,01-May-2026,09:20:36,0.52,1
Bewick's Wren,Thryomanes bewickii,2026-05-01T16:20:30Z,01-May-2026,09:20:30,0.74,1
Bewick's Wren,Thryomanes bewickii,2026-05-01T16:20:23Z,01-May-2026,09:20:23,0.55,1
Bewick's Wren,Thryomanes bewickii,2026-05-01T16:19:06Z,01-May-2026,09:19:06,0.79,1
American Crow,Corvus brachyrhynchos,2026-05-01T16:18:59Z,01-May-2026,09:18:59,0.8627,1
Chestnut-backed Chickadee,Poecile rufescens,2026-05-01T16:17:42Z,01-May-2026,09:17:42,0.898,1
Chestnut-backed Chickadee,Poecile rufescens,2026-05-01T16:16:33Z,01-May-2026,09:16:33,0.8157,1
House Finch,Haemorhous mexicanus,2026-05-01T16:15:54Z,01-May-2026,09:15:54,0.8157,1
Bewick's Wren,Thryomanes bewickii,2026-05-01T16:15:10Z,01-May-2026,09:15:10,0.31,1
Chestnut-backed Chickadee,Poecile rufescens,2026-05-01T16:14:14Z,01-May-2026,09:14:14,0.48,1
Chestnut-backed Chickadee,Poecile rufescens,2026-05-01T16:13:50Z,01-May-2026,09:13:50,0.76,1
Chestnut-backed Chickadee,Poecile rufescens,2026-05-01T16:13:26Z,01-May-2026,09:13:26,0.8863,10
Chestnut-backed Chickadee,Poecile rufescens,2026-05-01T16:12:44Z,01-May-2026,09:12:44,0.61,1
Chestnut-backed Chickadee,Poecile rufescens,2026-05-01T16:12:19Z,01-May-2026,09:12:19,0.8471,1
Bewick's Wren,Thryomanes bewickii,2026-05-01T16:12:05Z,01-May-2026,09:12:05,0.56,1
Bewick's Wren,Thryomanes bewickii,2026-05-01T16:11:58Z,01-May-2026,09:11:58,0.31,1
Bewick's Wren,Thryomanes bewickii,2026-05-01T16:11:21Z,01-May-2026,09:11:21,0.52,1
Bewick's Wren,Thryomanes bewickii,2026-05-01T16:10:36Z,01-May-2026,09:10:36,0.28,1
Chestnut-backed Chickadee,Poecile rufescens,2026-05-01T16:10:12Z,01-May-2026,09:10:12,0.3,1
Bewick's Wren,Thryomanes bewickii,2026-05-01T16:10:02Z,01-May-2026,09:10:02,0.28,1
Black-capped Chickadee,Poecile atricapillus,2026-05-01T16:09:17Z,01-May-2026,09:09:17,0.28,1
Bewick's Wren,Thryomanes bewickii,2026-05-01T16:08:17Z,01-May-2026,09:08:17,0.44,1
Chestnut-backed Chickadee,Poecile rufescens,2026-05-01T16:06:33Z,01-May-2026,09:06:33,0.31,1
Chestnut-backed Chickadee,Poecile rufescens,2026-05-01T16:05:27Z,01-May-2026,09:05:27,0.51,1
House Finch,Haemorhous mexicanus,2026-05-01T16:04:55Z,01-May-2026,09:04:55,0.48,1
House Finch,Haemorhous mexicanus,2026-05-01T16:04:50Z,01-May-2026,09:04:50,0.9098,1
Bewick's Wren,Thryomanes bewickii,2026-05-01T16:02:25Z,01-May-2026,09:02:25,0.3,1
House Finch,Haemorhous mexicanus,2026-05-01T16:02:20Z,01-May-2026,09:02:20,0.8314,1
Bewick's Wren,Thryomanes bewickii,2026-05-01T16:00:08Z,01-May-2026,09:00:08,0.49,1
American Robin,Turdus migratorius,2026-05-01T16:00:01Z,01-May-2026,09:00:01,0.41,1
American Robin,Turdus migratorius,2026-05-01T15:59:35Z,01-May-2026,08:59:35,0.7804,1
Bewick's Wren,Thryomanes bewickii,2026-05-01T15:59:06Z,01-May-2026,08:59:06,0.36,1
Bewick's Wren,Thryomanes bewickii,2026-05-01T15:58:24Z,01-May-2026,08:58:24,0.26,1
Bewick's Wren,Thryomanes bewickii,2026-05-01T15:58:14Z,01-May-2026,08:58:14,0.35,1
Bewick's Wren,Thryomanes bewickii,2026-05-01T15:58:04Z,01-May-2026,08:58:04,0.33,1
Bewick's Wren,Thryomanes bewickii,2026-05-01T15:57:57Z,01-May-2026,08:57:57,0.4,1
Chestnut-backed Chickadee,Poecile rufescens,2026-05-01T15:55:27Z,01-May-2026,08:55:27,0.7804,1
House Finch,Haemorhous mexicanus,2026-05-01T15:54:10Z,01-May-2026,08:54:10,0.8863,4
House Finch,Haemorhous mexicanus,2026-05-01T15:52:23Z,01-May-2026,08:52:23,0.8314,3
Bewick's Wren,Thryomanes bewickii,2026-05-01T15:51:17Z,01-May-2026,08:51:17,0.35,1
Bewick's Wren,Thryomanes bewickii,2026-05-01T15:51:09Z,01-May-2026,08:51:09,0.68,1
Song Sparrow,Melospiza melodia,2026-05-01T15:50:55Z,01-May-2026,08:50:55,0.7804,1
Bewick's Wren,Thryomanes bewickii,2026-05-01T15:50:40Z,01-May-2026,08:50:40,0.38,1
Bewick's Wren,Thryomanes bewickii,2026-05-01T15:49:51Z,01-May-2026,08:49:51,0.45,1
Bewick's Wren,Thryomanes bewickii,2026-05-01T15:49:44Z,01-May-2026,08:49:44,0.29,1
House Finch,Haemorhous mexicanus,2026-05-01T15:49:17Z,01-May-2026,08:49:17,0.7804,2
Bewick's Wren,Thryomanes bewickii,2026-05-01T15:49:14Z,01-May-2026,08:49:14,0.37,1
House Finch,Haemorhous mexicanus,2026-05-01T15:47:46Z,01-May-2026,08:47:46,0.8,4
House Finch,Haemorhous mexicanus,2026-05-01T15:47:41Z,01-May-2026,08:47:41,0.79,1
House Finch,Haemorhous mexicanus,2026-05-01T15:47:27Z,01-May-2026,08:47:27,0.77,1
House Finch,Haemorhous mexicanus,2026-05-01T15:47:02Z,01-May-2026,08:47:02,0.63,1
House Finch,Haemorhous mexicanus,2026-05-01T15:46:37Z,01-May-2026,08:46:37,0.8314,5
House Finch,Haemorhous mexicanus,2026-05-01T15:45:48Z,01-May-2026,08:45:48,0.3,1
House Finch,Haemorhous mexicanus,2026-05-01T15:45:33Z,01-May-2026,08:45:33,0.9098,6
House Finch,Haemorhous mexicanus,2026-05-01T15:44:23Z,01-May-2026,08:44:23,0.898,4
Bewick's Wren,Thryomanes bewickii,2026-05-01T15:44:00Z,01-May-2026,08:44:00,0.29,1
Chestnut-backed Chickadee,Poecile rufescens,2026-05-01T15:43:13Z,01-May-2026,08:43:13,0.9255,1
House Finch,Haemorhous mexicanus,2026-05-01T15:43:04Z,01-May-2026,08:43:04,0.9176,1
Bewick's Wren,Thryomanes bewickii,2026-05-01T15:42:11Z,01-May-2026,08:42:11,0.3,1
Bewick's Wren,Thryomanes bewickii,2026-05-01T15:40:52Z,01-May-2026,08:40:52,0.33,1
Bewick's Wren,Thryomanes bewickii,2026-05-01T15:40:23Z,01-May-2026,08:40:23,0.26,1
Bewick's Wren,Thryomanes bewickii,2026-05-01T15:39:59Z,01-May-2026,08:39:59,0.39,1
Bewick's Wren,Thryomanes bewickii,2026-05-01T15:39:29Z,01-May-2026,08:39:29,0.42,1
Bewick's Wren,Thryomanes bewickii,2026-05-01T15:39:09Z,01-May-2026,08:39:09,0.33,1
Bewick's Wren,Thryomanes bewickii,2026-05-01T15:35:17Z,01-May-2026,08:35:17,0.46,1
Bewick's Wren,Thryomanes bewickii,2026-05-01T15:35:03Z,01-May-2026,08:35:03,0.6,1
Bewick's Wren,Thryomanes bewickii,2026-05-01T15:34:27Z,01-May-2026,08:34:27,0.29,1
Bewick's Wren,Thryomanes bewickii,2026-05-01T15:34:21Z,01-May-2026,08:34:21,0.51,1
Bewick's Wren,Thryomanes bewickii,2026-05-01T15:33:57Z,01-May-2026,08:33:57,0.27,1
Bewick's Wren,Thryomanes bewickii,2026-05-01T15:33:47Z,01-May-2026,08:33:47,0.43,1
Bewick's Wren,Thryomanes bewickii,2026-05-01T15:33:37Z,01-May-2026,08:33:37,0.7,1
Bewick's Wren,Thryomanes bewickii,2026-05-01T15:32:41Z,01-May-2026,08:32:41,0.35,1
Bewick's Wren,Thryomanes bewickii,2026-05-01T15:32:09Z,01-May-2026,08:32:09,0.3,1
Bewick's Wren,Thryomanes bewickii,2026-05-01T15:32:02Z,01-May-2026,08:32:02,0.62,1
Bewick's Wren,Thryomanes bewickii,2026-05-01T15:30:30Z,01-May-2026,08:30:30,0.26,1
Barn Owl,Tyto alba,2026-05-01T15:30:05Z,01-May-2026,08:30:05,0.96,1
Barn Owl,Tyto alba,2026-05-01T15:29:47Z,01-May-2026,08:29:47,0.43,1
Barn Owl,Tyto alba,2026-05-01T15:28:10Z,01-May-2026,08:28:10,0.65,1
Barn Owl,Tyto alba,2026-05-01T15:28:03Z,01-May-2026,08:28:03,0.35,1
Barn Owl,Tyto alba,2026-05-01T15:27:56Z,01-May-2026,08:27:56,0.44,1
Bewick's Wren,Thryomanes bewickii,2026-05-01T15:26:29Z,01-May-2026,08:26:29,0.54,1
Bewick's Wren,Thryomanes bewickii,2026-05-01T15:25:03Z,01-May-2026,08:25:03,0.36,1
Bewick's Wren,Thryomanes bewickii,2026-05-01T15:24:56Z,01-May-2026,08:24:56,0.26,1
Bewick's Wren,Thryomanes bewickii,2026-05-01T15:24:48Z,01-May-2026,08:24:48,0.42,1
Bewick's Wren,Thryomanes bewickii,2026-05-01T15:24:41Z,01-May-2026,08:24:41,0.31,1
Bewick's Wren,Thryomanes bewickii,2026-05-01T15:24:34Z,01-May-2026,08:24:34,0.3,1
Bewick's Wren,Thryomanes bewickii,2026-05-01T15:24:26Z,01-May-2026,08:24:26,0.8,1
Bewick's Wren,Thryomanes bewickii,2026-05-01T15:24:13Z,01-May-2026,08:24:13,0.78,1
Bewick's Wren,Thryomanes bewickii,2026-05-01T15:23:59Z,01-May-2026,08:23:59,0.38,1
Bewick's Wren,Thryomanes bewickii,2026-05-01T15:23:51Z,01-May-2026,08:23:51,0.73,1
Bewick's Wren,Thryomanes bewickii,2026-05-01T15:23:44Z,01-May-2026,08:23:44,0.93,1
Bewick's Wren,Thryomanes bewickii,2026-05-01T15:23:37Z,01-May-2026,08:23:37,0.75,1
Steller's Jay,Cyanocitta stelleri,2026-05-01T15:23:30Z,01-May-2026,08:23:30,0.32,1
Bewick's Wren,Thryomanes bewickii,2026-05-01T15:23:23Z,01-May-2026,08:23:23,0.46,1
Bewick's Wren,Thryomanes bewickii,2026-05-01T15:23:16Z,01-May-2026,08:23:16,0.28,1
Bewick's Wren,Thryomanes bewickii,2026-05-01T15:23:10Z,01-May-2026,08:23:10,0.44,1
Bewick's Wren,Thryomanes bewickii,2026-05-01T15:23:03Z,01-May-2026,08:23:03,0.79,1
Bewick's Wren,Thryomanes bewickii,2026-05-01T15:22:56Z,01-May-2026,08:22:56,0.86,1
Bewick's Wren,Thryomanes bewickii,2026-05-01T15:22:48Z,01-May-2026,08:22:48,0.81,1
Bewick's Wren,Thryomanes bewickii,2026-05-01T15:22:38Z,01-May-2026,08:22:38,0.44,1
Bewick's Wren,Thryomanes bewickii,2026-05-01T15:22:30Z,01-May-2026,08:22:30,0.65,1
Bewick's Wren,Thryomanes bewickii,2026-05-01T15:22:23Z,01-May-2026,08:22:23,0.53,1
Bewick's Wren,Thryomanes bewickii,2026-05-01T15:22:17Z,01-May-2026,08:22:17,0.28,1
Bewick's Wren,Thryomanes bewickii,2026-05-01T15:22:10Z,01-May-2026,08:22:10,0.97,1
Bewick's Wren,Thryomanes bewickii,2026-05-01T15:22:02Z,01-May-2026,08:22:02,0.65,1
Bewick's Wren,Thryomanes bewickii,2026-05-01T15:21:53Z,01-May-2026,08:21:53,0.87,1
Bewick's Wren,Thryomanes bewickii,2026-05-01T15:21:45Z,01-May-2026,08:21:45,0.39,1
Bewick's Wren,Thryomanes bewickii,2026-05-01T15:21:38Z,01-May-2026,08:21:38,0.31,1
Bewick's Wren,Thryomanes bewickii,2026-05-01T15:21:31Z,01-May-2026,08:21:31,0.78,1
Bewick's Wren,Thryomanes bewickii,2026-05-01T15:21:24Z,01-May-2026,08:21:24,0.96,1
Bewick's Wren,Thryomanes bewickii,2026-05-01T15:21:18Z,01-May-2026,08:21:18,0.84,1
Bewick's Wren,Thryomanes bewickii,2026-05-01T15:21:11Z,01-May-2026,08:21:11,0.49,1
Bewick's Wren,Thryomanes bewickii,2026-05-01T15:21:00Z,01-May-2026,08:21:00,0.63,1
Bewick's Wren,Thryomanes bewickii,2026-05-01T15:20:53Z,01-May-2026,08:20:53,0.91,1
Bewick's Wren,Thryomanes bewickii,2026-05-01T15:20:43Z,01-May-2026,08:20:43,0.74,1
Bewick's Wren,Thryomanes bewickii,2026-05-01T15:20:36Z,01-May-2026,08:20:36,0.38,1
Bewick's Wren,Thryomanes bewickii,2026-05-01T15:20:29Z,01-May-2026,08:20:29,0.28,1
Bewick's Wren,Thryomanes bewickii,2026-05-01T15:20:15Z,01-May-2026,08:20:15,0.47,1
Bewick's Wren,Thryomanes bewickii,2026-05-01T15:19:44Z,01-May-2026,08:19:44,0.47,1
Bewick's Wren,Thryomanes bewickii,2026-05-01T15:19:36Z,01-May-2026,08:19:36,0.27,1
Bewick's Wren,Thryomanes bewickii,2026-05-01T15:19:22Z,01-May-2026,08:19:22,0.68,1
Bewick's Wren,Thryomanes bewickii,2026-05-01T15:19:15Z,01-May-2026,08:19:15,0.39,1
Bewick's Wren,Thryomanes bewickii,2026-05-01T15:19:08Z,01-May-2026,08:19:08,0.47,1
Bewick's Wren,Thryomanes bewickii,2026-05-01T15:18:55Z,01-May-2026,08:18:55,0.27,1
Bewick's Wren,Thryomanes bewickii,2026-05-01T15:18:48Z,01-May-2026,08:18:48,0.33,1
Bewick's Wren,Thryomanes bewickii,2026-05-01T15:18:41Z,01-May-2026,08:18:41,0.83,1
Bewick's Wren,Thryomanes bewickii,2026-05-01T15:18:33Z,01-May-2026,08:18:33,0.61,1
Bewick's Wren,Thryomanes bewickii,2026-05-01T15:18:19Z,01-May-2026,08:18:19,0.68,1
Bewick's Wren,Thryomanes bewickii,2026-05-01T15:18:02Z,01-May-2026,08:18:02,0.4,1
Bewick's Wren,Thryomanes bewickii,2026-05-01T15:17:48Z,01-May-2026,08:17:48,0.36,1
Bewick's Wren,Thryomanes bewickii,2026-05-01T15:17:12Z,01-May-2026,08:17:12,0.56,1
Bewick's Wren,Thryomanes bewickii,2026-05-01T15:17:05Z,01-May-2026,08:17:05,0.67,1
Bewick's Wren,Thryomanes bewickii,2026-05-01T15:16:51Z,01-May-2026,08:16:51,0.81,1
Chestnut-backed Chickadee,Poecile rufescens,2026-05-01T15:16:37Z,01-May-2026,08:16:37,0.8471,1
Bewick's Wren,Thryomanes bewickii,2026-05-01T15:16:17Z,01-May-2026,08:16:17,0.29,1
Bewick's Wren,Thryomanes bewickii,2026-05-01T15:16:09Z,01-May-2026,08:16:09,0.88,1
Bewick's Wren,Thryomanes bewickii,2026-05-01T15:15:36Z,01-May-2026,08:15:36,0.27,1
Chestnut-backed Chickadee,Poecile rufescens,2026-05-01T15:15:23Z,01-May-2026,08:15:23,0.35,1
Bewick's Wren,Thryomanes bewickii,2026-05-01T15:15:05Z,01-May-2026,08:15:05,0.67,1
Bewick's Wren,Thryomanes bewickii,2026-05-01T15:14:48Z,01-May-2026,08:14:48,0.42,1
Chestnut-backed Chickadee,Poecile rufescens,2026-05-01T15:14:33Z,01-May-2026,08:14:33,0.34,1
Chestnut-backed Chickadee,Poecile rufescens,2026-05-01T15:14:18Z,01-May-2026,08:14:18,0.77,1
Bewick's Wren,Thryomanes bewickii,2026-05-01T15:14:10Z,01-May-2026,08:14:10,0.56,1
Chestnut-backed Chickadee,Poecile rufescens,2026-05-01T15:13:46Z,01-May-2026,08:13:46,0.38,1
Chestnut-backed Chickadee,Poecile rufescens,2026-05-01T15:13:32Z,01-May-2026,08:13:32,0.34,1
Chestnut-backed Chickadee,Poecile rufescens,2026-05-01T15:13:19Z,01-May-2026,08:13:19,0.43,1
Bewick's Wren,Thryomanes bewickii,2026-05-01T15:13:11Z,01-May-2026,08:13:11,0.27,1
Chestnut-backed Chickadee,Poecile rufescens,2026-05-01T15:13:07Z,01-May-2026,08:13:07,0.8471,1
Chestnut-backed Chickadee,Poecile rufescens,2026-05-01T15:13:00Z,01-May-2026,08:13:00,0.35,1
Bewick's Wren,Thryomanes bewickii,2026-05-01T15:12:38Z,01-May-2026,08:12:38,0.26,1
Black-capped Chickadee,Poecile atricapillus,2026-05-01T15:12:30Z,01-May-2026,08:12:30,0.51,1
Bewick's Wren,Thryomanes bewickii,2026-05-01T15:12:15Z,01-May-2026,08:12:15,0.57,1
Bewick's Wren,Thryomanes bewickii,2026-05-01T15:11:18Z,01-May-2026,08:11:18,0.3,1
Bewick's Wren,Thryomanes bewickii,2026-05-01T15:10:57Z,01-May-2026,08:10:57,0.32,1
Black-capped Chickadee,Poecile atricapillus,2026-05-01T15:10:50Z,01-May-2026,08:10:50,0.31,1
Black-capped Chickadee,Poecile atricapillus,2026-05-01T15:10:43Z,01-May-2026,08:10:43,0.31,1
Bewick's Wren,Thryomanes bewickii,2026-05-01T15:10:22Z,01-May-2026,08:10:22,0.6,1
Bewick's Wren,Thryomanes bewickii,2026-05-01T15:10:14Z,01-May-2026,08:10:14,0.76,1
Bewick's Wren,Thryomanes bewickii,2026-05-01T15:09:08Z,01-May-2026,08:09:08,0.84,1
Bewick's Wren,Thryomanes bewickii,2026-05-01T15:08:58Z,01-May-2026,08:08:58,0.32,1
Bewick's Wren,Thryomanes bewickii,2026-05-01T15:08:43Z,01-May-2026,08:08:43,0.88,1
Bewick's Wren,Thryomanes bewickii,2026-05-01T15:08:36Z,01-May-2026,08:08:36,0.72,1
Bewick's Wren,Thryomanes bewickii,2026-05-01T15:08:30Z,01-May-2026,08:08:30,0.55,1
Bewick's Wren,Thryomanes bewickii,2026-05-01T15:08:23Z,01-May-2026,08:08:23,0.81,1
Bewick's Wren,Thryomanes bewickii,2026-05-01T15:08:16Z,01-May-2026,08:08:16,0.81,1
Bewick's Wren,Thryomanes bewickii,2026-05-01T15:08:10Z,01-May-2026,08:08:10,0.51,1
Black-capped Chickadee,Poecile atricapillus,2026-05-01T15:07:17Z,01-May-2026,08:07:17,0.56,1
Black-capped Chickadee,Poecile atricapillus,2026-05-01T15:06:56Z,01-May-2026,08:06:56,0.28,1
Black-capped Chickadee,Poecile atricapillus,2026-05-01T15:06:46Z,01-May-2026,08:06:46,0.8,5
Black-capped Chickadee,Poecile atricapillus,2026-05-01T15:06:25Z,01-May-2026,08:06:25,0.39,1
Black-capped Chickadee,Poecile atricapillus,2026-05-01T15:05:19Z,01-May-2026,08:05:19,0.31,1
Black-capped Chickadee,Poecile atricapillus,2026-05-01T15:05:02Z,01-May-2026,08:05:02,0.9412,1
White-throated Sparrow,Zonotrichia albicollis,2026-05-01T15:04:30Z,01-May-2026,08:04:30,0.3,1
House Finch,Haemorhous mexicanus,2026-05-01T15:04:11Z,01-May-2026,08:04:11,0.41,1
House Finch,Haemorhous mexicanus,2026-05-01T15:02:17Z,01-May-2026,08:02:17,0.9255,1
White-throated Sparrow,Zonotrichia albicollis,2026-05-01T15:01:44Z,01-May-2026,08:01:44,0.31,1
Bewick's Wren,Thryomanes bewickii,2026-05-01T15:01:14Z,01-May-2026,08:01:14,0.4,1
House Finch,Haemorhous mexicanus,2026-05-01T15:00:32Z,01-May-2026,08:00:32,0.8157,1
Bewick's Wren,Thryomanes bewickii,2026-05-01T15:00:25Z,01-May-2026,08:00:25,0.7,1
Black-capped Chickadee,Poecile atricapillus,2026-05-01T15:00:12Z,01-May-2026,08:00:12,0.8157,3
Black-capped Chickadee,Poecile atricapillus,2026-05-01T15:00:05Z,01-May-2026,08:00:05,0.27,1
Purple Finch,Haemorhous purpureus,2026-05-01T14:58:30Z,01-May-2026,07:58:30,0.27,1
American Robin,Turdus migratorius,2026-05-01T14:57:47Z,01-May-2026,07:57:47,0.26,1
American Robin,Turdus migratorius,2026-05-01T14:57:35Z,01-May-2026,07:57:35,0.7804,1
Black-capped Chickadee,Poecile atricapillus,2026-05-01T14:57:12Z,01-May-2026,07:57:12,0.28,1
House Finch,Haemorhous mexicanus,2026-05-01T14:57:08Z,01-May-2026,07:57:08,0.9255,1
Black-capped Chickadee,Poecile atricapillus,2026-05-01T14:57:03Z,01-May-2026,07:57:03,0.66,1
Black-capped Chickadee,Poecile atricapillus,2026-05-01T14:56:49Z,01-May-2026,07:56:49,0.5,1
Black-capped Chickadee,Poecile atricapillus,2026-05-01T14:56:38Z,01-May-2026,07:56:38,0.48,1
Black-capped Chickadee,Poecile atricapillus,2026-05-01T14:56:30Z,01-May-2026,07:56:30,0.32,1
Black-capped Chickadee,Poecile atricapillus,2026-05-01T14:56:03Z,01-May-2026,07:56:03,0.8157,1
White-throated Sparrow,Zonotrichia albicollis,2026-05-01T14:55:50Z,01-May-2026,07:55:50,0.27,1
Yellow-rumped Warbler,Setophaga coronata,2026-05-01T14:55:07Z,01-May-2026,07:55:07,0.38,1
Chestnut-backed Chickadee,Poecile rufescens,2026-05-01T14:55:00Z,01-May-2026,07:55:00,0.63,1
Chestnut-backed Chickadee,Poecile rufescens,2026-05-01T14:54:49Z,01-May-2026,07:54:49,0.9412,1
Chestnut-backed Chickadee,Poecile rufescens,2026-05-01T14:54:45Z,01-May-2026,07:54:45,0.37,1
American Robin,Turdus migratorius,2026-05-01T14:53:22Z,01-May-2026,07:53:22,0.61,1
American Robin,Turdus migratorius,2026-05-01T14:52:51Z,01-May-2026,07:52:51,0.8157,1
American Robin,Turdus migratorius,2026-05-01T14:52:43Z,01-May-2026,07:52:43,0.66,1
American Robin,Turdus migratorius,2026-05-01T14:52:37Z,01-May-2026,07:52:37,0.3,1
American Robin,Turdus migratorius,2026-05-01T14:52:30Z,01-May-2026,07:52:30,0.35,1
House Finch,Haemorhous mexicanus,2026-05-01T14:51:39Z,01-May-2026,07:51:39,0.69,1
Chestnut-backed Chickadee,Poecile rufescens,2026-05-01T14:51:33Z,01-May-2026,07:51:33,0.37,1
Chestnut-backed Chickadee,Poecile rufescens,2026-05-01T14:50:52Z,01-May-2026,07:50:52,0.47,1
Chestnut-backed Chickadee,Poecile rufescens,2026-05-01T14:50:39Z,01-May-2026,07:50:39,0.26,1
Chestnut-backed Chickadee,Poecile rufescens,2026-05-01T14:50:31Z,01-May-2026,07:50:31,0.34,1
Chestnut-backed Chickadee,Poecile rufescens,2026-05-01T14:50:27Z,01-May-2026,07:50:27,0.949,8
Chestnut-backed Chickadee,Poecile rufescens,2026-05-01T14:50:16Z,01-May-2026,07:50:16,0.32,1
Chestnut-backed Chickadee,Poecile rufescens,2026-05-01T14:49:54Z,01-May-2026,07:49:54,0.74,1
Chestnut-backed Chickadee,Poecile rufescens,2026-05-01T14:49:13Z,01-May-2026,07:49:13,0.9569,10
Chestnut-backed Chickadee,Poecile rufescens,2026-05-01T14:49:02Z,01-May-2026,07:49:02,0.34,1
Chestnut-backed Chickadee,Poecile rufescens,2026-05-01T14:48:10Z,01-May-2026,07:48:10,0.9882,1
Bewick's Wren,Thryomanes bewickii,2026-05-01T14:48:02Z,01-May-2026,07:48:02,0.34,1
Bewick's Wren,Thryomanes bewickii,2026-05-01T14:47:21Z,01-May-2026,07:47:21,0.26,1
Bewick's Wren,Thryomanes bewickii,2026-05-01T14:47:11Z,01-May-2026,07:47:11,0.47,1
Bewick's Wren,Thryomanes bewickii,2026-05-01T14:46:59Z,01-May-2026,07:46:59,0.34,1
Bewick's Wren,Thryomanes bewickii,2026-05-01T14:46:52Z,01-May-2026,07:46:52,0.72,1
Chestnut-backed Chickadee,Poecile rufescens,2026-05-01T14:46:48Z,01-May-2026,07:46:48,0.898,1
Bewick's Wren,Thryomanes bewickii,2026-05-01T14:46:41Z,01-May-2026,07:46:41,0.32,1
Bewick's Wren,Thryomanes bewickii,2026-05-01T14:46:05Z,01-May-2026,07:46:05,0.3,1
Bewick's Wren,Thryomanes bewickii,2026-05-01T14:45:58Z,01-May-2026,07:45:58,0.42,1
Bewick's Wren,Thryomanes bewickii,2026-05-01T14:44:38Z,01-May-2026,07:44:38,0.46,1
American Crow,Corvus brachyrhynchos,2026-05-01T14:43:44Z,01-May-2026,07:43:44,0.8627,1
Bewick's Wren,Thryomanes bewickii,2026-05-01T14:43:25Z,01-May-2026,07:43:25,0.47,1
Bewick's Wren,Thryomanes bewickii,2026-05-01T14:43:18Z,01-May-2026,07:43:18,0.68,1
Bewick's Wren,Thryomanes bewickii,2026-05-01T14:42:57Z,01-May-2026,07:42:57,0.63,1
Bewick's Wren,Thryomanes bewickii,2026-05-01T14:42:35Z,01-May-2026,07:42:35,0.8,1
Bewick's Wren,Thryomanes bewickii,2026-05-01T14:42:15Z,01-May-2026,07:42:15,0.84,1
Bewick's Wren,Thryomanes bewickii,2026-05-01T14:42:02Z,01-May-2026,07:42:02,0.63,1
Bewick's Wren,Thryomanes bewickii,2026-05-01T14:41:52Z,01-May-2026,07:41:52,0.62,1
Bewick's Wren,Thryomanes bewickii,2026-05-01T14:41:41Z,01-May-2026,07:41:41,0.33,1
Bewick's Wren,Thryomanes bewickii,2026-05-01T14:41:34Z,01-May-2026,07:41:34,0.58,1
Bewick's Wren,Thryomanes bewickii,2026-05-01T14:41:13Z,01-May-2026,07:41:13,0.59,1
Bewick's Wren,Thryomanes bewickii,2026-05-01T14:41:07Z,01-May-2026,07:41:07,0.81,1
Bewick's Wren,Thryomanes bewickii,2026-05-01T14:40:59Z,01-May-2026,07:40:59,0.69,1
Bewick's Wren,Thryomanes bewickii,2026-05-01T14:40:49Z,01-May-2026,07:40:49,0.66,1
Bewick's Wren,Thryomanes bewickii,2026-05-01T14:40:42Z,01-May-2026,07:40:42,0.43,1
Bewick's Wren,Thryomanes bewickii,2026-05-01T14:37:43Z,01-May-2026,07:37:43,0.71,1
Bewick's Wren,Thryomanes bewickii,2026-05-01T14:37:36Z,01-May-2026,07:37:36,0.27,1
Bewick's Wren,Thryomanes bewickii,2026-05-01T14:37:20Z,01-May-2026,07:37:20,0.76,1
Bewick's Wren,Thryomanes bewickii,2026-05-01T14:36:44Z,01-May-2026,07:36:44,0.4,1
Bewick's Wren,Thryomanes bewickii,2026-05-01T14:36:17Z,01-May-2026,07:36:17,0.5,1
Bewick's Wren,Thryomanes bewickii,2026-05-01T14:35:26Z,01-May-2026,07:35:26,0.26,1
Bewick's Wren,Thryomanes bewickii,2026-05-01T14:35:18Z,01-May-2026,07:35:18,0.51,1
Bewick's Wren,Thryomanes bewickii,2026-05-01T14:35:08Z,01-May-2026,07:35:08,0.38,1
Black-capped Chickadee,Poecile atricapillus,2026-05-01T14:34:22Z,01-May-2026,07:34:22,0.46,1
Black-capped Chickadee,Poecile atricapillus,2026-05-01T14:34:14Z,01-May-2026,07:34:14,0.8745,1
Black-capped Chickadee,Poecile atricapillus,2026-05-01T14:34:10Z,01-May-2026,07:34:10,0.41,1
Bewick's Wren,Thryomanes bewickii,2026-05-01T14:33:43Z,01-May-2026,07:33:43,0.53,1
Bewick's Wren,Thryomanes bewickii,2026-05-01T14:33:37Z,01-May-2026,07:33:37,0.57,1
Bewick's Wren,Thryomanes bewickii,2026-05-01T14:33:20Z,01-May-2026,07:33:20,0.27,1
Bewick's Wren,Thryomanes bewickii,2026-05-01T14:33:06Z,01-May-2026,07:33:06,0.46,1
Bewick's Wren,Thryomanes bewickii,2026-05-01T14:32:20Z,01-May-2026,07:32:20,0.36,1
Black-capped Chickadee,Poecile atricapillus,2026-05-01T14:30:44Z,01-May-2026,07:30:44,0.7804,1
Bewick's Wren,Thryomanes bewickii,2026-05-01T14:30:12Z,01-May-2026,07:30:12,0.86,1
Bewick's Wren,Thryomanes bewickii,2026-05-01T14:29:36Z,01-May-2026,07:29:36,0.59,1
Bewick's Wren,Thryomanes bewickii,2026-05-01T14:29:26Z,01-May-2026,07:29:26,0.45,1
Bewick's Wren,Thryomanes bewickii,2026-05-01T14:29:13Z,01-May-2026,07:29:13,0.35,1
Chestnut-backed Chickadee,Poecile rufescens,2026-05-01T14:28:34Z,01-May-2026,07:28:34,0.7804,4
Chestnut-backed Chickadee,Poecile rufescens,2026-05-01T14:26:45Z,01-May-2026,07:26:45,0.27,1
Chestnut-backed Chickadee,Poecile rufescens,2026-05-01T14:26:16Z,01-May-2026,07:26:16,0.28,1
Bewick's Wren,Thryomanes bewickii,2026-05-01T14:25:39Z,01-May-2026,07:25:39,0.33,1
Chestnut-backed Chickadee,Poecile rufescens,2026-05-01T14:25:20Z,01-May-2026,07:25:20,0.9333,2
Bewick's Wren,Thryomanes bewickii,2026-05-01T14:25:10Z,01-May-2026,07:25:10,0.42,1
Anna's Hummingbird,Calypte anna,2026-05-01T14:25:05Z,01-May-2026,07:25:05,0.9843,1
Bewick's Wren,Thryomanes bewickii,2026-05-01T14:25:00Z,01-May-2026,07:25:00,0.36,1
Chestnut-backed Chickadee,Poecile rufescens,2026-05-01T14:24:20Z,01-May-2026,07:24:20,0.29,1
Chestnut-backed Chickadee,Poecile rufescens,2026-05-01T14:24:10Z,01-May-2026,07:24:10,0.52,1
Black-capped Chickadee,Poecile atricapillus,2026-05-01T14:23:55Z,01-May-2026,07:23:55,0.47,1
Chestnut-backed Chickadee,Poecile rufescens,2026-05-01T14:23:51Z,01-May-2026,07:23:51,0.7804,1
Bewick's Wren,Thryomanes bewickii,2026-05-01T14:23:36Z,01-May-2026,07:23:36,0.54,1
Bewick's Wren,Thryomanes bewickii,2026-05-01T14:21:25Z,01-May-2026,07:21:25,0.28,1
Bewick's Wren,Thryomanes bewickii,2026-05-01T14:21:03Z,01-May-2026,07:21:03,0.49,1
Bewick's Wren,Thryomanes bewickii,2026-05-01T14:20:56Z,01-May-2026,07:20:56,0.44,1
Bewick's Wren,Thryomanes bewickii,2026-05-01T14:20:49Z,01-May-2026,07:20:49,0.28,1
Bewick's Wren,Thryomanes bewickii,2026-05-01T14:20:20Z,01-May-2026,07:20:20,0.8,1
Bewick's Wren,Thryomanes bewickii,2026-05-01T14:20:04Z,01-May-2026,07:20:04,0.31,1
Bewick's Wren,Thryomanes bewickii,2026-05-01T14:19:42Z,01-May-2026,07:19:42,0.36,1
Bewick's Wren,Thryomanes bewickii,2026-05-01T14:19:35Z,01-May-2026,07:19:35,0.26,1
Bewick's Wren,Thryomanes bewickii,2026-05-01T14:19:02Z,01-May-2026,07:19:02,0.41,1
Brown Creeper,Certhia americana,2026-05-01T14:18:21Z,01-May-2026,07:18:21,0.65,1
Bewick's Wren,Thryomanes bewickii,2026-05-01T14:17:41Z,01-May-2026,07:17:41,0.26,1
Bewick's Wren,Thryomanes bewickii,2026-05-01T14:16:30Z,01-May-2026,07:16:30,0.38,1
Bewick's Wren,Thryomanes bewickii,2026-05-01T14:16:05Z,01-May-2026,07:16:05,0.32,1
Brown Creeper,Certhia americana,2026-05-01T14:12:56Z,01-May-2026,07:12:56,0.26,1
Bewick's Wren,Thryomanes bewickii,2026-05-01T14:12:35Z,01-May-2026,07:12:35,0.34,1
Chestnut-backed Chickadee,Poecile rufescens,2026-05-01T14:11:38Z,01-May-2026,07:11:38,0.9529,3
Bewick's Wren,Thryomanes bewickii,2026-05-01T14:10:55Z,01-May-2026,07:10:55,0.7,1
Chestnut-backed Chickadee,Poecile rufescens,2026-05-01T14:10:35Z,01-May-2026,07:10:35,0.9098,5
Chestnut-backed Chickadee,Poecile rufescens,2026-05-01T14:08:42Z,01-May-2026,07:08:42,0.9333,1
House Finch,Haemorhous mexicanus,2026-05-01T14:08:33Z,01-May-2026,07:08:33,0.7804,7
Evening Grosbeak,Coccothraustes vespertinus,2026-05-01T14:08:06Z,01-May-2026,07:08:06,0.91,1
House Finch,Haemorhous mexicanus,2026-05-01T14:07:29Z,01-May-2026,07:07:29,0.7804,6
Townsend's Warbler,Setophaga townsendi,2026-05-01T14:07:08Z,01-May-2026,07:07:08,0.4,1
House Finch,Haemorhous mexicanus,2026-05-01T14:06:59Z,01-May-2026,07:06:59,0.7,1
Bewick's Wren,Thryomanes bewickii,2026-05-01T14:06:45Z,01-May-2026,07:06:45,0.26,1
House Finch,Haemorhous mexicanus,2026-05-01T14:06:24Z,01-May-2026,07:06:24,0.8314,2
Bewick's Wren,Thryomanes bewickii,2026-05-01T14:05:40Z,01-May-2026,07:05:40,0.37,1
House Finch,Haemorhous mexicanus,2026-05-01T14:05:18Z,01-May-2026,07:05:18,0.9098,5
House Finch,Haemorhous mexicanus,2026-05-01T14:05:07Z,01-May-2026,07:05:07,0.7,1
House Finch,Haemorhous mexicanus,2026-05-01T14:04:27Z,01-May-2026,07:04:27,0.8,1
House Finch,Haemorhous mexicanus,2026-05-01T14:04:10Z,01-May-2026,07:04:10,0.45,1
House Finch,Haemorhous mexicanus,2026-05-01T14:04:06Z,01-May-2026,07:04:06,0.7804,1
Townsend's Warbler,Setophaga townsendi,2026-05-01T14:04:02Z,01-May-2026,07:04:02,0.26,1
Bewick's Wren,Thryomanes bewickii,2026-05-01T14:03:44Z,01-May-2026,07:03:44,0.28,1
Bewick's Wren,Thryomanes bewickii,2026-05-01T14:03:36Z,01-May-2026,07:03:36,0.4,1
Black-capped Chickadee,Poecile atricapillus,2026-05-01T14:02:29Z,01-May-2026,07:02:29,0.7804,1
Townsend's Warbler,Setophaga townsendi,2026-05-01T14:01:33Z,01-May-2026,07:01:33,0.39,1
Townsend's Warbler,Setophaga townsendi,2026-05-01T14:01:26Z,01-May-2026,07:01:26,0.29,1
Townsend's Warbler,Setophaga townsendi,2026-05-01T14:00:38Z,01-May-2026,07:00:38,0.37,1
Bewick's Wren,Thryomanes bewickii,2026-05-01T14:00:15Z,01-May-2026,07:00:15,0.34,1
Bewick's Wren,Thryomanes bewickii,2026-05-01T13:59:48Z,01-May-2026,06:59:48,0.32,1
Townsend's Warbler,Setophaga townsendi,2026-05-01T13:58:48Z,01-May-2026,06:58:48,0.28,1
Northern Flicker,Colaptes auratus,2026-05-01T13:58:39Z,01-May-2026,06:58:39,0.74,1
Townsend's Warbler,Setophaga townsendi,2026-05-01T13:58:15Z,01-May-2026,06:58:15,0.54,1
MacGillivray's Warbler,Geothlypis tolmiei,2026-05-01T13:57:53Z,01-May-2026,06:57:53,0.26,1
Warbling Vireo,Vireo gilvus,2026-05-01T13:57:23Z,01-May-2026,06:57:23,0.28,1
Bewick's Wren,Thryomanes bewickii,2026-05-01T13:56:32Z,01-May-2026,06:56:32,0.26,1
Townsend's Warbler,Setophaga townsendi,2026-05-01T13:56:22Z,01-May-2026,06:56:22,0.36,1
Townsend's Warbler,Setophaga townsendi,2026-05-01T13:56:05Z,01-May-2026,06:56:05,0.3,1
Townsend's Warbler,Setophaga townsendi,2026-05-01T13:55:36Z,01-May-2026,06:55:36,0.28,1
Townsend's Warbler,Setophaga townsendi,2026-05-01T13:55:29Z,01-May-2026,06:55:29,0.5,1
Townsend's Warbler,Setophaga townsendi,2026-05-01T13:54:34Z,01-May-2026,06:54:34,0.38,1
Townsend's Warbler,Setophaga townsendi,2026-05-01T13:53:49Z,01-May-2026,06:53:49,0.48,1
Townsend's Warbler,Setophaga townsendi,2026-05-01T13:53:41Z,01-May-2026,06:53:41,0.47,1
Townsend's Warbler,Setophaga townsendi,2026-05-01T13:53:31Z,01-May-2026,06:53:31,0.46,1
Townsend's Warbler,Setophaga townsendi,2026-05-01T13:53:17Z,01-May-2026,06:53:17,0.36,1
Townsend's Warbler,Setophaga townsendi,2026-05-01T13:53:07Z,01-May-2026,06:53:07,0.45,1
Townsend's Warbler,Setophaga townsendi,2026-05-01T13:52:59Z,01-May-2026,06:52:59,0.43,1
Townsend's Warbler,Setophaga townsendi,2026-05-01T13:52:13Z,01-May-2026,06:52:13,0.39,1
Bewick's Wren,Thryomanes bewickii,2026-05-01T13:51:35Z,01-May-2026,06:51:35,0.4,1
Mountain Chickadee,Poecile gambeli,2026-05-01T13:50:59Z,01-May-2026,06:50:59,0.52,1
Townsend's Warbler,Setophaga townsendi,2026-05-01T13:50:39Z,01-May-2026,06:50:39,0.3,1
American Robin,Turdus migratorius,2026-05-01T13:49:39Z,01-May-2026,06:49:39,0.26,1
Townsend's Warbler,Setophaga townsendi,2026-05-01T13:48:50Z,01-May-2026,06:48:50,0.31,1
Bewick's Wren,Thryomanes bewickii,2026-05-01T13:44:15Z,01-May-2026,06:44:15,0.31,1
Bewick's Wren,Thryomanes bewickii,2026-05-01T13:42:45Z,01-May-2026,06:42:45,0.65,1
Mountain Chickadee,Poecile gambeli,2026-05-01T13:42:35Z,01-May-2026,06:42:35,0.42,1
Bewick's Wren,Thryomanes bewickii,2026-05-01T13:42:22Z,01-May-2026,06:42:22,0.35,1
Bewick's Wren,Thryomanes bewickii,2026-05-01T13:42:08Z,01-May-2026,06:42:08,0.55,1
Bewick's Wren,Thryomanes bewickii,2026-05-01T13:41:51Z,01-May-2026,06:41:51,0.55,1
Bewick's Wren,Thryomanes bewickii,2026-05-01T13:41:24Z,01-May-2026,06:41:24,0.53,1
Bewick's Wren,Thryomanes bewickii,2026-05-01T13:41:08Z,01-May-2026,06:41:08,0.3,1
Bewick's Wren,Thryomanes bewickii,2026-05-01T13:40:52Z,01-May-2026,06:40:52,0.4,1
Bewick's Wren,Thryomanes bewickii,2026-05-01T13:40:45Z,01-May-2026,06:40:45,0.32,1
Bewick's Wren,Thryomanes bewickii,2026-05-01T13:40:39Z,01-May-2026,06:40:39,0.49,1
Bewick's Wren,Thryomanes bewickii,2026-05-01T13:40:21Z,01-May-2026,06:40:21,0.3,1
Bewick's Wren,Thryomanes bewickii,2026-05-01T13:40:01Z,01-May-2026,06:40:01,0.33,1
Bewick's Wren,Thryomanes bewickii,2026-05-01T13:39:53Z,01-May-2026,06:39:53,0.32,1
Bewick's Wren,Thryomanes bewickii,2026-05-01T13:39:43Z,01-May-2026,06:39:43,0.33,1
Bewick's Wren,Thryomanes bewickii,2026-05-01T13:39:11Z,01-May-2026,06:39:11,0.39,1
Bewick's Wren,Thryomanes bewickii,2026-05-01T13:39:01Z,01-May-2026,06:39:01,0.57,1
Bewick's Wren,Thryomanes bewickii,2026-05-01T13:38:54Z,01-May-2026,06:38:54,0.29,1
Bewick's Wren,Thryomanes bewickii,2026-05-01T13:38:47Z,01-May-2026,06:38:47,0.59,1
Bewick's Wren,Thryomanes bewickii,2026-05-01T13:38:32Z,01-May-2026,06:38:32,0.35,1
Bewick's Wren,Thryomanes bewickii,2026-05-01T13:38:22Z,01-May-2026,06:38:22,0.81,1
Bewick's Wren,Thryomanes bewickii,2026-05-01T13:38:15Z,01-May-2026,06:38:15,0.48,1
Bewick's Wren,Thryomanes bewickii,2026-05-01T13:34:32Z,01-May-2026,06:34:32,0.33,1
Bewick's Wren,Thryomanes bewickii,2026-05-01T13:32:58Z,01-May-2026,06:32:58,0.57,1
Bewick's Wren,Thryomanes bewickii,2026-05-01T13:32:07Z,01-May-2026,06:32:07,0.39,1
Bewick's Wren,Thryomanes bewickii,2026-05-01T13:30:57Z,01-May-2026,06:30:57,0.42,1
Bewick's Wren,Thryomanes bewickii,2026-05-01T13:30:14Z,01-May-2026,06:30:14,0.35,1
Bewick's Wren,Thryomanes bewickii,2026-05-01T13:29:36Z,01-May-2026,06:29:36,0.26,1
Bewick's Wren,Thryomanes bewickii,2026-05-01T13:29:29Z,01-May-2026,06:29:29,0.39,1
Bewick's Wren,Thryomanes bewickii,2026-05-01T13:29:16Z,01-May-2026,06:29:16,0.7,1
Bewick's Wren,Thryomanes bewickii,2026-05-01T13:29:08Z,01-May-2026,06:29:08,0.5,1
Bewick's Wren,Thryomanes bewickii,2026-05-01T13:29:00Z,01-May-2026,06:29:00,0.53,1
Bewick's Wren,Thryomanes bewickii,2026-05-01T13:28:14Z,01-May-2026,06:28:14,0.39,1
Bewick's Wren,Thryomanes bewickii,2026-05-01T13:28:04Z,01-May-2026,06:28:04,0.62,1
Bewick's Wren,Thryomanes bewickii,2026-05-01T13:27:54Z,01-May-2026,06:27:54,0.36,1
Bewick's Wren,Thryomanes bewickii,2026-05-01T13:27:37Z,01-May-2026,06:27:37,0.31,1
Black-capped Chickadee,Poecile atricapillus,2026-05-01T13:26:25Z,01-May-2026,06:26:25,0.31,1
Black-capped Chickadee,Poecile atricapillus,2026-05-01T13:26:21Z,01-May-2026,06:26:21,0.8627,1
Bewick's Wren,Thryomanes bewickii,2026-05-01T13:25:53Z,01-May-2026,06:25:53,0.42,1
Black-capped Chickadee,Poecile atricapillus,2026-05-01T13:21:41Z,01-May-2026,06:21:41,0.8,1
White-throated Sparrow,Zonotrichia albicollis,2026-05-01T13:21:09Z,01-May-2026,06:21:09,0.39,1
Black-capped Chickadee,Poecile atricapillus,2026-05-01T13:19:59Z,01-May-2026,06:19:59,0.26,1
White-throated Sparrow,Zonotrichia albicollis,2026-05-01T13:19:41Z,01-May-2026,06:19:41,0.56,1
Black-capped Chickadee,Poecile atricapillus,2026-05-01T13:19:10Z,01-May-2026,06:19:10,0.3,1
Black-capped Chickadee,Poecile atricapillus,2026-05-01T13:18:42Z,01-May-2026,06:18:42,0.898,1
White-throated Sparrow,Zonotrichia albicollis,2026-05-01T13:17:48Z,01-May-2026,06:17:48,0.31,1
Black-capped Chickadee,Poecile atricapillus,2026-05-01T13:16:21Z,01-May-2026,06:16:21,0.42,1
Black-capped Chickadee,Poecile atricapillus,2026-05-01T13:15:07Z,01-May-2026,06:15:07,0.8627,1
Black-capped Chickadee,Poecile atricapillus,2026-05-01T13:15:03Z,01-May-2026,06:15:03,0.28,1
Black-capped Chickadee,Poecile atricapillus,2026-05-01T13:14:56Z,01-May-2026,06:14:56,0.3,1
Chestnut-backed Chickadee,Poecile rufescens,2026-05-01T13:14:13Z,01-May-2026,06:14:13,0.9098,1
White-throated Sparrow,Zonotrichia albicollis,2026-05-01T13:13:31Z,01-May-2026,06:13:31,0.36,1
Black-capped Chickadee,Poecile atricapillus,2026-05-01T13:13:23Z,01-May-2026,06:13:23,0.52,1
Black-capped Chickadee,Poecile atricapillus,2026-05-01T13:12:52Z,01-May-2026,06:12:52,0.35,1
White-throated Sparrow,Zonotrichia albicollis,2026-05-01T13:12:45Z,01-May-2026,06:12:45,0.29,1
White-throated Sparrow,Zonotrichia albicollis,2026-05-01T13:12:30Z,01-May-2026,06:12:30,0.53,1
White-throated Sparrow,Zonotrichia albicollis,2026-05-01T13:11:36Z,01-May-2026,06:11:36,0.27,1
Black-capped Chickadee,Poecile atricapillus,2026-05-01T13:09:33Z,01-May-2026,06:09:33,0.33,1
Black-capped Chickadee,Poecile atricapillus,2026-05-01T13:09:08Z,01-May-2026,06:09:08,0.37,1
Black-capped Chickadee,Poecile atricapillus,2026-05-01T13:09:04Z,01-May-2026,06:09:04,0.8745,7
Mountain Chickadee,Poecile gambeli,2026-05-01T13:08:34Z,01-May-2026,06:08:34,0.32,1
Black-capped Chickadee,Poecile atricapillus,2026-05-01T13:08:11Z,01-May-2026,06:08:11,0.33,1
Black-capped Chickadee,Poecile atricapillus,2026-05-01T13:08:04Z,01-May-2026,06:08:04,0.36,1
Black-capped Chickadee,Poecile atricapillus,2026-05-01T13:08:00Z,01-May-2026,06:08:00,0.8,6
White-throated Sparrow,Zonotrichia albicollis,2026-05-01T13:05:52Z,01-May-2026,06:05:52,0.29,1
Black-capped Chickadee,Poecile atricapillus,2026-05-01T13:05:45Z,01-May-2026,06:05:45,0.55,1
Black-capped Chickadee,Poecile atricapillus,2026-05-01T13:05:38Z,01-May-2026,06:05:38,0.42,1
Black-capped Chickadee,Poecile atricapillus,2026-05-01T13:05:11Z,01-May-2026,06:05:11,0.38,1
Black-capped Chickadee,Poecile atricapillus,2026-05-01T13:05:00Z,01-May-2026,06:05:00,0.7804,1
White-throated Sparrow,Zonotrichia albicollis,2026-05-01T13:02:35Z,01-May-2026,06:02:35,0.27,1
Black-capped Chickadee,Poecile atricapillus,2026-05-01T12:59:00Z,01-May-2026,05:59:00,0.8157,3
Chestnut-backed Chickadee,Poecile rufescens,2026-05-01T12:56:45Z,01-May-2026,05:56:45,0.949,4
Black-capped Chickadee,Poecile atricapillus,2026-05-01T12:56:20Z,01-May-2026,05:56:20,0.27,1
Black-capped Chickadee,Poecile atricapillus,2026-05-01T12:56:06Z,01-May-2026,05:56:06,0.8314,1
Chestnut-backed Chickadee,Poecile rufescens,2026-05-01T12:55:33Z,01-May-2026,05:55:33,0.7804,1
White-throated Sparrow,Zonotrichia albicollis,2026-05-01T12:54:52Z,01-May-2026,05:54:52,0.34,1
Black-capped Chickadee,Poecile atricapillus,2026-05-01T12:48:58Z,01-May-2026,05:48:58,0.37,1
Black-capped Chickadee,Poecile atricapillus,2026-05-01T12:48:50Z,01-May-2026,05:48:50,0.28,1
Black-capped Chickadee,Poecile atricapillus,2026-05-01T12:48:46Z,01-May-2026,05:48:46,0.8157,1
White-throated Sparrow,Zonotrichia albicollis,2026-05-01T12:46:42Z,01-May-2026,05:46:42,0.36,1
White-throated Sparrow,Zonotrichia albicollis,2026-05-01T12:46:35Z,01-May-2026,05:46:35,0.41,1
American Robin,Turdus migratorius,2026-05-01T12:44:19Z,01-May-2026,05:44:19,0.9098,2
American Robin,Turdus migratorius,2026-05-01T12:44:15Z,01-May-2026,05:44:15,0.3,1
American Robin,Turdus migratorius,2026-05-01T12:44:08Z,01-May-2026,05:44:08,0.86,1
American Robin,Turdus migratorius,2026-05-01T12:43:44Z,01-May-2026,05:43:44,0.34,1
American Robin,Turdus migratorius,2026-05-01T12:43:20Z,01-May-2026,05:43:20,0.38,1
American Robin,Turdus migratorius,2026-05-01T12:43:13Z,01-May-2026,05:43:13,0.8745,11
American Robin,Turdus migratorius,2026-05-01T12:43:05Z,01-May-2026,05:43:05,0.73,1
American Robin,Turdus migratorius,2026-05-01T12:42:56Z,01-May-2026,05:42:56,0.38,1
American Robin,Turdus migratorius,2026-05-01T12:42:02Z,01-May-2026,05:42:02,0.9333,4
American Robin,Turdus migratorius,2026-05-01T12:41:42Z,01-May-2026,05:41:42,0.34,1
American Robin,Turdus migratorius,2026-05-01T12:41:25Z,01-May-2026,05:41:25,0.36,1
American Robin,Turdus migratorius,2026-05-01T12:40:50Z,01-May-2026,05:40:50,0.8863,9
American Robin,Turdus migratorius,2026-05-01T12:40:38Z,01-May-2026,05:40:38,0.46,1
American Robin,Turdus migratorius,2026-05-01T12:39:40Z,01-May-2026,05:39:40,0.8157,11
American Robin,Turdus migratorius,2026-05-01T12:39:18Z,01-May-2026,05:39:18,0.52,1
American Robin,Turdus migratorius,2026-05-01T12:39:02Z,01-May-2026,05:39:02,0.86,1
American Robin,Turdus migratorius,2026-05-01T12:38:54Z,01-May-2026,05:38:54,0.74,1
American Robin,Turdus migratorius,2026-05-01T12:38:37Z,01-May-2026,05:38:37,0.8745,3
American Robin,Turdus migratorius,2026-05-01T12:38:32Z,01-May-2026,05:38:32,0.37,1
American Robin,Turdus migratorius,2026-05-01T12:38:25Z,01-May-2026,05:38:25,0.7,1
American Robin,Turdus migratorius,2026-05-01T12:38:17Z,01-May-2026,05:38:17,0.28,1
American Robin,Turdus migratorius,2026-05-01T12:37:45Z,01-May-2026,05:37:45,0.38,1
American Robin,Turdus migratorius,2026-05-01T12:37:39Z,01-May-2026,05:37:39,0.43,1
American Robin,Turdus migratorius,2026-05-01T12:37:29Z,01-May-2026,05:37:29,0.35,1
American Robin,Turdus migratorius,2026-05-01T12:37:21Z,01-May-2026,05:37:21,0.9569,5
American Robin,Turdus migratorius,2026-05-01T12:37:16Z,01-May-2026,05:37:16,0.3,1
American Robin,Turdus migratorius,2026-05-01T12:37:08Z,01-May-2026,05:37:08,0.29,1
Bewick's Wren,Thryomanes bewickii,2026-05-01T12:36:58Z,01-May-2026,05:36:58,0.67,1
American Robin,Turdus migratorius,2026-05-01T12:36:43Z,01-May-2026,05:36:43,0.83,1
Bewick's Wren,Thryomanes bewickii,2026-05-01T12:36:24Z,01-May-2026,05:36:24,0.6,1
American Robin,Turdus migratorius,2026-05-01T12:36:19Z,01-May-2026,05:36:19,0.7804,3
Bewick's Wren,Thryomanes bewickii,2026-05-01T12:36:14Z,01-May-2026,05:36:14,0.89,1
American Robin,Turdus migratorius,2026-05-01T12:36:00Z,01-May-2026,05:36:00,0.39,1
Bewick's Wren,Thryomanes bewickii,2026-05-01T12:35:46Z,01-May-2026,05:35:46,0.5,1
Bewick's Wren,Thryomanes bewickii,2026-05-01T12:35:38Z,01-May-2026,05:35:38,0.66,1
American Robin,Turdus migratorius,2026-05-01T12:35:11Z,01-May-2026,05:35:11,0.61,1
American Robin,Turdus migratorius,2026-05-01T12:34:55Z,01-May-2026,05:34:55,0.41,1
Bewick's Wren,Thryomanes bewickii,2026-05-01T12:34:41Z,01-May-2026,05:34:41,0.71,1
American Robin,Turdus migratorius,2026-05-01T12:34:12Z,01-May-2026,05:34:12,0.62,1
American Robin,Turdus migratorius,2026-05-01T12:34:04Z,01-May-2026,05:34:04,0.71,1
American Robin,Turdus migratorius,2026-05-01T12:33:51Z,01-May-2026,05:33:51,0.65,1
Bewick's Wren,Thryomanes bewickii,2026-05-01T12:33:43Z,01-May-2026,05:33:43,0.49,1
American Robin,Turdus migratorius,2026-05-01T12:33:38Z,01-May-2026,05:33:38,0.8471,4
Bewick's Wren,Thryomanes bewickii,2026-05-01T12:33:29Z,01-May-2026,05:33:29,0.35,1
American Robin,Turdus migratorius,2026-05-01T12:33:22Z,01-May-2026,05:33:22,0.48,1
American Robin,Turdus migratorius,2026-05-01T12:33:11Z,01-May-2026,05:33:11,0.38,1
American Robin,Turdus migratorius,2026-05-01T12:32:59Z,01-May-2026,05:32:59,0.68,1
American Robin,Turdus migratorius,2026-05-01T12:32:48Z,01-May-2026,05:32:48,0.51,1
American Robin,Turdus migratorius,2026-05-01T12:32:40Z,01-May-2026,05:32:40,0.32,1
American Robin,Turdus migratorius,2026-05-01T12:32:35Z,01-May-2026,05:32:35,0.8314,6
American Robin,Turdus migratorius,2026-05-01T12:32:30Z,01-May-2026,05:32:30,0.28,1
American Robin,Turdus migratorius,2026-05-01T12:32:19Z,01-May-2026,05:32:19,0.74,1
American Robin,Turdus migratorius,2026-05-01T12:32:09Z,01-May-2026,05:32:09,0.56,1
American Robin,Turdus migratorius,2026-05-01T12:31:55Z,01-May-2026,05:31:55,0.78,1
American Robin,Turdus migratorius,2026-05-01T12:31:44Z,01-May-2026,05:31:44,0.28,1
American Robin,Turdus migratorius,2026-05-01T12:31:33Z,01-May-2026,05:31:33,0.8314,1
Bewick's Wren,Thryomanes bewickii,2026-05-01T12:31:21Z,01-May-2026,05:31:21,0.38,1
Bewick's Wren,Thryomanes bewickii,2026-05-01T12:30:55Z,01-May-2026,05:30:55,0.92,1
Bewick's Wren,Thryomanes bewickii,2026-05-01T12:30:48Z,01-May-2026,05:30:48,0.97,1
Bewick's Wren,Thryomanes bewickii,2026-05-01T12:30:41Z,01-May-2026,05:30:41,0.43,1
Bewick's Wren,Thryomanes bewickii,2026-05-01T12:30:33Z,01-May-2026,05:30:33,0.54,1
Bewick's Wren,Thryomanes bewickii,2026-05-01T12:30:26Z,01-May-2026,05:30:26,0.78,1
Bewick's Wren,Thryomanes bewickii,2026-05-01T12:30:19Z,01-May-2026,05:30:19,0.94,1
Bewick's Wren,Thryomanes bewickii,2026-05-01T12:30:11Z,01-May-2026,05:30:11,0.36,1
Bewick's Wren,Thryomanes bewickii,2026-05-01T12:30:02Z,01-May-2026,05:30:02,0.95,1
Bewick's Wren,Thryomanes bewickii,2026-05-01T12:29:40Z,01-May-2026,05:29:40,0.88,1
Bewick's Wren,Thryomanes bewickii,2026-05-01T12:29:32Z,01-May-2026,05:29:32,0.83,1
Bewick's Wren,Thryomanes bewickii,2026-05-01T12:29:17Z,01-May-2026,05:29:17,0.54,1
Bewick's Wren,Thryomanes bewickii,2026-05-01T12:28:42Z,01-May-2026,05:28:42,0.96,1
Bewick's Wren,Thryomanes bewickii,2026-05-01T12:28:31Z,01-May-2026,05:28:31,0.58,1
Bewick's Wren,Thryomanes bewickii,2026-05-01T12:28:23Z,01-May-2026,05:28:23,0.88,1
Bewick's Wren,Thryomanes bewickii,2026-05-01T12:28:08Z,01-May-2026,05:28:08,0.74,1
Bewick's Wren,Thryomanes bewickii,2026-05-01T12:28:00Z,01-May-2026,05:28:00,0.76,1
Bewick's Wren,Thryomanes bewickii,2026-05-01T12:27:53Z,01-May-2026,05:27:53,0.97,1
Bewick's Wren,Thryomanes bewickii,2026-05-01T12:27:38Z,01-May-2026,05:27:38,0.59,1
Bewick's Wren,Thryomanes bewickii,2026-05-01T12:27:30Z,01-May-2026,05:27:30,0.68,1
Bewick's Wren,Thryomanes bewickii,2026-05-01T12:27:17Z,01-May-2026,05:27:17,0.59,1
Bewick's Wren,Thryomanes bewickii,2026-05-01T12:27:10Z,01-May-2026,05:27:10,0.37,1
Bewick's Wren,Thryomanes bewickii,2026-05-01T12:26:56Z,01-May-2026,05:26:56,0.39,1
Bewick's Wren,Thryomanes bewickii,2026-05-01T12:26:47Z,01-May-2026,05:26:47,0.96,1
Bewick's Wren,Thryomanes bewickii,2026-05-01T12:26:23Z,01-May-2026,05:26:23,0.88,1
Bewick's Wren,Thryomanes bewickii,2026-05-01T12:26:13Z,01-May-2026,05:26:13,0.92,1
Bewick's Wren,Thryomanes bewickii,2026-05-01T12:26:00Z,01-May-2026,05:26:00,0.94,1
Bewick's Wren,Thryomanes bewickii,2026-05-01T12:25:53Z,01-May-2026,05:25:53,0.85,1
Bewick's Wren,Thryomanes bewickii,2026-05-01T12:25:46Z,01-May-2026,05:25:46,0.64,1
Bewick's Wren,Thryomanes bewickii,2026-05-01T12:25:17Z,01-May-2026,05:25:17,0.85,1
Bewick's Wren,Thryomanes bewickii,2026-05-01T12:25:12Z,01-May-2026,05:25:12,0.86,1
Bewick's Wren,Thryomanes bewickii,2026-05-01T12:24:56Z,01-May-2026,05:24:56,0.79,1
Bewick's Wren,Thryomanes bewickii,2026-05-01T12:24:34Z,01-May-2026,05:24:34,0.81,1
Bewick's Wren,Thryomanes bewickii,2026-05-01T12:24:19Z,01-May-2026,05:24:19,0.54,1
Bewick's Wren,Thryomanes bewickii,2026-05-01T12:24:11Z,01-May-2026,05:24:11,0.94,1
Bewick's Wren,Thryomanes bewickii,2026-05-01T12:23:56Z,01-May-2026,05:23:56,0.4,1
Bewick's Wren,Thryomanes bewickii,2026-05-01T12:23:48Z,01-May-2026,05:23:48,0.8,1
Bewick's Wren,Thryomanes bewickii,2026-05-01T12:23:43Z,01-May-2026,05:23:43,0.54,1
Bewick's Wren,Thryomanes bewickii,2026-05-01T12:23:35Z,01-May-2026,05:23:35,0.86,1
Bewick's Wren,Thryomanes bewickii,2026-05-01T12:23:28Z,01-May-2026,05:23:28,0.79,1
Bewick's Wren,Thryomanes bewickii,2026-05-01T12:23:21Z,01-May-2026,05:23:21,0.9,1
Bewick's Wren,Thryomanes bewickii,2026-05-01T12:23:13Z,01-May-2026,05:23:13,0.91,1
Bewick's Wren,Thryomanes bewickii,2026-05-01T12:23:05Z,01-May-2026,05:23:05,0.92,1
Bewick's Wren,Thryomanes bewickii,2026-05-01T12:22:43Z,01-May-2026,05:22:43,0.31,1
Bewick's Wren,Thryomanes bewickii,2026-05-01T12:22:28Z,01-May-2026,05:22:28,0.65,1
American Goldfinch,Spinus tristis,2026-05-01T12:22:23Z,01-May-2026,05:22:23,0.8157,2
MacGillivray's Warbler,Geothlypis tolmiei,2026-05-01T12:22:17Z,01-May-2026,05:22:17,0.54,1
Bewick's Wren,Thryomanes bewickii,2026-05-01T12:22:09Z,01-May-2026,05:22:09,0.62,1
Bewick's Wren,Thryomanes bewickii,2026-05-01T12:22:01Z,01-May-2026,05:22:01,0.54,1
Bewick's Wren,Thryomanes bewickii,2026-05-01T12:21:41Z,01-May-2026,05:21:41,0.56,1
Bewick's Wren,Thryomanes bewickii,2026-05-01T12:21:34Z,01-May-2026,05:21:34,0.76,1
Bewick's Wren,Thryomanes bewickii,2026-05-01T12:21:13Z,01-May-2026,05:21:13,0.74,1
Bewick's Wren,Thryomanes bewickii,2026-05-01T12:21:05Z,01-May-2026,05:21:05,0.91,1
Bewick's Wren,Thryomanes bewickii,2026-05-01T12:20:43Z,01-May-2026,05:20:43,0.8,1
Bewick's Wren,Thryomanes bewickii,2026-05-01T12:20:28Z,01-May-2026,05:20:28,0.93,1
Bewick's Wren,Thryomanes bewickii,2026-05-01T12:20:21Z,01-May-2026,05:20:21,0.95,1
Bewick's Wren,Thryomanes bewickii,2026-05-01T12:20:13Z,01-May-2026,05:20:13,0.65,1
Bewick's Wren,Thryomanes bewickii,2026-05-01T12:20:06Z,01-May-2026,05:20:06,0.52,1
Bewick's Wren,Thryomanes bewickii,2026-05-01T12:19:58Z,01-May-2026,05:19:58,0.94,1
Bewick's Wren,Thryomanes bewickii,2026-05-01T12:19:51Z,01-May-2026,05:19:51,0.91,1
MacGillivray's Warbler,Geothlypis tolmiei,2026-05-01T12:19:43Z,01-May-2026,05:19:43,0.52,1
Bewick's Wren,Thryomanes bewickii,2026-05-01T12:19:35Z,01-May-2026,05:19:35,0.9,1
Bewick's Wren,Thryomanes bewickii,2026-05-01T12:19:07Z,01-May-2026,05:19:07,0.9,1
Bewick's Wren,Thryomanes bewickii,2026-05-01T12:18:59Z,01-May-2026,05:18:59,0.82,1
Bewick's Wren,Thryomanes bewickii,2026-05-01T12:18:52Z,01-May-2026,05:18:52,0.92,1
Bewick's Wren,Thryomanes bewickii,2026-05-01T12:18:44Z,01-May-2026,05:18:44,0.95,1
Bewick's Wren,Thryomanes bewickii,2026-05-01T12:18:33Z,01-May-2026,05:18:33,0.92,1
Bewick's Wren,Thryomanes bewickii,2026-05-01T12:18:26Z,01-May-2026,05:18:26,0.86,1
Bewick's Wren,Thryomanes bewickii,2026-05-01T12:18:19Z,01-May-2026,05:18:19,0.3,1
Bewick's Wren,Thryomanes bewickii,2026-05-01T12:18:00Z,01-May-2026,05:18:00,0.73,1
Bewick's Wren,Thryomanes bewickii,2026-05-01T12:17:49Z,01-May-2026,05:17:49,0.74,1
Bewick's Wren,Thryomanes bewickii,2026-05-01T12:17:41Z,01-May-2026,05:17:41,0.51,1
Bewick's Wren,Thryomanes bewickii,2026-05-01T12:17:34Z,01-May-2026,05:17:34,0.96,1
Bewick's Wren,Thryomanes bewickii,2026-05-01T12:17:26Z,01-May-2026,05:17:26,0.9,1
American Goldfinch,Spinus tristis,2026-05-01T12:17:21Z,01-May-2026,05:17:21,0.7804,1
Bewick's Wren,Thryomanes bewickii,2026-05-01T12:16:56Z,01-May-2026,05:16:56,0.79,1
Bewick's Wren,Thryomanes bewickii,2026-05-01T12:16:17Z,01-May-2026,05:16:17,0.64,1
Bewick's Wren,Thryomanes bewickii,2026-05-01T12:16:07Z,01-May-2026,05:16:07,0.71,1
Bewick's Wren,Thryomanes bewickii,2026-05-01T12:16:00Z,01-May-2026,05:16:00,0.85,1
Bewick's Wren,Thryomanes bewickii,2026-05-01T12:15:52Z,01-May-2026,05:15:52,0.65,1
Bewick's Wren,Thryomanes bewickii,2026-05-01T12:15:32Z,01-May-2026,05:15:32,0.92,1
Bewick's Wren,Thryomanes bewickii,2026-05-01T12:15:10Z,01-May-2026,05:15:10,0.34,1
MacGillivray's Warbler,Geothlypis tolmiei,2026-05-01T12:15:03Z,01-May-2026,05:15:03,0.8,1
MacGillivray's Warbler,Geothlypis tolmiei,2026-05-01T12:14:56Z,01-May-2026,05:14:56,0.68,1
Bewick's Wren,Thryomanes bewickii,2026-05-01T12:14:49Z,01-May-2026,05:14:49,0.53,1
Bewick's Wren,Thryomanes bewickii,2026-05-01T12:14:32Z,01-May-2026,05:14:32,0.8,1
Black-capped Chickadee,Poecile atricapillus,2026-05-01T12:14:27Z,01-May-2026,05:14:27,0.8,1
Bewick's Wren,Thryomanes bewickii,2026-05-01T12:14:20Z,01-May-2026,05:14:20,0.91,1
Bewick's Wren,Thryomanes bewickii,2026-05-01T12:14:10Z,01-May-2026,05:14:10,0.6,1
Bewick's Wren,Thryomanes bewickii,2026-05-01T12:14:02Z,01-May-2026,05:14:02,0.78,1
Bewick's Wren,Thryomanes bewickii,2026-05-01T12:11:54Z,01-May-2026,05:11:54,0.94,1
Bewick's Wren,Thryomanes bewickii,2026-05-01T12:11:43Z,01-May-2026,05:11:43,0.95,1
Bewick's Wren,Thryomanes bewickii,2026-05-01T12:11:32Z,01-May-2026,05:11:32,0.86,1
Bewick's Wren,Thryomanes bewickii,2026-05-01T12:11:21Z,01-May-2026,05:11:21,0.65,1
Bewick's Wren,Thryomanes bewickii,2026-05-01T12:11:13Z,01-May-2026,05:11:13,0.87,1
Bewick's Wren,Thryomanes bewickii,2026-05-01T12:10:58Z,01-May-2026,05:10:58,0.87,1
Bewick's Wren,Thryomanes bewickii,2026-05-01T12:10:34Z,01-May-2026,05:10:34,0.98,1
Mountain Chickadee,Poecile gambeli,2026-05-01T12:10:27Z,01-May-2026,05:10:27,0.34,1
Bewick's Wren,Thryomanes bewickii,2026-05-01T12:10:19Z,01-May-2026,05:10:19,0.94,1
Bewick's Wren,Thryomanes bewickii,2026-05-01T12:10:11Z,01-May-2026,05:10:11,0.91,1
Bewick's Wren,Thryomanes bewickii,2026-05-01T12:10:01Z,01-May-2026,05:10:01,0.58,1
Black-capped Chickadee,Poecile atricapillus,2026-05-01T12:09:54Z,01-May-2026,05:09:54,0.35,1
Black-capped Chickadee,Poecile atricapillus,2026-05-01T12:09:46Z,01-May-2026,05:09:46,0.67,1
Bewick's Wren,Thryomanes bewickii,2026-05-01T12:09:22Z,01-May-2026,05:09:22,0.87,1
Bewick's Wren,Thryomanes bewickii,2026-05-01T12:09:16Z,01-May-2026,05:09:16,0.92,1
Bewick's Wren,Thryomanes bewickii,2026-05-01T12:09:01Z,01-May-2026,05:09:01,0.99,1
Bewick's Wren,Thryomanes bewickii,2026-05-01T12:08:53Z,01-May-2026,05:08:53,0.98,1
Bewick's Wren,Thryomanes bewickii,2026-05-01T12:08:45Z,01-May-2026,05:08:45,0.97,1
Bewick's Wren,Thryomanes bewickii,2026-05-01T12:07:50Z,01-May-2026,05:07:50,0.49,1
Bewick's Wren,Thryomanes bewickii,2026-05-01T12:07:42Z,01-May-2026,05:07:42,0.58,1
Bewick's Wren,Thryomanes bewickii,2026-05-01T12:07:35Z,01-May-2026,05:07:35,0.97,1
Bewick's Wren,Thryomanes bewickii,2026-05-01T12:07:28Z,01-May-2026,05:07:28,0.97,1
Bewick's Wren,Thryomanes bewickii,2026-05-01T12:06:39Z,01-May-2026,05:06:39,0.99,1
American Robin,Turdus migratorius,2026-05-01T12:06:28Z,01-May-2026,05:06:28,0.34,1
Bewick's Wren,Thryomanes bewickii,2026-05-01T12:06:06Z,01-May-2026,05:06:06,0.95,1
Bewick's Wren,Thryomanes bewickii,2026-05-01T12:05:58Z,01-May-2026,05:05:58,0.99,1
American Goldfinch,Spinus tristis,2026-05-01T12:05:44Z,01-May-2026,05:05:44,0.29,1
Bewick's Wren,Thryomanes bewickii,2026-05-01T12:05:37Z,01-May-2026,05:05:37,0.26,1
Bewick's Wren,Thryomanes bewickii,2026-05-01T12:04:34Z,01-May-2026,05:04:34,0.99,1
American Robin,Turdus migratorius,2026-05-01T12:04:05Z,01-May-2026,05:04:05,0.9098,1
Bewick's Wren,Thryomanes bewickii,2026-05-01T12:03:10Z,01-May-2026,05:03:10,0.98,1
Bewick's Wren,Thryomanes bewickii,2026-05-01T12:03:03Z,01-May-2026,05:03:03,0.96,1
Black-capped Chickadee,Poecile atricapillus,2026-05-01T12:02:57Z,01-May-2026,05:02:57,0.7804,1
Bewick's Wren,Thryomanes bewickii,2026-05-01T12:02:53Z,01-May-2026,05:02:53,0.96,1
Bewick's Wren,Thryomanes bewickii,2026-05-01T12:02:46Z,01-May-2026,05:02:46,0.88,1
Bewick's Wren,Thryomanes bewickii,2026-05-01T12:02:39Z,01-May-2026,05:02:39,0.74,1
Bewick's Wren,Thryomanes bewickii,2026-05-01T12:02:31Z,01-May-2026,05:02:31,0.98,1
Bewick's Wren,Thryomanes bewickii,2026-05-01T12:02:21Z,01-May-2026,05:02:21,0.98,1
Bewick's Wren,Thryomanes bewickii,2026-05-01T12:02:13Z,01-May-2026,05:02:13,0.99,1
Bewick's Wren,Thryomanes bewickii,2026-05-01T12:01:49Z,01-May-2026,05:01:49,0.93,1
Bewick's Wren,Thryomanes bewickii,2026-05-01T12:01:28Z,01-May-2026,05:01:28,0.86,1
Bewick's Wren,Thryomanes bewickii,2026-05-01T12:00:59Z,01-May-2026,05:00:59,0.93,1
Bewick's Wren,Thryomanes bewickii,2026-05-01T12:00:48Z,01-May-2026,05:00:48,0.98,1
Bewick's Wren,Thryomanes bewickii,2026-05-01T12:00:41Z,01-May-2026,05:00:41,0.92,1
Bewick's Wren,Thryomanes bewickii,2026-05-01T12:00:26Z,01-May-2026,05:00:26,0.69,1
Bewick's Wren,Thryomanes bewickii,2026-05-01T12:00:19Z,01-May-2026,05:00:19,0.38,1
Bewick's Wren,Thryomanes bewickii,2026-05-01T12:00:13Z,01-May-2026,05:00:13,0.57,1
Bewick's Wren,Thryomanes bewickii,2026-05-01T12:00:05Z,01-May-2026,05:00:05,0.75,1
Bewick's Wren,Thryomanes bewickii,2026-05-01T11:59:24Z,01-May-2026,04:59:24,0.43,1
Bewick's Wren,Thryomanes bewickii,2026-05-01T11:59:15Z,01-May-2026,04:59:15,0.83,1
Bewick's Wren,Thryomanes bewickii,2026-05-01T11:59:01Z,01-May-2026,04:59:01,0.75,1
American Robin,Turdus migratorius,2026-05-01T11:58:56Z,01-May-2026,04:58:56,0.9412,1
Bewick's Wren,Thryomanes bewickii,2026-05-01T11:58:52Z,01-May-2026,04:58:52,0.88,1
Bewick's Wren,Thryomanes bewickii,2026-05-01T11:58:30Z,01-May-2026,04:58:30,0.95,1
Bewick's Wren,Thryomanes bewickii,2026-05-01T11:58:16Z,01-May-2026,04:58:16,0.95,1
Bewick's Wren,Thryomanes bewickii,2026-05-01T11:58:09Z,01-May-2026,04:58:09,0.74,1
Bewick's Wren,Thryomanes bewickii,2026-05-01T11:57:25Z,01-May-2026,04:57:25,0.41,1
Bewick's Wren,Thryomanes bewickii,2026-05-01T11:56:34Z,01-May-2026,04:56:34,0.78,1
Bewick's Wren,Thryomanes bewickii,2026-05-01T11:55:36Z,01-May-2026,04:55:36,0.9,1
Bewick's Wren,Thryomanes bewickii,2026-05-01T11:55:24Z,01-May-2026,04:55:24,0.97,1
Bewick's Wren,Thryomanes bewickii,2026-05-01T11:55:17Z,01-May-2026,04:55:17,0.96,1
Bewick's Wren,Thryomanes bewickii,2026-05-01T11:54:32Z,01-May-2026,04:54:32,0.77,1
Bewick's Wren,Thryomanes bewickii,2026-05-01T11:53:54Z,01-May-2026,04:53:54,0.68,1
Bewick's Wren,Thryomanes bewickii,2026-05-01T11:53:48Z,01-May-2026,04:53:48,0.93,1
Bewick's Wren,Thryomanes bewickii,2026-05-01T11:53:34Z,01-May-2026,04:53:34,0.95,1
Bewick's Wren,Thryomanes bewickii,2026-05-01T11:53:27Z,01-May-2026,04:53:27,0.94,1
Bewick's Wren,Thryomanes bewickii,2026-05-01T11:53:17Z,01-May-2026,04:53:17,0.99,1
Bewick's Wren,Thryomanes bewickii,2026-05-01T11:52:48Z,01-May-2026,04:52:48,0.98,1
Bewick's Wren,Thryomanes bewickii,2026-05-01T11:51:43Z,01-May-2026,04:51:43,0.97,1
Bewick's Wren,Thryomanes bewickii,2026-05-01T11:51:35Z,01-May-2026,04:51:35,0.98,1
Bewick's Wren,Thryomanes bewickii,2026-05-01T11:51:07Z,01-May-2026,04:51:07,0.97,1
Bewick's Wren,Thryomanes bewickii,2026-05-01T11:50:59Z,01-May-2026,04:50:59,0.98,1
Bewick's Wren,Thryomanes bewickii,2026-05-01T11:50:48Z,01-May-2026,04:50:48,0.98,1
Bewick's Wren,Thryomanes bewickii,2026-05-01T11:50:13Z,01-May-2026,04:50:13,0.79,1
Bewick's Wren,Thryomanes bewickii,2026-05-01T11:49:23Z,01-May-2026,04:49:23,0.99,1
Bewick's Wren,Thryomanes bewickii,2026-05-01T11:48:54Z,01-May-2026,04:48:54,0.99,1
Bewick's Wren,Thryomanes bewickii,2026-05-01T11:48:47Z,01-May-2026,04:48:47,0.95,1
Black-capped Chickadee,Poecile atricapillus,2026-05-01T11:48:39Z,01-May-2026,04:48:39,0.53,1
Bewick's Wren,Thryomanes bewickii,2026-05-01T11:48:32Z,01-May-2026,04:48:32,0.92,1
Bewick's Wren,Thryomanes bewickii,2026-05-01T11:48:25Z,01-May-2026,04:48:25,0.98,1
American Robin,Turdus migratorius,2026-05-01T11:27:18Z,01-May-2026,04:27:18,0.7804,1
American Robin,Turdus migratorius,2026-05-01T11:21:50Z,01-May-2026,04:21:50,0.8157,1
American Robin,Turdus migratorius,2026-05-01T11:20:21Z,01-May-2026,04:20:21,0.7804,1
American Robin,Turdus migratorius,2026-05-01T11:18:53Z,01-May-2026,04:18:53,0.8745,1
Dark-eyed Junco,Junco hyemalis,2026-05-01T11:05:32Z,01-May-2026,04:05:32,0.32,1
Savannah Sparrow,Passerculus sandwichensis,2026-05-01T10:32:09Z,01-May-2026,03:32:09,0.29,1
Mallard,Anas platyrhynchos,2026-05-01T07:35:48Z,01-May-2026,00:35:48,0.29,1
American Robin,Turdus migratorius,2026-05-01T03:37:08Z,30-Apr-2026,20:37:08,0.52,1
American Robin,Turdus migratorius,2026-05-01T03:36:53Z,30-Apr-2026,20:36:53,0.8745,9
American Robin,Turdus migratorius,2026-05-01T03:36:42Z,30-Apr-2026,20:36:42,0.29,1
American Robin,Turdus migratorius,2026-05-01T03:35:55Z,30-Apr-2026,20:35:55,0.3,1
American Robin,Turdus migratorius,2026-05-01T03:35:39Z,30-Apr-2026,20:35:39,0.7804,6
American Robin,Turdus migratorius,2026-05-01T03:34:59Z,30-Apr-2026,20:34:59,0.45,1
American Robin,Turdus migratorius,2026-05-01T03:34:31Z,30-Apr-2026,20:34:31,0.8627,1
American Robin,Turdus migratorius,2026-05-01T03:34:23Z,30-Apr-2026,20:34:23,0.48,1
American Robin,Turdus migratorius,2026-05-01T03:29:42Z,30-Apr-2026,20:29:42,0.43,1
American Robin,Turdus migratorius,2026-05-01T03:29:34Z,30-Apr-2026,20:29:34,0.65,1
American Robin,Turdus migratorius,2026-05-01T03:29:25Z,30-Apr-2026,20:29:25,0.38,1
American Robin,Turdus migratorius,2026-05-01T03:29:17Z,30-Apr-2026,20:29:17,0.48,1
American Robin,Turdus migratorius,2026-05-01T03:29:14Z,30-Apr-2026,20:29:14,0.9098,1
American Crow,Corvus brachyrhynchos,2026-05-01T03:23:49Z,30-Apr-2026,20:23:49,0.8314,1
American Crow,Corvus brachyrhynchos,2026-05-01T03:20:10Z,30-Apr-2026,20:20:10,0.8157,1
Dark-eyed Junco,Junco hyemalis,2026-05-01T03:19:07Z,30-Apr-2026,20:19:07,0.8,1
Dark-eyed Junco,Junco hyemalis,2026-05-01T03:18:43Z,30-Apr-2026,20:18:43,0.41,1
Bewick's Wren,Thryomanes bewickii,2026-05-01T03:15:41Z,30-Apr-2026,20:15:41,0.78,1
Bewick's Wren,Thryomanes bewickii,2026-05-01T03:15:25Z,30-Apr-2026,20:15:25,0.55,1
Bewick's Wren,Thryomanes bewickii,2026-05-01T03:14:52Z,30-Apr-2026,20:14:52,0.41,1
Bewick's Wren,Thryomanes bewickii,2026-05-01T03:14:43Z,30-Apr-2026,20:14:43,0.29,1
Bewick's Wren,Thryomanes bewickii,2026-05-01T03:14:14Z,30-Apr-2026,20:14:14,0.67,1
Bewick's Wren,Thryomanes bewickii,2026-05-01T03:13:37Z,30-Apr-2026,20:13:37,0.52,1
Black-capped Chickadee,Poecile atricapillus,2026-05-01T03:13:27Z,30-Apr-2026,20:13:27,0.51,1
Bewick's Wren,Thryomanes bewickii,2026-05-01T03:11:04Z,30-Apr-2026,20:11:04,0.68,1
Bewick's Wren,Thryomanes bewickii,2026-05-01T03:10:29Z,30-Apr-2026,20:10:29,0.42,1
Bewick's Wren,Thryomanes bewickii,2026-05-01T03:09:56Z,30-Apr-2026,20:09:56,0.8,1
Song Sparrow,Melospiza melodia,2026-05-01T03:09:39Z,30-Apr-2026,20:09:39,0.7804,1
Bewick's Wren,Thryomanes bewickii,2026-05-01T03:09:32Z,30-Apr-2026,20:09:32,0.55,1
Bewick's Wren,Thryomanes bewickii,2026-05-01T03:07:49Z,30-Apr-2026,20:07:49,0.47,1
Bewick's Wren,Thryomanes bewickii,2026-05-01T03:07:43Z,30-Apr-2026,20:07:43,0.72,1
American Crow,Corvus brachyrhynchos,2026-05-01T03:05:31Z,30-Apr-2026,20:05:31,0.9333,1
House Finch,Haemorhous mexicanus,2026-05-01T03:00:26Z,30-Apr-2026,20:00:26,0.8863,1
Black-capped Chickadee,Poecile atricapillus,2026-05-01T02:56:55Z,30-Apr-2026,19:56:55,0.8471,1
Black-capped Chickadee,Poecile atricapillus,2026-05-01T02:46:50Z,30-Apr-2026,19:46:50,0.8,2
Black-capped Chickadee,Poecile atricapillus,2026-05-01T02:45:57Z,30-Apr-2026,19:45:57,0.66,1
Black-capped Chickadee,Poecile atricapillus,2026-05-01T02:45:49Z,30-Apr-2026,19:45:49,0.36,1
Black-capped Chickadee,Poecile atricapillus,2026-05-01T02:45:45Z,30-Apr-2026,19:45:45,0.9529,12
Black-capped Chickadee,Poecile atricapillus,2026-05-01T02:45:00Z,30-Apr-2026,19:45:00,0.48,1
Black-capped Chickadee,Poecile atricapillus,2026-05-01T02:44:43Z,30-Apr-2026,19:44:43,0.8,6
Black-capped Chickadee,Poecile atricapillus,2026-05-01T02:44:08Z,30-Apr-2026,19:44:08,0.35,1
Black-capped Chickadee,Poecile atricapillus,2026-05-01T02:43:56Z,30-Apr-2026,19:43:56,0.56,1
Black-capped Chickadee,Poecile atricapillus,2026-05-01T02:42:33Z,30-Apr-2026,19:42:33,0.5,1
Black-capped Chickadee,Poecile atricapillus,2026-05-01T02:41:55Z,30-Apr-2026,19:41:55,0.9412,9
Black-capped Chickadee,Poecile atricapillus,2026-05-01T02:41:32Z,30-Apr-2026,19:41:32,0.37,1
Black-capped Chickadee,Poecile atricapillus,2026-05-01T02:41:25Z,30-Apr-2026,19:41:25,0.29,1
Black-capped Chickadee,Poecile atricapillus,2026-05-01T02:41:10Z,30-Apr-2026,19:41:10,0.45,1
Black-capped Chickadee,Poecile atricapillus,2026-05-01T02:40:54Z,30-Apr-2026,19:40:54,0.4,1
Black-capped Chickadee,Poecile atricapillus,2026-05-01T02:40:49Z,30-Apr-2026,19:40:49,0.8,1
Black-capped Chickadee,Poecile atricapillus,2026-05-01T02:38:39Z,30-Apr-2026,19:38:39,0.42,1
Black-capped Chickadee,Poecile atricapillus,2026-05-01T02:38:15Z,30-Apr-2026,19:38:15,0.38,1
Black-capped Chickadee,Poecile atricapillus,2026-05-01T02:38:10Z,30-Apr-2026,19:38:10,0.8627,4
Black-capped Chickadee,Poecile atricapillus,2026-05-01T02:36:01Z,30-Apr-2026,19:36:01,0.53,1
Black-capped Chickadee,Poecile atricapillus,2026-05-01T02:35:44Z,30-Apr-2026,19:35:44,0.47,1
Black-capped Chickadee,Poecile atricapillus,2026-05-01T02:35:23Z,30-Apr-2026,19:35:23,0.8627,1
American Robin,Turdus migratorius,2026-05-01T02:34:39Z,30-Apr-2026,19:34:39,0.8,1
Black-capped Chickadee,Poecile atricapillus,2026-05-01T02:32:49Z,30-Apr-2026,19:32:49,0.7804,1
White-throated Sparrow,Zonotrichia albicollis,2026-05-01T02:31:26Z,30-Apr-2026,19:31:26,0.29,1
Black-capped Chickadee,Poecile atricapillus,2026-05-01T02:30:56Z,30-Apr-2026,19:30:56,0.31,1
Black-capped Chickadee,Poecile atricapillus,2026-05-01T02:30:00Z,30-Apr-2026,19:30:00,0.27,1
Black-capped Chickadee,Poecile atricapillus,2026-05-01T02:29:46Z,30-Apr-2026,19:29:46,0.32,1
Black-capped Chickadee,Poecile atricapillus,2026-05-01T02:29:20Z,30-Apr-2026,19:29:20,0.8,2
White-throated Sparrow,Zonotrichia albicollis,2026-05-01T02:29:16Z,30-Apr-2026,19:29:16,0.41,1
Black-capped Chickadee,Poecile atricapillus,2026-05-01T02:29:03Z,30-Apr-2026,19:29:03,0.27,1
White-throated Sparrow,Zonotrichia albicollis,2026-05-01T02:28:48Z,30-Apr-2026,19:28:48,0.32,1
Black-capped Chickadee,Poecile atricapillus,2026-05-01T02:28:09Z,30-Apr-2026,19:28:09,0.8627,4
Black-capped Chickadee,Poecile atricapillus,2026-05-01T02:26:33Z,30-Apr-2026,19:26:33,0.9333,4
Black-capped Chickadee,Poecile atricapillus,2026-05-01T02:23:00Z,30-Apr-2026,19:23:00,0.28,1
Black-capped Chickadee,Poecile atricapillus,2026-05-01T02:22:40Z,30-Apr-2026,19:22:40,0.9333,1
American Robin,Turdus migratorius,2026-05-01T02:21:56Z,30-Apr-2026,19:21:56,0.29,1
American Robin,Turdus migratorius,2026-05-01T02:21:33Z,30-Apr-2026,19:21:33,0.31,1
American Robin,Turdus migratorius,2026-05-01T02:21:15Z,30-Apr-2026,19:21:15,0.26,1
American Robin,Turdus migratorius,2026-05-01T02:20:53Z,30-Apr-2026,19:20:53,0.39,1
American Robin,Turdus migratorius,2026-05-01T02:20:46Z,30-Apr-2026,19:20:46,0.3,1
American Robin,Turdus migratorius,2026-05-01T02:20:35Z,30-Apr-2026,19:20:35,0.8314,1
American Robin,Turdus migratorius,2026-05-01T02:17:20Z,30-Apr-2026,19:17:20,0.7804,1
Townsend's Warbler,Setophaga townsendi,2026-05-01T02:15:13Z,30-Apr-2026,19:15:13,0.43,1
Bewick's Wren,Thryomanes bewickii,2026-05-01T02:15:07Z,30-Apr-2026,19:15:07,0.4,1
American Robin,Turdus migratorius,2026-05-01T02:12:38Z,30-Apr-2026,19:12:38,0.8,2
American Robin,Turdus migratorius,2026-05-01T02:11:20Z,30-Apr-2026,19:11:20,0.8157,1
American Robin,Turdus migratorius,2026-05-01T02:10:01Z,30-Apr-2026,19:10:01,0.51,1
Black-capped Chickadee,Poecile atricapillus,2026-05-01T02:06:32Z,30-Apr-2026,19:06:32,0.26,1
White-crowned Sparrow,Zonotrichia leucophrys,2026-05-01T02:05:59Z,30-Apr-2026,19:05:59,0.49,1
White-crowned Sparrow,Zonotrichia leucophrys,2026-05-01T02:05:38Z,30-Apr-2026,19:05:38,0.33,1
Dark-eyed Junco,Junco hyemalis,2026-05-01T02:05:01Z,30-Apr-2026,19:05:01,0.27,1
Downy Woodpecker,Dryobates pubescens,2026-05-01T02:04:54Z,30-Apr-2026,19:04:54,0.38,1
Downy Woodpecker,Dryobates pubescens,2026-05-01T02:04:16Z,30-Apr-2026,19:04:16,0.7804,1
Pacific-slope Flycatcher,Empidonax difficilis,2026-05-01T02:03:51Z,30-Apr-2026,19:03:51,0.28,1
Black-capped Chickadee,Poecile atricapillus,2026-05-01T02:03:44Z,30-Apr-2026,19:03:44,0.37,1
American Robin,Turdus migratorius,2026-05-01T02:01:02Z,30-Apr-2026,19:01:02,0.8471,1
Steller's Jay,Cyanocitta stelleri,2026-05-01T01:59:13Z,30-Apr-2026,18:59:13,0.48,1
Yellow-rumped Warbler,Setophaga coronata,2026-05-01T01:58:58Z,30-Apr-2026,18:58:58,0.31,1
Yellow-rumped Warbler,Setophaga coronata,2026-05-01T01:58:46Z,30-Apr-2026,18:58:46,0.32,1
Yellow-rumped Warbler,Setophaga coronata,2026-05-01T01:58:14Z,30-Apr-2026,18:58:14,0.4,1
House Finch,Haemorhous mexicanus,2026-05-01T01:56:59Z,30-Apr-2026,18:56:59,0.8314,1
American Robin,Turdus migratorius,2026-05-01T01:55:05Z,30-Apr-2026,18:55:05,0.31,1
Black-capped Chickadee,Poecile atricapillus,2026-05-01T01:54:23Z,30-Apr-2026,18:54:23,0.8157,1
American Robin,Turdus migratorius,2026-05-01T01:54:19Z,30-Apr-2026,18:54:19,0.7804,1
American Robin,Turdus migratorius,2026-05-01T01:53:53Z,30-Apr-2026,18:53:53,0.31,1
Black-capped Chickadee,Poecile atricapillus,2026-05-01T01:52:52Z,30-Apr-2026,18:52:52,0.8157,1
American Crow,Corvus brachyrhynchos,2026-05-01T01:50:55Z,30-Apr-2026,18:50:55,0.31,1
Bewick's Wren,Thryomanes bewickii,2026-05-01T01:50:13Z,30-Apr-2026,18:50:13,0.68,1
American Robin,Turdus migratorius,2026-05-01T01:44:19Z,30-Apr-2026,18:44:19,0.8157,2
American Robin,Turdus migratorius,2026-05-01T01:41:46Z,30-Apr-2026,18:41:46,0.8745,1
Bewick's Wren,Thryomanes bewickii,2026-05-01T01:39:23Z,30-Apr-2026,18:39:23,0.3,1
House Finch,Haemorhous mexicanus,2026-05-01T01:37:35Z,30-Apr-2026,18:37:35,0.8314,1
Red Crossbill,Loxia curvirostra,2026-05-01T01:37:31Z,30-Apr-2026,18:37:31,0.41,1
Bewick's Wren,Thryomanes bewickii,2026-05-01T01:32:17Z,30-Apr-2026,18:32:17,0.35,1
Bewick's Wren,Thryomanes bewickii,2026-05-01T01:32:10Z,30-Apr-2026,18:32:10,0.77,1
Bewick's Wren,Thryomanes bewickii,2026-05-01T01:31:21Z,30-Apr-2026,18:31:21,0.64,1
Bewick's Wren,Thryomanes bewickii,2026-05-01T01:31:07Z,30-Apr-2026,18:31:07,0.51,1
Bewick's Wren,Thryomanes bewickii,2026-05-01T01:31:01Z,30-Apr-2026,18:31:01,0.62,1
Bewick's Wren,Thryomanes bewickii,2026-05-01T01:30:54Z,30-Apr-2026,18:30:54,0.33,1
Bewick's Wren,Thryomanes bewickii,2026-05-01T01:30:20Z,30-Apr-2026,18:30:20,0.55,1
Bewick's Wren,Thryomanes bewickii,2026-05-01T01:29:37Z,30-Apr-2026,18:29:37,0.35,1
Chestnut-backed Chickadee,Poecile rufescens,2026-05-01T01:28:35Z,30-Apr-2026,18:28:35,0.28,1
House Finch,Haemorhous mexicanus,2026-05-01T01:27:57Z,30-Apr-2026,18:27:57,0.7804,4
American Robin,Turdus migratorius,2026-05-01T01:27:27Z,30-Apr-2026,18:27:27,0.8157,1
House Finch,Haemorhous mexicanus,2026-05-01T01:26:41Z,30-Apr-2026,18:26:41,0.7804,2
Bewick's Wren,Thryomanes bewickii,2026-05-01T01:24:35Z,30-Apr-2026,18:24:35,0.57,1
House Finch,Haemorhous mexicanus,2026-05-01T01:23:48Z,30-Apr-2026,18:23:48,0.8157,1
Bewick's Wren,Thryomanes bewickii,2026-05-01T01:23:44Z,30-Apr-2026,18:23:44,0.78,1
Bewick's Wren,Thryomanes bewickii,2026-05-01T01:22:59Z,30-Apr-2026,18:22:59,0.59,1
American Robin,Turdus migratorius,2026-05-01T01:21:21Z,30-Apr-2026,18:21:21,0.8157,1
American Robin,Turdus migratorius,2026-05-01T01:20:37Z,30-Apr-2026,18:20:37,0.36,1
American Robin,Turdus migratorius,2026-05-01T01:19:10Z,30-Apr-2026,18:19:10,0.6,1
Bewick's Wren,Thryomanes bewickii,2026-05-01T01:18:38Z,30-Apr-2026,18:18:38,0.46,1
Bewick's Wren,Thryomanes bewickii,2026-05-01T01:18:04Z,30-Apr-2026,18:18:04,0.29,1
American Robin,Turdus migratorius,2026-05-01T01:16:58Z,30-Apr-2026,18:16:58,0.7804,1
American Robin,Turdus migratorius,2026-05-01T01:16:50Z,30-Apr-2026,18:16:50,0.3,1
American Robin,Turdus migratorius,2026-05-01T01:15:55Z,30-Apr-2026,18:15:55,0.3,1
American Robin,Turdus migratorius,2026-05-01T01:13:49Z,30-Apr-2026,18:13:49,0.26,1
Bewick's Wren,Thryomanes bewickii,2026-05-01T01:11:20Z,30-Apr-2026,18:11:20,0.53,1
Bewick's Wren,Thryomanes bewickii,2026-05-01T01:10:58Z,30-Apr-2026,18:10:58,0.65,1
Bewick's Wren,Thryomanes bewickii,2026-05-01T01:09:10Z,30-Apr-2026,18:09:10,0.57,1
American Robin,Turdus migratorius,2026-05-01T01:08:52Z,30-Apr-2026,18:08:52,0.8157,3
Bewick's Wren,Thryomanes bewickii,2026-05-01T01:08:41Z,30-Apr-2026,18:08:41,0.72,1
Bewick's Wren,Thryomanes bewickii,2026-05-01T01:08:34Z,30-Apr-2026,18:08:34,0.54,1
Bewick's Wren,Thryomanes bewickii,2026-05-01T01:08:26Z,30-Apr-2026,18:08:26,0.45,1
Bewick's Wren,Thryomanes bewickii,2026-05-01T01:08:05Z,30-Apr-2026,18:08:05,0.44,1
Bewick's Wren,Thryomanes bewickii,2026-05-01T01:07:47Z,30-Apr-2026,18:07:47,0.71,1
Bewick's Wren,Thryomanes bewickii,2026-05-01T01:07:26Z,30-Apr-2026,18:07:26,0.66,1
Bewick's Wren,Thryomanes bewickii,2026-05-01T01:07:16Z,30-Apr-2026,18:07:16,0.4,1
Bewick's Wren,Thryomanes bewickii,2026-05-01T01:06:53Z,30-Apr-2026,18:06:53,0.83,1
Bewick's Wren,Thryomanes bewickii,2026-05-01T01:06:40Z,30-Apr-2026,18:06:40,0.68,1
Bewick's Wren,Thryomanes bewickii,2026-05-01T01:06:34Z,30-Apr-2026,18:06:34,0.81,1
Bewick's Wren,Thryomanes bewickii,2026-05-01T01:06:23Z,30-Apr-2026,18:06:23,0.85,1
Bewick's Wren,Thryomanes bewickii,2026-05-01T01:06:16Z,30-Apr-2026,18:06:16,0.89,1
Bewick's Wren,Thryomanes bewickii,2026-05-01T01:06:08Z,30-Apr-2026,18:06:08,0.48,1
Bewick's Wren,Thryomanes bewickii,2026-05-01T01:05:58Z,30-Apr-2026,18:05:58,0.48,1
Bewick's Wren,Thryomanes bewickii,2026-05-01T01:05:48Z,30-Apr-2026,18:05:48,0.49,1
Bewick's Wren,Thryomanes bewickii,2026-05-01T01:05:34Z,30-Apr-2026,18:05:34,0.82,1
Yellow-rumped Warbler,Setophaga coronata,2026-05-01T01:05:14Z,30-Apr-2026,18:05:14,0.32,1
Bewick's Wren,Thryomanes bewickii,2026-05-01T01:03:15Z,30-Apr-2026,18:03:15,0.62,1
Bewick's Wren,Thryomanes bewickii,2026-05-01T01:03:05Z,30-Apr-2026,18:03:05,0.47,1
American Robin,Turdus migratorius,2026-05-01T01:02:26Z,30-Apr-2026,18:02:26,0.8157,1
American Robin,Turdus migratorius,2026-05-01T01:00:23Z,30-Apr-2026,18:00:23,0.7804,1
American Robin,Turdus migratorius,2026-05-01T00:57:14Z,30-Apr-2026,17:57:14,0.49,1
Bewick's Wren,Thryomanes bewickii,2026-05-01T00:56:58Z,30-Apr-2026,17:56:58,0.83,1
Bewick's Wren,Thryomanes bewickii,2026-05-01T00:56:51Z,30-Apr-2026,17:56:51,0.86,1
Bewick's Wren,Thryomanes bewickii,2026-05-01T00:56:33Z,30-Apr-2026,17:56:33,0.4,1
Bewick's Wren,Thryomanes bewickii,2026-05-01T00:56:11Z,30-Apr-2026,17:56:11,0.93,1
Bewick's Wren,Thryomanes bewickii,2026-05-01T00:55:53Z,30-Apr-2026,17:55:53,0.83,1
Bewick's Wren,Thryomanes bewickii,2026-05-01T00:55:39Z,30-Apr-2026,17:55:39,0.62,1
Bewick's Wren,Thryomanes bewickii,2026-05-01T00:51:46Z,30-Apr-2026,17:51:46,0.99,1
Bewick's Wren,Thryomanes bewickii,2026-05-01T00:51:39Z,30-Apr-2026,17:51:39,0.99,1
Bewick's Wren,Thryomanes bewickii,2026-05-01T00:51:32Z,30-Apr-2026,17:51:32,0.63,1
Bewick's Wren,Thryomanes bewickii,2026-05-01T00:51:25Z,30-Apr-2026,17:51:25,0.85,1
Bewick's Wren,Thryomanes bewickii,2026-05-01T00:51:17Z,30-Apr-2026,17:51:17,0.99,1
American Robin,Turdus migratorius,2026-05-01T00:51:00Z,30-Apr-2026,17:51:00,0.3,1
American Robin,Turdus migratorius,2026-05-01T00:49:46Z,30-Apr-2026,17:49:46,0.37,1
American Robin,Turdus migratorius,2026-05-01T00:49:16Z,30-Apr-2026,17:49:16,0.8314,1
Bewick's Wren,Thryomanes bewickii,2026-05-01T00:48:46Z,30-Apr-2026,17:48:46,0.52,1
Purple Martin,Progne subis,2026-05-01T00:47:39Z,30-Apr-2026,17:47:39,0.34,1
Osprey,Pandion haliaetus,2026-05-01T00:47:32Z,30-Apr-2026,17:47:32,0.35,1
Osprey,Pandion haliaetus,2026-05-01T00:47:15Z,30-Apr-2026,17:47:15,0.8,1
Bewick's Wren,Thryomanes bewickii,2026-05-01T00:46:51Z,30-Apr-2026,17:46:51,0.74,1
Bewick's Wren,Thryomanes bewickii,2026-05-01T00:46:41Z,30-Apr-2026,17:46:41,0.8,1
Bewick's Wren,Thryomanes bewickii,2026-05-01T00:46:24Z,30-Apr-2026,17:46:24,0.3,1
Bewick's Wren,Thryomanes bewickii,2026-05-01T00:46:08Z,30-Apr-2026,17:46:08,0.43,1
Bewick's Wren,Thryomanes bewickii,2026-05-01T00:45:44Z,30-Apr-2026,17:45:44,0.47,1
Bewick's Wren,Thryomanes bewickii,2026-05-01T00:45:27Z,30-Apr-2026,17:45:27,0.26,1
Bewick's Wren,Thryomanes bewickii,2026-05-01T00:45:14Z,30-Apr-2026,17:45:14,0.67,1
Bewick's Wren,Thryomanes bewickii,2026-05-01T00:45:06Z,30-Apr-2026,17:45:06,0.49,1
Bewick's Wren,Thryomanes bewickii,2026-05-01T00:44:52Z,30-Apr-2026,17:44:52,0.4,1
Bewick's Wren,Thryomanes bewickii,2026-05-01T00:44:34Z,30-Apr-2026,17:44:34,0.53,1
Bewick's Wren,Thryomanes bewickii,2026-05-01T00:44:07Z,30-Apr-2026,17:44:07,0.6,1
Black-capped Chickadee,Poecile atricapillus,2026-05-01T00:42:34Z,30-Apr-2026,17:42:34,0.8157,1
Bewick's Wren,Thryomanes bewickii,2026-05-01T00:41:48Z,30-Apr-2026,17:41:48,0.42,1
Bewick's Wren,Thryomanes bewickii,2026-05-01T00:41:21Z,30-Apr-2026,17:41:21,0.76,1
Bewick's Wren,Thryomanes bewickii,2026-05-01T00:40:32Z,30-Apr-2026,17:40:32,0.93,1
Bewick's Wren,Thryomanes bewickii,2026-05-01T00:40:03Z,30-Apr-2026,17:40:03,0.85,1
Bewick's Wren,Thryomanes bewickii,2026-05-01T00:39:42Z,30-Apr-2026,17:39:42,0.55,1
Bewick's Wren,Thryomanes bewickii,2026-05-01T00:39:29Z,30-Apr-2026,17:39:29,0.35,1
Bewick's Wren,Thryomanes bewickii,2026-05-01T00:39:21Z,30-Apr-2026,17:39:21,0.78,1
Bewick's Wren,Thryomanes bewickii,2026-05-01T00:39:03Z,30-Apr-2026,17:39:03,0.46,1
Chestnut-backed Chickadee,Poecile rufescens,2026-05-01T00:38:47Z,30-Apr-2026,17:38:47,0.31,1
Bewick's Wren,Thryomanes bewickii,2026-05-01T00:38:12Z,30-Apr-2026,17:38:12,0.48,1
Bewick's Wren,Thryomanes bewickii,2026-05-01T00:37:47Z,30-Apr-2026,17:37:47,0.32,1
Bewick's Wren,Thryomanes bewickii,2026-05-01T00:37:34Z,30-Apr-2026,17:37:34,0.27,1
Cedar Waxwing,Bombycilla cedrorum,2026-05-01T00:35:08Z,30-Apr-2026,17:35:08,0.56,1
Bewick's Wren,Thryomanes bewickii,2026-05-01T00:34:58Z,30-Apr-2026,17:34:58,0.36,1
Mountain Chickadee,Poecile gambeli,2026-05-01T00:32:16Z,30-Apr-2026,17:32:16,0.28,1
American Robin,Turdus migratorius,2026-05-01T00:28:50Z,30-Apr-2026,17:28:50,0.38,1
American Robin,Turdus migratorius,2026-05-01T00:28:14Z,30-Apr-2026,17:28:14,0.37,1
Bewick's Wren,Thryomanes bewickii,2026-05-01T00:27:13Z,30-Apr-2026,17:27:13,0.82,1
American Robin,Turdus migratorius,2026-05-01T00:26:53Z,30-Apr-2026,17:26:53,0.8,1
Bewick's Wren,Thryomanes bewickii,2026-05-01T00:26:05Z,30-Apr-2026,17:26:05,0.52,1
Bewick's Wren,Thryomanes bewickii,2026-05-01T00:25:51Z,30-Apr-2026,17:25:51,0.44,1
Steller's Jay,Cyanocitta stelleri,2026-05-01T00:25:41Z,30-Apr-2026,17:25:41,0.9176,1
Steller's Jay,Cyanocitta stelleri,2026-05-01T00:25:37Z,30-Apr-2026,17:25:37,0.39,1
Bewick's Wren,Thryomanes bewickii,2026-05-01T00:25:00Z,30-Apr-2026,17:25:00,0.73,1
Bewick's Wren,Thryomanes bewickii,2026-05-01T00:24:31Z,30-Apr-2026,17:24:31,0.55,1
Bewick's Wren,Thryomanes bewickii,2026-05-01T00:24:20Z,30-Apr-2026,17:24:20,0.66,1
Bewick's Wren,Thryomanes bewickii,2026-05-01T00:23:57Z,30-Apr-2026,17:23:57,0.78,1
Bewick's Wren,Thryomanes bewickii,2026-05-01T00:23:44Z,30-Apr-2026,17:23:44,0.69,1
Bewick's Wren,Thryomanes bewickii,2026-05-01T00:23:37Z,30-Apr-2026,17:23:37,0.47,1
Bewick's Wren,Thryomanes bewickii,2026-05-01T00:23:13Z,30-Apr-2026,17:23:13,0.87,1
Bewick's Wren,Thryomanes bewickii,2026-05-01T00:23:07Z,30-Apr-2026,17:23:07,0.59,1
Bewick's Wren,Thryomanes bewickii,2026-05-01T00:22:47Z,30-Apr-2026,17:22:47,0.49,1
Bewick's Wren,Thryomanes bewickii,2026-05-01T00:22:40Z,30-Apr-2026,17:22:40,0.4,1
Bewick's Wren,Thryomanes bewickii,2026-05-01T00:22:26Z,30-Apr-2026,17:22:26,0.8,1
Bewick's Wren,Thryomanes bewickii,2026-05-01T00:22:19Z,30-Apr-2026,17:22:19,0.73,1
Bewick's Wren,Thryomanes bewickii,2026-05-01T00:22:04Z,30-Apr-2026,17:22:04,0.67,1
Bewick's Wren,Thryomanes bewickii,2026-05-01T00:21:48Z,30-Apr-2026,17:21:48,0.83,1
Bewick's Wren,Thryomanes bewickii,2026-05-01T00:21:36Z,30-Apr-2026,17:21:36,0.67,1
Bewick's Wren,Thryomanes bewickii,2026-05-01T00:21:06Z,30-Apr-2026,17:21:06,0.75,1
Bewick's Wren,Thryomanes bewickii,2026-05-01T00:20:25Z,30-Apr-2026,17:20:25,0.27,1
Bewick's Wren,Thryomanes bewickii,2026-05-01T00:20:19Z,30-Apr-2026,17:20:19,0.28,1
Bewick's Wren,Thryomanes bewickii,2026-05-01T00:20:12Z,30-Apr-2026,17:20:12,0.53,1
Bewick's Wren,Thryomanes bewickii,2026-05-01T00:19:49Z,30-Apr-2026,17:19:49,0.52,1
Bewick's Wren,Thryomanes bewickii,2026-05-01T00:19:42Z,30-Apr-2026,17:19:42,0.65,1
Bewick's Wren,Thryomanes bewickii,2026-05-01T00:19:35Z,30-Apr-2026,17:19:35,0.59,1
Bewick's Wren,Thryomanes bewickii,2026-05-01T00:19:27Z,30-Apr-2026,17:19:27,0.5,1
Bewick's Wren,Thryomanes bewickii,2026-05-01T00:19:12Z,30-Apr-2026,17:19:12,0.33,1
Bewick's Wren,Thryomanes bewickii,2026-05-01T00:18:48Z,30-Apr-2026,17:18:48,0.5,1
Bewick's Wren,Thryomanes bewickii,2026-05-01T00:18:34Z,30-Apr-2026,17:18:34,0.76,1
Bewick's Wren,Thryomanes bewickii,2026-05-01T00:18:26Z,30-Apr-2026,17:18:26,0.28,1
Bewick's Wren,Thryomanes bewickii,2026-05-01T00:18:18Z,30-Apr-2026,17:18:18,0.35,1
Bewick's Wren,Thryomanes bewickii,2026-05-01T00:18:10Z,30-Apr-2026,17:18:10,0.39,1
Bewick's Wren,Thryomanes bewickii,2026-05-01T00:18:04Z,30-Apr-2026,17:18:04,0.27,1
Bewick's Wren,Thryomanes bewickii,2026-05-01T00:17:57Z,30-Apr-2026,17:17:57,0.29,1
Bewick's Wren,Thryomanes bewickii,2026-05-01T00:17:44Z,30-Apr-2026,17:17:44,0.7,1
Bewick's Wren,Thryomanes bewickii,2026-05-01T00:17:37Z,30-Apr-2026,17:17:37,0.26,1
Bewick's Wren,Thryomanes bewickii,2026-05-01T00:17:17Z,30-Apr-2026,17:17:17,0.64,1
Bewick's Wren,Thryomanes bewickii,2026-05-01T00:17:06Z,30-Apr-2026,17:17:06,0.56,1
Bewick's Wren,Thryomanes bewickii,2026-05-01T00:16:56Z,30-Apr-2026,17:16:56,0.68,1
Bewick's Wren,Thryomanes bewickii,2026-05-01T00:16:50Z,30-Apr-2026,17:16:50,0.73,1
Bewick's Wren,Thryomanes bewickii,2026-05-01T00:16:26Z,30-Apr-2026,17:16:26,0.43,1
Bewick's Wren,Thryomanes bewickii,2026-05-01T00:16:04Z,30-Apr-2026,17:16:04,0.5,1
Bewick's Wren,Thryomanes bewickii,2026-05-01T00:15:45Z,30-Apr-2026,17:15:45,0.69,1
Bewick's Wren,Thryomanes bewickii,2026-05-01T00:15:35Z,30-Apr-2026,17:15:35,0.73,1
Bewick's Wren,Thryomanes bewickii,2026-05-01T00:14:55Z,30-Apr-2026,17:14:55,0.76,1
Bewick's Wren,Thryomanes bewickii,2026-05-01T00:14:14Z,30-Apr-2026,17:14:14,0.27,1
American Robin,Turdus migratorius,2026-05-01T00:13:14Z,30-Apr-2026,17:13:14,0.8,1
American Robin,Turdus migratorius,2026-05-01T00:09:33Z,30-Apr-2026,17:09:33,0.8314,1
American Robin,Turdus migratorius,2026-05-01T00:08:59Z,30-Apr-2026,17:08:59,0.27,1
Hermit Thrush,Catharus guttatus,2026-05-01T00:07:16Z,30-Apr-2026,17:07:16,0.26,1
Bewick's Wren,Thryomanes bewickii,2026-05-01T00:06:35Z,30-Apr-2026,17:06:35,0.92,1
Bewick's Wren,Thryomanes bewickii,2026-05-01T00:06:27Z,30-Apr-2026,17:06:27,0.32,1
Barred Owl,Strix varia,2026-05-01T00:05:05Z,30-Apr-2026,17:05:05,0.48,1
Bewick's Wren,Thryomanes bewickii,2026-05-01T00:04:52Z,30-Apr-2026,17:04:52,0.98,1
Bewick's Wren,Thryomanes bewickii,2026-05-01T00:04:28Z,30-Apr-2026,17:04:28,0.93,1
Bewick's Wren,Thryomanes bewickii,2026-05-01T00:03:45Z,30-Apr-2026,17:03:45,0.8,1
Bewick's Wren,Thryomanes bewickii,2026-05-01T00:03:32Z,30-Apr-2026,17:03:32,0.49,1
Bewick's Wren,Thryomanes bewickii,2026-05-01T00:02:56Z,30-Apr-2026,17:02:56,0.47,1
Bewick's Wren,Thryomanes bewickii,2026-05-01T00:02:42Z,30-Apr-2026,17:02:42,0.4,1
Bewick's Wren,Thryomanes bewickii,2026-05-01T00:02:25Z,30-Apr-2026,17:02:25,0.41,1
Bewick's Wren,Thryomanes bewickii,2026-05-01T00:01:51Z,30-Apr-2026,17:01:51,0.74,1
Bewick's Wren,Thryomanes bewickii,2026-05-01T00:00:55Z,30-Apr-2026,17:00:55,0.36,1
