Species,Scientific Name,UTC Date,Local Date,Local Time,Score,Count
American Crow,Corvus brachyrhynchos,2026-04-12T23:59:10Z,12-Apr-2026,16:59:10,0.8471,1
American Crow,Corvus brachyrhynchos,2026-04-12T23:58:56Z,12-Apr-2026,16:58:56,0.31,1
American Robin,Turdus migratorius,2026-04-12T23:57:28Z,12-Apr-2026,16:57:28,0.29,1
American Robin,Turdus migratorius,2026-04-12T23:57:24Z,12-Apr-2026,16:57:24,0.8627,2
American Robin,Turdus migratorius,2026-04-12T23:57:00Z,12-Apr-2026,16:57:00,0.53,1
American Robin,Turdus migratorius,2026-04-12T23:56:36Z,12-Apr-2026,16:56:36,0.48,1
American Robin,Turdus migratorius,2026-04-12T23:56:18Z,12-Apr-2026,16:56:18,0.51,1
American Robin,Turdus migratorius,2026-04-12T23:56:00Z,12-Apr-2026,16:56:00,0.42,1
American Robin,Turdus migratorius,2026-04-12T23:55:54Z,12-Apr-2026,16:55:54,0.8157,5
American Robin,Turdus migratorius,2026-04-12T23:55:43Z,12-Apr-2026,16:55:43,0.26,1
American Robin,Turdus migratorius,2026-04-12T23:55:36Z,12-Apr-2026,16:55:36,0.4,1
American Robin,Turdus migratorius,2026-04-12T23:55:04Z,12-Apr-2026,16:55:04,0.29,1
American Robin,Turdus migratorius,2026-04-12T23:54:48Z,12-Apr-2026,16:54:48,0.8314,4
Black-capped Chickadee,Poecile atricapillus,2026-04-12T23:54:39Z,12-Apr-2026,16:54:39,0.8471,3
American Robin,Turdus migratorius,2026-04-12T23:54:35Z,12-Apr-2026,16:54:35,0.45,1
American Robin,Turdus migratorius,2026-04-12T23:54:04Z,12-Apr-2026,16:54:04,0.35,1
American Robin,Turdus migratorius,2026-04-12T23:53:54Z,12-Apr-2026,16:53:54,0.59,1
American Robin,Turdus migratorius,2026-04-12T23:53:46Z,12-Apr-2026,16:53:46,0.28,1
American Robin,Turdus migratorius,2026-04-12T23:53:42Z,12-Apr-2026,16:53:42,0.8471,1
American Robin,Turdus migratorius,2026-04-12T23:53:37Z,12-Apr-2026,16:53:37,0.29,1
American Robin,Turdus migratorius,2026-04-12T23:53:30Z,12-Apr-2026,16:53:30,0.42,1
American Robin,Turdus migratorius,2026-04-12T23:53:23Z,12-Apr-2026,16:53:23,0.54,1
American Robin,Turdus migratorius,2026-04-12T23:53:13Z,12-Apr-2026,16:53:13,0.58,1
Downy Woodpecker,Dryobates pubescens,2026-04-12T23:49:34Z,12-Apr-2026,16:49:34,0.28,1
Black-capped Chickadee,Poecile atricapillus,2026-04-12T23:48:49Z,12-Apr-2026,16:48:49,0.8745,1
Dark-eyed Junco,Junco hyemalis,2026-04-12T23:46:55Z,12-Apr-2026,16:46:55,0.26,1
Dark-eyed Junco,Junco hyemalis,2026-04-12T23:40:34Z,12-Apr-2026,16:40:34,0.34,1
Dark-eyed Junco,Junco hyemalis,2026-04-12T23:40:01Z,12-Apr-2026,16:40:01,0.7804,1
Dark-eyed Junco,Junco hyemalis,2026-04-12T23:39:23Z,12-Apr-2026,16:39:23,0.35,1
Dark-eyed Junco,Junco hyemalis,2026-04-12T23:38:54Z,12-Apr-2026,16:38:54,0.27,1
American Robin,Turdus migratorius,2026-04-12T23:36:52Z,12-Apr-2026,16:36:52,0.27,1
American Crow,Corvus brachyrhynchos,2026-04-12T23:34:13Z,12-Apr-2026,16:34:13,0.898,1
American Robin,Turdus migratorius,2026-04-12T23:29:50Z,12-Apr-2026,16:29:50,0.32,1
American Robin,Turdus migratorius,2026-04-12T23:29:43Z,12-Apr-2026,16:29:43,0.3,1
Chestnut-backed Chickadee,Poecile rufescens,2026-04-12T23:29:20Z,12-Apr-2026,16:29:20,0.39,1
Chestnut-backed Chickadee,Poecile rufescens,2026-04-12T23:29:05Z,12-Apr-2026,16:29:05,0.9255,3
American Robin,Turdus migratorius,2026-04-12T23:28:50Z,12-Apr-2026,16:28:50,0.8471,8
Chestnut-backed Chickadee,Poecile rufescens,2026-04-12T23:28:38Z,12-Apr-2026,16:28:38,0.53,1
Chestnut-backed Chickadee,Poecile rufescens,2026-04-12T23:27:59Z,12-Apr-2026,16:27:59,0.8314,1
American Robin,Turdus migratorius,2026-04-12T23:27:19Z,12-Apr-2026,16:27:19,0.51,1
American Robin,Turdus migratorius,2026-04-12T23:27:12Z,12-Apr-2026,16:27:12,0.78,1
American Robin,Turdus migratorius,2026-04-12T23:26:58Z,12-Apr-2026,16:26:58,0.46,1
American Robin,Turdus migratorius,2026-04-12T23:26:51Z,12-Apr-2026,16:26:51,0.3,1
American Robin,Turdus migratorius,2026-04-12T23:26:19Z,12-Apr-2026,16:26:19,0.45,1
American Robin,Turdus migratorius,2026-04-12T23:26:12Z,12-Apr-2026,16:26:12,0.8,1
American Robin,Turdus migratorius,2026-04-12T23:24:54Z,12-Apr-2026,16:24:54,0.51,1
American Robin,Turdus migratorius,2026-04-12T23:24:47Z,12-Apr-2026,16:24:47,0.27,1
American Robin,Turdus migratorius,2026-04-12T23:24:32Z,12-Apr-2026,16:24:32,0.42,1
American Robin,Turdus migratorius,2026-04-12T23:23:27Z,12-Apr-2026,16:23:27,0.44,1
American Robin,Turdus migratorius,2026-04-12T23:23:20Z,12-Apr-2026,16:23:20,0.4,1
American Robin,Turdus migratorius,2026-04-12T23:22:57Z,12-Apr-2026,16:22:57,0.8471,3
American Robin,Turdus migratorius,2026-04-12T23:19:57Z,12-Apr-2026,16:19:57,0.8745,1
Chestnut-backed Chickadee,Poecile rufescens,2026-04-12T23:16:02Z,12-Apr-2026,16:16:02,0.8627,1
American Robin,Turdus migratorius,2026-04-12T23:15:05Z,12-Apr-2026,16:15:05,0.52,1
American Robin,Turdus migratorius,2026-04-12T23:14:48Z,12-Apr-2026,16:14:48,0.9176,1
American Robin,Turdus migratorius,2026-04-12T23:13:55Z,12-Apr-2026,16:13:55,0.4,1
American Robin,Turdus migratorius,2026-04-12T23:13:33Z,12-Apr-2026,16:13:33,0.62,1
American Robin,Turdus migratorius,2026-04-12T23:13:26Z,12-Apr-2026,16:13:26,0.61,1
American Robin,Turdus migratorius,2026-04-12T23:13:21Z,12-Apr-2026,16:13:21,0.8471,3
American Robin,Turdus migratorius,2026-04-12T23:12:44Z,12-Apr-2026,16:12:44,0.46,1
American Robin,Turdus migratorius,2026-04-12T23:12:31Z,12-Apr-2026,16:12:31,0.47,1
American Robin,Turdus migratorius,2026-04-12T23:12:24Z,12-Apr-2026,16:12:24,0.36,1
American Robin,Turdus migratorius,2026-04-12T23:11:43Z,12-Apr-2026,16:11:43,0.28,1
American Robin,Turdus migratorius,2026-04-12T23:11:39Z,12-Apr-2026,16:11:39,0.8627,1
American Robin,Turdus migratorius,2026-04-12T23:10:31Z,12-Apr-2026,16:10:31,0.9098,8
American Robin,Turdus migratorius,2026-04-12T23:10:27Z,12-Apr-2026,16:10:27,0.63,1
American Robin,Turdus migratorius,2026-04-12T23:10:20Z,12-Apr-2026,16:10:20,0.36,1
American Robin,Turdus migratorius,2026-04-12T23:08:59Z,12-Apr-2026,16:08:59,0.8745,1
Violet-green Swallow,Tachycineta thalassina,2026-04-12T23:07:38Z,12-Apr-2026,16:07:38,0.71,1
Black-capped Chickadee,Poecile atricapillus,2026-04-12T23:05:13Z,12-Apr-2026,16:05:13,0.8863,1
American Robin,Turdus migratorius,2026-04-12T23:04:46Z,12-Apr-2026,16:04:46,0.8471,7
American Robin,Turdus migratorius,2026-04-12T23:04:14Z,12-Apr-2026,16:04:14,0.34,1
American Robin,Turdus migratorius,2026-04-12T23:03:43Z,12-Apr-2026,16:03:43,0.32,1
American Robin,Turdus migratorius,2026-04-12T23:03:35Z,12-Apr-2026,16:03:35,0.8157,1
American Robin,Turdus migratorius,2026-04-12T23:01:35Z,12-Apr-2026,16:01:35,0.37,1
House Finch,Haemorhous mexicanus,2026-04-12T23:01:05Z,12-Apr-2026,16:01:05,0.48,1
House Finch,Haemorhous mexicanus,2026-04-12T23:00:42Z,12-Apr-2026,16:00:42,0.74,1
House Finch,Haemorhous mexicanus,2026-04-12T23:00:34Z,12-Apr-2026,16:00:34,0.95,1
House Finch,Haemorhous mexicanus,2026-04-12T23:00:26Z,12-Apr-2026,16:00:26,0.8471,5
House Finch,Haemorhous mexicanus,2026-04-12T23:00:22Z,12-Apr-2026,16:00:22,0.87,1
House Finch,Haemorhous mexicanus,2026-04-12T23:00:12Z,12-Apr-2026,16:00:12,0.9,1
House Finch,Haemorhous mexicanus,2026-04-12T23:00:04Z,12-Apr-2026,16:00:04,0.47,1
House Finch,Haemorhous mexicanus,2026-04-12T22:59:26Z,12-Apr-2026,15:59:26,0.78,1
House Finch,Haemorhous mexicanus,2026-04-12T22:59:21Z,12-Apr-2026,15:59:21,0.9333,1
American Robin,Turdus migratorius,2026-04-12T22:57:04Z,12-Apr-2026,15:57:04,0.8,1
American Crow,Corvus brachyrhynchos,2026-04-12T22:56:59Z,12-Apr-2026,15:56:59,0.28,1
Dark-eyed Junco,Junco hyemalis,2026-04-12T22:56:52Z,12-Apr-2026,15:56:52,0.64,1
Dark-eyed Junco,Junco hyemalis,2026-04-12T22:56:37Z,12-Apr-2026,15:56:37,0.71,1
Black-capped Chickadee,Poecile atricapillus,2026-04-12T22:54:50Z,12-Apr-2026,15:54:50,0.8471,1
Dark-eyed Junco,Junco hyemalis,2026-04-12T22:52:19Z,12-Apr-2026,15:52:19,0.45,1
House Finch,Haemorhous mexicanus,2026-04-12T22:51:47Z,12-Apr-2026,15:51:47,0.8,1
House Finch,Haemorhous mexicanus,2026-04-12T22:44:40Z,12-Apr-2026,15:44:40,0.8,1
House Finch,Haemorhous mexicanus,2026-04-12T22:42:44Z,12-Apr-2026,15:42:44,0.7804,1
House Finch,Haemorhous mexicanus,2026-04-12T22:41:50Z,12-Apr-2026,15:41:50,0.53,1
American Robin,Turdus migratorius,2026-04-12T22:40:53Z,12-Apr-2026,15:40:53,0.46,1
American Robin,Turdus migratorius,2026-04-12T22:40:49Z,12-Apr-2026,15:40:49,0.8157,1
Dark-eyed Junco,Junco hyemalis,2026-04-12T22:37:39Z,12-Apr-2026,15:37:39,0.85,1
Dark-eyed Junco,Junco hyemalis,2026-04-12T22:37:32Z,12-Apr-2026,15:37:32,0.75,1
Northern Flicker,Colaptes auratus,2026-04-12T22:36:33Z,12-Apr-2026,15:36:33,0.68,1
Black-capped Chickadee,Poecile atricapillus,2026-04-12T22:33:29Z,12-Apr-2026,15:33:29,0.29,1
Black-capped Chickadee,Poecile atricapillus,2026-04-12T22:33:15Z,12-Apr-2026,15:33:15,0.82,1
Black-capped Chickadee,Poecile atricapillus,2026-04-12T22:33:04Z,12-Apr-2026,15:33:04,0.9255,1
House Finch,Haemorhous mexicanus,2026-04-12T22:30:51Z,12-Apr-2026,15:30:51,0.7804,1
Chestnut-backed Chickadee,Poecile rufescens,2026-04-12T22:29:00Z,12-Apr-2026,15:29:00,0.8745,1
Bewick's Wren,Thryomanes bewickii,2026-04-12T22:26:35Z,12-Apr-2026,15:26:35,0.52,1
Bewick's Wren,Thryomanes bewickii,2026-04-12T22:25:53Z,12-Apr-2026,15:25:53,0.35,1
Bewick's Wren,Thryomanes bewickii,2026-04-12T22:25:40Z,12-Apr-2026,15:25:40,0.47,1
Bewick's Wren,Thryomanes bewickii,2026-04-12T22:25:16Z,12-Apr-2026,15:25:16,0.29,1
Dark-eyed Junco,Junco hyemalis,2026-04-12T22:23:31Z,12-Apr-2026,15:23:31,0.37,1
House Finch,Haemorhous mexicanus,2026-04-12T22:13:36Z,12-Apr-2026,15:13:36,0.26,1
Chestnut-backed Chickadee,Poecile rufescens,2026-04-12T22:13:26Z,12-Apr-2026,15:13:26,0.898,1
Mountain Chickadee,Poecile gambeli,2026-04-12T22:12:14Z,12-Apr-2026,15:12:14,0.43,1
American Crow,Corvus brachyrhynchos,2026-04-12T22:12:03Z,12-Apr-2026,15:12:03,0.8627,3
American Crow,Corvus brachyrhynchos,2026-04-12T22:10:42Z,12-Apr-2026,15:10:42,0.8,1
Mountain Chickadee,Poecile gambeli,2026-04-12T22:10:20Z,12-Apr-2026,15:10:20,0.3,1
House Finch,Haemorhous mexicanus,2026-04-12T22:07:53Z,12-Apr-2026,15:07:53,0.8314,1
American Crow,Corvus brachyrhynchos,2026-04-12T22:05:36Z,12-Apr-2026,15:05:36,0.35,1
American Crow,Corvus brachyrhynchos,2026-04-12T22:02:32Z,12-Apr-2026,15:02:32,0.8157,1
American Crow,Corvus brachyrhynchos,2026-04-12T22:02:27Z,12-Apr-2026,15:02:27,0.54,1
Bewick's Wren,Thryomanes bewickii,2026-04-12T22:00:17Z,12-Apr-2026,15:00:17,0.28,1
Bewick's Wren,Thryomanes bewickii,2026-04-12T21:59:50Z,12-Apr-2026,14:59:50,0.93,1
Bewick's Wren,Thryomanes bewickii,2026-04-12T21:59:42Z,12-Apr-2026,14:59:42,0.7,1
Dark-eyed Junco,Junco hyemalis,2026-04-12T21:56:53Z,12-Apr-2026,14:56:53,0.36,1
Dark-eyed Junco,Junco hyemalis,2026-04-12T21:56:46Z,12-Apr-2026,14:56:46,0.8157,1
Bewick's Wren,Thryomanes bewickii,2026-04-12T21:56:42Z,12-Apr-2026,14:56:42,0.51,1
Dark-eyed Junco,Junco hyemalis,2026-04-12T21:56:35Z,12-Apr-2026,14:56:35,0.43,1
Dark-eyed Junco,Junco hyemalis,2026-04-12T21:56:06Z,12-Apr-2026,14:56:06,0.54,1
Dark-eyed Junco,Junco hyemalis,2026-04-12T21:55:59Z,12-Apr-2026,14:55:59,0.62,1
Bewick's Wren,Thryomanes bewickii,2026-04-12T21:55:53Z,12-Apr-2026,14:55:53,0.48,1
Bewick's Wren,Thryomanes bewickii,2026-04-12T21:55:42Z,12-Apr-2026,14:55:42,0.42,1
Bewick's Wren,Thryomanes bewickii,2026-04-12T21:55:21Z,12-Apr-2026,14:55:21,0.83,1
House Finch,Haemorhous mexicanus,2026-04-12T21:53:27Z,12-Apr-2026,14:53:27,0.7804,1
Orange-crowned Warbler,Leiothlypis celata,2026-04-12T21:47:33Z,12-Apr-2026,14:47:33,0.43,1
American Crow,Corvus brachyrhynchos,2026-04-12T21:45:10Z,12-Apr-2026,14:45:10,0.8471,1
Steller's Jay,Cyanocitta stelleri,2026-04-12T21:44:48Z,12-Apr-2026,14:44:48,0.78,1
Dark-eyed Junco,Junco hyemalis,2026-04-12T21:41:00Z,12-Apr-2026,14:41:00,0.43,1
American Crow,Corvus brachyrhynchos,2026-04-12T21:39:52Z,12-Apr-2026,14:39:52,0.33,1
Mountain Chickadee,Poecile gambeli,2026-04-12T21:26:34Z,12-Apr-2026,14:26:34,0.41,1
Black-capped Chickadee,Poecile atricapillus,2026-04-12T21:24:42Z,12-Apr-2026,14:24:42,0.26,1
Black-capped Chickadee,Poecile atricapillus,2026-04-12T21:24:36Z,12-Apr-2026,14:24:36,0.8,2
Black-capped Chickadee,Poecile atricapillus,2026-04-12T21:23:20Z,12-Apr-2026,14:23:20,0.8627,1
House Finch,Haemorhous mexicanus,2026-04-12T21:21:09Z,12-Apr-2026,14:21:09,0.59,1
Black-capped Chickadee,Poecile atricapillus,2026-04-12T21:19:18Z,12-Apr-2026,14:19:18,0.41,1
Black-capped Chickadee,Poecile atricapillus,2026-04-12T21:18:49Z,12-Apr-2026,14:18:49,0.8,1
Chestnut-backed Chickadee,Poecile rufescens,2026-04-12T21:14:53Z,12-Apr-2026,14:14:53,0.7804,1
House Finch,Haemorhous mexicanus,2026-04-12T21:12:02Z,12-Apr-2026,14:12:02,0.8627,1
House Finch,Haemorhous mexicanus,2026-04-12T21:10:58Z,12-Apr-2026,14:10:58,0.8,1
House Finch,Haemorhous mexicanus,2026-04-12T21:06:53Z,12-Apr-2026,14:06:53,0.8,2
American Crow,Corvus brachyrhynchos,2026-04-12T21:06:48Z,12-Apr-2026,14:06:48,0.33,1
House Finch,Haemorhous mexicanus,2026-04-12T21:05:38Z,12-Apr-2026,14:05:38,0.8863,2
House Finch,Haemorhous mexicanus,2026-04-12T21:05:33Z,12-Apr-2026,14:05:33,0.42,1
Steller's Jay,Cyanocitta stelleri,2026-04-12T21:04:41Z,12-Apr-2026,14:04:41,0.77,1
House Finch,Haemorhous mexicanus,2026-04-12T21:03:04Z,12-Apr-2026,14:03:04,0.7804,1
American Crow,Corvus brachyrhynchos,2026-04-12T21:01:51Z,12-Apr-2026,14:01:51,0.28,1
Bewick's Wren,Thryomanes bewickii,2026-04-12T21:00:27Z,12-Apr-2026,14:00:27,0.36,1
Bewick's Wren,Thryomanes bewickii,2026-04-12T20:59:57Z,12-Apr-2026,13:59:57,0.33,1
Bewick's Wren,Thryomanes bewickii,2026-04-12T20:58:46Z,12-Apr-2026,13:58:46,0.63,1
Black Phoebe,Sayornis nigricans,2026-04-12T20:52:37Z,12-Apr-2026,13:52:37,0.8863,1
Dark-eyed Junco,Junco hyemalis,2026-04-12T20:50:48Z,12-Apr-2026,13:50:48,0.48,1
Dark-eyed Junco,Junco hyemalis,2026-04-12T20:50:05Z,12-Apr-2026,13:50:05,0.8157,1
Dark-eyed Junco,Junco hyemalis,2026-04-12T20:49:57Z,12-Apr-2026,13:49:57,0.3,1
Dark-eyed Junco,Junco hyemalis,2026-04-12T20:49:47Z,12-Apr-2026,13:49:47,0.43,1
Dark-eyed Junco,Junco hyemalis,2026-04-12T20:48:48Z,12-Apr-2026,13:48:48,0.8,1
American Crow,Corvus brachyrhynchos,2026-04-12T20:48:17Z,12-Apr-2026,13:48:17,0.8157,1
Downy Woodpecker,Dryobates pubescens,2026-04-12T20:39:07Z,12-Apr-2026,13:39:07,0.41,1
Black-capped Chickadee,Poecile atricapillus,2026-04-12T20:38:37Z,12-Apr-2026,13:38:37,0.7804,1
Black-capped Chickadee,Poecile atricapillus,2026-04-12T20:37:26Z,12-Apr-2026,13:37:26,0.26,1
Black-capped Chickadee,Poecile atricapillus,2026-04-12T20:37:18Z,12-Apr-2026,13:37:18,0.9804,5
Dark-eyed Junco,Junco hyemalis,2026-04-12T20:37:06Z,12-Apr-2026,13:37:06,0.83,1
Black-capped Chickadee,Poecile atricapillus,2026-04-12T20:36:15Z,12-Apr-2026,13:36:15,0.8,1
Dark-eyed Junco,Junco hyemalis,2026-04-12T20:34:16Z,12-Apr-2026,13:34:16,0.32,1
Dark-eyed Junco,Junco hyemalis,2026-04-12T20:25:40Z,12-Apr-2026,13:25:40,0.57,1
Dark-eyed Junco,Junco hyemalis,2026-04-12T20:25:29Z,12-Apr-2026,13:25:29,0.43,1
Orange-crowned Warbler,Leiothlypis celata,2026-04-12T20:25:22Z,12-Apr-2026,13:25:22,0.58,1
Dark-eyed Junco,Junco hyemalis,2026-04-12T20:25:11Z,12-Apr-2026,13:25:11,0.27,1
Dark-eyed Junco,Junco hyemalis,2026-04-12T20:25:04Z,12-Apr-2026,13:25:04,0.49,1
Dark-eyed Junco,Junco hyemalis,2026-04-12T20:23:06Z,12-Apr-2026,13:23:06,0.37,1
Dark-eyed Junco,Junco hyemalis,2026-04-12T20:22:34Z,12-Apr-2026,13:22:34,0.48,1
Dark-eyed Junco,Junco hyemalis,2026-04-12T20:22:26Z,12-Apr-2026,13:22:26,0.44,1
Dark-eyed Junco,Junco hyemalis,2026-04-12T20:22:09Z,12-Apr-2026,13:22:09,0.43,1
Dark-eyed Junco,Junco hyemalis,2026-04-12T20:17:11Z,12-Apr-2026,13:17:11,0.26,1
Dark-eyed Junco,Junco hyemalis,2026-04-12T20:16:59Z,12-Apr-2026,13:16:59,0.38,1
Bewick's Wren,Thryomanes bewickii,2026-04-12T20:16:51Z,12-Apr-2026,13:16:51,0.33,1
Bewick's Wren,Thryomanes bewickii,2026-04-12T20:16:43Z,12-Apr-2026,13:16:43,0.66,1
Bewick's Wren,Thryomanes bewickii,2026-04-12T20:16:33Z,12-Apr-2026,13:16:33,0.3,1
Bewick's Wren,Thryomanes bewickii,2026-04-12T20:16:20Z,12-Apr-2026,13:16:20,0.31,1
House Finch,Haemorhous mexicanus,2026-04-12T20:13:56Z,12-Apr-2026,13:13:56,0.36,1
Spotted Towhee,Pipilo maculatus,2026-04-12T20:13:39Z,12-Apr-2026,13:13:39,0.44,1
Spotted Towhee,Pipilo maculatus,2026-04-12T20:13:18Z,12-Apr-2026,13:13:18,0.3,1
Spotted Towhee,Pipilo maculatus,2026-04-12T20:13:11Z,12-Apr-2026,13:13:11,0.3,1
Spotted Towhee,Pipilo maculatus,2026-04-12T20:12:16Z,12-Apr-2026,13:12:16,0.43,1
Spotted Towhee,Pipilo maculatus,2026-04-12T20:10:46Z,12-Apr-2026,13:10:46,0.27,1
Spotted Towhee,Pipilo maculatus,2026-04-12T20:10:26Z,12-Apr-2026,13:10:26,0.44,1
Spotted Towhee,Pipilo maculatus,2026-04-12T20:10:19Z,12-Apr-2026,13:10:19,0.42,1
Spotted Towhee,Pipilo maculatus,2026-04-12T20:10:04Z,12-Apr-2026,13:10:04,0.27,1
Spotted Towhee,Pipilo maculatus,2026-04-12T20:09:54Z,12-Apr-2026,13:09:54,0.44,1
Spotted Towhee,Pipilo maculatus,2026-04-12T20:09:41Z,12-Apr-2026,13:09:41,0.4,1
Spotted Towhee,Pipilo maculatus,2026-04-12T20:09:33Z,12-Apr-2026,13:09:33,0.29,1
Spotted Towhee,Pipilo maculatus,2026-04-12T20:09:23Z,12-Apr-2026,13:09:23,0.44,1
Spotted Towhee,Pipilo maculatus,2026-04-12T20:09:16Z,12-Apr-2026,13:09:16,0.32,1
Spotted Towhee,Pipilo maculatus,2026-04-12T20:09:05Z,12-Apr-2026,13:09:05,0.35,1
Spotted Towhee,Pipilo maculatus,2026-04-12T20:08:58Z,12-Apr-2026,13:08:58,0.28,1
Spotted Towhee,Pipilo maculatus,2026-04-12T20:08:12Z,12-Apr-2026,13:08:12,0.38,1
Spotted Towhee,Pipilo maculatus,2026-04-12T20:07:35Z,12-Apr-2026,13:07:35,0.31,1
Varied Thrush,Ixoreus naevius,2026-04-12T20:07:10Z,12-Apr-2026,13:07:10,0.35,1
Black Phoebe,Sayornis nigricans,2026-04-12T20:02:57Z,12-Apr-2026,13:02:57,0.7804,1
American Goldfinch,Spinus tristis,2026-04-12T19:57:36Z,12-Apr-2026,12:57:36,0.8745,1
Pacific-slope Flycatcher,Empidonax difficilis,2026-04-12T19:55:09Z,12-Apr-2026,12:55:09,0.29,1
Dark-eyed Junco,Junco hyemalis,2026-04-12T19:54:59Z,12-Apr-2026,12:54:59,0.69,1
Dark-eyed Junco,Junco hyemalis,2026-04-12T19:54:35Z,12-Apr-2026,12:54:35,0.46,1
Dark-eyed Junco,Junco hyemalis,2026-04-12T19:54:01Z,12-Apr-2026,12:54:01,0.8627,1
Dark-eyed Junco,Junco hyemalis,2026-04-12T19:53:39Z,12-Apr-2026,12:53:39,0.39,1
American Crow,Corvus brachyrhynchos,2026-04-12T19:50:56Z,12-Apr-2026,12:50:56,0.8,1
Dark-eyed Junco,Junco hyemalis,2026-04-12T19:50:34Z,12-Apr-2026,12:50:34,0.35,1
House Finch,Haemorhous mexicanus,2026-04-12T19:49:08Z,12-Apr-2026,12:49:08,0.9098,1
Dark-eyed Junco,Junco hyemalis,2026-04-12T19:48:55Z,12-Apr-2026,12:48:55,0.27,1
Bewick's Wren,Thryomanes bewickii,2026-04-12T19:47:39Z,12-Apr-2026,12:47:39,0.42,1
Bewick's Wren,Thryomanes bewickii,2026-04-12T19:47:21Z,12-Apr-2026,12:47:21,0.31,1
Bewick's Wren,Thryomanes bewickii,2026-04-12T19:47:11Z,12-Apr-2026,12:47:11,0.9,1
Bewick's Wren,Thryomanes bewickii,2026-04-12T19:47:02Z,12-Apr-2026,12:47:02,0.89,1
Song Sparrow,Melospiza melodia,2026-04-12T19:46:40Z,12-Apr-2026,12:46:40,0.949,1
House Finch,Haemorhous mexicanus,2026-04-12T19:46:36Z,12-Apr-2026,12:46:36,0.7804,1
Bewick's Wren,Thryomanes bewickii,2026-04-12T19:44:25Z,12-Apr-2026,12:44:25,0.42,1
Bewick's Wren,Thryomanes bewickii,2026-04-12T19:44:20Z,12-Apr-2026,12:44:20,0.6,1
Dark-eyed Junco,Junco hyemalis,2026-04-12T19:44:00Z,12-Apr-2026,12:44:00,0.47,1
Black-capped Chickadee,Poecile atricapillus,2026-04-12T19:40:21Z,12-Apr-2026,12:40:21,0.28,1
Black-capped Chickadee,Poecile atricapillus,2026-04-12T19:39:30Z,12-Apr-2026,12:39:30,0.7804,3
Black-capped Chickadee,Poecile atricapillus,2026-04-12T19:38:49Z,12-Apr-2026,12:38:49,0.59,1
Black-capped Chickadee,Poecile atricapillus,2026-04-12T19:38:18Z,12-Apr-2026,12:38:18,0.8745,1
Bewick's Wren,Thryomanes bewickii,2026-04-12T19:37:03Z,12-Apr-2026,12:37:03,0.31,1
Bewick's Wren,Thryomanes bewickii,2026-04-12T19:36:44Z,12-Apr-2026,12:36:44,0.28,1
Bewick's Wren,Thryomanes bewickii,2026-04-12T19:36:21Z,12-Apr-2026,12:36:21,0.26,1
House Finch,Haemorhous mexicanus,2026-04-12T19:32:06Z,12-Apr-2026,12:32:06,0.8745,1
American Goldfinch,Spinus tristis,2026-04-12T19:31:53Z,12-Apr-2026,12:31:53,0.55,1
Steller's Jay,Cyanocitta stelleri,2026-04-12T19:31:35Z,12-Apr-2026,12:31:35,0.8863,3
Steller's Jay,Cyanocitta stelleri,2026-04-12T19:31:03Z,12-Apr-2026,12:31:03,0.75,1
Steller's Jay,Cyanocitta stelleri,2026-04-12T19:30:19Z,12-Apr-2026,12:30:19,0.97,1
Steller's Jay,Cyanocitta stelleri,2026-04-12T19:30:15Z,12-Apr-2026,12:30:15,0.9098,1
Bushtit,Psaltriparus minimus,2026-04-12T19:30:07Z,12-Apr-2026,12:30:07,0.82,1
Bushtit,Psaltriparus minimus,2026-04-12T19:29:56Z,12-Apr-2026,12:29:56,0.5,1
Dark-eyed Junco,Junco hyemalis,2026-04-12T19:29:47Z,12-Apr-2026,12:29:47,0.8471,1
Black-capped Chickadee,Poecile atricapillus,2026-04-12T19:22:45Z,12-Apr-2026,12:22:45,0.8314,1
Black-capped Chickadee,Poecile atricapillus,2026-04-12T19:21:53Z,12-Apr-2026,12:21:53,0.36,1
Black-capped Chickadee,Poecile atricapillus,2026-04-12T19:20:48Z,12-Apr-2026,12:20:48,0.8314,1
American Crow,Corvus brachyrhynchos,2026-04-12T19:17:33Z,12-Apr-2026,12:17:33,0.8627,1
Dark-eyed Junco,Junco hyemalis,2026-04-12T19:12:36Z,12-Apr-2026,12:12:36,0.7804,1
American Crow,Corvus brachyrhynchos,2026-04-12T19:05:22Z,12-Apr-2026,12:05:22,0.8627,1
American Robin,Turdus migratorius,2026-04-12T19:03:31Z,12-Apr-2026,12:03:31,0.38,1
House Finch,Haemorhous mexicanus,2026-04-12T19:02:13Z,12-Apr-2026,12:02:13,0.65,1
Bewick's Wren,Thryomanes bewickii,2026-04-12T18:54:21Z,12-Apr-2026,11:54:21,0.26,1
Dark-eyed Junco,Junco hyemalis,2026-04-12T18:54:04Z,12-Apr-2026,11:54:04,0.59,1
Black-capped Chickadee,Poecile atricapillus,2026-04-12T18:51:47Z,12-Apr-2026,11:51:47,0.46,1
Black-capped Chickadee,Poecile atricapillus,2026-04-12T18:51:42Z,12-Apr-2026,11:51:42,0.8314,4
Dark-eyed Junco,Junco hyemalis,2026-04-12T18:50:13Z,12-Apr-2026,11:50:13,0.27,1
Black-capped Chickadee,Poecile atricapillus,2026-04-12T18:49:36Z,12-Apr-2026,11:49:36,0.27,1
Black-capped Chickadee,Poecile atricapillus,2026-04-12T18:48:59Z,12-Apr-2026,11:48:59,0.26,1
Black-capped Chickadee,Poecile atricapillus,2026-04-12T18:48:54Z,12-Apr-2026,11:48:54,0.8,1
Black-capped Chickadee,Poecile atricapillus,2026-04-12T18:48:25Z,12-Apr-2026,11:48:25,0.29,1
Mountain Chickadee,Poecile gambeli,2026-04-12T18:48:03Z,12-Apr-2026,11:48:03,0.29,1
Black-capped Chickadee,Poecile atricapillus,2026-04-12T18:47:45Z,12-Apr-2026,11:47:45,0.31,1
Red-breasted Nuthatch,Sitta canadensis,2026-04-12T18:47:05Z,12-Apr-2026,11:47:05,0.59,1
Black-capped Chickadee,Poecile atricapillus,2026-04-12T18:47:00Z,12-Apr-2026,11:47:00,0.7804,2
Bushtit,Psaltriparus minimus,2026-04-12T18:45:41Z,12-Apr-2026,11:45:41,0.64,1
Black-capped Chickadee,Poecile atricapillus,2026-04-12T18:45:34Z,12-Apr-2026,11:45:34,0.31,1
American Robin,Turdus migratorius,2026-04-12T18:44:33Z,12-Apr-2026,11:44:33,0.34,1
Black-capped Chickadee,Poecile atricapillus,2026-04-12T18:43:04Z,12-Apr-2026,11:43:04,0.9098,1
Bewick's Wren,Thryomanes bewickii,2026-04-12T18:42:14Z,12-Apr-2026,11:42:14,0.26,1
Dark-eyed Junco,Junco hyemalis,2026-04-12T18:41:31Z,12-Apr-2026,11:41:31,0.45,1
Bewick's Wren,Thryomanes bewickii,2026-04-12T18:41:24Z,12-Apr-2026,11:41:24,0.42,1
American Crow,Corvus brachyrhynchos,2026-04-12T18:40:29Z,12-Apr-2026,11:40:29,0.7804,1
Dark-eyed Junco,Junco hyemalis,2026-04-12T18:32:51Z,12-Apr-2026,11:32:51,0.37,1
Dark-eyed Junco,Junco hyemalis,2026-04-12T18:32:23Z,12-Apr-2026,11:32:23,0.26,1
Dark-eyed Junco,Junco hyemalis,2026-04-12T18:32:13Z,12-Apr-2026,11:32:13,0.28,1
Dark-eyed Junco,Junco hyemalis,2026-04-12T18:31:12Z,12-Apr-2026,11:31:12,0.34,1
Dark-eyed Junco,Junco hyemalis,2026-04-12T18:30:15Z,12-Apr-2026,11:30:15,0.26,1
Red-breasted Nuthatch,Sitta canadensis,2026-04-12T18:28:04Z,12-Apr-2026,11:28:04,0.46,1
Black-capped Chickadee,Poecile atricapillus,2026-04-12T18:27:54Z,12-Apr-2026,11:27:54,0.3,1
Chestnut-backed Chickadee,Poecile rufescens,2026-04-12T18:27:17Z,12-Apr-2026,11:27:17,0.9765,1
Bewick's Wren,Thryomanes bewickii,2026-04-12T18:26:59Z,12-Apr-2026,11:26:59,0.31,1
Bewick's Wren,Thryomanes bewickii,2026-04-12T18:26:49Z,12-Apr-2026,11:26:49,0.29,1
House Finch,Haemorhous mexicanus,2026-04-12T18:25:42Z,12-Apr-2026,11:25:42,0.28,1
Dark-eyed Junco,Junco hyemalis,2026-04-12T18:25:04Z,12-Apr-2026,11:25:04,0.26,1
Anna's Hummingbird,Calypte anna,2026-04-12T18:25:00Z,12-Apr-2026,11:25:00,0.9255,1
Bushtit,Psaltriparus minimus,2026-04-12T18:24:51Z,12-Apr-2026,11:24:51,0.67,1
Bushtit,Psaltriparus minimus,2026-04-12T18:24:44Z,12-Apr-2026,11:24:44,0.27,1
Bushtit,Psaltriparus minimus,2026-04-12T18:24:30Z,12-Apr-2026,11:24:30,0.3,1
Bushtit,Psaltriparus minimus,2026-04-12T18:23:57Z,12-Apr-2026,11:23:57,0.29,1
Bushtit,Psaltriparus minimus,2026-04-12T18:23:49Z,12-Apr-2026,11:23:49,0.33,1
Bushtit,Psaltriparus minimus,2026-04-12T18:23:16Z,12-Apr-2026,11:23:16,0.47,1
Bushtit,Psaltriparus minimus,2026-04-12T18:23:08Z,12-Apr-2026,11:23:08,0.37,1
Bushtit,Psaltriparus minimus,2026-04-12T18:23:00Z,12-Apr-2026,11:23:00,0.91,1
Bushtit,Psaltriparus minimus,2026-04-12T18:22:53Z,12-Apr-2026,11:22:53,0.49,1
Black-capped Chickadee,Poecile atricapillus,2026-04-12T18:22:17Z,12-Apr-2026,11:22:17,0.8627,2
Black-capped Chickadee,Poecile atricapillus,2026-04-12T18:21:15Z,12-Apr-2026,11:21:15,0.8157,4
Bushtit,Psaltriparus minimus,2026-04-12T18:20:43Z,12-Apr-2026,11:20:43,0.4,1
Black-capped Chickadee,Poecile atricapillus,2026-04-12T18:20:16Z,12-Apr-2026,11:20:16,0.29,1
Black-capped Chickadee,Poecile atricapillus,2026-04-12T18:20:08Z,12-Apr-2026,11:20:08,0.61,1
Black Phoebe,Sayornis nigricans,2026-04-12T18:20:04Z,12-Apr-2026,11:20:04,0.8,1
Black-capped Chickadee,Poecile atricapillus,2026-04-12T18:20:00Z,12-Apr-2026,11:20:00,0.8314,6
Black-capped Chickadee,Poecile atricapillus,2026-04-12T18:18:43Z,12-Apr-2026,11:18:43,0.9725,1
House Finch,Haemorhous mexicanus,2026-04-12T18:16:38Z,12-Apr-2026,11:16:38,0.7804,2
House Finch,Haemorhous mexicanus,2026-04-12T18:14:42Z,12-Apr-2026,11:14:42,0.46,1
House Finch,Haemorhous mexicanus,2026-04-12T18:14:35Z,12-Apr-2026,11:14:35,0.29,1
House Finch,Haemorhous mexicanus,2026-04-12T18:14:26Z,12-Apr-2026,11:14:26,0.7804,2
Dark-eyed Junco,Junco hyemalis,2026-04-12T18:12:21Z,12-Apr-2026,11:12:21,0.8157,1
House Finch,Haemorhous mexicanus,2026-04-12T18:11:02Z,12-Apr-2026,11:11:02,0.8471,4
House Finch,Haemorhous mexicanus,2026-04-12T18:10:00Z,12-Apr-2026,11:10:00,0.8,1
Mourning Dove,Zenaida macroura,2026-04-12T18:08:50Z,12-Apr-2026,11:08:50,0.8314,1
Bewick's Wren,Thryomanes bewickii,2026-04-12T17:58:19Z,12-Apr-2026,10:58:19,0.26,1
Bewick's Wren,Thryomanes bewickii,2026-04-12T17:55:44Z,12-Apr-2026,10:55:44,0.4,1
Dark-eyed Junco,Junco hyemalis,2026-04-12T17:53:14Z,12-Apr-2026,10:53:14,0.8157,1
Black-capped Chickadee,Poecile atricapillus,2026-04-12T17:48:57Z,12-Apr-2026,10:48:57,0.8627,1
Bewick's Wren,Thryomanes bewickii,2026-04-12T17:47:41Z,12-Apr-2026,10:47:41,0.49,1
Bewick's Wren,Thryomanes bewickii,2026-04-12T17:47:04Z,12-Apr-2026,10:47:04,0.3,1
Bewick's Wren,Thryomanes bewickii,2026-04-12T17:46:20Z,12-Apr-2026,10:46:20,0.39,1
Ruby-crowned Kinglet,Corthylio calendula,2026-04-12T17:46:07Z,12-Apr-2026,10:46:07,0.92,1
Ruby-crowned Kinglet,Corthylio calendula,2026-04-12T17:45:59Z,12-Apr-2026,10:45:59,0.67,1
Ruby-crowned Kinglet,Corthylio calendula,2026-04-12T17:45:52Z,12-Apr-2026,10:45:52,0.76,1
Ruby-crowned Kinglet,Corthylio calendula,2026-04-12T17:45:45Z,12-Apr-2026,10:45:45,0.98,1
Ruby-crowned Kinglet,Corthylio calendula,2026-04-12T17:45:21Z,12-Apr-2026,10:45:21,0.91,1
Ruby-crowned Kinglet,Corthylio calendula,2026-04-12T17:45:00Z,12-Apr-2026,10:45:00,0.44,1
House Finch,Haemorhous mexicanus,2026-04-12T17:43:48Z,12-Apr-2026,10:43:48,0.898,4
House Finch,Haemorhous mexicanus,2026-04-12T17:42:21Z,12-Apr-2026,10:42:21,0.8,2
Black-capped Chickadee,Poecile atricapillus,2026-04-12T17:41:23Z,12-Apr-2026,10:41:23,0.8627,1
Ruby-crowned Kinglet,Corthylio calendula,2026-04-12T17:41:11Z,12-Apr-2026,10:41:11,0.59,1
House Finch,Haemorhous mexicanus,2026-04-12T17:40:35Z,12-Apr-2026,10:40:35,0.7804,1
House Finch,Haemorhous mexicanus,2026-04-12T17:38:17Z,12-Apr-2026,10:38:17,0.7804,1
Red-breasted Nuthatch,Sitta canadensis,2026-04-12T17:37:11Z,12-Apr-2026,10:37:11,0.47,1
Red-breasted Nuthatch,Sitta canadensis,2026-04-12T17:37:03Z,12-Apr-2026,10:37:03,0.27,1
Red-breasted Nuthatch,Sitta canadensis,2026-04-12T17:36:57Z,12-Apr-2026,10:36:57,0.51,1
American Crow,Corvus brachyrhynchos,2026-04-12T17:36:53Z,12-Apr-2026,10:36:53,0.8471,2
Red-breasted Nuthatch,Sitta canadensis,2026-04-12T17:35:43Z,12-Apr-2026,10:35:43,0.3,1
Red-breasted Nuthatch,Sitta canadensis,2026-04-12T17:35:35Z,12-Apr-2026,10:35:35,0.77,1
Red-breasted Nuthatch,Sitta canadensis,2026-04-12T17:35:28Z,12-Apr-2026,10:35:28,0.76,1
Red-breasted Nuthatch,Sitta canadensis,2026-04-12T17:35:21Z,12-Apr-2026,10:35:21,0.78,1
Red-breasted Nuthatch,Sitta canadensis,2026-04-12T17:35:15Z,12-Apr-2026,10:35:15,0.83,1
Red-breasted Nuthatch,Sitta canadensis,2026-04-12T17:35:08Z,12-Apr-2026,10:35:08,0.92,1
Red-breasted Nuthatch,Sitta canadensis,2026-04-12T17:35:00Z,12-Apr-2026,10:35:00,0.64,1
Ruby-crowned Kinglet,Corthylio calendula,2026-04-12T17:33:27Z,12-Apr-2026,10:33:27,0.5,1
Red-breasted Nuthatch,Sitta canadensis,2026-04-12T17:32:39Z,12-Apr-2026,10:32:39,0.95,1
Red-breasted Nuthatch,Sitta canadensis,2026-04-12T17:32:33Z,12-Apr-2026,10:32:33,0.84,1
Dark-eyed Junco,Junco hyemalis,2026-04-12T17:30:40Z,12-Apr-2026,10:30:40,0.74,1
American Crow,Corvus brachyrhynchos,2026-04-12T17:30:04Z,12-Apr-2026,10:30:04,0.8157,1
House Finch,Haemorhous mexicanus,2026-04-12T17:29:46Z,12-Apr-2026,10:29:46,0.72,1
Ruby-crowned Kinglet,Corthylio calendula,2026-04-12T17:29:23Z,12-Apr-2026,10:29:23,0.84,1
Ruby-crowned Kinglet,Corthylio calendula,2026-04-12T17:29:06Z,12-Apr-2026,10:29:06,0.96,1
Ruby-crowned Kinglet,Corthylio calendula,2026-04-12T17:28:57Z,12-Apr-2026,10:28:57,0.95,1
Ruby-crowned Kinglet,Corthylio calendula,2026-04-12T17:28:36Z,12-Apr-2026,10:28:36,0.95,1
Ruby-crowned Kinglet,Corthylio calendula,2026-04-12T17:28:28Z,12-Apr-2026,10:28:28,0.87,1
Ruby-crowned Kinglet,Corthylio calendula,2026-04-12T17:28:18Z,12-Apr-2026,10:28:18,0.93,1
House Finch,Haemorhous mexicanus,2026-04-12T17:28:07Z,12-Apr-2026,10:28:07,0.48,1
Ruby-crowned Kinglet,Corthylio calendula,2026-04-12T17:28:00Z,12-Apr-2026,10:28:00,0.74,1
Ruby-crowned Kinglet,Corthylio calendula,2026-04-12T17:27:52Z,12-Apr-2026,10:27:52,0.96,1
Ruby-crowned Kinglet,Corthylio calendula,2026-04-12T17:27:46Z,12-Apr-2026,10:27:46,0.81,1
Ruby-crowned Kinglet,Corthylio calendula,2026-04-12T17:27:39Z,12-Apr-2026,10:27:39,0.94,1
Ruby-crowned Kinglet,Corthylio calendula,2026-04-12T17:27:22Z,12-Apr-2026,10:27:22,0.98,1
Red-breasted Nuthatch,Sitta canadensis,2026-04-12T17:27:14Z,12-Apr-2026,10:27:14,0.49,1
House Finch,Haemorhous mexicanus,2026-04-12T17:26:22Z,12-Apr-2026,10:26:22,0.34,1
Ruby-crowned Kinglet,Corthylio calendula,2026-04-12T17:26:14Z,12-Apr-2026,10:26:14,0.81,1
Ruby-crowned Kinglet,Corthylio calendula,2026-04-12T17:26:00Z,12-Apr-2026,10:26:00,0.98,1
Bewick's Wren,Thryomanes bewickii,2026-04-12T17:24:06Z,12-Apr-2026,10:24:06,0.42,1
Bewick's Wren,Thryomanes bewickii,2026-04-12T17:23:50Z,12-Apr-2026,10:23:50,0.45,1
Bewick's Wren,Thryomanes bewickii,2026-04-12T17:23:43Z,12-Apr-2026,10:23:43,0.27,1
Ruby-crowned Kinglet,Corthylio calendula,2026-04-12T17:22:17Z,12-Apr-2026,10:22:17,0.9,1
Ruby-crowned Kinglet,Corthylio calendula,2026-04-12T17:22:03Z,12-Apr-2026,10:22:03,0.91,1
Ruby-crowned Kinglet,Corthylio calendula,2026-04-12T17:21:55Z,12-Apr-2026,10:21:55,0.48,1
Ruby-crowned Kinglet,Corthylio calendula,2026-04-12T17:21:47Z,12-Apr-2026,10:21:47,0.93,1
Ruby-crowned Kinglet,Corthylio calendula,2026-04-12T17:21:36Z,12-Apr-2026,10:21:36,0.96,1
Ruby-crowned Kinglet,Corthylio calendula,2026-04-12T17:21:19Z,12-Apr-2026,10:21:19,0.99,1
Ruby-crowned Kinglet,Corthylio calendula,2026-04-12T17:21:11Z,12-Apr-2026,10:21:11,0.99,1
Ruby-crowned Kinglet,Corthylio calendula,2026-04-12T17:20:47Z,12-Apr-2026,10:20:47,0.86,1
Ruby-crowned Kinglet,Corthylio calendula,2026-04-12T17:20:39Z,12-Apr-2026,10:20:39,0.92,1
Ruby-crowned Kinglet,Corthylio calendula,2026-04-12T17:20:32Z,12-Apr-2026,10:20:32,0.98,1
Ruby-crowned Kinglet,Corthylio calendula,2026-04-12T17:20:25Z,12-Apr-2026,10:20:25,0.89,1
Bushtit,Psaltriparus minimus,2026-04-12T17:20:17Z,12-Apr-2026,10:20:17,0.84,1
Golden-crowned Sparrow,Zonotrichia atricapilla,2026-04-12T17:19:29Z,12-Apr-2026,10:19:29,0.31,1
Golden-crowned Sparrow,Zonotrichia atricapilla,2026-04-12T17:19:21Z,12-Apr-2026,10:19:21,0.37,1
Ruby-crowned Kinglet,Corthylio calendula,2026-04-12T17:18:51Z,12-Apr-2026,10:18:51,0.89,1
Ruby-crowned Kinglet,Corthylio calendula,2026-04-12T17:18:36Z,12-Apr-2026,10:18:36,0.5,1
Ruby-crowned Kinglet,Corthylio calendula,2026-04-12T17:18:29Z,12-Apr-2026,10:18:29,0.98,1
Ruby-crowned Kinglet,Corthylio calendula,2026-04-12T17:18:13Z,12-Apr-2026,10:18:13,0.35,1
Ruby-crowned Kinglet,Corthylio calendula,2026-04-12T17:18:06Z,12-Apr-2026,10:18:06,0.98,1
Ruby-crowned Kinglet,Corthylio calendula,2026-04-12T17:17:59Z,12-Apr-2026,10:17:59,0.86,1
Ruby-crowned Kinglet,Corthylio calendula,2026-04-12T17:17:43Z,12-Apr-2026,10:17:43,0.99,1
Song Sparrow,Melospiza melodia,2026-04-12T17:16:54Z,12-Apr-2026,10:16:54,0.8471,1
Black-capped Chickadee,Poecile atricapillus,2026-04-12T17:16:47Z,12-Apr-2026,10:16:47,0.35,1
Song Sparrow,Melospiza melodia,2026-04-12T17:16:37Z,12-Apr-2026,10:16:37,0.32,1
Ruby-crowned Kinglet,Corthylio calendula,2026-04-12T17:15:05Z,12-Apr-2026,10:15:05,0.92,1
Ruby-crowned Kinglet,Corthylio calendula,2026-04-12T17:14:00Z,12-Apr-2026,10:14:00,0.27,1
Black-capped Chickadee,Poecile atricapillus,2026-04-12T17:13:02Z,12-Apr-2026,10:13:02,0.8157,1
Ruby-crowned Kinglet,Corthylio calendula,2026-04-12T17:10:26Z,12-Apr-2026,10:10:26,0.97,1
Ruby-crowned Kinglet,Corthylio calendula,2026-04-12T17:10:10Z,12-Apr-2026,10:10:10,0.82,1
Ruby-crowned Kinglet,Corthylio calendula,2026-04-12T17:09:44Z,12-Apr-2026,10:09:44,0.57,1
Black-capped Chickadee,Poecile atricapillus,2026-04-12T17:09:25Z,12-Apr-2026,10:09:25,0.8627,1
Ruby-crowned Kinglet,Corthylio calendula,2026-04-12T17:09:11Z,12-Apr-2026,10:09:11,0.29,1
Mountain Chickadee,Poecile gambeli,2026-04-12T17:09:04Z,12-Apr-2026,10:09:04,0.26,1
Black-capped Chickadee,Poecile atricapillus,2026-04-12T17:08:46Z,12-Apr-2026,10:08:46,0.26,1
Mountain Chickadee,Poecile gambeli,2026-04-12T17:06:33Z,12-Apr-2026,10:06:33,0.65,1
Black-capped Chickadee,Poecile atricapillus,2026-04-12T17:06:29Z,12-Apr-2026,10:06:29,0.8,3
Mountain Chickadee,Poecile gambeli,2026-04-12T17:06:24Z,12-Apr-2026,10:06:24,0.33,1
Mountain Chickadee,Poecile gambeli,2026-04-12T17:06:09Z,12-Apr-2026,10:06:09,0.28,1
Bushtit,Psaltriparus minimus,2026-04-12T17:05:44Z,12-Apr-2026,10:05:44,0.7,1
Ruby-crowned Kinglet,Corthylio calendula,2026-04-12T17:04:57Z,12-Apr-2026,10:04:57,0.76,1
Ruby-crowned Kinglet,Corthylio calendula,2026-04-12T17:04:49Z,12-Apr-2026,10:04:49,0.88,1
Chestnut-backed Chickadee,Poecile rufescens,2026-04-12T17:04:22Z,12-Apr-2026,10:04:22,0.9412,1
Ruby-crowned Kinglet,Corthylio calendula,2026-04-12T17:02:59Z,12-Apr-2026,10:02:59,0.87,1
Ruby-crowned Kinglet,Corthylio calendula,2026-04-12T17:02:52Z,12-Apr-2026,10:02:52,0.76,1
Ruby-crowned Kinglet,Corthylio calendula,2026-04-12T17:02:38Z,12-Apr-2026,10:02:38,0.4,1
Ruby-crowned Kinglet,Corthylio calendula,2026-04-12T17:02:14Z,12-Apr-2026,10:02:14,0.78,1
Ruby-crowned Kinglet,Corthylio calendula,2026-04-12T17:02:06Z,12-Apr-2026,10:02:06,0.99,1
Ruby-crowned Kinglet,Corthylio calendula,2026-04-12T17:01:28Z,12-Apr-2026,10:01:28,0.96,1
Ruby-crowned Kinglet,Corthylio calendula,2026-04-12T17:01:20Z,12-Apr-2026,10:01:20,0.53,1
Ruby-crowned Kinglet,Corthylio calendula,2026-04-12T17:00:58Z,12-Apr-2026,10:00:58,0.52,1
Bushtit,Psaltriparus minimus,2026-04-12T17:00:30Z,12-Apr-2026,10:00:30,0.74,1
Bushtit,Psaltriparus minimus,2026-04-12T17:00:14Z,12-Apr-2026,10:00:14,0.87,1
Bushtit,Psaltriparus minimus,2026-04-12T16:59:59Z,12-Apr-2026,09:59:59,0.82,1
Bushtit,Psaltriparus minimus,2026-04-12T16:59:51Z,12-Apr-2026,09:59:51,0.79,1
Bushtit,Psaltriparus minimus,2026-04-12T16:59:46Z,12-Apr-2026,09:59:46,0.93,1
Bushtit,Psaltriparus minimus,2026-04-12T16:59:24Z,12-Apr-2026,09:59:24,0.97,1
Bushtit,Psaltriparus minimus,2026-04-12T16:59:17Z,12-Apr-2026,09:59:17,0.99,1
Bushtit,Psaltriparus minimus,2026-04-12T16:59:09Z,12-Apr-2026,09:59:09,0.75,1
Bushtit,Psaltriparus minimus,2026-04-12T16:59:02Z,12-Apr-2026,09:59:02,0.34,1
Bushtit,Psaltriparus minimus,2026-04-12T16:58:20Z,12-Apr-2026,09:58:20,0.88,1
Bushtit,Psaltriparus minimus,2026-04-12T16:58:12Z,12-Apr-2026,09:58:12,0.99,1
Black-capped Chickadee,Poecile atricapillus,2026-04-12T16:58:02Z,12-Apr-2026,09:58:02,0.32,1
Black-capped Chickadee,Poecile atricapillus,2026-04-12T16:57:57Z,12-Apr-2026,09:57:57,0.8,1
Ruby-crowned Kinglet,Corthylio calendula,2026-04-12T16:57:33Z,12-Apr-2026,09:57:33,0.95,1
Ruby-crowned Kinglet,Corthylio calendula,2026-04-12T16:57:26Z,12-Apr-2026,09:57:26,0.78,1
Ruby-crowned Kinglet,Corthylio calendula,2026-04-12T16:57:20Z,12-Apr-2026,09:57:20,0.34,1
Bushtit,Psaltriparus minimus,2026-04-12T16:56:53Z,12-Apr-2026,09:56:53,0.44,1
Ruby-crowned Kinglet,Corthylio calendula,2026-04-12T16:56:46Z,12-Apr-2026,09:56:46,0.97,1
Ruby-crowned Kinglet,Corthylio calendula,2026-04-12T16:56:31Z,12-Apr-2026,09:56:31,0.92,1
Ruby-crowned Kinglet,Corthylio calendula,2026-04-12T16:56:24Z,12-Apr-2026,09:56:24,0.89,1
Bushtit,Psaltriparus minimus,2026-04-12T16:56:15Z,12-Apr-2026,09:56:15,0.94,1
Ruby-crowned Kinglet,Corthylio calendula,2026-04-12T16:55:58Z,12-Apr-2026,09:55:58,0.9,1
Ruby-crowned Kinglet,Corthylio calendula,2026-04-12T16:55:36Z,12-Apr-2026,09:55:36,0.99,1
Black-capped Chickadee,Poecile atricapillus,2026-04-12T16:55:25Z,12-Apr-2026,09:55:25,0.41,1
Black-capped Chickadee,Poecile atricapillus,2026-04-12T16:55:18Z,12-Apr-2026,09:55:18,0.55,1
Black-capped Chickadee,Poecile atricapillus,2026-04-12T16:55:01Z,12-Apr-2026,09:55:01,0.63,1
Black-capped Chickadee,Poecile atricapillus,2026-04-12T16:54:51Z,12-Apr-2026,09:54:51,0.8,10
Black-capped Chickadee,Poecile atricapillus,2026-04-12T16:54:46Z,12-Apr-2026,09:54:46,0.3,1
Dark-eyed Junco,Junco hyemalis,2026-04-12T16:54:29Z,12-Apr-2026,09:54:29,0.39,1
Black-capped Chickadee,Poecile atricapillus,2026-04-12T16:54:12Z,12-Apr-2026,09:54:12,0.47,1
Black-capped Chickadee,Poecile atricapillus,2026-04-12T16:54:01Z,12-Apr-2026,09:54:01,0.63,1
Black-capped Chickadee,Poecile atricapillus,2026-04-12T16:53:53Z,12-Apr-2026,09:53:53,0.39,1
Black-capped Chickadee,Poecile atricapillus,2026-04-12T16:53:48Z,12-Apr-2026,09:53:48,0.9843,11
Black-capped Chickadee,Poecile atricapillus,2026-04-12T16:53:41Z,12-Apr-2026,09:53:41,0.52,1
Black-capped Chickadee,Poecile atricapillus,2026-04-12T16:53:07Z,12-Apr-2026,09:53:07,0.49,1
Black-capped Chickadee,Poecile atricapillus,2026-04-12T16:52:46Z,12-Apr-2026,09:52:46,0.8,1
Bewick's Wren,Thryomanes bewickii,2026-04-12T16:52:06Z,12-Apr-2026,09:52:06,0.65,1
Bewick's Wren,Thryomanes bewickii,2026-04-12T16:51:59Z,12-Apr-2026,09:51:59,0.77,1
American Robin,Turdus migratorius,2026-04-12T16:50:24Z,12-Apr-2026,09:50:24,0.36,1
American Robin,Turdus migratorius,2026-04-12T16:50:21Z,12-Apr-2026,09:50:21,0.8745,9
American Robin,Turdus migratorius,2026-04-12T16:50:14Z,12-Apr-2026,09:50:14,0.37,1
American Robin,Turdus migratorius,2026-04-12T16:49:10Z,12-Apr-2026,09:49:10,0.8471,8
American Robin,Turdus migratorius,2026-04-12T16:48:59Z,12-Apr-2026,09:48:59,0.37,1
American Robin,Turdus migratorius,2026-04-12T16:48:04Z,12-Apr-2026,09:48:04,0.8157,6
American Robin,Turdus migratorius,2026-04-12T16:47:49Z,12-Apr-2026,09:47:49,0.44,1
Bewick's Wren,Thryomanes bewickii,2026-04-12T16:47:33Z,12-Apr-2026,09:47:33,0.41,1
American Robin,Turdus migratorius,2026-04-12T16:47:22Z,12-Apr-2026,09:47:22,0.67,1
American Robin,Turdus migratorius,2026-04-12T16:47:03Z,12-Apr-2026,09:47:03,0.7804,12
American Robin,Turdus migratorius,2026-04-12T16:46:15Z,12-Apr-2026,09:46:15,0.35,1
American Robin,Turdus migratorius,2026-04-12T16:45:24Z,12-Apr-2026,09:45:24,0.4,1
Black-capped Chickadee,Poecile atricapillus,2026-04-12T16:45:08Z,12-Apr-2026,09:45:08,0.8,1
American Robin,Turdus migratorius,2026-04-12T16:44:44Z,12-Apr-2026,09:44:44,0.8627,5
Steller's Jay,Cyanocitta stelleri,2026-04-12T16:42:14Z,12-Apr-2026,09:42:14,0.81,1
American Robin,Turdus migratorius,2026-04-12T16:41:45Z,12-Apr-2026,09:41:45,0.29,1
American Robin,Turdus migratorius,2026-04-12T16:41:32Z,12-Apr-2026,09:41:32,0.26,1
American Robin,Turdus migratorius,2026-04-12T16:41:27Z,12-Apr-2026,09:41:27,0.7804,2
American Robin,Turdus migratorius,2026-04-12T16:40:55Z,12-Apr-2026,09:40:55,0.45,1
American Robin,Turdus migratorius,2026-04-12T16:40:38Z,12-Apr-2026,09:40:38,0.32,1
American Robin,Turdus migratorius,2026-04-12T16:40:24Z,12-Apr-2026,09:40:24,0.47,1
American Robin,Turdus migratorius,2026-04-12T16:40:14Z,12-Apr-2026,09:40:14,0.9098,7
American Robin,Turdus migratorius,2026-04-12T16:40:09Z,12-Apr-2026,09:40:09,0.42,1
American Robin,Turdus migratorius,2026-04-12T16:39:55Z,12-Apr-2026,09:39:55,0.35,1
American Robin,Turdus migratorius,2026-04-12T16:39:25Z,12-Apr-2026,09:39:25,0.31,1
American Robin,Turdus migratorius,2026-04-12T16:39:15Z,12-Apr-2026,09:39:15,0.47,1
American Robin,Turdus migratorius,2026-04-12T16:39:11Z,12-Apr-2026,09:39:11,0.9333,5
American Robin,Turdus migratorius,2026-04-12T16:38:41Z,12-Apr-2026,09:38:41,0.29,1
American Robin,Turdus migratorius,2026-04-12T16:38:04Z,12-Apr-2026,09:38:04,0.3,1
American Robin,Turdus migratorius,2026-04-12T16:38:00Z,12-Apr-2026,09:38:00,0.8157,5
American Robin,Turdus migratorius,2026-04-12T16:37:33Z,12-Apr-2026,09:37:33,0.54,1
American Robin,Turdus migratorius,2026-04-12T16:37:24Z,12-Apr-2026,09:37:24,0.33,1
American Robin,Turdus migratorius,2026-04-12T16:36:59Z,12-Apr-2026,09:36:59,0.8627,4
American Robin,Turdus migratorius,2026-04-12T16:36:05Z,12-Apr-2026,09:36:05,0.6,1
American Robin,Turdus migratorius,2026-04-12T16:35:51Z,12-Apr-2026,09:35:51,0.37,1
American Robin,Turdus migratorius,2026-04-12T16:35:38Z,12-Apr-2026,09:35:38,0.8627,4
American Robin,Turdus migratorius,2026-04-12T16:35:34Z,12-Apr-2026,09:35:34,0.61,1
House Finch,Haemorhous mexicanus,2026-04-12T16:35:23Z,12-Apr-2026,09:35:23,0.9098,1
American Robin,Turdus migratorius,2026-04-12T16:34:57Z,12-Apr-2026,09:34:57,0.34,1
American Robin,Turdus migratorius,2026-04-12T16:34:18Z,12-Apr-2026,09:34:18,0.8745,8
American Robin,Turdus migratorius,2026-04-12T16:32:48Z,12-Apr-2026,09:32:48,0.65,1
American Robin,Turdus migratorius,2026-04-12T16:32:09Z,12-Apr-2026,09:32:09,0.8,1
Black-capped Chickadee,Poecile atricapillus,2026-04-12T16:29:32Z,12-Apr-2026,09:29:32,0.7804,1
Anna's Hummingbird,Calypte anna,2026-04-12T16:26:36Z,12-Apr-2026,09:26:36,0.898,1
American Robin,Turdus migratorius,2026-04-12T16:25:14Z,12-Apr-2026,09:25:14,0.8,2
American Robin,Turdus migratorius,2026-04-12T16:24:46Z,12-Apr-2026,09:24:46,0.37,1
American Robin,Turdus migratorius,2026-04-12T16:24:29Z,12-Apr-2026,09:24:29,0.48,1
Dark-eyed Junco,Junco hyemalis,2026-04-12T16:24:23Z,12-Apr-2026,09:24:23,0.27,1
Dark-eyed Junco,Junco hyemalis,2026-04-12T16:23:59Z,12-Apr-2026,09:23:59,0.59,1
Steller's Jay,Cyanocitta stelleri,2026-04-12T16:22:23Z,12-Apr-2026,09:22:23,0.65,1
Steller's Jay,Cyanocitta stelleri,2026-04-12T16:22:17Z,12-Apr-2026,09:22:17,0.92,1
Steller's Jay,Cyanocitta stelleri,2026-04-12T16:22:08Z,12-Apr-2026,09:22:08,0.65,1
American Robin,Turdus migratorius,2026-04-12T16:21:57Z,12-Apr-2026,09:21:57,0.8471,1
American Robin,Turdus migratorius,2026-04-12T16:21:53Z,12-Apr-2026,09:21:53,0.51,1
Steller's Jay,Cyanocitta stelleri,2026-04-12T16:21:34Z,12-Apr-2026,09:21:34,0.8471,1
Steller's Jay,Cyanocitta stelleri,2026-04-12T16:21:30Z,12-Apr-2026,09:21:30,0.38,1
Steller's Jay,Cyanocitta stelleri,2026-04-12T16:20:00Z,12-Apr-2026,09:20:00,0.8314,1
Steller's Jay,Cyanocitta stelleri,2026-04-12T16:19:03Z,12-Apr-2026,09:19:03,0.44,1
Steller's Jay,Cyanocitta stelleri,2026-04-12T16:18:36Z,12-Apr-2026,09:18:36,0.75,1
Steller's Jay,Cyanocitta stelleri,2026-04-12T16:16:08Z,12-Apr-2026,09:16:08,0.87,1
Steller's Jay,Cyanocitta stelleri,2026-04-12T16:16:00Z,12-Apr-2026,09:16:00,0.96,1
Steller's Jay,Cyanocitta stelleri,2026-04-12T16:15:35Z,12-Apr-2026,09:15:35,0.7804,1
Steller's Jay,Cyanocitta stelleri,2026-04-12T16:15:31Z,12-Apr-2026,09:15:31,0.27,1
Steller's Jay,Cyanocitta stelleri,2026-04-12T16:15:17Z,12-Apr-2026,09:15:17,0.44,1
Steller's Jay,Cyanocitta stelleri,2026-04-12T16:14:06Z,12-Apr-2026,09:14:06,0.61,1
Steller's Jay,Cyanocitta stelleri,2026-04-12T16:13:58Z,12-Apr-2026,09:13:58,0.56,1
Steller's Jay,Cyanocitta stelleri,2026-04-12T16:13:43Z,12-Apr-2026,09:13:43,0.45,1
Steller's Jay,Cyanocitta stelleri,2026-04-12T16:13:39Z,12-Apr-2026,09:13:39,0.898,1
Steller's Jay,Cyanocitta stelleri,2026-04-12T16:13:35Z,12-Apr-2026,09:13:35,0.58,1
Steller's Jay,Cyanocitta stelleri,2026-04-12T16:12:30Z,12-Apr-2026,09:12:30,0.29,1
Steller's Jay,Cyanocitta stelleri,2026-04-12T16:11:44Z,12-Apr-2026,09:11:44,0.9,1
Steller's Jay,Cyanocitta stelleri,2026-04-12T16:11:29Z,12-Apr-2026,09:11:29,0.9647,9
Steller's Jay,Cyanocitta stelleri,2026-04-12T16:11:13Z,12-Apr-2026,09:11:13,0.6,1
Steller's Jay,Cyanocitta stelleri,2026-04-12T16:10:53Z,12-Apr-2026,09:10:53,0.38,1
Steller's Jay,Cyanocitta stelleri,2026-04-12T16:10:47Z,12-Apr-2026,09:10:47,0.42,1
Steller's Jay,Cyanocitta stelleri,2026-04-12T16:10:30Z,12-Apr-2026,09:10:30,0.26,1
Steller's Jay,Cyanocitta stelleri,2026-04-12T16:10:26Z,12-Apr-2026,09:10:26,0.9098,1
Dark-eyed Junco,Junco hyemalis,2026-04-12T16:05:02Z,12-Apr-2026,09:05:02,0.49,1
Dark-eyed Junco,Junco hyemalis,2026-04-12T16:04:33Z,12-Apr-2026,09:04:33,0.9176,1
House Finch,Haemorhous mexicanus,2026-04-12T15:59:46Z,12-Apr-2026,08:59:46,0.8,1
Dark-eyed Junco,Junco hyemalis,2026-04-12T15:56:20Z,12-Apr-2026,08:56:20,0.59,1
Dark-eyed Junco,Junco hyemalis,2026-04-12T15:54:38Z,12-Apr-2026,08:54:38,0.9098,1
Steller's Jay,Cyanocitta stelleri,2026-04-12T15:53:42Z,12-Apr-2026,08:53:42,0.7804,1
House Finch,Haemorhous mexicanus,2026-04-12T15:52:18Z,12-Apr-2026,08:52:18,0.6,1
House Finch,Haemorhous mexicanus,2026-04-12T15:52:10Z,12-Apr-2026,08:52:10,0.9176,8
Fox Sparrow,Passerella iliaca,2026-04-12T15:51:54Z,12-Apr-2026,08:51:54,0.3,1
House Finch,Haemorhous mexicanus,2026-04-12T15:50:54Z,12-Apr-2026,08:50:54,0.8627,7
House Finch,Haemorhous mexicanus,2026-04-12T15:50:08Z,12-Apr-2026,08:50:08,0.26,1
House Finch,Haemorhous mexicanus,2026-04-12T15:49:47Z,12-Apr-2026,08:49:47,0.8,4
House Finch,Haemorhous mexicanus,2026-04-12T15:48:35Z,12-Apr-2026,08:48:35,0.8471,1
American Robin,Turdus migratorius,2026-04-12T15:47:03Z,12-Apr-2026,08:47:03,0.29,1
American Robin,Turdus migratorius,2026-04-12T15:46:56Z,12-Apr-2026,08:46:56,0.34,1
American Robin,Turdus migratorius,2026-04-12T15:46:41Z,12-Apr-2026,08:46:41,0.39,1
American Robin,Turdus migratorius,2026-04-12T15:46:33Z,12-Apr-2026,08:46:33,0.68,1
American Robin,Turdus migratorius,2026-04-12T15:46:27Z,12-Apr-2026,08:46:27,0.35,1
American Robin,Turdus migratorius,2026-04-12T15:46:19Z,12-Apr-2026,08:46:19,0.65,1
American Robin,Turdus migratorius,2026-04-12T15:45:56Z,12-Apr-2026,08:45:56,0.52,1
American Robin,Turdus migratorius,2026-04-12T15:45:48Z,12-Apr-2026,08:45:48,0.37,1
American Robin,Turdus migratorius,2026-04-12T15:45:30Z,12-Apr-2026,08:45:30,0.8627,4
American Robin,Turdus migratorius,2026-04-12T15:45:26Z,12-Apr-2026,08:45:26,0.28,1
American Robin,Turdus migratorius,2026-04-12T15:45:19Z,12-Apr-2026,08:45:19,0.39,1
Steller's Jay,Cyanocitta stelleri,2026-04-12T15:44:31Z,12-Apr-2026,08:44:31,0.7,1
Steller's Jay,Cyanocitta stelleri,2026-04-12T15:44:24Z,12-Apr-2026,08:44:24,0.8157,1
Violet-green Swallow,Tachycineta thalassina,2026-04-12T15:44:14Z,12-Apr-2026,08:44:14,0.49,1
Violet-green Swallow,Tachycineta thalassina,2026-04-12T15:44:00Z,12-Apr-2026,08:44:00,0.81,1
Violet-green Swallow,Tachycineta thalassina,2026-04-12T15:43:52Z,12-Apr-2026,08:43:52,0.84,1
American Goldfinch,Spinus tristis,2026-04-12T15:43:47Z,12-Apr-2026,08:43:47,0.8314,1
Violet-green Swallow,Tachycineta thalassina,2026-04-12T15:43:38Z,12-Apr-2026,08:43:38,0.84,1
House Finch,Haemorhous mexicanus,2026-04-12T15:41:56Z,12-Apr-2026,08:41:56,0.53,1
House Finch,Haemorhous mexicanus,2026-04-12T15:41:49Z,12-Apr-2026,08:41:49,0.6,1
House Finch,Haemorhous mexicanus,2026-04-12T15:41:16Z,12-Apr-2026,08:41:16,0.9333,1
American Robin,Turdus migratorius,2026-04-12T15:40:53Z,12-Apr-2026,08:40:53,0.26,1
American Robin,Turdus migratorius,2026-04-12T15:40:46Z,12-Apr-2026,08:40:46,0.49,1
American Robin,Turdus migratorius,2026-04-12T15:38:38Z,12-Apr-2026,08:38:38,0.8,1
House Finch,Haemorhous mexicanus,2026-04-12T15:37:43Z,12-Apr-2026,08:37:43,0.8157,1
American Robin,Turdus migratorius,2026-04-12T15:37:34Z,12-Apr-2026,08:37:34,0.79,1
American Robin,Turdus migratorius,2026-04-12T15:37:21Z,12-Apr-2026,08:37:21,0.7804,1
American Robin,Turdus migratorius,2026-04-12T15:36:50Z,12-Apr-2026,08:36:50,0.33,1
American Robin,Turdus migratorius,2026-04-12T15:35:46Z,12-Apr-2026,08:35:46,0.898,1
House Finch,Haemorhous mexicanus,2026-04-12T15:34:51Z,12-Apr-2026,08:34:51,0.8,1
Orange-crowned Warbler,Leiothlypis celata,2026-04-12T15:34:19Z,12-Apr-2026,08:34:19,0.3,1
Dark-eyed Junco,Junco hyemalis,2026-04-12T15:34:11Z,12-Apr-2026,08:34:11,0.3,1
Dark-eyed Junco,Junco hyemalis,2026-04-12T15:33:44Z,12-Apr-2026,08:33:44,0.29,1
Dark-eyed Junco,Junco hyemalis,2026-04-12T15:33:36Z,12-Apr-2026,08:33:36,0.27,1
House Finch,Haemorhous mexicanus,2026-04-12T15:32:59Z,12-Apr-2026,08:32:59,0.9255,1
House Finch,Haemorhous mexicanus,2026-04-12T15:31:24Z,12-Apr-2026,08:31:24,0.8,1
Dark-eyed Junco,Junco hyemalis,2026-04-12T15:31:14Z,12-Apr-2026,08:31:14,0.29,1
Dark-eyed Junco,Junco hyemalis,2026-04-12T15:31:07Z,12-Apr-2026,08:31:07,0.46,1
Dark-eyed Junco,Junco hyemalis,2026-04-12T15:30:03Z,12-Apr-2026,08:30:03,0.33,1
Orange-crowned Warbler,Leiothlypis celata,2026-04-12T15:29:30Z,12-Apr-2026,08:29:30,0.28,1
American Robin,Turdus migratorius,2026-04-12T15:29:15Z,12-Apr-2026,08:29:15,0.29,1
American Robin,Turdus migratorius,2026-04-12T15:26:50Z,12-Apr-2026,08:26:50,0.39,1
American Robin,Turdus migratorius,2026-04-12T15:26:32Z,12-Apr-2026,08:26:32,0.8627,1
American Robin,Turdus migratorius,2026-04-12T15:25:01Z,12-Apr-2026,08:25:01,0.56,1
American Robin,Turdus migratorius,2026-04-12T15:24:56Z,12-Apr-2026,08:24:56,0.8627,4
American Robin,Turdus migratorius,2026-04-12T15:23:33Z,12-Apr-2026,08:23:33,0.41,1
American Robin,Turdus migratorius,2026-04-12T15:23:04Z,12-Apr-2026,08:23:04,0.31,1
Downy Woodpecker,Dryobates pubescens,2026-04-12T15:22:34Z,12-Apr-2026,08:22:34,0.51,1
American Robin,Turdus migratorius,2026-04-12T15:21:15Z,12-Apr-2026,08:21:15,0.35,1
American Robin,Turdus migratorius,2026-04-12T15:21:08Z,12-Apr-2026,08:21:08,0.32,1
American Robin,Turdus migratorius,2026-04-12T15:20:19Z,12-Apr-2026,08:20:19,0.7804,3
American Robin,Turdus migratorius,2026-04-12T15:18:09Z,12-Apr-2026,08:18:09,0.33,1
American Robin,Turdus migratorius,2026-04-12T15:17:23Z,12-Apr-2026,08:17:23,0.8,1
American Robin,Turdus migratorius,2026-04-12T15:16:22Z,12-Apr-2026,08:16:22,0.26,1
American Robin,Turdus migratorius,2026-04-12T15:16:04Z,12-Apr-2026,08:16:04,0.27,1
Downy Woodpecker,Dryobates pubescens,2026-04-12T15:15:57Z,12-Apr-2026,08:15:57,0.39,1
House Finch,Haemorhous mexicanus,2026-04-12T15:15:38Z,12-Apr-2026,08:15:38,0.8745,1
Dark-eyed Junco,Junco hyemalis,2026-04-12T15:10:23Z,12-Apr-2026,08:10:23,0.35,1
Dark-eyed Junco,Junco hyemalis,2026-04-12T15:10:05Z,12-Apr-2026,08:10:05,0.898,1
American Robin,Turdus migratorius,2026-04-12T15:06:49Z,12-Apr-2026,08:06:49,0.29,1
Townsend's Warbler,Setophaga townsendi,2026-04-12T15:05:13Z,12-Apr-2026,08:05:13,0.42,1
American Crow,Corvus brachyrhynchos,2026-04-12T14:55:12Z,12-Apr-2026,07:55:12,0.44,1
American Crow,Corvus brachyrhynchos,2026-04-12T14:51:12Z,12-Apr-2026,07:51:12,0.8745,1
Steller's Jay,Cyanocitta stelleri,2026-04-12T14:48:35Z,12-Apr-2026,07:48:35,0.29,1
Bewick's Wren,Thryomanes bewickii,2026-04-12T14:47:27Z,12-Apr-2026,07:47:27,0.51,1
Bewick's Wren,Thryomanes bewickii,2026-04-12T14:46:33Z,12-Apr-2026,07:46:33,0.58,1
Bewick's Wren,Thryomanes bewickii,2026-04-12T14:46:01Z,12-Apr-2026,07:46:01,0.6,1
Black-capped Chickadee,Poecile atricapillus,2026-04-12T14:45:29Z,12-Apr-2026,07:45:29,0.9255,1
Bewick's Wren,Thryomanes bewickii,2026-04-12T14:45:03Z,12-Apr-2026,07:45:03,0.9,1
Bewick's Wren,Thryomanes bewickii,2026-04-12T14:44:40Z,12-Apr-2026,07:44:40,0.72,1
Bewick's Wren,Thryomanes bewickii,2026-04-12T14:44:33Z,12-Apr-2026,07:44:33,0.55,1
American Robin,Turdus migratorius,2026-04-12T14:40:59Z,12-Apr-2026,07:40:59,0.7804,2
Black-capped Chickadee,Poecile atricapillus,2026-04-12T14:40:23Z,12-Apr-2026,07:40:23,0.8,1
Black-capped Chickadee,Poecile atricapillus,2026-04-12T14:39:14Z,12-Apr-2026,07:39:14,0.28,1
American Robin,Turdus migratorius,2026-04-12T14:38:49Z,12-Apr-2026,07:38:49,0.9098,5
American Robin,Turdus migratorius,2026-04-12T14:38:35Z,12-Apr-2026,07:38:35,0.38,1
American Robin,Turdus migratorius,2026-04-12T14:38:28Z,12-Apr-2026,07:38:28,0.51,1
Black-capped Chickadee,Poecile atricapillus,2026-04-12T14:38:24Z,12-Apr-2026,07:38:24,0.7804,1
Black-capped Chickadee,Poecile atricapillus,2026-04-12T14:38:20Z,12-Apr-2026,07:38:20,0.7,1
American Robin,Turdus migratorius,2026-04-12T14:37:24Z,12-Apr-2026,07:37:24,0.47,1
American Robin,Turdus migratorius,2026-04-12T14:37:19Z,12-Apr-2026,07:37:19,0.8,1
American Robin,Turdus migratorius,2026-04-12T14:37:15Z,12-Apr-2026,07:37:15,0.35,1
Black-capped Chickadee,Poecile atricapillus,2026-04-12T14:37:03Z,12-Apr-2026,07:37:03,0.8314,3
American Robin,Turdus migratorius,2026-04-12T14:36:59Z,12-Apr-2026,07:36:59,0.33,1
American Robin,Turdus migratorius,2026-04-12T14:36:11Z,12-Apr-2026,07:36:11,0.8157,1
American Robin,Turdus migratorius,2026-04-12T14:35:56Z,12-Apr-2026,07:35:56,0.3,1
Black-capped Chickadee,Poecile atricapillus,2026-04-12T14:35:32Z,12-Apr-2026,07:35:32,0.42,1
Black-capped Chickadee,Poecile atricapillus,2026-04-12T14:35:24Z,12-Apr-2026,07:35:24,0.3,1
Black-capped Chickadee,Poecile atricapillus,2026-04-12T14:35:07Z,12-Apr-2026,07:35:07,0.949,1
American Robin,Turdus migratorius,2026-04-12T14:35:03Z,12-Apr-2026,07:35:03,0.8157,5
American Robin,Turdus migratorius,2026-04-12T14:34:48Z,12-Apr-2026,07:34:48,0.63,1
American Robin,Turdus migratorius,2026-04-12T14:34:20Z,12-Apr-2026,07:34:20,0.31,1
American Robin,Turdus migratorius,2026-04-12T14:33:51Z,12-Apr-2026,07:33:51,0.7804,10
American Robin,Turdus migratorius,2026-04-12T14:33:40Z,12-Apr-2026,07:33:40,0.61,1
American Robin,Turdus migratorius,2026-04-12T14:33:33Z,12-Apr-2026,07:33:33,0.49,1
American Robin,Turdus migratorius,2026-04-12T14:33:25Z,12-Apr-2026,07:33:25,0.35,1
American Robin,Turdus migratorius,2026-04-12T14:33:18Z,12-Apr-2026,07:33:18,0.54,1
American Robin,Turdus migratorius,2026-04-12T14:33:08Z,12-Apr-2026,07:33:08,0.44,1
American Robin,Turdus migratorius,2026-04-12T14:32:57Z,12-Apr-2026,07:32:57,0.44,1
American Robin,Turdus migratorius,2026-04-12T14:32:18Z,12-Apr-2026,07:32:18,0.53,1
American Robin,Turdus migratorius,2026-04-12T14:32:10Z,12-Apr-2026,07:32:10,0.8471,6
American Robin,Turdus migratorius,2026-04-12T14:32:04Z,12-Apr-2026,07:32:04,0.29,1
American Robin,Turdus migratorius,2026-04-12T14:31:54Z,12-Apr-2026,07:31:54,0.4,1
American Robin,Turdus migratorius,2026-04-12T14:31:44Z,12-Apr-2026,07:31:44,0.39,1
American Crow,Corvus brachyrhynchos,2026-04-12T14:31:19Z,12-Apr-2026,07:31:19,0.26,1
American Robin,Turdus migratorius,2026-04-12T14:31:08Z,12-Apr-2026,07:31:08,0.8157,7
American Robin,Turdus migratorius,2026-04-12T14:30:46Z,12-Apr-2026,07:30:46,0.52,1
American Robin,Turdus migratorius,2026-04-12T14:30:07Z,12-Apr-2026,07:30:07,0.35,1
American Robin,Turdus migratorius,2026-04-12T14:30:00Z,12-Apr-2026,07:30:00,0.42,1
American Robin,Turdus migratorius,2026-04-12T14:29:54Z,12-Apr-2026,07:29:54,0.8,1
American Robin,Turdus migratorius,2026-04-12T14:29:43Z,12-Apr-2026,07:29:43,0.8,4
American Robin,Turdus migratorius,2026-04-12T14:29:39Z,12-Apr-2026,07:29:39,0.38,1
American Robin,Turdus migratorius,2026-04-12T14:29:32Z,12-Apr-2026,07:29:32,0.54,1
American Robin,Turdus migratorius,2026-04-12T14:29:11Z,12-Apr-2026,07:29:11,0.3,1
American Robin,Turdus migratorius,2026-04-12T14:29:04Z,12-Apr-2026,07:29:04,0.53,1
American Robin,Turdus migratorius,2026-04-12T14:28:58Z,12-Apr-2026,07:28:58,0.73,1
American Robin,Turdus migratorius,2026-04-12T14:28:48Z,12-Apr-2026,07:28:48,0.43,1
American Robin,Turdus migratorius,2026-04-12T14:28:41Z,12-Apr-2026,07:28:41,0.8863,6
American Robin,Turdus migratorius,2026-04-12T14:28:33Z,12-Apr-2026,07:28:33,0.32,1
American Robin,Turdus migratorius,2026-04-12T14:28:05Z,12-Apr-2026,07:28:05,0.4,1
American Robin,Turdus migratorius,2026-04-12T14:27:54Z,12-Apr-2026,07:27:54,0.36,1
American Robin,Turdus migratorius,2026-04-12T14:27:26Z,12-Apr-2026,07:27:26,0.55,1
American Robin,Turdus migratorius,2026-04-12T14:26:56Z,12-Apr-2026,07:26:56,0.8157,2
American Robin,Turdus migratorius,2026-04-12T14:26:48Z,12-Apr-2026,07:26:48,0.26,1
Steller's Jay,Cyanocitta stelleri,2026-04-12T14:26:41Z,12-Apr-2026,07:26:41,0.72,1
American Robin,Turdus migratorius,2026-04-12T14:25:51Z,12-Apr-2026,07:25:51,0.39,1
American Robin,Turdus migratorius,2026-04-12T14:25:46Z,12-Apr-2026,07:25:46,0.898,5
American Robin,Turdus migratorius,2026-04-12T14:24:22Z,12-Apr-2026,07:24:22,0.8471,1
Downy Woodpecker,Dryobates pubescens,2026-04-12T14:22:46Z,12-Apr-2026,07:22:46,0.7804,1
Downy Woodpecker,Dryobates pubescens,2026-04-12T14:22:39Z,12-Apr-2026,07:22:39,0.5,1
Dark-eyed Junco,Junco hyemalis,2026-04-12T14:22:03Z,12-Apr-2026,07:22:03,0.57,1
Orange-crowned Warbler,Leiothlypis celata,2026-04-12T14:21:55Z,12-Apr-2026,07:21:55,0.37,1
Chestnut-backed Chickadee,Poecile rufescens,2026-04-12T14:21:18Z,12-Apr-2026,07:21:18,0.8627,1
Dark-eyed Junco,Junco hyemalis,2026-04-12T14:20:46Z,12-Apr-2026,07:20:46,0.45,1
Anna's Hummingbird,Calypte anna,2026-04-12T14:20:42Z,12-Apr-2026,07:20:42,0.8314,1
Dark-eyed Junco,Junco hyemalis,2026-04-12T14:18:08Z,12-Apr-2026,07:18:08,0.35,1
Dark-eyed Junco,Junco hyemalis,2026-04-12T14:17:46Z,12-Apr-2026,07:17:46,0.33,1
House Finch,Haemorhous mexicanus,2026-04-12T14:16:39Z,12-Apr-2026,07:16:39,0.7804,1
Bewick's Wren,Thryomanes bewickii,2026-04-12T14:14:03Z,12-Apr-2026,07:14:03,0.38,1
Bewick's Wren,Thryomanes bewickii,2026-04-12T14:13:51Z,12-Apr-2026,07:13:51,0.64,1
Bewick's Wren,Thryomanes bewickii,2026-04-12T14:13:44Z,12-Apr-2026,07:13:44,0.48,1
Bewick's Wren,Thryomanes bewickii,2026-04-12T14:13:38Z,12-Apr-2026,07:13:38,0.5,1
Bewick's Wren,Thryomanes bewickii,2026-04-12T14:13:10Z,12-Apr-2026,07:13:10,0.42,1
Chestnut-backed Chickadee,Poecile rufescens,2026-04-12T14:13:06Z,12-Apr-2026,07:13:06,0.9647,1
Bewick's Wren,Thryomanes bewickii,2026-04-12T14:12:41Z,12-Apr-2026,07:12:41,0.76,1
American Robin,Turdus migratorius,2026-04-12T14:12:00Z,12-Apr-2026,07:12:00,0.32,1
American Robin,Turdus migratorius,2026-04-12T14:11:35Z,12-Apr-2026,07:11:35,0.34,1
American Robin,Turdus migratorius,2026-04-12T14:09:29Z,12-Apr-2026,07:09:29,0.43,1
American Robin,Turdus migratorius,2026-04-12T14:07:18Z,12-Apr-2026,07:07:18,0.31,1
American Robin,Turdus migratorius,2026-04-12T14:06:51Z,12-Apr-2026,07:06:51,0.7804,3
American Robin,Turdus migratorius,2026-04-12T14:06:47Z,12-Apr-2026,07:06:47,0.31,1
American Robin,Turdus migratorius,2026-04-12T14:05:30Z,12-Apr-2026,07:05:30,0.38,1
American Robin,Turdus migratorius,2026-04-12T14:04:20Z,12-Apr-2026,07:04:20,0.9098,5
American Robin,Turdus migratorius,2026-04-12T14:04:13Z,12-Apr-2026,07:04:13,0.29,1
Bewick's Wren,Thryomanes bewickii,2026-04-12T14:03:59Z,12-Apr-2026,07:03:59,0.26,1
American Robin,Turdus migratorius,2026-04-12T14:03:44Z,12-Apr-2026,07:03:44,0.26,1
Ruby-crowned Kinglet,Corthylio calendula,2026-04-12T14:03:20Z,12-Apr-2026,07:03:20,0.91,1
American Robin,Turdus migratorius,2026-04-12T14:02:59Z,12-Apr-2026,07:02:59,0.8471,5
American Robin,Turdus migratorius,2026-04-12T14:02:38Z,12-Apr-2026,07:02:38,0.36,1
American Robin,Turdus migratorius,2026-04-12T14:02:20Z,12-Apr-2026,07:02:20,0.53,1
American Robin,Turdus migratorius,2026-04-12T14:02:13Z,12-Apr-2026,07:02:13,0.62,1
American Robin,Turdus migratorius,2026-04-12T14:02:00Z,12-Apr-2026,07:02:00,0.4,1
American Robin,Turdus migratorius,2026-04-12T14:01:33Z,12-Apr-2026,07:01:33,0.7804,4
Steller's Jay,Cyanocitta stelleri,2026-04-12T14:01:28Z,12-Apr-2026,07:01:28,0.33,1
American Robin,Turdus migratorius,2026-04-12T14:01:09Z,12-Apr-2026,07:01:09,0.36,1
American Robin,Turdus migratorius,2026-04-12T14:00:19Z,12-Apr-2026,07:00:19,0.8,14
American Robin,Turdus migratorius,2026-04-12T13:59:24Z,12-Apr-2026,06:59:24,0.47,1
American Robin,Turdus migratorius,2026-04-12T13:59:17Z,12-Apr-2026,06:59:17,0.9176,10
American Robin,Turdus migratorius,2026-04-12T13:58:47Z,12-Apr-2026,06:58:47,0.41,1
American Robin,Turdus migratorius,2026-04-12T13:58:15Z,12-Apr-2026,06:58:15,0.8627,7
American Robin,Turdus migratorius,2026-04-12T13:58:11Z,12-Apr-2026,06:58:11,0.38,1
American Robin,Turdus migratorius,2026-04-12T13:57:58Z,12-Apr-2026,06:57:58,0.44,1
American Robin,Turdus migratorius,2026-04-12T13:57:38Z,12-Apr-2026,06:57:38,0.36,1
American Robin,Turdus migratorius,2026-04-12T13:57:31Z,12-Apr-2026,06:57:31,0.27,1
American Robin,Turdus migratorius,2026-04-12T13:57:18Z,12-Apr-2026,06:57:18,0.5,1
American Robin,Turdus migratorius,2026-04-12T13:57:05Z,12-Apr-2026,06:57:05,0.8,1
American Robin,Turdus migratorius,2026-04-12T13:56:37Z,12-Apr-2026,06:56:37,0.5,1
American Crow,Corvus brachyrhynchos,2026-04-12T13:56:32Z,12-Apr-2026,06:56:32,0.8471,1
American Robin,Turdus migratorius,2026-04-12T13:56:29Z,12-Apr-2026,06:56:29,0.39,1
American Robin,Turdus migratorius,2026-04-12T13:56:21Z,12-Apr-2026,06:56:21,0.29,1
American Robin,Turdus migratorius,2026-04-12T13:56:06Z,12-Apr-2026,06:56:06,0.51,1
American Robin,Turdus migratorius,2026-04-12T13:56:01Z,12-Apr-2026,06:56:01,0.8,1
Bushtit,Psaltriparus minimus,2026-04-12T13:55:14Z,12-Apr-2026,06:55:14,0.95,1
American Crow,Corvus brachyrhynchos,2026-04-12T13:54:56Z,12-Apr-2026,06:54:56,0.8314,1
Bushtit,Psaltriparus minimus,2026-04-12T13:54:52Z,12-Apr-2026,06:54:52,0.4,1
Bushtit,Psaltriparus minimus,2026-04-12T13:54:44Z,12-Apr-2026,06:54:44,0.59,1
American Robin,Turdus migratorius,2026-04-12T13:54:00Z,12-Apr-2026,06:54:00,0.8157,1
Ruby-crowned Kinglet,Corthylio calendula,2026-04-12T13:53:23Z,12-Apr-2026,06:53:23,0.4,1
Ruby-crowned Kinglet,Corthylio calendula,2026-04-12T13:53:16Z,12-Apr-2026,06:53:16,0.26,1
American Robin,Turdus migratorius,2026-04-12T13:52:34Z,12-Apr-2026,06:52:34,0.8627,3
American Robin,Turdus migratorius,2026-04-12T13:51:04Z,12-Apr-2026,06:51:04,0.9255,3
American Robin,Turdus migratorius,2026-04-12T13:51:00Z,12-Apr-2026,06:51:00,0.3,1
American Robin,Turdus migratorius,2026-04-12T13:50:37Z,12-Apr-2026,06:50:37,0.28,1
American Robin,Turdus migratorius,2026-04-12T13:50:15Z,12-Apr-2026,06:50:15,0.32,1
American Robin,Turdus migratorius,2026-04-12T13:50:05Z,12-Apr-2026,06:50:05,0.51,1
American Robin,Turdus migratorius,2026-04-12T13:50:01Z,12-Apr-2026,06:50:01,0.8314,1
Dark-eyed Junco,Junco hyemalis,2026-04-12T13:49:50Z,12-Apr-2026,06:49:50,0.42,1
Dark-eyed Junco,Junco hyemalis,2026-04-12T13:45:18Z,12-Apr-2026,06:45:18,0.37,1
Red-breasted Nuthatch,Sitta canadensis,2026-04-12T13:42:24Z,12-Apr-2026,06:42:24,0.86,1
Bewick's Wren,Thryomanes bewickii,2026-04-12T13:39:26Z,12-Apr-2026,06:39:26,0.56,1
Red-breasted Nuthatch,Sitta canadensis,2026-04-12T13:34:36Z,12-Apr-2026,06:34:36,0.41,1
Red-breasted Nuthatch,Sitta canadensis,2026-04-12T13:34:26Z,12-Apr-2026,06:34:26,0.54,1
American Crow,Corvus brachyrhynchos,2026-04-12T13:31:59Z,12-Apr-2026,06:31:59,0.8745,1
Mountain Chickadee,Poecile gambeli,2026-04-12T13:30:02Z,12-Apr-2026,06:30:02,0.69,1
Black-capped Chickadee,Poecile atricapillus,2026-04-12T13:27:45Z,12-Apr-2026,06:27:45,0.8,1
Bewick's Wren,Thryomanes bewickii,2026-04-12T13:27:22Z,12-Apr-2026,06:27:22,0.46,1
American Robin,Turdus migratorius,2026-04-12T13:27:08Z,12-Apr-2026,06:27:08,0.7804,1
Red-breasted Nuthatch,Sitta canadensis,2026-04-12T13:27:01Z,12-Apr-2026,06:27:01,0.51,1
American Crow,Corvus brachyrhynchos,2026-04-12T13:26:33Z,12-Apr-2026,06:26:33,0.8471,1
American Robin,Turdus migratorius,2026-04-12T13:26:12Z,12-Apr-2026,06:26:12,0.5,1
American Robin,Turdus migratorius,2026-04-12T13:25:40Z,12-Apr-2026,06:25:40,0.32,1
American Robin,Turdus migratorius,2026-04-12T13:25:12Z,12-Apr-2026,06:25:12,0.8314,4
American Robin,Turdus migratorius,2026-04-12T13:24:00Z,12-Apr-2026,06:24:00,0.8,1
White-throated Sparrow,Zonotrichia albicollis,2026-04-12T13:23:52Z,12-Apr-2026,06:23:52,0.45,1
White-throated Sparrow,Zonotrichia albicollis,2026-04-12T13:23:45Z,12-Apr-2026,06:23:45,0.4,1
White-throated Sparrow,Zonotrichia albicollis,2026-04-12T13:23:35Z,12-Apr-2026,06:23:35,0.45,1
White-throated Sparrow,Zonotrichia albicollis,2026-04-12T13:23:18Z,12-Apr-2026,06:23:18,0.3,1
White-crowned Sparrow,Zonotrichia leucophrys,2026-04-12T13:23:11Z,12-Apr-2026,06:23:11,0.35,1
Black-capped Chickadee,Poecile atricapillus,2026-04-12T13:23:03Z,12-Apr-2026,06:23:03,0.69,1
Black-capped Chickadee,Poecile atricapillus,2026-04-12T13:22:56Z,12-Apr-2026,06:22:56,0.63,1
Black-capped Chickadee,Poecile atricapillus,2026-04-12T13:22:34Z,12-Apr-2026,06:22:34,0.33,1
White-throated Sparrow,Zonotrichia albicollis,2026-04-12T13:22:12Z,12-Apr-2026,06:22:12,0.43,1
White-throated Sparrow,Zonotrichia albicollis,2026-04-12T13:22:04Z,12-Apr-2026,06:22:04,0.42,1
White-throated Sparrow,Zonotrichia albicollis,2026-04-12T13:21:57Z,12-Apr-2026,06:21:57,0.44,1
American Robin,Turdus migratorius,2026-04-12T13:21:50Z,12-Apr-2026,06:21:50,0.48,1
Black-capped Chickadee,Poecile atricapillus,2026-04-12T13:21:42Z,12-Apr-2026,06:21:42,0.34,1
White-throated Sparrow,Zonotrichia albicollis,2026-04-12T13:21:14Z,12-Apr-2026,06:21:14,0.28,1
Black-capped Chickadee,Poecile atricapillus,2026-04-12T13:21:07Z,12-Apr-2026,06:21:07,0.66,1
Black-capped Chickadee,Poecile atricapillus,2026-04-12T13:20:59Z,12-Apr-2026,06:20:59,0.65,1
Black-capped Chickadee,Poecile atricapillus,2026-04-12T13:20:43Z,12-Apr-2026,06:20:43,0.39,1
White-throated Sparrow,Zonotrichia albicollis,2026-04-12T13:20:33Z,12-Apr-2026,06:20:33,0.51,1
White-throated Sparrow,Zonotrichia albicollis,2026-04-12T13:20:25Z,12-Apr-2026,06:20:25,0.78,1
American Robin,Turdus migratorius,2026-04-12T13:20:21Z,12-Apr-2026,06:20:21,0.7804,1
White-throated Sparrow,Zonotrichia albicollis,2026-04-12T13:20:05Z,12-Apr-2026,06:20:05,0.37,1
Golden-crowned Sparrow,Zonotrichia atricapilla,2026-04-12T13:19:48Z,12-Apr-2026,06:19:48,0.28,1
Mountain Chickadee,Poecile gambeli,2026-04-12T13:19:41Z,12-Apr-2026,06:19:41,0.27,1
Golden-crowned Sparrow,Zonotrichia atricapilla,2026-04-12T13:19:20Z,12-Apr-2026,06:19:20,0.32,1
Black-capped Chickadee,Poecile atricapillus,2026-04-12T13:19:09Z,12-Apr-2026,06:19:09,0.949,1
Black-capped Chickadee,Poecile atricapillus,2026-04-12T13:17:11Z,12-Apr-2026,06:17:11,0.39,1
Black-capped Chickadee,Poecile atricapillus,2026-04-12T13:16:29Z,12-Apr-2026,06:16:29,0.42,1
Black-capped Chickadee,Poecile atricapillus,2026-04-12T13:16:06Z,12-Apr-2026,06:16:06,0.38,1
Black-capped Chickadee,Poecile atricapillus,2026-04-12T13:15:37Z,12-Apr-2026,06:15:37,0.35,1
Black-capped Chickadee,Poecile atricapillus,2026-04-12T13:15:14Z,12-Apr-2026,06:15:14,0.44,1
American Robin,Turdus migratorius,2026-04-12T13:14:59Z,12-Apr-2026,06:14:59,0.8314,1
Black-capped Chickadee,Poecile atricapillus,2026-04-12T13:14:39Z,12-Apr-2026,06:14:39,0.27,1
Black-capped Chickadee,Poecile atricapillus,2026-04-12T13:14:32Z,12-Apr-2026,06:14:32,0.38,1
Black-capped Chickadee,Poecile atricapillus,2026-04-12T13:14:24Z,12-Apr-2026,06:14:24,0.48,1
Black-capped Chickadee,Poecile atricapillus,2026-04-12T13:14:16Z,12-Apr-2026,06:14:16,0.65,1
Black-capped Chickadee,Poecile atricapillus,2026-04-12T13:14:02Z,12-Apr-2026,06:14:02,0.4,1
Black-capped Chickadee,Poecile atricapillus,2026-04-12T13:13:50Z,12-Apr-2026,06:13:50,0.898,1
Bewick's Wren,Thryomanes bewickii,2026-04-12T13:12:53Z,12-Apr-2026,06:12:53,0.27,1
Bewick's Wren,Thryomanes bewickii,2026-04-12T13:12:38Z,12-Apr-2026,06:12:38,0.49,1
American Robin,Turdus migratorius,2026-04-12T13:12:34Z,12-Apr-2026,06:12:34,0.8745,1
American Robin,Turdus migratorius,2026-04-12T13:12:27Z,12-Apr-2026,06:12:27,0.43,1
Bewick's Wren,Thryomanes bewickii,2026-04-12T13:12:08Z,12-Apr-2026,06:12:08,0.89,1
Bewick's Wren,Thryomanes bewickii,2026-04-12T13:11:46Z,12-Apr-2026,06:11:46,0.4,1
Bewick's Wren,Thryomanes bewickii,2026-04-12T13:11:38Z,12-Apr-2026,06:11:38,0.32,1
Bewick's Wren,Thryomanes bewickii,2026-04-12T13:11:31Z,12-Apr-2026,06:11:31,0.73,1
American Robin,Turdus migratorius,2026-04-12T13:11:23Z,12-Apr-2026,06:11:23,0.31,1
Dark-eyed Junco,Junco hyemalis,2026-04-12T13:11:15Z,12-Apr-2026,06:11:15,0.33,1
Bewick's Wren,Thryomanes bewickii,2026-04-12T13:11:08Z,12-Apr-2026,06:11:08,0.57,1
Bewick's Wren,Thryomanes bewickii,2026-04-12T13:11:00Z,12-Apr-2026,06:11:00,0.93,1
Bewick's Wren,Thryomanes bewickii,2026-04-12T13:10:45Z,12-Apr-2026,06:10:45,0.71,1
Bewick's Wren,Thryomanes bewickii,2026-04-12T13:10:22Z,12-Apr-2026,06:10:22,0.84,1
Bewick's Wren,Thryomanes bewickii,2026-04-12T13:10:15Z,12-Apr-2026,06:10:15,0.5,1
Bewick's Wren,Thryomanes bewickii,2026-04-12T13:10:08Z,12-Apr-2026,06:10:08,0.63,1
Bewick's Wren,Thryomanes bewickii,2026-04-12T13:10:01Z,12-Apr-2026,06:10:01,0.62,1
Bewick's Wren,Thryomanes bewickii,2026-04-12T13:09:54Z,12-Apr-2026,06:09:54,0.96,1
Dark-eyed Junco,Junco hyemalis,2026-04-12T13:09:33Z,12-Apr-2026,06:09:33,0.28,1
Dark-eyed Junco,Junco hyemalis,2026-04-12T13:09:26Z,12-Apr-2026,06:09:26,0.3,1
Bewick's Wren,Thryomanes bewickii,2026-04-12T13:09:03Z,12-Apr-2026,06:09:03,0.26,1
Bewick's Wren,Thryomanes bewickii,2026-04-12T13:08:56Z,12-Apr-2026,06:08:56,0.91,1
Bewick's Wren,Thryomanes bewickii,2026-04-12T13:08:50Z,12-Apr-2026,06:08:50,0.78,1
Bewick's Wren,Thryomanes bewickii,2026-04-12T13:08:43Z,12-Apr-2026,06:08:43,0.88,1
Bewick's Wren,Thryomanes bewickii,2026-04-12T13:08:20Z,12-Apr-2026,06:08:20,0.86,1
Bewick's Wren,Thryomanes bewickii,2026-04-12T13:08:13Z,12-Apr-2026,06:08:13,0.97,1
Bewick's Wren,Thryomanes bewickii,2026-04-12T13:08:05Z,12-Apr-2026,06:08:05,0.82,1
Bewick's Wren,Thryomanes bewickii,2026-04-12T13:07:58Z,12-Apr-2026,06:07:58,0.84,1
Bewick's Wren,Thryomanes bewickii,2026-04-12T13:07:51Z,12-Apr-2026,06:07:51,0.93,1
Bewick's Wren,Thryomanes bewickii,2026-04-12T13:07:44Z,12-Apr-2026,06:07:44,0.37,1
Bewick's Wren,Thryomanes bewickii,2026-04-12T13:07:37Z,12-Apr-2026,06:07:37,0.92,1
Bewick's Wren,Thryomanes bewickii,2026-04-12T13:07:22Z,12-Apr-2026,06:07:22,0.92,1
Bewick's Wren,Thryomanes bewickii,2026-04-12T13:07:06Z,12-Apr-2026,06:07:06,0.89,1
Bewick's Wren,Thryomanes bewickii,2026-04-12T13:06:58Z,12-Apr-2026,06:06:58,0.4,1
Bewick's Wren,Thryomanes bewickii,2026-04-12T13:06:42Z,12-Apr-2026,06:06:42,0.83,1
Bewick's Wren,Thryomanes bewickii,2026-04-12T13:06:31Z,12-Apr-2026,06:06:31,0.97,1
Bewick's Wren,Thryomanes bewickii,2026-04-12T13:06:21Z,12-Apr-2026,06:06:21,0.94,1
Bewick's Wren,Thryomanes bewickii,2026-04-12T13:06:11Z,12-Apr-2026,06:06:11,0.98,1
Bewick's Wren,Thryomanes bewickii,2026-04-12T13:06:03Z,12-Apr-2026,06:06:03,0.85,1
Bewick's Wren,Thryomanes bewickii,2026-04-12T13:05:56Z,12-Apr-2026,06:05:56,0.55,1
Bewick's Wren,Thryomanes bewickii,2026-04-12T13:05:48Z,12-Apr-2026,06:05:48,0.96,1
Bewick's Wren,Thryomanes bewickii,2026-04-12T13:05:41Z,12-Apr-2026,06:05:41,0.85,1
Bewick's Wren,Thryomanes bewickii,2026-04-12T13:05:25Z,12-Apr-2026,06:05:25,0.46,1
Bewick's Wren,Thryomanes bewickii,2026-04-12T13:05:18Z,12-Apr-2026,06:05:18,0.92,1
Bewick's Wren,Thryomanes bewickii,2026-04-12T13:05:03Z,12-Apr-2026,06:05:03,0.35,1
Bewick's Wren,Thryomanes bewickii,2026-04-12T13:04:56Z,12-Apr-2026,06:04:56,0.46,1
Bewick's Wren,Thryomanes bewickii,2026-04-12T13:04:50Z,12-Apr-2026,06:04:50,0.81,1
Bewick's Wren,Thryomanes bewickii,2026-04-12T13:04:42Z,12-Apr-2026,06:04:42,0.47,1
Bewick's Wren,Thryomanes bewickii,2026-04-12T13:04:35Z,12-Apr-2026,06:04:35,0.74,1
Bewick's Wren,Thryomanes bewickii,2026-04-12T13:04:27Z,12-Apr-2026,06:04:27,0.34,1
Bewick's Wren,Thryomanes bewickii,2026-04-12T13:04:20Z,12-Apr-2026,06:04:20,0.91,1
Bewick's Wren,Thryomanes bewickii,2026-04-12T13:04:05Z,12-Apr-2026,06:04:05,0.95,1
Bewick's Wren,Thryomanes bewickii,2026-04-12T13:03:54Z,12-Apr-2026,06:03:54,0.67,1
Bewick's Wren,Thryomanes bewickii,2026-04-12T13:03:48Z,12-Apr-2026,06:03:48,0.91,1
Bewick's Wren,Thryomanes bewickii,2026-04-12T13:03:37Z,12-Apr-2026,06:03:37,0.83,1
Bewick's Wren,Thryomanes bewickii,2026-04-12T13:03:30Z,12-Apr-2026,06:03:30,0.68,1
Bewick's Wren,Thryomanes bewickii,2026-04-12T13:03:23Z,12-Apr-2026,06:03:23,0.5,1
Bewick's Wren,Thryomanes bewickii,2026-04-12T13:03:16Z,12-Apr-2026,06:03:16,0.53,1
Bewick's Wren,Thryomanes bewickii,2026-04-12T13:03:02Z,12-Apr-2026,06:03:02,0.92,1
Bewick's Wren,Thryomanes bewickii,2026-04-12T13:02:55Z,12-Apr-2026,06:02:55,0.74,1
Bewick's Wren,Thryomanes bewickii,2026-04-12T13:02:47Z,12-Apr-2026,06:02:47,0.98,1
Bewick's Wren,Thryomanes bewickii,2026-04-12T13:02:40Z,12-Apr-2026,06:02:40,0.75,1
Bewick's Wren,Thryomanes bewickii,2026-04-12T13:02:34Z,12-Apr-2026,06:02:34,0.89,1
Bewick's Wren,Thryomanes bewickii,2026-04-12T13:02:28Z,12-Apr-2026,06:02:28,0.77,1
Bewick's Wren,Thryomanes bewickii,2026-04-12T13:02:19Z,12-Apr-2026,06:02:19,0.88,1
Bewick's Wren,Thryomanes bewickii,2026-04-12T13:02:12Z,12-Apr-2026,06:02:12,0.93,1
Bewick's Wren,Thryomanes bewickii,2026-04-12T13:02:04Z,12-Apr-2026,06:02:04,0.88,1
Bewick's Wren,Thryomanes bewickii,2026-04-12T13:01:57Z,12-Apr-2026,06:01:57,0.9,1
Bewick's Wren,Thryomanes bewickii,2026-04-12T13:01:49Z,12-Apr-2026,06:01:49,0.94,1
Bewick's Wren,Thryomanes bewickii,2026-04-12T13:01:42Z,12-Apr-2026,06:01:42,0.86,1
Bewick's Wren,Thryomanes bewickii,2026-04-12T13:01:35Z,12-Apr-2026,06:01:35,0.99,1
Bewick's Wren,Thryomanes bewickii,2026-04-12T13:01:27Z,12-Apr-2026,06:01:27,0.95,1
Bewick's Wren,Thryomanes bewickii,2026-04-12T13:01:16Z,12-Apr-2026,06:01:16,0.98,1
Bewick's Wren,Thryomanes bewickii,2026-04-12T13:01:09Z,12-Apr-2026,06:01:09,0.97,1
Bewick's Wren,Thryomanes bewickii,2026-04-12T13:01:01Z,12-Apr-2026,06:01:01,0.96,1
Bewick's Wren,Thryomanes bewickii,2026-04-12T13:00:48Z,12-Apr-2026,06:00:48,0.68,1
Song Sparrow,Melospiza melodia,2026-04-12T13:00:33Z,12-Apr-2026,06:00:33,0.7804,1
Bewick's Wren,Thryomanes bewickii,2026-04-12T13:00:28Z,12-Apr-2026,06:00:28,0.99,1
Bewick's Wren,Thryomanes bewickii,2026-04-12T13:00:10Z,12-Apr-2026,06:00:10,0.99,1
Bewick's Wren,Thryomanes bewickii,2026-04-12T12:59:55Z,12-Apr-2026,05:59:55,0.97,1
Bewick's Wren,Thryomanes bewickii,2026-04-12T12:59:49Z,12-Apr-2026,05:59:49,0.97,1
Bewick's Wren,Thryomanes bewickii,2026-04-12T12:59:32Z,12-Apr-2026,05:59:32,0.98,1
Bewick's Wren,Thryomanes bewickii,2026-04-12T12:59:24Z,12-Apr-2026,05:59:24,0.99,1
Bewick's Wren,Thryomanes bewickii,2026-04-12T12:59:02Z,12-Apr-2026,05:59:02,0.99,1
Bewick's Wren,Thryomanes bewickii,2026-04-12T12:58:54Z,12-Apr-2026,05:58:54,0.93,1
Bewick's Wren,Thryomanes bewickii,2026-04-12T12:58:47Z,12-Apr-2026,05:58:47,0.97,1
Bewick's Wren,Thryomanes bewickii,2026-04-12T12:58:39Z,12-Apr-2026,05:58:39,0.98,1
Bewick's Wren,Thryomanes bewickii,2026-04-12T12:58:33Z,12-Apr-2026,05:58:33,0.99,1
Bewick's Wren,Thryomanes bewickii,2026-04-12T12:58:27Z,12-Apr-2026,05:58:27,0.99,1
American Robin,Turdus migratorius,2026-04-12T12:58:19Z,12-Apr-2026,05:58:19,0.79,1
American Robin,Turdus migratorius,2026-04-12T12:58:12Z,12-Apr-2026,05:58:12,0.28,1
American Robin,Turdus migratorius,2026-04-12T12:57:32Z,12-Apr-2026,05:57:32,0.38,1
American Robin,Turdus migratorius,2026-04-12T12:57:21Z,12-Apr-2026,05:57:21,0.8157,1
Bewick's Wren,Thryomanes bewickii,2026-04-12T12:57:16Z,12-Apr-2026,05:57:16,0.9,1
Bewick's Wren,Thryomanes bewickii,2026-04-12T12:57:10Z,12-Apr-2026,05:57:10,0.71,1
Bewick's Wren,Thryomanes bewickii,2026-04-12T12:57:02Z,12-Apr-2026,05:57:02,0.88,1
Bewick's Wren,Thryomanes bewickii,2026-04-12T12:56:54Z,12-Apr-2026,05:56:54,0.5,1
Bewick's Wren,Thryomanes bewickii,2026-04-12T12:56:49Z,12-Apr-2026,05:56:49,0.9,1
American Robin,Turdus migratorius,2026-04-12T12:56:33Z,12-Apr-2026,05:56:33,0.5,1
Bewick's Wren,Thryomanes bewickii,2026-04-12T12:56:12Z,12-Apr-2026,05:56:12,0.91,1
Bewick's Wren,Thryomanes bewickii,2026-04-12T12:55:51Z,12-Apr-2026,05:55:51,0.98,1
Bewick's Wren,Thryomanes bewickii,2026-04-12T12:55:43Z,12-Apr-2026,05:55:43,0.55,1
Bewick's Wren,Thryomanes bewickii,2026-04-12T12:55:32Z,12-Apr-2026,05:55:32,0.98,1
American Goldfinch,Spinus tristis,2026-04-12T12:55:27Z,12-Apr-2026,05:55:27,0.8863,1
Bewick's Wren,Thryomanes bewickii,2026-04-12T12:55:23Z,12-Apr-2026,05:55:23,0.6,1
Bewick's Wren,Thryomanes bewickii,2026-04-12T12:55:16Z,12-Apr-2026,05:55:16,0.76,1
American Robin,Turdus migratorius,2026-04-12T12:55:08Z,12-Apr-2026,05:55:08,0.4,1
Bewick's Wren,Thryomanes bewickii,2026-04-12T12:55:00Z,12-Apr-2026,05:55:00,0.55,1
American Robin,Turdus migratorius,2026-04-12T12:54:56Z,12-Apr-2026,05:54:56,0.9098,4
Bewick's Wren,Thryomanes bewickii,2026-04-12T12:54:51Z,12-Apr-2026,05:54:51,0.8,1
American Robin,Turdus migratorius,2026-04-12T12:54:44Z,12-Apr-2026,05:54:44,0.58,1
Bewick's Wren,Thryomanes bewickii,2026-04-12T12:54:37Z,12-Apr-2026,05:54:37,0.88,1
Bewick's Wren,Thryomanes bewickii,2026-04-12T12:54:30Z,12-Apr-2026,05:54:30,0.67,1
Bewick's Wren,Thryomanes bewickii,2026-04-12T12:54:17Z,12-Apr-2026,05:54:17,0.93,1
American Robin,Turdus migratorius,2026-04-12T12:54:11Z,12-Apr-2026,05:54:11,0.3,1
Bewick's Wren,Thryomanes bewickii,2026-04-12T12:54:03Z,12-Apr-2026,05:54:03,0.97,1
Bewick's Wren,Thryomanes bewickii,2026-04-12T12:53:55Z,12-Apr-2026,05:53:55,0.77,1
Bewick's Wren,Thryomanes bewickii,2026-04-12T12:53:48Z,12-Apr-2026,05:53:48,0.97,1
American Robin,Turdus migratorius,2026-04-12T12:53:36Z,12-Apr-2026,05:53:36,0.8,3
Bewick's Wren,Thryomanes bewickii,2026-04-12T12:53:32Z,12-Apr-2026,05:53:32,0.97,1
American Goldfinch,Spinus tristis,2026-04-12T12:53:27Z,12-Apr-2026,05:53:27,0.7804,1
Bewick's Wren,Thryomanes bewickii,2026-04-12T12:53:21Z,12-Apr-2026,05:53:21,0.97,1
Bewick's Wren,Thryomanes bewickii,2026-04-12T12:53:13Z,12-Apr-2026,05:53:13,0.94,1
Bewick's Wren,Thryomanes bewickii,2026-04-12T12:52:53Z,12-Apr-2026,05:52:53,0.96,1
Bewick's Wren,Thryomanes bewickii,2026-04-12T12:52:38Z,12-Apr-2026,05:52:38,0.99,1
Bewick's Wren,Thryomanes bewickii,2026-04-12T12:52:31Z,12-Apr-2026,05:52:31,0.96,1
Bewick's Wren,Thryomanes bewickii,2026-04-12T12:52:10Z,12-Apr-2026,05:52:10,0.97,1
American Goldfinch,Spinus tristis,2026-04-12T12:51:36Z,12-Apr-2026,05:51:36,0.8627,3
Bewick's Wren,Thryomanes bewickii,2026-04-12T12:51:29Z,12-Apr-2026,05:51:29,0.97,1
Bewick's Wren,Thryomanes bewickii,2026-04-12T12:51:21Z,12-Apr-2026,05:51:21,0.88,1
Bewick's Wren,Thryomanes bewickii,2026-04-12T12:51:07Z,12-Apr-2026,05:51:07,0.96,1
Bewick's Wren,Thryomanes bewickii,2026-04-12T12:50:56Z,12-Apr-2026,05:50:56,0.98,1
American Robin,Turdus migratorius,2026-04-12T12:50:52Z,12-Apr-2026,05:50:52,0.9255,2
Bewick's Wren,Thryomanes bewickii,2026-04-12T12:50:23Z,12-Apr-2026,05:50:23,0.97,1
Bewick's Wren,Thryomanes bewickii,2026-04-12T12:50:16Z,12-Apr-2026,05:50:16,0.76,1
Bewick's Wren,Thryomanes bewickii,2026-04-12T12:50:09Z,12-Apr-2026,05:50:09,0.92,1
Bewick's Wren,Thryomanes bewickii,2026-04-12T12:49:55Z,12-Apr-2026,05:49:55,0.27,1
American Robin,Turdus migratorius,2026-04-12T12:49:48Z,12-Apr-2026,05:49:48,0.8745,2
American Goldfinch,Spinus tristis,2026-04-12T12:49:42Z,12-Apr-2026,05:49:42,0.7804,2
Bewick's Wren,Thryomanes bewickii,2026-04-12T12:49:35Z,12-Apr-2026,05:49:35,0.95,1
American Robin,Turdus migratorius,2026-04-12T12:49:25Z,12-Apr-2026,05:49:25,0.45,1
Bewick's Wren,Thryomanes bewickii,2026-04-12T12:49:18Z,12-Apr-2026,05:49:18,0.89,1
Bewick's Wren,Thryomanes bewickii,2026-04-12T12:49:11Z,12-Apr-2026,05:49:11,0.7,1
Bewick's Wren,Thryomanes bewickii,2026-04-12T12:49:04Z,12-Apr-2026,05:49:04,0.97,1
Bewick's Wren,Thryomanes bewickii,2026-04-12T12:48:50Z,12-Apr-2026,05:48:50,0.97,1
Bewick's Wren,Thryomanes bewickii,2026-04-12T12:48:40Z,12-Apr-2026,05:48:40,0.96,1
Bewick's Wren,Thryomanes bewickii,2026-04-12T12:48:34Z,12-Apr-2026,05:48:34,0.96,1
Bewick's Wren,Thryomanes bewickii,2026-04-12T12:48:26Z,12-Apr-2026,05:48:26,0.95,1
American Robin,Turdus migratorius,2026-04-12T12:48:15Z,12-Apr-2026,05:48:15,0.8314,2
Bewick's Wren,Thryomanes bewickii,2026-04-12T12:48:11Z,12-Apr-2026,05:48:11,0.86,1
American Goldfinch,Spinus tristis,2026-04-12T12:48:06Z,12-Apr-2026,05:48:06,0.8863,1
Bewick's Wren,Thryomanes bewickii,2026-04-12T12:48:01Z,12-Apr-2026,05:48:01,0.86,1
American Robin,Turdus migratorius,2026-04-12T12:47:51Z,12-Apr-2026,05:47:51,0.51,1
American Robin,Turdus migratorius,2026-04-12T12:47:37Z,12-Apr-2026,05:47:37,0.33,1
Bewick's Wren,Thryomanes bewickii,2026-04-12T12:47:29Z,12-Apr-2026,05:47:29,0.89,1
Bewick's Wren,Thryomanes bewickii,2026-04-12T12:47:14Z,12-Apr-2026,05:47:14,0.93,1
American Robin,Turdus migratorius,2026-04-12T12:47:10Z,12-Apr-2026,05:47:10,0.8314,1
Bewick's Wren,Thryomanes bewickii,2026-04-12T12:47:04Z,12-Apr-2026,05:47:04,0.9,1
Bewick's Wren,Thryomanes bewickii,2026-04-12T12:46:51Z,12-Apr-2026,05:46:51,0.95,1
Bewick's Wren,Thryomanes bewickii,2026-04-12T12:46:41Z,12-Apr-2026,05:46:41,0.4,1
Bewick's Wren,Thryomanes bewickii,2026-04-12T12:46:33Z,12-Apr-2026,05:46:33,0.94,1
American Robin,Turdus migratorius,2026-04-12T12:46:09Z,12-Apr-2026,05:46:09,0.9647,1
American Robin,Turdus migratorius,2026-04-12T12:46:01Z,12-Apr-2026,05:46:01,0.39,1
Bewick's Wren,Thryomanes bewickii,2026-04-12T12:45:51Z,12-Apr-2026,05:45:51,0.73,1
American Goldfinch,Spinus tristis,2026-04-12T12:45:47Z,12-Apr-2026,05:45:47,0.8745,1
Bewick's Wren,Thryomanes bewickii,2026-04-12T12:45:32Z,12-Apr-2026,05:45:32,0.92,1
Bewick's Wren,Thryomanes bewickii,2026-04-12T12:45:26Z,12-Apr-2026,05:45:26,0.72,1
Bewick's Wren,Thryomanes bewickii,2026-04-12T12:45:19Z,12-Apr-2026,05:45:19,0.92,1
Bewick's Wren,Thryomanes bewickii,2026-04-12T12:45:11Z,12-Apr-2026,05:45:11,0.98,1
Bewick's Wren,Thryomanes bewickii,2026-04-12T12:45:03Z,12-Apr-2026,05:45:03,0.93,1
American Robin,Turdus migratorius,2026-04-12T12:44:48Z,12-Apr-2026,05:44:48,0.28,1
Bewick's Wren,Thryomanes bewickii,2026-04-12T12:44:40Z,12-Apr-2026,05:44:40,0.94,1
Bewick's Wren,Thryomanes bewickii,2026-04-12T12:44:33Z,12-Apr-2026,05:44:33,0.91,1
Bewick's Wren,Thryomanes bewickii,2026-04-12T12:44:25Z,12-Apr-2026,05:44:25,0.99,1
American Goldfinch,Spinus tristis,2026-04-12T12:44:13Z,12-Apr-2026,05:44:13,0.949,1
American Goldfinch,Spinus tristis,2026-04-12T12:43:55Z,12-Apr-2026,05:43:55,0.38,1
Bewick's Wren,Thryomanes bewickii,2026-04-12T12:43:47Z,12-Apr-2026,05:43:47,0.97,1
Bewick's Wren,Thryomanes bewickii,2026-04-12T12:43:41Z,12-Apr-2026,05:43:41,0.94,1
Bewick's Wren,Thryomanes bewickii,2026-04-12T12:43:34Z,12-Apr-2026,05:43:34,0.69,1
Bewick's Wren,Thryomanes bewickii,2026-04-12T12:43:27Z,12-Apr-2026,05:43:27,0.89,1
American Robin,Turdus migratorius,2026-04-12T12:43:21Z,12-Apr-2026,05:43:21,0.8863,1
Bewick's Wren,Thryomanes bewickii,2026-04-12T12:43:07Z,12-Apr-2026,05:43:07,0.96,1
Bewick's Wren,Thryomanes bewickii,2026-04-12T12:43:00Z,12-Apr-2026,05:43:00,0.99,1
Bewick's Wren,Thryomanes bewickii,2026-04-12T12:42:53Z,12-Apr-2026,05:42:53,0.96,1
Bewick's Wren,Thryomanes bewickii,2026-04-12T12:42:38Z,12-Apr-2026,05:42:38,0.97,1
Bewick's Wren,Thryomanes bewickii,2026-04-12T12:42:30Z,12-Apr-2026,05:42:30,0.98,1
Bewick's Wren,Thryomanes bewickii,2026-04-12T12:42:23Z,12-Apr-2026,05:42:23,0.99,1
Bewick's Wren,Thryomanes bewickii,2026-04-12T12:42:16Z,12-Apr-2026,05:42:16,0.89,1
Bewick's Wren,Thryomanes bewickii,2026-04-12T12:42:08Z,12-Apr-2026,05:42:08,0.97,1
Bewick's Wren,Thryomanes bewickii,2026-04-12T12:42:01Z,12-Apr-2026,05:42:01,0.95,1
Bewick's Wren,Thryomanes bewickii,2026-04-12T12:41:50Z,12-Apr-2026,05:41:50,0.81,1
American Goldfinch,Spinus tristis,2026-04-12T12:41:46Z,12-Apr-2026,05:41:46,0.8627,1
Bewick's Wren,Thryomanes bewickii,2026-04-12T12:41:36Z,12-Apr-2026,05:41:36,0.98,1
Bewick's Wren,Thryomanes bewickii,2026-04-12T12:41:20Z,12-Apr-2026,05:41:20,0.94,1
Bewick's Wren,Thryomanes bewickii,2026-04-12T12:41:13Z,12-Apr-2026,05:41:13,0.91,1
Bewick's Wren,Thryomanes bewickii,2026-04-12T12:41:05Z,12-Apr-2026,05:41:05,0.97,1
Bewick's Wren,Thryomanes bewickii,2026-04-12T12:40:58Z,12-Apr-2026,05:40:58,0.99,1
Bewick's Wren,Thryomanes bewickii,2026-04-12T12:40:50Z,12-Apr-2026,05:40:50,0.96,1
Bewick's Wren,Thryomanes bewickii,2026-04-12T12:40:43Z,12-Apr-2026,05:40:43,0.99,1
Bewick's Wren,Thryomanes bewickii,2026-04-12T12:40:27Z,12-Apr-2026,05:40:27,0.99,1
American Robin,Turdus migratorius,2026-04-12T12:40:20Z,12-Apr-2026,05:40:20,0.37,1
Bewick's Wren,Thryomanes bewickii,2026-04-12T12:40:13Z,12-Apr-2026,05:40:13,0.97,1
American Robin,Turdus migratorius,2026-04-12T12:40:06Z,12-Apr-2026,05:40:06,0.32,1
Bewick's Wren,Thryomanes bewickii,2026-04-12T12:40:00Z,12-Apr-2026,05:40:00,0.92,1
Bewick's Wren,Thryomanes bewickii,2026-04-12T12:39:53Z,12-Apr-2026,05:39:53,0.73,1
Bewick's Wren,Thryomanes bewickii,2026-04-12T12:39:46Z,12-Apr-2026,05:39:46,0.96,1
Bewick's Wren,Thryomanes bewickii,2026-04-12T12:39:36Z,12-Apr-2026,05:39:36,0.85,1
Bewick's Wren,Thryomanes bewickii,2026-04-12T12:39:20Z,12-Apr-2026,05:39:20,0.99,1
Bewick's Wren,Thryomanes bewickii,2026-04-12T12:38:57Z,12-Apr-2026,05:38:57,0.83,1
Bewick's Wren,Thryomanes bewickii,2026-04-12T12:38:49Z,12-Apr-2026,05:38:49,0.99,1
Bewick's Wren,Thryomanes bewickii,2026-04-12T12:38:41Z,12-Apr-2026,05:38:41,0.98,1
Bewick's Wren,Thryomanes bewickii,2026-04-12T12:38:33Z,12-Apr-2026,05:38:33,0.98,1
Bewick's Wren,Thryomanes bewickii,2026-04-12T12:38:26Z,12-Apr-2026,05:38:26,0.99,1
Bewick's Wren,Thryomanes bewickii,2026-04-12T12:38:18Z,12-Apr-2026,05:38:18,0.93,1
Bewick's Wren,Thryomanes bewickii,2026-04-12T12:38:11Z,12-Apr-2026,05:38:11,0.98,1
Bewick's Wren,Thryomanes bewickii,2026-04-12T12:37:57Z,12-Apr-2026,05:37:57,0.98,1
Bewick's Wren,Thryomanes bewickii,2026-04-12T12:37:23Z,12-Apr-2026,05:37:23,0.99,1
Bewick's Wren,Thryomanes bewickii,2026-04-12T12:37:16Z,12-Apr-2026,05:37:16,0.99,1
Bewick's Wren,Thryomanes bewickii,2026-04-12T12:37:10Z,12-Apr-2026,05:37:10,0.99,1
Bewick's Wren,Thryomanes bewickii,2026-04-12T12:37:00Z,12-Apr-2026,05:37:00,0.92,1
Bewick's Wren,Thryomanes bewickii,2026-04-12T12:36:52Z,12-Apr-2026,05:36:52,0.93,1
Bewick's Wren,Thryomanes bewickii,2026-04-12T12:36:44Z,12-Apr-2026,05:36:44,0.99,1
Bewick's Wren,Thryomanes bewickii,2026-04-12T12:36:34Z,12-Apr-2026,05:36:34,0.93,1
Bewick's Wren,Thryomanes bewickii,2026-04-12T12:36:26Z,12-Apr-2026,05:36:26,0.98,1
Bewick's Wren,Thryomanes bewickii,2026-04-12T12:36:19Z,12-Apr-2026,05:36:19,0.92,1
Bewick's Wren,Thryomanes bewickii,2026-04-12T12:36:11Z,12-Apr-2026,05:36:11,0.98,1
Bewick's Wren,Thryomanes bewickii,2026-04-12T12:35:48Z,12-Apr-2026,05:35:48,0.35,1
Bewick's Wren,Thryomanes bewickii,2026-04-12T12:35:41Z,12-Apr-2026,05:35:41,0.99,1
Bewick's Wren,Thryomanes bewickii,2026-04-12T12:35:27Z,12-Apr-2026,05:35:27,0.32,1
Bewick's Wren,Thryomanes bewickii,2026-04-12T12:35:12Z,12-Apr-2026,05:35:12,0.99,1
Bewick's Wren,Thryomanes bewickii,2026-04-12T12:35:05Z,12-Apr-2026,05:35:05,0.72,1
Bewick's Wren,Thryomanes bewickii,2026-04-12T12:34:58Z,12-Apr-2026,05:34:58,0.99,1
Bewick's Wren,Thryomanes bewickii,2026-04-12T12:34:50Z,12-Apr-2026,05:34:50,0.95,1
Bewick's Wren,Thryomanes bewickii,2026-04-12T12:34:38Z,12-Apr-2026,05:34:38,0.99,1
Bewick's Wren,Thryomanes bewickii,2026-04-12T12:34:23Z,12-Apr-2026,05:34:23,0.97,1
Bewick's Wren,Thryomanes bewickii,2026-04-12T12:34:16Z,12-Apr-2026,05:34:16,0.97,1
Bewick's Wren,Thryomanes bewickii,2026-04-12T12:34:08Z,12-Apr-2026,05:34:08,0.99,1
Bewick's Wren,Thryomanes bewickii,2026-04-12T12:33:51Z,12-Apr-2026,05:33:51,0.96,1
Bewick's Wren,Thryomanes bewickii,2026-04-12T12:33:44Z,12-Apr-2026,05:33:44,0.98,1
American Robin,Turdus migratorius,2026-04-12T12:33:30Z,12-Apr-2026,05:33:30,0.32,1
Bewick's Wren,Thryomanes bewickii,2026-04-12T12:33:14Z,12-Apr-2026,05:33:14,0.43,1
Bewick's Wren,Thryomanes bewickii,2026-04-12T12:33:04Z,12-Apr-2026,05:33:04,0.98,1
Bewick's Wren,Thryomanes bewickii,2026-04-12T12:32:48Z,12-Apr-2026,05:32:48,0.99,1
Bewick's Wren,Thryomanes bewickii,2026-04-12T12:32:24Z,12-Apr-2026,05:32:24,0.96,1
Bewick's Wren,Thryomanes bewickii,2026-04-12T12:32:17Z,12-Apr-2026,05:32:17,0.96,1
Bewick's Wren,Thryomanes bewickii,2026-04-12T12:32:04Z,12-Apr-2026,05:32:04,0.99,1
American Robin,Turdus migratorius,2026-04-12T12:31:53Z,12-Apr-2026,05:31:53,0.8,1
Bewick's Wren,Thryomanes bewickii,2026-04-12T12:31:39Z,12-Apr-2026,05:31:39,0.99,1
Bewick's Wren,Thryomanes bewickii,2026-04-12T12:31:03Z,12-Apr-2026,05:31:03,0.99,1
Bewick's Wren,Thryomanes bewickii,2026-04-12T12:30:55Z,12-Apr-2026,05:30:55,0.99,1
Bewick's Wren,Thryomanes bewickii,2026-04-12T12:30:48Z,12-Apr-2026,05:30:48,0.99,1
Bewick's Wren,Thryomanes bewickii,2026-04-12T12:30:42Z,12-Apr-2026,05:30:42,0.98,1
Bewick's Wren,Thryomanes bewickii,2026-04-12T12:30:35Z,12-Apr-2026,05:30:35,0.97,1
Bewick's Wren,Thryomanes bewickii,2026-04-12T12:30:16Z,12-Apr-2026,05:30:16,0.98,1
Bewick's Wren,Thryomanes bewickii,2026-04-12T12:30:08Z,12-Apr-2026,05:30:08,0.83,1
Bewick's Wren,Thryomanes bewickii,2026-04-12T12:30:00Z,12-Apr-2026,05:30:00,0.98,1
Bewick's Wren,Thryomanes bewickii,2026-04-12T12:29:52Z,12-Apr-2026,05:29:52,0.45,1
Bewick's Wren,Thryomanes bewickii,2026-04-12T12:29:44Z,12-Apr-2026,05:29:44,0.98,1
Bewick's Wren,Thryomanes bewickii,2026-04-12T12:29:38Z,12-Apr-2026,05:29:38,0.99,1
Bewick's Wren,Thryomanes bewickii,2026-04-12T12:29:23Z,12-Apr-2026,05:29:23,0.3,1
American Robin,Turdus migratorius,2026-04-12T12:29:15Z,12-Apr-2026,05:29:15,0.27,1
Bewick's Wren,Thryomanes bewickii,2026-04-12T12:29:08Z,12-Apr-2026,05:29:08,0.98,1
Bewick's Wren,Thryomanes bewickii,2026-04-12T12:29:00Z,12-Apr-2026,05:29:00,0.96,1
Bewick's Wren,Thryomanes bewickii,2026-04-12T12:28:53Z,12-Apr-2026,05:28:53,0.99,1
Bewick's Wren,Thryomanes bewickii,2026-04-12T12:28:45Z,12-Apr-2026,05:28:45,0.33,1
Bewick's Wren,Thryomanes bewickii,2026-04-12T12:28:38Z,12-Apr-2026,05:28:38,0.53,1
Bewick's Wren,Thryomanes bewickii,2026-04-12T12:28:23Z,12-Apr-2026,05:28:23,0.95,1
Bewick's Wren,Thryomanes bewickii,2026-04-12T12:28:16Z,12-Apr-2026,05:28:16,0.57,1
Bewick's Wren,Thryomanes bewickii,2026-04-12T12:28:08Z,12-Apr-2026,05:28:08,0.95,1
Bewick's Wren,Thryomanes bewickii,2026-04-12T12:28:00Z,12-Apr-2026,05:28:00,0.97,1
American Robin,Turdus migratorius,2026-04-12T12:27:54Z,12-Apr-2026,05:27:54,0.8745,1
Bewick's Wren,Thryomanes bewickii,2026-04-12T12:27:50Z,12-Apr-2026,05:27:50,0.97,1
Bewick's Wren,Thryomanes bewickii,2026-04-12T12:27:42Z,12-Apr-2026,05:27:42,0.96,1
Bewick's Wren,Thryomanes bewickii,2026-04-12T12:27:35Z,12-Apr-2026,05:27:35,0.97,1
Bewick's Wren,Thryomanes bewickii,2026-04-12T12:27:27Z,12-Apr-2026,05:27:27,0.98,1
Bewick's Wren,Thryomanes bewickii,2026-04-12T12:27:20Z,12-Apr-2026,05:27:20,0.9,1
Bewick's Wren,Thryomanes bewickii,2026-04-12T12:27:13Z,12-Apr-2026,05:27:13,0.9,1
Bewick's Wren,Thryomanes bewickii,2026-04-12T12:27:06Z,12-Apr-2026,05:27:06,0.99,1
Bewick's Wren,Thryomanes bewickii,2026-04-12T12:26:59Z,12-Apr-2026,05:26:59,0.98,1
American Robin,Turdus migratorius,2026-04-12T12:26:51Z,12-Apr-2026,05:26:51,0.48,1
American Robin,Turdus migratorius,2026-04-12T12:26:44Z,12-Apr-2026,05:26:44,0.33,1
Bewick's Wren,Thryomanes bewickii,2026-04-12T12:26:38Z,12-Apr-2026,05:26:38,0.89,1
Bewick's Wren,Thryomanes bewickii,2026-04-12T12:26:23Z,12-Apr-2026,05:26:23,0.96,1
Bewick's Wren,Thryomanes bewickii,2026-04-12T12:26:15Z,12-Apr-2026,05:26:15,0.92,1
Bewick's Wren,Thryomanes bewickii,2026-04-12T12:25:48Z,12-Apr-2026,05:25:48,0.97,1
Bewick's Wren,Thryomanes bewickii,2026-04-12T12:25:41Z,12-Apr-2026,05:25:41,0.77,1
Bewick's Wren,Thryomanes bewickii,2026-04-12T12:25:35Z,12-Apr-2026,05:25:35,0.94,1
Bewick's Wren,Thryomanes bewickii,2026-04-12T12:25:27Z,12-Apr-2026,05:25:27,0.97,1
Bewick's Wren,Thryomanes bewickii,2026-04-12T12:25:16Z,12-Apr-2026,05:25:16,0.83,1
Bewick's Wren,Thryomanes bewickii,2026-04-12T12:25:08Z,12-Apr-2026,05:25:08,0.97,1
Bewick's Wren,Thryomanes bewickii,2026-04-12T12:25:02Z,12-Apr-2026,05:25:02,0.98,1
Bewick's Wren,Thryomanes bewickii,2026-04-12T12:24:46Z,12-Apr-2026,05:24:46,0.97,1
Bewick's Wren,Thryomanes bewickii,2026-04-12T12:24:24Z,12-Apr-2026,05:24:24,0.96,1
Bewick's Wren,Thryomanes bewickii,2026-04-12T12:24:10Z,12-Apr-2026,05:24:10,0.98,1
Bewick's Wren,Thryomanes bewickii,2026-04-12T12:23:55Z,12-Apr-2026,05:23:55,0.78,1
Bewick's Wren,Thryomanes bewickii,2026-04-12T12:23:42Z,12-Apr-2026,05:23:42,0.93,1
Bewick's Wren,Thryomanes bewickii,2026-04-12T12:23:35Z,12-Apr-2026,05:23:35,0.97,1
Bewick's Wren,Thryomanes bewickii,2026-04-12T12:23:29Z,12-Apr-2026,05:23:29,0.97,1
Bewick's Wren,Thryomanes bewickii,2026-04-12T12:23:09Z,12-Apr-2026,05:23:09,0.97,1
American Robin,Turdus migratorius,2026-04-12T12:23:02Z,12-Apr-2026,05:23:02,0.26,1
Bewick's Wren,Thryomanes bewickii,2026-04-12T12:22:55Z,12-Apr-2026,05:22:55,0.97,1
American Robin,Turdus migratorius,2026-04-12T12:22:36Z,12-Apr-2026,05:22:36,0.898,1
Bewick's Wren,Thryomanes bewickii,2026-04-12T12:22:15Z,12-Apr-2026,05:22:15,0.95,1
Bewick's Wren,Thryomanes bewickii,2026-04-12T12:21:46Z,12-Apr-2026,05:21:46,0.26,1
Bewick's Wren,Thryomanes bewickii,2026-04-12T12:21:32Z,12-Apr-2026,05:21:32,0.95,1
Bewick's Wren,Thryomanes bewickii,2026-04-12T12:21:25Z,12-Apr-2026,05:21:25,0.46,1
American Robin,Turdus migratorius,2026-04-12T12:21:14Z,12-Apr-2026,05:21:14,0.8314,1
Bewick's Wren,Thryomanes bewickii,2026-04-12T12:20:55Z,12-Apr-2026,05:20:55,0.99,1
Bewick's Wren,Thryomanes bewickii,2026-04-12T12:20:47Z,12-Apr-2026,05:20:47,0.94,1
Bewick's Wren,Thryomanes bewickii,2026-04-12T12:20:40Z,12-Apr-2026,05:20:40,0.78,1
Bewick's Wren,Thryomanes bewickii,2026-04-12T12:19:57Z,12-Apr-2026,05:19:57,0.96,1
American Robin,Turdus migratorius,2026-04-12T12:19:53Z,12-Apr-2026,05:19:53,0.7804,1
Bewick's Wren,Thryomanes bewickii,2026-04-12T12:19:48Z,12-Apr-2026,05:19:48,0.97,1
Bewick's Wren,Thryomanes bewickii,2026-04-12T12:19:40Z,12-Apr-2026,05:19:40,0.87,1
Bewick's Wren,Thryomanes bewickii,2026-04-12T12:19:32Z,12-Apr-2026,05:19:32,0.94,1
Bewick's Wren,Thryomanes bewickii,2026-04-12T12:19:26Z,12-Apr-2026,05:19:26,0.82,1
Bewick's Wren,Thryomanes bewickii,2026-04-12T12:19:20Z,12-Apr-2026,05:19:20,0.97,1
Bewick's Wren,Thryomanes bewickii,2026-04-12T12:18:58Z,12-Apr-2026,05:18:58,0.9,1
Bewick's Wren,Thryomanes bewickii,2026-04-12T12:18:49Z,12-Apr-2026,05:18:49,0.85,1
Bewick's Wren,Thryomanes bewickii,2026-04-12T12:18:43Z,12-Apr-2026,05:18:43,0.96,1
Bewick's Wren,Thryomanes bewickii,2026-04-12T12:18:29Z,12-Apr-2026,05:18:29,0.88,1
Bewick's Wren,Thryomanes bewickii,2026-04-12T12:18:21Z,12-Apr-2026,05:18:21,0.91,1
American Robin,Turdus migratorius,2026-04-12T12:18:07Z,12-Apr-2026,05:18:07,0.3,1
Bewick's Wren,Thryomanes bewickii,2026-04-12T12:17:41Z,12-Apr-2026,05:17:41,0.94,1
American Robin,Turdus migratorius,2026-04-12T12:17:34Z,12-Apr-2026,05:17:34,0.36,1
Bewick's Wren,Thryomanes bewickii,2026-04-12T12:17:26Z,12-Apr-2026,05:17:26,0.88,1
American Robin,Turdus migratorius,2026-04-12T12:16:49Z,12-Apr-2026,05:16:49,0.37,1
American Robin,Turdus migratorius,2026-04-12T12:15:59Z,12-Apr-2026,05:15:59,0.28,1
Bewick's Wren,Thryomanes bewickii,2026-04-12T12:15:45Z,12-Apr-2026,05:15:45,0.36,1
American Robin,Turdus migratorius,2026-04-12T12:15:37Z,12-Apr-2026,05:15:37,0.37,1
American Robin,Turdus migratorius,2026-04-12T12:15:29Z,12-Apr-2026,05:15:29,0.29,1
American Robin,Turdus migratorius,2026-04-12T12:15:03Z,12-Apr-2026,05:15:03,0.41,1
Bewick's Wren,Thryomanes bewickii,2026-04-12T12:14:48Z,12-Apr-2026,05:14:48,0.38,1
American Robin,Turdus migratorius,2026-04-12T12:14:39Z,12-Apr-2026,05:14:39,0.27,1
American Robin,Turdus migratorius,2026-04-12T12:14:29Z,12-Apr-2026,05:14:29,0.26,1
American Robin,Turdus migratorius,2026-04-12T12:14:17Z,12-Apr-2026,05:14:17,0.8314,6
American Robin,Turdus migratorius,2026-04-12T12:14:12Z,12-Apr-2026,05:14:12,0.47,1
American Robin,Turdus migratorius,2026-04-12T12:13:32Z,12-Apr-2026,05:13:32,0.31,1
American Robin,Turdus migratorius,2026-04-12T12:13:03Z,12-Apr-2026,05:13:03,0.7804,2
American Robin,Turdus migratorius,2026-04-12T12:12:59Z,12-Apr-2026,05:12:59,0.27,1
American Robin,Turdus migratorius,2026-04-12T12:12:30Z,12-Apr-2026,05:12:30,0.51,1
American Robin,Turdus migratorius,2026-04-12T12:11:54Z,12-Apr-2026,05:11:54,0.38,1
American Robin,Turdus migratorius,2026-04-12T12:11:47Z,12-Apr-2026,05:11:47,0.8,2
American Robin,Turdus migratorius,2026-04-12T12:11:39Z,12-Apr-2026,05:11:39,0.55,1
American Robin,Turdus migratorius,2026-04-12T12:11:24Z,12-Apr-2026,05:11:24,0.27,1
American Robin,Turdus migratorius,2026-04-12T12:10:08Z,12-Apr-2026,05:10:08,0.898,9
American Robin,Turdus migratorius,2026-04-12T12:09:22Z,12-Apr-2026,05:09:22,0.32,1
American Robin,Turdus migratorius,2026-04-12T12:09:06Z,12-Apr-2026,05:09:06,0.35,1
American Robin,Turdus migratorius,2026-04-12T12:09:01Z,12-Apr-2026,05:09:01,0.7804,9
American Robin,Turdus migratorius,2026-04-12T12:08:58Z,12-Apr-2026,05:08:58,0.27,1
American Robin,Turdus migratorius,2026-04-12T12:07:47Z,12-Apr-2026,05:07:47,0.8863,4
American Robin,Turdus migratorius,2026-04-12T12:07:11Z,12-Apr-2026,05:07:11,0.4,1
American Robin,Turdus migratorius,2026-04-12T12:06:53Z,12-Apr-2026,05:06:53,0.5,1
American Robin,Turdus migratorius,2026-04-12T12:06:46Z,12-Apr-2026,05:06:46,0.39,1
American Robin,Turdus migratorius,2026-04-12T12:06:31Z,12-Apr-2026,05:06:31,0.8157,8
American Robin,Turdus migratorius,2026-04-12T12:06:26Z,12-Apr-2026,05:06:26,0.35,1
American Robin,Turdus migratorius,2026-04-12T12:06:19Z,12-Apr-2026,05:06:19,0.33,1
American Robin,Turdus migratorius,2026-04-12T12:05:50Z,12-Apr-2026,05:05:50,0.51,1
American Robin,Turdus migratorius,2026-04-12T12:05:38Z,12-Apr-2026,05:05:38,0.42,1
American Robin,Turdus migratorius,2026-04-12T12:05:26Z,12-Apr-2026,05:05:26,0.7804,4
American Robin,Turdus migratorius,2026-04-12T12:05:22Z,12-Apr-2026,05:05:22,0.27,1
American Robin,Turdus migratorius,2026-04-12T12:05:00Z,12-Apr-2026,05:05:00,0.35,1
American Robin,Turdus migratorius,2026-04-12T12:04:45Z,12-Apr-2026,05:04:45,0.41,1
American Robin,Turdus migratorius,2026-04-12T12:04:32Z,12-Apr-2026,05:04:32,0.54,1
American Robin,Turdus migratorius,2026-04-12T12:04:25Z,12-Apr-2026,05:04:25,0.47,1
American Robin,Turdus migratorius,2026-04-12T12:04:17Z,12-Apr-2026,05:04:17,0.74,1
American Robin,Turdus migratorius,2026-04-12T12:04:00Z,12-Apr-2026,05:04:00,0.8863,6
American Robin,Turdus migratorius,2026-04-12T12:03:42Z,12-Apr-2026,05:03:42,0.34,1
American Robin,Turdus migratorius,2026-04-12T12:03:24Z,12-Apr-2026,05:03:24,0.43,1
American Robin,Turdus migratorius,2026-04-12T12:02:54Z,12-Apr-2026,05:02:54,0.37,1
American Robin,Turdus migratorius,2026-04-12T12:02:47Z,12-Apr-2026,05:02:47,0.36,1
American Robin,Turdus migratorius,2026-04-12T12:02:43Z,12-Apr-2026,05:02:43,0.9176,7
American Robin,Turdus migratorius,2026-04-12T12:02:09Z,12-Apr-2026,05:02:09,0.31,1
American Robin,Turdus migratorius,2026-04-12T12:01:41Z,12-Apr-2026,05:01:41,0.8314,9
American Robin,Turdus migratorius,2026-04-12T12:00:49Z,12-Apr-2026,05:00:49,0.36,1
American Robin,Turdus migratorius,2026-04-12T12:00:35Z,12-Apr-2026,05:00:35,0.8314,11
American Robin,Turdus migratorius,2026-04-12T12:00:12Z,12-Apr-2026,05:00:12,0.34,1
American Robin,Turdus migratorius,2026-04-12T12:00:05Z,12-Apr-2026,05:00:05,0.34,1
American Robin,Turdus migratorius,2026-04-12T11:59:39Z,12-Apr-2026,04:59:39,0.27,1
American Robin,Turdus migratorius,2026-04-12T11:59:33Z,12-Apr-2026,04:59:33,0.8745,8
American Robin,Turdus migratorius,2026-04-12T11:59:25Z,12-Apr-2026,04:59:25,0.4,1
American Robin,Turdus migratorius,2026-04-12T11:59:10Z,12-Apr-2026,04:59:10,0.69,1
American Robin,Turdus migratorius,2026-04-12T11:58:59Z,12-Apr-2026,04:58:59,0.8,1
American Robin,Turdus migratorius,2026-04-12T11:58:49Z,12-Apr-2026,04:58:49,0.52,1
American Robin,Turdus migratorius,2026-04-12T11:58:42Z,12-Apr-2026,04:58:42,0.41,1
American Robin,Turdus migratorius,2026-04-12T11:58:32Z,12-Apr-2026,04:58:32,0.37,1
American Robin,Turdus migratorius,2026-04-12T11:58:25Z,12-Apr-2026,04:58:25,0.8,7
American Robin,Turdus migratorius,2026-04-12T11:58:20Z,12-Apr-2026,04:58:20,0.49,1
American Robin,Turdus migratorius,2026-04-12T11:58:13Z,12-Apr-2026,04:58:13,0.51,1
American Robin,Turdus migratorius,2026-04-12T11:58:05Z,12-Apr-2026,04:58:05,0.28,1
American Robin,Turdus migratorius,2026-04-12T11:57:57Z,12-Apr-2026,04:57:57,0.44,1
American Robin,Turdus migratorius,2026-04-12T11:57:50Z,12-Apr-2026,04:57:50,0.39,1
American Robin,Turdus migratorius,2026-04-12T11:57:39Z,12-Apr-2026,04:57:39,0.38,1
American Robin,Turdus migratorius,2026-04-12T11:57:22Z,12-Apr-2026,04:57:22,0.8863,11
American Robin,Turdus migratorius,2026-04-12T11:57:01Z,12-Apr-2026,04:57:01,0.29,1
American Robin,Turdus migratorius,2026-04-12T11:56:45Z,12-Apr-2026,04:56:45,0.35,1
American Robin,Turdus migratorius,2026-04-12T11:56:32Z,12-Apr-2026,04:56:32,0.28,1
American Robin,Turdus migratorius,2026-04-12T11:56:24Z,12-Apr-2026,04:56:24,0.39,1
American Robin,Turdus migratorius,2026-04-12T11:56:20Z,12-Apr-2026,04:56:20,0.7804,2
American Robin,Turdus migratorius,2026-04-12T11:55:12Z,12-Apr-2026,04:55:12,0.8,3
American Robin,Turdus migratorius,2026-04-12T11:54:49Z,12-Apr-2026,04:54:49,0.4,1
American Robin,Turdus migratorius,2026-04-12T11:54:39Z,12-Apr-2026,04:54:39,0.29,1
American Robin,Turdus migratorius,2026-04-12T11:54:14Z,12-Apr-2026,04:54:14,0.4,1
American Robin,Turdus migratorius,2026-04-12T11:54:08Z,12-Apr-2026,04:54:08,0.37,1
American Robin,Turdus migratorius,2026-04-12T11:53:56Z,12-Apr-2026,04:53:56,0.8471,4
American Robin,Turdus migratorius,2026-04-12T11:53:37Z,12-Apr-2026,04:53:37,0.57,1
American Robin,Turdus migratorius,2026-04-12T11:53:30Z,12-Apr-2026,04:53:30,0.61,1
American Robin,Turdus migratorius,2026-04-12T11:53:20Z,12-Apr-2026,04:53:20,0.44,1
American Robin,Turdus migratorius,2026-04-12T11:53:07Z,12-Apr-2026,04:53:07,0.3,1
American Robin,Turdus migratorius,2026-04-12T11:53:00Z,12-Apr-2026,04:53:00,0.41,1
American Robin,Turdus migratorius,2026-04-12T11:52:53Z,12-Apr-2026,04:52:53,0.48,1
American Robin,Turdus migratorius,2026-04-12T11:52:46Z,12-Apr-2026,04:52:46,0.32,1
American Robin,Turdus migratorius,2026-04-12T11:52:41Z,12-Apr-2026,04:52:41,0.8157,4
American Robin,Turdus migratorius,2026-04-12T11:52:37Z,12-Apr-2026,04:52:37,0.44,1
American Robin,Turdus migratorius,2026-04-12T11:52:30Z,12-Apr-2026,04:52:30,0.47,1
American Robin,Turdus migratorius,2026-04-12T11:52:23Z,12-Apr-2026,04:52:23,0.46,1
American Robin,Turdus migratorius,2026-04-12T11:52:15Z,12-Apr-2026,04:52:15,0.62,1
American Robin,Turdus migratorius,2026-04-12T11:51:57Z,12-Apr-2026,04:51:57,0.27,1
American Robin,Turdus migratorius,2026-04-12T11:51:40Z,12-Apr-2026,04:51:40,0.9176,6
American Robin,Turdus migratorius,2026-04-12T11:51:36Z,12-Apr-2026,04:51:36,0.3,1
American Robin,Turdus migratorius,2026-04-12T11:51:22Z,12-Apr-2026,04:51:22,0.63,1
American Robin,Turdus migratorius,2026-04-12T11:51:12Z,12-Apr-2026,04:51:12,0.41,1
American Robin,Turdus migratorius,2026-04-12T11:50:59Z,12-Apr-2026,04:50:59,0.46,1
American Robin,Turdus migratorius,2026-04-12T11:50:52Z,12-Apr-2026,04:50:52,0.31,1
American Robin,Turdus migratorius,2026-04-12T11:50:37Z,12-Apr-2026,04:50:37,0.32,1
American Robin,Turdus migratorius,2026-04-12T11:50:30Z,12-Apr-2026,04:50:30,0.7804,6
American Robin,Turdus migratorius,2026-04-12T11:50:23Z,12-Apr-2026,04:50:23,0.41,1
American Robin,Turdus migratorius,2026-04-12T11:50:12Z,12-Apr-2026,04:50:12,0.28,1
American Robin,Turdus migratorius,2026-04-12T11:49:56Z,12-Apr-2026,04:49:56,0.51,1
American Robin,Turdus migratorius,2026-04-12T11:49:42Z,12-Apr-2026,04:49:42,0.49,1
American Robin,Turdus migratorius,2026-04-12T11:49:34Z,12-Apr-2026,04:49:34,0.31,1
American Robin,Turdus migratorius,2026-04-12T11:49:19Z,12-Apr-2026,04:49:19,0.9529,8
American Robin,Turdus migratorius,2026-04-12T11:48:47Z,12-Apr-2026,04:48:47,0.54,1
American Robin,Turdus migratorius,2026-04-12T11:48:40Z,12-Apr-2026,04:48:40,0.39,1
American Robin,Turdus migratorius,2026-04-12T11:48:32Z,12-Apr-2026,04:48:32,0.64,1
American Robin,Turdus migratorius,2026-04-12T11:48:17Z,12-Apr-2026,04:48:17,0.8314,5
American Robin,Turdus migratorius,2026-04-12T11:47:52Z,12-Apr-2026,04:47:52,0.31,1
American Robin,Turdus migratorius,2026-04-12T11:47:07Z,12-Apr-2026,04:47:07,0.8,1
American Robin,Turdus migratorius,2026-04-12T11:44:51Z,12-Apr-2026,04:44:51,0.32,1
American Robin,Turdus migratorius,2026-04-12T11:41:37Z,12-Apr-2026,04:41:37,0.44,1
American Robin,Turdus migratorius,2026-04-12T11:41:30Z,12-Apr-2026,04:41:30,0.29,1
American Robin,Turdus migratorius,2026-04-12T11:40:46Z,12-Apr-2026,04:40:46,0.52,1
American Robin,Turdus migratorius,2026-04-12T11:40:17Z,12-Apr-2026,04:40:17,0.31,1
American Robin,Turdus migratorius,2026-04-12T11:38:50Z,12-Apr-2026,04:38:50,0.32,1
American Robin,Turdus migratorius,2026-04-12T11:37:51Z,12-Apr-2026,04:37:51,0.42,1
American Robin,Turdus migratorius,2026-04-12T11:35:27Z,12-Apr-2026,04:35:27,0.28,1
Red-breasted Nuthatch,Sitta canadensis,2026-04-12T11:35:08Z,12-Apr-2026,04:35:08,0.3,1
American Robin,Turdus migratorius,2026-04-12T11:32:27Z,12-Apr-2026,04:32:27,0.39,1
American Robin,Turdus migratorius,2026-04-12T11:31:20Z,12-Apr-2026,04:31:20,0.33,1
American Robin,Turdus migratorius,2026-04-12T11:27:38Z,12-Apr-2026,04:27:38,0.32,1
American Robin,Turdus migratorius,2026-04-12T11:23:55Z,12-Apr-2026,04:23:55,0.31,1
American Robin,Turdus migratorius,2026-04-12T11:23:45Z,12-Apr-2026,04:23:45,0.5,1
American Robin,Turdus migratorius,2026-04-12T11:23:38Z,12-Apr-2026,04:23:38,0.3,1
American Robin,Turdus migratorius,2026-04-12T11:23:06Z,12-Apr-2026,04:23:06,0.53,1
American Robin,Turdus migratorius,2026-04-12T11:17:44Z,12-Apr-2026,04:17:44,0.38,1
American Robin,Turdus migratorius,2026-04-12T11:17:38Z,12-Apr-2026,04:17:38,0.36,1
American Robin,Turdus migratorius,2026-04-12T11:13:20Z,12-Apr-2026,04:13:20,0.26,1
American Robin,Turdus migratorius,2026-04-12T11:12:32Z,12-Apr-2026,04:12:32,0.32,1
American Robin,Turdus migratorius,2026-04-12T11:10:29Z,12-Apr-2026,04:10:29,0.8157,1
American Robin,Turdus migratorius,2026-04-12T11:10:00Z,12-Apr-2026,04:10:00,0.48,1
American Robin,Turdus migratorius,2026-04-12T11:08:54Z,12-Apr-2026,04:08:54,0.52,1
American Robin,Turdus migratorius,2026-04-12T11:06:19Z,12-Apr-2026,04:06:19,0.33,1
Hermit Thrush,Catharus guttatus,2026-04-12T11:02:26Z,12-Apr-2026,04:02:26,0.27,1
American Robin,Turdus migratorius,2026-04-12T11:02:13Z,12-Apr-2026,04:02:13,0.36,1
Hermit Thrush,Catharus guttatus,2026-04-12T11:01:53Z,12-Apr-2026,04:01:53,0.3,1
American Robin,Turdus migratorius,2026-04-12T10:58:37Z,12-Apr-2026,03:58:37,0.39,1
American Robin,Turdus migratorius,2026-04-12T10:52:48Z,12-Apr-2026,03:52:48,0.54,1
American Robin,Turdus migratorius,2026-04-12T10:51:50Z,12-Apr-2026,03:51:50,0.34,1
American Robin,Turdus migratorius,2026-04-12T10:50:59Z,12-Apr-2026,03:50:59,0.27,1
American Robin,Turdus migratorius,2026-04-12T10:48:52Z,12-Apr-2026,03:48:52,0.29,1
American Robin,Turdus migratorius,2026-04-12T10:47:21Z,12-Apr-2026,03:47:21,0.44,1
American Robin,Turdus migratorius,2026-04-12T10:46:06Z,12-Apr-2026,03:46:06,0.49,1
American Robin,Turdus migratorius,2026-04-12T10:45:58Z,12-Apr-2026,03:45:58,0.44,1
American Robin,Turdus migratorius,2026-04-12T10:45:42Z,12-Apr-2026,03:45:42,0.29,1
American Robin,Turdus migratorius,2026-04-12T10:43:49Z,12-Apr-2026,03:43:49,0.34,1
American Robin,Turdus migratorius,2026-04-12T10:40:21Z,12-Apr-2026,03:40:21,0.32,1
American Robin,Turdus migratorius,2026-04-12T10:39:09Z,12-Apr-2026,03:39:09,0.7804,1
American Robin,Turdus migratorius,2026-04-12T10:38:48Z,12-Apr-2026,03:38:48,0.3,1
American Robin,Turdus migratorius,2026-04-12T10:38:34Z,12-Apr-2026,03:38:34,0.38,1
Dark-eyed Junco,Junco hyemalis,2026-04-12T10:38:00Z,12-Apr-2026,03:38:00,0.38,1
Hermit Thrush,Catharus guttatus,2026-04-12T10:37:20Z,12-Apr-2026,03:37:20,0.31,1
American Robin,Turdus migratorius,2026-04-12T10:07:28Z,12-Apr-2026,03:07:28,0.28,1
American Robin,Turdus migratorius,2026-04-12T10:07:12Z,12-Apr-2026,03:07:12,0.39,1
Caspian Tern,Hydroprogne caspia,2026-04-12T08:40:48Z,12-Apr-2026,01:40:48,0.93,1
Caspian Tern,Hydroprogne caspia,2026-04-12T08:40:37Z,12-Apr-2026,01:40:37,0.84,1
American Robin,Turdus migratorius,2026-04-12T03:02:12Z,11-Apr-2026,20:02:12,0.27,1
American Robin,Turdus migratorius,2026-04-12T03:02:07Z,11-Apr-2026,20:02:07,0.7804,3
American Robin,Turdus migratorius,2026-04-12T03:02:03Z,11-Apr-2026,20:02:03,0.31,1
American Robin,Turdus migratorius,2026-04-12T03:01:16Z,11-Apr-2026,20:01:16,0.36,1
American Robin,Turdus migratorius,2026-04-12T03:01:00Z,11-Apr-2026,20:01:00,0.7804,1
American Robin,Turdus migratorius,2026-04-12T03:00:15Z,11-Apr-2026,20:00:15,0.29,1
American Robin,Turdus migratorius,2026-04-12T02:59:58Z,11-Apr-2026,19:59:58,0.8627,4
American Robin,Turdus migratorius,2026-04-12T02:59:53Z,11-Apr-2026,19:59:53,0.61,1
American Robin,Turdus migratorius,2026-04-12T02:57:18Z,11-Apr-2026,19:57:18,0.898,8
American Robin,Turdus migratorius,2026-04-12T02:57:07Z,11-Apr-2026,19:57:07,0.54,1
American Robin,Turdus migratorius,2026-04-12T02:56:34Z,11-Apr-2026,19:56:34,0.29,1
American Robin,Turdus migratorius,2026-04-12T02:56:15Z,11-Apr-2026,19:56:15,0.8314,1
American Robin,Turdus migratorius,2026-04-12T02:56:10Z,11-Apr-2026,19:56:10,0.31,1
American Robin,Turdus migratorius,2026-04-12T02:56:00Z,11-Apr-2026,19:56:00,0.59,1
American Robin,Turdus migratorius,2026-04-12T02:55:42Z,11-Apr-2026,19:55:42,0.64,1
American Robin,Turdus migratorius,2026-04-12T02:54:37Z,11-Apr-2026,19:54:37,0.32,1
American Robin,Turdus migratorius,2026-04-12T02:53:30Z,11-Apr-2026,19:53:30,0.8314,5
American Robin,Turdus migratorius,2026-04-12T02:52:22Z,11-Apr-2026,19:52:22,0.54,1
American Robin,Turdus migratorius,2026-04-12T02:51:58Z,11-Apr-2026,19:51:58,0.7804,1
American Robin,Turdus migratorius,2026-04-12T02:51:08Z,11-Apr-2026,19:51:08,0.4,1
Dark-eyed Junco,Junco hyemalis,2026-04-12T02:47:07Z,11-Apr-2026,19:47:07,0.39,1
Bushtit,Psaltriparus minimus,2026-04-12T02:44:55Z,11-Apr-2026,19:44:55,0.28,1
American Robin,Turdus migratorius,2026-04-12T02:44:06Z,11-Apr-2026,19:44:06,0.52,1
Dark-eyed Junco,Junco hyemalis,2026-04-12T02:42:37Z,11-Apr-2026,19:42:37,0.41,1
Cedar Waxwing,Bombycilla cedrorum,2026-04-12T02:41:17Z,11-Apr-2026,19:41:17,0.35,1
American Robin,Turdus migratorius,2026-04-12T02:38:50Z,11-Apr-2026,19:38:50,0.8627,3
American Robin,Turdus migratorius,2026-04-12T02:37:34Z,11-Apr-2026,19:37:34,0.37,1
American Robin,Turdus migratorius,2026-04-12T02:36:48Z,11-Apr-2026,19:36:48,0.8,7
American Robin,Turdus migratorius,2026-04-12T02:35:32Z,11-Apr-2026,19:35:32,0.8157,1
Bushtit,Psaltriparus minimus,2026-04-12T02:34:47Z,11-Apr-2026,19:34:47,0.64,1
Bushtit,Psaltriparus minimus,2026-04-12T02:34:40Z,11-Apr-2026,19:34:40,0.67,1
American Robin,Turdus migratorius,2026-04-12T02:30:25Z,11-Apr-2026,19:30:25,0.37,1
American Robin,Turdus migratorius,2026-04-12T02:30:08Z,11-Apr-2026,19:30:08,0.5,1
Black-capped Chickadee,Poecile atricapillus,2026-04-12T02:29:06Z,11-Apr-2026,19:29:06,0.62,1
Black-capped Chickadee,Poecile atricapillus,2026-04-12T02:28:27Z,11-Apr-2026,19:28:27,0.9176,6
Black-capped Chickadee,Poecile atricapillus,2026-04-12T02:28:22Z,11-Apr-2026,19:28:22,0.43,1
Black-capped Chickadee,Poecile atricapillus,2026-04-12T02:28:06Z,11-Apr-2026,19:28:06,0.73,1
Black-capped Chickadee,Poecile atricapillus,2026-04-12T02:27:49Z,11-Apr-2026,19:27:49,0.3,1
Black-capped Chickadee,Poecile atricapillus,2026-04-12T02:27:24Z,11-Apr-2026,19:27:24,0.28,1
Black-capped Chickadee,Poecile atricapillus,2026-04-12T02:27:00Z,11-Apr-2026,19:27:00,0.41,1
Black-capped Chickadee,Poecile atricapillus,2026-04-12T02:26:48Z,11-Apr-2026,19:26:48,0.9333,8
Black-capped Chickadee,Poecile atricapillus,2026-04-12T02:26:14Z,11-Apr-2026,19:26:14,0.33,1
Black-capped Chickadee,Poecile atricapillus,2026-04-12T02:25:57Z,11-Apr-2026,19:25:57,0.32,1
Black-capped Chickadee,Poecile atricapillus,2026-04-12T02:25:52Z,11-Apr-2026,19:25:52,0.27,1
Black-capped Chickadee,Poecile atricapillus,2026-04-12T02:25:47Z,11-Apr-2026,19:25:47,0.7804,1
Black-capped Chickadee,Poecile atricapillus,2026-04-12T02:21:06Z,11-Apr-2026,19:21:06,0.8471,2
Black-capped Chickadee,Poecile atricapillus,2026-04-12T02:20:00Z,11-Apr-2026,19:20:00,0.9255,16
Black-capped Chickadee,Poecile atricapillus,2026-04-12T02:19:09Z,11-Apr-2026,19:19:09,0.42,1
Black-capped Chickadee,Poecile atricapillus,2026-04-12T02:18:52Z,11-Apr-2026,19:18:52,0.8,5
Black-capped Chickadee,Poecile atricapillus,2026-04-12T02:18:45Z,11-Apr-2026,19:18:45,0.45,1
Black-capped Chickadee,Poecile atricapillus,2026-04-12T02:18:36Z,11-Apr-2026,19:18:36,0.43,1
Bushtit,Psaltriparus minimus,2026-04-12T02:18:00Z,11-Apr-2026,19:18:00,0.39,1
Black-capped Chickadee,Poecile atricapillus,2026-04-12T02:17:39Z,11-Apr-2026,19:17:39,0.48,1
Black-capped Chickadee,Poecile atricapillus,2026-04-12T02:17:28Z,11-Apr-2026,19:17:28,0.9333,1
American Robin,Turdus migratorius,2026-04-12T02:14:52Z,11-Apr-2026,19:14:52,0.71,1
Dark-eyed Junco,Junco hyemalis,2026-04-12T02:14:44Z,11-Apr-2026,19:14:44,0.7804,1
American Robin,Turdus migratorius,2026-04-12T02:14:36Z,11-Apr-2026,19:14:36,0.33,1
American Robin,Turdus migratorius,2026-04-12T02:14:31Z,11-Apr-2026,19:14:31,0.8157,6
American Robin,Turdus migratorius,2026-04-12T02:13:52Z,11-Apr-2026,19:13:52,0.63,1
American Robin,Turdus migratorius,2026-04-12T02:13:04Z,11-Apr-2026,19:13:04,0.8314,3
American Robin,Turdus migratorius,2026-04-12T02:12:57Z,11-Apr-2026,19:12:57,0.46,1
American Robin,Turdus migratorius,2026-04-12T02:12:23Z,11-Apr-2026,19:12:23,0.39,1
American Robin,Turdus migratorius,2026-04-12T02:12:17Z,11-Apr-2026,19:12:17,0.27,1
American Robin,Turdus migratorius,2026-04-12T02:12:11Z,11-Apr-2026,19:12:11,0.31,1
American Robin,Turdus migratorius,2026-04-12T02:11:37Z,11-Apr-2026,19:11:37,0.51,1
American Robin,Turdus migratorius,2026-04-12T02:11:18Z,11-Apr-2026,19:11:18,0.45,1
American Robin,Turdus migratorius,2026-04-12T02:10:56Z,11-Apr-2026,19:10:56,0.29,1
American Robin,Turdus migratorius,2026-04-12T02:10:44Z,11-Apr-2026,19:10:44,0.5,1
American Robin,Turdus migratorius,2026-04-12T02:10:38Z,11-Apr-2026,19:10:38,0.32,1
American Robin,Turdus migratorius,2026-04-12T02:10:33Z,11-Apr-2026,19:10:33,0.7804,5
American Robin,Turdus migratorius,2026-04-12T02:10:05Z,11-Apr-2026,19:10:05,0.41,1
American Robin,Turdus migratorius,2026-04-12T02:09:48Z,11-Apr-2026,19:09:48,0.36,1
American Robin,Turdus migratorius,2026-04-12T02:09:32Z,11-Apr-2026,19:09:32,0.8471,4
American Robin,Turdus migratorius,2026-04-12T02:09:16Z,11-Apr-2026,19:09:16,0.44,1
American Robin,Turdus migratorius,2026-04-12T02:08:54Z,11-Apr-2026,19:08:54,0.48,1
American Robin,Turdus migratorius,2026-04-12T02:08:41Z,11-Apr-2026,19:08:41,0.51,1
American Robin,Turdus migratorius,2026-04-12T02:08:34Z,11-Apr-2026,19:08:34,0.42,1
American Robin,Turdus migratorius,2026-04-12T02:08:29Z,11-Apr-2026,19:08:29,0.9255,1
Dark-eyed Junco,Junco hyemalis,2026-04-12T02:08:21Z,11-Apr-2026,19:08:21,0.52,1
American Robin,Turdus migratorius,2026-04-12T02:08:12Z,11-Apr-2026,19:08:12,0.26,1
Black-capped Chickadee,Poecile atricapillus,2026-04-12T02:01:21Z,11-Apr-2026,19:01:21,0.9333,1
American Robin,Turdus migratorius,2026-04-12T02:00:03Z,11-Apr-2026,19:00:03,0.8863,1
Red-breasted Nuthatch,Sitta canadensis,2026-04-12T01:59:28Z,11-Apr-2026,18:59:28,0.55,1
American Robin,Turdus migratorius,2026-04-12T01:59:15Z,11-Apr-2026,18:59:15,0.6,1
American Robin,Turdus migratorius,2026-04-12T01:58:58Z,11-Apr-2026,18:58:58,0.9098,7
American Robin,Turdus migratorius,2026-04-12T01:58:46Z,11-Apr-2026,18:58:46,0.54,1
American Robin,Turdus migratorius,2026-04-12T01:58:13Z,11-Apr-2026,18:58:13,0.38,1
American Robin,Turdus migratorius,2026-04-12T01:57:58Z,11-Apr-2026,18:57:58,0.28,1
American Robin,Turdus migratorius,2026-04-12T01:57:43Z,11-Apr-2026,18:57:43,0.8471,4
American Robin,Turdus migratorius,2026-04-12T01:56:31Z,11-Apr-2026,18:56:31,0.26,1
American Robin,Turdus migratorius,2026-04-12T01:56:00Z,11-Apr-2026,18:56:00,0.8863,1
American Crow,Corvus brachyrhynchos,2026-04-12T01:55:28Z,11-Apr-2026,18:55:28,0.8471,1
Black-capped Chickadee,Poecile atricapillus,2026-04-12T01:54:49Z,11-Apr-2026,18:54:49,0.8627,1
American Robin,Turdus migratorius,2026-04-12T01:54:32Z,11-Apr-2026,18:54:32,0.9333,4
Downy Woodpecker,Dryobates pubescens,2026-04-12T01:54:26Z,11-Apr-2026,18:54:26,0.45,1
American Robin,Turdus migratorius,2026-04-12T01:53:51Z,11-Apr-2026,18:53:51,0.5,1
American Robin,Turdus migratorius,2026-04-12T01:53:26Z,11-Apr-2026,18:53:26,0.33,1
American Robin,Turdus migratorius,2026-04-12T01:53:20Z,11-Apr-2026,18:53:20,0.57,1
Black-capped Chickadee,Poecile atricapillus,2026-04-12T01:53:12Z,11-Apr-2026,18:53:12,0.55,1
American Robin,Turdus migratorius,2026-04-12T01:53:06Z,11-Apr-2026,18:53:06,0.8,5
Black-capped Chickadee,Poecile atricapillus,2026-04-12T01:52:40Z,11-Apr-2026,18:52:40,0.37,1
American Robin,Turdus migratorius,2026-04-12T01:52:21Z,11-Apr-2026,18:52:21,0.5,1
American Robin,Turdus migratorius,2026-04-12T01:51:56Z,11-Apr-2026,18:51:56,0.9333,3
American Robin,Turdus migratorius,2026-04-12T01:51:47Z,11-Apr-2026,18:51:47,0.65,1
American Robin,Turdus migratorius,2026-04-12T01:51:22Z,11-Apr-2026,18:51:22,0.4,1
American Robin,Turdus migratorius,2026-04-12T01:51:16Z,11-Apr-2026,18:51:16,0.47,1
American Robin,Turdus migratorius,2026-04-12T01:51:03Z,11-Apr-2026,18:51:03,0.43,1
American Robin,Turdus migratorius,2026-04-12T01:50:55Z,11-Apr-2026,18:50:55,0.47,1
American Robin,Turdus migratorius,2026-04-12T01:50:44Z,11-Apr-2026,18:50:44,0.8314,2
American Robin,Turdus migratorius,2026-04-12T01:49:54Z,11-Apr-2026,18:49:54,0.75,1
American Robin,Turdus migratorius,2026-04-12T01:49:31Z,11-Apr-2026,18:49:31,0.8314,6
American Robin,Turdus migratorius,2026-04-12T01:48:36Z,11-Apr-2026,18:48:36,0.73,1
American Robin,Turdus migratorius,2026-04-12T01:48:26Z,11-Apr-2026,18:48:26,0.9529,4
American Robin,Turdus migratorius,2026-04-12T01:48:10Z,11-Apr-2026,18:48:10,0.31,1
American Robin,Turdus migratorius,2026-04-12T01:47:40Z,11-Apr-2026,18:47:40,0.48,1
American Robin,Turdus migratorius,2026-04-12T01:47:23Z,11-Apr-2026,18:47:23,0.84,1
American Robin,Turdus migratorius,2026-04-12T01:47:18Z,11-Apr-2026,18:47:18,0.9529,5
American Robin,Turdus migratorius,2026-04-12T01:47:14Z,11-Apr-2026,18:47:14,0.78,1
American Robin,Turdus migratorius,2026-04-12T01:47:00Z,11-Apr-2026,18:47:00,0.59,1
American Robin,Turdus migratorius,2026-04-12T01:46:50Z,11-Apr-2026,18:46:50,0.59,1
American Robin,Turdus migratorius,2026-04-12T01:46:34Z,11-Apr-2026,18:46:34,0.4,1
American Robin,Turdus migratorius,2026-04-12T01:46:24Z,11-Apr-2026,18:46:24,0.32,1
American Robin,Turdus migratorius,2026-04-12T01:46:06Z,11-Apr-2026,18:46:06,0.898,3
American Robin,Turdus migratorius,2026-04-12T01:45:54Z,11-Apr-2026,18:45:54,0.32,1
American Robin,Turdus migratorius,2026-04-12T01:45:34Z,11-Apr-2026,18:45:34,0.28,1
American Robin,Turdus migratorius,2026-04-12T01:45:10Z,11-Apr-2026,18:45:10,0.56,1
American Robin,Turdus migratorius,2026-04-12T01:44:56Z,11-Apr-2026,18:44:56,0.47,1
American Robin,Turdus migratorius,2026-04-12T01:44:49Z,11-Apr-2026,18:44:49,0.28,1
American Robin,Turdus migratorius,2026-04-12T01:44:44Z,11-Apr-2026,18:44:44,0.8314,6
Bewick's Wren,Thryomanes bewickii,2026-04-12T01:44:34Z,11-Apr-2026,18:44:34,0.33,1
American Robin,Turdus migratorius,2026-04-12T01:44:26Z,11-Apr-2026,18:44:26,0.55,1
American Robin,Turdus migratorius,2026-04-12T01:44:18Z,11-Apr-2026,18:44:18,0.3,1
American Robin,Turdus migratorius,2026-04-12T01:43:42Z,11-Apr-2026,18:43:42,0.8314,3
American Robin,Turdus migratorius,2026-04-12T01:42:27Z,11-Apr-2026,18:42:27,0.8,1
American Robin,Turdus migratorius,2026-04-12T01:42:23Z,11-Apr-2026,18:42:23,0.7804,7
American Robin,Turdus migratorius,2026-04-12T01:41:52Z,11-Apr-2026,18:41:52,0.29,1
American Robin,Turdus migratorius,2026-04-12T01:41:27Z,11-Apr-2026,18:41:27,0.31,1
American Robin,Turdus migratorius,2026-04-12T01:41:14Z,11-Apr-2026,18:41:14,0.8471,1
American Robin,Turdus migratorius,2026-04-12T01:41:09Z,11-Apr-2026,18:41:09,0.51,1
American Robin,Turdus migratorius,2026-04-12T01:41:02Z,11-Apr-2026,18:41:02,0.29,1
American Robin,Turdus migratorius,2026-04-12T01:40:18Z,11-Apr-2026,18:40:18,0.45,1
American Robin,Turdus migratorius,2026-04-12T01:40:10Z,11-Apr-2026,18:40:10,0.62,1
American Robin,Turdus migratorius,2026-04-12T01:39:59Z,11-Apr-2026,18:39:59,0.27,1
American Robin,Turdus migratorius,2026-04-12T01:39:48Z,11-Apr-2026,18:39:48,0.8863,4
American Robin,Turdus migratorius,2026-04-12T01:38:53Z,11-Apr-2026,18:38:53,0.3,1
American Robin,Turdus migratorius,2026-04-12T01:35:58Z,11-Apr-2026,18:35:58,0.94,1
American Robin,Turdus migratorius,2026-04-12T01:35:39Z,11-Apr-2026,18:35:39,0.67,1
American Robin,Turdus migratorius,2026-04-12T01:35:31Z,11-Apr-2026,18:35:31,0.29,1
American Robin,Turdus migratorius,2026-04-12T01:34:51Z,11-Apr-2026,18:34:51,0.898,7
American Robin,Turdus migratorius,2026-04-12T01:34:29Z,11-Apr-2026,18:34:29,0.26,1
American Robin,Turdus migratorius,2026-04-12T01:34:13Z,11-Apr-2026,18:34:13,0.38,1
American Robin,Turdus migratorius,2026-04-12T01:33:25Z,11-Apr-2026,18:33:25,0.8,1
American Robin,Turdus migratorius,2026-04-12T01:32:40Z,11-Apr-2026,18:32:40,0.31,1
American Robin,Turdus migratorius,2026-04-12T01:32:24Z,11-Apr-2026,18:32:24,0.9176,3
American Robin,Turdus migratorius,2026-04-12T01:32:17Z,11-Apr-2026,18:32:17,0.68,1
American Robin,Turdus migratorius,2026-04-12T01:31:59Z,11-Apr-2026,18:31:59,0.39,1
American Crow,Corvus brachyrhynchos,2026-04-12T01:31:31Z,11-Apr-2026,18:31:31,0.8471,1
American Robin,Turdus migratorius,2026-04-12T01:31:25Z,11-Apr-2026,18:31:25,0.35,1
American Robin,Turdus migratorius,2026-04-12T01:31:14Z,11-Apr-2026,18:31:14,0.55,1
American Robin,Turdus migratorius,2026-04-12T01:30:45Z,11-Apr-2026,18:30:45,0.8157,7
American Robin,Turdus migratorius,2026-04-12T01:30:36Z,11-Apr-2026,18:30:36,0.46,1
American Robin,Turdus migratorius,2026-04-12T01:30:26Z,11-Apr-2026,18:30:26,0.39,1
American Robin,Turdus migratorius,2026-04-12T01:30:06Z,11-Apr-2026,18:30:06,0.29,1
American Robin,Turdus migratorius,2026-04-12T01:29:49Z,11-Apr-2026,18:29:49,0.74,1
American Robin,Turdus migratorius,2026-04-12T01:29:22Z,11-Apr-2026,18:29:22,0.8,1
American Robin,Turdus migratorius,2026-04-12T01:29:12Z,11-Apr-2026,18:29:12,0.62,1
Bewick's Wren,Thryomanes bewickii,2026-04-12T01:28:23Z,11-Apr-2026,18:28:23,0.41,1
American Robin,Turdus migratorius,2026-04-12T01:28:16Z,11-Apr-2026,18:28:16,0.5,1
American Robin,Turdus migratorius,2026-04-12T01:28:01Z,11-Apr-2026,18:28:01,0.59,1
American Robin,Turdus migratorius,2026-04-12T01:27:54Z,11-Apr-2026,18:27:54,0.59,1
American Robin,Turdus migratorius,2026-04-12T01:27:32Z,11-Apr-2026,18:27:32,0.8863,4
American Robin,Turdus migratorius,2026-04-12T01:27:17Z,11-Apr-2026,18:27:17,0.28,1
American Robin,Turdus migratorius,2026-04-12T01:26:55Z,11-Apr-2026,18:26:55,0.79,1
House Finch,Haemorhous mexicanus,2026-04-12T01:26:37Z,11-Apr-2026,18:26:37,0.7804,1
American Robin,Turdus migratorius,2026-04-12T01:26:19Z,11-Apr-2026,18:26:19,0.9098,2
American Robin,Turdus migratorius,2026-04-12T01:26:15Z,11-Apr-2026,18:26:15,0.52,1
American Robin,Turdus migratorius,2026-04-12T01:26:07Z,11-Apr-2026,18:26:07,0.32,1
American Robin,Turdus migratorius,2026-04-12T01:26:00Z,11-Apr-2026,18:26:00,0.34,1
American Robin,Turdus migratorius,2026-04-12T01:25:54Z,11-Apr-2026,18:25:54,0.31,1
American Robin,Turdus migratorius,2026-04-12T01:25:37Z,11-Apr-2026,18:25:37,0.62,1
American Robin,Turdus migratorius,2026-04-12T01:24:05Z,11-Apr-2026,18:24:05,0.43,1
American Robin,Turdus migratorius,2026-04-12T01:23:43Z,11-Apr-2026,18:23:43,0.898,4
American Robin,Turdus migratorius,2026-04-12T01:23:31Z,11-Apr-2026,18:23:31,0.5,1
American Robin,Turdus migratorius,2026-04-12T01:23:24Z,11-Apr-2026,18:23:24,0.45,1
American Robin,Turdus migratorius,2026-04-12T01:23:19Z,11-Apr-2026,18:23:19,0.42,1
American Robin,Turdus migratorius,2026-04-12T01:23:11Z,11-Apr-2026,18:23:11,0.51,1
American Robin,Turdus migratorius,2026-04-12T01:23:05Z,11-Apr-2026,18:23:05,0.48,1
American Robin,Turdus migratorius,2026-04-12T01:22:58Z,11-Apr-2026,18:22:58,0.31,1
American Robin,Turdus migratorius,2026-04-12T01:22:40Z,11-Apr-2026,18:22:40,0.8314,5
American Robin,Turdus migratorius,2026-04-12T01:22:27Z,11-Apr-2026,18:22:27,0.45,1
Dark-eyed Junco,Junco hyemalis,2026-04-12T01:22:14Z,11-Apr-2026,18:22:14,0.8471,1
American Robin,Turdus migratorius,2026-04-12T01:22:07Z,11-Apr-2026,18:22:07,0.53,1
American Robin,Turdus migratorius,2026-04-12T01:21:45Z,11-Apr-2026,18:21:45,0.38,1
American Robin,Turdus migratorius,2026-04-12T01:21:09Z,11-Apr-2026,18:21:09,0.34,1
American Robin,Turdus migratorius,2026-04-12T01:21:05Z,11-Apr-2026,18:21:05,0.9529,9
American Robin,Turdus migratorius,2026-04-12T01:20:03Z,11-Apr-2026,18:20:03,0.8314,1
American Robin,Turdus migratorius,2026-04-12T01:19:56Z,11-Apr-2026,18:19:56,0.51,1
Dark-eyed Junco,Junco hyemalis,2026-04-12T00:38:12Z,11-Apr-2026,17:38:12,0.59,1
Orange-crowned Warbler,Leiothlypis celata,2026-04-12T00:37:20Z,11-Apr-2026,17:37:20,0.27,1
Bushtit,Psaltriparus minimus,2026-04-12T00:36:52Z,11-Apr-2026,17:36:52,0.41,1
House Finch,Haemorhous mexicanus,2026-04-12T00:36:35Z,11-Apr-2026,17:36:35,0.44,1
American Crow,Corvus brachyrhynchos,2026-04-12T00:35:28Z,11-Apr-2026,17:35:28,0.8157,1
Bushtit,Psaltriparus minimus,2026-04-12T00:35:03Z,11-Apr-2026,17:35:03,0.61,1
Bushtit,Psaltriparus minimus,2026-04-12T00:34:54Z,11-Apr-2026,17:34:54,0.38,1
Bushtit,Psaltriparus minimus,2026-04-12T00:34:32Z,11-Apr-2026,17:34:32,0.35,1
Bushtit,Psaltriparus minimus,2026-04-12T00:34:13Z,11-Apr-2026,17:34:13,0.39,1
Chestnut-backed Chickadee,Poecile rufescens,2026-04-12T00:32:29Z,11-Apr-2026,17:32:29,0.9176,1
Bushtit,Psaltriparus minimus,2026-04-12T00:31:03Z,11-Apr-2026,17:31:03,0.83,1
Bushtit,Psaltriparus minimus,2026-04-12T00:30:55Z,11-Apr-2026,17:30:55,0.67,1
Bushtit,Psaltriparus minimus,2026-04-12T00:30:48Z,11-Apr-2026,17:30:48,0.94,1
Bushtit,Psaltriparus minimus,2026-04-12T00:30:34Z,11-Apr-2026,17:30:34,0.45,1
Bushtit,Psaltriparus minimus,2026-04-12T00:30:26Z,11-Apr-2026,17:30:26,0.52,1
Bushtit,Psaltriparus minimus,2026-04-12T00:30:20Z,11-Apr-2026,17:30:20,0.97,1
Bushtit,Psaltriparus minimus,2026-04-12T00:30:09Z,11-Apr-2026,17:30:09,0.9,1
Anna's Hummingbird,Calypte anna,2026-04-12T00:30:05Z,11-Apr-2026,17:30:05,0.898,1
Bushtit,Psaltriparus minimus,2026-04-12T00:29:59Z,11-Apr-2026,17:29:59,0.79,1
Bushtit,Psaltriparus minimus,2026-04-12T00:29:51Z,11-Apr-2026,17:29:51,0.72,1
Chestnut-backed Chickadee,Poecile rufescens,2026-04-12T00:29:43Z,11-Apr-2026,17:29:43,0.31,1
Bushtit,Psaltriparus minimus,2026-04-12T00:29:35Z,11-Apr-2026,17:29:35,0.46,1
Bushtit,Psaltriparus minimus,2026-04-12T00:29:29Z,11-Apr-2026,17:29:29,0.61,1
Bushtit,Psaltriparus minimus,2026-04-12T00:29:15Z,11-Apr-2026,17:29:15,0.89,1
Bushtit,Psaltriparus minimus,2026-04-12T00:29:09Z,11-Apr-2026,17:29:09,0.96,1
Bushtit,Psaltriparus minimus,2026-04-12T00:29:01Z,11-Apr-2026,17:29:01,0.77,1
Bushtit,Psaltriparus minimus,2026-04-12T00:28:43Z,11-Apr-2026,17:28:43,0.64,1
Bushtit,Psaltriparus minimus,2026-04-12T00:28:35Z,11-Apr-2026,17:28:35,0.99,1
Bushtit,Psaltriparus minimus,2026-04-12T00:28:28Z,11-Apr-2026,17:28:28,0.98,1
Bushtit,Psaltriparus minimus,2026-04-12T00:28:21Z,11-Apr-2026,17:28:21,0.95,1
Black-capped Chickadee,Poecile atricapillus,2026-04-12T00:28:04Z,11-Apr-2026,17:28:04,0.8314,2
Bushtit,Psaltriparus minimus,2026-04-12T00:27:56Z,11-Apr-2026,17:27:56,0.27,1
Bushtit,Psaltriparus minimus,2026-04-12T00:27:49Z,11-Apr-2026,17:27:49,0.91,1
Bushtit,Psaltriparus minimus,2026-04-12T00:27:41Z,11-Apr-2026,17:27:41,0.98,1
Bushtit,Psaltriparus minimus,2026-04-12T00:27:34Z,11-Apr-2026,17:27:34,0.99,1
Anna's Hummingbird,Calypte anna,2026-04-12T00:27:29Z,11-Apr-2026,17:27:29,0.7804,1
Black-capped Chickadee,Poecile atricapillus,2026-04-12T00:27:21Z,11-Apr-2026,17:27:21,0.26,1
Bushtit,Psaltriparus minimus,2026-04-12T00:27:16Z,11-Apr-2026,17:27:16,0.95,1
Bushtit,Psaltriparus minimus,2026-04-12T00:27:09Z,11-Apr-2026,17:27:09,0.87,1
Bushtit,Psaltriparus minimus,2026-04-12T00:27:01Z,11-Apr-2026,17:27:01,0.99,1
Bushtit,Psaltriparus minimus,2026-04-12T00:26:53Z,11-Apr-2026,17:26:53,0.99,1
Bushtit,Psaltriparus minimus,2026-04-12T00:26:45Z,11-Apr-2026,17:26:45,0.5,1
Bushtit,Psaltriparus minimus,2026-04-12T00:26:38Z,11-Apr-2026,17:26:38,0.75,1
Bushtit,Psaltriparus minimus,2026-04-12T00:26:31Z,11-Apr-2026,17:26:31,0.76,1
Bushtit,Psaltriparus minimus,2026-04-12T00:26:22Z,11-Apr-2026,17:26:22,0.61,1
Bewick's Wren,Thryomanes bewickii,2026-04-12T00:26:12Z,11-Apr-2026,17:26:12,0.54,1
Black-capped Chickadee,Poecile atricapillus,2026-04-12T00:26:08Z,11-Apr-2026,17:26:08,0.9333,5
Bushtit,Psaltriparus minimus,2026-04-12T00:26:01Z,11-Apr-2026,17:26:01,0.87,1
Black-capped Chickadee,Poecile atricapillus,2026-04-12T00:25:48Z,11-Apr-2026,17:25:48,0.47,1
Bushtit,Psaltriparus minimus,2026-04-12T00:25:40Z,11-Apr-2026,17:25:40,0.77,1
Bushtit,Psaltriparus minimus,2026-04-12T00:25:33Z,11-Apr-2026,17:25:33,0.38,1
Bushtit,Psaltriparus minimus,2026-04-12T00:25:25Z,11-Apr-2026,17:25:25,0.94,1
Bushtit,Psaltriparus minimus,2026-04-12T00:25:14Z,11-Apr-2026,17:25:14,0.64,1
Bushtit,Psaltriparus minimus,2026-04-12T00:25:05Z,11-Apr-2026,17:25:05,0.96,1
Black-capped Chickadee,Poecile atricapillus,2026-04-12T00:24:55Z,11-Apr-2026,17:24:55,0.92,1
Black-capped Chickadee,Poecile atricapillus,2026-04-12T00:24:50Z,11-Apr-2026,17:24:50,0.9255,9
Mountain Chickadee,Poecile gambeli,2026-04-12T00:24:28Z,11-Apr-2026,17:24:28,0.41,1
Black-capped Chickadee,Poecile atricapillus,2026-04-12T00:23:47Z,11-Apr-2026,17:23:47,0.8,1
Bushtit,Psaltriparus minimus,2026-04-12T00:23:34Z,11-Apr-2026,17:23:34,0.99,1
Bushtit,Psaltriparus minimus,2026-04-12T00:22:13Z,11-Apr-2026,17:22:13,0.82,1
Bushtit,Psaltriparus minimus,2026-04-12T00:22:05Z,11-Apr-2026,17:22:05,0.26,1
Bushtit,Psaltriparus minimus,2026-04-12T00:21:58Z,11-Apr-2026,17:21:58,0.4,1
House Finch,Haemorhous mexicanus,2026-04-12T00:21:43Z,11-Apr-2026,17:21:43,0.8745,1
Steller's Jay,Cyanocitta stelleri,2026-04-12T00:20:46Z,11-Apr-2026,17:20:46,0.8471,3
Barn Swallow,Hirundo rustica,2026-04-12T00:19:54Z,11-Apr-2026,17:19:54,0.28,1
Bushtit,Psaltriparus minimus,2026-04-12T00:19:13Z,11-Apr-2026,17:19:13,0.33,1
Bushtit,Psaltriparus minimus,2026-04-12T00:18:55Z,11-Apr-2026,17:18:55,0.34,1
Steller's Jay,Cyanocitta stelleri,2026-04-12T00:18:41Z,11-Apr-2026,17:18:41,0.52,1
Steller's Jay,Cyanocitta stelleri,2026-04-12T00:18:34Z,11-Apr-2026,17:18:34,0.84,1
Bushtit,Psaltriparus minimus,2026-04-12T00:18:19Z,11-Apr-2026,17:18:19,0.85,1
Bushtit,Psaltriparus minimus,2026-04-12T00:18:12Z,11-Apr-2026,17:18:12,0.5,1
Steller's Jay,Cyanocitta stelleri,2026-04-12T00:18:07Z,11-Apr-2026,17:18:07,0.8314,3
Bushtit,Psaltriparus minimus,2026-04-12T00:18:01Z,11-Apr-2026,17:18:01,0.51,1
Steller's Jay,Cyanocitta stelleri,2026-04-12T00:17:55Z,11-Apr-2026,17:17:55,0.81,1
Steller's Jay,Cyanocitta stelleri,2026-04-12T00:17:42Z,11-Apr-2026,17:17:42,0.83,1
Steller's Jay,Cyanocitta stelleri,2026-04-12T00:17:33Z,11-Apr-2026,17:17:33,0.45,1
Bushtit,Psaltriparus minimus,2026-04-12T00:17:23Z,11-Apr-2026,17:17:23,0.33,1
Steller's Jay,Cyanocitta stelleri,2026-04-12T00:16:35Z,11-Apr-2026,17:16:35,0.8471,1
Bushtit,Psaltriparus minimus,2026-04-12T00:16:14Z,11-Apr-2026,17:16:14,0.32,1
Bushtit,Psaltriparus minimus,2026-04-12T00:15:51Z,11-Apr-2026,17:15:51,0.97,1
Bushtit,Psaltriparus minimus,2026-04-12T00:15:44Z,11-Apr-2026,17:15:44,0.78,1
Bushtit,Psaltriparus minimus,2026-04-12T00:15:36Z,11-Apr-2026,17:15:36,0.61,1
Bushtit,Psaltriparus minimus,2026-04-12T00:15:11Z,11-Apr-2026,17:15:11,0.52,1
Bushtit,Psaltriparus minimus,2026-04-12T00:15:05Z,11-Apr-2026,17:15:05,0.93,1
Bushtit,Psaltriparus minimus,2026-04-12T00:14:57Z,11-Apr-2026,17:14:57,0.6,1
Bushtit,Psaltriparus minimus,2026-04-12T00:14:52Z,11-Apr-2026,17:14:52,0.54,1
Bushtit,Psaltriparus minimus,2026-04-12T00:14:29Z,11-Apr-2026,17:14:29,0.58,1
Bushtit,Psaltriparus minimus,2026-04-12T00:13:52Z,11-Apr-2026,17:13:52,0.87,1
Bushtit,Psaltriparus minimus,2026-04-12T00:13:43Z,11-Apr-2026,17:13:43,0.79,1
Bushtit,Psaltriparus minimus,2026-04-12T00:13:37Z,11-Apr-2026,17:13:37,0.27,1
Bushtit,Psaltriparus minimus,2026-04-12T00:12:23Z,11-Apr-2026,17:12:23,0.64,1
Bushtit,Psaltriparus minimus,2026-04-12T00:12:18Z,11-Apr-2026,17:12:18,0.64,1
Bushtit,Psaltriparus minimus,2026-04-12T00:12:10Z,11-Apr-2026,17:12:10,0.78,1
Black-capped Chickadee,Poecile atricapillus,2026-04-12T00:10:14Z,11-Apr-2026,17:10:14,0.9255,2
Black-capped Chickadee,Poecile atricapillus,2026-04-12T00:09:01Z,11-Apr-2026,17:09:01,0.58,1
Black-capped Chickadee,Poecile atricapillus,2026-04-12T00:08:44Z,11-Apr-2026,17:08:44,0.9176,2
Black-capped Chickadee,Poecile atricapillus,2026-04-12T00:06:41Z,11-Apr-2026,17:06:41,0.26,1
Black-capped Chickadee,Poecile atricapillus,2026-04-12T00:06:11Z,11-Apr-2026,17:06:11,0.8157,3
Downy Woodpecker,Dryobates pubescens,2026-04-12T00:05:24Z,11-Apr-2026,17:05:24,0.7804,1
Black-capped Chickadee,Poecile atricapillus,2026-04-12T00:04:56Z,11-Apr-2026,17:04:56,0.8,1
Black-capped Chickadee,Poecile atricapillus,2026-04-12T00:01:19Z,11-Apr-2026,17:01:19,0.35,1
