Species,Scientific Name,UTC Date,Local Date,Local Time,Score,Count
Bewick's Wren,Thryomanes bewickii,2026-05-02T23:59:48Z,02-May-2026,16:59:48,0.57,1
Bewick's Wren,Thryomanes bewickii,2026-05-02T23:57:44Z,02-May-2026,16:57:44,0.37,1
House Finch,Haemorhous mexicanus,2026-05-02T23:55:40Z,02-May-2026,16:55:40,0.43,1
House Finch,Haemorhous mexicanus,2026-05-02T23:55:36Z,02-May-2026,16:55:36,0.8314,2
House Finch,Haemorhous mexicanus,2026-05-02T23:54:01Z,02-May-2026,16:54:01,0.94,1
House Finch,Haemorhous mexicanus,2026-05-02T23:53:49Z,02-May-2026,16:53:49,0.9686,1
Bewick's Wren,Thryomanes bewickii,2026-05-02T23:53:42Z,02-May-2026,16:53:42,0.54,1
Bewick's Wren,Thryomanes bewickii,2026-05-02T23:53:14Z,02-May-2026,16:53:14,0.7,1
House Finch,Haemorhous mexicanus,2026-05-02T23:52:30Z,02-May-2026,16:52:30,0.8314,6
House Finch,Haemorhous mexicanus,2026-05-02T23:51:28Z,02-May-2026,16:51:28,0.9804,6
House Finch,Haemorhous mexicanus,2026-05-02T23:51:15Z,02-May-2026,16:51:15,0.31,1
House Finch,Haemorhous mexicanus,2026-05-02T23:50:49Z,02-May-2026,16:50:49,0.49,1
House Finch,Haemorhous mexicanus,2026-05-02T23:50:35Z,02-May-2026,16:50:35,0.4,1
House Finch,Haemorhous mexicanus,2026-05-02T23:50:24Z,02-May-2026,16:50:24,0.8157,2
Anna's Hummingbird,Calypte anna,2026-05-02T23:50:09Z,02-May-2026,16:50:09,0.9333,1
House Finch,Haemorhous mexicanus,2026-05-02T23:48:43Z,02-May-2026,16:48:43,0.9412,1
Bewick's Wren,Thryomanes bewickii,2026-05-02T23:48:14Z,02-May-2026,16:48:14,0.28,1
Bewick's Wren,Thryomanes bewickii,2026-05-02T23:48:00Z,02-May-2026,16:48:00,0.55,1
Bewick's Wren,Thryomanes bewickii,2026-05-02T23:46:20Z,02-May-2026,16:46:20,0.74,1
Bewick's Wren,Thryomanes bewickii,2026-05-02T23:46:01Z,02-May-2026,16:46:01,0.47,1
Bewick's Wren,Thryomanes bewickii,2026-05-02T23:45:44Z,02-May-2026,16:45:44,0.28,1
House Finch,Haemorhous mexicanus,2026-05-02T23:44:16Z,02-May-2026,16:44:16,0.31,1
House Finch,Haemorhous mexicanus,2026-05-02T23:43:58Z,02-May-2026,16:43:58,0.9529,1
House Finch,Haemorhous mexicanus,2026-05-02T23:39:34Z,02-May-2026,16:39:34,0.7804,3
House Finch,Haemorhous mexicanus,2026-05-02T23:36:26Z,02-May-2026,16:36:26,0.8157,2
House Finch,Haemorhous mexicanus,2026-05-02T23:34:18Z,02-May-2026,16:34:18,0.898,1
House Finch,Haemorhous mexicanus,2026-05-02T23:32:56Z,02-May-2026,16:32:56,0.33,1
House Finch,Haemorhous mexicanus,2026-05-02T23:32:31Z,02-May-2026,16:32:31,0.8745,3
House Finch,Haemorhous mexicanus,2026-05-02T23:30:37Z,02-May-2026,16:30:37,0.4,1
Anna's Hummingbird,Calypte anna,2026-05-02T23:29:47Z,02-May-2026,16:29:47,0.8,1
House Finch,Haemorhous mexicanus,2026-05-02T23:29:30Z,02-May-2026,16:29:30,0.9176,1
House Finch,Haemorhous mexicanus,2026-05-02T23:28:16Z,02-May-2026,16:28:16,0.27,1
House Finch,Haemorhous mexicanus,2026-05-02T23:18:34Z,02-May-2026,16:18:34,0.34,1
House Finch,Haemorhous mexicanus,2026-05-02T23:17:45Z,02-May-2026,16:17:45,0.8745,1
Mountain Chickadee,Poecile gambeli,2026-05-02T23:17:28Z,02-May-2026,16:17:28,0.32,1
Black-capped Chickadee,Poecile atricapillus,2026-05-02T23:17:13Z,02-May-2026,16:17:13,0.35,1
Bewick's Wren,Thryomanes bewickii,2026-05-02T23:17:06Z,02-May-2026,16:17:06,0.29,1
Mountain Chickadee,Poecile gambeli,2026-05-02T23:15:11Z,02-May-2026,16:15:11,0.35,1
Black-capped Chickadee,Poecile atricapillus,2026-05-02T23:15:03Z,02-May-2026,16:15:03,0.43,1
Black-capped Chickadee,Poecile atricapillus,2026-05-02T23:13:46Z,02-May-2026,16:13:46,0.7804,1
House Finch,Haemorhous mexicanus,2026-05-02T23:13:34Z,02-May-2026,16:13:34,0.9176,1
House Finch,Haemorhous mexicanus,2026-05-02T23:13:30Z,02-May-2026,16:13:30,0.74,1
Black-capped Chickadee,Poecile atricapillus,2026-05-02T23:12:06Z,02-May-2026,16:12:06,0.34,1
Mountain Chickadee,Poecile gambeli,2026-05-02T23:11:42Z,02-May-2026,16:11:42,0.36,1
American Crow,Corvus brachyrhynchos,2026-05-02T23:08:51Z,02-May-2026,16:08:51,0.8745,1
Cedar Waxwing,Bombycilla cedrorum,2026-05-02T23:06:45Z,02-May-2026,16:06:45,0.47,1
House Finch,Haemorhous mexicanus,2026-05-02T23:06:21Z,02-May-2026,16:06:21,0.76,1
House Finch,Haemorhous mexicanus,2026-05-02T23:06:17Z,02-May-2026,16:06:17,0.898,1
Bewick's Wren,Thryomanes bewickii,2026-05-02T23:05:50Z,02-May-2026,16:05:50,0.34,1
Black-capped Chickadee,Poecile atricapillus,2026-05-02T23:05:05Z,02-May-2026,16:05:05,0.41,1
Black-capped Chickadee,Poecile atricapillus,2026-05-02T23:03:43Z,02-May-2026,16:03:43,0.8471,1
American Robin,Turdus migratorius,2026-05-02T23:02:32Z,02-May-2026,16:02:32,0.8314,1
House Finch,Haemorhous mexicanus,2026-05-02T23:01:15Z,02-May-2026,16:01:15,0.31,1
House Finch,Haemorhous mexicanus,2026-05-02T23:01:09Z,02-May-2026,16:01:09,0.52,1
House Finch,Haemorhous mexicanus,2026-05-02T23:00:47Z,02-May-2026,16:00:47,0.33,1
Black-capped Chickadee,Poecile atricapillus,2026-05-02T22:59:14Z,02-May-2026,15:59:14,0.949,1
Bewick's Wren,Thryomanes bewickii,2026-05-02T22:42:26Z,02-May-2026,15:42:26,0.28,1
Bewick's Wren,Thryomanes bewickii,2026-05-02T22:42:01Z,02-May-2026,15:42:01,0.35,1
Bewick's Wren,Thryomanes bewickii,2026-05-02T22:41:48Z,02-May-2026,15:41:48,0.5,1
Bewick's Wren,Thryomanes bewickii,2026-05-02T22:41:34Z,02-May-2026,15:41:34,0.27,1
Black-capped Chickadee,Poecile atricapillus,2026-05-02T22:39:28Z,02-May-2026,15:39:28,0.7,1
Black-capped Chickadee,Poecile atricapillus,2026-05-02T22:39:16Z,02-May-2026,15:39:16,0.7804,4
Black-capped Chickadee,Poecile atricapillus,2026-05-02T22:38:53Z,02-May-2026,15:38:53,0.49,1
Black-capped Chickadee,Poecile atricapillus,2026-05-02T22:37:17Z,02-May-2026,15:37:17,0.56,1
Black-capped Chickadee,Poecile atricapillus,2026-05-02T22:36:51Z,02-May-2026,15:36:51,0.8314,1
Bewick's Wren,Thryomanes bewickii,2026-05-02T22:34:07Z,02-May-2026,15:34:07,0.33,1
Bewick's Wren,Thryomanes bewickii,2026-05-02T22:34:00Z,02-May-2026,15:34:00,0.68,1
Bewick's Wren,Thryomanes bewickii,2026-05-02T22:33:53Z,02-May-2026,15:33:53,0.41,1
American Robin,Turdus migratorius,2026-05-02T22:31:04Z,02-May-2026,15:31:04,0.27,1
American Robin,Turdus migratorius,2026-05-02T22:29:49Z,02-May-2026,15:29:49,0.898,1
American Robin,Turdus migratorius,2026-05-02T22:29:43Z,02-May-2026,15:29:43,0.54,1
American Robin,Turdus migratorius,2026-05-02T22:29:25Z,02-May-2026,15:29:25,0.28,1
House Finch,Haemorhous mexicanus,2026-05-02T22:25:14Z,02-May-2026,15:25:14,0.8863,1
House Finch,Haemorhous mexicanus,2026-05-02T22:22:09Z,02-May-2026,15:22:09,0.7804,4
House Finch,Haemorhous mexicanus,2026-05-02T22:21:30Z,02-May-2026,15:21:30,0.33,1
House Finch,Haemorhous mexicanus,2026-05-02T22:21:01Z,02-May-2026,15:21:01,0.8745,1
House Finch,Haemorhous mexicanus,2026-05-02T22:20:47Z,02-May-2026,15:20:47,0.32,1
House Finch,Haemorhous mexicanus,2026-05-02T22:20:22Z,02-May-2026,15:20:22,0.47,1
House Finch,Haemorhous mexicanus,2026-05-02T22:19:02Z,02-May-2026,15:19:02,0.26,1
Bewick's Wren,Thryomanes bewickii,2026-05-02T22:18:25Z,02-May-2026,15:18:25,0.69,1
House Finch,Haemorhous mexicanus,2026-05-02T22:18:08Z,02-May-2026,15:18:08,0.71,1
Anna's Hummingbird,Calypte anna,2026-05-02T22:13:44Z,02-May-2026,15:13:44,0.3,1
Anna's Hummingbird,Calypte anna,2026-05-02T22:11:57Z,02-May-2026,15:11:57,0.8471,1
American Goldfinch,Spinus tristis,2026-05-02T22:10:30Z,02-May-2026,15:10:30,0.74,1
House Finch,Haemorhous mexicanus,2026-05-02T22:10:13Z,02-May-2026,15:10:13,0.3,1
House Finch,Haemorhous mexicanus,2026-05-02T22:10:05Z,02-May-2026,15:10:05,0.8157,2
American Goldfinch,Spinus tristis,2026-05-02T22:09:47Z,02-May-2026,15:09:47,0.39,1
American Goldfinch,Spinus tristis,2026-05-02T22:09:20Z,02-May-2026,15:09:20,0.7804,1
American Goldfinch,Spinus tristis,2026-05-02T22:09:13Z,02-May-2026,15:09:13,0.54,1
House Finch,Haemorhous mexicanus,2026-05-02T22:09:06Z,02-May-2026,15:09:06,0.4,1
House Finch,Haemorhous mexicanus,2026-05-02T22:08:27Z,02-May-2026,15:08:27,0.8863,1
House Finch,Haemorhous mexicanus,2026-05-02T22:06:57Z,02-May-2026,15:06:57,0.33,1
House Finch,Haemorhous mexicanus,2026-05-02T22:00:05Z,02-May-2026,15:00:05,0.33,1
House Finch,Haemorhous mexicanus,2026-05-02T22:00:00Z,02-May-2026,15:00:00,0.8627,1
House Finch,Haemorhous mexicanus,2026-05-02T21:58:55Z,02-May-2026,14:58:55,0.9098,1
House Finch,Haemorhous mexicanus,2026-05-02T21:58:50Z,02-May-2026,14:58:50,0.7,1
Anna's Hummingbird,Calypte anna,2026-05-02T21:49:40Z,02-May-2026,14:49:40,0.9529,1
Bewick's Wren,Thryomanes bewickii,2026-05-02T21:49:33Z,02-May-2026,14:49:33,0.3,1
House Finch,Haemorhous mexicanus,2026-05-02T21:49:24Z,02-May-2026,14:49:24,0.43,1
Bewick's Wren,Thryomanes bewickii,2026-05-02T21:49:17Z,02-May-2026,14:49:17,0.26,1
Bewick's Wren,Thryomanes bewickii,2026-05-02T21:49:03Z,02-May-2026,14:49:03,0.56,1
Bewick's Wren,Thryomanes bewickii,2026-05-02T21:48:45Z,02-May-2026,14:48:45,0.39,1
Bewick's Wren,Thryomanes bewickii,2026-05-02T21:48:24Z,02-May-2026,14:48:24,0.26,1
Bewick's Wren,Thryomanes bewickii,2026-05-02T21:48:13Z,02-May-2026,14:48:13,0.46,1
Bewick's Wren,Thryomanes bewickii,2026-05-02T21:48:00Z,02-May-2026,14:48:00,0.46,1
Bewick's Wren,Thryomanes bewickii,2026-05-02T21:47:49Z,02-May-2026,14:47:49,0.47,1
Bewick's Wren,Thryomanes bewickii,2026-05-02T21:47:33Z,02-May-2026,14:47:33,0.54,1
Bewick's Wren,Thryomanes bewickii,2026-05-02T21:46:11Z,02-May-2026,14:46:11,0.73,1
Bewick's Wren,Thryomanes bewickii,2026-05-02T21:46:04Z,02-May-2026,14:46:04,0.47,1
Bewick's Wren,Thryomanes bewickii,2026-05-02T21:45:57Z,02-May-2026,14:45:57,0.53,1
Bewick's Wren,Thryomanes bewickii,2026-05-02T21:45:21Z,02-May-2026,14:45:21,0.37,1
Bewick's Wren,Thryomanes bewickii,2026-05-02T21:45:10Z,02-May-2026,14:45:10,0.53,1
Bewick's Wren,Thryomanes bewickii,2026-05-02T21:45:00Z,02-May-2026,14:45:00,0.6,1
Bewick's Wren,Thryomanes bewickii,2026-05-02T21:44:08Z,02-May-2026,14:44:08,0.44,1
Bewick's Wren,Thryomanes bewickii,2026-05-02T21:43:58Z,02-May-2026,14:43:58,0.39,1
Bewick's Wren,Thryomanes bewickii,2026-05-02T21:43:06Z,02-May-2026,14:43:06,0.51,1
Bewick's Wren,Thryomanes bewickii,2026-05-02T21:42:56Z,02-May-2026,14:42:56,0.44,1
Bewick's Wren,Thryomanes bewickii,2026-05-02T21:30:44Z,02-May-2026,14:30:44,0.41,1
Bewick's Wren,Thryomanes bewickii,2026-05-02T21:30:34Z,02-May-2026,14:30:34,0.39,1
Bewick's Wren,Thryomanes bewickii,2026-05-02T21:29:19Z,02-May-2026,14:29:19,0.56,1
Bewick's Wren,Thryomanes bewickii,2026-05-02T21:29:11Z,02-May-2026,14:29:11,0.29,1
Bewick's Wren,Thryomanes bewickii,2026-05-02T21:28:08Z,02-May-2026,14:28:08,0.26,1
Bewick's Wren,Thryomanes bewickii,2026-05-02T21:27:31Z,02-May-2026,14:27:31,0.34,1
Bewick's Wren,Thryomanes bewickii,2026-05-02T21:27:05Z,02-May-2026,14:27:05,0.53,1
Bewick's Wren,Thryomanes bewickii,2026-05-02T21:26:07Z,02-May-2026,14:26:07,0.45,1
Bewick's Wren,Thryomanes bewickii,2026-05-02T21:25:45Z,02-May-2026,14:25:45,0.73,1
Townsend's Warbler,Setophaga townsendi,2026-05-02T21:25:24Z,02-May-2026,14:25:24,0.42,1
Bushtit,Psaltriparus minimus,2026-05-02T21:21:04Z,02-May-2026,14:21:04,0.9,1
Bushtit,Psaltriparus minimus,2026-05-02T21:20:56Z,02-May-2026,14:20:56,0.72,1
Steller's Jay,Cyanocitta stelleri,2026-05-02T21:19:06Z,02-May-2026,14:19:06,0.9412,6
Steller's Jay,Cyanocitta stelleri,2026-05-02T21:18:05Z,02-May-2026,14:18:05,0.8745,5
Steller's Jay,Cyanocitta stelleri,2026-05-02T21:17:10Z,02-May-2026,14:17:10,0.76,1
Steller's Jay,Cyanocitta stelleri,2026-05-02T21:16:40Z,02-May-2026,14:16:40,0.55,1
Steller's Jay,Cyanocitta stelleri,2026-05-02T21:16:32Z,02-May-2026,14:16:32,0.9333,1
Townsend's Warbler,Setophaga townsendi,2026-05-02T21:14:51Z,02-May-2026,14:14:51,0.63,1
Bewick's Wren,Thryomanes bewickii,2026-05-02T21:09:21Z,02-May-2026,14:09:21,0.37,1
Bewick's Wren,Thryomanes bewickii,2026-05-02T21:09:12Z,02-May-2026,14:09:12,0.44,1
Bewick's Wren,Thryomanes bewickii,2026-05-02T21:08:35Z,02-May-2026,14:08:35,0.6,1
Bewick's Wren,Thryomanes bewickii,2026-05-02T21:08:02Z,02-May-2026,14:08:02,0.56,1
Townsend's Warbler,Setophaga townsendi,2026-05-02T21:07:40Z,02-May-2026,14:07:40,0.49,1
Bewick's Wren,Thryomanes bewickii,2026-05-02T21:07:34Z,02-May-2026,14:07:34,0.8,1
Bewick's Wren,Thryomanes bewickii,2026-05-02T21:07:27Z,02-May-2026,14:07:27,0.39,1
Bewick's Wren,Thryomanes bewickii,2026-05-02T21:07:16Z,02-May-2026,14:07:16,0.42,1
Townsend's Warbler,Setophaga townsendi,2026-05-02T21:06:49Z,02-May-2026,14:06:49,0.6,1
Bewick's Wren,Thryomanes bewickii,2026-05-02T21:06:41Z,02-May-2026,14:06:41,0.45,1
American Crow,Corvus brachyrhynchos,2026-05-02T21:06:37Z,02-May-2026,14:06:37,0.7804,3
Bewick's Wren,Thryomanes bewickii,2026-05-02T21:06:22Z,02-May-2026,14:06:22,0.71,1
Townsend's Warbler,Setophaga townsendi,2026-05-02T21:05:55Z,02-May-2026,14:05:55,0.71,1
Townsend's Warbler,Setophaga townsendi,2026-05-02T21:05:48Z,02-May-2026,14:05:48,0.36,1
American Crow,Corvus brachyrhynchos,2026-05-02T21:05:29Z,02-May-2026,14:05:29,0.7804,1
Dark-eyed Junco,Junco hyemalis,2026-05-02T21:01:59Z,02-May-2026,14:01:59,0.26,1
Bewick's Wren,Thryomanes bewickii,2026-05-02T20:54:11Z,02-May-2026,13:54:11,0.4,1
House Finch,Haemorhous mexicanus,2026-05-02T20:44:36Z,02-May-2026,13:44:36,0.9098,1
Bewick's Wren,Thryomanes bewickii,2026-05-02T20:44:01Z,02-May-2026,13:44:01,0.48,1
Bewick's Wren,Thryomanes bewickii,2026-05-02T20:43:43Z,02-May-2026,13:43:43,0.46,1
Bewick's Wren,Thryomanes bewickii,2026-05-02T20:43:03Z,02-May-2026,13:43:03,0.28,1
Bewick's Wren,Thryomanes bewickii,2026-05-02T20:40:00Z,02-May-2026,13:40:00,0.31,1
Bewick's Wren,Thryomanes bewickii,2026-05-02T20:39:26Z,02-May-2026,13:39:26,0.26,1
Bewick's Wren,Thryomanes bewickii,2026-05-02T20:38:51Z,02-May-2026,13:38:51,0.6,1
Bewick's Wren,Thryomanes bewickii,2026-05-02T20:38:44Z,02-May-2026,13:38:44,0.44,1
Bewick's Wren,Thryomanes bewickii,2026-05-02T20:38:31Z,02-May-2026,13:38:31,0.47,1
House Finch,Haemorhous mexicanus,2026-05-02T20:33:29Z,02-May-2026,13:33:29,0.55,1
Bushtit,Psaltriparus minimus,2026-05-02T20:32:20Z,02-May-2026,13:32:20,0.33,1
Bushtit,Psaltriparus minimus,2026-05-02T20:32:14Z,02-May-2026,13:32:14,0.92,1
Bewick's Wren,Thryomanes bewickii,2026-05-02T20:31:12Z,02-May-2026,13:31:12,0.81,1
Bewick's Wren,Thryomanes bewickii,2026-05-02T20:30:16Z,02-May-2026,13:30:16,0.52,1
House Finch,Haemorhous mexicanus,2026-05-02T20:29:59Z,02-May-2026,13:29:59,0.8314,1
Bewick's Wren,Thryomanes bewickii,2026-05-02T20:29:31Z,02-May-2026,13:29:31,0.43,1
Evening Grosbeak,Coccothraustes vespertinus,2026-05-02T20:26:23Z,02-May-2026,13:26:23,0.34,1
House Finch,Haemorhous mexicanus,2026-05-02T20:24:53Z,02-May-2026,13:24:53,0.9098,3
House Finch,Haemorhous mexicanus,2026-05-02T20:21:56Z,02-May-2026,13:21:56,0.9255,4
House Finch,Haemorhous mexicanus,2026-05-02T20:21:16Z,02-May-2026,13:21:16,0.65,1
House Finch,Haemorhous mexicanus,2026-05-02T20:21:06Z,02-May-2026,13:21:06,0.65,1
House Finch,Haemorhous mexicanus,2026-05-02T20:20:54Z,02-May-2026,13:20:54,0.8471,1
Bewick's Wren,Thryomanes bewickii,2026-05-02T20:18:42Z,02-May-2026,13:18:42,0.77,1
House Finch,Haemorhous mexicanus,2026-05-02T20:17:41Z,02-May-2026,13:17:41,0.8,1
Bewick's Wren,Thryomanes bewickii,2026-05-02T20:17:02Z,02-May-2026,13:17:02,0.62,1
House Finch,Haemorhous mexicanus,2026-05-02T20:16:28Z,02-May-2026,13:16:28,0.8,2
House Finch,Haemorhous mexicanus,2026-05-02T20:15:06Z,02-May-2026,13:15:06,0.8157,1
House Finch,Haemorhous mexicanus,2026-05-02T20:10:17Z,02-May-2026,13:10:17,0.8863,1
Bewick's Wren,Thryomanes bewickii,2026-05-02T20:10:07Z,02-May-2026,13:10:07,0.32,1
Bewick's Wren,Thryomanes bewickii,2026-05-02T20:09:32Z,02-May-2026,13:09:32,0.31,1
Bewick's Wren,Thryomanes bewickii,2026-05-02T20:09:13Z,02-May-2026,13:09:13,0.68,1
Bewick's Wren,Thryomanes bewickii,2026-05-02T20:08:31Z,02-May-2026,13:08:31,0.32,1
Bewick's Wren,Thryomanes bewickii,2026-05-02T20:07:22Z,02-May-2026,13:07:22,0.54,1
Bewick's Wren,Thryomanes bewickii,2026-05-02T20:07:04Z,02-May-2026,13:07:04,0.36,1
House Finch,Haemorhous mexicanus,2026-05-02T20:06:53Z,02-May-2026,13:06:53,0.8157,2
American Robin,Turdus migratorius,2026-05-02T20:06:04Z,02-May-2026,13:06:04,0.3,1
House Finch,Haemorhous mexicanus,2026-05-02T20:04:54Z,02-May-2026,13:04:54,0.8,2
American Robin,Turdus migratorius,2026-05-02T20:03:58Z,02-May-2026,13:03:58,0.42,1
House Finch,Haemorhous mexicanus,2026-05-02T20:03:46Z,02-May-2026,13:03:46,0.8157,1
Bewick's Wren,Thryomanes bewickii,2026-05-02T19:57:23Z,02-May-2026,12:57:23,0.32,1
American Robin,Turdus migratorius,2026-05-02T19:54:52Z,02-May-2026,12:54:52,0.8627,3
Bewick's Wren,Thryomanes bewickii,2026-05-02T19:53:15Z,02-May-2026,12:53:15,0.87,1
Bewick's Wren,Thryomanes bewickii,2026-05-02T19:52:44Z,02-May-2026,12:52:44,0.42,1
American Robin,Turdus migratorius,2026-05-02T19:51:41Z,02-May-2026,12:51:41,0.8471,1
American Robin,Turdus migratorius,2026-05-02T19:49:50Z,02-May-2026,12:49:50,0.37,1
American Robin,Turdus migratorius,2026-05-02T19:48:00Z,02-May-2026,12:48:00,0.7804,1
American Robin,Turdus migratorius,2026-05-02T19:47:39Z,02-May-2026,12:47:39,0.3,1
Bewick's Wren,Thryomanes bewickii,2026-05-02T19:46:47Z,02-May-2026,12:46:47,0.31,1
Bewick's Wren,Thryomanes bewickii,2026-05-02T19:44:01Z,02-May-2026,12:44:01,0.66,1
Bewick's Wren,Thryomanes bewickii,2026-05-02T19:43:07Z,02-May-2026,12:43:07,0.75,1
Bewick's Wren,Thryomanes bewickii,2026-05-02T19:42:56Z,02-May-2026,12:42:56,0.35,1
Bewick's Wren,Thryomanes bewickii,2026-05-02T19:42:48Z,02-May-2026,12:42:48,0.48,1
Bewick's Wren,Thryomanes bewickii,2026-05-02T19:42:20Z,02-May-2026,12:42:20,0.29,1
Bewick's Wren,Thryomanes bewickii,2026-05-02T19:42:12Z,02-May-2026,12:42:12,0.33,1
House Finch,Haemorhous mexicanus,2026-05-02T19:41:43Z,02-May-2026,12:41:43,0.7804,1
Bewick's Wren,Thryomanes bewickii,2026-05-02T19:41:25Z,02-May-2026,12:41:25,0.27,1
Bewick's Wren,Thryomanes bewickii,2026-05-02T19:40:27Z,02-May-2026,12:40:27,0.33,1
Bewick's Wren,Thryomanes bewickii,2026-05-02T19:40:20Z,02-May-2026,12:40:20,0.29,1
Bewick's Wren,Thryomanes bewickii,2026-05-02T19:40:05Z,02-May-2026,12:40:05,0.42,1
Bewick's Wren,Thryomanes bewickii,2026-05-02T19:39:43Z,02-May-2026,12:39:43,0.63,1
Bewick's Wren,Thryomanes bewickii,2026-05-02T19:39:00Z,02-May-2026,12:39:00,0.36,1
Bewick's Wren,Thryomanes bewickii,2026-05-02T19:38:50Z,02-May-2026,12:38:50,0.75,1
Bewick's Wren,Thryomanes bewickii,2026-05-02T19:38:37Z,02-May-2026,12:38:37,0.74,1
House Finch,Haemorhous mexicanus,2026-05-02T19:37:25Z,02-May-2026,12:37:25,0.8314,1
Bewick's Wren,Thryomanes bewickii,2026-05-02T19:36:44Z,02-May-2026,12:36:44,0.48,1
Bewick's Wren,Thryomanes bewickii,2026-05-02T19:36:30Z,02-May-2026,12:36:30,0.49,1
Bewick's Wren,Thryomanes bewickii,2026-05-02T19:36:20Z,02-May-2026,12:36:20,0.41,1
Bewick's Wren,Thryomanes bewickii,2026-05-02T19:36:00Z,02-May-2026,12:36:00,0.39,1
Bewick's Wren,Thryomanes bewickii,2026-05-02T19:35:33Z,02-May-2026,12:35:33,0.29,1
Bewick's Wren,Thryomanes bewickii,2026-05-02T19:35:27Z,02-May-2026,12:35:27,0.56,1
Bewick's Wren,Thryomanes bewickii,2026-05-02T19:35:11Z,02-May-2026,12:35:11,0.55,1
Bewick's Wren,Thryomanes bewickii,2026-05-02T19:34:49Z,02-May-2026,12:34:49,0.43,1
Bewick's Wren,Thryomanes bewickii,2026-05-02T19:34:41Z,02-May-2026,12:34:41,0.33,1
Bewick's Wren,Thryomanes bewickii,2026-05-02T19:34:18Z,02-May-2026,12:34:18,0.29,1
Bewick's Wren,Thryomanes bewickii,2026-05-02T19:33:50Z,02-May-2026,12:33:50,0.51,1
Bewick's Wren,Thryomanes bewickii,2026-05-02T19:33:44Z,02-May-2026,12:33:44,0.35,1
Bewick's Wren,Thryomanes bewickii,2026-05-02T19:33:36Z,02-May-2026,12:33:36,0.46,1
Spotted Towhee,Pipilo maculatus,2026-05-02T19:33:28Z,02-May-2026,12:33:28,0.44,1
Bewick's Wren,Thryomanes bewickii,2026-05-02T19:31:05Z,02-May-2026,12:31:05,0.37,1
American Crow,Corvus brachyrhynchos,2026-05-02T19:30:55Z,02-May-2026,12:30:55,0.9255,7
American Crow,Corvus brachyrhynchos,2026-05-02T19:30:11Z,02-May-2026,12:30:11,0.36,1
American Crow,Corvus brachyrhynchos,2026-05-02T19:30:00Z,02-May-2026,12:30:00,0.51,1
Bewick's Wren,Thryomanes bewickii,2026-05-02T19:29:53Z,02-May-2026,12:29:53,0.65,1
American Crow,Corvus brachyrhynchos,2026-05-02T19:29:41Z,02-May-2026,12:29:41,0.949,1
Bewick's Wren,Thryomanes bewickii,2026-05-02T19:28:20Z,02-May-2026,12:28:20,0.35,1
Bewick's Wren,Thryomanes bewickii,2026-05-02T19:28:07Z,02-May-2026,12:28:07,0.72,1
American Crow,Corvus brachyrhynchos,2026-05-02T19:27:59Z,02-May-2026,12:27:59,0.8627,1
Bewick's Wren,Thryomanes bewickii,2026-05-02T19:27:34Z,02-May-2026,12:27:34,0.83,1
Bewick's Wren,Thryomanes bewickii,2026-05-02T19:27:15Z,02-May-2026,12:27:15,0.62,1
Bewick's Wren,Thryomanes bewickii,2026-05-02T19:26:20Z,02-May-2026,12:26:20,0.35,1
Bewick's Wren,Thryomanes bewickii,2026-05-02T19:26:04Z,02-May-2026,12:26:04,0.31,1
Bewick's Wren,Thryomanes bewickii,2026-05-02T19:25:57Z,02-May-2026,12:25:57,0.63,1
Bewick's Wren,Thryomanes bewickii,2026-05-02T19:25:04Z,02-May-2026,12:25:04,0.63,1
Bewick's Wren,Thryomanes bewickii,2026-05-02T19:24:57Z,02-May-2026,12:24:57,0.81,1
Bewick's Wren,Thryomanes bewickii,2026-05-02T19:24:49Z,02-May-2026,12:24:49,0.4,1
Bewick's Wren,Thryomanes bewickii,2026-05-02T19:24:10Z,02-May-2026,12:24:10,0.46,1
Bewick's Wren,Thryomanes bewickii,2026-05-02T19:24:00Z,02-May-2026,12:24:00,0.63,1
Bewick's Wren,Thryomanes bewickii,2026-05-02T19:23:53Z,02-May-2026,12:23:53,0.74,1
Bewick's Wren,Thryomanes bewickii,2026-05-02T19:23:45Z,02-May-2026,12:23:45,0.8,1
Bewick's Wren,Thryomanes bewickii,2026-05-02T19:23:38Z,02-May-2026,12:23:38,0.61,1
Bewick's Wren,Thryomanes bewickii,2026-05-02T19:23:23Z,02-May-2026,12:23:23,0.46,1
Bewick's Wren,Thryomanes bewickii,2026-05-02T19:23:03Z,02-May-2026,12:23:03,0.64,1
Bewick's Wren,Thryomanes bewickii,2026-05-02T19:21:45Z,02-May-2026,12:21:45,0.6,1
Bewick's Wren,Thryomanes bewickii,2026-05-02T19:21:22Z,02-May-2026,12:21:22,0.35,1
Bewick's Wren,Thryomanes bewickii,2026-05-02T19:21:14Z,02-May-2026,12:21:14,0.29,1
Bewick's Wren,Thryomanes bewickii,2026-05-02T19:21:07Z,02-May-2026,12:21:07,0.52,1
Bewick's Wren,Thryomanes bewickii,2026-05-02T19:20:59Z,02-May-2026,12:20:59,0.28,1
Bewick's Wren,Thryomanes bewickii,2026-05-02T19:20:45Z,02-May-2026,12:20:45,0.62,1
Bewick's Wren,Thryomanes bewickii,2026-05-02T19:20:19Z,02-May-2026,12:20:19,0.71,1
Bewick's Wren,Thryomanes bewickii,2026-05-02T19:20:07Z,02-May-2026,12:20:07,0.47,1
Bewick's Wren,Thryomanes bewickii,2026-05-02T19:18:30Z,02-May-2026,12:18:30,0.32,1
Bewick's Wren,Thryomanes bewickii,2026-05-02T19:18:13Z,02-May-2026,12:18:13,0.66,1
Bewick's Wren,Thryomanes bewickii,2026-05-02T19:17:57Z,02-May-2026,12:17:57,0.36,1
Bewick's Wren,Thryomanes bewickii,2026-05-02T19:17:37Z,02-May-2026,12:17:37,0.31,1
Bewick's Wren,Thryomanes bewickii,2026-05-02T19:17:30Z,02-May-2026,12:17:30,0.51,1
Bewick's Wren,Thryomanes bewickii,2026-05-02T19:17:11Z,02-May-2026,12:17:11,0.72,1
House Finch,Haemorhous mexicanus,2026-05-02T19:14:22Z,02-May-2026,12:14:22,0.37,1
House Finch,Haemorhous mexicanus,2026-05-02T19:13:33Z,02-May-2026,12:13:33,0.8471,1
House Finch,Haemorhous mexicanus,2026-05-02T19:10:05Z,02-May-2026,12:10:05,0.37,1
House Finch,Haemorhous mexicanus,2026-05-02T19:09:39Z,02-May-2026,12:09:39,0.8,6
House Finch,Haemorhous mexicanus,2026-05-02T19:09:34Z,02-May-2026,12:09:34,0.95,1
House Finch,Haemorhous mexicanus,2026-05-02T19:09:25Z,02-May-2026,12:09:25,0.93,1
American Crow,Corvus brachyrhynchos,2026-05-02T19:09:18Z,02-May-2026,12:09:18,0.29,1
Bewick's Wren,Thryomanes bewickii,2026-05-02T19:09:00Z,02-May-2026,12:09:00,0.49,1
House Finch,Haemorhous mexicanus,2026-05-02T19:08:36Z,02-May-2026,12:08:36,0.8627,6
Bewick's Wren,Thryomanes bewickii,2026-05-02T19:08:30Z,02-May-2026,12:08:30,0.61,1
Bewick's Wren,Thryomanes bewickii,2026-05-02T19:08:20Z,02-May-2026,12:08:20,0.57,1
Bewick's Wren,Thryomanes bewickii,2026-05-02T19:08:14Z,02-May-2026,12:08:14,0.47,1
Bewick's Wren,Thryomanes bewickii,2026-05-02T19:07:56Z,02-May-2026,12:07:56,0.51,1
Bewick's Wren,Thryomanes bewickii,2026-05-02T19:07:36Z,02-May-2026,12:07:36,0.59,1
House Finch,Haemorhous mexicanus,2026-05-02T19:07:32Z,02-May-2026,12:07:32,0.9176,12
Bewick's Wren,Thryomanes bewickii,2026-05-02T19:07:21Z,02-May-2026,12:07:21,0.61,1
House Finch,Haemorhous mexicanus,2026-05-02T19:07:13Z,02-May-2026,12:07:13,0.35,1
House Finch,Haemorhous mexicanus,2026-05-02T19:06:28Z,02-May-2026,12:06:28,0.8745,7
Bewick's Wren,Thryomanes bewickii,2026-05-02T19:06:20Z,02-May-2026,12:06:20,0.43,1
House Finch,Haemorhous mexicanus,2026-05-02T19:05:26Z,02-May-2026,12:05:26,0.8314,1
Bewick's Wren,Thryomanes bewickii,2026-05-02T19:04:55Z,02-May-2026,12:04:55,0.73,1
Bewick's Wren,Thryomanes bewickii,2026-05-02T19:04:47Z,02-May-2026,12:04:47,0.61,1
Bewick's Wren,Thryomanes bewickii,2026-05-02T19:04:34Z,02-May-2026,12:04:34,0.42,1
Bewick's Wren,Thryomanes bewickii,2026-05-02T19:04:26Z,02-May-2026,12:04:26,0.7,1
Bewick's Wren,Thryomanes bewickii,2026-05-02T19:04:10Z,02-May-2026,12:04:10,0.3,1
Bewick's Wren,Thryomanes bewickii,2026-05-02T19:04:02Z,02-May-2026,12:04:02,0.49,1
Bewick's Wren,Thryomanes bewickii,2026-05-02T19:03:52Z,02-May-2026,12:03:52,0.51,1
Bewick's Wren,Thryomanes bewickii,2026-05-02T19:03:27Z,02-May-2026,12:03:27,0.68,1
Bewick's Wren,Thryomanes bewickii,2026-05-02T19:03:20Z,02-May-2026,12:03:20,0.83,1
American Crow,Corvus brachyrhynchos,2026-05-02T19:02:14Z,02-May-2026,12:02:14,0.26,1
Black-capped Chickadee,Poecile atricapillus,2026-05-02T19:01:18Z,02-May-2026,12:01:18,0.33,1
White-throated Sparrow,Zonotrichia albicollis,2026-05-02T19:00:29Z,02-May-2026,12:00:29,0.29,1
House Finch,Haemorhous mexicanus,2026-05-02T18:58:50Z,02-May-2026,11:58:50,0.9098,1
Bewick's Wren,Thryomanes bewickii,2026-05-02T18:58:24Z,02-May-2026,11:58:24,0.71,1
American Crow,Corvus brachyrhynchos,2026-05-02T18:57:54Z,02-May-2026,11:57:54,0.8314,1
Bewick's Wren,Thryomanes bewickii,2026-05-02T18:56:50Z,02-May-2026,11:56:50,0.68,1
Bewick's Wren,Thryomanes bewickii,2026-05-02T18:56:27Z,02-May-2026,11:56:27,0.49,1
Bewick's Wren,Thryomanes bewickii,2026-05-02T18:56:06Z,02-May-2026,11:56:06,0.41,1
Bewick's Wren,Thryomanes bewickii,2026-05-02T18:55:56Z,02-May-2026,11:55:56,0.71,1
Anna's Hummingbird,Calypte anna,2026-05-02T18:55:43Z,02-May-2026,11:55:43,0.9804,1
Bewick's Wren,Thryomanes bewickii,2026-05-02T18:55:38Z,02-May-2026,11:55:38,0.52,1
Bewick's Wren,Thryomanes bewickii,2026-05-02T18:55:21Z,02-May-2026,11:55:21,0.65,1
Bewick's Wren,Thryomanes bewickii,2026-05-02T18:55:03Z,02-May-2026,11:55:03,0.5,1
Bewick's Wren,Thryomanes bewickii,2026-05-02T18:54:53Z,02-May-2026,11:54:53,0.3,1
Bewick's Wren,Thryomanes bewickii,2026-05-02T18:54:14Z,02-May-2026,11:54:14,0.49,1
Bewick's Wren,Thryomanes bewickii,2026-05-02T18:52:45Z,02-May-2026,11:52:45,0.34,1
House Finch,Haemorhous mexicanus,2026-05-02T18:46:16Z,02-May-2026,11:46:16,0.8745,3
Bewick's Wren,Thryomanes bewickii,2026-05-02T18:44:38Z,02-May-2026,11:44:38,0.37,1
American Crow,Corvus brachyrhynchos,2026-05-02T18:44:05Z,02-May-2026,11:44:05,0.71,1
American Crow,Corvus brachyrhynchos,2026-05-02T18:42:26Z,02-May-2026,11:42:26,0.28,1
Red-breasted Nuthatch,Sitta canadensis,2026-05-02T18:42:01Z,02-May-2026,11:42:01,0.63,1
House Finch,Haemorhous mexicanus,2026-05-02T18:41:34Z,02-May-2026,11:41:34,0.8863,1
Red-breasted Nuthatch,Sitta canadensis,2026-05-02T18:41:19Z,02-May-2026,11:41:19,0.9,1
Red-breasted Nuthatch,Sitta canadensis,2026-05-02T18:41:11Z,02-May-2026,11:41:11,0.83,1
Red-breasted Nuthatch,Sitta canadensis,2026-05-02T18:41:03Z,02-May-2026,11:41:03,0.46,1
Bewick's Wren,Thryomanes bewickii,2026-05-02T18:37:08Z,02-May-2026,11:37:08,0.27,1
House Finch,Haemorhous mexicanus,2026-05-02T18:36:20Z,02-May-2026,11:36:20,0.8745,2
Black-throated Gray Warbler,Setophaga nigrescens,2026-05-02T18:35:17Z,02-May-2026,11:35:17,0.32,1
House Finch,Haemorhous mexicanus,2026-05-02T18:34:44Z,02-May-2026,11:34:44,0.34,1
Bewick's Wren,Thryomanes bewickii,2026-05-02T18:31:14Z,02-May-2026,11:31:14,0.48,1
House Finch,Haemorhous mexicanus,2026-05-02T18:30:52Z,02-May-2026,11:30:52,0.8314,2
House Finch,Haemorhous mexicanus,2026-05-02T18:28:06Z,02-May-2026,11:28:06,0.8471,1
Bewick's Wren,Thryomanes bewickii,2026-05-02T18:27:03Z,02-May-2026,11:27:03,0.3,1
Black-capped Chickadee,Poecile atricapillus,2026-05-02T18:26:19Z,02-May-2026,11:26:19,0.31,1
Black-capped Chickadee,Poecile atricapillus,2026-05-02T18:26:05Z,02-May-2026,11:26:05,0.28,1
Chestnut-backed Chickadee,Poecile rufescens,2026-05-02T18:25:57Z,02-May-2026,11:25:57,0.27,1
Anna's Hummingbird,Calypte anna,2026-05-02T18:25:15Z,02-May-2026,11:25:15,0.8314,1
Bewick's Wren,Thryomanes bewickii,2026-05-02T18:24:32Z,02-May-2026,11:24:32,0.29,1
Black-capped Chickadee,Poecile atricapillus,2026-05-02T18:24:15Z,02-May-2026,11:24:15,0.27,1
Bewick's Wren,Thryomanes bewickii,2026-05-02T18:23:02Z,02-May-2026,11:23:02,0.49,1
Bewick's Wren,Thryomanes bewickii,2026-05-02T18:22:53Z,02-May-2026,11:22:53,0.31,1
Bewick's Wren,Thryomanes bewickii,2026-05-02T18:22:45Z,02-May-2026,11:22:45,0.35,1
Bewick's Wren,Thryomanes bewickii,2026-05-02T18:22:35Z,02-May-2026,11:22:35,0.34,1
Bewick's Wren,Thryomanes bewickii,2026-05-02T18:22:26Z,02-May-2026,11:22:26,0.26,1
Bewick's Wren,Thryomanes bewickii,2026-05-02T18:21:37Z,02-May-2026,11:21:37,0.26,1
Bewick's Wren,Thryomanes bewickii,2026-05-02T18:21:03Z,02-May-2026,11:21:03,0.35,1
Bewick's Wren,Thryomanes bewickii,2026-05-02T18:20:37Z,02-May-2026,11:20:37,0.26,1
Bewick's Wren,Thryomanes bewickii,2026-05-02T18:19:51Z,02-May-2026,11:19:51,0.32,1
American Crow,Corvus brachyrhynchos,2026-05-02T18:19:00Z,02-May-2026,11:19:00,0.8627,1
Bewick's Wren,Thryomanes bewickii,2026-05-02T18:18:42Z,02-May-2026,11:18:42,0.47,1
Black-capped Chickadee,Poecile atricapillus,2026-05-02T18:15:43Z,02-May-2026,11:15:43,0.29,1
House Finch,Haemorhous mexicanus,2026-05-02T18:14:13Z,02-May-2026,11:14:13,0.8471,1
House Finch,Haemorhous mexicanus,2026-05-02T18:12:32Z,02-May-2026,11:12:32,0.8157,1
House Finch,Haemorhous mexicanus,2026-05-02T18:11:23Z,02-May-2026,11:11:23,0.28,1
Bewick's Wren,Thryomanes bewickii,2026-05-02T18:10:54Z,02-May-2026,11:10:54,0.46,1
Bewick's Wren,Thryomanes bewickii,2026-05-02T18:10:08Z,02-May-2026,11:10:08,0.27,1
House Finch,Haemorhous mexicanus,2026-05-02T18:09:36Z,02-May-2026,11:09:36,0.9098,6
House Finch,Haemorhous mexicanus,2026-05-02T18:08:35Z,02-May-2026,11:08:35,0.9412,4
House Finch,Haemorhous mexicanus,2026-05-02T18:07:50Z,02-May-2026,11:07:50,0.55,1
House Finch,Haemorhous mexicanus,2026-05-02T18:07:24Z,02-May-2026,11:07:24,0.8745,5
House Finch,Haemorhous mexicanus,2026-05-02T18:06:17Z,02-May-2026,11:06:17,0.9176,3
Red-breasted Nuthatch,Sitta canadensis,2026-05-02T18:05:17Z,02-May-2026,11:05:17,0.87,1
Red-breasted Nuthatch,Sitta canadensis,2026-05-02T18:05:06Z,02-May-2026,11:05:06,0.51,1
House Finch,Haemorhous mexicanus,2026-05-02T18:04:05Z,02-May-2026,11:04:05,0.8314,4
Red-breasted Nuthatch,Sitta canadensis,2026-05-02T18:04:00Z,02-May-2026,11:04:00,0.67,1
Red-breasted Nuthatch,Sitta canadensis,2026-05-02T18:03:36Z,02-May-2026,11:03:36,0.26,1
Mountain Chickadee,Poecile gambeli,2026-05-02T18:03:30Z,02-May-2026,11:03:30,0.55,1
Red-breasted Nuthatch,Sitta canadensis,2026-05-02T18:02:56Z,02-May-2026,11:02:56,0.48,1
House Finch,Haemorhous mexicanus,2026-05-02T18:02:18Z,02-May-2026,11:02:18,0.7804,1
Mountain Chickadee,Poecile gambeli,2026-05-02T18:01:44Z,02-May-2026,11:01:44,0.76,1
Black-capped Chickadee,Poecile atricapillus,2026-05-02T18:01:15Z,02-May-2026,11:01:15,0.8157,1
Red-breasted Nuthatch,Sitta canadensis,2026-05-02T18:00:02Z,02-May-2026,11:00:02,0.32,1
American Robin,Turdus migratorius,2026-05-02T17:59:55Z,02-May-2026,10:59:55,0.26,1
House Finch,Haemorhous mexicanus,2026-05-02T17:59:41Z,02-May-2026,10:59:41,0.9098,1
House Finch,Haemorhous mexicanus,2026-05-02T17:59:27Z,02-May-2026,10:59:27,0.28,1
Anna's Hummingbird,Calypte anna,2026-05-02T17:58:12Z,02-May-2026,10:58:12,0.8,1
American Robin,Turdus migratorius,2026-05-02T17:50:14Z,02-May-2026,10:50:14,0.32,1
American Robin,Turdus migratorius,2026-05-02T17:47:54Z,02-May-2026,10:47:54,0.8157,2
American Robin,Turdus migratorius,2026-05-02T17:46:26Z,02-May-2026,10:46:26,0.8,2
American Robin,Turdus migratorius,2026-05-02T17:45:25Z,02-May-2026,10:45:25,0.8745,1
Anna's Hummingbird,Calypte anna,2026-05-02T17:41:10Z,02-May-2026,10:41:10,0.8157,1
Bewick's Wren,Thryomanes bewickii,2026-05-02T17:40:03Z,02-May-2026,10:40:03,0.45,1
Bewick's Wren,Thryomanes bewickii,2026-05-02T17:39:56Z,02-May-2026,10:39:56,0.31,1
Bewick's Wren,Thryomanes bewickii,2026-05-02T17:39:16Z,02-May-2026,10:39:16,0.26,1
Bewick's Wren,Thryomanes bewickii,2026-05-02T17:38:30Z,02-May-2026,10:38:30,0.41,1
American Robin,Turdus migratorius,2026-05-02T17:35:32Z,02-May-2026,10:35:32,0.37,1
Bewick's Wren,Thryomanes bewickii,2026-05-02T17:32:36Z,02-May-2026,10:32:36,0.37,1
Bewick's Wren,Thryomanes bewickii,2026-05-02T17:32:29Z,02-May-2026,10:32:29,0.34,1
Bewick's Wren,Thryomanes bewickii,2026-05-02T17:32:14Z,02-May-2026,10:32:14,0.45,1
Bewick's Wren,Thryomanes bewickii,2026-05-02T17:32:08Z,02-May-2026,10:32:08,0.47,1
Bewick's Wren,Thryomanes bewickii,2026-05-02T17:32:01Z,02-May-2026,10:32:01,0.29,1
Bewick's Wren,Thryomanes bewickii,2026-05-02T17:30:59Z,02-May-2026,10:30:59,0.59,1
Bewick's Wren,Thryomanes bewickii,2026-05-02T17:30:48Z,02-May-2026,10:30:48,0.62,1
Bewick's Wren,Thryomanes bewickii,2026-05-02T17:30:41Z,02-May-2026,10:30:41,0.3,1
Bewick's Wren,Thryomanes bewickii,2026-05-02T17:30:33Z,02-May-2026,10:30:33,0.39,1
Bewick's Wren,Thryomanes bewickii,2026-05-02T17:29:59Z,02-May-2026,10:29:59,0.41,1
House Finch,Haemorhous mexicanus,2026-05-02T17:29:37Z,02-May-2026,10:29:37,0.7804,2
Bewick's Wren,Thryomanes bewickii,2026-05-02T17:29:23Z,02-May-2026,10:29:23,0.81,1
Bewick's Wren,Thryomanes bewickii,2026-05-02T17:28:56Z,02-May-2026,10:28:56,0.32,1
Bewick's Wren,Thryomanes bewickii,2026-05-02T17:28:47Z,02-May-2026,10:28:47,0.7,1
Bewick's Wren,Thryomanes bewickii,2026-05-02T17:28:24Z,02-May-2026,10:28:24,0.73,1
House Finch,Haemorhous mexicanus,2026-05-02T17:27:31Z,02-May-2026,10:27:31,0.8314,5
House Finch,Haemorhous mexicanus,2026-05-02T17:27:00Z,02-May-2026,10:27:00,0.28,1
House Finch,Haemorhous mexicanus,2026-05-02T17:26:30Z,02-May-2026,10:26:30,0.8,1
Chestnut-backed Chickadee,Poecile rufescens,2026-05-02T17:25:24Z,02-May-2026,10:25:24,0.7804,1
House Finch,Haemorhous mexicanus,2026-05-02T17:24:27Z,02-May-2026,10:24:27,0.61,1
House Finch,Haemorhous mexicanus,2026-05-02T17:24:20Z,02-May-2026,10:24:20,0.41,1
American Robin,Turdus migratorius,2026-05-02T17:23:51Z,02-May-2026,10:23:51,0.52,1
Black-capped Chickadee,Poecile atricapillus,2026-05-02T17:23:25Z,02-May-2026,10:23:25,0.8471,1
Black-capped Chickadee,Poecile atricapillus,2026-05-02T17:23:20Z,02-May-2026,10:23:20,0.31,1
House Finch,Haemorhous mexicanus,2026-05-02T17:22:36Z,02-May-2026,10:22:36,0.52,1
Bewick's Wren,Thryomanes bewickii,2026-05-02T17:21:23Z,02-May-2026,10:21:23,0.34,1
Bewick's Wren,Thryomanes bewickii,2026-05-02T17:21:02Z,02-May-2026,10:21:02,0.85,1
Bewick's Wren,Thryomanes bewickii,2026-05-02T17:20:32Z,02-May-2026,10:20:32,0.45,1
Chestnut-backed Chickadee,Poecile rufescens,2026-05-02T17:20:25Z,02-May-2026,10:20:25,0.27,1
Chestnut-backed Chickadee,Poecile rufescens,2026-05-02T17:20:15Z,02-May-2026,10:20:15,0.65,1
Chestnut-backed Chickadee,Poecile rufescens,2026-05-02T17:20:03Z,02-May-2026,10:20:03,0.8,10
Chestnut-backed Chickadee,Poecile rufescens,2026-05-02T17:19:56Z,02-May-2026,10:19:56,0.52,1
Chestnut-backed Chickadee,Poecile rufescens,2026-05-02T17:19:45Z,02-May-2026,10:19:45,0.29,1
Chestnut-backed Chickadee,Poecile rufescens,2026-05-02T17:19:39Z,02-May-2026,10:19:39,0.65,1
Chestnut-backed Chickadee,Poecile rufescens,2026-05-02T17:19:02Z,02-May-2026,10:19:02,0.8314,3
House Finch,Haemorhous mexicanus,2026-05-02T17:18:41Z,02-May-2026,10:18:41,0.8157,1
House Finch,Haemorhous mexicanus,2026-05-02T17:18:26Z,02-May-2026,10:18:26,0.43,1
Chestnut-backed Chickadee,Poecile rufescens,2026-05-02T17:17:10Z,02-May-2026,10:17:10,0.8314,2
Bewick's Wren,Thryomanes bewickii,2026-05-02T17:17:06Z,02-May-2026,10:17:06,0.76,1
Bewick's Wren,Thryomanes bewickii,2026-05-02T17:16:36Z,02-May-2026,10:16:36,0.76,1
House Finch,Haemorhous mexicanus,2026-05-02T17:15:56Z,02-May-2026,10:15:56,0.28,1
Chestnut-backed Chickadee,Poecile rufescens,2026-05-02T17:15:38Z,02-May-2026,10:15:38,0.8471,2
Chestnut-backed Chickadee,Poecile rufescens,2026-05-02T17:14:17Z,02-May-2026,10:14:17,0.9098,1
Evening Grosbeak,Coccothraustes vespertinus,2026-05-02T17:13:53Z,02-May-2026,10:13:53,0.63,1
American Robin,Turdus migratorius,2026-05-02T17:13:03Z,02-May-2026,10:13:03,0.3,1
House Finch,Haemorhous mexicanus,2026-05-02T17:12:58Z,02-May-2026,10:12:58,0.8863,1
House Finch,Haemorhous mexicanus,2026-05-02T17:10:24Z,02-May-2026,10:10:24,0.8157,5
Bewick's Wren,Thryomanes bewickii,2026-05-02T17:10:13Z,02-May-2026,10:10:13,0.32,1
House Finch,Haemorhous mexicanus,2026-05-02T17:10:00Z,02-May-2026,10:10:00,0.6,1
Bewick's Wren,Thryomanes bewickii,2026-05-02T17:09:31Z,02-May-2026,10:09:31,0.45,1
Bewick's Wren,Thryomanes bewickii,2026-05-02T17:09:24Z,02-May-2026,10:09:24,0.61,1
Bewick's Wren,Thryomanes bewickii,2026-05-02T17:09:17Z,02-May-2026,10:09:17,0.3,1
House Finch,Haemorhous mexicanus,2026-05-02T17:08:45Z,02-May-2026,10:08:45,0.9333,3
Bewick's Wren,Thryomanes bewickii,2026-05-02T17:08:31Z,02-May-2026,10:08:31,0.72,1
Bewick's Wren,Thryomanes bewickii,2026-05-02T17:08:24Z,02-May-2026,10:08:24,0.62,1
Bewick's Wren,Thryomanes bewickii,2026-05-02T17:07:54Z,02-May-2026,10:07:54,0.66,1
House Finch,Haemorhous mexicanus,2026-05-02T17:07:42Z,02-May-2026,10:07:42,0.9412,6
House Finch,Haemorhous mexicanus,2026-05-02T17:07:30Z,02-May-2026,10:07:30,0.42,1
American Crow,Corvus brachyrhynchos,2026-05-02T17:07:22Z,02-May-2026,10:07:22,0.42,1
American Crow,Corvus brachyrhynchos,2026-05-02T17:07:17Z,02-May-2026,10:07:17,0.7804,1
House Finch,Haemorhous mexicanus,2026-05-02T17:06:35Z,02-May-2026,10:06:35,0.9255,6
House Finch,Haemorhous mexicanus,2026-05-02T17:06:16Z,02-May-2026,10:06:16,0.29,1
House Finch,Haemorhous mexicanus,2026-05-02T17:06:09Z,02-May-2026,10:06:09,0.85,1
House Finch,Haemorhous mexicanus,2026-05-02T17:04:57Z,02-May-2026,10:04:57,0.9255,4
House Finch,Haemorhous mexicanus,2026-05-02T17:04:32Z,02-May-2026,10:04:32,0.77,1
House Finch,Haemorhous mexicanus,2026-05-02T17:04:19Z,02-May-2026,10:04:19,0.26,1
House Finch,Haemorhous mexicanus,2026-05-02T17:03:55Z,02-May-2026,10:03:55,0.9569,1
House Finch,Haemorhous mexicanus,2026-05-02T17:03:46Z,02-May-2026,10:03:46,0.38,1
Bewick's Wren,Thryomanes bewickii,2026-05-02T17:02:33Z,02-May-2026,10:02:33,0.36,1
Bewick's Wren,Thryomanes bewickii,2026-05-02T17:02:23Z,02-May-2026,10:02:23,0.26,1
Bewick's Wren,Thryomanes bewickii,2026-05-02T17:01:54Z,02-May-2026,10:01:54,0.37,1
Bewick's Wren,Thryomanes bewickii,2026-05-02T17:01:47Z,02-May-2026,10:01:47,0.4,1
Bewick's Wren,Thryomanes bewickii,2026-05-02T17:01:17Z,02-May-2026,10:01:17,0.5,1
Mountain Chickadee,Poecile gambeli,2026-05-02T17:01:10Z,02-May-2026,10:01:10,0.31,1
Bewick's Wren,Thryomanes bewickii,2026-05-02T17:01:03Z,02-May-2026,10:01:03,0.59,1
Bewick's Wren,Thryomanes bewickii,2026-05-02T17:00:41Z,02-May-2026,10:00:41,0.29,1
House Finch,Haemorhous mexicanus,2026-05-02T17:00:31Z,02-May-2026,10:00:31,0.41,1
House Finch,Haemorhous mexicanus,2026-05-02T17:00:14Z,02-May-2026,10:00:14,0.8314,1
Black-capped Chickadee,Poecile atricapillus,2026-05-02T16:59:52Z,02-May-2026,09:59:52,0.8157,1
Bewick's Wren,Thryomanes bewickii,2026-05-02T16:59:33Z,02-May-2026,09:59:33,0.42,1
Bewick's Wren,Thryomanes bewickii,2026-05-02T16:58:38Z,02-May-2026,09:58:38,0.44,1
Bewick's Wren,Thryomanes bewickii,2026-05-02T16:58:21Z,02-May-2026,09:58:21,0.27,1
House Finch,Haemorhous mexicanus,2026-05-02T16:58:00Z,02-May-2026,09:58:00,0.8157,2
Bewick's Wren,Thryomanes bewickii,2026-05-02T16:57:26Z,02-May-2026,09:57:26,0.84,1
Bewick's Wren,Thryomanes bewickii,2026-05-02T16:57:05Z,02-May-2026,09:57:05,0.48,1
Bewick's Wren,Thryomanes bewickii,2026-05-02T16:55:43Z,02-May-2026,09:55:43,0.55,1
Bewick's Wren,Thryomanes bewickii,2026-05-02T16:55:29Z,02-May-2026,09:55:29,0.37,1
House Finch,Haemorhous mexicanus,2026-05-02T16:53:40Z,02-May-2026,09:53:40,0.8471,1
House Finch,Haemorhous mexicanus,2026-05-02T16:51:40Z,02-May-2026,09:51:40,0.8471,1
House Finch,Haemorhous mexicanus,2026-05-02T16:51:29Z,02-May-2026,09:51:29,0.27,1
House Finch,Haemorhous mexicanus,2026-05-02T16:46:25Z,02-May-2026,09:46:25,0.7804,4
House Finch,Haemorhous mexicanus,2026-05-02T16:45:24Z,02-May-2026,09:45:24,0.8,3
Black-capped Chickadee,Poecile atricapillus,2026-05-02T16:44:07Z,02-May-2026,09:44:07,0.9098,1
Bewick's Wren,Thryomanes bewickii,2026-05-02T16:43:45Z,02-May-2026,09:43:45,0.75,1
House Finch,Haemorhous mexicanus,2026-05-02T16:43:30Z,02-May-2026,09:43:30,0.8157,1
Spotted Towhee,Pipilo maculatus,2026-05-02T16:43:23Z,02-May-2026,09:43:23,0.46,1
Spotted Towhee,Pipilo maculatus,2026-05-02T16:41:49Z,02-May-2026,09:41:49,0.32,1
American Robin,Turdus migratorius,2026-05-02T16:40:55Z,02-May-2026,09:40:55,0.8157,1
American Robin,Turdus migratorius,2026-05-02T16:40:17Z,02-May-2026,09:40:17,0.26,1
American Robin,Turdus migratorius,2026-05-02T16:39:52Z,02-May-2026,09:39:52,0.8157,1
American Robin,Turdus migratorius,2026-05-02T16:39:20Z,02-May-2026,09:39:20,0.56,1
Bewick's Wren,Thryomanes bewickii,2026-05-02T16:35:53Z,02-May-2026,09:35:53,0.5,1
Bewick's Wren,Thryomanes bewickii,2026-05-02T16:34:45Z,02-May-2026,09:34:45,0.58,1
Bewick's Wren,Thryomanes bewickii,2026-05-02T16:33:16Z,02-May-2026,09:33:16,0.45,1
Bewick's Wren,Thryomanes bewickii,2026-05-02T16:23:05Z,02-May-2026,09:23:05,0.34,1
Bewick's Wren,Thryomanes bewickii,2026-05-02T16:22:11Z,02-May-2026,09:22:11,0.26,1
Bewick's Wren,Thryomanes bewickii,2026-05-02T16:21:44Z,02-May-2026,09:21:44,0.46,1
Swainson's Thrush,Catharus ustulatus,2026-05-02T16:10:12Z,02-May-2026,09:10:12,0.41,1
House Finch,Haemorhous mexicanus,2026-05-02T16:08:56Z,02-May-2026,09:08:56,0.8745,1
American Robin,Turdus migratorius,2026-05-02T16:06:43Z,02-May-2026,09:06:43,0.33,1
House Finch,Haemorhous mexicanus,2026-05-02T16:05:45Z,02-May-2026,09:05:45,0.8314,2
American Robin,Turdus migratorius,2026-05-02T16:05:04Z,02-May-2026,09:05:04,0.8314,1
Merlin,Falco columbarius,2026-05-02T16:03:43Z,02-May-2026,09:03:43,0.74,1
Bewick's Wren,Thryomanes bewickii,2026-05-02T16:00:15Z,02-May-2026,09:00:15,0.29,1
House Finch,Haemorhous mexicanus,2026-05-02T16:00:06Z,02-May-2026,09:00:06,0.42,1
House Finch,Haemorhous mexicanus,2026-05-02T15:59:59Z,02-May-2026,08:59:59,0.48,1
House Finch,Haemorhous mexicanus,2026-05-02T15:59:55Z,02-May-2026,08:59:55,0.8471,4
House Finch,Haemorhous mexicanus,2026-05-02T15:59:50Z,02-May-2026,08:59:50,0.71,1
House Finch,Haemorhous mexicanus,2026-05-02T15:58:50Z,02-May-2026,08:58:50,0.9255,1
Bewick's Wren,Thryomanes bewickii,2026-05-02T15:58:17Z,02-May-2026,08:58:17,0.32,1
Anna's Hummingbird,Calypte anna,2026-05-02T15:58:06Z,02-May-2026,08:58:06,0.8,1
House Finch,Haemorhous mexicanus,2026-05-02T15:57:43Z,02-May-2026,08:57:43,0.8,4
Anna's Hummingbird,Calypte anna,2026-05-02T15:57:25Z,02-May-2026,08:57:25,0.27,1
House Finch,Haemorhous mexicanus,2026-05-02T15:57:17Z,02-May-2026,08:57:17,0.67,1
House Finch,Haemorhous mexicanus,2026-05-02T15:56:38Z,02-May-2026,08:56:38,0.8314,4
Bewick's Wren,Thryomanes bewickii,2026-05-02T15:55:30Z,02-May-2026,08:55:30,0.32,1
House Finch,Haemorhous mexicanus,2026-05-02T15:55:19Z,02-May-2026,08:55:19,0.27,1
House Finch,Haemorhous mexicanus,2026-05-02T15:55:15Z,02-May-2026,08:55:15,0.8314,4
House Finch,Haemorhous mexicanus,2026-05-02T15:55:02Z,02-May-2026,08:55:02,0.28,1
House Finch,Haemorhous mexicanus,2026-05-02T15:54:09Z,02-May-2026,08:54:09,0.8471,1
Bewick's Wren,Thryomanes bewickii,2026-05-02T15:53:49Z,02-May-2026,08:53:49,0.26,1
Bewick's Wren,Thryomanes bewickii,2026-05-02T15:52:50Z,02-May-2026,08:52:50,0.66,1
Bewick's Wren,Thryomanes bewickii,2026-05-02T15:52:07Z,02-May-2026,08:52:07,0.33,1
Bewick's Wren,Thryomanes bewickii,2026-05-02T15:52:00Z,02-May-2026,08:52:00,0.63,1
Bewick's Wren,Thryomanes bewickii,2026-05-02T15:51:34Z,02-May-2026,08:51:34,0.46,1
Steller's Jay,Cyanocitta stelleri,2026-05-02T15:51:21Z,02-May-2026,08:51:21,0.8,1
House Finch,Haemorhous mexicanus,2026-05-02T15:51:13Z,02-May-2026,08:51:13,0.8863,1
American Robin,Turdus migratorius,2026-05-02T15:50:49Z,02-May-2026,08:50:49,0.34,1
Steller's Jay,Cyanocitta stelleri,2026-05-02T15:50:45Z,02-May-2026,08:50:45,0.9333,1
Steller's Jay,Cyanocitta stelleri,2026-05-02T15:50:41Z,02-May-2026,08:50:41,0.47,1
Steller's Jay,Cyanocitta stelleri,2026-05-02T15:50:23Z,02-May-2026,08:50:23,0.26,1
Steller's Jay,Cyanocitta stelleri,2026-05-02T15:50:15Z,02-May-2026,08:50:15,0.61,1
Steller's Jay,Cyanocitta stelleri,2026-05-02T15:50:01Z,02-May-2026,08:50:01,0.52,1
Steller's Jay,Cyanocitta stelleri,2026-05-02T15:49:54Z,02-May-2026,08:49:54,0.7,1
American Robin,Turdus migratorius,2026-05-02T15:49:41Z,02-May-2026,08:49:41,0.7804,1
Steller's Jay,Cyanocitta stelleri,2026-05-02T15:49:31Z,02-May-2026,08:49:31,0.27,1
Steller's Jay,Cyanocitta stelleri,2026-05-02T15:49:26Z,02-May-2026,08:49:26,0.9686,1
Bewick's Wren,Thryomanes bewickii,2026-05-02T15:45:11Z,02-May-2026,08:45:11,0.33,1
Bewick's Wren,Thryomanes bewickii,2026-05-02T15:45:03Z,02-May-2026,08:45:03,0.34,1
House Finch,Haemorhous mexicanus,2026-05-02T15:44:56Z,02-May-2026,08:44:56,0.898,1
House Finch,Haemorhous mexicanus,2026-05-02T15:44:28Z,02-May-2026,08:44:28,0.53,1
House Finch,Haemorhous mexicanus,2026-05-02T15:43:52Z,02-May-2026,08:43:52,0.898,8
Bewick's Wren,Thryomanes bewickii,2026-05-02T15:43:47Z,02-May-2026,08:43:47,0.73,1
Bewick's Wren,Thryomanes bewickii,2026-05-02T15:43:40Z,02-May-2026,08:43:40,0.58,1
House Finch,Haemorhous mexicanus,2026-05-02T15:43:33Z,02-May-2026,08:43:33,0.57,1
House Finch,Haemorhous mexicanus,2026-05-02T15:42:09Z,02-May-2026,08:42:09,0.8314,3
Bewick's Wren,Thryomanes bewickii,2026-05-02T15:41:58Z,02-May-2026,08:41:58,0.27,1
American Goldfinch,Spinus tristis,2026-05-02T15:41:20Z,02-May-2026,08:41:20,0.8,1
House Finch,Haemorhous mexicanus,2026-05-02T15:40:41Z,02-May-2026,08:40:41,0.8314,3
House Finch,Haemorhous mexicanus,2026-05-02T15:39:04Z,02-May-2026,08:39:04,0.58,1
House Finch,Haemorhous mexicanus,2026-05-02T15:38:59Z,02-May-2026,08:38:59,0.8471,1
Bewick's Wren,Thryomanes bewickii,2026-05-02T15:31:21Z,02-May-2026,08:31:21,0.36,1
House Finch,Haemorhous mexicanus,2026-05-02T15:21:49Z,02-May-2026,08:21:49,0.48,1
House Finch,Haemorhous mexicanus,2026-05-02T15:21:34Z,02-May-2026,08:21:34,0.54,1
House Finch,Haemorhous mexicanus,2026-05-02T15:21:30Z,02-May-2026,08:21:30,0.8471,1
House Finch,Haemorhous mexicanus,2026-05-02T15:19:45Z,02-May-2026,08:19:45,0.8157,1
American Robin,Turdus migratorius,2026-05-02T15:18:16Z,02-May-2026,08:18:16,0.8627,1
American Robin,Turdus migratorius,2026-05-02T15:12:02Z,02-May-2026,08:12:02,0.26,1
American Robin,Turdus migratorius,2026-05-02T15:11:50Z,02-May-2026,08:11:50,0.7804,1
House Finch,Haemorhous mexicanus,2026-05-02T15:09:23Z,02-May-2026,08:09:23,0.8314,1
Black-capped Chickadee,Poecile atricapillus,2026-05-02T15:03:42Z,02-May-2026,08:03:42,0.46,1
Black-capped Chickadee,Poecile atricapillus,2026-05-02T15:03:34Z,02-May-2026,08:03:34,0.47,1
Black-capped Chickadee,Poecile atricapillus,2026-05-02T15:03:07Z,02-May-2026,08:03:07,0.7804,4
Chestnut-backed Chickadee,Poecile rufescens,2026-05-02T15:02:52Z,02-May-2026,08:02:52,0.44,1
Chestnut-backed Chickadee,Poecile rufescens,2026-05-02T15:02:47Z,02-May-2026,08:02:47,0.9333,1
Black-capped Chickadee,Poecile atricapillus,2026-05-02T15:02:01Z,02-May-2026,08:02:01,0.42,1
Black-capped Chickadee,Poecile atricapillus,2026-05-02T15:01:47Z,02-May-2026,08:01:47,0.7804,1
House Finch,Haemorhous mexicanus,2026-05-02T15:01:18Z,02-May-2026,08:01:18,0.26,1
Black-capped Chickadee,Poecile atricapillus,2026-05-02T15:01:11Z,02-May-2026,08:01:11,0.49,1
Anna's Hummingbird,Calypte anna,2026-05-02T15:00:45Z,02-May-2026,08:00:45,0.7804,1
Black-capped Chickadee,Poecile atricapillus,2026-05-02T15:00:38Z,02-May-2026,08:00:38,0.37,1
Black-capped Chickadee,Poecile atricapillus,2026-05-02T15:00:25Z,02-May-2026,08:00:25,0.8745,1
Black-capped Chickadee,Poecile atricapillus,2026-05-02T14:59:48Z,02-May-2026,07:59:48,0.34,1
Black-capped Chickadee,Poecile atricapillus,2026-05-02T14:59:40Z,02-May-2026,07:59:40,0.43,1
Black-capped Chickadee,Poecile atricapillus,2026-05-02T14:59:20Z,02-May-2026,07:59:20,0.8157,1
Black-capped Chickadee,Poecile atricapillus,2026-05-02T14:59:12Z,02-May-2026,07:59:12,0.44,1
Steller's Jay,Cyanocitta stelleri,2026-05-02T14:58:56Z,02-May-2026,07:58:56,0.49,1
American Robin,Turdus migratorius,2026-05-02T14:58:48Z,02-May-2026,07:58:48,0.63,1
Steller's Jay,Cyanocitta stelleri,2026-05-02T14:58:05Z,02-May-2026,07:58:05,0.93,1
Steller's Jay,Cyanocitta stelleri,2026-05-02T14:57:58Z,02-May-2026,07:57:58,0.55,1
Steller's Jay,Cyanocitta stelleri,2026-05-02T14:57:32Z,02-May-2026,07:57:32,0.95,1
Steller's Jay,Cyanocitta stelleri,2026-05-02T14:57:26Z,02-May-2026,07:57:26,0.73,1
Steller's Jay,Cyanocitta stelleri,2026-05-02T14:57:10Z,02-May-2026,07:57:10,0.9686,1
Steller's Jay,Cyanocitta stelleri,2026-05-02T14:57:04Z,02-May-2026,07:57:04,0.64,1
Steller's Jay,Cyanocitta stelleri,2026-05-02T14:56:44Z,02-May-2026,07:56:44,0.31,1
Steller's Jay,Cyanocitta stelleri,2026-05-02T14:56:22Z,02-May-2026,07:56:22,0.62,1
Black-capped Chickadee,Poecile atricapillus,2026-05-02T14:55:48Z,02-May-2026,07:55:48,0.32,1
Bewick's Wren,Thryomanes bewickii,2026-05-02T14:55:25Z,02-May-2026,07:55:25,0.34,1
Bewick's Wren,Thryomanes bewickii,2026-05-02T14:55:17Z,02-May-2026,07:55:17,0.36,1
Song Sparrow,Melospiza melodia,2026-05-02T14:54:41Z,02-May-2026,07:54:41,0.7804,1
Song Sparrow,Melospiza melodia,2026-05-02T14:52:03Z,02-May-2026,07:52:03,0.27,1
Song Sparrow,Melospiza melodia,2026-05-02T14:51:31Z,02-May-2026,07:51:31,0.8157,1
Chestnut-backed Chickadee,Poecile rufescens,2026-05-02T14:49:56Z,02-May-2026,07:49:56,0.898,6
Chestnut-backed Chickadee,Poecile rufescens,2026-05-02T14:48:57Z,02-May-2026,07:48:57,0.26,1
Chestnut-backed Chickadee,Poecile rufescens,2026-05-02T14:48:49Z,02-May-2026,07:48:49,0.8745,1
Bewick's Wren,Thryomanes bewickii,2026-05-02T14:45:37Z,02-May-2026,07:45:37,0.73,1
Bewick's Wren,Thryomanes bewickii,2026-05-02T14:44:19Z,02-May-2026,07:44:19,0.29,1
House Finch,Haemorhous mexicanus,2026-05-02T14:44:01Z,02-May-2026,07:44:01,0.8863,1
House Finch,Haemorhous mexicanus,2026-05-02T14:43:50Z,02-May-2026,07:43:50,0.27,1
Bewick's Wren,Thryomanes bewickii,2026-05-02T14:43:43Z,02-May-2026,07:43:43,0.26,1
Bewick's Wren,Thryomanes bewickii,2026-05-02T14:43:13Z,02-May-2026,07:43:13,0.74,1
House Finch,Haemorhous mexicanus,2026-05-02T14:40:57Z,02-May-2026,07:40:57,0.8314,1
Mountain Chickadee,Poecile gambeli,2026-05-02T14:40:43Z,02-May-2026,07:40:43,0.51,1
Black-capped Chickadee,Poecile atricapillus,2026-05-02T14:40:35Z,02-May-2026,07:40:35,0.31,1
Black-capped Chickadee,Poecile atricapillus,2026-05-02T14:40:29Z,02-May-2026,07:40:29,0.38,1
American Robin,Turdus migratorius,2026-05-02T14:39:15Z,02-May-2026,07:39:15,0.8471,1
Bewick's Wren,Thryomanes bewickii,2026-05-02T14:38:49Z,02-May-2026,07:38:49,0.71,1
Black-capped Chickadee,Poecile atricapillus,2026-05-02T14:36:59Z,02-May-2026,07:36:59,0.26,1
Anna's Hummingbird,Calypte anna,2026-05-02T14:36:55Z,02-May-2026,07:36:55,0.9333,1
Black-capped Chickadee,Poecile atricapillus,2026-05-02T14:36:40Z,02-May-2026,07:36:40,0.8627,1
Bewick's Wren,Thryomanes bewickii,2026-05-02T14:35:52Z,02-May-2026,07:35:52,0.49,1
Black-capped Chickadee,Poecile atricapillus,2026-05-02T14:32:05Z,02-May-2026,07:32:05,0.32,1
American Robin,Turdus migratorius,2026-05-02T14:30:22Z,02-May-2026,07:30:22,0.29,1
American Crow,Corvus brachyrhynchos,2026-05-02T14:29:07Z,02-May-2026,07:29:07,0.3,1
American Robin,Turdus migratorius,2026-05-02T14:28:49Z,02-May-2026,07:28:49,0.8627,1
Bewick's Wren,Thryomanes bewickii,2026-05-02T14:27:18Z,02-May-2026,07:27:18,0.46,1
Bewick's Wren,Thryomanes bewickii,2026-05-02T14:26:13Z,02-May-2026,07:26:13,0.27,1
Bewick's Wren,Thryomanes bewickii,2026-05-02T14:26:03Z,02-May-2026,07:26:03,0.56,1
Bewick's Wren,Thryomanes bewickii,2026-05-02T14:25:50Z,02-May-2026,07:25:50,0.3,1
Bewick's Wren,Thryomanes bewickii,2026-05-02T14:25:34Z,02-May-2026,07:25:34,0.59,1
Black-capped Chickadee,Poecile atricapillus,2026-05-02T14:25:17Z,02-May-2026,07:25:17,0.27,1
Bewick's Wren,Thryomanes bewickii,2026-05-02T14:24:46Z,02-May-2026,07:24:46,0.44,1
Bewick's Wren,Thryomanes bewickii,2026-05-02T14:24:09Z,02-May-2026,07:24:09,0.58,1
Bewick's Wren,Thryomanes bewickii,2026-05-02T14:23:48Z,02-May-2026,07:23:48,0.64,1
House Finch,Haemorhous mexicanus,2026-05-02T14:22:23Z,02-May-2026,07:22:23,0.9176,6
House Finch,Haemorhous mexicanus,2026-05-02T14:22:12Z,02-May-2026,07:22:12,0.92,1
House Finch,Haemorhous mexicanus,2026-05-02T14:21:33Z,02-May-2026,07:21:33,0.94,1
House Finch,Haemorhous mexicanus,2026-05-02T14:21:18Z,02-May-2026,07:21:18,0.8745,1
House Finch,Haemorhous mexicanus,2026-05-02T14:21:13Z,02-May-2026,07:21:13,0.9,1
Bewick's Wren,Thryomanes bewickii,2026-05-02T14:21:06Z,02-May-2026,07:21:06,0.72,1
Bewick's Wren,Thryomanes bewickii,2026-05-02T14:20:58Z,02-May-2026,07:20:58,0.57,1
Bewick's Wren,Thryomanes bewickii,2026-05-02T14:20:38Z,02-May-2026,07:20:38,0.42,1
Bewick's Wren,Thryomanes bewickii,2026-05-02T14:20:16Z,02-May-2026,07:20:16,0.39,1
Bewick's Wren,Thryomanes bewickii,2026-05-02T14:18:06Z,02-May-2026,07:18:06,0.71,1
American Robin,Turdus migratorius,2026-05-02T14:17:33Z,02-May-2026,07:17:33,0.8,1
House Finch,Haemorhous mexicanus,2026-05-02T14:16:21Z,02-May-2026,07:16:21,0.8745,1
Black-capped Chickadee,Poecile atricapillus,2026-05-02T14:15:26Z,02-May-2026,07:15:26,0.8471,1
House Finch,Haemorhous mexicanus,2026-05-02T14:15:03Z,02-May-2026,07:15:03,0.7804,1
Bushtit,Psaltriparus minimus,2026-05-02T14:14:56Z,02-May-2026,07:14:56,0.32,1
American Robin,Turdus migratorius,2026-05-02T14:14:52Z,02-May-2026,07:14:52,0.8,2
House Finch,Haemorhous mexicanus,2026-05-02T14:13:32Z,02-May-2026,07:13:32,0.8,3
American Robin,Turdus migratorius,2026-05-02T14:12:25Z,02-May-2026,07:12:25,0.36,1
House Finch,Haemorhous mexicanus,2026-05-02T14:11:36Z,02-May-2026,07:11:36,0.8,2
House Finch,Haemorhous mexicanus,2026-05-02T14:11:01Z,02-May-2026,07:11:01,0.55,1
American Robin,Turdus migratorius,2026-05-02T14:10:37Z,02-May-2026,07:10:37,0.8157,1
House Finch,Haemorhous mexicanus,2026-05-02T14:09:10Z,02-May-2026,07:09:10,0.8745,1
American Robin,Turdus migratorius,2026-05-02T14:08:38Z,02-May-2026,07:08:38,0.7804,1
Black-capped Chickadee,Poecile atricapillus,2026-05-02T14:07:26Z,02-May-2026,07:07:26,0.56,1
White-throated Sparrow,Zonotrichia albicollis,2026-05-02T14:06:05Z,02-May-2026,07:06:05,0.31,1
American Robin,Turdus migratorius,2026-05-02T14:05:38Z,02-May-2026,07:05:38,0.8471,2
American Robin,Turdus migratorius,2026-05-02T14:02:45Z,02-May-2026,07:02:45,0.29,1
American Robin,Turdus migratorius,2026-05-02T14:01:58Z,02-May-2026,07:01:58,0.8,1
Black-capped Chickadee,Poecile atricapillus,2026-05-02T14:00:31Z,02-May-2026,07:00:31,0.41,1
Black-capped Chickadee,Poecile atricapillus,2026-05-02T14:00:16Z,02-May-2026,07:00:16,0.47,1
Black-capped Chickadee,Poecile atricapillus,2026-05-02T13:59:00Z,02-May-2026,06:59:00,0.27,1
Bewick's Wren,Thryomanes bewickii,2026-05-02T13:57:42Z,02-May-2026,06:57:42,0.26,1
Bewick's Wren,Thryomanes bewickii,2026-05-02T13:57:12Z,02-May-2026,06:57:12,0.47,1
Bewick's Wren,Thryomanes bewickii,2026-05-02T13:56:48Z,02-May-2026,06:56:48,0.39,1
American Robin,Turdus migratorius,2026-05-02T13:55:38Z,02-May-2026,06:55:38,0.72,1
American Robin,Turdus migratorius,2026-05-02T13:55:29Z,02-May-2026,06:55:29,0.9333,11
American Robin,Turdus migratorius,2026-05-02T13:55:05Z,02-May-2026,06:55:05,0.57,1
American Robin,Turdus migratorius,2026-05-02T13:54:27Z,02-May-2026,06:54:27,0.8157,11
American Robin,Turdus migratorius,2026-05-02T13:53:24Z,02-May-2026,06:53:24,0.8314,1
Bewick's Wren,Thryomanes bewickii,2026-05-02T13:52:32Z,02-May-2026,06:52:32,0.38,1
Bewick's Wren,Thryomanes bewickii,2026-05-02T13:51:56Z,02-May-2026,06:51:56,0.26,1
Bewick's Wren,Thryomanes bewickii,2026-05-02T13:50:57Z,02-May-2026,06:50:57,0.46,1
Bewick's Wren,Thryomanes bewickii,2026-05-02T13:49:25Z,02-May-2026,06:49:25,0.33,1
Dark-eyed Junco,Junco hyemalis,2026-05-02T13:46:15Z,02-May-2026,06:46:15,0.32,1
Dark-eyed Junco,Junco hyemalis,2026-05-02T13:46:08Z,02-May-2026,06:46:08,0.67,1
Dark-eyed Junco,Junco hyemalis,2026-05-02T13:46:02Z,02-May-2026,06:46:02,0.43,1
Dark-eyed Junco,Junco hyemalis,2026-05-02T13:45:54Z,02-May-2026,06:45:54,0.48,1
Dark-eyed Junco,Junco hyemalis,2026-05-02T13:45:47Z,02-May-2026,06:45:47,0.8,1
Dark-eyed Junco,Junco hyemalis,2026-05-02T13:45:41Z,02-May-2026,06:45:41,0.75,1
Dark-eyed Junco,Junco hyemalis,2026-05-02T13:45:35Z,02-May-2026,06:45:35,0.31,1
Dark-eyed Junco,Junco hyemalis,2026-05-02T13:45:27Z,02-May-2026,06:45:27,0.35,1
Orange-crowned Warbler,Leiothlypis celata,2026-05-02T13:45:13Z,02-May-2026,06:45:13,0.35,1
House Finch,Haemorhous mexicanus,2026-05-02T13:41:50Z,02-May-2026,06:41:50,0.7804,1
House Finch,Haemorhous mexicanus,2026-05-02T13:40:42Z,02-May-2026,06:40:42,0.7804,1
House Finch,Haemorhous mexicanus,2026-05-02T13:39:37Z,02-May-2026,06:39:37,0.9098,4
House Finch,Haemorhous mexicanus,2026-05-02T13:38:19Z,02-May-2026,06:38:19,0.8627,1
House Finch,Haemorhous mexicanus,2026-05-02T13:35:50Z,02-May-2026,06:35:50,0.31,1
American Robin,Turdus migratorius,2026-05-02T13:33:37Z,02-May-2026,06:33:37,0.8157,2
Bewick's Wren,Thryomanes bewickii,2026-05-02T13:33:33Z,02-May-2026,06:33:33,0.6,1
House Finch,Haemorhous mexicanus,2026-05-02T13:33:01Z,02-May-2026,06:33:01,0.7804,1
American Robin,Turdus migratorius,2026-05-02T13:32:27Z,02-May-2026,06:32:27,0.7804,1
Bewick's Wren,Thryomanes bewickii,2026-05-02T13:30:47Z,02-May-2026,06:30:47,0.44,1
Black-capped Chickadee,Poecile atricapillus,2026-05-02T13:30:04Z,02-May-2026,06:30:04,0.35,1
Black-capped Chickadee,Poecile atricapillus,2026-05-02T13:29:57Z,02-May-2026,06:29:57,0.41,1
Black-capped Chickadee,Poecile atricapillus,2026-05-02T13:29:52Z,02-May-2026,06:29:52,0.8471,1
Black-capped Chickadee,Poecile atricapillus,2026-05-02T13:29:18Z,02-May-2026,06:29:18,0.46,1
Black-capped Chickadee,Poecile atricapillus,2026-05-02T13:28:13Z,02-May-2026,06:28:13,0.59,1
Black-capped Chickadee,Poecile atricapillus,2026-05-02T13:28:06Z,02-May-2026,06:28:06,0.33,1
Black-capped Chickadee,Poecile atricapillus,2026-05-02T13:28:00Z,02-May-2026,06:28:00,0.29,1
Black-capped Chickadee,Poecile atricapillus,2026-05-02T13:27:04Z,02-May-2026,06:27:04,0.28,1
White-crowned Sparrow,Zonotrichia leucophrys,2026-05-02T13:26:57Z,02-May-2026,06:26:57,0.45,1
Townsend's Warbler,Setophaga townsendi,2026-05-02T13:22:49Z,02-May-2026,06:22:49,0.41,1
Black-capped Chickadee,Poecile atricapillus,2026-05-02T13:22:21Z,02-May-2026,06:22:21,0.3,1
American Robin,Turdus migratorius,2026-05-02T13:20:22Z,02-May-2026,06:20:22,0.41,1
White-crowned Sparrow,Zonotrichia leucophrys,2026-05-02T13:19:42Z,02-May-2026,06:19:42,0.33,1
House Finch,Haemorhous mexicanus,2026-05-02T13:18:47Z,02-May-2026,06:18:47,0.9647,7
House Finch,Haemorhous mexicanus,2026-05-02T13:17:42Z,02-May-2026,06:17:42,0.7804,3
White-throated Sparrow,Zonotrichia albicollis,2026-05-02T13:17:04Z,02-May-2026,06:17:04,0.28,1
House Finch,Haemorhous mexicanus,2026-05-02T13:16:57Z,02-May-2026,06:16:57,0.76,1
House Finch,Haemorhous mexicanus,2026-05-02T13:16:41Z,02-May-2026,06:16:41,0.9098,1
Black-capped Chickadee,Poecile atricapillus,2026-05-02T13:12:15Z,02-May-2026,06:12:15,0.29,1
Townsend's Warbler,Setophaga townsendi,2026-05-02T13:10:58Z,02-May-2026,06:10:58,0.32,1
Black-capped Chickadee,Poecile atricapillus,2026-05-02T13:10:55Z,02-May-2026,06:10:55,0.8,2
Black-capped Chickadee,Poecile atricapillus,2026-05-02T13:09:49Z,02-May-2026,06:09:49,0.31,1
Black-capped Chickadee,Poecile atricapillus,2026-05-02T13:09:08Z,02-May-2026,06:09:08,0.4,1
Black-capped Chickadee,Poecile atricapillus,2026-05-02T13:08:56Z,02-May-2026,06:08:56,0.9725,1
White-throated Sparrow,Zonotrichia albicollis,2026-05-02T13:08:42Z,02-May-2026,06:08:42,0.36,1
White-throated Sparrow,Zonotrichia albicollis,2026-05-02T13:08:35Z,02-May-2026,06:08:35,0.29,1
White-crowned Sparrow,Zonotrichia leucophrys,2026-05-02T13:06:50Z,02-May-2026,06:06:50,0.79,1
Black-capped Chickadee,Poecile atricapillus,2026-05-02T13:05:48Z,02-May-2026,06:05:48,0.29,1
House Finch,Haemorhous mexicanus,2026-05-02T13:05:29Z,02-May-2026,06:05:29,0.8471,1
Black-capped Chickadee,Poecile atricapillus,2026-05-02T13:04:06Z,02-May-2026,06:04:06,0.26,1
Black-capped Chickadee,Poecile atricapillus,2026-05-02T13:03:54Z,02-May-2026,06:03:54,0.26,1
White-throated Sparrow,Zonotrichia albicollis,2026-05-02T13:02:33Z,02-May-2026,06:02:33,0.34,1
Black-capped Chickadee,Poecile atricapillus,2026-05-02T13:02:26Z,02-May-2026,06:02:26,0.32,1
Black-capped Chickadee,Poecile atricapillus,2026-05-02T13:00:06Z,02-May-2026,06:00:06,0.51,1
Black-capped Chickadee,Poecile atricapillus,2026-05-02T12:59:23Z,02-May-2026,05:59:23,0.28,1
White-throated Sparrow,Zonotrichia albicollis,2026-05-02T12:58:17Z,02-May-2026,05:58:17,0.31,1
Black-capped Chickadee,Poecile atricapillus,2026-05-02T12:57:58Z,02-May-2026,05:57:58,0.55,1
White-throated Sparrow,Zonotrichia albicollis,2026-05-02T12:57:45Z,02-May-2026,05:57:45,0.31,1
Black-capped Chickadee,Poecile atricapillus,2026-05-02T12:57:11Z,02-May-2026,05:57:11,0.9176,2
Black-capped Chickadee,Poecile atricapillus,2026-05-02T12:55:53Z,02-May-2026,05:55:53,0.34,1
Black-capped Chickadee,Poecile atricapillus,2026-05-02T12:53:40Z,02-May-2026,05:53:40,0.8863,2
Mountain Chickadee,Poecile gambeli,2026-05-02T12:52:54Z,02-May-2026,05:52:54,0.28,1
Black-capped Chickadee,Poecile atricapillus,2026-05-02T12:52:47Z,02-May-2026,05:52:47,0.27,1
Black-capped Chickadee,Poecile atricapillus,2026-05-02T12:51:48Z,02-May-2026,05:51:48,0.9529,1
Black-capped Chickadee,Poecile atricapillus,2026-05-02T12:51:05Z,02-May-2026,05:51:05,0.36,1
Black-capped Chickadee,Poecile atricapillus,2026-05-02T12:50:50Z,02-May-2026,05:50:50,0.36,1
White-crowned Sparrow,Zonotrichia leucophrys,2026-05-02T12:50:21Z,02-May-2026,05:50:21,0.32,1
Black-capped Chickadee,Poecile atricapillus,2026-05-02T12:46:49Z,02-May-2026,05:46:49,0.26,1
Bewick's Wren,Thryomanes bewickii,2026-05-02T12:46:06Z,02-May-2026,05:46:06,0.83,1
Bewick's Wren,Thryomanes bewickii,2026-05-02T12:45:58Z,02-May-2026,05:45:58,0.71,1
Bewick's Wren,Thryomanes bewickii,2026-05-02T12:45:36Z,02-May-2026,05:45:36,0.82,1
Bewick's Wren,Thryomanes bewickii,2026-05-02T12:45:29Z,02-May-2026,05:45:29,0.81,1
Bewick's Wren,Thryomanes bewickii,2026-05-02T12:45:22Z,02-May-2026,05:45:22,0.8,1
Bewick's Wren,Thryomanes bewickii,2026-05-02T12:45:15Z,02-May-2026,05:45:15,0.79,1
Bewick's Wren,Thryomanes bewickii,2026-05-02T12:45:08Z,02-May-2026,05:45:08,0.69,1
Bewick's Wren,Thryomanes bewickii,2026-05-02T12:45:00Z,02-May-2026,05:45:00,0.85,1
Bewick's Wren,Thryomanes bewickii,2026-05-02T12:44:53Z,02-May-2026,05:44:53,0.78,1
Bewick's Wren,Thryomanes bewickii,2026-05-02T12:44:45Z,02-May-2026,05:44:45,0.91,1
Bewick's Wren,Thryomanes bewickii,2026-05-02T12:44:38Z,02-May-2026,05:44:38,0.55,1
Bewick's Wren,Thryomanes bewickii,2026-05-02T12:44:25Z,02-May-2026,05:44:25,0.6,1
Bewick's Wren,Thryomanes bewickii,2026-05-02T12:44:17Z,02-May-2026,05:44:17,0.71,1
Bewick's Wren,Thryomanes bewickii,2026-05-02T12:44:10Z,02-May-2026,05:44:10,0.65,1
Bewick's Wren,Thryomanes bewickii,2026-05-02T12:44:02Z,02-May-2026,05:44:02,0.9,1
Bewick's Wren,Thryomanes bewickii,2026-05-02T12:43:41Z,02-May-2026,05:43:41,0.67,1
Bewick's Wren,Thryomanes bewickii,2026-05-02T12:43:35Z,02-May-2026,05:43:35,0.34,1
Bewick's Wren,Thryomanes bewickii,2026-05-02T12:43:23Z,02-May-2026,05:43:23,0.85,1
Bewick's Wren,Thryomanes bewickii,2026-05-02T12:43:17Z,02-May-2026,05:43:17,0.96,1
Bewick's Wren,Thryomanes bewickii,2026-05-02T12:42:56Z,02-May-2026,05:42:56,0.96,1
Bewick's Wren,Thryomanes bewickii,2026-05-02T12:42:41Z,02-May-2026,05:42:41,0.39,1
Bewick's Wren,Thryomanes bewickii,2026-05-02T12:42:27Z,02-May-2026,05:42:27,0.61,1
Bewick's Wren,Thryomanes bewickii,2026-05-02T12:42:21Z,02-May-2026,05:42:21,0.6,1
Bewick's Wren,Thryomanes bewickii,2026-05-02T12:42:15Z,02-May-2026,05:42:15,0.52,1
Bewick's Wren,Thryomanes bewickii,2026-05-02T12:42:08Z,02-May-2026,05:42:08,0.57,1
Black-capped Chickadee,Poecile atricapillus,2026-05-02T12:41:54Z,02-May-2026,05:41:54,0.31,1
Bewick's Wren,Thryomanes bewickii,2026-05-02T12:41:26Z,02-May-2026,05:41:26,0.64,1
Bewick's Wren,Thryomanes bewickii,2026-05-02T12:41:18Z,02-May-2026,05:41:18,0.99,1
Bewick's Wren,Thryomanes bewickii,2026-05-02T12:41:11Z,02-May-2026,05:41:11,0.94,1
Bewick's Wren,Thryomanes bewickii,2026-05-02T12:40:56Z,02-May-2026,05:40:56,0.45,1
Bewick's Wren,Thryomanes bewickii,2026-05-02T12:40:49Z,02-May-2026,05:40:49,0.61,1
Bewick's Wren,Thryomanes bewickii,2026-05-02T12:40:42Z,02-May-2026,05:40:42,0.65,1
Bewick's Wren,Thryomanes bewickii,2026-05-02T12:40:27Z,02-May-2026,05:40:27,0.97,1
Bewick's Wren,Thryomanes bewickii,2026-05-02T12:40:21Z,02-May-2026,05:40:21,0.79,1
Bewick's Wren,Thryomanes bewickii,2026-05-02T12:40:07Z,02-May-2026,05:40:07,0.77,1
Bewick's Wren,Thryomanes bewickii,2026-05-02T12:40:00Z,02-May-2026,05:40:00,0.84,1
Bewick's Wren,Thryomanes bewickii,2026-05-02T12:39:37Z,02-May-2026,05:39:37,0.84,1
Bewick's Wren,Thryomanes bewickii,2026-05-02T12:39:29Z,02-May-2026,05:39:29,0.7,1
Bewick's Wren,Thryomanes bewickii,2026-05-02T12:39:21Z,02-May-2026,05:39:21,0.32,1
Bewick's Wren,Thryomanes bewickii,2026-05-02T12:39:13Z,02-May-2026,05:39:13,0.97,1
Bewick's Wren,Thryomanes bewickii,2026-05-02T12:39:05Z,02-May-2026,05:39:05,0.61,1
Bewick's Wren,Thryomanes bewickii,2026-05-02T12:38:58Z,02-May-2026,05:38:58,0.54,1
Bewick's Wren,Thryomanes bewickii,2026-05-02T12:38:50Z,02-May-2026,05:38:50,0.72,1
Bewick's Wren,Thryomanes bewickii,2026-05-02T12:38:43Z,02-May-2026,05:38:43,0.71,1
Bewick's Wren,Thryomanes bewickii,2026-05-02T12:38:36Z,02-May-2026,05:38:36,0.32,1
Bewick's Wren,Thryomanes bewickii,2026-05-02T12:38:22Z,02-May-2026,05:38:22,0.83,1
Bewick's Wren,Thryomanes bewickii,2026-05-02T12:38:14Z,02-May-2026,05:38:14,0.96,1
Bewick's Wren,Thryomanes bewickii,2026-05-02T12:37:46Z,02-May-2026,05:37:46,0.96,1
Bewick's Wren,Thryomanes bewickii,2026-05-02T12:37:17Z,02-May-2026,05:37:17,0.76,1
Bewick's Wren,Thryomanes bewickii,2026-05-02T12:37:02Z,02-May-2026,05:37:02,0.26,1
Bewick's Wren,Thryomanes bewickii,2026-05-02T12:36:55Z,02-May-2026,05:36:55,0.98,1
Bewick's Wren,Thryomanes bewickii,2026-05-02T12:36:28Z,02-May-2026,05:36:28,0.8,1
Bewick's Wren,Thryomanes bewickii,2026-05-02T12:36:22Z,02-May-2026,05:36:22,0.92,1
Bewick's Wren,Thryomanes bewickii,2026-05-02T12:36:07Z,02-May-2026,05:36:07,0.4,1
Bewick's Wren,Thryomanes bewickii,2026-05-02T12:35:53Z,02-May-2026,05:35:53,0.5,1
Bewick's Wren,Thryomanes bewickii,2026-05-02T12:35:44Z,02-May-2026,05:35:44,0.65,1
Bewick's Wren,Thryomanes bewickii,2026-05-02T12:35:36Z,02-May-2026,05:35:36,0.93,1
Bewick's Wren,Thryomanes bewickii,2026-05-02T12:35:29Z,02-May-2026,05:35:29,0.58,1
Bewick's Wren,Thryomanes bewickii,2026-05-02T12:35:22Z,02-May-2026,05:35:22,0.85,1
Bewick's Wren,Thryomanes bewickii,2026-05-02T12:35:15Z,02-May-2026,05:35:15,0.73,1
Bewick's Wren,Thryomanes bewickii,2026-05-02T12:35:08Z,02-May-2026,05:35:08,0.83,1
Bewick's Wren,Thryomanes bewickii,2026-05-02T12:35:00Z,02-May-2026,05:35:00,0.74,1
Bewick's Wren,Thryomanes bewickii,2026-05-02T12:34:53Z,02-May-2026,05:34:53,0.31,1
Bewick's Wren,Thryomanes bewickii,2026-05-02T12:34:31Z,02-May-2026,05:34:31,0.68,1
Bewick's Wren,Thryomanes bewickii,2026-05-02T12:34:23Z,02-May-2026,05:34:23,0.88,1
Bewick's Wren,Thryomanes bewickii,2026-05-02T12:34:16Z,02-May-2026,05:34:16,0.66,1
Bewick's Wren,Thryomanes bewickii,2026-05-02T12:34:08Z,02-May-2026,05:34:08,0.86,1
Bewick's Wren,Thryomanes bewickii,2026-05-02T12:33:52Z,02-May-2026,05:33:52,0.43,1
Bewick's Wren,Thryomanes bewickii,2026-05-02T12:33:45Z,02-May-2026,05:33:45,0.27,1
Bewick's Wren,Thryomanes bewickii,2026-05-02T12:33:31Z,02-May-2026,05:33:31,0.44,1
Bewick's Wren,Thryomanes bewickii,2026-05-02T12:33:24Z,02-May-2026,05:33:24,0.27,1
Bewick's Wren,Thryomanes bewickii,2026-05-02T12:33:17Z,02-May-2026,05:33:17,0.93,1
Bewick's Wren,Thryomanes bewickii,2026-05-02T12:33:02Z,02-May-2026,05:33:02,0.42,1
Bewick's Wren,Thryomanes bewickii,2026-05-02T12:32:55Z,02-May-2026,05:32:55,0.81,1
Bewick's Wren,Thryomanes bewickii,2026-05-02T12:32:48Z,02-May-2026,05:32:48,0.36,1
Bewick's Wren,Thryomanes bewickii,2026-05-02T12:32:18Z,02-May-2026,05:32:18,0.79,1
Bewick's Wren,Thryomanes bewickii,2026-05-02T12:32:11Z,02-May-2026,05:32:11,0.75,1
Bewick's Wren,Thryomanes bewickii,2026-05-02T12:31:56Z,02-May-2026,05:31:56,0.26,1
Bewick's Wren,Thryomanes bewickii,2026-05-02T12:31:49Z,02-May-2026,05:31:49,0.82,1
Bewick's Wren,Thryomanes bewickii,2026-05-02T12:31:41Z,02-May-2026,05:31:41,0.57,1
Bewick's Wren,Thryomanes bewickii,2026-05-02T12:31:33Z,02-May-2026,05:31:33,0.74,1
Bewick's Wren,Thryomanes bewickii,2026-05-02T12:31:18Z,02-May-2026,05:31:18,0.79,1
Bewick's Wren,Thryomanes bewickii,2026-05-02T12:31:10Z,02-May-2026,05:31:10,0.83,1
Bewick's Wren,Thryomanes bewickii,2026-05-02T12:31:02Z,02-May-2026,05:31:02,0.87,1
Bewick's Wren,Thryomanes bewickii,2026-05-02T12:30:56Z,02-May-2026,05:30:56,0.43,1
Bewick's Wren,Thryomanes bewickii,2026-05-02T12:30:49Z,02-May-2026,05:30:49,0.91,1
Bewick's Wren,Thryomanes bewickii,2026-05-02T12:30:34Z,02-May-2026,05:30:34,0.81,1
Bewick's Wren,Thryomanes bewickii,2026-05-02T12:30:26Z,02-May-2026,05:30:26,0.88,1
Bewick's Wren,Thryomanes bewickii,2026-05-02T12:30:19Z,02-May-2026,05:30:19,0.38,1
Bewick's Wren,Thryomanes bewickii,2026-05-02T12:30:11Z,02-May-2026,05:30:11,0.93,1
Bewick's Wren,Thryomanes bewickii,2026-05-02T12:30:03Z,02-May-2026,05:30:03,0.89,1
Bewick's Wren,Thryomanes bewickii,2026-05-02T12:29:57Z,02-May-2026,05:29:57,0.47,1
Bewick's Wren,Thryomanes bewickii,2026-05-02T12:29:50Z,02-May-2026,05:29:50,0.67,1
Black-capped Chickadee,Poecile atricapillus,2026-05-02T12:29:45Z,02-May-2026,05:29:45,0.8,1
Bewick's Wren,Thryomanes bewickii,2026-05-02T12:29:41Z,02-May-2026,05:29:41,0.83,1
Bewick's Wren,Thryomanes bewickii,2026-05-02T12:29:33Z,02-May-2026,05:29:33,0.33,1
Bewick's Wren,Thryomanes bewickii,2026-05-02T12:29:18Z,02-May-2026,05:29:18,0.47,1
Bewick's Wren,Thryomanes bewickii,2026-05-02T12:29:11Z,02-May-2026,05:29:11,0.69,1
Bewick's Wren,Thryomanes bewickii,2026-05-02T12:29:04Z,02-May-2026,05:29:04,0.56,1
Bewick's Wren,Thryomanes bewickii,2026-05-02T12:28:57Z,02-May-2026,05:28:57,0.98,1
Bewick's Wren,Thryomanes bewickii,2026-05-02T12:28:49Z,02-May-2026,05:28:49,0.79,1
Bewick's Wren,Thryomanes bewickii,2026-05-02T12:28:41Z,02-May-2026,05:28:41,0.77,1
Bewick's Wren,Thryomanes bewickii,2026-05-02T12:28:25Z,02-May-2026,05:28:25,0.88,1
Black-capped Chickadee,Poecile atricapillus,2026-05-02T12:28:18Z,02-May-2026,05:28:18,0.28,1
Black-capped Chickadee,Poecile atricapillus,2026-05-02T12:28:11Z,02-May-2026,05:28:11,0.39,1
Bewick's Wren,Thryomanes bewickii,2026-05-02T12:27:56Z,02-May-2026,05:27:56,0.84,1
Bewick's Wren,Thryomanes bewickii,2026-05-02T12:27:49Z,02-May-2026,05:27:49,0.88,1
Bewick's Wren,Thryomanes bewickii,2026-05-02T12:27:42Z,02-May-2026,05:27:42,0.34,1
Bewick's Wren,Thryomanes bewickii,2026-05-02T12:27:34Z,02-May-2026,05:27:34,0.77,1
Bewick's Wren,Thryomanes bewickii,2026-05-02T12:27:26Z,02-May-2026,05:27:26,0.39,1
Bewick's Wren,Thryomanes bewickii,2026-05-02T12:27:11Z,02-May-2026,05:27:11,0.7,1
Bewick's Wren,Thryomanes bewickii,2026-05-02T12:27:04Z,02-May-2026,05:27:04,0.9,1
Bewick's Wren,Thryomanes bewickii,2026-05-02T12:26:57Z,02-May-2026,05:26:57,0.72,1
White-crowned Sparrow,Zonotrichia leucophrys,2026-05-02T12:26:50Z,02-May-2026,05:26:50,0.51,1
Bewick's Wren,Thryomanes bewickii,2026-05-02T12:26:28Z,02-May-2026,05:26:28,0.4,1
Bewick's Wren,Thryomanes bewickii,2026-05-02T12:26:20Z,02-May-2026,05:26:20,0.89,1
Bewick's Wren,Thryomanes bewickii,2026-05-02T12:26:06Z,02-May-2026,05:26:06,0.76,1
Bewick's Wren,Thryomanes bewickii,2026-05-02T12:25:30Z,02-May-2026,05:25:30,0.43,1
Bewick's Wren,Thryomanes bewickii,2026-05-02T12:25:22Z,02-May-2026,05:25:22,0.52,1
Black-capped Chickadee,Poecile atricapillus,2026-05-02T12:25:08Z,02-May-2026,05:25:08,0.36,1
Bewick's Wren,Thryomanes bewickii,2026-05-02T12:24:53Z,02-May-2026,05:24:53,0.92,1
Bewick's Wren,Thryomanes bewickii,2026-05-02T12:24:30Z,02-May-2026,05:24:30,0.88,1
Bewick's Wren,Thryomanes bewickii,2026-05-02T12:24:23Z,02-May-2026,05:24:23,0.92,1
Bewick's Wren,Thryomanes bewickii,2026-05-02T12:24:15Z,02-May-2026,05:24:15,0.84,1
Bewick's Wren,Thryomanes bewickii,2026-05-02T12:24:00Z,02-May-2026,05:24:00,0.28,1
Black-capped Chickadee,Poecile atricapillus,2026-05-02T12:23:38Z,02-May-2026,05:23:38,0.6,1
Bewick's Wren,Thryomanes bewickii,2026-05-02T12:23:24Z,02-May-2026,05:23:24,0.91,1
Bewick's Wren,Thryomanes bewickii,2026-05-02T12:23:16Z,02-May-2026,05:23:16,0.36,1
Bewick's Wren,Thryomanes bewickii,2026-05-02T12:23:01Z,02-May-2026,05:23:01,0.38,1
Bewick's Wren,Thryomanes bewickii,2026-05-02T12:22:19Z,02-May-2026,05:22:19,0.53,1
Bewick's Wren,Thryomanes bewickii,2026-05-02T12:22:11Z,02-May-2026,05:22:11,0.9,1
Bewick's Wren,Thryomanes bewickii,2026-05-02T12:22:06Z,02-May-2026,05:22:06,0.81,1
Bewick's Wren,Thryomanes bewickii,2026-05-02T12:21:58Z,02-May-2026,05:21:58,0.38,1
Bewick's Wren,Thryomanes bewickii,2026-05-02T12:21:43Z,02-May-2026,05:21:43,0.43,1
Bewick's Wren,Thryomanes bewickii,2026-05-02T12:21:22Z,02-May-2026,05:21:22,0.9,1
Bewick's Wren,Thryomanes bewickii,2026-05-02T12:21:00Z,02-May-2026,05:21:00,0.86,1
Bewick's Wren,Thryomanes bewickii,2026-05-02T12:20:53Z,02-May-2026,05:20:53,0.83,1
Bewick's Wren,Thryomanes bewickii,2026-05-02T12:20:32Z,02-May-2026,05:20:32,0.84,1
Black-capped Chickadee,Poecile atricapillus,2026-05-02T12:20:13Z,02-May-2026,05:20:13,0.7804,2
Bewick's Wren,Thryomanes bewickii,2026-05-02T12:20:08Z,02-May-2026,05:20:08,0.26,1
Bewick's Wren,Thryomanes bewickii,2026-05-02T12:19:45Z,02-May-2026,05:19:45,0.31,1
Bewick's Wren,Thryomanes bewickii,2026-05-02T12:19:30Z,02-May-2026,05:19:30,0.54,1
Bewick's Wren,Thryomanes bewickii,2026-05-02T12:19:22Z,02-May-2026,05:19:22,0.77,1
Bewick's Wren,Thryomanes bewickii,2026-05-02T12:19:00Z,02-May-2026,05:19:00,0.34,1
Bewick's Wren,Thryomanes bewickii,2026-05-02T12:18:42Z,02-May-2026,05:18:42,0.3,1
Bewick's Wren,Thryomanes bewickii,2026-05-02T12:18:19Z,02-May-2026,05:18:19,0.38,1
Black-capped Chickadee,Poecile atricapillus,2026-05-02T12:18:14Z,02-May-2026,05:18:14,0.42,1
Black-capped Chickadee,Poecile atricapillus,2026-05-02T12:18:09Z,02-May-2026,05:18:09,0.8471,1
Black-capped Chickadee,Poecile atricapillus,2026-05-02T12:17:44Z,02-May-2026,05:17:44,0.26,1
Bewick's Wren,Thryomanes bewickii,2026-05-02T12:17:10Z,02-May-2026,05:17:10,0.73,1
Bewick's Wren,Thryomanes bewickii,2026-05-02T12:16:33Z,02-May-2026,05:16:33,0.32,1
Bewick's Wren,Thryomanes bewickii,2026-05-02T12:16:25Z,02-May-2026,05:16:25,0.81,1
Bewick's Wren,Thryomanes bewickii,2026-05-02T12:15:57Z,02-May-2026,05:15:57,0.76,1
Bewick's Wren,Thryomanes bewickii,2026-05-02T12:13:58Z,02-May-2026,05:13:58,0.32,1
Bewick's Wren,Thryomanes bewickii,2026-05-02T12:13:52Z,02-May-2026,05:13:52,0.7,1
Bewick's Wren,Thryomanes bewickii,2026-05-02T12:13:10Z,02-May-2026,05:13:10,0.28,1
Bewick's Wren,Thryomanes bewickii,2026-05-02T12:13:05Z,02-May-2026,05:13:05,0.81,1
Bewick's Wren,Thryomanes bewickii,2026-05-02T12:12:57Z,02-May-2026,05:12:57,0.92,1
Bewick's Wren,Thryomanes bewickii,2026-05-02T12:12:50Z,02-May-2026,05:12:50,0.78,1
Bewick's Wren,Thryomanes bewickii,2026-05-02T12:12:37Z,02-May-2026,05:12:37,0.96,1
Bewick's Wren,Thryomanes bewickii,2026-05-02T12:12:30Z,02-May-2026,05:12:30,0.85,1
Bewick's Wren,Thryomanes bewickii,2026-05-02T12:12:08Z,02-May-2026,05:12:08,0.85,1
Bewick's Wren,Thryomanes bewickii,2026-05-02T12:12:01Z,02-May-2026,05:12:01,0.36,1
Bewick's Wren,Thryomanes bewickii,2026-05-02T12:11:54Z,02-May-2026,05:11:54,0.92,1
Bewick's Wren,Thryomanes bewickii,2026-05-02T12:11:46Z,02-May-2026,05:11:46,0.79,1
Bewick's Wren,Thryomanes bewickii,2026-05-02T12:11:39Z,02-May-2026,05:11:39,0.76,1
Bewick's Wren,Thryomanes bewickii,2026-05-02T12:11:18Z,02-May-2026,05:11:18,0.81,1
Bewick's Wren,Thryomanes bewickii,2026-05-02T12:11:11Z,02-May-2026,05:11:11,0.89,1
Bewick's Wren,Thryomanes bewickii,2026-05-02T12:10:35Z,02-May-2026,05:10:35,0.87,1
Bewick's Wren,Thryomanes bewickii,2026-05-02T12:10:21Z,02-May-2026,05:10:21,0.72,1
Bewick's Wren,Thryomanes bewickii,2026-05-02T12:10:01Z,02-May-2026,05:10:01,0.63,1
Bewick's Wren,Thryomanes bewickii,2026-05-02T12:09:54Z,02-May-2026,05:09:54,0.75,1
Bewick's Wren,Thryomanes bewickii,2026-05-02T12:09:47Z,02-May-2026,05:09:47,0.8,1
Bewick's Wren,Thryomanes bewickii,2026-05-02T12:09:16Z,02-May-2026,05:09:16,0.63,1
Bewick's Wren,Thryomanes bewickii,2026-05-02T12:09:09Z,02-May-2026,05:09:09,0.73,1
Bewick's Wren,Thryomanes bewickii,2026-05-02T12:08:54Z,02-May-2026,05:08:54,0.3,1
Bewick's Wren,Thryomanes bewickii,2026-05-02T12:08:48Z,02-May-2026,05:08:48,0.73,1
Bewick's Wren,Thryomanes bewickii,2026-05-02T12:08:41Z,02-May-2026,05:08:41,0.61,1
Bewick's Wren,Thryomanes bewickii,2026-05-02T12:08:33Z,02-May-2026,05:08:33,0.85,1
Bewick's Wren,Thryomanes bewickii,2026-05-02T12:08:20Z,02-May-2026,05:08:20,0.27,1
Bewick's Wren,Thryomanes bewickii,2026-05-02T12:07:55Z,02-May-2026,05:07:55,0.6,1
Bewick's Wren,Thryomanes bewickii,2026-05-02T12:07:48Z,02-May-2026,05:07:48,0.8,1
Bewick's Wren,Thryomanes bewickii,2026-05-02T12:07:41Z,02-May-2026,05:07:41,0.91,1
Bewick's Wren,Thryomanes bewickii,2026-05-02T12:07:24Z,02-May-2026,05:07:24,0.8,1
Bewick's Wren,Thryomanes bewickii,2026-05-02T12:07:16Z,02-May-2026,05:07:16,0.74,1
Bewick's Wren,Thryomanes bewickii,2026-05-02T12:07:06Z,02-May-2026,05:07:06,0.8,1
Bewick's Wren,Thryomanes bewickii,2026-05-02T12:06:59Z,02-May-2026,05:06:59,0.84,1
Bewick's Wren,Thryomanes bewickii,2026-05-02T12:06:42Z,02-May-2026,05:06:42,0.72,1
Bewick's Wren,Thryomanes bewickii,2026-05-02T12:06:11Z,02-May-2026,05:06:11,0.94,1
Bewick's Wren,Thryomanes bewickii,2026-05-02T12:06:04Z,02-May-2026,05:06:04,0.79,1
Bewick's Wren,Thryomanes bewickii,2026-05-02T12:05:56Z,02-May-2026,05:05:56,0.82,1
Bewick's Wren,Thryomanes bewickii,2026-05-02T12:05:42Z,02-May-2026,05:05:42,0.8,1
Bewick's Wren,Thryomanes bewickii,2026-05-02T12:04:59Z,02-May-2026,05:04:59,0.66,1
Bewick's Wren,Thryomanes bewickii,2026-05-02T12:04:37Z,02-May-2026,05:04:37,0.7,1
Bewick's Wren,Thryomanes bewickii,2026-05-02T12:04:23Z,02-May-2026,05:04:23,0.75,1
Bewick's Wren,Thryomanes bewickii,2026-05-02T12:03:49Z,02-May-2026,05:03:49,0.92,1
Bewick's Wren,Thryomanes bewickii,2026-05-02T12:03:42Z,02-May-2026,05:03:42,0.83,1
Bewick's Wren,Thryomanes bewickii,2026-05-02T12:03:34Z,02-May-2026,05:03:34,0.3,1
Bewick's Wren,Thryomanes bewickii,2026-05-02T12:03:24Z,02-May-2026,05:03:24,0.99,1
Bewick's Wren,Thryomanes bewickii,2026-05-02T12:03:13Z,02-May-2026,05:03:13,0.94,1
Bewick's Wren,Thryomanes bewickii,2026-05-02T12:03:06Z,02-May-2026,05:03:06,0.92,1
Bewick's Wren,Thryomanes bewickii,2026-05-02T12:02:41Z,02-May-2026,05:02:41,0.98,1
Bewick's Wren,Thryomanes bewickii,2026-05-02T12:02:27Z,02-May-2026,05:02:27,0.42,1
Bewick's Wren,Thryomanes bewickii,2026-05-02T12:02:15Z,02-May-2026,05:02:15,0.98,1
Bewick's Wren,Thryomanes bewickii,2026-05-02T12:01:40Z,02-May-2026,05:01:40,0.97,1
Bewick's Wren,Thryomanes bewickii,2026-05-02T12:01:32Z,02-May-2026,05:01:32,0.68,1
Bewick's Wren,Thryomanes bewickii,2026-05-02T12:01:25Z,02-May-2026,05:01:25,0.98,1
Bewick's Wren,Thryomanes bewickii,2026-05-02T12:01:02Z,02-May-2026,05:01:02,0.96,1
Dark-eyed Junco,Junco hyemalis,2026-05-02T12:00:56Z,02-May-2026,05:00:56,0.57,1
Bewick's Wren,Thryomanes bewickii,2026-05-02T12:00:34Z,02-May-2026,05:00:34,0.95,1
Bewick's Wren,Thryomanes bewickii,2026-05-02T12:00:27Z,02-May-2026,05:00:27,0.3,1
Bewick's Wren,Thryomanes bewickii,2026-05-02T12:00:19Z,02-May-2026,05:00:19,0.92,1
Bewick's Wren,Thryomanes bewickii,2026-05-02T12:00:12Z,02-May-2026,05:00:12,0.73,1
Bewick's Wren,Thryomanes bewickii,2026-05-02T11:59:27Z,02-May-2026,04:59:27,0.6,1
Bewick's Wren,Thryomanes bewickii,2026-05-02T11:59:12Z,02-May-2026,04:59:12,0.26,1
Bewick's Wren,Thryomanes bewickii,2026-05-02T11:56:13Z,02-May-2026,04:56:13,0.99,1
Bewick's Wren,Thryomanes bewickii,2026-05-02T11:55:33Z,02-May-2026,04:55:33,0.97,1
Bewick's Wren,Thryomanes bewickii,2026-05-02T11:55:01Z,02-May-2026,04:55:01,0.97,1
Bewick's Wren,Thryomanes bewickii,2026-05-02T11:54:52Z,02-May-2026,04:54:52,0.91,1
Bewick's Wren,Thryomanes bewickii,2026-05-02T11:54:45Z,02-May-2026,04:54:45,0.54,1
Bewick's Wren,Thryomanes bewickii,2026-05-02T11:53:34Z,02-May-2026,04:53:34,0.93,1
American Robin,Turdus migratorius,2026-05-02T11:53:24Z,02-May-2026,04:53:24,0.28,1
American Robin,Turdus migratorius,2026-05-02T11:53:02Z,02-May-2026,04:53:02,0.27,1
Bewick's Wren,Thryomanes bewickii,2026-05-02T11:52:39Z,02-May-2026,04:52:39,0.95,1
Bewick's Wren,Thryomanes bewickii,2026-05-02T11:52:03Z,02-May-2026,04:52:03,0.26,1
Bewick's Wren,Thryomanes bewickii,2026-05-02T11:51:58Z,02-May-2026,04:51:58,0.96,1
Bewick's Wren,Thryomanes bewickii,2026-05-02T11:51:40Z,02-May-2026,04:51:40,0.29,1
Bewick's Wren,Thryomanes bewickii,2026-05-02T11:51:26Z,02-May-2026,04:51:26,0.59,1
Bewick's Wren,Thryomanes bewickii,2026-05-02T11:51:19Z,02-May-2026,04:51:19,0.97,1
Bewick's Wren,Thryomanes bewickii,2026-05-02T11:49:05Z,02-May-2026,04:49:05,0.95,1
American Robin,Turdus migratorius,2026-05-02T11:48:20Z,02-May-2026,04:48:20,0.34,1
Bewick's Wren,Thryomanes bewickii,2026-05-02T11:47:26Z,02-May-2026,04:47:26,0.94,1
Bewick's Wren,Thryomanes bewickii,2026-05-02T11:46:50Z,02-May-2026,04:46:50,0.93,1
American Robin,Turdus migratorius,2026-05-02T11:44:31Z,02-May-2026,04:44:31,0.35,1
American Robin,Turdus migratorius,2026-05-02T11:42:22Z,02-May-2026,04:42:22,0.31,1
American Robin,Turdus migratorius,2026-05-02T11:42:12Z,02-May-2026,04:42:12,0.45,1
American Robin,Turdus migratorius,2026-05-02T11:41:06Z,02-May-2026,04:41:06,0.48,1
American Robin,Turdus migratorius,2026-05-02T11:35:44Z,02-May-2026,04:35:44,0.34,1
American Robin,Turdus migratorius,2026-05-02T11:19:16Z,02-May-2026,04:19:16,0.8745,1
American Robin,Turdus migratorius,2026-05-02T11:15:13Z,02-May-2026,04:15:13,0.27,1
American Robin,Turdus migratorius,2026-05-02T11:13:17Z,02-May-2026,04:13:17,0.34,1
American Robin,Turdus migratorius,2026-05-02T11:08:47Z,02-May-2026,04:08:47,0.36,1
American Robin,Turdus migratorius,2026-05-02T11:07:02Z,02-May-2026,04:07:02,0.7804,1
American Robin,Turdus migratorius,2026-05-02T11:05:01Z,02-May-2026,04:05:01,0.7804,1
American Robin,Turdus migratorius,2026-05-02T10:53:23Z,02-May-2026,03:53:23,0.33,1
American Robin,Turdus migratorius,2026-05-02T10:51:24Z,02-May-2026,03:51:24,0.42,1
Red-breasted Nuthatch,Sitta canadensis,2026-05-02T10:48:02Z,02-May-2026,03:48:02,0.32,1
Hermit Thrush,Catharus guttatus,2026-05-02T10:47:38Z,02-May-2026,03:47:38,0.32,1
Anna's Hummingbird,Calypte anna,2026-05-02T09:29:58Z,02-May-2026,02:29:58,0.898,1
Anna's Hummingbird,Calypte anna,2026-05-02T08:44:42Z,02-May-2026,01:44:42,0.8157,1
Anna's Hummingbird,Calypte anna,2026-05-02T08:29:52Z,02-May-2026,01:29:52,0.8627,1
Anna's Hummingbird,Calypte anna,2026-05-02T08:26:45Z,02-May-2026,01:26:45,0.7804,1
Anna's Hummingbird,Calypte anna,2026-05-02T08:11:45Z,02-May-2026,01:11:45,0.8314,1
Anna's Hummingbird,Calypte anna,2026-05-02T08:02:20Z,02-May-2026,01:02:20,0.7804,1
Mallard,Anas platyrhynchos,2026-05-02T06:21:11Z,01-May-2026,23:21:11,0.33,1
Trumpeter Swan,Cygnus buccinator,2026-05-02T05:21:21Z,01-May-2026,22:21:21,0.61,1
Anna's Hummingbird,Calypte anna,2026-05-02T04:22:22Z,01-May-2026,21:22:22,0.42,1
Anna's Hummingbird,Calypte anna,2026-05-02T04:22:17Z,01-May-2026,21:22:17,0.8314,1
Ring-necked Pheasant,Phasianus colchicus,2026-05-02T03:58:38Z,01-May-2026,20:58:38,0.44,1
Ring-necked Pheasant,Phasianus colchicus,2026-05-02T03:42:08Z,01-May-2026,20:42:08,0.52,1
Dark-eyed Junco,Junco hyemalis,2026-05-02T03:35:48Z,01-May-2026,20:35:48,0.32,1
Dark-eyed Junco,Junco hyemalis,2026-05-02T03:35:29Z,01-May-2026,20:35:29,0.43,1
Dark-eyed Junco,Junco hyemalis,2026-05-02T03:31:49Z,01-May-2026,20:31:49,0.31,1
Dark-eyed Junco,Junco hyemalis,2026-05-02T03:31:39Z,01-May-2026,20:31:39,0.33,1
Dark-eyed Junco,Junco hyemalis,2026-05-02T03:30:04Z,01-May-2026,20:30:04,0.3,1
Dark-eyed Junco,Junco hyemalis,2026-05-02T03:29:44Z,01-May-2026,20:29:44,0.35,1
American Robin,Turdus migratorius,2026-05-02T03:27:31Z,01-May-2026,20:27:31,0.8745,3
American Robin,Turdus migratorius,2026-05-02T03:27:16Z,01-May-2026,20:27:16,0.4,1
American Robin,Turdus migratorius,2026-05-02T03:26:29Z,01-May-2026,20:26:29,0.8314,13
American Robin,Turdus migratorius,2026-05-02T03:26:10Z,01-May-2026,20:26:10,0.34,1
American Robin,Turdus migratorius,2026-05-02T03:25:54Z,01-May-2026,20:25:54,0.82,1
American Robin,Turdus migratorius,2026-05-02T03:25:28Z,01-May-2026,20:25:28,0.8314,9
American Robin,Turdus migratorius,2026-05-02T03:24:27Z,01-May-2026,20:24:27,0.898,11
American Robin,Turdus migratorius,2026-05-02T03:24:17Z,01-May-2026,20:24:17,0.27,1
American Robin,Turdus migratorius,2026-05-02T03:23:40Z,01-May-2026,20:23:40,0.37,1
American Robin,Turdus migratorius,2026-05-02T03:23:25Z,01-May-2026,20:23:25,0.8627,3
American Robin,Turdus migratorius,2026-05-02T03:23:22Z,01-May-2026,20:23:22,0.31,1
American Robin,Turdus migratorius,2026-05-02T03:22:39Z,01-May-2026,20:22:39,0.39,1
American Robin,Turdus migratorius,2026-05-02T03:22:32Z,01-May-2026,20:22:32,0.39,1
American Robin,Turdus migratorius,2026-05-02T03:22:20Z,01-May-2026,20:22:20,0.8627,2
American Robin,Turdus migratorius,2026-05-02T03:22:00Z,01-May-2026,20:22:00,0.28,1
American Robin,Turdus migratorius,2026-05-02T03:21:53Z,01-May-2026,20:21:53,0.3,1
American Robin,Turdus migratorius,2026-05-02T03:19:46Z,01-May-2026,20:19:46,0.8314,1
American Robin,Turdus migratorius,2026-05-02T03:18:01Z,01-May-2026,20:18:01,0.7804,1
American Robin,Turdus migratorius,2026-05-02T03:17:36Z,01-May-2026,20:17:36,0.26,1
American Robin,Turdus migratorius,2026-05-02T03:16:58Z,01-May-2026,20:16:58,0.27,1
American Robin,Turdus migratorius,2026-05-02T03:16:54Z,01-May-2026,20:16:54,0.8,2
Bewick's Wren,Thryomanes bewickii,2026-05-02T03:13:06Z,01-May-2026,20:13:06,0.26,1
American Robin,Turdus migratorius,2026-05-02T03:12:46Z,01-May-2026,20:12:46,0.38,1
American Robin,Turdus migratorius,2026-05-02T03:09:51Z,01-May-2026,20:09:51,0.38,1
American Robin,Turdus migratorius,2026-05-02T03:09:39Z,01-May-2026,20:09:39,0.7804,1
American Robin,Turdus migratorius,2026-05-02T03:09:11Z,01-May-2026,20:09:11,0.29,1
Townsend's Warbler,Setophaga townsendi,2026-05-02T03:08:05Z,01-May-2026,20:08:05,0.26,1
Bewick's Wren,Thryomanes bewickii,2026-05-02T03:05:15Z,01-May-2026,20:05:15,0.33,1
American Robin,Turdus migratorius,2026-05-02T03:04:12Z,01-May-2026,20:04:12,0.898,1
American Robin,Turdus migratorius,2026-05-02T03:03:44Z,01-May-2026,20:03:44,0.27,1
Bewick's Wren,Thryomanes bewickii,2026-05-02T02:57:43Z,01-May-2026,19:57:43,0.44,1
Bewick's Wren,Thryomanes bewickii,2026-05-02T02:56:41Z,01-May-2026,19:56:41,0.87,1
Bewick's Wren,Thryomanes bewickii,2026-05-02T02:56:27Z,01-May-2026,19:56:27,0.44,1
Red-breasted Nuthatch,Sitta canadensis,2026-05-02T02:54:58Z,01-May-2026,19:54:58,0.87,1
Red-breasted Nuthatch,Sitta canadensis,2026-05-02T02:54:51Z,01-May-2026,19:54:51,0.9,1
American Robin,Turdus migratorius,2026-05-02T02:54:20Z,01-May-2026,19:54:20,0.49,1
American Robin,Turdus migratorius,2026-05-02T02:53:14Z,01-May-2026,19:53:14,0.44,1
American Robin,Turdus migratorius,2026-05-02T02:53:04Z,01-May-2026,19:53:04,0.8745,1
American Robin,Turdus migratorius,2026-05-02T02:52:33Z,01-May-2026,19:52:33,0.39,1
American Robin,Turdus migratorius,2026-05-02T02:51:36Z,01-May-2026,19:51:36,0.8471,2
American Robin,Turdus migratorius,2026-05-02T02:51:07Z,01-May-2026,19:51:07,0.27,1
American Robin,Turdus migratorius,2026-05-02T02:51:00Z,01-May-2026,19:51:00,0.4,1
American Robin,Turdus migratorius,2026-05-02T02:50:25Z,01-May-2026,19:50:25,0.8,2
American Robin,Turdus migratorius,2026-05-02T02:49:03Z,01-May-2026,19:49:03,0.8745,4
American Crow,Corvus brachyrhynchos,2026-05-02T02:48:10Z,01-May-2026,19:48:10,0.27,1
American Robin,Turdus migratorius,2026-05-02T02:47:43Z,01-May-2026,19:47:43,0.8863,3
American Robin,Turdus migratorius,2026-05-02T02:46:42Z,01-May-2026,19:46:42,0.8314,4
Bewick's Wren,Thryomanes bewickii,2026-05-02T02:46:14Z,01-May-2026,19:46:14,0.88,1
Bewick's Wren,Thryomanes bewickii,2026-05-02T02:45:57Z,01-May-2026,19:45:57,0.26,1
American Robin,Turdus migratorius,2026-05-02T02:45:37Z,01-May-2026,19:45:37,0.8,6
American Robin,Turdus migratorius,2026-05-02T02:45:09Z,01-May-2026,19:45:09,0.54,1
American Robin,Turdus migratorius,2026-05-02T02:44:21Z,01-May-2026,19:44:21,0.8314,5
American Robin,Turdus migratorius,2026-05-02T02:44:11Z,01-May-2026,19:44:11,0.32,1
American Robin,Turdus migratorius,2026-05-02T02:43:04Z,01-May-2026,19:43:04,0.33,1
American Robin,Turdus migratorius,2026-05-02T02:42:32Z,01-May-2026,19:42:32,0.8314,4
American Crow,Corvus brachyrhynchos,2026-05-02T02:41:56Z,01-May-2026,19:41:56,0.8627,1
American Robin,Turdus migratorius,2026-05-02T02:41:29Z,01-May-2026,19:41:29,0.8863,4
American Robin,Turdus migratorius,2026-05-02T02:41:20Z,01-May-2026,19:41:20,0.44,1
Black-capped Chickadee,Poecile atricapillus,2026-05-02T02:41:09Z,01-May-2026,19:41:09,0.9098,1
American Robin,Turdus migratorius,2026-05-02T02:40:38Z,01-May-2026,19:40:38,0.3,1
American Robin,Turdus migratorius,2026-05-02T02:40:04Z,01-May-2026,19:40:04,0.8471,5
American Robin,Turdus migratorius,2026-05-02T02:39:13Z,01-May-2026,19:39:13,0.35,1
American Robin,Turdus migratorius,2026-05-02T02:38:49Z,01-May-2026,19:38:49,0.8627,8
American Robin,Turdus migratorius,2026-05-02T02:37:46Z,01-May-2026,19:37:46,0.9176,2
Black-capped Chickadee,Poecile atricapillus,2026-05-02T02:37:18Z,01-May-2026,19:37:18,0.7804,1
American Robin,Turdus migratorius,2026-05-02T02:36:50Z,01-May-2026,19:36:50,0.29,1
American Robin,Turdus migratorius,2026-05-02T02:36:27Z,01-May-2026,19:36:27,0.898,11
American Robin,Turdus migratorius,2026-05-02T02:35:06Z,01-May-2026,19:35:06,0.28,1
American Robin,Turdus migratorius,2026-05-02T02:34:57Z,01-May-2026,19:34:57,0.8157,4
American Robin,Turdus migratorius,2026-05-02T02:34:47Z,01-May-2026,19:34:47,0.49,1
American Robin,Turdus migratorius,2026-05-02T02:34:20Z,01-May-2026,19:34:20,0.42,1
American Robin,Turdus migratorius,2026-05-02T02:34:09Z,01-May-2026,19:34:09,0.29,1
American Robin,Turdus migratorius,2026-05-02T02:33:52Z,01-May-2026,19:33:52,0.8745,6
American Robin,Turdus migratorius,2026-05-02T02:32:51Z,01-May-2026,19:32:51,0.31,1
American Robin,Turdus migratorius,2026-05-02T02:32:48Z,01-May-2026,19:32:48,0.8314,4
Townsend's Warbler,Setophaga townsendi,2026-05-02T02:32:01Z,01-May-2026,19:32:01,0.3,1
American Robin,Turdus migratorius,2026-05-02T02:31:43Z,01-May-2026,19:31:43,0.9176,1
American Robin,Turdus migratorius,2026-05-02T02:31:35Z,01-May-2026,19:31:35,0.53,1
American Robin,Turdus migratorius,2026-05-02T02:31:04Z,01-May-2026,19:31:04,0.31,1
American Robin,Turdus migratorius,2026-05-02T02:30:58Z,01-May-2026,19:30:58,0.32,1
American Robin,Turdus migratorius,2026-05-02T02:30:50Z,01-May-2026,19:30:50,0.26,1
American Robin,Turdus migratorius,2026-05-02T02:30:32Z,01-May-2026,19:30:32,0.8157,6
Bewick's Wren,Thryomanes bewickii,2026-05-02T02:29:46Z,01-May-2026,19:29:46,0.48,1
Townsend's Warbler,Setophaga townsendi,2026-05-02T02:29:38Z,01-May-2026,19:29:38,0.32,1
Black-capped Chickadee,Poecile atricapillus,2026-05-02T02:29:30Z,01-May-2026,19:29:30,0.31,1
American Robin,Turdus migratorius,2026-05-02T02:29:07Z,01-May-2026,19:29:07,0.8157,6
Bewick's Wren,Thryomanes bewickii,2026-05-02T02:28:41Z,01-May-2026,19:28:41,0.38,1
American Robin,Turdus migratorius,2026-05-02T02:28:23Z,01-May-2026,19:28:23,0.38,1
American Robin,Turdus migratorius,2026-05-02T02:28:03Z,01-May-2026,19:28:03,0.7804,1
American Robin,Turdus migratorius,2026-05-02T02:26:52Z,01-May-2026,19:26:52,0.8157,1
Black-capped Chickadee,Poecile atricapillus,2026-05-02T02:23:28Z,01-May-2026,19:23:28,0.8,1
Black-capped Chickadee,Poecile atricapillus,2026-05-02T02:23:13Z,01-May-2026,19:23:13,0.57,1
Townsend's Warbler,Setophaga townsendi,2026-05-02T02:22:41Z,01-May-2026,19:22:41,0.48,1
Varied Thrush,Ixoreus naevius,2026-05-02T02:18:23Z,01-May-2026,19:18:23,0.3,1
Bewick's Wren,Thryomanes bewickii,2026-05-02T02:18:10Z,01-May-2026,19:18:10,0.3,1
Townsend's Warbler,Setophaga townsendi,2026-05-02T02:17:35Z,01-May-2026,19:17:35,0.26,1
Bewick's Wren,Thryomanes bewickii,2026-05-02T02:16:55Z,01-May-2026,19:16:55,0.27,1
Bewick's Wren,Thryomanes bewickii,2026-05-02T02:16:38Z,01-May-2026,19:16:38,0.58,1
Townsend's Warbler,Setophaga townsendi,2026-05-02T02:15:31Z,01-May-2026,19:15:31,0.45,1
Townsend's Warbler,Setophaga townsendi,2026-05-02T02:15:10Z,01-May-2026,19:15:10,0.27,1
Townsend's Warbler,Setophaga townsendi,2026-05-02T02:15:02Z,01-May-2026,19:15:02,0.58,1
Townsend's Warbler,Setophaga townsendi,2026-05-02T02:14:50Z,01-May-2026,19:14:50,0.29,1
Bewick's Wren,Thryomanes bewickii,2026-05-02T02:14:01Z,01-May-2026,19:14:01,0.3,1
Townsend's Warbler,Setophaga townsendi,2026-05-02T02:13:53Z,01-May-2026,19:13:53,0.42,1
Townsend's Warbler,Setophaga townsendi,2026-05-02T02:13:30Z,01-May-2026,19:13:30,0.26,1
Bewick's Wren,Thryomanes bewickii,2026-05-02T02:13:12Z,01-May-2026,19:13:12,0.37,1
Townsend's Warbler,Setophaga townsendi,2026-05-02T02:13:05Z,01-May-2026,19:13:05,0.41,1
Bewick's Wren,Thryomanes bewickii,2026-05-02T02:12:30Z,01-May-2026,19:12:30,0.44,1
Townsend's Warbler,Setophaga townsendi,2026-05-02T02:12:14Z,01-May-2026,19:12:14,0.33,1
Townsend's Warbler,Setophaga townsendi,2026-05-02T02:12:01Z,01-May-2026,19:12:01,0.31,1
White-crowned Sparrow,Zonotrichia leucophrys,2026-05-02T02:10:55Z,01-May-2026,19:10:55,0.31,1
Black-capped Chickadee,Poecile atricapillus,2026-05-02T02:10:34Z,01-May-2026,19:10:34,0.43,1
Black-capped Chickadee,Poecile atricapillus,2026-05-02T02:10:13Z,01-May-2026,19:10:13,0.33,1
Black-capped Chickadee,Poecile atricapillus,2026-05-02T02:09:44Z,01-May-2026,19:09:44,0.8471,1
Black-capped Chickadee,Poecile atricapillus,2026-05-02T02:09:36Z,01-May-2026,19:09:36,0.34,1
American Crow,Corvus brachyrhynchos,2026-05-02T02:09:23Z,01-May-2026,19:09:23,0.8863,1
White-throated Sparrow,Zonotrichia albicollis,2026-05-02T02:08:51Z,01-May-2026,19:08:51,0.36,1
Black-capped Chickadee,Poecile atricapillus,2026-05-02T02:08:06Z,01-May-2026,19:08:06,0.46,1
Black-capped Chickadee,Poecile atricapillus,2026-05-02T02:07:43Z,01-May-2026,19:07:43,0.51,1
White-throated Sparrow,Zonotrichia albicollis,2026-05-02T02:06:06Z,01-May-2026,19:06:06,0.35,1
White-throated Sparrow,Zonotrichia albicollis,2026-05-02T02:05:18Z,01-May-2026,19:05:18,0.39,1
Bewick's Wren,Thryomanes bewickii,2026-05-02T02:04:31Z,01-May-2026,19:04:31,0.41,1
Bewick's Wren,Thryomanes bewickii,2026-05-02T02:04:16Z,01-May-2026,19:04:16,0.32,1
Bewick's Wren,Thryomanes bewickii,2026-05-02T02:04:00Z,01-May-2026,19:04:00,0.86,1
White-crowned Sparrow,Zonotrichia leucophrys,2026-05-02T02:03:37Z,01-May-2026,19:03:37,0.34,1
Bewick's Wren,Thryomanes bewickii,2026-05-02T02:03:23Z,01-May-2026,19:03:23,0.73,1
Black-capped Chickadee,Poecile atricapillus,2026-05-02T02:03:13Z,01-May-2026,19:03:13,0.48,1
Trumpeter Swan,Cygnus buccinator,2026-05-02T02:02:36Z,01-May-2026,19:02:36,0.37,1
Black-capped Chickadee,Poecile atricapillus,2026-05-02T02:01:27Z,01-May-2026,19:01:27,0.8863,1
Bewick's Wren,Thryomanes bewickii,2026-05-02T01:56:16Z,01-May-2026,18:56:16,0.54,1
Bewick's Wren,Thryomanes bewickii,2026-05-02T01:56:06Z,01-May-2026,18:56:06,0.91,1
Bewick's Wren,Thryomanes bewickii,2026-05-02T01:55:29Z,01-May-2026,18:55:29,0.79,1
Bewick's Wren,Thryomanes bewickii,2026-05-02T01:55:22Z,01-May-2026,18:55:22,0.8,1
Bewick's Wren,Thryomanes bewickii,2026-05-02T01:55:15Z,01-May-2026,18:55:15,0.59,1
Bewick's Wren,Thryomanes bewickii,2026-05-02T01:55:08Z,01-May-2026,18:55:08,0.61,1
Bewick's Wren,Thryomanes bewickii,2026-05-02T01:54:55Z,01-May-2026,18:54:55,0.73,1
Bewick's Wren,Thryomanes bewickii,2026-05-02T01:54:47Z,01-May-2026,18:54:47,0.79,1
Bewick's Wren,Thryomanes bewickii,2026-05-02T01:47:08Z,01-May-2026,18:47:08,0.31,1
Bewick's Wren,Thryomanes bewickii,2026-05-02T01:46:48Z,01-May-2026,18:46:48,0.75,1
Bewick's Wren,Thryomanes bewickii,2026-05-02T01:46:38Z,01-May-2026,18:46:38,0.28,1
Bewick's Wren,Thryomanes bewickii,2026-05-02T01:46:31Z,01-May-2026,18:46:31,0.45,1
Bewick's Wren,Thryomanes bewickii,2026-05-02T01:46:25Z,01-May-2026,18:46:25,0.65,1
Bewick's Wren,Thryomanes bewickii,2026-05-02T01:46:14Z,01-May-2026,18:46:14,0.57,1
Bewick's Wren,Thryomanes bewickii,2026-05-02T01:46:07Z,01-May-2026,18:46:07,0.84,1
Bewick's Wren,Thryomanes bewickii,2026-05-02T01:45:56Z,01-May-2026,18:45:56,0.81,1
Bewick's Wren,Thryomanes bewickii,2026-05-02T01:45:48Z,01-May-2026,18:45:48,0.76,1
Bewick's Wren,Thryomanes bewickii,2026-05-02T01:45:38Z,01-May-2026,18:45:38,0.57,1
Bewick's Wren,Thryomanes bewickii,2026-05-02T01:45:27Z,01-May-2026,18:45:27,0.53,1
Bewick's Wren,Thryomanes bewickii,2026-05-02T01:45:18Z,01-May-2026,18:45:18,0.48,1
Bewick's Wren,Thryomanes bewickii,2026-05-02T01:45:10Z,01-May-2026,18:45:10,0.81,1
Bewick's Wren,Thryomanes bewickii,2026-05-02T01:45:00Z,01-May-2026,18:45:00,0.56,1
Bewick's Wren,Thryomanes bewickii,2026-05-02T01:44:51Z,01-May-2026,18:44:51,0.58,1
Bewick's Wren,Thryomanes bewickii,2026-05-02T01:44:43Z,01-May-2026,18:44:43,0.29,1
Bewick's Wren,Thryomanes bewickii,2026-05-02T01:43:50Z,01-May-2026,18:43:50,0.69,1
Bewick's Wren,Thryomanes bewickii,2026-05-02T01:43:33Z,01-May-2026,18:43:33,0.64,1
American Robin,Turdus migratorius,2026-05-02T01:43:18Z,01-May-2026,18:43:18,0.8863,1
Bewick's Wren,Thryomanes bewickii,2026-05-02T01:43:08Z,01-May-2026,18:43:08,0.65,1
Bewick's Wren,Thryomanes bewickii,2026-05-02T01:39:05Z,01-May-2026,18:39:05,0.43,1
Bewick's Wren,Thryomanes bewickii,2026-05-02T01:38:43Z,01-May-2026,18:38:43,0.5,1
Bewick's Wren,Thryomanes bewickii,2026-05-02T01:38:32Z,01-May-2026,18:38:32,0.31,1
Bewick's Wren,Thryomanes bewickii,2026-05-02T01:37:43Z,01-May-2026,18:37:43,0.43,1
House Finch,Haemorhous mexicanus,2026-05-02T01:37:39Z,01-May-2026,18:37:39,0.8314,1
Bewick's Wren,Thryomanes bewickii,2026-05-02T01:37:32Z,01-May-2026,18:37:32,0.52,1
Bewick's Wren,Thryomanes bewickii,2026-05-02T01:37:23Z,01-May-2026,18:37:23,0.36,1
Bewick's Wren,Thryomanes bewickii,2026-05-02T01:37:16Z,01-May-2026,18:37:16,0.79,1
Bewick's Wren,Thryomanes bewickii,2026-05-02T01:37:06Z,01-May-2026,18:37:06,0.48,1
Bewick's Wren,Thryomanes bewickii,2026-05-02T01:36:58Z,01-May-2026,18:36:58,0.55,1
Bewick's Wren,Thryomanes bewickii,2026-05-02T01:35:56Z,01-May-2026,18:35:56,0.27,1
American Robin,Turdus migratorius,2026-05-02T01:34:43Z,01-May-2026,18:34:43,0.31,1
American Robin,Turdus migratorius,2026-05-02T01:34:36Z,01-May-2026,18:34:36,0.45,1
American Robin,Turdus migratorius,2026-05-02T01:34:10Z,01-May-2026,18:34:10,0.8157,5
Bewick's Wren,Thryomanes bewickii,2026-05-02T01:32:49Z,01-May-2026,18:32:49,0.4,1
Bewick's Wren,Thryomanes bewickii,2026-05-02T01:32:42Z,01-May-2026,18:32:42,0.31,1
Bewick's Wren,Thryomanes bewickii,2026-05-02T01:32:36Z,01-May-2026,18:32:36,0.34,1
American Robin,Turdus migratorius,2026-05-02T01:32:28Z,01-May-2026,18:32:28,0.28,1
American Robin,Turdus migratorius,2026-05-02T01:31:21Z,01-May-2026,18:31:21,0.8471,1
Bewick's Wren,Thryomanes bewickii,2026-05-02T01:30:27Z,01-May-2026,18:30:27,0.27,1
American Robin,Turdus migratorius,2026-05-02T01:29:52Z,01-May-2026,18:29:52,0.898,4
American Robin,Turdus migratorius,2026-05-02T01:29:45Z,01-May-2026,18:29:45,0.33,1
American Robin,Turdus migratorius,2026-05-02T01:29:13Z,01-May-2026,18:29:13,0.31,1
American Robin,Turdus migratorius,2026-05-02T01:28:29Z,01-May-2026,18:28:29,0.8157,5
American Robin,Turdus migratorius,2026-05-02T01:27:34Z,01-May-2026,18:27:34,0.33,1
American Robin,Turdus migratorius,2026-05-02T01:26:53Z,01-May-2026,18:26:53,0.9098,1
American Robin,Turdus migratorius,2026-05-02T01:25:12Z,01-May-2026,18:25:12,0.36,1
American Robin,Turdus migratorius,2026-05-02T01:25:04Z,01-May-2026,18:25:04,0.3,1
American Robin,Turdus migratorius,2026-05-02T01:24:46Z,01-May-2026,18:24:46,0.8471,6
American Robin,Turdus migratorius,2026-05-02T01:24:29Z,01-May-2026,18:24:29,0.27,1
American Robin,Turdus migratorius,2026-05-02T01:24:17Z,01-May-2026,18:24:17,0.38,1
American Robin,Turdus migratorius,2026-05-02T01:23:44Z,01-May-2026,18:23:44,0.38,1
American Robin,Turdus migratorius,2026-05-02T01:23:40Z,01-May-2026,18:23:40,0.7804,1
American Robin,Turdus migratorius,2026-05-02T01:23:19Z,01-May-2026,18:23:19,0.4,1
Black-capped Chickadee,Poecile atricapillus,2026-05-02T01:22:32Z,01-May-2026,18:22:32,0.7804,1
Steller's Jay,Cyanocitta stelleri,2026-05-02T01:20:11Z,01-May-2026,18:20:11,0.54,1
Steller's Jay,Cyanocitta stelleri,2026-05-02T01:20:06Z,01-May-2026,18:20:06,0.8157,1
Bewick's Wren,Thryomanes bewickii,2026-05-02T01:10:54Z,01-May-2026,18:10:54,0.55,1
Bewick's Wren,Thryomanes bewickii,2026-05-02T01:10:38Z,01-May-2026,18:10:38,0.94,1
Bewick's Wren,Thryomanes bewickii,2026-05-02T01:09:46Z,01-May-2026,18:09:46,0.31,1
Chestnut-backed Chickadee,Poecile rufescens,2026-05-02T01:09:31Z,01-May-2026,18:09:31,0.9255,1
Chestnut-backed Chickadee,Poecile rufescens,2026-05-02T01:09:23Z,01-May-2026,18:09:23,0.34,1
Northern Flicker,Colaptes auratus,2026-05-02T01:07:23Z,01-May-2026,18:07:23,0.37,1
Bewick's Wren,Thryomanes bewickii,2026-05-02T01:03:23Z,01-May-2026,18:03:23,0.42,1
Bewick's Wren,Thryomanes bewickii,2026-05-02T01:02:39Z,01-May-2026,18:02:39,0.44,1
Bewick's Wren,Thryomanes bewickii,2026-05-02T01:02:05Z,01-May-2026,18:02:05,0.38,1
Chestnut-backed Chickadee,Poecile rufescens,2026-05-02T01:01:29Z,01-May-2026,18:01:29,0.8863,1
Steller's Jay,Cyanocitta stelleri,2026-05-02T01:01:25Z,01-May-2026,18:01:25,0.8471,1
Steller's Jay,Cyanocitta stelleri,2026-05-02T01:01:21Z,01-May-2026,18:01:21,0.43,1
Chestnut-backed Chickadee,Poecile rufescens,2026-05-02T00:58:55Z,01-May-2026,17:58:55,0.33,1
Chestnut-backed Chickadee,Poecile rufescens,2026-05-02T00:58:34Z,01-May-2026,17:58:34,0.9176,3
Chestnut-backed Chickadee,Poecile rufescens,2026-05-02T00:56:42Z,01-May-2026,17:56:42,0.9255,1
Chestnut-backed Chickadee,Poecile rufescens,2026-05-02T00:55:19Z,01-May-2026,17:55:19,0.9529,10
Chestnut-backed Chickadee,Poecile rufescens,2026-05-02T00:54:59Z,01-May-2026,17:54:59,0.31,1
Chestnut-backed Chickadee,Poecile rufescens,2026-05-02T00:54:52Z,01-May-2026,17:54:52,0.8,1
Chestnut-backed Chickadee,Poecile rufescens,2026-05-02T00:54:13Z,01-May-2026,17:54:13,0.9569,6
Chestnut-backed Chickadee,Poecile rufescens,2026-05-02T00:53:12Z,01-May-2026,17:53:12,0.8745,1
Chestnut-backed Chickadee,Poecile rufescens,2026-05-02T00:53:08Z,01-May-2026,17:53:08,0.59,1
Bewick's Wren,Thryomanes bewickii,2026-05-02T00:51:29Z,01-May-2026,17:51:29,0.28,1
Dark-eyed Junco,Junco hyemalis,2026-05-02T00:48:37Z,01-May-2026,17:48:37,0.34,1
Dark-eyed Junco,Junco hyemalis,2026-05-02T00:47:56Z,01-May-2026,17:47:56,0.36,1
Orange-crowned Warbler,Leiothlypis celata,2026-05-02T00:46:29Z,01-May-2026,17:46:29,0.32,1
Dark-eyed Junco,Junco hyemalis,2026-05-02T00:45:08Z,01-May-2026,17:45:08,0.26,1
Black-capped Chickadee,Poecile atricapillus,2026-05-02T00:39:15Z,01-May-2026,17:39:15,0.29,1
Chestnut-backed Chickadee,Poecile rufescens,2026-05-02T00:38:41Z,01-May-2026,17:38:41,0.59,1
Chestnut-backed Chickadee,Poecile rufescens,2026-05-02T00:36:20Z,01-May-2026,17:36:20,0.5,1
Chestnut-backed Chickadee,Poecile rufescens,2026-05-02T00:35:32Z,01-May-2026,17:35:32,0.898,4
Chestnut-backed Chickadee,Poecile rufescens,2026-05-02T00:34:30Z,01-May-2026,17:34:30,0.7804,1
Bewick's Wren,Thryomanes bewickii,2026-05-02T00:21:38Z,01-May-2026,17:21:38,0.32,1
Bewick's Wren,Thryomanes bewickii,2026-05-02T00:21:25Z,01-May-2026,17:21:25,0.53,1
Bewick's Wren,Thryomanes bewickii,2026-05-02T00:21:18Z,01-May-2026,17:21:18,0.62,1
Bewick's Wren,Thryomanes bewickii,2026-05-02T00:21:08Z,01-May-2026,17:21:08,0.46,1
Bewick's Wren,Thryomanes bewickii,2026-05-02T00:20:26Z,01-May-2026,17:20:26,0.46,1
Bewick's Wren,Thryomanes bewickii,2026-05-02T00:20:16Z,01-May-2026,17:20:16,0.79,1
Bewick's Wren,Thryomanes bewickii,2026-05-02T00:20:03Z,01-May-2026,17:20:03,0.66,1
Bewick's Wren,Thryomanes bewickii,2026-05-02T00:19:36Z,01-May-2026,17:19:36,0.75,1
Bewick's Wren,Thryomanes bewickii,2026-05-02T00:19:29Z,01-May-2026,17:19:29,0.57,1
Bewick's Wren,Thryomanes bewickii,2026-05-02T00:19:00Z,01-May-2026,17:19:00,0.66,1
Bewick's Wren,Thryomanes bewickii,2026-05-02T00:18:53Z,01-May-2026,17:18:53,0.64,1
Bewick's Wren,Thryomanes bewickii,2026-05-02T00:18:43Z,01-May-2026,17:18:43,0.76,1
Bewick's Wren,Thryomanes bewickii,2026-05-02T00:18:26Z,01-May-2026,17:18:26,0.61,1
Bewick's Wren,Thryomanes bewickii,2026-05-02T00:18:19Z,01-May-2026,17:18:19,0.89,1
Bewick's Wren,Thryomanes bewickii,2026-05-02T00:18:13Z,01-May-2026,17:18:13,0.51,1
Bewick's Wren,Thryomanes bewickii,2026-05-02T00:18:06Z,01-May-2026,17:18:06,0.87,1
Bewick's Wren,Thryomanes bewickii,2026-05-02T00:17:59Z,01-May-2026,17:17:59,0.4,1
Bewick's Wren,Thryomanes bewickii,2026-05-02T00:17:49Z,01-May-2026,17:17:49,0.53,1
Bewick's Wren,Thryomanes bewickii,2026-05-02T00:17:21Z,01-May-2026,17:17:21,0.27,1
Bewick's Wren,Thryomanes bewickii,2026-05-02T00:17:02Z,01-May-2026,17:17:02,0.47,1
American Crow,Corvus brachyrhynchos,2026-05-02T00:15:03Z,01-May-2026,17:15:03,0.8314,1
House Finch,Haemorhous mexicanus,2026-05-02T00:14:59Z,01-May-2026,17:14:59,0.8627,1
Bewick's Wren,Thryomanes bewickii,2026-05-02T00:03:22Z,01-May-2026,17:03:22,0.36,1
Bewick's Wren,Thryomanes bewickii,2026-05-02T00:03:04Z,01-May-2026,17:03:04,0.3,1
Bewick's Wren,Thryomanes bewickii,2026-05-02T00:02:57Z,01-May-2026,17:02:57,0.54,1
Bewick's Wren,Thryomanes bewickii,2026-05-02T00:01:08Z,01-May-2026,17:01:08,0.88,1
